year,state_fips,county_fips,county_name,yield_bu_acre,crop,state_alpha,price_per_bu,ers_basis_cost_per_acre,cost_escalation_ratio,cost_per_acre,revenue_per_acre,profit_per_acre,cost_basis_year,ers_basis_price_per_bu,price_vs_ers_basis_pct,ers_baseline_net_value
2026,19,001,Adair,203.91336589643421,corn,IA,4.26,947.29,1.097906819716408,1040.036151249156,868.6709387188097,-171.3652125303464,2025,3.92,8.673469387755098,-108.05
2026,19,001,Adair,62.08829171980208,soybeans,IA,11.6,697.51,1.097906819716408,765.8009858203917,720.2241839497041,-45.57680187068763,2025,9.8,18.367346938775498,-110.15
2026,19,003,Adams,197.50522671750292,corn,IA,4.26,947.29,1.097906819716408,1040.036151249156,841.3722658165624,-198.6638854325937,2025,3.92,8.673469387755098,-108.05
2026,19,003,Adams,60.40011392889763,soybeans,IA,11.6,697.51,1.097906819716408,765.8009858203917,700.6413215752125,-65.15966424517921,2025,9.8,18.367346938775498,-110.15
2026,19,005,Allamakee,205.1271209589916,corn,IA,4.26,947.29,1.097906819716408,1040.036151249156,873.8415352853042,-166.1946159638519,2025,3.92,8.673469387755098,-108.05
2026,19,005,Allamakee,60.15198454170762,soybeans,IA,11.6,697.51,1.097906819716408,765.8009858203917,697.7630206838083,-68.03796513658335,2025,9.8,18.367346938775498,-110.15
2026,19,007,Appanoose,194.38924877022603,corn,IA,4.26,947.29,1.097906819716408,1040.036151249156,828.0981997611628,-211.93795148799325,2025,3.92,8.673469387755098,-108.05
2026,19,007,Appanoose,58.62420222497912,soybeans,IA,11.6,697.51,1.097906819716408,765.8009858203917,680.0407458097578,-85.76024001063388,2025,9.8,18.367346938775498,-110.15
2026,19,009,Audubon,208.26606322307316,corn,IA,4.26,947.29,1.097906819716408,1040.036151249156,887.2134293302917,-152.82272191886443,2025,3.92,8.673469387755098,-108.05
2026,19,009,Audubon,61.96614299969633,soybeans,IA,11.6,697.51,1.097906819716408,765.8009858203917,718.8072587964774,-46.99372702391429,2025,9.8,18.367346938775498,-110.15
2026,19,011,Benton,204.78655869569658,corn,IA,4.26,947.29,1.097906819716408,1040.036151249156,872.3907400436674,-167.6454112054887,2025,3.92,8.673469387755098,-108.05
2026,19,011,Benton,66.98837998264831,soybeans,IA,11.6,697.51,1.097906819716408,765.8009858203917,777.0652077987204,11.264221978328692,2025,9.8,18.367346938775498,-110.15
2026,19,013,Black Hawk,210.361446223804,corn,IA,4.26,947.29,1.097906819716408,1040.036151249156,896.139760913405,-143.8963903357511,2025,3.92,8.673469387755098,-108.05
2026,19,013,Black Hawk,62.66806075642546,soybeans,IA,11.6,697.51,1.097906819716408,765.8009858203917,726.9495047745353,-38.85148104585642,2025,9.8,18.367346938775498,-110.15
2026,19,015,Boone,209.64297660907334,corn,IA,4.26,947.29,1.097906819716408,1040.036151249156,893.0790803546524,-146.95707089450366,2025,3.92,8.673469387755098,-108.05
2026,19,015,Boone,64.72822533772292,soybeans,IA,11.6,697.51,1.097906819716408,765.8009858203917,750.8474139175859,-14.953571902805834,2025,9.8,18.367346938775498,-110.15
2026,19,017,Bremer,212.53366611289346,corn,IA,4.26,947.29,1.097906819716408,1040.036151249156,905.393417640926,-134.64273360823006,2025,3.92,8.673469387755098,-108.05
2026,19,017,Bremer,64.68825430348429,soybeans,IA,11.6,697.51,1.097906819716408,765.8009858203917,750.3837499204177,-15.417235899974003,2025,9.8,18.367346938775498,-110.15
2026,19,019,Buchanan,204.19880197498534,corn,IA,4.26,947.29,1.097906819716408,1040.036151249156,869.8868964134375,-170.14925483571858,2025,3.92,8.673469387755098,-108.05
2026,19,019,Buchanan,61.56597057800139,soybeans,IA,11.6,697.51,1.097906819716408,765.8009858203917,714.1652587048161,-51.635727115575605,2025,9.8,18.367346938775498,-110.15
2026,19,021,Buena Vista,205.61859194525422,corn,IA,4.26,947.29,1.097906819716408,1040.036151249156,875.935201686783,-164.1009495623731,2025,3.92,8.673469387755098,-108.05
2026,19,021,Buena Vista,67.4722431875969,soybeans,IA,11.6,697.51,1.097906819716408,765.8009858203917,782.678020976124,16.8770351557323,2025,9.8,18.367346938775498,-110.15
2026,19,023,Butler,212.4258627565802,corn,IA,4.26,947.29,1.097906819716408,1040.036151249156,904.9341753430316,-135.1019759061245,2025,3.92,8.673469387755098,-108.05
2026,19,023,Butler,65.71560067397938,soybeans,IA,11.6,697.51,1.097906819716408,765.8009858203917,762.3009678181608,-3.500018002230945,2025,9.8,18.367346938775498,-110.15
2026,19,025,Calhoun,209.81216073750068,corn,IA,4.26,947.29,1.097906819716408,1040.036151249156,893.7998047417528,-146.23634650740325,2025,3.92,8.673469387755098,-108.05
2026,19,025,Calhoun,63.705996147797876,soybeans,IA,11.6,697.51,1.097906819716408,765.8009858203917,738.9895553144553,-26.811430505936414,2025,9.8,18.367346938775498,-110.15
2026,19,027,Carroll,210.89807338834078,corn,IA,4.26,947.29,1.097906819716408,1040.036151249156,898.4257926343316,-141.61035861482446,2025,3.92,8.673469387755098,-108.05
2026,19,027,Carroll,61.59899997220501,soybeans,IA,11.6,697.51,1.097906819716408,765.8009858203917,714.5483996775781,-51.252586142813584,2025,9.8,18.367346938775498,-110.15
2026,19,029,Cass,203.19643480846213,corn,IA,4.26,947.29,1.097906819716408,1040.036151249156,865.6168122840486,-174.4193389651075,2025,3.92,8.673469387755098,-108.05
2026,19,029,Cass,63.126446404217276,soybeans,IA,11.6,697.51,1.097906819716408,765.8009858203917,732.2667782889204,-33.53420753147134,2025,9.8,18.367346938775498,-110.15
2026,19,031,Cedar,207.96518827629848,corn,IA,4.26,947.29,1.097906819716408,1040.036151249156,885.9317020570314,-154.10444919212466,2025,3.92,8.673469387755098,-108.05
2026,19,031,Cedar,63.50976234615136,soybeans,IA,11.6,697.51,1.097906819716408,765.8009858203917,736.7132432153558,-29.087742605035942,2025,9.8,18.367346938775498,-110.15
2026,19,033,Cerro Gordo,212.38831406548712,corn,IA,4.26,947.29,1.097906819716408,1040.036151249156,904.7742179189751,-135.26193333018102,2025,3.92,8.673469387755098,-108.05
2026,19,033,Cerro Gordo,62.800260987389265,soybeans,IA,11.6,697.51,1.097906819716408,765.8009858203917,728.4830274537154,-37.317958366676294,2025,9.8,18.367346938775498,-110.15
2026,19,035,Cherokee,183.4453450406441,corn,IA,4.26,947.29,1.097906819716408,1040.036151249156,781.4771698731438,-258.5589813760123,2025,3.92,8.673469387755098,-108.05
2026,19,035,Cherokee,59.52912949616391,soybeans,IA,11.6,697.51,1.097906819716408,765.8009858203917,690.5379021555013,-75.26308366489036,2025,9.8,18.367346938775498,-110.15
2026,19,037,Chickasaw,212.26647858835636,corn,IA,4.26,947.29,1.097906819716408,1040.036151249156,904.2551987863981,-135.78095246275802,2025,3.92,8.673469387755098,-108.05
2026,19,037,Chickasaw,66.25794506718441,soybeans,IA,11.6,697.51,1.097906819716408,765.8009858203917,768.5921627793391,2.7911769589474034,2025,9.8,18.367346938775498,-110.15
2026,19,039,Clarke,193.44009744229703,corn,IA,4.26,947.29,1.097906819716408,1040.036151249156,824.0548151041853,-215.98133614497078,2025,3.92,8.673469387755098,-108.05
2026,19,039,Clarke,60.08597526726816,soybeans,IA,11.6,697.51,1.097906819716408,765.8009858203917,696.9973131003106,-68.80367272008107,2025,9.8,18.367346938775498,-110.15
2026,19,041,Clay,203.93102747464593,corn,IA,4.26,947.29,1.097906819716408,1040.036151249156,868.7461770419916,-171.2899742071645,2025,3.92,8.673469387755098,-108.05
2026,19,041,Clay,63.936776184201506,soybeans,IA,11.6,697.51,1.097906819716408,765.8009858203917,741.6666037367374,-24.13438208365426,2025,9.8,18.367346938775498,-110.15
2026,19,043,Clayton,202.89568387846026,corn,IA,4.26,947.29,1.097906819716408,1040.036151249156,864.3356133222406,-175.70053792691544,2025,3.92,8.673469387755098,-108.05
2026,19,043,Clayton,59.99188789180223,soybeans,IA,11.6,697.51,1.097906819716408,765.8009858203917,695.9058995449059,-69.89508627548582,2025,9.8,18.367346938775498,-110.15
2026,19,045,Clinton,203.30515940885957,corn,IA,4.26,947.29,1.097906819716408,1040.036151249156,866.0799790817417,-173.95617216741437,2025,3.92,8.673469387755098,-108.05
2026,19,045,Clinton,61.94083800557677,soybeans,IA,11.6,697.51,1.097906819716408,765.8009858203917,718.5137208646905,-47.287264955701175,2025,9.8,18.367346938775498,-110.15
2026,19,047,Crawford,210.48781119352947,corn,IA,4.26,947.29,1.097906819716408,1040.036151249156,896.6780756844355,-143.3580755647206,2025,3.92,8.673469387755098,-108.05
2026,19,047,Crawford,61.11545949198618,soybeans,IA,11.6,697.51,1.097906819716408,765.8009858203917,708.9393301070396,-56.86165571335209,2025,9.8,18.367346938775498,-110.15
2026,19,049,Dallas,206.69233481581898,corn,IA,4.26,947.29,1.097906819716408,1040.036151249156,880.5093463153888,-159.52680493376727,2025,3.92,8.673469387755098,-108.05
2026,19,049,Dallas,63.87630526058217,soybeans,IA,11.6,697.51,1.097906819716408,765.8009858203917,740.9651410227532,-24.835844797638515,2025,9.8,18.367346938775498,-110.15
2026,19,051,Davis,192.21262442585416,corn,IA,4.26,947.29,1.097906819716408,1040.036151249156,818.8257800541387,-221.2103711950174,2025,3.92,8.673469387755098,-108.05
2026,19,051,Davis,57.448828237000036,soybeans,IA,11.6,697.51,1.097906819716408,765.8009858203917,666.4064075492004,-99.39457827119134,2025,9.8,18.367346938775498,-110.15
2026,19,053,Decatur,193.36709366339377,corn,IA,4.26,947.29,1.097906819716408,1040.036151249156,823.7438190060575,-216.2923322430986,2025,3.92,8.673469387755098,-108.05
2026,19,053,Decatur,59.755034324358455,soybeans,IA,11.6,697.51,1.097906819716408,765.8009858203917,693.158398162558,-72.6425876578337,2025,9.8,18.367346938775498,-110.15
2026,19,055,Delaware,205.40142997258707,corn,IA,4.26,947.29,1.097906819716408,1040.036151249156,875.0100916832208,-165.02605956593527,2025,3.92,8.673469387755098,-108.05
2026,19,055,Delaware,63.59124442793913,soybeans,IA,11.6,697.51,1.097906819716408,765.8009858203917,737.6584353640939,-28.14255045629784,2025,9.8,18.367346938775498,-110.15
2026,19,057,Des Moines,203.46727364218643,corn,IA,4.26,947.29,1.097906819716408,1040.036151249156,866.7705857157141,-173.265565533442,2025,3.92,8.673469387755098,-108.05
2026,19,057,Des Moines,62.46312994264715,soybeans,IA,11.6,697.51,1.097906819716408,765.8009858203917,724.5723073347069,-41.22867848568478,2025,9.8,18.367346938775498,-110.15
2026,19,059,Dickinson,200.45618566528196,corn,IA,4.26,947.29,1.097906819716408,1040.036151249156,853.9433509341011,-186.092800315055,2025,3.92,8.673469387755098,-108.05
2026,19,059,Dickinson,68.20021779834212,soybeans,IA,11.6,697.51,1.097906819716408,765.8009858203917,791.1225264607687,25.321540640376952,2025,9.8,18.367346938775498,-110.15
2026,19,061,Dubuque,200.643232942656,corn,IA,4.26,947.29,1.097906819716408,1040.036151249156,854.7401723357145,-185.29597891344156,2025,3.92,8.673469387755098,-108.05
2026,19,061,Dubuque,59.24797140265581,soybeans,IA,11.6,697.51,1.097906819716408,765.8009858203917,687.2764682708073,-78.5245175495844,2025,9.8,18.367346938775498,-110.15
2026,19,063,Emmet,209.1222256754427,corn,IA,4.26,947.29,1.097906819716408,1040.036151249156,890.8606813773858,-149.17546987177025,2025,3.92,8.673469387755098,-108.05
2026,19,063,Emmet,69.55308793655108,soybeans,IA,11.6,697.51,1.097906819716408,765.8009858203917,806.8158200639925,41.01483424360083,2025,9.8,18.367346938775498,-110.15
2026,19,065,Fayette,208.93938869850192,corn,IA,4.26,947.29,1.097906819716408,1040.036151249156,890.0817958556181,-149.95435539353798,2025,3.92,8.673469387755098,-108.05
2026,19,065,Fayette,67.81907042462677,soybeans,IA,11.6,697.51,1.097906819716408,765.8009858203917,786.7012169256706,20.900231105278863,2025,9.8,18.367346938775498,-110.15
2026,19,067,Floyd,215.13359709923245,corn,IA,4.26,947.29,1.097906819716408,1040.036151249156,916.4691236427302,-123.56702760642588,2025,3.92,8.673469387755098,-108.05
2026,19,067,Floyd,63.733850004590806,soybeans,IA,11.6,697.51,1.097906819716408,765.8009858203917,739.3126600532534,-26.48832576713835,2025,9.8,18.367346938775498,-110.15
2026,19,069,Franklin,212.27209482342553,corn,IA,4.26,947.29,1.097906819716408,1040.036151249156,904.2791239477928,-135.75702730136334,2025,3.92,8.673469387755098,-108.05
2026,19,069,Franklin,63.717284857767126,soybeans,IA,11.6,697.51,1.097906819716408,765.8009858203917,739.1205043500986,-26.680481470293103,2025,9.8,18.367346938775498,-110.15
2026,19,071,Fremont,202.40789547018557,corn,IA,4.26,947.29,1.097906819716408,1040.036151249156,862.2576347029905,-177.77851654616563,2025,3.92,8.673469387755098,-108.05
2026,19,071,Fremont,61.600205333195795,soybeans,IA,11.6,697.51,1.097906819716408,765.8009858203917,714.5623818650712,-51.238603955320514,2025,9.8,18.367346938775498,-110.15
2026,19,073,Greene,203.8840457166259,corn,IA,4.26,947.29,1.097906819716408,1040.036151249156,868.5460347528264,-171.49011649632973,2025,3.92,8.673469387755098,-108.05
2026,19,073,Greene,61.83052015457518,soybeans,IA,11.6,697.51,1.097906819716408,765.8009858203917,717.2340337930721,-48.566952027319644,2025,9.8,18.367346938775498,-110.15
2026,19,075,Grundy,212.52342980025725,corn,IA,4.26,947.29,1.097906819716408,1040.036151249156,905.3498109490959,-134.68634030006024,2025,3.92,8.673469387755098,-108.05
2026,19,075,Grundy,66.03383352186482,soybeans,IA,11.6,697.51,1.097906819716408,765.8009858203917,765.9924688536319,0.1914830332401607,2025,9.8,18.367346938775498,-110.15
2026,19,077,Guthrie,205.93133163998263,corn,IA,4.26,947.29,1.097906819716408,1040.036151249156,877.2674727863259,-162.76867846283017,2025,3.92,8.673469387755098,-108.05
2026,19,077,Guthrie,62.41547178825434,soybeans,IA,11.6,697.51,1.097906819716408,765.8009858203917,724.0194727437503,-41.78151307664143,2025,9.8,18.367346938775498,-110.15
2026,19,079,Hamilton,211.2024241253324,corn,IA,4.26,947.29,1.097906819716408,1040.036151249156,899.722326773916,-140.31382447524004,2025,3.92,8.673469387755098,-108.05
2026,19,079,Hamilton,65.25591335690011,soybeans,IA,11.6,697.51,1.097906819716408,765.8009858203917,756.9685949400413,-8.832390880350431,2025,9.8,18.367346938775498,-110.15
2026,19,081,Hancock,211.63561724092995,corn,IA,4.26,947.29,1.097906819716408,1040.036151249156,901.5677294463616,-138.46842180279452,2025,3.92,8.673469387755098,-108.05
2026,19,081,Hancock,63.72767896039898,soybeans,IA,11.6,697.51,1.097906819716408,765.8009858203917,739.2410759406282,-26.559909879763495,2025,9.8,18.367346938775498,-110.15
2026,19,083,Hardin,212.56372904801708,corn,IA,4.26,947.29,1.097906819716408,1040.036151249156,905.5214857445527,-134.51466550460339,2025,3.92,8.673469387755098,-108.05
2026,19,083,Hardin,66.45470724094658,soybeans,IA,11.6,697.51,1.097906819716408,765.8009858203917,770.8746039949802,5.073618174588546,2025,9.8,18.367346938775498,-110.15
2026,19,085,Harrison,200.13386134823887,corn,IA,4.26,947.29,1.097906819716408,1040.036151249156,852.5702493434975,-187.4659019056586,2025,3.92,8.673469387755098,-108.05
2026,19,085,Harrison,59.84987515314539,soybeans,IA,11.6,697.51,1.097906819716408,765.8009858203917,694.2585517764865,-71.54243404390525,2025,9.8,18.367346938775498,-110.15
2026,19,087,Henry,199.44171485434353,corn,IA,4.26,947.29,1.097906819716408,1040.036151249156,849.6217052795034,-190.41444596965266,2025,3.92,8.673469387755098,-108.05
2026,19,087,Henry,61.59667226014195,soybeans,IA,11.6,697.51,1.097906819716408,765.8009858203917,714.5213982176466,-51.279587602745096,2025,9.8,18.367346938775498,-110.15
2026,19,089,Howard,206.54410667347452,corn,IA,4.26,947.29,1.097906819716408,1040.036151249156,879.8778944290013,-160.15825682015475,2025,3.92,8.673469387755098,-108.05
2026,19,089,Howard,64.88848561420053,soybeans,IA,11.6,697.51,1.097906819716408,765.8009858203917,752.7064331247261,-13.094552695665584,2025,9.8,18.367346938775498,-110.15
2026,19,091,Humboldt,210.17237613184577,corn,IA,4.26,947.29,1.097906819716408,1040.036151249156,895.334322321663,-144.70182892749312,2025,3.92,8.673469387755098,-108.05
2026,19,091,Humboldt,65.3328053657484,soybeans,IA,11.6,697.51,1.097906819716408,765.8009858203917,757.8605422426814,-7.940443577710312,2025,9.8,18.367346938775498,-110.15
2026,19,093,Ida,202.1778619019678,corn,IA,4.26,947.29,1.097906819716408,1040.036151249156,861.2776917023828,-178.75845954677334,2025,3.92,8.673469387755098,-108.05
2026,19,093,Ida,59.90504774435855,soybeans,IA,11.6,697.51,1.097906819716408,765.8009858203917,694.8985538345592,-70.90243198583255,2025,9.8,18.367346938775498,-110.15
2026,19,095,Iowa,205.64472382286678,corn,IA,4.26,947.29,1.097906819716408,1040.036151249156,876.0465234854124,-163.98962776374367,2025,3.92,8.673469387755098,-108.05
2026,19,095,Iowa,66.30010833699332,soybeans,IA,11.6,697.51,1.097906819716408,765.8009858203917,769.0812567091225,3.280270888730797,2025,9.8,18.367346938775498,-110.15
2026,19,097,Jackson,210.9025888721361,corn,IA,4.26,947.29,1.097906819716408,1040.036151249156,898.4450285952997,-141.59112265385636,2025,3.92,8.673469387755098,-108.05
2026,19,097,Jackson,61.82850799489111,soybeans,IA,11.6,697.51,1.097906819716408,765.8009858203917,717.2106927407369,-48.59029307965477,2025,9.8,18.367346938775498,-110.15
2026,19,099,Jasper,205.96618114819773,corn,IA,4.26,947.29,1.097906819716408,1040.036151249156,877.4159316913223,-162.62021955783382,2025,3.92,8.673469387755098,-108.05
2026,19,099,Jasper,64.42114028679185,soybeans,IA,11.6,697.51,1.097906819716408,765.8009858203917,747.2852273267855,-18.5157584936062,2025,9.8,18.367346938775498,-110.15
2026,19,101,Jefferson,195.70022354389945,corn,IA,4.26,947.29,1.097906819716408,1040.036151249156,833.6829522970116,-206.35319895214445,2025,3.92,8.673469387755098,-108.05
2026,19,101,Jefferson,59.294365673935204,soybeans,IA,11.6,697.51,1.097906819716408,765.8009858203917,687.8146418176483,-77.98634400274341,2025,9.8,18.367346938775498,-110.15
2026,19,103,Johnson,202.71691313592575,corn,IA,4.26,947.29,1.097906819716408,1040.036151249156,863.5740499590437,-176.4621012901124,2025,3.92,8.673469387755098,-108.05
2026,19,103,Johnson,62.97382666784741,soybeans,IA,11.6,697.51,1.097906819716408,765.8009858203917,730.49638934703,-35.3045964733617,2025,9.8,18.367346938775498,-110.15
2026,19,105,Jones,209.53880701336675,corn,IA,4.26,947.29,1.097906819716408,1040.036151249156,892.6353178769423,-147.4008333722138,2025,3.92,8.673469387755098,-108.05
2026,19,105,Jones,65.03275299004676,soybeans,IA,11.6,697.51,1.097906819716408,765.8009858203917,754.3799346845424,-11.421051135849325,2025,9.8,18.367346938775498,-110.15
2026,19,107,Keokuk,201.41349558569252,corn,IA,4.26,947.29,1.097906819716408,1040.036151249156,858.0214911950501,-182.014660054106,2025,3.92,8.673469387755098,-108.05
2026,19,107,Keokuk,59.77536446599198,soybeans,IA,11.6,697.51,1.097906819716408,765.8009858203917,693.394227805507,-72.40675801488476,2025,9.8,18.367346938775498,-110.15
2026,19,109,Kossuth,209.79596018203875,corn,IA,4.26,947.29,1.097906819716408,1040.036151249156,893.7307903754851,-146.30536087367102,2025,3.92,8.673469387755098,-108.05
2026,19,109,Kossuth,66.10322756063638,soybeans,IA,11.6,697.51,1.097906819716408,765.8009858203917,766.797439703382,0.9964538829902949,2025,9.8,18.367346938775498,-110.15
2026,19,111,Lee,198.526378475566,corn,IA,4.26,947.29,1.097906819716408,1040.036151249156,845.7223723059111,-194.31377894324498,2025,3.92,8.673469387755098,-108.05
2026,19,111,Lee,58.598361626713384,soybeans,IA,11.6,697.51,1.097906819716408,765.8009858203917,679.7409948698752,-86.05999095051652,2025,9.8,18.367346938775498,-110.15
2026,19,113,Linn,203.25975804609712,corn,IA,4.26,947.29,1.097906819716408,1040.036151249156,865.8865692763737,-174.14958197278236,2025,3.92,8.673469387755098,-108.05
2026,19,113,Linn,61.87142477046219,soybeans,IA,11.6,697.51,1.097906819716408,765.8009858203917,717.7085273373614,-48.09245848303033,2025,9.8,18.367346938775498,-110.15
2026,19,115,Louisa,204.80997790680135,corn,IA,4.26,947.29,1.097906819716408,1040.036151249156,872.4905058829737,-167.54564536618238,2025,3.92,8.673469387755098,-108.05
2026,19,115,Louisa,61.942323442159974,soybeans,IA,11.6,697.51,1.097906819716408,765.8009858203917,718.5309519290557,-47.27003389133597,2025,9.8,18.367346938775498,-110.15
2026,19,117,Lucas,196.9030965655908,corn,IA,4.26,947.29,1.097906819716408,1040.036151249156,838.8071913694167,-201.22895987973936,2025,3.92,8.673469387755098,-108.05
2026,19,117,Lucas,59.56169240893362,soybeans,IA,11.6,697.51,1.097906819716408,765.8009858203917,690.9156319436299,-74.88535387676177,2025,9.8,18.367346938775498,-110.15
2026,19,119,Lyon,194.4383986797183,corn,IA,4.26,947.29,1.097906819716408,1040.036151249156,828.3075783755999,-211.72857287355623,2025,3.92,8.673469387755098,-108.05
2026,19,119,Lyon,63.12760763336478,soybeans,IA,11.6,697.51,1.097906819716408,765.8009858203917,732.2802485470314,-33.52073727336028,2025,9.8,18.367346938775498,-110.15
2026,19,121,Madison,204.32025540813768,corn,IA,4.26,947.29,1.097906819716408,1040.036151249156,870.4042880386664,-169.63186321048966,2025,3.92,8.673469387755098,-108.05
2026,19,121,Madison,61.61949578817793,soybeans,IA,11.6,697.51,1.097906819716408,765.8009858203917,714.7861511428639,-51.0148346775278,2025,9.8,18.367346938775498,-110.15
2026,19,123,Mahaska,205.6128656281428,corn,IA,4.26,947.29,1.097906819716408,1040.036151249156,875.9108075758883,-164.12534367326782,2025,3.92,8.673469387755098,-108.05
2026,19,123,Mahaska,60.720769737073475,soybeans,IA,11.6,697.51,1.097906819716408,765.8009858203917,704.3609289500523,-61.44005687033939,2025,9.8,18.367346938775498,-110.15
2026,19,125,Marion,201.00811765183158,corn,IA,4.26,947.29,1.097906819716408,1040.036151249156,856.2945811968025,-183.7415700523536,2025,3.92,8.673469387755098,-108.05
2026,19,125,Marion,61.790063927042006,soybeans,IA,11.6,697.51,1.097906819716408,765.8009858203917,716.7647415536873,-49.03624426670444,2025,9.8,18.367346938775498,-110.15
2026,19,127,Marshall,212.7771294379669,corn,IA,4.26,947.29,1.097906819716408,1040.036151249156,906.4305714057389,-133.60557984341722,2025,3.92,8.673469387755098,-108.05
2026,19,127,Marshall,66.98786749779282,soybeans,IA,11.6,697.51,1.097906819716408,765.8009858203917,777.0592629743967,11.258277154004986,2025,9.8,18.367346938775498,-110.15
2026,19,129,Mills,199.05374134285867,corn,IA,4.26,947.29,1.097906819716408,1040.036151249156,847.968938120578,-192.06721312857815,2025,3.92,8.673469387755098,-108.05
2026,19,129,Mills,60.36719879841333,soybeans,IA,11.6,697.51,1.097906819716408,765.8009858203917,700.2595060615946,-65.5414797587971,2025,9.8,18.367346938775498,-110.15
2026,19,131,Mitchell,215.86593406197966,corn,IA,4.26,947.29,1.097906819716408,1040.036151249156,919.5888791040333,-120.44727214512284,2025,3.92,8.673469387755098,-108.05
2026,19,131,Mitchell,64.70803630839438,soybeans,IA,11.6,697.51,1.097906819716408,765.8009858203917,750.6132211773748,-15.187764643016862,2025,9.8,18.367346938775498,-110.15
2026,19,133,Monona,205.7541166731633,corn,IA,4.26,947.29,1.097906819716408,1040.036151249156,876.5125370276756,-163.52361422148044,2025,3.92,8.673469387755098,-108.05
2026,19,133,Monona,62.554022579849175,soybeans,IA,11.6,697.51,1.097906819716408,765.8009858203917,725.6266619262504,-40.17432389414125,2025,9.8,18.367346938775498,-110.15
2026,19,135,Monroe,197.389753073735,corn,IA,4.26,947.29,1.097906819716408,1040.036151249156,840.880348094111,-199.15580315504508,2025,3.92,8.673469387755098,-108.05
2026,19,135,Monroe,59.675909798949036,soybeans,IA,11.6,697.51,1.097906819716408,765.8009858203917,692.2405536678087,-73.56043215258296,2025,9.8,18.367346938775498,-110.15
2026,19,137,Montgomery,200.77683925068223,corn,IA,4.26,947.29,1.097906819716408,1040.036151249156,855.3093352079062,-184.7268160412499,2025,3.92,8.673469387755098,-108.05
2026,19,137,Montgomery,61.900265940714654,soybeans,IA,11.6,697.51,1.097906819716408,765.8009858203917,718.0430849122899,-47.75790090810176,2025,9.8,18.367346938775498,-110.15
2026,19,139,Muscatine,201.78105959907174,corn,IA,4.26,947.29,1.097906819716408,1040.036151249156,859.5873138920456,-180.4488373571105,2025,3.92,8.673469387755098,-108.05
2026,19,139,Muscatine,63.944183830419504,soybeans,IA,11.6,697.51,1.097906819716408,765.8009858203917,741.7525324328662,-24.048453387525456,2025,9.8,18.367346938775498,-110.15
2026,19,141,O'Brien,193.8975579667406,corn,IA,4.26,947.29,1.097906819716408,1040.036151249156,826.0035969383149,-214.0325543108412,2025,3.92,8.673469387755098,-108.05
2026,19,141,O'Brien,65.79178560081698,soybeans,IA,11.6,697.51,1.097906819716408,765.8009858203917,763.1847129694769,-2.616272850914811,2025,9.8,18.367346938775498,-110.15
2026,19,143,Osceola,191.53376626885208,corn,IA,4.26,947.29,1.097906819716408,1040.036151249156,815.9338443053098,-224.10230694384632,2025,3.92,8.673469387755098,-108.05
2026,19,143,Osceola,69.96003520032382,soybeans,IA,11.6,697.51,1.097906819716408,765.8009858203917,811.5364083237563,45.73542250336459,2025,9.8,18.367346938775498,-110.15
2026,19,145,Page,201.74014736407236,corn,IA,4.26,947.29,1.097906819716408,1040.036151249156,859.4130277709482,-180.62312347820784,2025,3.92,8.673469387755098,-108.05
2026,19,145,Page,61.572095425607415,soybeans,IA,11.6,697.51,1.097906819716408,765.8009858203917,714.236306937046,-51.564678883345664,2025,9.8,18.367346938775498,-110.15
2026,19,147,Palo Alto,208.0328862716153,corn,IA,4.26,947.29,1.097906819716408,1040.036151249156,886.2200955170812,-153.81605573207491,2025,3.92,8.673469387755098,-108.05
2026,19,147,Palo Alto,64.13507684172409,soybeans,IA,11.6,697.51,1.097906819716408,765.8009858203917,743.9668913639994,-21.834094456392336,2025,9.8,18.367346938775498,-110.15
2026,19,149,Plymouth,182.60888812537067,corn,IA,4.26,947.29,1.097906819716408,1040.036151249156,777.9138634140791,-262.12228783507703,2025,3.92,8.673469387755098,-108.05
2026,19,149,Plymouth,59.89026731618841,soybeans,IA,11.6,697.51,1.097906819716408,765.8009858203917,694.7271008677855,-71.07388495260625,2025,9.8,18.367346938775498,-110.15
2026,19,151,Pocahontas,208.69008329043166,corn,IA,4.26,947.29,1.097906819716408,1040.036151249156,889.0197548172388,-151.01639643191731,2025,3.92,8.673469387755098,-108.05
2026,19,151,Pocahontas,64.31741563621621,soybeans,IA,11.6,697.51,1.097906819716408,765.8009858203917,746.082021380108,-19.718964440283685,2025,9.8,18.367346938775498,-110.15
2026,19,153,Polk,201.35550378422832,corn,IA,4.26,947.29,1.097906819716408,1040.036151249156,857.7744461208126,-182.26170512834346,2025,3.92,8.673469387755098,-108.05
2026,19,153,Polk,61.438584344988385,soybeans,IA,11.6,697.51,1.097906819716408,765.8009858203917,712.6875784018653,-53.113407418526435,2025,9.8,18.367346938775498,-110.15
2026,19,155,Pottawattamie,201.88758092496886,corn,IA,4.26,947.29,1.097906819716408,1040.036151249156,860.0410947403673,-179.99505650878882,2025,3.92,8.673469387755098,-108.05
2026,19,155,Pottawattamie,60.54094861354461,soybeans,IA,11.6,697.51,1.097906819716408,765.8009858203917,702.2750039171174,-63.52598190327433,2025,9.8,18.367346938775498,-110.15
2026,19,157,Poweshiek,206.7938533956058,corn,IA,4.26,947.29,1.097906819716408,1040.036151249156,880.9418154652807,-159.0943357838754,2025,3.92,8.673469387755098,-108.05
2026,19,157,Poweshiek,64.78249871872343,soybeans,IA,11.6,697.51,1.097906819716408,765.8009858203917,751.4769851371918,-14.32400068319987,2025,9.8,18.367346938775498,-110.15
2026,19,159,Ringgold,196.30739754447444,corn,IA,4.26,947.29,1.097906819716408,1040.036151249156,836.2695135394611,-203.76663770969503,2025,3.92,8.673469387755098,-108.05
2026,19,159,Ringgold,60.21210826917583,soybeans,IA,11.6,697.51,1.097906819716408,765.8009858203917,698.4604559224396,-67.34052989795214,2025,9.8,18.367346938775498,-110.15
2026,19,161,Sac,208.55612739668985,corn,IA,4.26,947.29,1.097906819716408,1040.036151249156,888.4491027098987,-151.58704853925735,2025,3.92,8.673469387755098,-108.05
2026,19,161,Sac,61.792469822603714,soybeans,IA,11.6,697.51,1.097906819716408,765.8009858203917,716.7926499422031,-49.00833587818863,2025,9.8,18.367346938775498,-110.15
2026,19,163,Scott,210.46394551204935,corn,IA,4.26,947.29,1.097906819716408,1040.036151249156,896.5764078813302,-143.45974336782592,2025,3.92,8.673469387755098,-108.05
2026,19,163,Scott,62.73057823501936,soybeans,IA,11.6,697.51,1.097906819716408,765.8009858203917,727.6747075262246,-38.12627829416715,2025,9.8,18.367346938775498,-110.15
2026,19,165,Shelby,205.59918616269127,corn,IA,4.26,947.29,1.097906819716408,1040.036151249156,875.8525330530648,-164.1836181960913,2025,3.92,8.673469387755098,-108.05
2026,19,165,Shelby,63.657536280033916,soybeans,IA,11.6,697.51,1.097906819716408,765.8009858203917,738.4274208483934,-27.37356497199835,2025,9.8,18.367346938775498,-110.15
2026,19,167,Sioux,195.9514561345547,corn,IA,4.26,947.29,1.097906819716408,1040.036151249156,834.753203133203,-205.2829481159531,2025,3.92,8.673469387755098,-108.05
2026,19,167,Sioux,62.047488001545815,soybeans,IA,11.6,697.51,1.097906819716408,765.8009858203917,719.7508608179314,-46.05012500246028,2025,9.8,18.367346938775498,-110.15
2026,19,169,Story,208.6515196881752,corn,IA,4.26,947.29,1.097906819716408,1040.036151249156,888.8554738716263,-151.18067737752983,2025,3.92,8.673469387755098,-108.05
2026,19,169,Story,63.64566934636329,soybeans,IA,11.6,697.51,1.097906819716408,765.8009858203917,738.2897644178141,-27.511221402577576,2025,9.8,18.367346938775498,-110.15
2026,19,171,Tama,208.1405921663646,corn,IA,4.26,947.29,1.097906819716408,1040.036151249156,886.6789226287132,-153.35722862044292,2025,3.92,8.673469387755098,-108.05
2026,19,171,Tama,67.84739586875003,soybeans,IA,11.6,697.51,1.097906819716408,765.8009858203917,787.0297920775002,21.228806257108545,2025,9.8,18.367346938775498,-110.15
2026,19,173,Taylor,196.97638046043582,corn,IA,4.26,947.29,1.097906819716408,1040.036151249156,839.1193807614566,-200.91677048769952,2025,3.92,8.673469387755098,-108.05
2026,19,173,Taylor,60.94391157518299,soybeans,IA,11.6,697.51,1.097906819716408,765.8009858203917,706.9493742721227,-58.851611548269034,2025,9.8,18.367346938775498,-110.15
2026,19,175,Union,196.95016312359857,corn,IA,4.26,947.29,1.097906819716408,1040.036151249156,839.0076949065299,-201.0284563426262,2025,3.92,8.673469387755098,-108.05
2026,19,175,Union,60.158083193176466,soybeans,IA,11.6,697.51,1.097906819716408,765.8009858203917,697.833765040847,-67.96722077954473,2025,9.8,18.367346938775498,-110.15
2026,19,177,Van Buren,193.04068114043648,corn,IA,4.26,947.29,1.097906819716408,1040.036151249156,822.3533016582594,-217.6828495908967,2025,3.92,8.673469387755098,-108.05
2026,19,177,Van Buren,59.02686571934874,soybeans,IA,11.6,697.51,1.097906819716408,765.8009858203917,684.7116423444454,-81.0893434759463,2025,9.8,18.367346938775498,-110.15
2026,19,179,Wapello,202.2902039553682,corn,IA,4.26,947.29,1.097906819716408,1040.036151249156,861.7562688498685,-178.27988239928754,2025,3.92,8.673469387755098,-108.05
2026,19,179,Wapello,60.4504349447926,soybeans,IA,11.6,697.51,1.097906819716408,765.8009858203917,701.2250453595941,-64.5759404607976,2025,9.8,18.367346938775498,-110.15
2026,19,181,Warren,203.00680589665706,corn,IA,4.26,947.29,1.097906819716408,1040.036151249156,864.8089931197591,-175.22715812939703,2025,3.92,8.673469387755098,-108.05
2026,19,181,Warren,61.671073586364194,soybeans,IA,11.6,697.51,1.097906819716408,765.8009858203917,715.3844536018246,-50.41653221856711,2025,9.8,18.367346938775498,-110.15
2026,19,183,Washington,200.6356928706609,corn,IA,4.26,947.29,1.097906819716408,1040.036151249156,854.7080516290154,-185.32809962014073,2025,3.92,8.673469387755098,-108.05
2026,19,183,Washington,62.31964455976065,soybeans,IA,11.6,697.51,1.097906819716408,765.8009858203917,722.9078768932235,-42.893108927168214,2025,9.8,18.367346938775498,-110.15
2026,19,185,Wayne,195.87574818613217,corn,IA,4.26,947.29,1.097906819716408,1040.036151249156,834.430687272923,-205.60546397623307,2025,3.92,8.673469387755098,-108.05
2026,19,185,Wayne,60.44520600776001,soybeans,IA,11.6,697.51,1.097906819716408,765.8009858203917,701.164389690016,-64.63659613037566,2025,9.8,18.367346938775498,-110.15
2026,19,187,Webster,211.3119066095743,corn,IA,4.26,947.29,1.097906819716408,1040.036151249156,900.1887221567864,-139.84742909236968,2025,3.92,8.673469387755098,-108.05
2026,19,187,Webster,66.42201104977522,soybeans,IA,11.6,697.51,1.097906819716408,765.8009858203917,770.4953281773926,4.694342357000892,2025,9.8,18.367346938775498,-110.15
2026,19,189,Winnebago,212.57118519809706,corn,IA,4.26,947.29,1.097906819716408,1040.036151249156,905.5532489438934,-134.48290230526266,2025,3.92,8.673469387755098,-108.05
2026,19,189,Winnebago,66.75004592562647,soybeans,IA,11.6,697.51,1.097906819716408,765.8009858203917,774.300532737267,8.49954691687526,2025,9.8,18.367346938775498,-110.15
2026,19,191,Winneshiek,201.58420870008902,corn,IA,4.26,947.29,1.097906819716408,1040.036151249156,858.7487290623792,-181.2874221867769,2025,3.92,8.673469387755098,-108.05
2026,19,191,Winneshiek,64.84451821542821,soybeans,IA,11.6,697.51,1.097906819716408,765.8009858203917,752.1964112989672,-13.604574521424524,2025,9.8,18.367346938775498,-110.15
2026,19,193,Woodbury,201.52612528207766,corn,IA,4.26,947.29,1.097906819716408,1040.036151249156,858.5012937016508,-181.53485754750534,2025,3.92,8.673469387755098,-108.05
2026,19,193,Woodbury,60.46766094187446,soybeans,IA,11.6,697.51,1.097906819716408,765.8009858203917,701.4248669257438,-64.3761188946479,2025,9.8,18.367346938775498,-110.15
2026,19,195,Worth,207.04270835691818,corn,IA,4.26,947.29,1.097906819716408,1040.036151249156,882.0019376004714,-158.03421364868473,2025,3.92,8.673469387755098,-108.05
2026,19,195,Worth,67.92156934005389,soybeans,IA,11.6,697.51,1.097906819716408,765.8009858203917,787.8902043446251,22.089218524233388,2025,9.8,18.367346938775498,-110.15
2026,19,197,Wright,214.64561583961296,corn,IA,4.26,947.29,1.097906819716408,1040.036151249156,914.3903234767512,-125.64582777240491,2025,3.92,8.673469387755098,-108.05
2026,19,197,Wright,63.11826116516461,soybeans,IA,11.6,697.51,1.097906819716408,765.8009858203917,732.1718295159095,-33.629156304482194,2025,9.8,18.367346938775498,-110.15
2026,17,001,Adams,197.328414327314,corn,IL,4.36,947.29,1.097906819716408,1040.036151249156,860.3518864670891,-179.68426478206698,2025,3.92,11.224489795918378,-108.05
2026,17,001,Adams,59.96268725279104,soybeans,IL,11.8,697.51,1.097906819716408,765.8009858203917,707.5597095829344,-58.24127623745733,2025,9.8,20.408163265306122,-110.15
2026,17,003,Alexander,210.98908633116662,corn,IL,4.36,947.29,1.097906819716408,1040.036151249156,919.9124164038865,-120.12373484526961,2025,3.92,11.224489795918378,-108.05
2026,17,003,Alexander,62.568583910137214,soybeans,IL,11.8,697.51,1.097906819716408,765.8009858203917,738.3092901396192,-27.491695680772523,2025,9.8,20.408163265306122,-110.15
2026,17,005,Bond,180.70164670201345,corn,IL,4.36,947.29,1.097906819716408,1040.036151249156,787.8591796207787,-252.17697162837737,2025,3.92,11.224489795918378,-108.05
2026,17,005,Bond,53.6270323392407,soybeans,IL,11.8,697.51,1.097906819716408,765.8009858203917,632.7989816030403,-133.00200421735144,2025,9.8,20.408163265306122,-110.15
2026,17,007,Boone,203.74217565070012,corn,IL,4.36,947.29,1.097906819716408,1040.036151249156,888.3158858370526,-151.72026541210346,2025,3.92,11.224489795918378,-108.05
2026,17,007,Boone,62.898649424440535,soybeans,IL,11.8,697.51,1.097906819716408,765.8009858203917,742.2040632083983,-23.596922611993364,2025,9.8,20.408163265306122,-110.15
2026,17,009,Brown,196.22408012380157,corn,IL,4.36,947.29,1.097906819716408,1040.036151249156,855.5369893397749,-184.4991619093812,2025,3.92,11.224489795918378,-108.05
2026,17,009,Brown,59.533899195786596,soybeans,IL,11.8,697.51,1.097906819716408,765.8009858203917,702.5000105102819,-63.300975310109834,2025,9.8,20.408163265306122,-110.15
2026,17,011,Bureau,212.47217295207955,corn,IL,4.36,947.29,1.097906819716408,1040.036151249156,926.3786740710669,-113.65747717808915,2025,3.92,11.224489795918378,-108.05
2026,17,011,Bureau,64.43785068997101,soybeans,IL,11.8,697.51,1.097906819716408,765.8009858203917,760.366638141658,-5.4343476787337295,2025,9.8,20.408163265306122,-110.15
2026,17,013,Calhoun,195.09228705764986,corn,IL,4.36,947.29,1.097906819716408,1040.036151249156,850.6023715713534,-189.4337796778027,2025,3.92,11.224489795918378,-108.05
2026,17,013,Calhoun,56.045920392752485,soybeans,IL,11.8,697.51,1.097906819716408,765.8009858203917,661.3418606344794,-104.45912518591228,2025,9.8,20.408163265306122,-110.15
2026,17,015,Carroll,205.48016706998658,corn,IL,4.36,947.29,1.097906819716408,1040.036151249156,895.8935284251415,-144.14262282401455,2025,3.92,11.224489795918378,-108.05
2026,17,015,Carroll,62.97586438285588,soybeans,IL,11.8,697.51,1.097906819716408,765.8009858203917,743.1151997176994,-22.685786102692305,2025,9.8,20.408163265306122,-110.15
2026,17,017,Cass,202.5345304799151,corn,IL,4.36,947.29,1.097906819716408,1040.036151249156,883.0505528924299,-156.9855983567262,2025,3.92,11.224489795918378,-108.05
2026,17,017,Cass,60.154443771160004,soybeans,IL,11.8,697.51,1.097906819716408,765.8009858203917,709.8224364996881,-55.978549320703564,2025,9.8,20.408163265306122,-110.15
2026,17,019,Champaign,201.42807177192864,corn,IL,4.36,947.29,1.097906819716408,1040.036151249156,878.2263929256089,-161.80975832354716,2025,3.92,11.224489795918378,-108.05
2026,17,019,Champaign,63.76139471600611,soybeans,IL,11.8,697.51,1.097906819716408,765.8009858203917,752.3844576488722,-13.41652817151953,2025,9.8,20.408163265306122,-110.15
2026,17,021,Christian,191.2361278363658,corn,IL,4.36,947.29,1.097906819716408,1040.036151249156,833.789517366555,-206.24663388260115,2025,3.92,11.224489795918378,-108.05
2026,17,021,Christian,59.00510297960173,soybeans,IL,11.8,697.51,1.097906819716408,765.8009858203917,696.2602151593005,-69.54077066109119,2025,9.8,20.408163265306122,-110.15
2026,17,023,Clark,196.6582860951636,corn,IL,4.36,947.29,1.097906819716408,1040.036151249156,857.4301273749134,-182.60602387424274,2025,3.92,11.224489795918378,-108.05
2026,17,023,Clark,60.26467763798196,soybeans,IL,11.8,697.51,1.097906819716408,765.8009858203917,711.1231961281871,-54.677789692204556,2025,9.8,20.408163265306122,-110.15
2026,17,025,Clay,190.48684245105335,corn,IL,4.36,947.29,1.097906819716408,1040.036151249156,830.5226330865927,-209.5135181625634,2025,3.92,11.224489795918378,-108.05
2026,17,025,Clay,60.2817096880492,soybeans,IL,11.8,697.51,1.097906819716408,765.8009858203917,711.3241743189806,-54.476811501411134,2025,9.8,20.408163265306122,-110.15
2026,17,027,Clinton,178.8527640490297,corn,IL,4.36,947.29,1.097906819716408,1040.036151249156,779.7980512537696,-260.2380999953865,2025,3.92,11.224489795918378,-108.05
2026,17,027,Clinton,55.81284574234567,soybeans,IL,11.8,697.51,1.097906819716408,765.8009858203917,658.591579759679,-107.2094060607127,2025,9.8,20.408163265306122,-110.15
2026,17,029,Coles,199.2527810188408,corn,IL,4.36,947.29,1.097906819716408,1040.036151249156,868.742125242146,-171.29402600701007,2025,3.92,11.224489795918378,-108.05
2026,17,029,Coles,62.52628049069606,soybeans,IL,11.8,697.51,1.097906819716408,765.8009858203917,737.8101097902136,-27.99087603017813,2025,9.8,20.408163265306122,-110.15
2026,17,033,Crawford,186.80087147569535,corn,IL,4.36,947.29,1.097906819716408,1040.036151249156,814.4517996340318,-225.58435161512432,2025,3.92,11.224489795918378,-108.05
2026,17,033,Crawford,55.486180148338924,soybeans,IL,11.8,697.51,1.097906819716408,765.8009858203917,654.7369257503993,-111.06406006999237,2025,9.8,20.408163265306122,-110.15
2026,17,035,Cumberland,196.727276772309,corn,IL,4.36,947.29,1.097906819716408,1040.036151249156,857.7309267272674,-182.3052245218887,2025,3.92,11.224489795918378,-108.05
2026,17,035,Cumberland,61.05022823985108,soybeans,IL,11.8,697.51,1.097906819716408,765.8009858203917,720.3926932302428,-45.4082925901489,2025,9.8,20.408163265306122,-110.15
2026,17,037,DeKalb,209.331907731646,corn,IL,4.36,947.29,1.097906819716408,1040.036151249156,912.6871177099766,-127.34903353917946,2025,3.92,11.224489795918378,-108.05
2026,17,037,DeKalb,63.431359413279644,soybeans,IL,11.8,697.51,1.097906819716408,765.8009858203917,748.4900410766999,-17.310944743691834,2025,9.8,20.408163265306122,-110.15
2026,17,039,De Witt,201.35275075774453,corn,IL,4.36,947.29,1.097906819716408,1040.036151249156,877.8979933037663,-162.13815794538982,2025,3.92,11.224489795918378,-108.05
2026,17,039,De Witt,62.76474904962584,soybeans,IL,11.8,697.51,1.097906819716408,765.8009858203917,740.624038785585,-25.176947034806744,2025,9.8,20.408163265306122,-110.15
2026,17,041,Douglas,190.39972008025484,corn,IL,4.36,947.29,1.097906819716408,1040.036151249156,830.1427795499111,-209.893371699245,2025,3.92,11.224489795918378,-108.05
2026,17,041,Douglas,60.66210816185167,soybeans,IL,11.8,697.51,1.097906819716408,765.8009858203917,715.8128763098498,-49.9881095105419,2025,9.8,20.408163265306122,-110.15
2026,17,045,Edgar,198.66008495896946,corn,IL,4.36,947.29,1.097906819716408,1040.036151249156,866.1579704211069,-173.87818082804915,2025,3.92,11.224489795918378,-108.05
2026,17,045,Edgar,63.122904526784,soybeans,IL,11.8,697.51,1.097906819716408,765.8009858203917,744.8502734160512,-20.950712404340493,2025,9.8,20.408163265306122,-110.15
2026,17,047,Edwards,201.53590039216024,corn,IL,4.36,947.29,1.097906819716408,1040.036151249156,878.6965257098187,-161.33962553933736,2025,3.92,11.224489795918378,-108.05
2026,17,047,Edwards,62.04035646038114,soybeans,IL,11.8,697.51,1.097906819716408,765.8009858203917,732.0762062324975,-33.724779587894204,2025,9.8,20.408163265306122,-110.15
2026,17,049,Effingham,193.6181175635838,corn,IL,4.36,947.29,1.097906819716408,1040.036151249156,844.1749925772255,-195.86115867193064,2025,3.92,11.224489795918378,-108.05
2026,17,049,Effingham,60.11525976830356,soybeans,IL,11.8,697.51,1.097906819716408,765.8009858203917,709.360065265982,-56.44092055440967,2025,9.8,20.408163265306122,-110.15
2026,17,051,Fayette,177.78913882914975,corn,IL,4.36,947.29,1.097906819716408,1040.036151249156,775.160645295093,-264.8755059540631,2025,3.92,11.224489795918378,-108.05
2026,17,051,Fayette,56.26850421787347,soybeans,IL,11.8,697.51,1.097906819716408,765.8009858203917,663.968349770907,-101.83263604948468,2025,9.8,20.408163265306122,-110.15
2026,17,053,Ford,198.68785981279404,corn,IL,4.36,947.29,1.097906819716408,1040.036151249156,866.2790687837821,-173.75708246537397,2025,3.92,11.224489795918378,-108.05
2026,17,053,Ford,61.8787149662987,soybeans,IL,11.8,697.51,1.097906819716408,765.8009858203917,730.1688366023247,-35.63214921806696,2025,9.8,20.408163265306122,-110.15
2026,17,055,Franklin,192.5913143684691,corn,IL,4.36,947.29,1.097906819716408,1040.036151249156,839.6981306465254,-200.33802060263065,2025,3.92,11.224489795918378,-108.05
2026,17,055,Franklin,61.36518823896783,soybeans,IL,11.8,697.51,1.097906819716408,765.8009858203917,724.1092212198205,-41.69176460057122,2025,9.8,20.408163265306122,-110.15
2026,17,057,Fulton,195.26728140795174,corn,IL,4.36,947.29,1.097906819716408,1040.036151249156,851.3653469386696,-188.67080431048646,2025,3.92,11.224489795918378,-108.05
2026,17,057,Fulton,60.67591558336282,soybeans,IL,11.8,697.51,1.097906819716408,765.8009858203917,715.9758038836814,-49.82518193671035,2025,9.8,20.408163265306122,-110.15
2026,17,059,Gallatin,198.9883595267312,corn,IL,4.36,947.29,1.097906819716408,1040.036151249156,867.589247536548,-172.4469037126081,2025,3.92,11.224489795918378,-108.05
2026,17,059,Gallatin,61.53165547581562,soybeans,IL,11.8,697.51,1.097906819716408,765.8009858203917,726.0735346146244,-39.72745120576735,2025,9.8,20.408163265306122,-110.15
2026,17,061,Greene,196.23754365459726,corn,IL,4.36,947.29,1.097906819716408,1040.036151249156,855.5956903340441,-184.440460915112,2025,3.92,11.224489795918378,-108.05
2026,17,061,Greene,58.78019361296589,soybeans,IL,11.8,697.51,1.097906819716408,765.8009858203917,693.6062846329975,-72.19470118739423,2025,9.8,20.408163265306122,-110.15
2026,17,063,Grundy,193.68017540056917,corn,IL,4.36,947.29,1.097906819716408,1040.036151249156,844.4455647464816,-195.59058650267446,2025,3.92,11.224489795918378,-108.05
2026,17,063,Grundy,62.563165825761565,soybeans,IL,11.8,697.51,1.097906819716408,765.8009858203917,738.2453567439865,-27.55562907640524,2025,9.8,20.408163265306122,-110.15
2026,17,065,Hamilton,196.17882201125548,corn,IL,4.36,947.29,1.097906819716408,1040.036151249156,855.339663969074,-184.69648728008212,2025,3.92,11.224489795918378,-108.05
2026,17,065,Hamilton,61.12040890820926,soybeans,IL,11.8,697.51,1.097906819716408,765.8009858203917,721.2208251168693,-44.58016070352244,2025,9.8,20.408163265306122,-110.15
2026,17,067,Hancock,199.19124133003737,corn,IL,4.36,947.29,1.097906819716408,1040.036151249156,868.4738121989631,-171.56233905019303,2025,3.92,11.224489795918378,-108.05
2026,17,067,Hancock,61.665268750327044,soybeans,IL,11.8,697.51,1.097906819716408,765.8009858203917,727.6501712538592,-38.15081456653252,2025,9.8,20.408163265306122,-110.15
2026,17,071,Henderson,206.84433033969745,corn,IL,4.36,947.29,1.097906819716408,1040.036151249156,901.8412802810809,-138.19487096807518,2025,3.92,11.224489795918378,-108.05
2026,17,071,Henderson,63.45239576495041,soybeans,IL,11.8,697.51,1.097906819716408,765.8009858203917,748.7382700264149,-17.06271579397685,2025,9.8,20.408163265306122,-110.15
2026,17,073,Henry,201.93471311348253,corn,IL,4.36,947.29,1.097906819716408,1040.036151249156,880.4353491747839,-159.60080207437215,2025,3.92,11.224489795918378,-108.05
2026,17,073,Henry,62.713707663708746,soybeans,IL,11.8,697.51,1.097906819716408,765.8009858203917,740.0217504317633,-25.779235388628422,2025,9.8,20.408163265306122,-110.15
2026,17,075,Iroquois,198.92949417366745,corn,IL,4.36,947.29,1.097906819716408,1040.036151249156,867.3325945971901,-172.70355665196598,2025,3.92,11.224489795918378,-108.05
2026,17,075,Iroquois,61.77724030949011,soybeans,IL,11.8,697.51,1.097906819716408,765.8009858203917,728.9714356519834,-36.82955016840833,2025,9.8,20.408163265306122,-110.15
2026,17,077,Jackson,194.47711826193864,corn,IL,4.36,947.29,1.097906819716408,1040.036151249156,847.9202356220526,-192.1159156271035,2025,3.92,11.224489795918378,-108.05
2026,17,077,Jackson,61.567901373001,soybeans,IL,11.8,697.51,1.097906819716408,765.8009858203917,726.5012362014119,-39.29974961897983,2025,9.8,20.408163265306122,-110.15
2026,17,079,Jasper,187.40076528171235,corn,IL,4.36,947.29,1.097906819716408,1040.036151249156,817.0673366282659,-222.96881462089016,2025,3.92,11.224489795918378,-108.05
2026,17,079,Jasper,58.25767413408524,soybeans,IL,11.8,697.51,1.097906819716408,765.8009858203917,687.4405547822059,-78.36043103818577,2025,9.8,20.408163265306122,-110.15
2026,17,081,Jefferson,183.2244727365788,corn,IL,4.36,947.29,1.097906819716408,1040.036151249156,798.8587011314836,-241.1774501176725,2025,3.92,11.224489795918378,-108.05
2026,17,081,Jefferson,60.568001574928964,soybeans,IL,11.8,697.51,1.097906819716408,765.8009858203917,714.7024185841618,-51.09856723622988,2025,9.8,20.408163265306122,-110.15
2026,17,083,Jersey,198.91916128289432,corn,IL,4.36,947.29,1.097906819716408,1040.036151249156,867.2875431934193,-172.74860805573678,2025,3.92,11.224489795918378,-108.05
2026,17,083,Jersey,58.77242790329387,soybeans,IL,11.8,697.51,1.097906819716408,765.8009858203917,693.5146492588676,-72.28633656152408,2025,9.8,20.408163265306122,-110.15
2026,17,085,Jo Daviess,207.2152332793896,corn,IL,4.36,947.29,1.097906819716408,1040.036151249156,903.4584170981387,-136.57773415101735,2025,3.92,11.224489795918378,-108.05
2026,17,085,Jo Daviess,58.14077148568973,soybeans,IL,11.8,697.51,1.097906819716408,765.8009858203917,686.0611035311389,-79.73988228925282,2025,9.8,20.408163265306122,-110.15
2026,17,087,Johnson,185.30355496974056,corn,IL,4.36,947.29,1.097906819716408,1040.036151249156,807.9234996680689,-232.11265158108722,2025,3.92,11.224489795918378,-108.05
2026,17,087,Johnson,60.112519621586245,soybeans,IL,11.8,697.51,1.097906819716408,765.8009858203917,709.3277315347177,-56.47325428567399,2025,9.8,20.408163265306122,-110.15
2026,17,089,Kane,203.72219013083688,corn,IL,4.36,947.29,1.097906819716408,1040.036151249156,888.2287489704488,-151.8074022787073,2025,3.92,11.224489795918378,-108.05
2026,17,089,Kane,63.515929635857134,soybeans,IL,11.8,697.51,1.097906819716408,765.8009858203917,749.4879697031142,-16.31301611727747,2025,9.8,20.408163265306122,-110.15
2026,17,091,Kankakee,202.2905658399432,corn,IL,4.36,947.29,1.097906819716408,1040.036151249156,881.9868670621524,-158.04928418700365,2025,3.92,11.224489795918378,-108.05
2026,17,091,Kankakee,64.79073672281987,soybeans,IL,11.8,697.51,1.097906819716408,765.8009858203917,764.5306933292745,-1.270292491117175,2025,9.8,20.408163265306122,-110.15
2026,17,093,Kendall,198.61371616279163,corn,IL,4.36,947.29,1.097906819716408,1040.036151249156,865.9558024697716,-174.0803487793845,2025,3.92,11.224489795918378,-108.05
2026,17,093,Kendall,61.11781792492776,soybeans,IL,11.8,697.51,1.097906819716408,765.8009858203917,721.1902515141477,-44.61073430624401,2025,9.8,20.408163265306122,-110.15
2026,17,095,Knox,204.92982158456817,corn,IL,4.36,947.29,1.097906819716408,1040.036151249156,893.4940221087173,-146.54212914043876,2025,3.92,11.224489795918378,-108.05
2026,17,095,Knox,63.22036511319953,soybeans,IL,11.8,697.51,1.097906819716408,765.8009858203917,746.0003083357544,-19.800677484637276,2025,9.8,20.408163265306122,-110.15
2026,17,097,Lake,190.31747363170436,corn,IL,4.36,947.29,1.097906819716408,1040.036151249156,829.7841850342311,-210.251966214925,2025,3.92,11.224489795918378,-108.05
2026,17,097,Lake,59.82256222133854,soybeans,IL,11.8,697.51,1.097906819716408,765.8009858203917,705.9062342117949,-59.894751608596835,2025,9.8,20.408163265306122,-110.15
2026,17,099,LaSalle,203.66667092005682,corn,IL,4.36,947.29,1.097906819716408,1040.036151249156,887.9866852114478,-152.04946603770827,2025,3.92,11.224489795918378,-108.05
2026,17,099,LaSalle,64.0901159374472,soybeans,IL,11.8,697.51,1.097906819716408,765.8009858203917,756.2633680618769,-9.537617758514784,2025,9.8,20.408163265306122,-110.15
2026,17,101,Lawrence,195.9869012342308,corn,IL,4.36,947.29,1.097906819716408,1040.036151249156,854.5028893812464,-185.5332618679097,2025,3.92,11.224489795918378,-108.05
2026,17,101,Lawrence,56.802592973084906,soybeans,IL,11.8,697.51,1.097906819716408,765.8009858203917,670.2705970824019,-95.53038873798982,2025,9.8,20.408163265306122,-110.15
2026,17,103,Lee,214.76001632083535,corn,IL,4.36,947.29,1.097906819716408,1040.036151249156,936.3536711588422,-103.6824800903139,2025,3.92,11.224489795918378,-108.05
2026,17,103,Lee,64.67108817098395,soybeans,IL,11.8,697.51,1.097906819716408,765.8009858203917,763.1188404176106,-2.6821454027810887,2025,9.8,20.408163265306122,-110.15
2026,17,105,Livingston,193.67139998600612,corn,IL,4.36,947.29,1.097906819716408,1040.036151249156,844.4073039389867,-195.62884731016936,2025,3.92,11.224489795918378,-108.05
2026,17,105,Livingston,61.81248750640086,soybeans,IL,11.8,697.51,1.097906819716408,765.8009858203917,729.3873525755303,-36.413633244861444,2025,9.8,20.408163265306122,-110.15
2026,17,107,Logan,200.29734250241594,corn,IL,4.36,947.29,1.097906819716408,1040.036151249156,873.2964133105336,-166.7397379386225,2025,3.92,11.224489795918378,-108.05
2026,17,107,Logan,61.19208714700351,soybeans,IL,11.8,697.51,1.097906819716408,765.8009858203917,722.0666283346415,-43.73435748575025,2025,9.8,20.408163265306122,-110.15
2026,17,109,McDonough,201.01998392844968,corn,IL,4.36,947.29,1.097906819716408,1040.036151249156,876.4471299280407,-163.5890213211154,2025,3.92,11.224489795918378,-108.05
2026,17,109,McDonough,61.67750278289075,soybeans,IL,11.8,697.51,1.097906819716408,765.8009858203917,727.7945328381109,-38.00645298228085,2025,9.8,20.408163265306122,-110.15
2026,17,111,McHenry,201.4521803586707,corn,IL,4.36,947.29,1.097906819716408,1040.036151249156,878.3315063638042,-161.70464488535185,2025,3.92,11.224489795918378,-108.05
2026,17,111,McHenry,62.518660670697,soybeans,IL,11.8,697.51,1.097906819716408,765.8009858203917,737.7201959142246,-28.08078990616707,2025,9.8,20.408163265306122,-110.15
2026,17,113,McLean,194.5005996320356,corn,IL,4.36,947.29,1.097906819716408,1040.036151249156,848.0226143956753,-192.0135368534808,2025,3.92,11.224489795918378,-108.05
2026,17,113,McLean,62.62664697538433,soybeans,IL,11.8,697.51,1.097906819716408,765.8009858203917,738.9944343095352,-26.80655151085648,2025,9.8,20.408163265306122,-110.15
2026,17,115,Macon,202.3376625762454,corn,IL,4.36,947.29,1.097906819716408,1040.036151249156,882.1922088324301,-157.843942416726,2025,3.92,11.224489795918378,-108.05
2026,17,115,Macon,63.82770709257372,soybeans,IL,11.8,697.51,1.097906819716408,765.8009858203917,753.16694369237,-12.634042128021747,2025,9.8,20.408163265306122,-110.15
2026,17,117,Macoupin,193.81533403452283,corn,IL,4.36,947.29,1.097906819716408,1040.036151249156,845.0348563905196,-195.00129485863647,2025,3.92,11.224489795918378,-108.05
2026,17,117,Macoupin,58.85256469878183,soybeans,IL,11.8,697.51,1.097906819716408,765.8009858203917,694.4602634456256,-71.34072237476607,2025,9.8,20.408163265306122,-110.15
2026,17,119,Madison,193.76536222355463,corn,IL,4.36,947.29,1.097906819716408,1040.036151249156,844.8169792946983,-195.2191719544578,2025,3.92,11.224489795918378,-108.05
2026,17,119,Madison,59.00981397803901,soybeans,IL,11.8,697.51,1.097906819716408,765.8009858203917,696.3158049408604,-69.4851808795313,2025,9.8,20.408163265306122,-110.15
2026,17,121,Marion,178.9973371908463,corn,IL,4.36,947.29,1.097906819716408,1040.036151249156,780.42839015209,-259.60776109706615,2025,3.92,11.224489795918378,-108.05
2026,17,121,Marion,55.82197730372046,soybeans,IL,11.8,697.51,1.097906819716408,765.8009858203917,658.6993321839014,-107.10165363649025,2025,9.8,20.408163265306122,-110.15
2026,17,123,Marshall,204.2705547207792,corn,IL,4.36,947.29,1.097906819716408,1040.036151249156,890.6196185825974,-149.41653266655874,2025,3.92,11.224489795918378,-108.05
2026,17,123,Marshall,63.5918945641965,soybeans,IL,11.8,697.51,1.097906819716408,765.8009858203917,750.3843558575188,-15.41662996287289,2025,9.8,20.408163265306122,-110.15
2026,17,125,Mason,203.20058970432262,corn,IL,4.36,947.29,1.097906819716408,1040.036151249156,885.9545711108467,-154.0815801383094,2025,3.92,11.224489795918378,-108.05
2026,17,125,Mason,61.19898209082524,soybeans,IL,11.8,697.51,1.097906819716408,765.8009858203917,722.1479886717378,-43.65299714865387,2025,9.8,20.408163265306122,-110.15
2026,17,127,Massac,201.89039903110367,corn,IL,4.36,947.29,1.097906819716408,1040.036151249156,880.242139775612,-159.79401147354406,2025,3.92,11.224489795918378,-108.05
2026,17,127,Massac,59.50774636614034,soybeans,IL,11.8,697.51,1.097906819716408,765.8009858203917,702.191407120456,-63.609578699935696,2025,9.8,20.408163265306122,-110.15
2026,17,129,Menard,199.16685590734426,corn,IL,4.36,947.29,1.097906819716408,1040.036151249156,868.367491756021,-171.66865949313512,2025,3.92,11.224489795918378,-108.05
2026,17,129,Menard,60.74483385028167,soybeans,IL,11.8,697.51,1.097906819716408,765.8009858203917,716.7890394333238,-49.01194638706795,2025,9.8,20.408163265306122,-110.15
2026,17,131,Mercer,212.52971785939616,corn,IL,4.36,947.29,1.097906819716408,1040.036151249156,926.6295698669674,-113.40658138218873,2025,3.92,11.224489795918378,-108.05
2026,17,131,Mercer,62.99699823748345,soybeans,IL,11.8,697.51,1.097906819716408,765.8009858203917,743.3645792023048,-22.43640661808695,2025,9.8,20.408163265306122,-110.15
2026,17,133,Monroe,197.1028134611552,corn,IL,4.36,947.29,1.097906819716408,1040.036151249156,859.3682666906367,-180.6678845585194,2025,3.92,11.224489795918378,-108.05
2026,17,133,Monroe,57.09675694669013,soybeans,IL,11.8,697.51,1.097906819716408,765.8009858203917,673.7417319709435,-92.05925384944817,2025,9.8,20.408163265306122,-110.15
2026,17,135,Montgomery,190.5290433357506,corn,IL,4.36,947.29,1.097906819716408,1040.036151249156,830.7066289438727,-209.32952230528338,2025,3.92,11.224489795918378,-108.05
2026,17,135,Montgomery,57.59017307491133,soybeans,IL,11.8,697.51,1.097906819716408,765.8009858203917,679.5640422839537,-86.23694353643805,2025,9.8,20.408163265306122,-110.15
2026,17,137,Morgan,198.08862758416473,corn,IL,4.36,947.29,1.097906819716408,1040.036151249156,863.6664162669583,-176.36973498219777,2025,3.92,11.224489795918378,-108.05
2026,17,137,Morgan,58.945866051068336,soybeans,IL,11.8,697.51,1.097906819716408,765.8009858203917,695.5612194026064,-70.23976641778529,2025,9.8,20.408163265306122,-110.15
2026,17,139,Moultrie,196.05825496694555,corn,IL,4.36,947.29,1.097906819716408,1040.036151249156,854.8139916558827,-185.22215959327343,2025,3.92,11.224489795918378,-108.05
2026,17,139,Moultrie,62.36657315239818,soybeans,IL,11.8,697.51,1.097906819716408,765.8009858203917,735.9255631982986,-29.875422622093083,2025,9.8,20.408163265306122,-110.15
2026,17,141,Ogle,206.45441560027572,corn,IL,4.36,947.29,1.097906819716408,1040.036151249156,900.1412520172022,-139.8948992319539,2025,3.92,11.224489795918378,-108.05
2026,17,141,Ogle,61.646192133437374,soybeans,IL,11.8,697.51,1.097906819716408,765.8009858203917,727.425067174561,-38.375918645830666,2025,9.8,20.408163265306122,-110.15
2026,17,143,Peoria,200.17571181036493,corn,IL,4.36,947.29,1.097906819716408,1040.036151249156,872.7661034931912,-167.27004775596492,2025,3.92,11.224489795918378,-108.05
2026,17,143,Peoria,60.81340330012266,soybeans,IL,11.8,697.51,1.097906819716408,765.8009858203917,717.5981589414474,-48.20282687894428,2025,9.8,20.408163265306122,-110.15
2026,17,145,Perry,184.1475183556524,corn,IL,4.36,947.29,1.097906819716408,1040.036151249156,802.8831800306446,-237.15297121851154,2025,3.92,11.224489795918378,-108.05
2026,17,145,Perry,57.718187869108,soybeans,IL,11.8,697.51,1.097906819716408,765.8009858203917,681.0746168554745,-84.72636896491724,2025,9.8,20.408163265306122,-110.15
2026,17,147,Piatt,205.0422817432278,corn,IL,4.36,947.29,1.097906819716408,1040.036151249156,893.9843484004732,-146.05180284868288,2025,3.92,11.224489795918378,-108.05
2026,17,147,Piatt,63.56553648724589,soybeans,IL,11.8,697.51,1.097906819716408,765.8009858203917,750.0733305495016,-15.727655270890068,2025,9.8,20.408163265306122,-110.15
2026,17,149,Pike,199.6045453178592,corn,IL,4.36,947.29,1.097906819716408,1040.036151249156,870.2758175858661,-169.76033366329,2025,3.92,11.224489795918378,-108.05
2026,17,149,Pike,57.85530354724085,soybeans,IL,11.8,697.51,1.097906819716408,765.8009858203917,682.6925818574421,-83.10840396294964,2025,9.8,20.408163265306122,-110.15
2026,17,151,Pope,58.82890033163751,soybeans,IL,11.8,697.51,1.097906819716408,765.8009858203917,694.1810239133227,-71.61996190706896,2025,9.8,20.408163265306122,-110.15
2026,17,153,Pulaski,184.03793246311218,corn,IL,4.36,947.29,1.097906819716408,1040.036151249156,802.4053855391692,-237.63076570998692,2025,3.92,11.224489795918378,-108.05
2026,17,153,Pulaski,63.07690448029033,soybeans,IL,11.8,697.51,1.097906819716408,765.8009858203917,744.307472867426,-21.493512952965716,2025,9.8,20.408163265306122,-110.15
2026,17,155,Putnam,207.1721139647868,corn,IL,4.36,947.29,1.097906819716408,1040.036151249156,903.2704168864706,-136.76573436268552,2025,3.92,11.224489795918378,-108.05
2026,17,155,Putnam,63.650539708375746,soybeans,IL,11.8,697.51,1.097906819716408,765.8009858203917,751.0763685588338,-14.72461726155791,2025,9.8,20.408163265306122,-110.15
2026,17,157,Randolph,195.45020315070815,corn,IL,4.36,947.29,1.097906819716408,1040.036151249156,852.1628857370875,-187.87326551206854,2025,3.92,11.224489795918378,-108.05
2026,17,157,Randolph,58.30365967248815,soybeans,IL,11.8,697.51,1.097906819716408,765.8009858203917,687.9831841353603,-77.81780168503144,2025,9.8,20.408163265306122,-110.15
2026,17,159,Richland,191.83166546212288,corn,IL,4.36,947.29,1.097906819716408,1040.036151249156,836.3860614148558,-203.65008983430027,2025,3.92,11.224489795918378,-108.05
2026,17,159,Richland,56.70917677203221,soybeans,IL,11.8,697.51,1.097906819716408,765.8009858203917,669.1682859099801,-96.63269991041159,2025,9.8,20.408163265306122,-110.15
2026,17,161,Rock Island,205.44531210829916,corn,IL,4.36,947.29,1.097906819716408,1040.036151249156,895.7415607921844,-144.29459045697172,2025,3.92,11.224489795918378,-108.05
2026,17,161,Rock Island,62.73680335669962,soybeans,IL,11.8,697.51,1.097906819716408,765.8009858203917,740.2942796090555,-25.506706211336223,2025,9.8,20.408163265306122,-110.15
2026,17,163,St. Clair,177.22281603476875,corn,IL,4.36,947.29,1.097906819716408,1040.036151249156,772.6914779115918,-267.34467333756425,2025,3.92,11.224489795918378,-108.05
2026,17,163,St. Clair,56.53575604815977,soybeans,IL,11.8,697.51,1.097906819716408,765.8009858203917,667.1219213682853,-98.67906445210645,2025,9.8,20.408163265306122,-110.15
2026,17,165,Saline,197.9555766917071,corn,IL,4.36,947.29,1.097906819716408,1040.036151249156,863.086314375843,-176.94983687331307,2025,3.92,11.224489795918378,-108.05
2026,17,165,Saline,57.60374549060581,soybeans,IL,11.8,697.51,1.097906819716408,765.8009858203917,679.7241967891486,-86.07678903124315,2025,9.8,20.408163265306122,-110.15
2026,17,167,Sangamon,201.60893483116834,corn,IL,4.36,947.29,1.097906819716408,1040.036151249156,879.014955863894,-161.0211953852621,2025,3.92,11.224489795918378,-108.05
2026,17,167,Sangamon,59.668013989628506,soybeans,IL,11.8,697.51,1.097906819716408,765.8009858203917,704.0825650776164,-61.718420742775265,2025,9.8,20.408163265306122,-110.15
2026,17,169,Schuyler,196.0056262428228,corn,IL,4.36,947.29,1.097906819716408,1040.036151249156,854.5845304187076,-185.45162083044852,2025,3.92,11.224489795918378,-108.05
2026,17,169,Schuyler,59.749248511120925,soybeans,IL,11.8,697.51,1.097906819716408,765.8009858203917,705.041132431227,-60.75985338916473,2025,9.8,20.408163265306122,-110.15
2026,17,171,Scott,197.66222369950833,corn,IL,4.36,947.29,1.097906819716408,1040.036151249156,861.8072953298564,-178.2288559192997,2025,3.92,11.224489795918378,-108.05
2026,17,171,Scott,58.45476503395262,soybeans,IL,11.8,697.51,1.097906819716408,765.8009858203917,689.7662274006409,-76.0347584197508,2025,9.8,20.408163265306122,-110.15
2026,17,173,Shelby,196.89578912325254,corn,IL,4.36,947.29,1.097906819716408,1040.036151249156,858.4656405773811,-181.57051067177497,2025,3.92,11.224489795918378,-108.05
2026,17,173,Shelby,58.19516376513955,soybeans,IL,11.8,697.51,1.097906819716408,765.8009858203917,686.7029324286467,-79.098053391745,2025,9.8,20.408163265306122,-110.15
2026,17,175,Stark,208.4961822999692,corn,IL,4.36,947.29,1.097906819716408,1040.036151249156,909.0433548278658,-130.99279642129034,2025,3.92,11.224489795918378,-108.05
2026,17,175,Stark,64.3154291071085,soybeans,IL,11.8,697.51,1.097906819716408,765.8009858203917,758.9220634638804,-6.878922356511339,2025,9.8,20.408163265306122,-110.15
2026,17,177,Stephenson,201.94199895581912,corn,IL,4.36,947.29,1.097906819716408,1040.036151249156,880.4671154473714,-159.5690358017847,2025,3.92,11.224489795918378,-108.05
2026,17,177,Stephenson,62.06189913068786,soybeans,IL,11.8,697.51,1.097906819716408,765.8009858203917,732.3304097421168,-33.47057607827492,2025,9.8,20.408163265306122,-110.15
2026,17,179,Tazewell,197.26718822759094,corn,IL,4.36,947.29,1.097906819716408,1040.036151249156,860.0849406722965,-179.95121057685958,2025,3.92,11.224489795918378,-108.05
2026,17,179,Tazewell,60.217309654788785,soybeans,IL,11.8,697.51,1.097906819716408,765.8009858203917,710.5642539265077,-55.236731893883984,2025,9.8,20.408163265306122,-110.15
2026,17,181,Union,197.60944967063148,corn,IL,4.36,947.29,1.097906819716408,1040.036151249156,861.5772005639533,-178.4589506852028,2025,3.92,11.224489795918378,-108.05
2026,17,181,Union,62.45196697049134,soybeans,IL,11.8,697.51,1.097906819716408,765.8009858203917,736.9332102517978,-28.867775568593856,2025,9.8,20.408163265306122,-110.15
2026,17,183,Vermilion,193.5480853311109,corn,IL,4.36,947.29,1.097906819716408,1040.036151249156,843.8696520436437,-196.16649920551242,2025,3.92,11.224489795918378,-108.05
2026,17,183,Vermilion,61.68646888629285,soybeans,IL,11.8,697.51,1.097906819716408,765.8009858203917,727.9003328582556,-37.900652962136064,2025,9.8,20.408163265306122,-110.15
2026,17,185,Wabash,197.21804679225633,corn,IL,4.36,947.29,1.097906819716408,1040.036151249156,859.8706840142377,-180.16546723491842,2025,3.92,11.224489795918378,-108.05
2026,17,185,Wabash,59.96912337111203,soybeans,IL,11.8,697.51,1.097906819716408,765.8009858203917,707.6356557791221,-58.16533004126961,2025,9.8,20.408163265306122,-110.15
2026,17,187,Warren,200.5068679883941,corn,IL,4.36,947.29,1.097906819716408,1040.036151249156,874.2099444293983,-165.82620681975777,2025,3.92,11.224489795918378,-108.05
2026,17,187,Warren,63.8927677251952,soybeans,IL,11.8,697.51,1.097906819716408,765.8009858203917,753.9346591573034,-11.86632666308833,2025,9.8,20.408163265306122,-110.15
2026,17,189,Washington,179.96307669920515,corn,IL,4.36,947.29,1.097906819716408,1040.036151249156,784.6390144085345,-255.39713684062156,2025,3.92,11.224489795918378,-108.05
2026,17,189,Washington,55.55579592129683,soybeans,IL,11.8,697.51,1.097906819716408,765.8009858203917,655.5583918713025,-110.24259394908916,2025,9.8,20.408163265306122,-110.15
2026,17,191,Wayne,200.25977377790957,corn,IL,4.36,947.29,1.097906819716408,1040.036151249156,873.1326136716858,-166.90353757747027,2025,3.92,11.224489795918378,-108.05
2026,17,191,Wayne,58.983458792113005,soybeans,IL,11.8,697.51,1.097906819716408,765.8009858203917,696.0048137469335,-69.79617207345825,2025,9.8,20.408163265306122,-110.15
2026,17,193,White,196.2412238745165,corn,IL,4.36,947.29,1.097906819716408,1040.036151249156,855.611736092892,-184.4244151562641,2025,3.92,11.224489795918378,-108.05
2026,17,193,White,62.6491475801475,soybeans,IL,11.8,697.51,1.097906819716408,765.8009858203917,739.2599414457405,-26.541044374651165,2025,9.8,20.408163265306122,-110.15
2026,17,195,Whiteside,208.5831952683381,corn,IL,4.36,947.29,1.097906819716408,1040.036151249156,909.4227313699541,-130.61341987920196,2025,3.92,11.224489795918378,-108.05
2026,17,195,Whiteside,63.38142480805059,soybeans,IL,11.8,697.51,1.097906819716408,765.8009858203917,747.900812734997,-17.900173085394727,2025,9.8,20.408163265306122,-110.15
2026,17,197,Will,195.25073763225302,corn,IL,4.36,947.29,1.097906819716408,1040.036151249156,851.2932160766233,-188.74293517253284,2025,3.92,11.224489795918378,-108.05
2026,17,197,Will,59.13399045330899,soybeans,IL,11.8,697.51,1.097906819716408,765.8009858203917,697.7810873490461,-68.01989847134564,2025,9.8,20.408163265306122,-110.15
2026,17,199,Williamson,187.82498610889317,corn,IL,4.36,947.29,1.097906819716408,1040.036151249156,818.9169394347742,-221.11921181438186,2025,3.92,11.224489795918378,-108.05
2026,17,199,Williamson,60.44428190653618,soybeans,IL,11.8,697.51,1.097906819716408,765.8009858203917,713.242526497127,-52.55845932326474,2025,9.8,20.408163265306122,-110.15
2026,17,201,Winnebago,203.81937367394053,corn,IL,4.36,947.29,1.097906819716408,1040.036151249156,888.6524692183808,-151.38368203077528,2025,3.92,11.224489795918378,-108.05
2026,17,201,Winnebago,61.426097916231704,soybeans,IL,11.8,697.51,1.097906819716408,765.8009858203917,724.8279554115342,-40.97303040885754,2025,9.8,20.408163265306122,-110.15
2026,17,203,Woodford,196.5648077699755,corn,IL,4.36,947.29,1.097906819716408,1040.036151249156,857.0225618770932,-183.01358937206294,2025,3.92,11.224489795918378,-108.05
2026,17,203,Woodford,62.6765268222373,soybeans,IL,11.8,697.51,1.097906819716408,765.8009858203917,739.5830165024001,-26.21796931799156,2025,9.8,20.408163265306122,-110.15
2026,37,007,Anson,150.8625848741668,corn,NC,5.46,883.62,1.097906819716408,970.1324240378124,823.7097134129507,-146.42271062486168,2025,4.95,10.3030303030303,-27.39
2026,37,007,Anson,52.574209545334554,soybeans,NC,12.2,581.19,1.097906819716408,638.0924645509792,641.4053564530815,3.312891902102251,2025,10.57,15.42100283822137,-134.22
2026,37,013,Beaufort,188.43426922424266,corn,NC,5.46,883.62,1.097906819716408,970.1324240378124,1028.851109964365,58.71868592655255,2025,4.95,10.3030303030303,-27.39
2026,37,013,Beaufort,50.566677188802494,soybeans,NC,12.2,581.19,1.097906819716408,638.0924645509792,616.9134617033903,-21.17900284758889,2025,10.57,15.42100283822137,-134.22
2026,37,015,Bertie,189.07492947247593,corn,NC,5.46,883.62,1.097906819716408,970.1324240378124,1032.3491149197187,62.21669088190629,2025,4.95,10.3030303030303,-27.39
2026,37,015,Bertie,55.51901403565598,soybeans,NC,12.2,581.19,1.097906819716408,638.0924645509792,677.3319712350029,39.239506684023695,2025,10.57,15.42100283822137,-134.22
2026,37,017,Bladen,177.9108801772062,corn,NC,5.46,883.62,1.097906819716408,970.1324240378124,971.3934057675458,1.2609817297334303,2025,4.95,10.3030303030303,-27.39
2026,37,017,Bladen,41.99765634882017,soybeans,NC,12.2,581.19,1.097906819716408,638.0924645509792,512.3714074556061,-125.72105709537311,2025,10.57,15.42100283822137,-134.22
2026,37,019,Brunswick,160.00055009990984,corn,NC,5.46,883.62,1.097906819716408,970.1324240378124,873.6030035455077,-96.52942049230467,2025,4.95,10.3030303030303,-27.39
2026,37,029,Camden,187.07087753475338,corn,NC,5.46,883.62,1.097906819716408,970.1324240378124,1021.4069913397534,51.27456730194103,2025,4.95,10.3030303030303,-27.39
2026,37,029,Camden,57.528005759744076,soybeans,NC,12.2,581.19,1.097906819716408,638.0924645509792,701.8416702688777,63.74920571789846,2025,10.57,15.42100283822137,-134.22
2026,37,031,Carteret,172.46765672803747,corn,NC,5.46,883.62,1.097906819716408,970.1324240378124,941.6734057350845,-28.459018302727827,2025,4.95,10.3030303030303,-27.39
2026,37,031,Carteret,39.07207395660524,soybeans,NC,12.2,581.19,1.097906819716408,638.0924645509792,476.6793022705839,-161.41316228039534,2025,10.57,15.42100283822137,-134.22
2026,37,041,Chowan,50.00197727936167,soybeans,NC,12.2,581.19,1.097906819716408,638.0924645509792,610.0241228082123,-28.06834174276696,2025,10.57,15.42100283822137,-134.22
2026,37,045,Cleveland,55.745203880467805,soybeans,NC,12.2,581.19,1.097906819716408,638.0924645509792,680.0914873417072,41.99902279072796,2025,10.57,15.42100283822137,-134.22
2026,37,047,Columbus,184.07035439196113,corn,NC,5.46,883.62,1.097906819716408,970.1324240378124,1005.0241349801078,34.89171094229539,2025,4.95,10.3030303030303,-27.39
2026,37,047,Columbus,47.80949821861506,soybeans,NC,12.2,581.19,1.097906819716408,638.0924645509792,583.2758782671037,-54.816586283875495,2025,10.57,15.42100283822137,-134.22
2026,37,049,Craven,173.94701347346648,corn,NC,5.46,883.62,1.097906819716408,970.1324240378124,949.750693565127,-20.381730472685376,2025,4.95,10.3030303030303,-27.39
2026,37,049,Craven,48.105014720438916,soybeans,NC,12.2,581.19,1.097906819716408,638.0924645509792,586.8811795893547,-51.21128496162453,2025,10.57,15.42100283822137,-134.22
2026,37,051,Cumberland,175.75974402758865,corn,NC,5.46,883.62,1.097906819716408,970.1324240378124,959.6482023906341,-10.484221647178288,2025,4.95,10.3030303030303,-27.39
2026,37,051,Cumberland,45.44816618108296,soybeans,NC,12.2,581.19,1.097906819716408,638.0924645509792,554.4676274092121,-83.6248371417671,2025,10.57,15.42100283822137,-134.22
2026,37,053,Currituck,183.64461537202843,corn,NC,5.46,883.62,1.097906819716408,970.1324240378124,1002.6995999312752,32.56717589346283,2025,4.95,10.3030303030303,-27.39
2026,37,053,Currituck,54.97503375244305,soybeans,NC,12.2,581.19,1.097906819716408,638.0924645509792,670.6954117798052,32.602947228826,2025,10.57,15.42100283822137,-134.22
2026,37,057,Davidson,57.83893117001418,soybeans,NC,12.2,581.19,1.097906819716408,638.0924645509792,705.634960274173,67.54249572319372,2025,10.57,15.42100283822137,-134.22
2026,37,059,Davie,195.4529903383741,corn,NC,5.46,883.62,1.097906819716408,970.1324240378124,1067.1733272475226,97.04090320971022,2025,4.95,10.3030303030303,-27.39
2026,37,059,Davie,56.6314286283067,soybeans,NC,12.2,581.19,1.097906819716408,638.0924645509792,690.9034292653417,52.81096471436251,2025,10.57,15.42100283822137,-134.22
2026,37,061,Duplin,180.27912900458506,corn,NC,5.46,883.62,1.097906819716408,970.1324240378124,984.3240443650344,14.19162032722204,2025,4.95,10.3030303030303,-27.39
2026,37,061,Duplin,50.72591414004734,soybeans,NC,12.2,581.19,1.097906819716408,638.0924645509792,618.8561525085775,-19.236312042401778,2025,10.57,15.42100283822137,-134.22
2026,37,065,Edgecombe,178.95558165733317,corn,NC,5.46,883.62,1.097906819716408,970.1324240378124,977.0974758490391,6.965051811226772,2025,4.95,10.3030303030303,-27.39
2026,37,065,Edgecombe,53.57039402058362,soybeans,NC,12.2,581.19,1.097906819716408,638.0924645509792,653.5588070511201,15.466342500140854,2025,10.57,15.42100283822137,-134.22
2026,37,069,Franklin,52.931004860711,soybeans,NC,12.2,581.19,1.097906819716408,638.0924645509792,645.7582593006741,7.665794749694896,2025,10.57,15.42100283822137,-134.22
2026,37,073,Gates,56.45048849679436,soybeans,NC,12.2,581.19,1.097906819716408,638.0924645509792,688.6959596608912,50.60349510991193,2025,10.57,15.42100283822137,-134.22
2026,37,079,Greene,164.89273247336666,corn,NC,5.46,883.62,1.097906819716408,970.1324240378124,900.314319304582,-69.81810473323037,2025,4.95,10.3030303030303,-27.39
2026,37,079,Greene,52.04720806021449,soybeans,NC,12.2,581.19,1.097906819716408,638.0924645509792,634.9759383346167,-3.1165262163625584,2025,10.57,15.42100283822137,-134.22
2026,37,081,Guilford,54.77445950214021,soybeans,NC,12.2,581.19,1.097906819716408,638.0924645509792,668.2484059261105,30.155941375131306,2025,10.57,15.42100283822137,-134.22
2026,37,083,Halifax,172.48703600688728,corn,NC,5.46,883.62,1.097906819716408,970.1324240378124,941.7792165976045,-28.353207440207825,2025,4.95,10.3030303030303,-27.39
2026,37,083,Halifax,55.7488584174053,soybeans,NC,12.2,581.19,1.097906819716408,638.0924645509792,680.1360726923447,42.04360814136544,2025,10.57,15.42100283822137,-134.22
2026,37,085,Harnett,165.4801676615902,corn,NC,5.46,883.62,1.097906819716408,970.1324240378124,903.5217154322825,-66.61070860552991,2025,4.95,10.3030303030303,-27.39
2026,37,085,Harnett,44.16033291123572,soybeans,NC,12.2,581.19,1.097906819716408,638.0924645509792,538.7560615170758,-99.33640303390348,2025,10.57,15.42100283822137,-134.22
2026,37,091,Hertford,167.64876066921929,corn,NC,5.46,883.62,1.097906819716408,970.1324240378124,915.3622332539373,-54.77019078387502,2025,4.95,10.3030303030303,-27.39
2026,37,091,Hertford,54.66129167724201,soybeans,NC,12.2,581.19,1.097906819716408,638.0924645509792,666.8677584623525,28.775293911373296,2025,10.57,15.42100283822137,-134.22
2026,37,093,Hoke,164.8341390199514,corn,NC,5.46,883.62,1.097906819716408,970.1324240378124,899.9943990489347,-70.13802498887765,2025,4.95,10.3030303030303,-27.39
2026,37,093,Hoke,45.85663098791913,soybeans,NC,12.2,581.19,1.097906819716408,638.0924645509792,559.4508980526134,-78.64156649836582,2025,10.57,15.42100283822137,-134.22
2026,37,095,Hyde,198.6250109638781,corn,NC,5.46,883.62,1.097906819716408,970.1324240378124,1084.4925598627744,114.36013582496207,2025,4.95,10.3030303030303,-27.39
2026,37,095,Hyde,52.60616124198619,soybeans,NC,12.2,581.19,1.097906819716408,638.0924645509792,641.7951671522316,3.7027026012523265,2025,10.57,15.42100283822137,-134.22
2026,37,097,Iredell,198.45496098987613,corn,NC,5.46,883.62,1.097906819716408,970.1324240378124,1083.5640870047237,113.43166296691129,2025,4.95,10.3030303030303,-27.39
2026,37,097,Iredell,57.815193223890454,soybeans,NC,12.2,581.19,1.097906819716408,638.0924645509792,705.3453573314634,67.25289278048422,2025,10.57,15.42100283822137,-134.22
2026,37,101,Johnston,167.6738178626474,corn,NC,5.46,883.62,1.097906819716408,970.1324240378124,915.4990455300549,-54.63337850775747,2025,4.95,10.3030303030303,-27.39
2026,37,101,Johnston,52.80083064929591,soybeans,NC,12.2,581.19,1.097906819716408,638.0924645509792,644.1701339214101,6.07766937043084,2025,10.57,15.42100283822137,-134.22
2026,37,103,Jones,189.2205977414055,corn,NC,5.46,883.62,1.097906819716408,970.1324240378124,1033.144463668074,63.0120396302616,2025,4.95,10.3030303030303,-27.39
2026,37,103,Jones,44.47335928599214,soybeans,NC,12.2,581.19,1.097906819716408,638.0924645509792,542.574983289104,-95.51748126187522,2025,10.57,15.42100283822137,-134.22
2026,37,107,Lenoir,170.5001978578464,corn,NC,5.46,883.62,1.097906819716408,970.1324240378124,930.9310803038413,-39.20134373397104,2025,4.95,10.3030303030303,-27.39
2026,37,107,Lenoir,43.00986245315167,soybeans,NC,12.2,581.19,1.097906819716408,638.0924645509792,524.7203219284503,-113.37214262252894,2025,10.57,15.42100283822137,-134.22
2026,37,117,Martin,175.493309127518,corn,NC,5.46,883.62,1.097906819716408,970.1324240378124,958.1934678362483,-11.93895620156411,2025,4.95,10.3030303030303,-27.39
2026,37,117,Martin,54.04911248121672,soybeans,NC,12.2,581.19,1.097906819716408,638.0924645509792,659.3991722708439,21.306707719864676,2025,10.57,15.42100283822137,-134.22
2026,37,127,Nash,51.808715023194445,soybeans,NC,12.2,581.19,1.097906819716408,638.0924645509792,632.0663232829722,-6.026141268006995,2025,10.57,15.42100283822137,-134.22
2026,37,131,Northampton,162.86918532143994,corn,NC,5.46,883.62,1.097906819716408,970.1324240378124,889.265751855062,-80.86667218275034,2025,4.95,10.3030303030303,-27.39
2026,37,131,Northampton,57.276654866573935,soybeans,NC,12.2,581.19,1.097906819716408,638.0924645509792,698.775189372202,60.68272482122279,2025,10.57,15.42100283822137,-134.22
2026,37,133,Onslow,185.62894418052127,corn,NC,5.46,883.62,1.097906819716408,970.1324240378124,1013.5340352256461,43.40161118783374,2025,4.95,10.3030303030303,-27.39
2026,37,133,Onslow,47.64982633861777,soybeans,NC,12.2,581.19,1.097906819716408,638.0924645509792,581.3278813311367,-56.76458321984251,2025,10.57,15.42100283822137,-134.22
2026,37,137,Pamlico,196.1150851351629,corn,NC,5.46,883.62,1.097906819716408,970.1324240378124,1070.7883648379893,100.65594080017695,2025,4.95,10.3030303030303,-27.39
2026,37,137,Pamlico,49.43385672951748,soybeans,NC,12.2,581.19,1.097906819716408,638.0924645509792,603.0930521001133,-34.999412450865975,2025,10.57,15.42100283822137,-134.22
2026,37,139,Pasquotank,187.97007923412218,corn,NC,5.46,883.62,1.097906819716408,970.1324240378124,1026.316632618307,56.18420858049467,2025,4.95,10.3030303030303,-27.39
2026,37,139,Pasquotank,61.04363695588517,soybeans,NC,12.2,581.19,1.097906819716408,638.0924645509792,744.732370861799,106.63990631081981,2025,10.57,15.42100283822137,-134.22
2026,37,141,Pender,162.08980668916908,corn,NC,5.46,883.62,1.097906819716408,970.1324240378124,885.0103445228632,-85.12207951494918,2025,4.95,10.3030303030303,-27.39
2026,37,141,Pender,47.47286890360204,soybeans,NC,12.2,581.19,1.097906819716408,638.0924645509792,579.1690006239448,-58.92346392703439,2025,10.57,15.42100283822137,-134.22
2026,37,143,Perquimans,194.42711678014604,corn,NC,5.46,883.62,1.097906819716408,970.1324240378124,1061.5720576195974,91.43963358178507,2025,4.95,10.3030303030303,-27.39
2026,37,143,Perquimans,55.039991728213984,soybeans,NC,12.2,581.19,1.097906819716408,638.0924645509792,671.4878990842105,33.39543453323131,2025,10.57,15.42100283822137,-134.22
2026,37,147,Pitt,177.4345909803591,corn,NC,5.46,883.62,1.097906819716408,970.1324240378124,968.7928667527607,-1.3395572850516828,2025,4.95,10.3030303030303,-27.39
2026,37,147,Pitt,52.266016776250765,soybeans,NC,12.2,581.19,1.097906819716408,638.0924645509792,637.6454046702593,-0.44705988071996217,2025,10.57,15.42100283822137,-134.22
2026,37,151,Randolph,174.5897394013028,corn,NC,5.46,883.62,1.097906819716408,970.1324240378124,953.2599771311134,-16.872446906698997,2025,4.95,10.3030303030303,-27.39
2026,37,151,Randolph,58.46114140765167,soybeans,NC,12.2,581.19,1.097906819716408,638.0924645509792,713.2259251733503,75.1334606223711,2025,10.57,15.42100283822137,-134.22
2026,37,155,Robeson,172.3616915031771,corn,NC,5.46,883.62,1.097906819716408,970.1324240378124,941.0948356073469,-29.037588430465462,2025,4.95,10.3030303030303,-27.39
2026,37,155,Robeson,47.4553341260953,soybeans,NC,12.2,581.19,1.097906819716408,638.0924645509792,578.9550763383627,-59.13738821261654,2025,10.57,15.42100283822137,-134.22
2026,37,157,Rockingham,52.095281788082495,soybeans,NC,12.2,581.19,1.097906819716408,638.0924645509792,635.5624378146064,-2.530026736372861,2025,10.57,15.42100283822137,-134.22
2026,37,159,Rowan,190.26166499718394,corn,NC,5.46,883.62,1.097906819716408,970.1324240378124,1038.8286908846244,68.69626684681202,2025,4.95,10.3030303030303,-27.39
2026,37,159,Rowan,57.161872794822614,soybeans,NC,12.2,581.19,1.097906819716408,638.0924645509792,697.3748480968359,59.282383545856646,2025,10.57,15.42100283822137,-134.22
2026,37,163,Sampson,155.50458065711666,corn,NC,5.46,883.62,1.097906819716408,970.1324240378124,849.055010387857,-121.07741364995536,2025,4.95,10.3030303030303,-27.39
2026,37,163,Sampson,42.907824169075994,soybeans,NC,12.2,581.19,1.097906819716408,638.0924645509792,523.4754548627271,-114.6170096882521,2025,10.57,15.42100283822137,-134.22
2026,37,165,Scotland,154.5977478179886,corn,NC,5.46,883.62,1.097906819716408,970.1324240378124,844.1037030862177,-126.02872095159466,2025,4.95,10.3030303030303,-27.39
2026,37,165,Scotland,44.71574147553292,soybeans,NC,12.2,581.19,1.097906819716408,638.0924645509792,545.5320460015016,-92.56041854947762,2025,10.57,15.42100283822137,-134.22
2026,37,167,Stanly,175.180373561458,corn,NC,5.46,883.62,1.097906819716408,970.1324240378124,956.4848396455607,-13.647584392251702,2025,4.95,10.3030303030303,-27.39
2026,37,167,Stanly,58.69899692210137,soybeans,NC,12.2,581.19,1.097906819716408,638.0924645509792,716.1277624496367,78.03529789865752,2025,10.57,15.42100283822137,-134.22
2026,37,171,Surry,193.82048671301925,corn,NC,5.46,883.62,1.097906819716408,970.1324240378124,1058.259857453085,88.12743341527266,2025,4.95,10.3030303030303,-27.39
2026,37,171,Surry,60.944880011171925,soybeans,NC,12.2,581.19,1.097906819716408,638.0924645509792,743.5275361362975,105.43507158531827,2025,10.57,15.42100283822137,-134.22
2026,37,177,Tyrrell,184.32019919326368,corn,NC,5.46,883.62,1.097906819716408,970.1324240378124,1006.3882875952197,36.25586355740734,2025,4.95,10.3030303030303,-27.39
2026,37,177,Tyrrell,55.42972443356647,soybeans,NC,12.2,581.19,1.097906819716408,638.0924645509792,676.2426380895109,38.1501735385317,2025,10.57,15.42100283822137,-134.22
2026,37,179,Union,160.89758088662285,corn,NC,5.46,883.62,1.097906819716408,970.1324240378124,878.5007916409608,-91.63163239685161,2025,4.95,10.3030303030303,-27.39
2026,37,179,Union,53.109489802977585,soybeans,NC,12.2,581.19,1.097906819716408,638.0924645509792,647.9357755963265,9.843311045347264,2025,10.57,15.42100283822137,-134.22
2026,37,185,Warren,56.16806593879658,soybeans,NC,12.2,581.19,1.097906819716408,638.0924645509792,685.2504044533182,47.15793990233897,2025,10.57,15.42100283822137,-134.22
2026,37,187,Washington,181.33760490098334,corn,NC,5.46,883.62,1.097906819716408,970.1324240378124,990.103322759369,19.970898721556637,2025,4.95,10.3030303030303,-27.39
2026,37,187,Washington,57.71700045173593,soybeans,NC,12.2,581.19,1.097906819716408,638.0924645509792,704.1474055111782,66.05494096019902,2025,10.57,15.42100283822137,-134.22
2026,37,191,Wayne,180.37847439792023,corn,NC,5.46,883.62,1.097906819716408,970.1324240378124,984.8664702126445,14.734046174832088,2025,4.95,10.3030303030303,-27.39
2026,37,191,Wayne,50.329920639315105,soybeans,NC,12.2,581.19,1.097906819716408,638.0924645509792,614.0250317996442,-24.06743275133499,2025,10.57,15.42100283822137,-134.22
2026,37,193,Wilkes,186.57541166295164,corn,NC,5.46,883.62,1.097906819716408,970.1324240378124,1018.7017476797159,48.569323641903566,2025,4.95,10.3030303030303,-27.39
2026,37,195,Wilson,168.2673518203205,corn,NC,5.46,883.62,1.097906819716408,970.1324240378124,918.7397409389499,-51.39268309886245,2025,4.95,10.3030303030303,-27.39
2026,37,195,Wilson,51.04315982702567,soybeans,NC,12.2,581.19,1.097906819716408,638.0924645509792,622.7265498897132,-15.36591466126606,2025,10.57,15.42100283822137,-134.22
2026,37,197,Yadkin,190.56428790762396,corn,NC,5.46,883.62,1.097906819716408,970.1324240378124,1040.4810119756269,70.3485879378145,2025,4.95,10.3030303030303,-27.39
2026,37,197,Yadkin,58.809264465736575,soybeans,NC,12.2,581.19,1.097906819716408,638.0924645509792,717.4730264819862,79.38056193100692,2025,10.57,15.42100283822137,-134.22
2026,31,001,Adams,198.56298311431883,corn,NE,4.25,772.8,1.097906819716408,848.46239027684,843.892678235855,-4.569712040984996,2025,3.71,14.555256064690028,1.83
2026,31,001,Adams,59.79522770925364,soybeans,NE,11.6,521.43,1.097906819716408,572.4815530047265,693.6246414273422,121.14308842261573,2025,9.37,23.799359658484533,-107.05
2026,31,003,Antelope,193.40184687396882,corn,NE,4.25,772.8,1.097906819716408,848.46239027684,821.9578492143675,-26.504541062472526,2025,3.71,14.555256064690028,1.83
2026,31,003,Antelope,63.489136992883175,soybeans,NE,11.6,521.43,1.097906819716408,572.4815530047265,736.4739891174448,163.99243611271834,2025,9.37,23.799359658484533,-107.05
2026,31,007,Banner,159.10494733183404,corn,NE,4.25,772.8,1.097906819716408,848.46239027684,676.1960261602947,-172.26636411654533,2025,3.71,14.555256064690028,1.83
2026,31,011,Boone,193.88703784008288,corn,NE,4.25,772.8,1.097906819716408,848.46239027684,824.0199108203523,-24.442479456487717,2025,3.71,14.555256064690028,1.83
2026,31,011,Boone,64.25945706019009,soybeans,NE,11.6,521.43,1.097906819716408,572.4815530047265,745.409701898205,172.92814889347846,2025,9.37,23.799359658484533,-107.05
2026,31,013,Box Butte,150.30060788054817,corn,NE,4.25,772.8,1.097906819716408,848.46239027684,638.7775834923298,-209.68480678451022,2025,3.71,14.555256064690028,1.83
2026,31,015,Boyd,163.14104900413844,corn,NE,4.25,772.8,1.097906819716408,848.46239027684,693.3494582675884,-155.1129320092516,2025,3.71,14.555256064690028,1.83
2026,31,015,Boyd,48.84896894388499,soybeans,NE,11.6,521.43,1.097906819716408,572.4815530047265,566.6480397490659,-5.833513255660591,2025,9.37,23.799359658484533,-107.05
2026,31,017,Brown,198.73746519077753,corn,NE,4.25,772.8,1.097906819716408,848.46239027684,844.6342270608045,-3.8281632160354775,2025,3.71,14.555256064690028,1.83
2026,31,017,Brown,59.304600982741256,soybeans,NE,11.6,521.43,1.097906819716408,572.4815530047265,687.9333713997986,115.45181839507211,2025,9.37,23.799359658484533,-107.05
2026,31,019,Buffalo,190.04201324994648,corn,NE,4.25,772.8,1.097906819716408,848.46239027684,807.6785563122726,-40.78383396456741,2025,3.71,14.555256064690028,1.83
2026,31,019,Buffalo,59.33685629929019,soybeans,NE,11.6,521.43,1.097906819716408,572.4815530047265,688.3075330717662,115.82598006703972,2025,9.37,23.799359658484533,-107.05
2026,31,021,Burt,201.45894955750308,corn,NE,4.25,772.8,1.097906819716408,848.46239027684,856.2005356193881,7.738145342548137,2025,3.71,14.555256064690028,1.83
2026,31,021,Burt,64.22562318575874,soybeans,NE,11.6,521.43,1.097906819716408,572.4815530047265,745.0172289548013,172.53567595007485,2025,9.37,23.799359658484533,-107.05
2026,31,023,Butler,205.46645031819946,corn,NE,4.25,772.8,1.097906819716408,848.46239027684,873.2324138523477,24.770023575507707,2025,3.71,14.555256064690028,1.83
2026,31,023,Butler,62.476820788896916,soybeans,NE,11.6,521.43,1.097906819716408,572.4815530047265,724.7311211512042,152.2495681464777,2025,9.37,23.799359658484533,-107.05
2026,31,025,Cass,195.48016976268838,corn,NE,4.25,772.8,1.097906819716408,848.46239027684,830.7907214914256,-17.67166878541434,2025,3.71,14.555256064690028,1.83
2026,31,025,Cass,60.697114952152674,soybeans,NE,11.6,521.43,1.097906819716408,572.4815530047265,704.086533444971,131.6049804402445,2025,9.37,23.799359658484533,-107.05
2026,31,027,Cedar,187.22300729132036,corn,NE,4.25,772.8,1.097906819716408,848.46239027684,795.6977809881115,-52.76460928872848,2025,3.71,14.555256064690028,1.83
2026,31,027,Cedar,60.30455640476988,soybeans,NE,11.6,521.43,1.097906819716408,572.4815530047265,699.5328542953306,127.0513012906041,2025,9.37,23.799359658484533,-107.05
2026,31,029,Chase,160.58793094200138,corn,NE,4.25,772.8,1.097906819716408,848.46239027684,682.4987065035059,-165.96368377333408,2025,3.71,14.555256064690028,1.83
2026,31,029,Chase,46.41461183519229,soybeans,NE,11.6,521.43,1.097906819716408,572.4815530047265,538.4094972882306,-34.072055716495925,2025,9.37,23.799359658484533,-107.05
2026,31,031,Cherry,183.5827897558841,corn,NE,4.25,772.8,1.097906819716408,848.46239027684,780.2268564625075,-68.23553381433248,2025,3.71,14.555256064690028,1.83
2026,31,033,Cheyenne,147.50305070576366,corn,NE,4.25,772.8,1.097906819716408,848.46239027684,626.8879654994955,-221.57442477734446,2025,3.71,14.555256064690028,1.83
2026,31,035,Clay,200.40565901752134,corn,NE,4.25,772.8,1.097906819716408,848.46239027684,851.7240508244657,3.261660547625752,2025,3.71,14.555256064690028,1.83
2026,31,035,Clay,58.735702744477734,soybeans,NE,11.6,521.43,1.097906819716408,572.4815530047265,681.3341518359417,108.85259883121523,2025,9.37,23.799359658484533,-107.05
2026,31,037,Colfax,205.47268857434392,corn,NE,4.25,772.8,1.097906819716408,848.46239027684,873.2589264409617,24.796536164121676,2025,3.71,14.555256064690028,1.83
2026,31,037,Colfax,62.882954024019604,soybeans,NE,11.6,521.43,1.097906819716408,572.4815530047265,729.4422666786273,156.96071367390084,2025,9.37,23.799359658484533,-107.05
2026,31,039,Cuming,206.0515680487486,corn,NE,4.25,772.8,1.097906819716408,848.46239027684,875.7191642071816,27.256773930341637,2025,3.71,14.555256064690028,1.83
2026,31,039,Cuming,64.71956506985427,soybeans,NE,11.6,521.43,1.097906819716408,572.4815530047265,750.7469548103095,178.265401805583,2025,9.37,23.799359658484533,-107.05
2026,31,041,Custer,198.75417818690298,corn,NE,4.25,772.8,1.097906819716408,848.46239027684,844.7052572943377,-3.7571329825022985,2025,3.71,14.555256064690028,1.83
2026,31,041,Custer,60.95333121756844,soybeans,NE,11.6,521.43,1.097906819716408,572.4815530047265,707.0586421237939,134.5770891190674,2025,9.37,23.799359658484533,-107.05
2026,31,043,Dakota,199.17382476687993,corn,NE,4.25,772.8,1.097906819716408,848.46239027684,846.4887552592397,-1.9736350176002588,2025,3.71,14.555256064690028,1.83
2026,31,043,Dakota,64.39759145436136,soybeans,NE,11.6,521.43,1.097906819716408,572.4815530047265,747.0120608705918,174.53050786586527,2025,9.37,23.799359658484533,-107.05
2026,31,045,Dawes,130.6979840953989,corn,NE,4.25,772.8,1.097906819716408,848.46239027684,555.4664324054454,-292.9959578713946,2025,3.71,14.555256064690028,1.83
2026,31,047,Dawson,191.0027735523575,corn,NE,4.25,772.8,1.097906819716408,848.46239027684,811.7617875975194,-36.70060267932058,2025,3.71,14.555256064690028,1.83
2026,31,047,Dawson,59.52691666318701,soybeans,NE,11.6,521.43,1.097906819716408,572.4815530047265,690.5122332929693,118.03068028824282,2025,9.37,23.799359658484533,-107.05
2026,31,049,Deuel,155.26123329787094,corn,NE,4.25,772.8,1.097906819716408,848.46239027684,659.8602415159515,-188.60214876088844,2025,3.71,14.555256064690028,1.83
2026,31,051,Dixon,189.69832139136003,corn,NE,4.25,772.8,1.097906819716408,848.46239027684,806.2178659132801,-42.24452436355989,2025,3.71,14.555256064690028,1.83
2026,31,051,Dixon,60.64985958855316,soybeans,NE,11.6,521.43,1.097906819716408,572.4815530047265,703.5383712272167,131.05681822249016,2025,9.37,23.799359658484533,-107.05
2026,31,053,Dodge,200.9359075079262,corn,NE,4.25,772.8,1.097906819716408,848.46239027684,853.9776069086863,5.515216631846329,2025,3.71,14.555256064690028,1.83
2026,31,053,Dodge,63.22928077993624,soybeans,NE,11.6,521.43,1.097906819716408,572.4815530047265,733.4596570472604,160.97810404253391,2025,9.37,23.799359658484533,-107.05
2026,31,055,Douglas,195.14792867882164,corn,NE,4.25,772.8,1.097906819716408,848.46239027684,829.378696884992,-19.083693391847987,2025,3.71,14.555256064690028,1.83
2026,31,055,Douglas,59.04843247969956,soybeans,NE,11.6,521.43,1.097906819716408,572.4815530047265,684.9618167645149,112.48026375978839,2025,9.37,23.799359658484533,-107.05
2026,31,057,Dundy,154.65259065881258,corn,NE,4.25,772.8,1.097906819716408,848.46239027684,657.2735102999535,-191.18887997688648,2025,3.71,14.555256064690028,1.83
2026,31,059,Fillmore,199.61799639096625,corn,NE,4.25,772.8,1.097906819716408,848.46239027684,848.3764846616066,-0.08590561523340057,2025,3.71,14.555256064690028,1.83
2026,31,059,Fillmore,62.80053327526071,soybeans,NE,11.6,521.43,1.097906819716408,572.4815530047265,728.4861859930243,156.00463298829777,2025,9.37,23.799359658484533,-107.05
2026,31,061,Franklin,197.7631867490697,corn,NE,4.25,772.8,1.097906819716408,848.46239027684,840.4935436835461,-7.968846593293847,2025,3.71,14.555256064690028,1.83
2026,31,061,Franklin,58.755761389850264,soybeans,NE,11.6,521.43,1.097906819716408,572.4815530047265,681.566832122263,109.08527911753652,2025,9.37,23.799359658484533,-107.05
2026,31,063,Frontier,150.65642875512458,corn,NE,4.25,772.8,1.097906819716408,848.46239027684,640.2898222092795,-208.17256806756052,2025,3.71,14.555256064690028,1.83
2026,31,063,Frontier,48.71094231619948,soybeans,NE,11.6,521.43,1.097906819716408,572.4815530047265,565.0469308679139,-7.43462213681255,2025,9.37,23.799359658484533,-107.05
2026,31,065,Furnas,148.86656923294026,corn,NE,4.25,772.8,1.097906819716408,848.46239027684,632.6829192399962,-215.7794710368438,2025,3.71,14.555256064690028,1.83
2026,31,065,Furnas,43.176974560345414,soybeans,NE,11.6,521.43,1.097906819716408,572.4815530047265,500.85290490000676,-71.62864810471973,2025,9.37,23.799359658484533,-107.05
2026,31,067,Gage,194.28705935372452,corn,NE,4.25,772.8,1.097906819716408,848.46239027684,825.7200022533292,-22.742388023510784,2025,3.71,14.555256064690028,1.83
2026,31,067,Gage,60.65512533240525,soybeans,NE,11.6,521.43,1.097906819716408,572.4815530047265,703.5994538559008,131.11790085117434,2025,9.37,23.799359658484533,-107.05
2026,31,069,Garden,154.68031069859336,corn,NE,4.25,772.8,1.097906819716408,848.46239027684,657.3913204690218,-191.07106980781816,2025,3.71,14.555256064690028,1.83
2026,31,071,Garfield,198.88105158696382,corn,NE,4.25,772.8,1.097906819716408,848.46239027684,845.2444692445962,-3.217921032243794,2025,3.71,14.555256064690028,1.83
2026,31,073,Gosper,188.34144841739953,corn,NE,4.25,772.8,1.097906819716408,848.46239027684,800.451155773948,-48.011234502891966,2025,3.71,14.555256064690028,1.83
2026,31,073,Gosper,53.448024403553134,soybeans,NE,11.6,521.43,1.097906819716408,572.4815530047265,619.9970830812164,47.51553007648988,2025,9.37,23.799359658484533,-107.05
2026,31,077,Greeley,194.69649480526147,corn,NE,4.25,772.8,1.097906819716408,848.46239027684,827.4601029223612,-21.002287354478767,2025,3.71,14.555256064690028,1.83
2026,31,077,Greeley,62.995116380500164,soybeans,NE,11.6,521.43,1.097906819716408,572.4815530047265,730.7433500138019,158.2617970090754,2025,9.37,23.799359658484533,-107.05
2026,31,079,Hall,199.63454296416563,corn,NE,4.25,772.8,1.097906819716408,848.46239027684,848.4468075977039,-0.015582679136059596,2025,3.71,14.555256064690028,1.83
2026,31,079,Hall,58.99713146589871,soybeans,NE,11.6,521.43,1.097906819716408,572.4815530047265,684.366725004425,111.88517199969851,2025,9.37,23.799359658484533,-107.05
2026,31,081,Hamilton,206.75728408459594,corn,NE,4.25,772.8,1.097906819716408,848.46239027684,878.7184573595327,30.256067082692766,2025,3.71,14.555256064690028,1.83
2026,31,081,Hamilton,62.34744611276337,soybeans,NE,11.6,521.43,1.097906819716408,572.4815530047265,723.2303749080551,150.74882190332858,2025,9.37,23.799359658484533,-107.05
2026,31,083,Harlan,182.7573402867232,corn,NE,4.25,772.8,1.097906819716408,848.46239027684,776.7186962185737,-71.74369405826633,2025,3.71,14.555256064690028,1.83
2026,31,083,Harlan,55.97576977195958,soybeans,NE,11.6,521.43,1.097906819716408,572.4815530047265,649.318929354731,76.83737635000455,2025,9.37,23.799359658484533,-107.05
2026,31,085,Hayes,167.72120353511687,corn,NE,4.25,772.8,1.097906819716408,848.46239027684,712.8151150242467,-135.64727525259332,2025,3.71,14.555256064690028,1.83
2026,31,085,Hayes,55.958778985945585,soybeans,NE,11.6,521.43,1.097906819716408,572.4815530047265,649.1218362369688,76.64028323224227,2025,9.37,23.799359658484533,-107.05
2026,31,087,Hitchcock,145.44448509514783,corn,NE,4.25,772.8,1.097906819716408,848.46239027684,618.1390616543782,-230.32332862246176,2025,3.71,14.555256064690028,1.83
2026,31,089,Holt,201.00410883963863,corn,NE,4.25,772.8,1.097906819716408,848.46239027684,854.2674625684642,5.805072291624242,2025,3.71,14.555256064690028,1.83
2026,31,089,Holt,59.757304106197125,soybeans,NE,11.6,521.43,1.097906819716408,572.4815530047265,693.1847276318866,120.70317462716014,2025,9.37,23.799359658484533,-107.05
2026,31,093,Howard,195.51301078780895,corn,NE,4.25,772.8,1.097906819716408,848.46239027684,830.930295848188,-17.53209442865193,2025,3.71,14.555256064690028,1.83
2026,31,093,Howard,59.30060993795441,soybeans,NE,11.6,521.43,1.097906819716408,572.4815530047265,687.8870752802711,115.40552227554463,2025,9.37,23.799359658484533,-107.05
2026,31,095,Jefferson,193.13404678741426,corn,NE,4.25,772.8,1.097906819716408,848.46239027684,820.8196988465106,-27.642691430329364,2025,3.71,14.555256064690028,1.83
2026,31,095,Jefferson,58.21985840120753,soybeans,NE,11.6,521.43,1.097906819716408,572.4815530047265,675.3503574540074,102.8688044492809,2025,9.37,23.799359658484533,-107.05
2026,31,097,Johnson,191.4497293298851,corn,NE,4.25,772.8,1.097906819716408,848.46239027684,813.6613496520116,-34.801040624828374,2025,3.71,14.555256064690028,1.83
2026,31,097,Johnson,59.53734877724571,soybeans,NE,11.6,521.43,1.097906819716408,572.4815530047265,690.6332458160502,118.15169281132376,2025,9.37,23.799359658484533,-107.05
2026,31,099,Kearney,193.3998189559164,corn,NE,4.25,772.8,1.097906819716408,848.46239027684,821.9492305626447,-26.51315971419524,2025,3.71,14.555256064690028,1.83
2026,31,099,Kearney,60.78882681758587,soybeans,NE,11.6,521.43,1.097906819716408,572.4815530047265,705.150391083996,132.66883807926956,2025,9.37,23.799359658484533,-107.05
2026,31,101,Keith,158.28176086173477,corn,NE,4.25,772.8,1.097906819716408,848.46239027684,672.6974836623727,-175.76490661446724,2025,3.71,14.555256064690028,1.83
2026,31,101,Keith,50.54329647933203,soybeans,NE,11.6,521.43,1.097906819716408,572.4815530047265,586.3022391602515,13.820686155524982,2025,9.37,23.799359658484533,-107.05
2026,31,103,Keya Paha,199.612497305454,corn,NE,4.25,772.8,1.097906819716408,848.46239027684,848.3531135481795,-0.10927672866046123,2025,3.71,14.555256064690028,1.83
2026,31,103,Keya Paha,59.45134290456586,soybeans,NE,11.6,521.43,1.097906819716408,572.4815530047265,689.635577692964,117.15402468823754,2025,9.37,23.799359658484533,-107.05
2026,31,105,Kimball,144.65795894209907,corn,NE,4.25,772.8,1.097906819716408,848.46239027684,614.796325503921,-233.66606477291896,2025,3.71,14.555256064690028,1.83
2026,31,107,Knox,191.31160646178236,corn,NE,4.25,772.8,1.097906819716408,848.46239027684,813.0743274625751,-35.38806281426491,2025,3.71,14.555256064690028,1.83
2026,31,107,Knox,60.72872199929682,soybeans,NE,11.6,521.43,1.097906819716408,572.4815530047265,704.4531751918431,131.97162218711662,2025,9.37,23.799359658484533,-107.05
2026,31,109,Lancaster,197.95084839927446,corn,NE,4.25,772.8,1.097906819716408,848.46239027684,841.2911056969165,-7.171284579923508,2025,3.71,14.555256064690028,1.83
2026,31,109,Lancaster,60.52308528918918,soybeans,NE,11.6,521.43,1.097906819716408,572.4815530047265,702.0677893545945,129.58623634986805,2025,9.37,23.799359658484533,-107.05
2026,31,111,Lincoln,201.61310646120785,corn,NE,4.25,772.8,1.097906819716408,848.46239027684,856.8557024601333,8.393312183293347,2025,3.71,14.555256064690028,1.83
2026,31,111,Lincoln,59.846686290145385,soybeans,NE,11.6,521.43,1.097906819716408,572.4815530047265,694.2215609656864,121.74000796095993,2025,9.37,23.799359658484533,-107.05
2026,31,113,Logan,204.71207458006566,corn,NE,4.25,772.8,1.097906819716408,848.46239027684,870.0263169652791,21.563926688439096,2025,3.71,14.555256064690028,1.83
2026,31,113,Logan,62.335225305419925,soybeans,NE,11.6,521.43,1.097906819716408,572.4815530047265,723.0886135428711,150.60706053814465,2025,9.37,23.799359658484533,-107.05
2026,31,115,Loup,199.75949831710707,corn,NE,4.25,772.8,1.097906819716408,848.46239027684,848.977867847705,0.5154775708650732,2025,3.71,14.555256064690028,1.83
2026,31,119,Madison,192.38304962626722,corn,NE,4.25,772.8,1.097906819716408,848.46239027684,817.6279609116357,-30.8344293652043,2025,3.71,14.555256064690028,1.83
2026,31,119,Madison,63.45484481700281,soybeans,NE,11.6,521.43,1.097906819716408,572.4815530047265,736.0761998772325,163.59464687250602,2025,9.37,23.799359658484533,-107.05
2026,31,121,Merrick,203.46485686114235,corn,NE,4.25,772.8,1.097906819716408,848.46239027684,864.725641659855,16.263251383015017,2025,3.71,14.555256064690028,1.83
2026,31,121,Merrick,59.89547399362269,soybeans,NE,11.6,521.43,1.097906819716408,572.4815530047265,694.7874983260232,122.30594532129669,2025,9.37,23.799359658484533,-107.05
2026,31,123,Morrill,168.95220729846366,corn,NE,4.25,772.8,1.097906819716408,848.46239027684,718.0468810184706,-130.4155092583694,2025,3.71,14.555256064690028,1.83
2026,31,125,Nance,198.5935420462393,corn,NE,4.25,772.8,1.097906819716408,848.46239027684,844.022553696517,-4.4398365803230035,2025,3.71,14.555256064690028,1.83
2026,31,125,Nance,59.391859114477256,soybeans,NE,11.6,521.43,1.097906819716408,572.4815530047265,688.9455657279361,116.46401272320963,2025,9.37,23.799359658484533,-107.05
2026,31,127,Nemaha,195.05683123223096,corn,NE,4.25,772.8,1.097906819716408,848.46239027684,828.9915327369816,-19.470857539858343,2025,3.71,14.555256064690028,1.83
2026,31,127,Nemaha,59.769794711281435,soybeans,NE,11.6,521.43,1.097906819716408,572.4815530047265,693.3296186508646,120.84806564613814,2025,9.37,23.799359658484533,-107.05
2026,31,129,Nuckolls,199.16074330053598,corn,NE,4.25,772.8,1.097906819716408,848.46239027684,846.433159027278,-2.029231249562031,2025,3.71,14.555256064690028,1.83
2026,31,129,Nuckolls,60.340577587542704,soybeans,NE,11.6,521.43,1.097906819716408,572.4815530047265,699.9507000154954,127.46914701076889,2025,9.37,23.799359658484533,-107.05
2026,31,131,Otoe,192.54183979696174,corn,NE,4.25,772.8,1.097906819716408,848.46239027684,818.3028191370873,-30.159571139752643,2025,3.71,14.555256064690028,1.83
2026,31,131,Otoe,60.75142970336935,soybeans,NE,11.6,521.43,1.097906819716408,572.4815530047265,704.7165845590844,132.23503155435787,2025,9.37,23.799359658484533,-107.05
2026,31,133,Pawnee,197.6714919489004,corn,NE,4.25,772.8,1.097906819716408,848.46239027684,840.1038407828268,-8.358549494013232,2025,3.71,14.555256064690028,1.83
2026,31,133,Pawnee,60.108926021405786,soybeans,NE,11.6,521.43,1.097906819716408,572.4815530047265,697.2635418483071,124.78198884358062,2025,9.37,23.799359658484533,-107.05
2026,31,135,Perkins,149.59495095525926,corn,NE,4.25,772.8,1.097906819716408,848.46239027684,635.7785415598519,-212.6838487169881,2025,3.71,14.555256064690028,1.83
2026,31,135,Perkins,48.65610462619323,soybeans,NE,11.6,521.43,1.097906819716408,572.4815530047265,564.4108136638415,-8.070739340884984,2025,9.37,23.799359658484533,-107.05
2026,31,137,Phelps,191.24749667274995,corn,NE,4.25,772.8,1.097906819716408,848.46239027684,812.8018608591873,-35.6605294176527,2025,3.71,14.555256064690028,1.83
2026,31,137,Phelps,58.770490060931294,soybeans,NE,11.6,521.43,1.097906819716408,572.4815530047265,681.737684706803,109.25613170207646,2025,9.37,23.799359658484533,-107.05
2026,31,139,Pierce,185.77410667272497,corn,NE,4.25,772.8,1.097906819716408,848.46239027684,789.5399533590811,-58.92243691775889,2025,3.71,14.555256064690028,1.83
2026,31,139,Pierce,60.96733182618063,soybeans,NE,11.6,521.43,1.097906819716408,572.4815530047265,707.2210491836953,134.7394961789688,2025,9.37,23.799359658484533,-107.05
2026,31,141,Platte,203.65540231532827,corn,NE,4.25,772.8,1.097906819716408,848.46239027684,865.5354598401452,17.07306956330524,2025,3.71,14.555256064690028,1.83
2026,31,141,Platte,62.429070549316506,soybeans,NE,11.6,521.43,1.097906819716408,572.4815530047265,724.1772183720715,151.695665367345,2025,9.37,23.799359658484533,-107.05
2026,31,143,Polk,205.61242197073543,corn,NE,4.25,772.8,1.097906819716408,848.46239027684,873.8527933756255,25.390403098785555,2025,3.71,14.555256064690028,1.83
2026,31,143,Polk,63.263857532950524,soybeans,NE,11.6,521.43,1.097906819716408,572.4815530047265,733.860747382226,161.37919437749952,2025,9.37,23.799359658484533,-107.05
2026,31,145,Red Willow,149.9436576174839,corn,NE,4.25,772.8,1.097906819716408,848.46239027684,637.2605448743066,-211.20184540253342,2025,3.71,14.555256064690028,1.83
2026,31,145,Red Willow,48.63221888353965,soybeans,NE,11.6,521.43,1.097906819716408,572.4815530047265,564.13373904906,-8.347813955666538,2025,9.37,23.799359658484533,-107.05
2026,31,147,Richardson,198.4725495181438,corn,NE,4.25,772.8,1.097906819716408,848.46239027684,843.5083354521112,-4.954054824728814,2025,3.71,14.555256064690028,1.83
2026,31,147,Richardson,59.77857626518033,soybeans,NE,11.6,521.43,1.097906819716408,572.4815530047265,693.4314846760917,120.94993167136522,2025,9.37,23.799359658484533,-107.05
2026,31,149,Rock,209.0424553575114,corn,NE,4.25,772.8,1.097906819716408,848.46239027684,888.4304352694234,39.96804499258337,2025,3.71,14.555256064690028,1.83
2026,31,149,Rock,59.69616719223422,soybeans,NE,11.6,521.43,1.097906819716408,572.4815530047265,692.4755394299169,119.99398642519043,2025,9.37,23.799359658484533,-107.05
2026,31,151,Saline,202.54476129898214,corn,NE,4.25,772.8,1.097906819716408,848.46239027684,860.815235520674,12.352845243834054,2025,3.71,14.555256064690028,1.83
2026,31,151,Saline,59.5618548072667,soybeans,NE,11.6,521.43,1.097906819716408,572.4815530047265,690.9175157642936,118.43596275956713,2025,9.37,23.799359658484533,-107.05
2026,31,153,Sarpy,196.34423851291055,corn,NE,4.25,772.8,1.097906819716408,848.46239027684,834.4630136798698,-13.999376596970137,2025,3.71,14.555256064690028,1.83
2026,31,153,Sarpy,58.62843656427318,soybeans,NE,11.6,521.43,1.097906819716408,572.4815530047265,680.0898641455689,107.60831114084237,2025,9.37,23.799359658484533,-107.05
2026,31,155,Saunders,199.8603695808401,corn,NE,4.25,772.8,1.097906819716408,848.46239027684,849.4065707185705,0.9441804417305093,2025,3.71,14.555256064690028,1.83
2026,31,155,Saunders,60.4027745552405,soybeans,NE,11.6,521.43,1.097906819716408,572.4815530047265,700.6721848407898,128.1906318360633,2025,9.37,23.799359658484533,-107.05
2026,31,157,Scotts Bluff,169.89409337608143,corn,NE,4.25,772.8,1.097906819716408,848.46239027684,722.0498968483461,-126.41249342849392,2025,3.71,14.555256064690028,1.83
2026,31,159,Seward,206.06785552418268,corn,NE,4.25,772.8,1.097906819716408,848.46239027684,875.7883859777763,27.325995700936346,2025,3.71,14.555256064690028,1.83
2026,31,159,Seward,62.92509684867217,soybeans,NE,11.6,521.43,1.097906819716408,572.4815530047265,729.9311234445971,157.44957043987063,2025,9.37,23.799359658484533,-107.05
2026,31,161,Sheridan,149.6834423483971,corn,NE,4.25,772.8,1.097906819716408,848.46239027684,636.1546299806877,-212.3077602961523,2025,3.71,14.555256064690028,1.83
2026,31,163,Sherman,195.9855757861147,corn,NE,4.25,772.8,1.097906819716408,848.46239027684,832.9386970909875,-15.523693185852494,2025,3.71,14.555256064690028,1.83
2026,31,163,Sherman,59.07135967525027,soybeans,NE,11.6,521.43,1.097906819716408,572.4815530047265,685.2277722329031,112.74621922817664,2025,9.37,23.799359658484533,-107.05
2026,31,165,Sioux,163.53319564776677,corn,NE,4.25,772.8,1.097906819716408,848.46239027684,695.0160815030088,-153.44630877383122,2025,3.71,14.555256064690028,1.83
2026,31,167,Stanton,191.62029934047425,corn,NE,4.25,772.8,1.097906819716408,848.46239027684,814.3862721970155,-34.07611807982448,2025,3.71,14.555256064690028,1.83
2026,31,167,Stanton,61.69458534515456,soybeans,NE,11.6,521.43,1.097906819716408,572.4815530047265,715.6571900037928,143.17563699906634,2025,9.37,23.799359658484533,-107.05
2026,31,169,Thayer,200.14958737078865,corn,NE,4.25,772.8,1.097906819716408,848.46239027684,850.6357463258518,2.1733560490117725,2025,3.71,14.555256064690028,1.83
2026,31,169,Thayer,57.962056317712594,soybeans,NE,11.6,521.43,1.097906819716408,572.4815530047265,672.3598532854661,99.87830028073961,2025,9.37,23.799359658484533,-107.05
2026,31,173,Thurston,204.0995234778891,corn,NE,4.25,772.8,1.097906819716408,848.46239027684,867.4229747810288,18.960584504188773,2025,3.71,14.555256064690028,1.83
2026,31,173,Thurston,64.22613897692054,soybeans,NE,11.6,521.43,1.097906819716408,572.4815530047265,745.0232121322782,172.54165912755172,2025,9.37,23.799359658484533,-107.05
2026,31,175,Valley,196.0380134602012,corn,NE,4.25,772.8,1.097906819716408,848.46239027684,833.161557205855,-15.300833070984936,2025,3.71,14.555256064690028,1.83
2026,31,175,Valley,60.772887117459604,soybeans,NE,11.6,521.43,1.097906819716408,572.4815530047265,704.9654905625314,132.4839375578049,2025,9.37,23.799359658484533,-107.05
2026,31,177,Washington,195.62171491078044,corn,NE,4.25,772.8,1.097906819716408,848.46239027684,831.3922883708169,-17.07010190602307,2025,3.71,14.555256064690028,1.83
2026,31,177,Washington,59.77182976426174,soybeans,NE,11.6,521.43,1.097906819716408,572.4815530047265,693.3532252654361,120.8716722607096,2025,9.37,23.799359658484533,-107.05
2026,31,179,Wayne,188.90407515583928,corn,NE,4.25,772.8,1.097906819716408,848.46239027684,802.8423194123169,-45.620070864523086,2025,3.71,14.555256064690028,1.83
2026,31,179,Wayne,63.840970981418444,soybeans,NE,11.6,521.43,1.097906819716408,572.4815530047265,740.555263384454,168.07371037972746,2025,9.37,23.799359658484533,-107.05
2026,31,181,Webster,200.44961712228977,corn,NE,4.25,772.8,1.097906819716408,848.46239027684,851.9108727697316,3.4484824928915714,2025,3.71,14.555256064690028,1.83
2026,31,181,Webster,57.247984591676364,soybeans,NE,11.6,521.43,1.097906819716408,572.4815530047265,664.0766212634458,91.59506825871927,2025,9.37,23.799359658484533,-107.05
2026,31,183,Wheeler,191.3314713299778,corn,NE,4.25,772.8,1.097906819716408,848.46239027684,813.1587531524057,-35.30363712443432,2025,3.71,14.555256064690028,1.83
2026,31,183,Wheeler,61.78153015044277,soybeans,NE,11.6,521.43,1.097906819716408,572.4815530047265,716.665749745136,144.18419674040956,2025,9.37,23.799359658484533,-107.05
2026,31,185,York,207.92815250542614,corn,NE,4.25,772.8,1.097906819716408,848.46239027684,883.6946481480611,35.23225787122112,2025,3.71,14.555256064690028,1.83
2026,31,185,York,65.4304884395505,soybeans,NE,11.6,521.43,1.097906819716408,572.4815530047265,758.9936658987858,186.51211289405933,2025,9.37,23.799359658484533,-107.05
