year,county_fips,county_name,yield_bu_acre,ndvi_corn_mean,corn_pixel_count,precip_sum_mm,tmean_c,tmax_c,tmin_c
2010,001,ADAIR,139.1,0.7917527783059402,9303,598.0096597936775,23.437460742339923,29.002336102283724,17.873585575140893
2011,001,ADAIR,152.8,0.7902432620567662,11095,358.91027766155776,23.5308884834471,29.086062679287735,17.976708550861783
2012,001,ADAIR,104.4,0.6972772834952731,10857,178.94994198013208,24.139327524981667,31.139548084483646,17.14008831391214
2013,001,ADAIR,137.8,0.7263765331077126,11384,145.29190881033765,22.18281962862041,28.128630532848614,16.23799867801962
2014,001,ADAIR,169.3,0.8047600299348244,10893,624.5963097338275,21.605510700896012,26.92075536821341,16.291272065360644
2015,001,ADAIR,176.5,0.7985820427275773,10843,450.3689224599439,21.80999373172258,27.17160054857088,16.44938662973188
2016,001,ADAIR,190.3,0.8123933174592112,11406,346.0974094438762,23.132489563263423,28.79460152345581,17.47138704081101
2017,001,ADAIR,175.2,0.7845133620817089,10963,267.5350072323165,22.54180121177575,28.844212256578125,16.24039677579913
2018,001,ADAIR,149.5,0.7745642601057261,10909,416.605539741573,23.025853060412988,28.886247187739684,17.16645040930564
2019,001,ADAIR,176.5,0.7798959637961568,10647,303.63136839773307,22.199984953037127,27.680337038187776,16.719732676850416
2020,001,ADAIR,168.7,0.7534858303995676,10447,160.13540703858138,23.47156527117335,29.577376699500903,17.365855992062922
2022,001,ADAIR,164.2,0.7536447008058177,9867,235.1082325946899,23.45875277338901,29.82787177495377,17.08977605881485
2010,003,ADAMS,139.3,0.7908824888812318,6306,514.4541570469088,23.46051473454514,28.942869567045573,17.979175429188366
2011,003,ADAMS,151.7,0.7926466045173298,6956,381.0327445513456,23.621717133859462,29.15662527722061,18.08781491981082
2012,003,ADAMS,109.8,0.7205773206559682,6894,230.66726756592695,24.073999840448064,31.13207432949757,17.016926916634667
2013,003,ADAMS,147.6,0.7451949961175124,7247,196.90318771843056,22.053284131569967,27.967554145652844,16.140009380836712
2014,003,ADAMS,169.9,0.8159143922751261,7189,562.8049621757426,21.596739663770254,26.890737954663702,16.30374455925603
2015,003,ADAMS,169.6,0.7776113705261949,6990,545.1434207874946,21.87222944464784,27.23697171775687,16.50848576855902
2016,003,ADAMS,187.4,0.8145073413529137,7311,442.3477280327263,23.11688808787052,28.72422881110926,17.510533143328114
2017,003,ADAMS,179.9,0.7946319703568321,7164,290.47330409799747,22.405569111622405,28.715309010241313,16.096828676317447
2018,003,ADAMS,171.6,0.7997100459416212,6913,399.9063550883532,23.013924698292033,28.968097802174356,17.060754239087075
2020,003,ADAMS,173.3,0.7707516813315759,6565,196.10500624127317,23.48696563099917,29.53004267951984,17.443987712104768
2010,005,ALLAMAKEE,175.8,0.8191112432198041,5370,482.7757855132862,22.206473412954015,27.34234893782664,17.07159300964776
2011,005,ALLAMAKEE,173.3,0.7940182623369229,6885,226.44541761384264,22.225926219002385,27.71459834544771,16.738256194367803
2012,005,ALLAMAKEE,153.6,0.7687033925819504,5576,183.34411298736697,22.767667762150527,29.13257364295935,16.40376210263218
2013,005,ALLAMAKEE,162.1,0.7460772223966209,5163,440.7099572861518,21.03427732739209,26.52765628090713,15.541899872087038
2014,005,ALLAMAKEE,175.6,0.8022014147053831,5683,408.6910169697453,20.985138346354848,26.3376770293186,15.633591975928944
2015,005,ALLAMAKEE,175.4,0.8003748588688065,5762,276.4821846979455,20.49915233388942,26.01513456823219,14.984169884856405
2016,005,ALLAMAKEE,205.1,0.8277107963042215,5742,585.7061256338806,21.735104756681498,27.05409869295027,16.417104537695018
2017,005,ALLAMAKEE,190.5,0.7896454687180691,5770,259.56393799340793,20.91043719755851,26.51187293265893,15.30999911210924
2018,005,ALLAMAKEE,198.4,0.7959724955046429,5827,429.9930484701026,21.728849334182787,27.00099569567889,16.457692814377122
2019,005,ALLAMAKEE,187.2,0.7826265044167998,6937,358.00296880290796,21.03265813592069,26.4759599677536,15.589456085546344
2020,005,ALLAMAKEE,196.3,0.7750581392635955,7014,336.84588827363837,21.99579301729913,27.96205548588711,16.029631661513275
2021,005,ALLAMAKEE,198.5,0.8222691531278662,7326,403.8713284421591,22.10335991166424,28.140788083295277,16.110154946154918
2022,005,ALLAMAKEE,215.9,0.7965809207177884,5964,497.39190899624634,21.169382417840417,26.850346799080793,15.488562395587437
2023,005,ALLAMAKEE,183.9,0.7979489714609956,6218,166.1930630035077,21.161007269124003,27.84842179234539,14.473736164259051
2010,007,APPANOOSE,75.2,0.7379403346466741,2606,818.7952953438748,23.971495555090772,29.265004588441784,18.678979568718923
2011,007,APPANOOSE,120.1,0.7663206258040104,3637,388.4064728292777,24.284942457010743,29.6383120750531,18.932573080130332
2012,007,APPANOOSE,44.5,0.65427038643415,3247,163.47656586122946,24.40487241043368,31.49525725483963,17.315478659310315
2013,007,APPANOOSE,109.1,0.7147006274816363,2999,150.8808670456861,22.33163787567083,28.219751844246908,16.44451811601027
2014,007,APPANOOSE,170.9,0.8280284570273462,3527,527.4644841641195,21.851210525970913,27.05916841541499,16.6442466690234
2015,007,APPANOOSE,154.3,0.7790658207956892,3359,684.3927980163427,22.088430514764724,27.232948554864237,16.944900508512532
2016,007,APPANOOSE,186.3,0.7984283998359626,2879,338.2252941363705,23.46785814929427,29.08542176944493,17.851296456169123
2017,007,APPANOOSE,170.0,0.7762405351843272,3038,242.4116938184911,22.77656482179487,29.279227440817312,16.274884365376746
2019,007,APPANOOSE,166.8,0.7572579548830621,2684,407.1395678580442,22.586549096075093,28.198589610662182,16.974607875135302
2020,007,APPANOOSE,143.6,0.7518108950916698,2721,177.9946803761787,23.52679083559158,29.456318827962637,17.597362399303655
2021,007,APPANOOSE,171.6,0.7903114856531251,3009,454.8572398271861,23.46423184197032,29.097804026476876,17.87476482361673
2022,007,APPANOOSE,146.1,0.7760811912129971,2320,213.05989888718295,23.34218666495479,29.45177827592483,17.232736444028006
2023,007,APPANOOSE,172.8,0.8148988956544679,3056,236.4370991741385,22.802330679318707,28.91492070096593,16.689883035188622
2010,009,AUDUBON,160.3,0.8102791524414167,10469,676.0868017331632,22.60817969941528,28.15211116582936,17.06524331929455
2011,009,AUDUBON,176.6,0.8112482723234894,11064,361.8586683627072,22.839662261707673,28.260019534834345,17.420297046949596
2012,009,AUDUBON,114.8,0.7073549541904856,11591,191.6092220677542,23.284235565863632,30.29141766145427,16.27804414917025
2013,009,AUDUBON,157.1,0.7513662121907049,11328,193.91516273256485,21.56368956923392,27.600615261470253,15.52775102265132
2014,009,AUDUBON,185.5,0.8253395426535489,10878,581.3842277269414,21.110983709037335,26.464120636155226,15.75884669378216
2015,009,AUDUBON,189.8,0.8085042393864708,10331,493.94902462912216,21.107107118218657,26.604824210974535,15.61038414103584
2016,009,AUDUBON,206.1,0.8157007993482543,11500,320.0394936413947,22.592991621825732,28.42586220171366,16.76112023833952
2017,009,AUDUBON,211.2,0.8017790612583154,10901,301.9421385469075,21.892185048463137,28.284361018078144,15.501008544583772
2018,009,AUDUBON,180.0,0.8059432747923237,11215,467.4715846757764,22.323532152971513,28.14577322530506,16.50226563335721
2019,009,AUDUBON,216.0,0.835813558226814,10747,329.7803138733843,21.72019982391709,27.296042627833383,16.14445633228105
2020,009,AUDUBON,170.8,0.7728967289248663,10719,126.16730827456544,23.301965345527275,29.91721088078044,16.686821143633914
2021,009,AUDUBON,216.0,0.8226191006123074,9971,352.9360139702277,22.581436795980753,29.143577608368044,16.142419836253634
2022,009,AUDUBON,197.9,0.802695452569565,10310,283.3105605132403,22.50202343980261,28.790882784380116,16.213306788094727
2023,009,AUDUBON,197.6,0.8214534306841816,9912,254.383083427612,21.899228746765036,28.45397064306882,15.344630006699385
2010,011,BENTON,179.0,0.8202176727812286,17000,489.52667389543774,22.894440045286807,28.271598458698193,17.518287810062983
2011,011,BENTON,157.2,0.7968998965379748,17881,271.1372418943001,22.606005342900495,28.282114850464644,16.930894131906985
2012,011,BENTON,129.3,0.7582353735546912,16935,154.07518432419204,22.873923024333138,29.8926602160574,15.856182882222743
2013,011,BENTON,163.7,0.7546892247911319,16138,224.32021349909616,21.62296635270694,27.57456854989423,15.672351794525367
2014,011,BENTON,185.4,0.8247612622753956,16169,407.236977995898,21.276822143743807,26.66772115814111,15.886931093037164
2015,011,BENTON,187.5,0.8276245759980171,16188,433.95012338548867,21.029351074175658,26.549017915983313,15.51067165091744
2016,011,BENTON,199.9,0.8546611615836865,16940,482.1860656136289,22.37326794032402,28.06177344067575,16.685753012779436
2017,011,BENTON,215.3,0.819684676003249,16539,226.55590965435564,21.41405109651544,27.82689493495266,15.002206209178397
2018,011,BENTON,214.6,0.8168136042710232,16765,446.1284482992986,22.37077394875007,28.17349965939526,16.569050815069154
2019,011,BENTON,197.6,0.7906013826882976,17665,264.6276129245647,21.911411889075588,27.730995954383303,16.091927550948867
2020,011,BENTON,144.8,0.7629765612365853,18173,344.7749356224686,22.682481214117765,28.840712815086,16.524350088323445
2021,011,BENTON,211.7,0.8136562904628838,16601,287.4397057149983,23.11536673205036,29.40998704302551,16.80181878674539
2022,011,BENTON,221.7,0.8250103267370242,17234,313.80431715763467,22.52788946761366,28.58435400066299,16.47156705284151
2023,011,BENTON,199.7,0.8029097120265871,17233,176.22562984128822,22.28811523910107,29.054364090377614,15.522007622751332
2010,013,BLACK HAWK,170.4,0.8106328857352854,12748,616.6346883204603,22.657893568610067,27.98031968599187,17.336462823150278
2011,013,BLACK HAWK,186.1,0.7924947146361235,13907,325.04568576750853,22.52578727800936,28.143822952048904,16.908747264156105
2012,013,BLACK HAWK,126.4,0.749310529450978,13088,151.851462439826,22.923944138381803,29.729492395512928,16.11940507031415
2013,013,BLACK HAWK,166.1,0.7477317699603581,12752,270.5351187196456,21.50558934759047,27.27954525595692,15.732615351072686
2014,013,BLACK HAWK,165.2,0.7996852687738946,12755,389.56648119667824,21.061078564698157,26.5076482919747,15.615518109286924
2015,013,BLACK HAWK,192.9,0.8254197589479589,12809,357.5796976636601,20.867295033904224,26.33021064323176,15.40538215308016
2016,013,BLACK HAWK,206.4,0.8360744446571784,13536,495.14026799318015,22.162985681734945,27.675097265895083,16.651870453154174
2017,013,BLACK HAWK,209.2,0.8049774024244448,13499,263.6836193053739,21.278068359023383,27.38771636706181,15.169412628603496
2018,013,BLACK HAWK,206.2,0.8207700671713579,13288,506.0373263878235,22.09976063491759,27.724304542881956,16.47620735419947
2019,013,BLACK HAWK,205.1,0.7978861760772309,14204,255.38903744541045,21.934645863304752,27.62519843288369,16.244193112794214
2020,013,BLACK HAWK,169.8,0.7698298742195545,14783,378.3335248225017,22.93069738964649,29.03107285021356,16.83042090663559
2021,013,BLACK HAWK,193.6,0.7995859764892558,13175,291.2835069732133,23.114919125568537,29.290312289346428,16.924663012310297
2022,013,BLACK HAWK,202.4,0.8015279721982421,12506,382.9724782164296,22.33641212553061,28.1275396041284,16.54542557717289
2010,015,BOONE,162.5,0.8003678375094795,14632,686.4420369192297,23.061064573854544,28.45927576323134,17.663835674481653
2011,015,BOONE,182.5,0.8148046201994914,14670,264.01841840622484,22.82804288131453,28.150958846879785,17.50612658552582
2012,015,BOONE,147.1,0.7703796644463519,15168,164.1681652513645,23.481681122727935,30.23861354940602,16.72574871923468
2013,015,BOONE,154.2,0.7447240562643522,14489,142.54473375820317,21.89146229057253,27.875677782121016,15.908262770016494
2014,015,BOONE,180.9,0.8344659733418263,14579,450.0344064765271,21.023999682140197,26.24997219471317,15.799014177218572
2015,015,BOONE,192.3,0.8281061435602262,14345,566.4706723410417,21.17645478119561,26.44451084629374,15.909407361388023
2016,015,BOONE,208.4,0.8442738511387007,15081,370.7075989700995,22.732521125117135,28.442553521507826,17.02348152908159
2017,015,BOONE,192.4,0.7968883544743866,14079,195.5029271089411,22.198037186855476,28.46222962042777,15.934845511939256
2018,015,BOONE,193.7,0.788089551770423,13867,531.7778075183372,22.706074382609945,28.33843784806888,17.0746936186439
2019,015,BOONE,194.8,0.8265988272464313,14844,303.2931720671231,21.895011646217363,27.480082930628665,16.310042510025237
2020,015,BOONE,160.7,0.7842914401887578,14883,150.97423251348405,23.286821390214268,29.50103207886312,17.072710844428507
2021,015,BOONE,208.4,0.8135771896303875,13023,256.0110907446869,23.21092726563592,29.456904078612613,16.95596623588313
2022,015,BOONE,202.4,0.8006839059691817,13749,345.7442596395476,22.87545219973124,28.79648650945068,16.954559374878976
2023,015,BOONE,226.5,0.8571931728582707,13452,302.0443967588076,22.224550671614537,28.151974923592153,16.297267835151352
2010,017,BREMER,174.6,0.820062281533151,10976,588.5089584601731,22.332443013069437,27.751249493343945,16.914636068655536
2011,017,BREMER,196.5,0.8263208936096534,11369,317.37908628093845,22.307664124741375,27.954739110353433,16.66158556313797
2012,017,BREMER,133.3,0.7870455887355581,11218,158.52059433993367,22.79780221401664,29.555339127037097,16.04126643263481
2013,017,BREMER,175.1,0.767705435165607,10820,286.88161303329474,21.20834191401261,26.973016878720685,15.444664544670704
2014,017,BREMER,159.0,0.7874383795006242,10683,373.1450935469462,20.83262024772156,26.366180510571823,15.300047466564523
2015,017,BREMER,203.1,0.8333896469153071,10593,339.28497475283757,20.699376814426287,26.276691196421933,15.123043735706416
2016,017,BREMER,210.6,0.8461519142480343,11332,452.2426356505096,21.982356731921705,27.52224207147981,16.44347808764199
2017,017,BREMER,212.7,0.8145056332250618,10900,420.05657369108854,21.119208438782643,27.119757322135037,15.119645271068483
2018,017,BREMER,212.4,0.8261161902556676,11292,610.174747039572,21.984380884229125,27.529345701244168,16.440406516806203
2019,017,BREMER,212.5,0.8155764531082926,12194,298.79745082328856,21.57426997931537,27.254533622321127,15.89410751050166
2020,017,BREMER,187.6,0.7773596170730422,12540,335.1785995601627,22.652960705441117,28.756947020670385,16.549076152009725
2021,017,BREMER,200.1,0.8154884485817967,11267,343.6694008922821,22.83754748994389,28.9859466895755,16.667087833433524
2022,017,BREMER,210.8,0.8073415450034818,10635,441.64346700307254,21.842995673369877,27.63138865746228,16.054744878633873
2023,017,BREMER,199.9,0.8156431258790551,11039,259.6997182003683,21.692355238269784,28.19131975585576,15.193534389653715
2010,019,BUCHANAN,167.5,0.8166291395549788,16690,621.9067577231453,22.28297903924336,27.726771709054994,16.8401710622629
2011,019,BUCHANAN,187.0,0.8130480676835429,18092,380.71122011904015,22.126559503847695,27.92941232007201,16.324711244605872
2012,019,BUCHANAN,140.4,0.773787145643472,17264,192.9700600350713,22.299636630918705,29.298466602518232,15.301805182373132
2013,019,BUCHANAN,168.8,0.7478405656689606,16711,377.91083445572025,21.080555116584954,27.037605017120153,15.12450100298824
2014,019,BUCHANAN,169.3,0.8110472300774655,16888,338.5932815780354,20.73653414282607,26.45459764930982,15.019465357498598
2015,019,BUCHANAN,191.6,0.8186535385095357,17037,339.4396682126387,20.36126659443083,26.082776511331332,14.640757095133305
2016,019,BUCHANAN,205.6,0.848679590321257,17645,425.09221039539574,21.77655629678408,27.465598309128787,16.088524894238002
2017,019,BUCHANAN,221.3,0.8299028725818997,17229,319.1218770798701,20.80433778255287,27.085475605293585,14.524181129367186
2018,019,BUCHANAN,207.1,0.8141786266320679,17243,546.4286569171328,21.829167541450683,27.531231241128488,16.128099288794317
2019,019,BUCHANAN,218.9,0.8096113646115796,18937,268.875723521895,21.49394365622551,27.40764174335002,15.58034916284599
2020,019,BUCHANAN,188.3,0.780538091021025,19366,365.7368596817037,22.36416965667912,28.805652260672677,15.922788002585062
2021,019,BUCHANAN,209.0,0.8227919562229763,17208,365.2442137756544,22.486127647827782,28.87437190706014,16.09158915521288
2022,019,BUCHANAN,209.7,0.8098454876438763,16380,478.792611635096,21.60859990027129,27.54757775031792,15.66976570292374
2023,019,BUCHANAN,190.7,0.801134321824593,17555,230.5807072177778,21.414968547025747,28.10704692036012,14.723033568408662
2010,021,BUENA VISTA,178.3,0.8175067910160597,14784,640.1852963219169,22.51447489243264,28.16409826238862,16.865824084966444
2011,021,BUENA VISTA,180.2,0.8122424802629804,15193,256.43429543062103,22.41651017986887,27.89360910531463,16.940403858793562
2012,021,BUENA VISTA,148.2,0.7492860943204371,15408,185.79021966519977,23.02670678293278,29.445708405492542,16.608699794277122
2013,021,BUENA VISTA,160.5,0.7372315090888141,15017,165.19431195202125,21.62231793176924,27.340143304091065,15.905503295134528
2014,021,BUENA VISTA,172.1,0.8172117212804713,14631,488.5768586762879,20.479596262574912,25.69702014264087,15.263175876212346
2015,021,BUENA VISTA,202.7,0.8212601724809114,14219,445.8155375506617,20.989607820089333,26.44014833738169,15.540060236199652
2016,021,BUENA VISTA,201.1,0.8298652247669435,14888,317.761992454227,22.283983627057857,28.03634105397883,16.532615605159936
2017,021,BUENA VISTA,187.9,0.7996161846411157,14569,228.91229430654215,21.6524937788493,27.784849427346593,15.521143110836276
2018,021,BUENA VISTA,193.1,0.8195745913176864,14480,461.14600523962014,22.137555616395822,27.521597397250353,16.754504712507256
2019,021,BUENA VISTA,190.8,0.8086737036359576,15347,264.0317725472404,21.3894823588155,26.833425266683925,15.945638926856873
2020,021,BUENA VISTA,183.9,0.7884367785320643,15165,195.27934281673544,23.132843966562103,29.38047131778484,16.88531858371115
2021,021,BUENA VISTA,203.9,0.8146584399219184,14615,287.38584507594027,22.63043789437472,28.927965454986055,16.315580560316707
2022,021,BUENA VISTA,196.9,0.8084528371734325,14738,196.9966325788243,22.305495649084833,28.5424059481097,16.06872775924943
2023,021,BUENA VISTA,212.0,0.8207660617833482,14749,289.4205625269519,21.7998573107703,28.02716406116853,15.572693536945984
2010,023,BUTLER,180.5,0.8306014955146127,14651,558.648649493395,22.832287941143896,28.401601750569807,17.26396271698699
2011,023,BUTLER,186.7,0.8243964947119601,15742,278.91032911903545,22.628802269767537,28.27845118102157,16.980146719433595
2012,023,BUTLER,122.0,0.7468719133448903,15155,130.27188189458104,23.214803383858413,29.974371753132605,16.456226640115844
2013,023,BUTLER,179.2,0.7643183241773056,14902,351.8596132345359,21.51805391817704,27.271441577911254,15.76565677056018
2014,023,BUTLER,167.7,0.8024831720944481,14561,421.3954983895975,21.01607588725351,26.36795374300599,15.66518957707501
2015,023,BUTLER,193.3,0.8277887405505031,14418,422.2569411253576,20.84053993096465,26.310569711496157,15.371504124089205
2016,023,BUTLER,207.3,0.8517611183390527,15702,463.77066739356343,22.10485782151439,27.678594476327905,16.53212120255184
2017,023,BUTLER,211.4,0.8081463862129655,15046,335.45313855673203,21.28748960329234,27.31808661976026,15.257882334680897
2018,023,BUTLER,211.3,0.8231179469517158,14962,554.527951983838,22.079277183930543,27.73035070920341,16.429190534966644
2019,023,BUTLER,209.5,0.8089272350988282,16477,241.17702012262117,21.56861483359708,27.245903016598472,15.891428134073092
2020,023,BUTLER,192.8,0.7760428319836524,16930,314.42817405455236,22.83191609528074,28.98368090407422,16.680250836743053
2021,023,BUTLER,204.5,0.8117281498516188,14927,297.69025754842147,23.02140477206413,29.24886510774217,16.786925042889916
2022,023,BUTLER,212.4,0.8033527847511875,14672,351.8274156868816,22.135545924535677,28.006835978136632,16.26439807456011
2023,023,BUTLER,183.1,0.8147689454473035,14499,202.20502627792217,21.995196804234787,28.34553473525131,15.644999893674711
2010,025,CALHOUN,173.3,0.8071233249239487,16656,664.4977097793314,22.635358314862433,28.012027656811377,17.259670275637603
2011,025,CALHOUN,181.9,0.8260605449229408,16067,226.50223881585293,22.54430956223895,27.856369396458287,17.23325582746866
2012,025,CALHOUN,134.8,0.733737082759738,16831,159.9687342043243,23.258343978307447,29.882182313717276,16.63550276879134
2013,025,CALHOUN,132.6,0.7266783668431003,16086,136.5452192758622,21.716838401994337,27.50006047149132,15.93460415994722
2014,025,CALHOUN,189.6,0.8434454739690894,15968,467.8323955102331,20.6327517047532,25.726734103412262,15.539769151498229
2015,025,CALHOUN,194.7,0.8186000261489549,15517,422.7868970203049,21.102419128353567,26.365557568797236,15.84026066895543
2016,025,CALHOUN,207.3,0.8398368518684465,16361,333.6199776764535,22.44424670138558,28.117318573327232,16.77219142050312
2017,025,CALHOUN,195.1,0.7943028821002909,15812,204.9791240716674,21.86598088170005,28.052412640815863,15.68053186867105
2018,025,CALHOUN,193.3,0.8241566056861336,15419,564.6857638926044,22.38278142370661,27.716486262106315,17.050082684696292
2019,025,CALHOUN,198.8,0.8231521550674139,16342,278.53103773803264,21.632277086593326,27.04765747612033,16.216997042723214
2020,025,CALHOUN,159.6,0.7872659255161542,16664,134.3716889511487,23.24864612733681,29.52317168338112,16.974219030472803
2021,025,CALHOUN,217.8,0.8220925221604894,14851,305.1670712044257,22.859526690213077,29.035111589453248,16.690322540234547
2022,025,CALHOUN,202.3,0.8240110679855107,16000,211.02180115989216,22.42374344275199,28.514416424675908,16.333213795418143
2023,025,CALHOUN,201.6,0.8392410892927887,15110,252.82092960243693,21.94607535602452,28.02597607583509,15.866317274869838
2010,027,CARROLL,182.0,0.8272973664396042,16247,594.7771824917717,22.607702880854113,28.083463768131324,17.13293419369465
2011,027,CARROLL,180.2,0.8197080682014074,16825,272.7404778958191,22.681399751563237,28.079454008751146,17.284346845356808
2012,027,CARROLL,105.3,0.7081782309022857,17590,176.78905810744214,23.288468689985883,30.08402013361915,16.493911529430598
2013,027,CARROLL,136.5,0.7418853967485702,17209,173.29660928364254,21.658691523184977,27.5862335421859,15.732135101509083
2014,027,CARROLL,188.6,0.8450790477024858,16592,520.7784768442227,20.7783671111071,26.00106853594931,15.556652195736495
2015,027,CARROLL,195.4,0.8208919450747066,16193,526.3155743343702,21.080582435543135,26.48343873752216,15.678716630894735
2016,027,CARROLL,203.1,0.8321721335675821,17197,350.4794340673423,22.600321760422897,28.389732334489143,16.811908904884934
2017,027,CARROLL,211.3,0.8007355002642542,15880,274.16799841217215,22.05879987654114,28.38260453279363,15.73599627663223
2018,027,CARROLL,208.4,0.8220691582070575,16235,523.8711007937162,22.446545950530854,28.09425336006556,16.799836908970647
2019,027,CARROLL,219.7,0.8438569644723014,17018,304.4969006074953,21.799099610244035,27.366869586791495,16.231430926032687
2020,027,CARROLL,150.6,0.7707170970091417,17232,147.4466206925525,23.3610099395009,29.81128828855898,16.910833181360488
2021,027,CARROLL,218.3,0.8151852425382552,15740,275.9661023884313,22.948292984841014,29.375111243938505,16.517932298088503
2022,027,CARROLL,195.7,0.8209159491548748,16109,236.6175991460429,22.650266138728483,28.914218999744897,16.386455120013647
2023,027,CARROLL,196.7,0.8206672835372233,15780,232.90756579624363,22.131387629368096,28.50324025597325,15.759677561463008
2010,029,CASS,155.1,0.8060820318138514,12369,632.4354259120814,23.2528498681922,29.00801168753288,17.498679409771352
2011,029,CASS,175.2,0.8071197673038115,12850,358.24650120670066,23.595861419110175,29.279974979723995,17.912754677226047
2012,029,CASS,120.4,0.7119747092014824,12880,191.43432648639043,23.75368753160574,30.951167618754027,16.557189026350635
2013,029,CASS,159.5,0.7595651042356546,12588,193.67734492697176,21.864728477875456,28.0013870448972,15.729060691148623
2014,029,CASS,173.7,0.8161662712309254,11866,572.3491823512464,21.46643108617964,26.90786549196715,16.02598990548953
2015,029,CASS,193.7,0.8028972728467415,12243,412.1086007325621,21.51028843198556,27.119403131020213,15.902175990701249
2016,029,CASS,195.9,0.8245762500984718,12413,350.6028797041119,22.91735718243705,28.81109129795161,17.02461516666956
2017,029,CASS,197.4,0.7987728643254505,12412,321.1660253924644,22.289697890966966,28.718430885248452,15.8619704676093
2018,029,CASS,169.5,0.7948079250799085,12009,487.74085847360914,22.76814578993634,28.738656076025652,16.798627256942282
2019,029,CASS,200.3,0.8197864326330766,12721,347.7707074730747,22.162991987900423,27.764526668010124,16.561555202853448
2020,029,CASS,177.5,0.7731621134899318,12169,140.57453977775634,23.46328061577327,29.92760187054822,16.999059359191843
2021,029,CASS,212.4,0.8145045842537889,12028,337.6392881082953,22.99415778050533,29.391485991801513,16.660168832427082
2022,029,CASS,179.2,0.7820774441609661,11546,194.86095212739968,23.098241393934437,29.506508030087563,16.690115810716186
2010,031,CEDAR,174.4,0.7911393159635836,14924,519.34323506831,23.190886983850508,28.529202064293923,17.85357566779912
2011,031,CEDAR,184.9,0.7952068798049079,15052,334.99591622809874,23.007160622930247,28.565933812649725,17.44938328252793
2012,031,CEDAR,158.9,0.7830943046565567,14016,197.0004175726767,23.346669529176328,30.05431625852712,16.640027917643764
2013,031,CEDAR,169.7,0.7675159264019005,13446,217.48691734580595,21.71048450608651,27.555536421804163,15.866428631742732
2014,031,CEDAR,184.1,0.8197179307078496,13047,450.5176514101105,21.34416668671995,26.69227115692122,15.99705308377936
2015,031,CEDAR,188.8,0.8186651562872619,13624,374.0404664141932,21.212971538988537,26.710755440294843,15.716182846534828
2016,031,CEDAR,215.3,0.8404509909004303,13603,491.67740279812904,22.74053517009343,28.252925641532062,17.229140298230295
2017,031,CEDAR,222.3,0.8265473536328085,13152,297.92166255014314,21.56710231387154,27.70014806317647,15.435062442674615
2018,031,CEDAR,222.3,0.807687092921216,13337,355.4303898150563,22.61655148949084,28.290271095376667,16.94381441222733
2019,031,CEDAR,193.7,0.7506326690519232,14280,275.06093715286755,22.373795349030445,28.01809937775215,16.729592055326673
2020,031,CEDAR,153.3,0.7796348577383854,14352,261.8789805642249,22.976589711157025,28.8685876024798,17.084692591941604
2021,031,CEDAR,207.1,0.8190168704429515,13590,253.6495617543135,23.16126431634249,28.94102200012735,17.39112771610411
2022,031,CEDAR,221.4,0.8399964424270737,13569,388.5231531243467,22.399783850608753,28.1922992232309,16.607411179011866
2023,031,CEDAR,205.7,0.8203593986446452,13941,216.67462985438988,22.39800287389927,28.889818529966007,15.906329844590363
2010,033,CERRO GORDO,173.0,0.8197291794886398,15857,422.5824078152132,22.057107949170675,27.597568200015264,16.517640320528276
2011,033,CERRO GORDO,169.3,0.8154798206893993,16097,256.7703592122029,22.05594319395645,27.69393812300347,16.418949014372668
2012,033,CERRO GORDO,124.8,0.7473060212561213,15607,119.72426999899486,22.56235736319112,29.30003031322059,15.825690530782335
2013,033,CERRO GORDO,163.1,0.7458320135402111,13332,324.12999762298404,21.043520532159967,26.751500160794254,15.336526634674204
2014,033,CERRO GORDO,168.3,0.8052092508784792,16045,383.25842742704384,20.560200025976577,25.97460888526818,15.146794959140598
2015,033,CERRO GORDO,196.9,0.8174033826790216,14434,409.4100124420869,20.62996549176304,26.067725347427025,15.19319950506014
2016,033,CERRO GORDO,193.6,0.8436010520131844,15962,478.8638465118863,21.6009686729369,27.13033783908502,16.072595890282244
2017,033,CERRO GORDO,208.9,0.8031143816131864,14501,254.29260851941729,20.907157927186937,26.888126998542024,14.92719067883814
2018,033,CERRO GORDO,184.4,0.7947441728372429,14423,563.8151557418785,21.669328566906447,27.128608660228267,16.211032084792095
2019,033,CERRO GORDO,191.8,0.8204431071744509,16005,232.69070373411907,20.92285063897708,26.56349618655147,15.2823052952013
2020,033,CERRO GORDO,182.5,0.8134027153890914,16510,316.9460336834668,22.194652429693804,28.35149862359752,16.037906006829164
2021,033,CERRO GORDO,200.0,0.815697118349799,14911,343.53888732416164,22.399201755798952,28.569473952744843,16.228684363990155
2022,033,CERRO GORDO,216.9,0.8054950316971772,15156,407.5523813324218,21.50162610923101,27.335666302635182,15.667728892583153
2010,035,CHEROKEE,186.9,0.8184135271272415,13531,617.4581578714198,22.547112535682174,28.27520740065128,16.820017065449672
2011,035,CHEROKEE,176.7,0.8191128199883089,13498,262.3037537589314,22.57023324915219,28.231156686965832,16.91031454442528
2012,035,CHEROKEE,158.7,0.7888375507629396,13417,183.58140502237313,23.29075566765523,29.90421059561068,16.67830762221693
2013,035,CHEROKEE,185.1,0.7551988428382632,13091,167.1103210256428,21.68306518252988,27.44268329666658,15.924440344777834
2014,035,CHEROKEE,183.6,0.8275762965392528,13043,498.0017935749151,20.50869146026697,25.88932932594301,15.129046440509333
2015,035,CHEROKEE,209.6,0.8297363720484732,13039,565.1963954051685,20.884205371577128,26.511225228262703,15.258181065329287
2016,035,CHEROKEE,219.7,0.8191250286281394,13589,277.48685831069315,22.303993881660844,28.30319844185612,16.305772499772175
2017,035,CHEROKEE,203.7,0.7982981288459157,13124,244.8171542244951,21.60366263074182,27.952411695836098,15.255922027675744
2018,035,CHEROKEE,213.3,0.8306226609894728,13342,423.18894274078536,22.10615406012103,27.70102850492504,16.51226129397765
2019,035,CHEROKEE,208.9,0.8240185043205812,13917,332.62901532103945,21.35882735797789,26.935401838651728,15.782350491880942
2020,035,CHEROKEE,185.7,0.7957523172461263,13859,168.8086987787415,23.100456468744543,29.495919147350193,16.705096406525477
2022,035,CHEROKEE,198.7,0.7979598075396274,13538,184.4423256819321,22.405459930751928,28.7847340439316,16.02632870493416
2023,035,CHEROKEE,211.7,0.827187381083427,13581,264.5882345425051,21.788789146753217,27.979446024417687,15.598275479344744
2010,037,CHICKASAW,182.0,0.836716657196542,12850,451.2054302682644,21.723558796884443,27.201800042753295,16.24631308726645
2011,037,CHICKASAW,188.8,0.8186024825262125,12996,266.8175682771664,21.817963709125195,27.550946767311604,16.085963473728384
2012,037,CHICKASAW,125.8,0.773092702716592,12972,154.8161536453537,22.441458200734452,29.145321502519657,15.73859112856556
2013,037,CHICKASAW,171.8,0.7524977437574893,11989,274.66599845914794,20.86256459803319,26.6419611688231,15.084161596444703
2014,037,CHICKASAW,157.6,0.7823609670818522,13165,445.6513798592952,20.512733659010458,26.055423246457103,14.971040684636533
2015,037,CHICKASAW,202.8,0.8215226153842934,12664,294.93369836418316,20.15999162100957,25.80693297403896,14.514047507794244
2016,037,CHICKASAW,206.6,0.8408363930598919,13716,604.6193333083108,21.36386779000651,26.93485243982525,15.79389969613765
2017,037,CHICKASAW,194.4,0.8027297311641187,12884,462.65892288273926,20.60409632516441,26.54493655343706,14.66424570195996
2018,037,CHICKASAW,192.9,0.807296313004118,12979,564.2905088679839,21.510413205982328,26.931126726520688,16.090697827626474
2019,037,CHICKASAW,212.1,0.7986744467148628,14320,342.90540123551887,20.880490741046103,26.54932422133577,15.211756067589716
2020,037,CHICKASAW,185.7,0.7687340630039525,14633,340.01997721497645,21.90560354339948,28.005587522165964,15.805717040288911
2021,037,CHICKASAW,208.2,0.821439880238558,13577,536.6785847004584,22.12003907711181,28.179489669136245,16.083057832507187
2022,037,CHICKASAW,214.6,0.7897305466019772,13461,403.168949466413,21.134138133788905,26.913913341243155,15.354506648472302
2023,037,CHICKASAW,198.9,0.8064647565163423,13567,209.44265174459295,21.088221487243423,27.62371401978449,14.55287246546237
2010,039,CLARKE,84.5,0.7544584707877994,2739,572.4472372263162,23.842781946897738,29.39431497438822,18.29225415977322
2011,039,CLARKE,107.7,0.7540999745138427,4087,367.7776843938746,23.830994196027618,29.2433054253276,18.41968097971083
2012,039,CLARKE,76.7,0.7176468093293386,3629,203.54206096124415,24.14477572378525,31.417130628836823,16.873417878164098
2013,039,CLARKE,126.5,0.734998582500119,3817,171.4639223776415,22.332217208432017,28.19308015072719,16.47233624725011
2014,039,CLARKE,162.2,0.7988252561252083,3759,534.3862742338023,21.86784918934907,27.152177700425533,16.584523835597114
2015,039,CLARKE,152.4,0.7894988761815095,3428,486.83978653867126,22.160915886039017,27.55366567306399,16.769172648287583
2016,039,CLARKE,163.9,0.7963910343405495,3636,323.75491258456356,23.342704588346177,28.965711452036825,17.720697099683477
2018,039,CLARKE,161.8,0.7710468059130995,3199,385.9807729019563,23.72864354445016,29.62673908722407,17.83153323452452
2020,039,CLARKE,155.2,0.7612317875525351,2800,220.9801454390263,23.768173206757194,29.732818562609715,17.803629291605862
2010,041,CLAY,177.6,0.8106900697728203,14541,600.4748592036252,22.323750112038777,28.01877114148416,16.62971302738512
2011,041,CLAY,185.4,0.7854694632749037,14219,325.7902637900064,22.46752256987374,28.16836390811465,16.76767321129848
2012,041,CLAY,170.1,0.795647413504925,14135,171.42675261345968,23.161508409811223,29.755529186610502,16.568479338550674
2013,041,CLAY,167.2,0.7529385903403647,14420,191.30147514222696,21.598281219603457,27.51174768334128,15.685805873850834
2014,041,CLAY,166.3,0.794538643765633,13833,497.9376856270581,20.539527874226064,25.912741200955416,15.16732369809846
2015,041,CLAY,202.8,0.825546753179441,13797,353.00835819716826,21.02205315206151,26.82910129002163,15.216004111175405
2016,041,CLAY,202.0,0.808412061378936,14231,294.79693402705624,22.21162292812765,28.131647299978376,16.292591997687786
2017,041,CLAY,197.3,0.8011903239922812,14025,293.982037856295,21.527383994314302,27.75701265079561,15.29876523221594
2018,041,CLAY,158.5,0.794499247905001,13776,494.811682753938,22.24842552856717,27.78473381443308,16.713105058829004
2019,041,CLAY,185.5,0.7972165745012226,13879,247.17486468793825,21.42665459041405,27.02528509932958,15.828125517579387
2020,041,CLAY,168.1,0.7812235200257981,13971,167.8546920573075,23.152213689794895,29.62915689436825,16.675368905258793
2021,041,CLAY,203.3,0.8045221451871162,13465,279.3573234912481,22.67013374465912,29.18517800739834,16.143592304794232
2022,041,CLAY,191.4,0.7987880531750534,13832,209.48197768560567,22.35701347642628,28.633783135683185,16.080386486652824
2023,041,CLAY,203.9,0.831054741517086,13206,262.85309646013314,21.783970700647956,28.079182088632663,15.488902595723497
2010,043,CLAYTON,176.9,0.8077979433968775,12409,487.16157404774515,22.212031408920964,27.550193349973913,16.874862975770284
2011,043,CLAYTON,186.8,0.8032712137611584,13809,328.9914170952614,22.1777355285357,27.898000400253444,16.458476062768852
2012,043,CLAYTON,152.9,0.7755031770202335,11953,139.5379471255739,22.51850339940665,29.38441775631741,15.653573589334338
2013,043,CLAYTON,181.2,0.7714558491135871,11341,338.0028236914285,20.872897586060112,26.69253706036704,15.054254210532594
2014,043,CLAYTON,176.7,0.795087099757957,11769,364.7450482967699,20.713272385853134,26.345124193806814,15.08242520361406
2015,043,CLAYTON,193.2,0.8133150047492587,12346,296.81825044106677,20.183774231316978,25.92799798375431,14.440548831712936
2016,043,CLAYTON,210.3,0.8393669768256397,11941,467.52435482356174,21.63167699216478,27.2122886635176,16.05204737708816
2017,043,CLAYTON,213.6,0.8146436067859797,12302,446.0015319031006,20.64231788806344,26.69009428133997,14.59554588678919
2018,043,CLAYTON,201.5,0.8068870694427379,11922,438.3985760109748,21.70597269182788,27.218974330870164,16.193968502699676
2019,043,CLAYTON,197.5,0.7854393957326253,13525,332.8605678594972,21.01765175385652,26.765222905321504,15.270180498612952
2020,043,CLAYTON,191.1,0.780182111174872,13335,335.71770995382764,22.038478710749473,28.260226811202,15.816832301258202
2021,043,CLAYTON,195.3,0.8138955155597503,12652,305.802425472056,22.22690297820821,28.474157004298533,15.997665322972551
2022,043,CLAYTON,215.4,0.8005532015286416,11448,397.54218529458126,21.27230087623649,27.14150392799484,15.403242077995424
2023,043,CLAYTON,201.1,0.8060306699048918,12042,192.31251970751893,21.15533217104881,27.91590788477425,14.39489924206014
2010,045,CLINTON,171.2,0.7991185558856493,18129,478.161459812907,23.131394377885872,28.462295533246884,17.801501491343338
2011,045,CLINTON,180.0,0.7929754646357771,17944,325.4528937612172,22.942706425563603,28.499373439083705,17.38702722822111
2012,045,CLINTON,139.6,0.7711603364537672,16823,166.36407655029436,23.23615682142097,29.91835121722674,16.554954600790882
2013,045,CLINTON,185.6,0.7819108297243236,16350,200.39785823069192,21.520084974744886,27.31797095304209,15.723200751633652
2014,045,CLINTON,197.0,0.8159974473458438,16301,387.1361924401933,21.36497998106423,26.729576965395772,16.001376768103036
2015,045,CLINTON,188.2,0.8101327600777088,16760,448.11525697873174,21.087247235288626,26.572846698158497,15.60264306200092
2016,045,CLINTON,213.8,0.8586329912263848,16829,494.0873605679492,22.728091213643392,28.204971034147345,17.252211264833207
2017,045,CLINTON,213.3,0.8097427543016449,17175,350.5718562892716,21.524865336055687,27.420850901392825,15.629874926806709
2018,045,CLINTON,210.9,0.8038613004748699,16597,420.2394207628507,22.55997002666536,28.09637019506461,17.02455570291106
2019,045,CLINTON,196.1,0.7565370893207644,17424,259.8874365892705,22.40235036275089,27.887868767530968,16.916933617476214
2020,045,CLINTON,178.4,0.7880052246371836,18045,229.11124550271177,23.124990794477423,28.964066914489813,17.28601549049247
2021,045,CLINTON,206.5,0.8203823183080007,17146,224.2699514862529,23.057777587959812,28.63736427853057,17.483314420434976
2022,045,CLINTON,225.2,0.8388920344032763,16604,385.3606811761411,22.29862226438007,27.896993680813654,16.700393317283616
2023,045,CLINTON,198.0,0.7991101484346196,17130,195.79488680893292,22.217448173872388,28.502397752813923,15.932642895528696
2010,047,CRAWFORD,185.8,0.8422861609397672,17992,599.6785671225775,22.476312451153163,27.990284531752906,16.96331995550048
2011,047,CRAWFORD,181.8,0.8169580844638017,18658,314.305767602697,22.624811649811814,27.981725929431153,17.26889261248831
2012,047,CRAWFORD,131.3,0.7533040122114709,19061,228.1436237613144,23.221440763668053,29.913425207394653,16.530452300973824
2013,047,CRAWFORD,157.8,0.7476535576818988,18663,149.67394784879872,21.461800471355847,27.235310504022063,15.689289357244196
2014,047,CRAWFORD,183.0,0.8316232120461723,18134,611.3475482108912,20.703809618576933,25.945683360800924,15.462925823924392
2015,047,CRAWFORD,199.1,0.8204326637052809,18491,561.3196106439976,21.06299256301019,26.538780208249182,15.588191586641116
2016,047,CRAWFORD,213.5,0.8173373152101724,19628,297.3498066651581,22.542949643956753,28.39569854211216,16.69121042599354
2017,047,CRAWFORD,221.9,0.8084488217796459,18374,343.11695269281427,21.950912443219966,28.200730168859707,15.70208025657703
2018,047,CRAWFORD,214.0,0.8262337350647937,18200,532.2325450429516,22.184059955509564,27.8081950370398,16.560913248817577
2019,047,CRAWFORD,234.7,0.844433185131974,19132,249.85547619513292,21.674025498658597,27.223725712718537,16.124426281847505
2020,047,CRAWFORD,181.2,0.7855213335133109,19273,181.9253328515158,23.36049001061444,29.728015503389877,16.99306543178604
2021,047,CRAWFORD,218.5,0.8080867432619631,18027,288.8506168816856,22.97824034664004,29.50946804882512,16.481818067712727
2022,047,CRAWFORD,216.4,0.8087998043634403,18280,243.9300356916756,22.68669927141392,29.07314255678255,16.300398851828344
2023,047,CRAWFORD,187.9,0.8016047917241088,17805,221.00747116382496,22.12503658309477,28.613068206008045,15.63714831419901
2010,049,DALLAS,141.9,0.7975614575924009,11767,693.7985277204448,23.41214640466772,28.897694540839044,17.927585775897935
2011,049,DALLAS,172.1,0.7972261646026415,12430,327.76447238915625,23.462839954090335,28.897273568635452,18.029423583714618
2012,049,DALLAS,129.0,0.727660935690715,13318,139.4229928583202,24.135695011039104,31.11886702671422,17.153512186933668
2013,049,DALLAS,145.3,0.740301381260735,13072,130.64906538153187,22.256517660633165,28.256297231429095,16.257718980893088
2014,049,DALLAS,195.5,0.837280678543645,12572,564.2960804070677,21.49474078874479,26.776691823286477,16.21378739399247
2015,049,DALLAS,182.4,0.8114355902225877,12350,565.3190028713987,21.66044925528638,26.93438593369283,16.387519150755047
2016,049,DALLAS,204.0,0.831126196454727,12964,341.0170520240289,23.19959128321558,28.87532622972403,17.5248538821459
2017,049,DALLAS,187.2,0.7901573866384868,12325,223.8083126066855,22.701528509747664,29.10856870550378,16.295475100249565
2018,049,DALLAS,174.0,0.7677559861149896,11961,420.26299690026207,23.135552512554067,28.936243378492943,17.335851104143053
2019,049,DALLAS,195.0,0.8269693154003284,12025,299.3787697714317,22.347987627835536,27.98493444175213,16.71114149256674
2020,049,DALLAS,139.7,0.7354991544453879,12478,135.52270335942146,23.597736210206232,29.78663893877945,17.408933328043794
2021,049,DALLAS,209.9,0.811769007526401,10905,275.61964099715976,23.57062135349632,29.809024636641283,17.317964755741507
2022,049,DALLAS,187.2,0.7844001782883382,11850,303.8082755391293,23.47326764856471,29.62962458041509,17.317052670017215
2023,049,DALLAS,210.9,0.826418734784659,10993,244.9159044415369,22.757086683016535,28.886454340683873,16.627862027173705
2010,051,DAVIS,84.0,0.7602540597021872,3360,679.0118080989615,24.227800663231783,29.666252623418657,18.79035754983574
2011,051,DAVIS,97.8,0.7383376885170454,4481,422.0683085223875,24.53118577797058,30.11493848284489,18.948442107999725
2012,051,DAVIS,52.4,0.6452444352542427,4101,161.12523625396005,24.52061237164069,31.71005851397811,17.332160991732188
2013,051,DAVIS,146.7,0.7426990663600722,3619,167.12483034108698,22.66331667320428,28.519235838615433,16.808402897963127
2014,051,DAVIS,184.2,0.8393323683836517,4357,516.6780977666002,22.10989321088999,27.24653422877344,16.974247418057217
2015,051,DAVIS,142.4,0.773262631117408,4138,631.5519780868549,22.48900586333875,27.70911965314973,17.269892223457525
2016,051,DAVIS,188.7,0.80067843569608,3732,378.75123803332355,23.632954950926106,29.187421350506728,18.079477737056884
2017,051,DAVIS,107.3,0.7314920947270492,3946,179.28694275378788,22.917611455917367,29.512338360208165,16.32388252480503
2019,051,DAVIS,160.0,0.7451945795055115,3936,348.96266660934043,22.96474308870981,28.624020105781515,17.305568986346167
2020,051,DAVIS,170.0,0.774778174301464,3722,213.24699763477057,23.68751190043392,29.520032769174204,17.85509211344243
2021,051,DAVIS,152.5,0.7882913079265446,4149,493.67319530230856,23.742300199461745,29.228268509076745,18.261889958347155
2022,051,DAVIS,154.9,0.785682751217026,3392,195.70265021909717,23.59602630100444,29.5604101724114,17.63178388013164
2023,051,DAVIS,179.8,0.7766236091166755,3973,184.95832201627596,23.00081657155723,29.094286918502128,16.907488636618588
2010,053,DECATUR,94.3,0.7523416789570048,2395,541.913077862219,23.83125515552628,29.37822436637975,18.285282914729077
2011,053,DECATUR,126.1,0.7770427260708933,3902,376.4253695418245,23.83822231909689,29.31241277072893,18.36502502662255
2012,053,DECATUR,61.2,0.7174635023527247,3304,256.3873017153458,24.12578486223878,31.490568937258793,16.76200580459384
2013,053,DECATUR,131.2,0.7353774595092488,4083,192.51152091930916,22.368958841353585,28.111979638602605,16.62692554743193
2014,053,DECATUR,164.0,0.8021199502943496,3360,607.1668637142544,21.815398458513975,27.032969248899843,16.598833916418315
2015,053,DECATUR,162.7,0.8031085866618184,3529,535.0440608446345,22.32875195653807,27.665475517795866,16.99300859727814
2016,053,DECATUR,181.1,0.7996643426583266,3570,336.2306876073778,23.44450627476228,29.122600885187808,17.767428813764294
2018,053,DECATUR,172.5,0.7790565529637318,3474,374.63265544035903,23.90070079694482,29.889001054477575,17.91339479364804
2020,053,DECATUR,159.3,0.7646264954421902,2799,225.5709104179439,23.719832653380728,29.555397232272593,17.88436777560104
2022,053,DECATUR,148.7,0.7677996746220969,2441,202.66272968922087,23.783257782700773,29.911966774982865,17.65468907249833
2023,053,DECATUR,205.3,0.8334425537565815,3242,327.2773308894533,23.077555305117325,29.130107301054856,17.02514516098078
2010,055,DELAWARE,175.8,0.8180526057235031,18105,615.1808710425104,22.107429719642234,27.578427973050168,16.637432878713287
2011,055,DELAWARE,186.5,0.8133847044732445,18578,399.9750097104134,21.849332217679432,27.77006263872275,15.929586645523354
2012,055,DELAWARE,129.8,0.7729822141575677,17746,159.57340450985387,22.2536352822469,29.515366096039507,14.992887182225973
2013,055,DELAWARE,184.7,0.7907136379689006,17092,379.30941085064586,20.63300389725931,26.67746260979695,14.589537034444708
2014,055,DELAWARE,174.9,0.810873785339006,16943,370.4021637503649,20.456022292040625,26.245745525916973,14.667294187683662
2015,055,DELAWARE,195.8,0.8261199254217727,17225,341.3605613879273,19.952024573810903,25.83623460821443,14.068811305016052
2016,055,DELAWARE,202.3,0.8540361391634061,17206,417.52373344650545,21.367250547737093,27.14082163908728,15.594664594426517
2017,055,DELAWARE,218.0,0.838983986056057,17343,361.4434550722171,20.33829578071442,26.622448757479532,14.055140656012677
2018,055,DELAWARE,224.8,0.809711330975698,16661,523.0525466493544,21.41442710658914,27.12025587706157,15.709590989608332
2019,055,DELAWARE,204.5,0.7920753257638554,18489,323.2325088953512,20.81202300398958,26.803233271770985,14.820913728100845
2020,055,DELAWARE,190.4,0.7801248622794825,18009,326.827100016298,21.788018988257917,28.24351058851775,15.332628303830653
2021,055,DELAWARE,218.0,0.8300761840721783,16760,349.80466093998416,21.69934564989238,28.26557911479837,15.16874514518092
2022,055,DELAWARE,230.8,0.8211179682130152,16356,363.49711401223703,20.869718282768027,27.01003276913885,14.729547428713484
2023,055,DELAWARE,198.9,0.8094924732160312,17262,222.33863449541175,20.78140577349767,27.762253788485346,13.80070106760039
2010,057,DES MOINES,112.1,0.7458526232475194,7276,531.1941690259086,24.599185100237424,29.69854326789549,19.5008145498002
2011,057,DES MOINES,146.6,0.7605963315243333,6767,304.77318229232276,24.13191662003797,29.47158087661476,18.793240119847596
2012,057,DES MOINES,143.7,0.7533160643387953,6549,159.78749004625436,24.109455128070486,30.689088728336035,17.53082696033183
2013,057,DES MOINES,165.4,0.7612005722455901,5944,130.78110136574355,22.898170744157525,28.560540827882203,17.236796019795086
2014,057,DES MOINES,199.0,0.8351183182976436,6268,405.38937768165664,22.187465229011668,27.186653025435614,17.18930013156206
2015,057,DES MOINES,176.0,0.7958306869979642,6342,482.8311928914955,22.28444923714002,27.41927619172248,17.150617390901534
2016,057,DES MOINES,210.0,0.8101338989532166,6518,412.0248302272547,23.900196223790587,29.34694017650242,18.45446022890796
2017,057,DES MOINES,200.1,0.8146543322219449,6685,224.63785026901837,22.867752434733465,28.98383040156659,16.752669327339543
2018,057,DES MOINES,195.4,0.7643935822987123,6290,273.6141650417537,23.900095892245165,29.498010246817906,18.303185636014447
2019,057,DES MOINES,176.9,0.7502913093886355,6136,230.3085737929256,23.29162459840069,28.658186070227277,17.925166047070565
2020,057,DES MOINES,190.2,0.8022823737902918,6643,268.78936521942575,23.834632511802237,29.53005700057739,18.13930736578166
2022,057,DES MOINES,194.8,0.8233157984844679,6230,186.95211256687887,23.435097641071863,28.979045488222297,17.89129351716053
2023,057,DES MOINES,207.9,0.8070338414443371,6520,292.09454933566246,22.86304868661703,28.7568785946726,16.969361393759772
2010,059,DICKINSON,181.0,0.7979485696842928,8975,472.2533741496525,22.337715081947657,27.981472654770048,16.694974349138153
2011,059,DICKINSON,169.3,0.7788947189179222,8574,401.6485017724523,22.479802115176707,28.25811672644275,16.702494450073836
2012,059,DICKINSON,160.9,0.7925317015024178,8385,192.36848303435255,23.227384715421955,29.803608801974494,16.652154882926133
2013,059,DICKINSON,162.4,0.7742638704545497,8821,183.839065616784,21.516792027138347,27.442482998722625,15.59209989133555
2014,059,DICKINSON,157.9,0.7903733796673075,8583,367.6726812910433,20.555065637503027,25.93200403763944,15.179120790589348
2015,059,DICKINSON,194.5,0.8321759314857654,8456,299.70703210250036,20.998147940857628,26.90113208974742,15.0961617144188
2016,059,DICKINSON,188.0,0.7998787758375524,8685,311.77803723877247,22.050745062075485,27.84336549511564,16.259130207886816
2017,059,DICKINSON,196.2,0.8057613929864845,8535,395.2298331849047,21.197577407252194,27.01764304307044,15.37851577836421
2018,059,DICKINSON,160.4,0.787539819625495,8293,539.063841948187,22.184078997661334,27.59622042322087,16.77293094173347
2019,059,DICKINSON,170.0,0.7860391937594969,8618,231.7945686088214,21.213561348544484,26.69462790488165,15.73259614501378
2020,059,DICKINSON,182.2,0.7881980904249558,8874,215.48026144013727,23.02763231702376,29.393205906978853,16.66215793488216
2021,059,DICKINSON,177.7,0.7720393725141,8415,226.28061389782033,22.849463674871924,29.186470548237875,16.525477566278244
2022,059,DICKINSON,203.4,0.7956869775086588,8732,348.7519516087289,22.457260338881756,28.278103259776824,16.636558751653194
2023,059,DICKINSON,201.3,0.8140483169366317,8480,238.33235467317027,21.732971780004373,27.777682793008783,15.688403401991122
2010,061,DUBUQUE,170.4,0.8034106754790048,11639,570.8562487892933,22.44461391966297,27.621758121257237,17.26845837993506
2011,061,DUBUQUE,185.1,0.7929878082649672,12421,456.20212733179113,22.24918018021607,27.75326080952337,16.746102733661797
2012,061,DUBUQUE,149.4,0.7578790096965103,11403,149.79924041713673,22.750925650661554,29.44762150740423,16.05521873752126
2013,061,DUBUQUE,196.0,0.8020298706783268,11082,318.5475459970052,20.933841684209337,26.54922082807595,15.319462202072696
2014,061,DUBUQUE,184.9,0.8050222662958272,11233,421.3994805886666,20.67487317469112,25.989299302058303,15.36144995284543
2015,061,DUBUQUE,197.0,0.8254760273504594,12005,306.15711248830075,20.353706686616253,25.83664566251168,14.871763025370583
2016,061,DUBUQUE,211.5,0.840556346322674,11792,473.5625941369928,21.833474467146814,27.182767856656486,16.48516991559197
2017,061,DUBUQUE,215.1,0.8255806959073673,11968,399.5115484302992,20.667450940937137,26.491495272388537,14.844399486227816
2018,061,DUBUQUE,211.8,0.8004242739789748,11566,491.68427539932907,21.75933430460839,27.082637638356225,16.43703222744571
2019,061,DUBUQUE,216.4,0.7761190068082061,12877,360.526011144825,21.221709607007433,26.678738041305422,15.764780628449738
2020,061,DUBUQUE,197.1,0.7746711717936738,13194,293.2106800776004,22.226858162748677,28.126487654114207,16.327329943609115
2021,061,DUBUQUE,217.2,0.8154534137926028,12531,303.10366241647256,22.250807994498743,28.217238874388443,16.36546745817062
2022,061,DUBUQUE,223.7,0.8111932974941546,12189,319.8399606615793,21.34400325422527,27.05850334001672,15.629646366653285
2023,061,DUBUQUE,199.5,0.8013380235231856,12240,208.05609371230744,21.389650124434073,27.868282949458138,14.91116062767849
2010,063,EMMET,183.1,0.8116631246444334,10615,491.46624695595176,22.11660401789215,27.677272673420973,16.556916930036653
2011,063,EMMET,169.6,0.7906954127743413,10212,328.41848884955465,22.09570859689501,27.64181280476054,16.55058717404297
2012,063,EMMET,166.6,0.7941407586471928,9932,153.78965114707313,22.70253227192761,28.96967478955938,16.43637751048802
2013,063,EMMET,166.4,0.7687466666378434,10513,192.25099554680915,21.286705044368475,26.959240567391895,15.615167406367702
2014,063,EMMET,165.0,0.7850145651285264,10138,387.5983228446243,20.38449033988576,25.55165882787172,15.218321458792971
2015,063,EMMET,203.3,0.8348227696693559,10412,311.16022645326314,20.600302261013574,26.11853528076659,15.083064972141722
2016,063,EMMET,198.5,0.8138045661296373,10568,287.3316697259685,21.639796955567647,27.32154670057659,15.959059908584477
2017,063,EMMET,210.1,0.8278053370821952,10151,351.2641236096962,20.863519192736906,26.702136209624214,15.025867130585988
2018,063,EMMET,155.8,0.7765509965556358,9913,541.6108984143807,21.715631199679027,26.942242333669693,16.49001593565737
2020,063,EMMET,186.1,0.8166039000300868,10530,198.52621784086455,22.344630995992357,28.470171604959088,16.219188796024984
2021,063,EMMET,182.5,0.7841585575595247,9992,280.2174062136045,22.3096218892666,28.647673825599107,15.980131313129617
2022,063,EMMET,213.6,0.8277174615292467,10174,327.95606158336,21.78431472411841,27.63252520681443,15.936247425978127
2010,065,FAYETTE,166.5,0.8146310673889934,16188,562.5110391108784,21.913034189940824,27.36775377270511,16.45930919447678
2011,065,FAYETTE,186.6,0.8074422844598796,17522,351.8483291214652,21.964664667681667,27.781826470373623,16.14850938797644
2012,065,FAYETTE,151.0,0.7893859728128093,16514,160.40082861291916,22.306657341344483,29.18735432030127,15.426955821075673
2013,065,FAYETTE,181.2,0.7537994488368612,15120,280.15242313035304,20.826883380890077,26.73799244174024,14.91676299587118
2014,065,FAYETTE,170.9,0.7955645852191502,16142,401.4228213581204,20.62324554027469,26.37518162352529,14.872302997023937
2015,065,FAYETTE,191.8,0.8215115500501764,15672,311.0460591304965,20.189032089452155,25.96139392029687,14.417674120479315
2016,065,FAYETTE,202.5,0.8381349883114277,16494,457.43048542019955,21.490605288442875,27.141389710542775,15.840825549232973
2017,065,FAYETTE,207.6,0.8060472614236803,16120,440.4345271471551,20.596439714875643,26.685940429928426,14.50792722747754
2018,065,FAYETTE,200.1,0.8064993159234521,16533,460.5112364174354,21.570216770766116,27.15263658667578,15.988803473963266
2019,065,FAYETTE,200.5,0.8088198567864601,18647,303.94496253488785,20.828471158788343,26.612122106189545,15.044920514419408
2020,065,FAYETTE,180.1,0.7695091642286084,18471,373.5228672917935,21.846553335237395,28.078425012720512,15.6147806298134
2021,065,FAYETTE,205.6,0.8129163700116407,17280,408.9761597536764,22.060931140945662,28.19762198847766,15.895868475064068
2022,065,FAYETTE,209.8,0.7941375399871055,16429,389.38400321136146,21.100918762353732,26.91092653852366,15.291053477329925
2023,065,FAYETTE,205.9,0.8049648092043776,16975,210.13114530416829,20.905697391900027,27.5040632856148,14.30747416794615
2010,067,FLOYD,177.8,0.830356489814728,12874,438.5019293280397,22.291731362708617,27.821271696853913,16.7631897408033
2011,067,FLOYD,181.1,0.8242355664630441,13143,281.2069185908176,22.262271130876577,27.860994317375287,16.664542435295143
2012,067,FLOYD,123.2,0.7546274700262859,12811,149.30763889759672,22.87960439602486,29.507781792138136,16.2524283365655
2013,067,FLOYD,170.0,0.7385576053430836,11199,316.0140634185595,21.229658339469424,26.84125981613838,15.619060046506084
2014,067,FLOYD,162.8,0.7966492097566621,12986,410.7747953416916,20.766600719083858,26.065806155915645,15.468393400713886
2015,067,FLOYD,196.5,0.8056063732058131,12159,355.7719562518661,20.60793821636693,26.025784032303655,15.191086272689706
2016,067,FLOYD,196.3,0.8419766616917272,13269,608.9340588079731,21.791116798711418,27.246804362706538,16.336423082735823
2017,067,FLOYD,203.4,0.8059578660810535,12183,353.9746385258288,21.11454140730513,26.997682192863664,15.23238627382974
2018,067,FLOYD,184.4,0.7965615479775331,12694,599.4785869920757,21.855597489804385,27.25567555041226,16.45651908861314
2019,067,FLOYD,202.9,0.7970890364609252,13675,273.6233835470648,21.25387898892659,26.81111353941101,15.696743494489594
2020,067,FLOYD,187.4,0.775818221407164,13989,335.3101005856151,22.42345912020445,28.43096700147108,16.41605179230812
2021,067,FLOYD,204.4,0.8118274867332217,13409,410.883636919066,22.59707861484984,28.59794140552227,16.618650552416533
2022,067,FLOYD,204.6,0.7945098439561418,13035,395.66270123258784,21.64116634973952,27.30739580510543,15.975079824859913
2023,067,FLOYD,191.8,0.8157101336078785,12949,201.95629565493832,21.53662172775977,27.997792705560535,15.07559512635925
2010,069,FRANKLIN,168.0,0.8167965815824926,17300,614.4416145992001,22.60968910987546,28.21452377419378,17.005854427588567
2011,069,FRANKLIN,189.7,0.8278193638655781,18025,293.98763379172556,22.309728266805415,28.036260612612317,16.58419551148596
2012,069,FRANKLIN,150.0,0.7770135186476325,18243,152.04542594586235,22.871471092482047,29.709213044331783,16.034718583798774
2013,069,FRANKLIN,179.6,0.7574211550336933,17133,294.28625891193576,21.382928014632338,27.26831808654554,15.49852147407265
2014,069,FRANKLIN,165.8,0.7935152665371324,17803,483.2539890148219,20.81864546627618,26.228423654836337,15.409861648996582
2015,069,FRANKLIN,200.2,0.818530635064112,17065,440.6237054797044,20.7571378621718,26.353803348797772,15.161460000154856
2016,069,FRANKLIN,204.8,0.852413669852022,19069,443.850838367351,21.971524703646946,27.67429626091489,16.269744902313555
2017,069,FRANKLIN,206.1,0.8175848989896284,17499,308.5862047354205,21.25927886363564,27.433648249414755,15.085907862783715
2018,069,FRANKLIN,204.3,0.8152188147807556,17862,494.51125084573823,21.99246803229587,27.656784381532983,16.329148283738167
2019,069,FRANKLIN,202.7,0.8106223027057832,18942,257.113786490371,21.227002842296,27.018864627805012,15.43524296520712
2020,069,FRANKLIN,180.1,0.800875834614629,19574,274.71046029741564,22.552363293257493,28.91214383979168,16.192684108754175
2021,069,FRANKLIN,198.9,0.8112029426774177,17523,271.3783063920542,22.759082784978016,29.14527130954814,16.377520913584537
2022,069,FRANKLIN,220.1,0.8035956805990785,17108,298.1651288576954,21.87197958756985,27.886091461536093,15.858009418075246
2023,069,FRANKLIN,210.5,0.8454961831777603,17368,219.0175063880724,21.563331038492173,28.07457900674028,15.052226740451962
2010,071,FREMONT,152.7,0.7860460223292993,10646,387.5411766909846,24.613891201690496,30.19402209653333,19.03474136158316
2011,071,FREMONT,155.6,0.702040424566307,10069,383.1028006868703,24.428794986513907,29.965337083986345,18.893252516607216
2012,071,FREMONT,131.2,0.7365362551810063,9578,221.57771190825372,25.410513463477496,32.4199558412701,18.402062824279326
2013,071,FREMONT,159.9,0.7785393742862877,9269,162.73299696549984,22.98949785137676,28.77444298990687,17.205540946100587
2014,071,FREMONT,191.5,0.8122377851575672,9501,455.4992273109999,22.606745594881662,28.372387055462895,16.84210099431671
2015,071,FREMONT,179.9,0.8020070473212194,9232,512.8790554505766,22.80053183602901,28.510263489848917,17.09179873141256
2016,071,FREMONT,180.8,0.8026937215996374,10232,449.1215491570514,24.066849537965467,29.80098570754541,18.3336871037633
2017,071,FREMONT,204.5,0.8237792400579411,9821,342.69390592137194,23.144680876253624,29.270758972646725,17.019589278431646
2018,071,FREMONT,195.1,0.8011492026679216,9711,410.3571238575678,23.913728869925745,29.678694470390248,18.14975427346089
2020,071,FREMONT,194.8,0.815821238904564,10270,213.16871365856815,24.43990284349207,30.31637194975517,18.563536235847273
2021,071,FREMONT,206.7,0.8207951180466087,10407,323.2399984455107,24.263258151040343,30.27632366252098,18.290997826343684
2022,071,FREMONT,191.6,0.8180118761732009,10129,233.7189583410197,24.10399162501121,30.27232019479727,17.93580282953039
2023,071,FREMONT,211.0,0.849966791050366,10797,350.4080712757259,23.28566311659326,29.09969332023759,17.47177509573491
2010,073,GREENE,167.3,0.8075625137157579,15838,605.3195778260881,22.794346928049897,28.231062114167603,17.358626217887323
2011,073,GREENE,183.4,0.8341344190039393,16067,243.98113757296065,22.76992753321603,28.234996492498347,17.30584723266118
2012,073,GREENE,124.6,0.7338298089957292,16135,147.81871901950714,23.526080188915344,30.524738263847254,16.528413690100148
2013,073,GREENE,137.9,0.7288778897435434,16440,150.34308730773998,21.851282076442978,27.93170890954263,15.771855723295564
2014,073,GREENE,181.2,0.844407026088232,15373,497.758997555444,20.90369224997593,26.189905926821982,15.61847520028816
2015,073,GREENE,189.0,0.8152008872130477,15441,528.64072735015,21.15645869282439,26.50077331815634,15.813124782917344
2016,073,GREENE,205.5,0.8471631480151637,15862,339.9361186318728,22.868899342702424,28.78243784775394,16.95635797084782
2017,073,GREENE,202.2,0.7985818897826276,15240,208.3628003105441,22.362062333823815,28.94798463882869,15.777149017743222
2018,073,GREENE,201.3,0.8102788260011162,14773,464.3243368419634,22.82933184498706,28.720400323730622,16.939253214592984
2019,073,GREENE,201.4,0.8397338477274748,15998,315.32333863481756,21.992739457594716,27.688126535213776,16.29745285936759
2020,073,GREENE,153.8,0.7653240636036053,15328,137.34093591072428,23.254380014866523,29.507527425176676,17.00133371212383
2021,073,GREENE,220.5,0.8268723708868452,14305,288.1508521326978,23.01759952567689,29.24415452818304,16.748201332082694
2022,073,GREENE,197.3,0.8131984427303284,14663,251.41909138244796,22.733927282404412,28.825034930967927,16.64296226520632
2023,073,GREENE,208.0,0.8454154452673234,14529,278.9542500150409,22.07213117501131,28.107842718219864,16.03656366519701
2010,075,GRUNDY,192.9,0.8292607287012538,13455,557.1878347055845,22.72695739422911,28.118649963023973,17.336263189072934
2011,075,GRUNDY,172.8,0.8120457586760923,14168,289.36093305919906,22.561443950394207,28.154390018751855,16.969493387162323
2012,075,GRUNDY,161.5,0.7836709624901586,13599,141.62911484671946,22.998158181912704,29.75627709025254,16.241034953789924
2013,075,GRUNDY,180.8,0.7419850346024343,13895,256.2599946198322,21.44931428024416,27.290979994430472,15.6086325089849
2014,075,GRUNDY,182.4,0.8157122060869879,13391,485.0352999654034,20.94876731274766,26.256526336745903,15.642002301461025
2015,075,GRUNDY,199.9,0.8345777033892768,13767,449.55592294488576,20.84476162539656,26.250487273372688,15.440028052866625
2016,075,GRUNDY,198.5,0.8366474892544226,14551,452.2991023209248,22.173656006594744,27.769864961116983,16.578451430480435
2017,075,GRUNDY,217.3,0.819811906006802,13546,278.03270650498104,21.316847796120605,27.421382662818857,15.21331797861785
2018,075,GRUNDY,225.2,0.8277119192929209,13974,498.70829553725247,22.173541610992928,27.81958091776272,16.528493174822778
2019,075,GRUNDY,209.8,0.8105827640629961,15108,236.88304998371868,21.56422739501087,27.286659011699715,15.841894936673516
2020,075,GRUNDY,182.7,0.7818631666363841,15419,354.6383457663549,22.81408681135494,29.053753640984453,16.574520308697675
2021,075,GRUNDY,209.4,0.8117291062298598,13815,300.44176317507015,22.895970486733056,29.183585035120863,16.590008271166194
2022,075,GRUNDY,207.5,0.7959494460888321,14125,353.94374988319197,22.154453143064057,28.120525084886427,16.18852389189508
2023,075,GRUNDY,212.9,0.8280471058654127,14262,189.43149975294295,21.91253080264928,28.336659207251117,15.488543585025496
2010,077,GUTHRIE,141.3,0.8054120036266014,10244,666.8671954442806,23.079772053194937,28.661607362408944,17.498922572057467
2011,077,GUTHRIE,169.4,0.8079214848136526,11556,314.80065674745055,23.17093986398486,28.77571623480805,17.56714536009003
2012,077,GUTHRIE,113.4,0.709302328670628,11133,155.07518992949372,23.761462085207803,30.954102606718155,16.569821797079747
2013,077,GUTHRIE,130.1,0.736884357231627,11046,187.1144000931544,21.95089835812593,28.113848429987293,15.78893481073838
2014,077,GUTHRIE,176.1,0.8273918126883242,10696,559.3489127319796,21.24311636541762,26.691653218115334,15.795591234390791
2015,077,GUTHRIE,179.2,0.801396219893304,10967,528.1007464188399,21.402967745032992,26.88660767570927,15.92032100002188
2016,077,GUTHRIE,198.2,0.8199129050851501,10990,292.03380556690337,22.914016500178953,28.799995620827485,17.029028002421057
2017,077,GUTHRIE,197.6,0.7993210954263412,10590,312.94219523745613,22.344654553696408,28.846476926286343,15.843828963216373
2018,077,GUTHRIE,192.2,0.7960537137363941,10288,417.9194778867928,22.765709199271924,28.704123264198827,16.828288845548094
2019,077,GUTHRIE,196.7,0.8190815451714616,10572,293.5370138928614,22.08558708611673,27.782907060382563,16.388369064865714
2020,077,GUTHRIE,151.3,0.730954729184859,10346,103.63556368288008,23.436687595592907,29.93767858455269,16.935797784794833
2021,077,GUTHRIE,220.0,0.8249702090810779,9705,315.10530209239994,22.981383119626123,29.460929286545316,16.52649060736917
2022,077,GUTHRIE,193.6,0.791113995849579,9620,325.34033952272824,22.943251992027463,29.293033955287523,16.59361111834454
2010,079,HAMILTON,169.6,0.8156415355470269,17232,658.811028880273,23.045085447128347,28.57039142427529,17.52077667825036
2011,079,HAMILTON,180.6,0.8194824771627397,18058,220.94202488960175,22.46340016647357,28.023004569214297,16.904786717750664
2012,079,HAMILTON,138.0,0.7697817921618338,18915,157.60648179485915,23.063529307851173,29.937558503572657,16.1905004904459
2013,079,HAMILTON,135.0,0.7184720926449946,17486,148.40272239545826,21.63783536531639,27.685666762817355,15.59099832920172
2014,079,HAMILTON,173.1,0.8197136973974091,17119,421.73301008680016,20.785367715473992,26.119493335434832,15.45225369918852
2015,079,HAMILTON,198.1,0.842542906690897,16842,512.1284142135223,20.84739446871269,26.290052471856708,15.405737598446178
2016,079,HAMILTON,209.0,0.8282842058604374,18301,361.69314623795066,22.25298188668239,28.070220532660493,16.436723121371106
2017,079,HAMILTON,194.6,0.8005246271229262,17400,218.55609639211684,21.601341853293356,27.915836335819307,15.287846143424002
2018,079,HAMILTON,188.9,0.8101024410504167,16987,563.7463871527932,22.310920560083417,28.000200673544253,16.6226440041183
2019,079,HAMILTON,198.2,0.8121204080934287,17668,289.27066324443837,21.427276479410985,27.082439826607352,15.772213901178883
2020,079,HAMILTON,166.2,0.7862089439512274,17880,196.33640892036055,22.851310632589207,29.189963708377416,16.512758515009505
2022,079,HAMILTON,208.6,0.8050718238397244,16257,298.948649209824,22.323457513450457,28.38943118357966,16.257626808389688
2023,079,HAMILTON,215.5,0.8533197530247271,16118,247.02988082404684,21.79270602985621,28.039094774214824,15.546459638556524
2010,081,HANCOCK,176.9,0.8130236877143143,16993,446.1492257089145,22.217920980908012,27.660759472883164,16.77606939763704
2011,081,HANCOCK,179.8,0.8164597546578677,17563,255.15297823241156,22.082893103533713,27.640215179527463,16.5265631044141
2012,081,HANCOCK,143.3,0.767260428039297,18083,115.55185357220049,22.46306088824923,29.112302474240774,15.814797603645804
2013,081,HANCOCK,169.9,0.7661429839316233,16650,252.85453717647135,21.26403880591126,26.987077275204378,15.54199955608198
2014,081,HANCOCK,173.9,0.80936833766006,17983,434.4268339928806,20.52880711422727,25.8803565301854,15.178257616767317
2015,081,HANCOCK,201.2,0.8315630492604236,16873,404.7298715071752,20.476455305305695,25.944972342437133,15.008927135261375
2016,081,HANCOCK,200.3,0.8476186889901469,18457,391.0047200461482,21.57296443847181,27.1371632586296,16.009741165325575
2017,081,HANCOCK,200.2,0.8073720504112359,17088,284.3715099456772,20.930446539403334,26.98565159143466,14.876231264246275
2018,081,HANCOCK,176.7,0.7995778291744029,16630,525.5071732327774,21.713369958823268,27.080154955396345,16.34757703463522
2019,081,HANCOCK,193.3,0.8246441068852403,18097,242.60479649558616,20.985381047578237,26.528722379063694,15.44214040580145
2020,081,HANCOCK,200.0,0.824758152656122,18294,263.2875787925729,22.243139146765415,28.39589674705903,16.09048354990074
2021,081,HANCOCK,209.8,0.822492203503128,17007,346.5718929625921,22.305883112019007,28.55507389778713,16.071078580692287
2022,081,HANCOCK,211.5,0.81343317612284,15702,329.0051572986932,21.433849746180996,27.37585187880504,15.491989612180635
2023,081,HANCOCK,204.9,0.8434146637230459,16811,230.5665848967576,21.091836157899746,27.495376509830972,14.688439126522836
2010,083,HARDIN,185.8,0.8349600844950185,15941,563.6860281952794,22.805900291585697,28.30725597316128,17.305543316857488
2011,083,HARDIN,186.7,0.8291692594872411,16707,297.1219572956048,22.505882047394316,28.1286048694557,16.8841517658799
2012,083,HARDIN,163.6,0.7935195517186115,16601,164.98102572603142,22.942848588226365,29.712966075070003,16.17371696138902
2013,083,HARDIN,156.6,0.7329851641753254,16357,206.1083227129731,21.4600776002262,27.37062792428383,15.550525093584458
2014,083,HARDIN,166.3,0.809953297005444,16050,477.8423154048878,20.856030959428377,26.151712547575997,15.561350129286694
2015,083,HARDIN,199.3,0.8421885121548175,16145,459.75416294555646,20.83625638583893,26.282774104506657,15.39073176745505
2016,083,HARDIN,208.0,0.8395788766058143,17118,408.14767279110936,22.271546819749364,28.00732011881335,16.536770007390867
2017,083,HARDIN,213.7,0.8171044958513038,16521,247.67139428464876,21.552322780591275,27.782442699676363,15.323211887109665
2018,083,HARDIN,216.6,0.8306521451930686,16178,477.63007104550235,22.33297615509509,28.066475969513927,16.600477248919358
2019,083,HARDIN,200.2,0.8083430839111448,17816,269.9140963148682,21.57673466353632,27.361802654177083,15.791766804413934
2020,083,HARDIN,155.7,0.7704917970465411,17544,255.0899882627789,22.961344298661775,29.35017883276976,16.572610309202098
2021,083,HARDIN,193.2,0.8107503334247609,16200,282.32092828099377,23.01984919507864,29.4746746520877,16.556242047397653
2022,083,HARDIN,215.6,0.8068035331489068,15614,347.19310566577843,22.3056552918504,28.36151628140168,16.249937169615077
2023,083,HARDIN,213.3,0.8474859421613903,16127,226.1893849372481,21.920176739328173,28.240244079208964,15.600252502161698
2010,085,HARRISON,159.4,0.8035076889262448,17026,597.6336320807835,23.42826799045011,29.2081582438816,17.649372634067863
2011,085,HARRISON,169.9,0.7745771261097228,16307,393.2426871745165,23.53595728150678,29.04248932547547,18.030425126289582
2012,085,HARRISON,130.9,0.7299240880620905,16815,195.82660028983503,24.093661002875724,31.158990827537707,17.029331232413668
2013,085,HARRISON,177.1,0.7797043632229628,15769,202.09877925833544,22.24439714452504,28.237698212687295,16.252082495760998
2014,085,HARRISON,161.1,0.7981945002959878,15386,550.0236418095143,21.691313318611112,27.302889935776452,16.080738726235126
2015,085,HARRISON,189.5,0.8071697173590847,15035,443.7729654659189,21.88818538711207,27.64159913564332,16.135755247479576
2016,085,HARRISON,204.6,0.815747270412008,16465,320.938807122153,23.378988520386667,29.42550327433384,17.33348369825571
2017,085,HARRISON,193.2,0.7960074261945028,15800,269.750758269846,22.692441485200995,29.065424071933737,16.32045215688673
2018,085,HARRISON,176.0,0.7941510592555256,15260,563.7707501173651,22.869544861169743,28.704048864166072,17.036022769892416
2020,085,HARRISON,180.2,0.7775197427454371,17102,203.6016957734546,23.860312772846655,30.27777323256126,17.44295331144011
2022,085,HARRISON,172.4,0.7769889020990165,15926,182.39986824782804,23.539413928541094,30.057702168672584,17.021267490372146
2023,085,HARRISON,190.3,0.8032731336767251,15767,283.12781871059883,22.545088180638786,28.91828799536659,16.17203237330092
2010,087,HENRY,109.0,0.7437774587292054,7804,595.2632232571679,24.468400487919048,29.754722933931426,19.1830848469482
2011,087,HENRY,123.2,0.7526328389079937,7444,300.45163185348156,24.13379734146269,29.597018990624257,18.671571818615448
2012,087,HENRY,132.0,0.758920130702103,6954,177.64940100124372,24.064861583966675,31.012539482470014,17.118183296752235
2013,087,HENRY,160.4,0.7514197818909177,6346,156.38901985689122,22.750295258162588,28.57409497189095,16.927467367953422
2014,087,HENRY,196.6,0.8507049364277135,7101,383.5577480823897,22.10910399107066,27.36486570190282,16.854354201281808
2015,087,HENRY,178.4,0.8074330740285162,6797,450.5548257237118,22.34867650059666,27.70159344618549,16.99676117651307
2016,087,HENRY,199.0,0.8206183428283008,7078,385.67309834597575,23.712834279759633,29.32292400895243,18.103742023396055
2017,087,HENRY,196.4,0.7943476405655308,7044,172.36172179885057,22.79147154885776,29.28297303123641,16.300964109461567
2018,087,HENRY,189.7,0.7689633469501213,7034,329.1707254631498,23.72574413950975,29.593288159041172,17.85921337107449
2019,087,HENRY,164.5,0.7564871712734139,6753,225.17088469619344,23.21165839049421,28.790287461976227,17.63313067164152
2020,087,HENRY,172.0,0.807017193743215,7112,296.53806237504295,23.846690559595977,29.687271768214032,18.006210511443022
2021,087,HENRY,167.7,0.7840383868731846,6709,382.2917905824382,23.79335716526368,29.26680079683706,18.308700486279843
2022,087,HENRY,167.7,0.8180756130598846,6884,159.8096954435033,23.557657078485686,29.366884926586845,17.748571125494983
2023,087,HENRY,195.1,0.8044816211416379,6685,210.54854265135577,22.833842478684996,28.89662376474795,16.77120332791773
2010,089,HOWARD,191.4,0.834340811508563,11378,440.7529993156994,21.285257483204735,26.88164383456673,15.689882960596506
2011,089,HOWARD,185.8,0.8049572775519376,11838,234.36657363764115,21.440932163389984,27.37942931756137,15.50342550534289
2012,089,HOWARD,137.8,0.776002307185991,11663,173.56658183307613,21.941457232272743,28.785650743103993,15.098253358219118
2013,089,HOWARD,159.1,0.695309531258361,7988,352.17381637799247,20.334683602777055,26.24389347923447,14.426475409352772
2014,089,HOWARD,164.4,0.8104172277314139,12108,446.40293629623454,20.15579953830855,26.02210481273393,14.290497207279618
2015,089,HOWARD,202.1,0.8273982155135301,11075,400.5991869373389,19.618167341680365,25.66704815494172,13.570269389825558
2016,089,HOWARD,202.2,0.8428820595973251,11941,633.5834192883887,20.589565772372893,26.365660297171072,14.814464297536109
2017,089,HOWARD,201.7,0.8099722387966606,11543,283.30906131930647,19.852481314189557,26.11734132110547,13.588619360751466
2018,089,HOWARD,185.5,0.80117272573623,11895,512.3563773293672,20.892862792578097,26.609231107711295,15.177509863819418
2019,089,HOWARD,194.2,0.7885264837682502,12974,381.6045281087182,20.02242779961536,26.120783745623683,13.924172913238998
2020,089,HOWARD,188.6,0.7769631225137059,13343,353.1708148602162,20.90992798473599,27.335290963465297,14.484666496075
2021,089,HOWARD,207.3,0.8183820352711996,12125,556.0550102336726,21.397689896203374,27.615550120798744,15.211395808202772
2022,089,HOWARD,217.2,0.7881043796380429,12623,484.7925788772814,20.37888793163151,26.304018793278903,14.45390118570654
2023,089,HOWARD,183.9,0.815738747767829,12358,191.6848035271898,20.48835849006064,27.234736256643252,13.742122922944256
2010,091,HUMBOLDT,153.2,0.7906053377395397,11897,632.2479520183804,22.991481326775865,28.50227003354909,17.48167365987952
2011,091,HUMBOLDT,185.5,0.8256742815845601,12287,269.7027195633547,22.364326629852,27.83655516376122,16.893106132168494
2012,091,HUMBOLDT,146.1,0.7649087374914836,12439,119.22652957746196,23.14751310067951,29.780704243854213,16.515343276228762
2013,091,HUMBOLDT,155.4,0.7349072978287585,11148,182.1326492299656,21.653152205586803,27.519372359929008,15.78793025934597
2014,091,HUMBOLDT,176.9,0.8161181227616806,12571,450.7182805406951,20.77207236889359,26.047145291813894,15.498006149381348
2015,091,HUMBOLDT,194.8,0.8275810861040861,12194,419.90155257682886,20.94811279965584,26.36866414205927,15.52856813662346
2016,091,HUMBOLDT,206.1,0.8432218753396845,13105,346.7318496446415,22.080807588931098,27.834877788523,16.327744404726094
2017,091,HUMBOLDT,200.9,0.7995242929119866,12017,249.74152539087663,21.45044119692919,27.630915445546805,15.270960617745583
2018,091,HUMBOLDT,162.3,0.8024490452357226,12284,547.9816847686667,22.181725033099177,27.657501325816757,16.70696297676562
2019,091,HUMBOLDT,198.7,0.8281640608965575,12611,306.25594550351553,21.3386288830774,26.8790354452389,15.798324392510256
2020,091,HUMBOLDT,188.4,0.8094431418662923,13221,199.7220312454112,22.878992189048276,29.12716501112144,16.630919628064483
2021,091,HUMBOLDT,205.4,0.8060008521084596,11934,338.5165127020208,22.73347225130471,29.047262955005618,16.4174448134341
2022,091,HUMBOLDT,195.5,0.818046516942787,11857,211.53916411536383,22.170768199085625,28.295220634676262,16.04645774364279
2023,091,HUMBOLDT,205.8,0.8238867303886951,11790,206.0115460152218,21.678295747707647,27.78188505056023,15.574848748343202
2010,093,IDA,191.8,0.8357404680602918,11001,627.5635162738946,22.482450446086137,27.984329835297057,16.981562049827758
2011,093,IDA,182.9,0.8093778090291431,11531,231.18149692466824,22.492183490534913,28.074344774739643,16.91102644665719
2012,093,IDA,151.4,0.7751000701570883,11883,248.5558584054239,23.101188691219868,29.79940876747244,16.40396129088615
2013,093,IDA,177.7,0.7624565080795574,11529,161.5428140933178,21.389177746322012,27.24046465832597,15.53888131243672
2014,093,IDA,189.9,0.8320338749268061,10889,575.7862682671665,20.479738100725616,25.87619980872171,15.0842743614222
2015,093,IDA,203.1,0.8270109767583872,11049,573.3614384893095,20.951912714830073,26.513302702136684,15.391519477988153
2016,093,IDA,216.0,0.8235162492792947,11965,284.0847479069683,22.397700381713907,28.403452359938093,16.39293274867594
2017,093,IDA,215.7,0.8099861977437616,11099,334.05701062285607,21.73356494745409,28.074741462530376,15.393394323486586
2018,093,IDA,222.2,0.8353327321787563,11088,450.59403985276185,22.082493365937793,27.628547444351472,16.537438433601285
2020,093,IDA,188.2,0.7754448996428505,11564,164.189920342718,23.10319348267259,29.51320403029471,16.69328355204011
2021,093,IDA,226.8,0.8202425522633655,11442,342.6217039466284,22.793761403920435,29.26248106331769,16.329974401689082
2022,093,IDA,221.2,0.8146334380447888,11161,265.497679015,22.533436548097008,28.974931583278018,16.092082239976566
2023,093,IDA,198.0,0.806994279518099,11582,243.56115161946573,22.045948795774084,28.47410248112717,15.617938072052755
2010,095,IOWA,158.5,0.7968957458236474,10431,546.6762292183855,23.2726624022977,28.642256654813036,17.904051958709278
2011,095,IOWA,171.6,0.8034585032129806,11009,269.01424233782063,23.10431636608263,28.755053078468883,17.454572888557056
2012,095,IOWA,135.7,0.7744112720384534,10458,192.18865195506424,23.224959647372057,30.347608656099347,16.10331963471099
2013,095,IOWA,165.9,0.7646440506131983,9894,154.7378674787625,21.74118062868465,27.85716340953395,15.626200118585462
2014,095,IOWA,192.1,0.8298275313429553,9681,538.2449777311549,21.490163798795596,26.901926133118344,16.079403191555173
2015,095,IOWA,199.3,0.823037991075763,10171,458.5700427850709,21.404397213521303,26.851528465182067,15.958259888262631
2016,095,IOWA,210.6,0.8323165372372533,10796,438.6442960143525,23.00236045359253,28.837546698367355,17.168160405601437
2017,095,IOWA,216.7,0.8257649199141781,10309,227.36509665921895,21.95723651044684,28.60109211520354,15.314368427911038
2018,095,IOWA,211.7,0.8164393055702633,10651,438.1322821685079,22.851839998910037,28.83821967333436,16.866429898150834
2019,095,IOWA,190.6,0.7684736436740597,10975,315.03885419579365,22.302145168039186,28.103341444965142,16.501050245200528
2020,095,IOWA,151.1,0.767728334183317,12097,270.031140342517,23.10049092744191,29.213537788455984,16.98754332144679
2022,095,IOWA,205.9,0.8252476555739181,11228,243.82366178700244,22.87317440322042,29.141094586367338,16.605395635028053
2023,095,IOWA,213.5,0.8131874123589464,10910,194.28438961737768,22.553013230042403,29.105950797794296,16.000218020274822
2010,097,JACKSON,157.2,0.8021169454445242,8634,499.7788470335003,22.699307287162988,28.088548988381973,17.311085492255188
2011,097,JACKSON,178.3,0.791232885318185,9254,369.7623830499957,22.529107908924686,28.19823367523412,16.860978868552593
2012,097,JACKSON,114.6,0.7338782815967865,8538,142.67371473635956,22.84439428821281,29.70044987237196,15.989345349758027
2013,097,JACKSON,173.2,0.7805286054117417,8073,212.97382894391345,21.112373043689,26.97382277564499,15.251931439915657
2014,097,JACKSON,188.9,0.7917392276732098,8295,427.20364851552154,20.959393313130107,26.416387090268973,15.503384794813366
2015,097,JACKSON,190.6,0.8149985064872041,8668,426.2511743516857,20.657712157069852,26.26331558445959,15.053105126778714
2016,097,JACKSON,202.1,0.8445308221109508,9066,474.23422730450113,22.17852168264725,27.735893149489716,16.622128609678732
2017,097,JACKSON,202.1,0.8015078543875177,9045,376.20361221635295,20.945809434019218,26.965361520465457,14.927255134767334
2018,097,JACKSON,202.4,0.8050640999064873,9106,505.3820880711312,22.02233217899735,27.59069514281816,16.45497090062985
2019,097,JACKSON,185.5,0.758137557647758,10168,280.35226280435063,21.729028870270728,27.308542292278275,16.149615851001744
2020,097,JACKSON,185.6,0.7825078125847359,10603,233.9265570339528,22.695435250934626,28.65525426840209,16.735718470913735
2021,097,JACKSON,191.2,0.8121497720625519,10072,265.3924717813568,22.64219414443248,28.486243348349113,16.830258157614434
2022,097,JACKSON,219.2,0.8175909720399204,9247,391.04153165710784,21.750720749859056,27.497464212467,16.00412098875157
2023,097,JACKSON,189.6,0.7839408780897266,9755,203.36932509933743,21.69819016723985,28.251240851860935,15.14528283845266
2010,099,JASPER,152.7,0.7988446638145651,15008,793.3437496948602,23.63765768494448,28.964977838417788,18.31133171736511
2011,099,JASPER,171.1,0.8043789311852212,16166,299.22191788002664,23.8388743289572,29.14230840147121,18.536435039796064
2012,099,JASPER,150.9,0.773241776959771,15731,168.2251741560197,23.87389609962573,30.645590893965892,17.103193943875507
2013,099,JASPER,158.8,0.7534522205841235,15132,153.3734378794182,22.171830840333364,27.99735073306199,16.34730599933487
2014,099,JASPER,191.5,0.8400531228418388,15238,457.92430444043725,21.56583461082543,26.751899479709675,16.380772188400186
2015,099,JASPER,198.9,0.8436233774706902,15196,508.5711841089512,21.6307790361788,26.738756871332097,16.523800684786405
2016,099,JASPER,214.7,0.856122265588711,16072,353.5369388877093,23.07554653889881,28.626822649338703,17.52525939518542
2017,099,JASPER,204.6,0.8081183026702913,15300,220.5154638604948,22.44253550709314,28.6720689118826,16.213992149610498
2018,099,JASPER,218.6,0.8030692569634441,15437,431.18115278116466,23.11391780865956,28.76876106680371,17.460068881639426
2019,099,JASPER,209.3,0.8213989303876703,16713,260.46773892171467,22.35488190555208,27.880723160190342,16.82914177868398
2021,099,JASPER,221.7,0.8161115091056785,15074,244.46172952467023,23.752887260680385,29.681227638046344,17.785871429762853
2022,099,JASPER,203.6,0.806557857766569,15576,206.6899148357709,23.351117881317265,29.37788270418684,17.32449620643086
2023,099,JASPER,218.0,0.8565248895292321,15162,260.5398424182374,22.51454257920452,28.631056786828587,16.398170678464925
2010,101,JEFFERSON,98.5,0.7601529196046751,6517,670.9618820940079,24.524414155864477,30.227401231624174,18.8224293805597
2011,101,JEFFERSON,112.4,0.7481056530991044,6671,286.9104950574358,24.554487946741485,30.374792560075928,18.73518721619047
2012,101,JEFFERSON,102.8,0.7173519173011846,6128,181.5083414957764,24.27864692955473,31.49457518161265,17.06372311472164
2013,101,JEFFERSON,145.5,0.7511804987580348,5551,165.23134411554895,22.46422668776544,28.306913958943618,16.62253102784615
2014,101,JEFFERSON,200.9,0.84687860868829,6001,446.4551163886032,21.88080371747843,27.10392654260305,16.65867905261257
2015,101,JEFFERSON,168.2,0.790611562796085,6265,413.9703995594178,22.181020762788503,27.475764019799897,16.887278888945932
2016,101,JEFFERSON,197.0,0.8030331270298947,6043,413.90572594611785,23.559575736338125,29.14693810700193,17.973195692673155
2017,101,JEFFERSON,165.5,0.769231184071308,6575,133.86832924560923,22.812280846902897,29.46894917445405,16.156601168203427
2018,101,JEFFERSON,198.8,0.7776430230920407,5920,353.3530435821352,23.54601136232238,29.47106941773116,17.621934773762163
2019,101,JEFFERSON,162.7,0.7758093629609385,6257,244.0309109368157,22.821957037664532,28.494122275766703,17.149891950766737
2020,101,JEFFERSON,167.3,0.7895311698214339,6342,332.114656384541,23.405934653155672,29.18259010884703,17.629378562092864
2021,101,JEFFERSON,163.3,0.7888662994725814,6163,360.35352268005903,23.661345511717265,29.132989383563757,18.14851690409981
2022,101,JEFFERSON,178.0,0.8108275093978662,5910,141.3053479527416,23.616976626736665,29.586857926345797,17.647238065783277
2023,101,JEFFERSON,195.1,0.8068040336331941,6051,228.29252080037497,22.893685701332085,29.00901223968616,16.778500861617243
2010,103,JOHNSON,150.9,0.7897289888632277,10953,541.064599665513,23.60083988937766,28.712691801953945,18.48998055556405
2011,103,JOHNSON,171.9,0.7847338255170855,10526,284.3325246874522,23.39419038582661,28.779122095212863,18.010231776867748
2012,103,JOHNSON,132.4,0.7478678578029969,9201,163.19292538560816,23.71095904208019,30.390147919368136,17.032760517272937
2013,103,JOHNSON,181.1,0.7705821621225643,9386,184.6037804137853,22.069114012228177,27.92135003986652,16.217873484593838
2014,103,JOHNSON,184.6,0.8236344044215328,9189,457.4953505681472,21.59483257494742,26.836641188940533,16.354017780901543
2015,103,JOHNSON,187.1,0.8159011201793794,9768,374.9378174476609,21.58332461803485,26.965228202099084,16.20242320955652
2016,103,JOHNSON,189.0,0.8275831905089399,9497,486.2415802155497,23.10184332741957,28.627367531938273,17.577322134407467
2017,103,JOHNSON,213.1,0.8220436963213232,9614,265.0692723878963,21.997905052285304,28.319637095440314,15.67716088391658
2018,103,JOHNSON,212.3,0.8000409287470547,9441,420.78729955687294,22.98619812378616,28.74673166205042,17.22666093848588
2019,103,JOHNSON,181.3,0.7440581118324603,9752,287.85300360951186,22.612584148844807,28.240995945612234,16.984271980989565
2020,103,JOHNSON,161.8,0.7743281850010441,10307,250.59118025357336,23.189397672643288,29.05343165014398,17.32546563630771
2022,103,JOHNSON,205.2,0.8282609214560737,9603,301.8180845750448,23.01788549619335,28.862694622652437,17.17321792264187
2023,103,JOHNSON,203.1,0.7996526145770321,9945,187.81183781294456,22.85493225930589,29.233122664662183,16.476882983364625
2010,105,JONES,168.9,0.7967414294108143,14103,528.8684756528701,22.53212890465316,27.983878706525463,17.081378297436142
2011,105,JONES,171.4,0.7976256465413721,14443,346.93974830117986,22.40275491823891,28.203835369553683,16.602650320629742
2012,105,JONES,127.3,0.7501148038379281,13579,175.0200692313462,22.820115185523225,29.831255738546687,15.809956121222918
2013,105,JONES,179.3,0.7867694638070446,12805,260.53807404651684,21.13758669103578,27.102070761747143,15.174089093969776
2014,105,JONES,180.1,0.7982388568031232,12830,460.6247422480468,20.84342205899261,26.369675131095477,15.31815956603649
2015,105,JONES,186.6,0.8172969040188753,13335,341.2107056921493,20.547438779195147,26.248892518804983,14.846979272117908
2016,105,JONES,201.3,0.8579626806779652,13205,460.1372790667141,22.05510979449841,27.673173377813303,16.43803678435688
2017,105,JONES,217.0,0.8328197554079217,13020,363.34408494962514,20.89213649743841,27.05889062287087,14.726378162472749
2018,105,JONES,208.9,0.8080368422465201,13036,482.850400334793,21.951317498554555,27.651848933020297,16.251781946847608
2019,105,JONES,203.0,0.7674610455987785,14055,273.93324417860276,21.59643445640387,27.403945376788,15.789026068635687
2020,105,JONES,171.6,0.7660974535205246,14090,283.27056049696824,22.34191937527915,28.467747807643207,16.216189806206284
2022,105,JONES,218.2,0.8206787611713618,13189,425.31769942569423,21.403211216712187,27.46970995265753,15.336854768974836
2023,105,JONES,190.7,0.7949971560229382,13244,170.73700146623375,21.57260225470491,28.437250056895177,14.708095543824422
2010,107,KEOKUK,111.2,0.7624122208919922,10344,724.1607239402332,23.76045803254181,29.1877021076668,18.33421352854074
2011,107,KEOKUK,152.4,0.7877759441427061,10125,303.5477841177539,23.89085790093661,29.506999068798276,18.275706504141265
2012,107,KEOKUK,113.0,0.7557898155220987,9782,212.83436718631043,23.859529424308008,31.00275368330925,16.71729343878335
2013,107,KEOKUK,156.7,0.7688797682659745,9049,136.28774911124614,22.063111061470135,28.047597774807535,16.07961848816574
2014,107,KEOKUK,193.2,0.8435217930614206,9236,486.040622619216,21.58972478477467,26.924682041347086,16.25575714586187
2015,107,KEOKUK,181.0,0.8293723938791232,9656,404.7333675186368,21.777781283089663,27.143833427880264,16.41272321344073
2016,107,KEOKUK,208.6,0.8252608541838723,9804,449.77453027690217,23.340647618394893,29.13224913474197,17.550037953089923
2017,107,KEOKUK,176.4,0.8050604137547742,9930,172.4954528053696,22.529146698653097,29.249624792277572,15.80966724387064
2018,107,KEOKUK,203.7,0.7957759287384043,9753,413.440746169167,23.209763184369713,29.166606834525155,17.253907012927545
2019,107,KEOKUK,175.4,0.7892385588022043,10938,275.5013379963545,22.605637151276422,28.27436862787628,16.93700607382399
2020,107,KEOKUK,163.5,0.7858212296913665,10989,298.21914033841415,23.38308555469257,29.279753378154417,17.486519423088403
2021,107,KEOKUK,176.5,0.8065925209406237,10828,325.97772151503113,23.517683764194004,29.147742441640496,17.851244835557093
2022,107,KEOKUK,170.4,0.8165284627127926,10064,168.9600897500879,23.323073356470623,29.464645408235494,17.181643896347175
2023,107,KEOKUK,211.6,0.8347604711847302,10489,240.84265744405735,22.667805858927796,28.93155054867116,16.404203514470677
2010,109,KOSSUTH,184.0,0.8179544982567927,27499,470.15635850539934,22.394789019824273,27.89629011710693,16.89427718343125
2011,109,KOSSUTH,179.9,0.8105827204234113,28116,293.5888906005614,22.19819085771634,27.728363118525028,16.669028805534538
2012,109,KOSSUTH,164.6,0.7891690632269389,27807,165.69415259362927,22.802950085793803,29.191096136027053,16.41579610689467
2013,109,KOSSUTH,167.7,0.7468229936026036,27702,223.8462549423197,21.449736811704245,27.144541625472684,15.75592884036801
2014,109,KOSSUTH,176.6,0.8077277689366481,28478,463.07470532937987,20.65947299951409,25.83240380780273,15.487533346176324
2015,109,KOSSUTH,199.0,0.8325287512801716,28014,390.0768081170796,20.7852751697101,26.202941326312892,15.368603118313908
2016,109,KOSSUTH,204.7,0.8266820031399548,29915,369.6360267780758,21.90111658666983,27.558532619588505,16.244695737758168
2017,109,KOSSUTH,205.6,0.816802991511023,28069,318.74495285061846,21.258304541969284,27.203343120303337,15.314255414103576
2018,109,KOSSUTH,180.2,0.7984173190978611,28016,459.7520972653665,21.98078534298759,27.33638452733361,16.6261732482289
2019,109,KOSSUTH,198.7,0.824242409140279,28946,293.2692419653848,21.0302902635488,26.490702181752,15.569980451966446
2020,109,KOSSUTH,190.7,0.8160731721599265,28475,208.40128175925537,22.58695894322612,28.65142531126192,16.522592879226067
2021,109,KOSSUTH,190.7,0.8062036014425038,27336,329.6368888593458,22.5120966711228,28.811258570606295,16.199957411146634
2022,109,KOSSUTH,196.8,0.8276932350430498,27082,279.7250696358328,21.848704006561256,27.80572686740245,15.89182410925683
2010,111,LEE,103.2,0.7188886891140897,7571,643.4777123594761,24.93732673723668,30.15875779778994,19.716887940336157
2011,111,LEE,105.2,0.7455258790783778,6872,358.1299568333041,24.775040389835027,30.13479360331845,19.416283799269006
2012,111,LEE,116.0,0.7387869076769297,6667,143.59269068758596,24.82812965919205,31.525469337377455,18.131803815939858
2013,111,LEE,144.1,0.7364745398839931,6219,146.12295571805143,23.33821464299515,28.83913089309769,17.838293476070344
2014,111,LEE,200.6,0.8408875970742332,6694,430.20813953495224,22.697869689378663,27.59037616288347,17.80637124654398
2015,111,LEE,145.1,0.7738233282777698,6830,496.26816967855575,22.76344714899465,27.821811759735105,17.706075931988124
2016,111,LEE,194.6,0.8065408735281965,6775,335.3421946877208,24.19936890187294,29.579281601597437,18.820448749765333
2017,111,LEE,178.0,0.7895103437526042,7230,208.64094927629645,23.305973103139458,29.438581358046857,17.174367348934375
2018,111,LEE,201.3,0.7656936822908729,6497,319.02320032430714,24.30098286323312,29.852764612754054,18.750189195383168
2019,111,LEE,172.5,0.7431948909111253,6445,286.23472139729665,23.592209982197943,28.85932374142499,18.325199462685045
2020,111,LEE,174.3,0.7899744293212329,6855,262.31212782987245,24.07537454214391,29.595920948133305,18.554928477565703
2021,111,LEE,160.4,0.7855204029917054,6545,376.65382484534337,24.101963248853277,29.26569017028653,18.910492927240565
2022,111,LEE,178.2,0.7919472238565052,6165,148.1165418930109,23.953074088398512,29.49248872909517,18.413801862525705
2023,111,LEE,203.7,0.8044389306021495,6607,318.6388746169258,23.359715225040105,29.120547162660337,17.59902700084748
2010,113,LINN,170.3,0.8101572375310115,13706,534.8453622786681,22.789789588330645,28.11885028302212,17.461714677632983
2011,113,LINN,169.1,0.793241153932242,14593,334.56471574699833,22.592454105829297,28.25429972125422,16.931599918104933
2012,113,LINN,124.2,0.7531369303649726,13612,174.85366971556292,22.964252713305846,29.90251738227706,16.02697434149594
2013,113,LINN,178.6,0.7814882787141902,13254,296.2676759848621,21.468166635099585,27.375259227451252,15.562067711903692
2014,113,LINN,176.1,0.8104999677595419,13176,410.7089866547425,21.087988004405965,26.522845692974933,15.6541228486139
2015,113,LINN,189.2,0.8124304366054808,13375,383.9848284768794,20.86228770487132,26.453860852613477,15.271712580270645
2016,113,LINN,200.3,0.8526879987295043,13337,468.5852297454112,22.322903782390288,27.945380237068385,16.701418647143356
2017,113,LINN,217.4,0.8247245888050249,13118,303.17002935947346,21.211842299495498,27.53009722582811,14.894568612090676
2018,113,LINN,215.4,0.8045791345893767,13016,482.0300069225422,22.261077599112923,28.01874221985173,16.504409049117847
2019,113,LINN,223.7,0.78965183714379,14292,249.20714722154483,21.80420625564417,27.63925848424332,15.969253533792743
2020,113,LINN,164.9,0.776837340440869,14481,305.2492156045406,22.540072683216565,28.637579804740657,16.44266696698723
2022,113,LINN,215.0,0.8175295894775529,13049,364.35016002870503,22.129722300928456,28.135767261560865,16.12382122568081
2023,113,LINN,179.5,0.7767767885246343,13431,162.03397298127206,22.199788284860137,28.984913345283157,15.414805322430787
2010,115,LOUISA,125.1,0.7727623808514467,8348,552.1427507625873,24.540109182517476,29.88573482490105,19.195484618469077
2011,115,LOUISA,148.9,0.7703471085151425,7545,250.8868654432573,24.182322143665825,29.84505980532616,18.520580275125003
2012,115,LOUISA,162.9,0.7680841377499826,6817,228.9981450874741,24.143073505444104,30.952903253746904,17.334223766233446
2013,115,LOUISA,158.5,0.7558014657156281,6889,126.22162567977,22.65685058532219,28.540893479015462,16.773809052886506
2014,115,LOUISA,188.2,0.8399261525617482,6533,373.4532932587934,22.084295622158987,27.30949984563168,16.860085395194705
2015,115,LOUISA,181.7,0.8079000588644261,7222,421.226545885555,22.252922753378407,27.665943433471064,16.840884512401075
2016,115,LOUISA,200.2,0.821562719892441,7057,453.46323820810227,23.711297982688972,29.311337255446375,18.112250545445296
2017,115,LOUISA,216.6,0.8231536852039583,7127,218.69654186741013,22.633985804151024,29.02885411878678,16.240117897429325
2018,115,LOUISA,196.5,0.7676185953741609,6834,306.5592178308652,23.699744478980012,29.53085422635785,17.8696422122872
2019,115,LOUISA,174.6,0.7484498048085912,7056,228.46274890841164,23.226641394168528,28.76056856452211,17.692815541962624
2020,115,LOUISA,181.6,0.8082921718441995,7306,284.46517403032817,23.647844561853173,29.380954770302097,17.91483610532219
2021,115,LOUISA,189.5,0.8076487005023424,7237,369.4981993573229,23.78636192647952,29.358445096294,18.205973913770578
2022,115,LOUISA,196.3,0.8307854468624708,7020,218.6087625525485,23.35073006434807,29.069438276517065,17.632164072836378
2010,117,LUCAS,71.2,0.734123276606576,2335,697.5390777822822,23.931765342781983,29.342465183935214,18.522057462507277
2011,117,LUCAS,114.9,0.7592269768333523,3232,394.46695788949535,24.065458874929153,29.43874236314573,18.693161570944163
2012,117,LUCAS,85.3,0.7074841418075098,2623,214.45429122043507,24.2751565915027,31.299407559057723,17.25190167902316
2013,117,LUCAS,117.9,0.7292061311055557,3255,185.56724880093628,22.40442602364531,28.190350592224064,16.61951768687425
2014,117,LUCAS,153.7,0.8075294781167819,3162,507.0567077925597,21.611238201237075,27.043712015355208,16.179743161923668
2015,117,LUCAS,154.8,0.7853954764981016,2985,539.3170250578127,21.93515805297323,27.24989524824308,16.621420056949493
2016,117,LUCAS,174.6,0.8065983092757335,2866,296.29192481641945,23.29072452674892,28.991043130748825,17.591387797746943
2020,117,LUCAS,149.2,0.7648770647921127,2588,226.04261739523852,23.51178686773848,29.460335222337505,17.563340077910734
2021,117,LUCAS,166.1,0.7856429891472899,2790,428.1036952685887,23.528946150396013,29.512174706224737,17.60051816805367
2022,117,LUCAS,139.5,0.7671447048636707,2421,180.8579624858309,23.45263347090947,29.647472933535433,17.257937063279446
2023,117,LUCAS,173.9,0.8114577815598011,2845,215.3851299657663,22.810987708978363,29.049730140627975,16.57238717399672
2010,119,LYON,195.2,0.8192345877277213,15440,495.9781088024195,22.257594607337495,28.248722093871184,16.267465798782162
2011,119,LYON,185.4,0.8087042341804926,15828,264.02309180249875,22.10711613415024,28.108962806142408,16.106275712887225
2012,119,LYON,161.6,0.7863511850606986,16083,111.4895799309258,23.351127481390687,30.38466641326574,16.31857929303322
2013,119,LYON,190.5,0.7602935146714361,16304,205.9433042531107,21.23594210369398,27.298882487316703,15.173985964816175
2014,119,LYON,172.9,0.7871177268338816,15779,456.40189995464334,20.51097498191907,26.22442070275655,14.798525602604968
2015,119,LYON,196.0,0.8266015687397816,16027,303.15842844639945,20.97225293443758,27.047698739591983,14.89780973139592
2016,119,LYON,206.9,0.8178233272451498,16332,211.66756263708615,22.08645850428376,28.401023338067557,15.7728833463712
2017,119,LYON,218.9,0.8207027985585044,15874,254.35821343263615,21.309884719159545,27.783338691756367,14.837428390721293
2018,119,LYON,193.0,0.8072601161735941,16066,533.2128994085393,21.984808496814683,27.780850595708753,16.189755295610492
2019,119,LYON,186.5,0.7712237594310141,17327,327.6148451403247,21.393126585304064,27.224467445946473,15.561886533430345
2020,119,LYON,197.0,0.8052864737244474,17326,195.95061054471557,23.033308807755457,29.61130163688625,16.45541665277174
2021,119,LYON,216.7,0.8099204672669741,16865,342.97746262594194,22.612101523981792,29.310986565777764,15.922168787277906
2022,119,LYON,190.8,0.8057343366942116,16462,203.62534062331503,22.283988341990813,28.725029117079853,15.843089125118391
2023,119,LYON,200.2,0.8179226454380032,16622,274.2725930587309,21.638293787127996,28.15543087519116,15.121299404588417
2010,121,MADISON,124.6,0.7877861172877697,5772,642.2694171203832,23.490226703672832,28.934523540618493,18.046921938253455
2011,121,MADISON,145.1,0.777434387554676,7401,343.5595570572014,23.54081780753399,28.877410264993273,18.205216632662076
2012,121,MADISON,101.4,0.7006165029641164,7061,136.74774707727096,24.074550468342316,31.200878851163232,16.94921977287245
2013,121,MADISON,140.9,0.743474403622079,7172,137.0626217100474,22.221372382602635,28.156281013235574,16.2874564931214
2014,121,MADISON,171.4,0.8197428306323713,7309,495.7210247569882,21.737497583469263,26.96809704925553,16.50789045914682
2015,121,MADISON,169.6,0.8037640020024961,6690,518.548873925921,21.91368404923856,27.19653643823779,16.631831233262517
2016,121,MADISON,185.5,0.8160130146496561,7165,296.4498427570879,23.20597978424868,28.774532437675777,17.638413269650645
2017,121,MADISON,173.1,0.7672596821266803,6906,189.1065557472295,22.870180943708164,29.23068168730303,16.510678386024352
2018,121,MADISON,167.8,0.7729396583098221,7089,393.393186066871,23.377117041065535,29.154753685151952,17.600487864146793
2019,121,MADISON,175.7,0.7921642765252775,6430,298.48701847238243,22.522441016900157,28.045242254607057,16.99974213313455
2020,121,MADISON,172.0,0.7715269471904849,6693,199.46099946235023,23.69819155719764,29.7087935368799,17.68769196949867
2021,121,MADISON,195.6,0.800676434861974,6084,312.95104852453096,23.584892117693457,29.635740528165368,17.59015377125579
2022,121,MADISON,166.9,0.780684932685633,6158,267.006558993357,23.6401630355294,29.816296983595052,17.46417128038152
2023,121,MADISON,202.0,0.8231607148802276,5834,252.4823061293971,22.77944498709033,29.05510210831112,16.50393064362111
2010,123,MAHASKA,116.6,0.7474700325273637,11418,809.0582165713485,23.76426436427389,29.062021582866706,18.467492712580643
2011,123,MAHASKA,165.0,0.7925875784064204,11493,325.79713296749026,24.10001535892969,29.586072238800615,18.614949450213217
2012,123,MAHASKA,133.0,0.7508449902203675,11419,187.87479232249436,24.06369470224101,31.137319825536924,16.991071947242894
2013,123,MAHASKA,168.6,0.7701337729667898,9995,151.3832194790494,22.079412982606065,27.965268263802372,16.194555653208308
2014,123,MAHASKA,189.9,0.8382560977547883,10974,512.3800053853687,21.65768480331037,26.904276845368372,16.412081234013943
2015,123,MAHASKA,190.3,0.8289069689694218,11064,461.56279691677287,21.83091706176136,27.113200003927233,16.54964089616606
2016,123,MAHASKA,204.7,0.829671338765121,11258,351.514987414964,23.306750983451813,29.01361428630605,17.600888909777684
2017,123,MAHASKA,177.2,0.7870300171915563,11334,149.5200135921736,22.650207974551535,29.24462236299794,16.0567922347778
2018,123,MAHASKA,207.7,0.7786759352892054,11126,382.48401660257264,23.312407422355008,29.20943006357842,17.416364814381744
2019,123,MAHASKA,189.9,0.799229284560101,11602,292.27694859036166,22.559233890083604,28.13892925954805,16.979639183944595
2020,123,MAHASKA,180.8,0.7843898583159714,11953,232.23920910770076,23.70366506707921,29.577321122582205,17.830107899780096
2021,123,MAHASKA,200.5,0.8162113401030472,11608,274.93552760254715,23.959113754023196,29.564979621325023,18.153483841248068
2022,123,MAHASKA,186.3,0.8096586876991386,11061,192.767758669796,23.7062038708143,29.7375086185544,17.675040710321934
2023,123,MAHASKA,214.9,0.8359549576094153,11179,239.43800975991772,22.93491713095482,29.090472593105,16.77950303010921
2010,125,MARION,112.7,0.7574809780279768,6741,855.9958130973005,24.117766992261252,29.26971139877309,18.966801126360444
2011,125,MARION,152.6,0.778841549538207,7142,365.2276088625801,24.63182110328528,29.768234261477343,19.49640900475115
2012,125,MARION,115.1,0.740060941029772,6956,184.76385105244873,24.70903139712716,31.42120698514882,17.997842835891564
2013,125,MARION,156.4,0.7638892553231806,7228,157.66496961114618,22.55471840765657,28.135721968749728,16.97471725949862
2014,125,MARION,171.6,0.823427951303788,7127,456.4745041565022,21.97847660482311,27.02788739277673,16.930049335086544
2015,125,MARION,178.1,0.8089008646702175,6849,526.0414235901299,22.14673914439242,27.10075956471598,17.193715094237874
2016,125,MARION,198.0,0.822529015932023,7147,344.4951471388786,23.475150467888493,28.873002526824216,18.07828796291473
2017,125,MARION,185.7,0.7721602122990489,6914,175.17368937496,23.062863524775192,29.29353632902519,16.83318618787846
2018,125,MARION,190.2,0.7701209178473704,6879,346.6395046037954,23.62893500547862,29.333739400795267,17.925129713505395
2019,125,MARION,170.7,0.7980538996950886,6915,323.693944518536,22.673137192231593,27.996592043242902,17.34978320607761
2021,125,MARION,199.1,0.8072158919412179,6451,258.9616873049689,24.16148177249484,29.745742612367405,18.34322495545987
2022,125,MARION,175.2,0.7788377688862359,6630,188.62126873617495,23.73222861491458,29.501643271086003,17.962955532672325
2023,125,MARION,203.7,0.8254470938169491,6307,223.16706000883528,22.828675278200837,28.81331480938403,16.844177998073885
2010,127,MARSHALL,183.3,0.8359725456970479,12861,538.8505080621081,22.92106251334529,28.199771347707127,17.643360211342625
2011,127,MARSHALL,166.3,0.808542462429915,13789,239.57676026590505,22.73902760719888,28.137897706890392,17.34115340058383
2012,127,MARSHALL,157.6,0.7906918807475982,13156,160.08648976163903,23.098167599957648,29.88964436529485,16.307683445083153
2013,127,MARSHALL,163.2,0.749138406053838,13521,174.77418086751217,21.573560873403824,27.441725213821357,15.706404232992991
2014,127,MARSHALL,190.5,0.8364087261666567,12624,496.99786063795375,21.066890326382055,26.242247926984103,15.892515848434964
2015,127,MARSHALL,194.9,0.8434191843430828,12903,557.6805144544951,21.00627160877225,26.215494663559223,15.798032611158122
2016,127,MARSHALL,211.3,0.857423348363527,13581,404.254271898379,22.44051564810613,28.049996123453095,16.832032818918226
2017,127,MARSHALL,222.4,0.8102084215195337,12853,209.7775265737928,21.641150658503857,27.798324409986865,15.484988194741913
2018,127,MARSHALL,226.0,0.8186316434078121,13413,474.03884924721103,22.43455354834911,28.05270622870243,16.817404777056836
2019,127,MARSHALL,221.9,0.8148016891696129,14254,258.38846581580805,21.677662251608147,27.294400519652733,16.061023051052217
2021,127,MARSHALL,211.5,0.8112467003300773,12206,231.6015538254962,23.113831037022035,29.35701025393537,16.83964805176931
2022,127,MARSHALL,214.1,0.8155775178273308,13514,257.77815190853494,22.526890542337757,28.597144336508872,16.45677955654654
2023,127,MARSHALL,216.3,0.8444948120885045,13233,210.0546395579654,22.137326440190208,28.393996897337868,15.880798703398328
2010,129,MILLS,160.2,0.801599239960484,9329,452.38324651384295,24.372703375939192,29.915843619487045,18.83054698281881
2011,129,MILLS,155.0,0.7620636222944699,9290,413.1854190407012,24.39363442304076,29.714420471596448,19.073854216725472
2012,129,MILLS,128.8,0.7267494656711938,8574,191.4592125863508,24.99045109393636,31.883267470314347,18.098634630439204
2013,129,MILLS,171.0,0.7820542481287118,8195,193.39510651921867,22.82140215646779,28.58473575222156,17.059064619334514
2014,129,MILLS,184.9,0.7942722743021917,8484,508.3882935548804,22.445778061994467,27.972784035529052,16.9197833006034
2016,129,MILLS,188.4,0.8109807307190213,9023,380.086726176479,24.067549690041226,29.774436811584835,18.36163980317748
2017,129,MILLS,190.1,0.8138992752928871,8254,307.0030732631988,23.24139579261456,29.31319925529748,17.170583985589516
2019,129,MILLS,202.9,0.8373342728952086,8042,265.1134696976687,23.690871007295872,28.81518399284664,18.566658747540608
2020,129,MILLS,182.2,0.7949228156082803,9159,175.10521129094107,24.59732646504118,30.475786824061135,18.718966094090888
2021,129,MILLS,209.8,0.8010138839564209,8672,296.8531801262062,24.456935188330498,30.344278809935744,18.656979424343714
2022,129,MILLS,191.1,0.7989182197240543,8868,225.9356988191526,24.24317983788552,30.223077220164715,18.263421746063297
2023,129,MILLS,204.3,0.8345394993387335,8876,305.56928305125643,23.48520206523947,29.12207759155717,17.848468804852008
2010,131,MITCHELL,190.5,0.8378697627974343,13428,451.42576525261967,21.566314011380925,26.980752187269655,16.152874263248005
2011,131,MITCHELL,180.1,0.810273856459556,13666,279.5758499584062,21.834956039416696,27.314149791139464,16.35676729796198
2012,131,MITCHELL,131.4,0.7555236804317749,13384,147.91850712484708,22.379894115653652,28.874238885091668,15.886558003356589
2013,131,MITCHELL,164.1,0.7039720574752207,10108,380.2813040728223,20.788772891698812,26.32004347045605,15.258493758967637
2014,131,MITCHELL,175.1,0.8122256799971128,13736,438.8892431777557,20.400792192606534,25.742035495240053,15.060555958038169
2015,131,MITCHELL,202.1,0.8311015828856877,13077,432.3251501334845,20.227594986914383,25.632236176026204,14.823957427935037
2016,131,MITCHELL,199.1,0.8491472550930277,13778,557.0059907260819,21.26439599067703,26.660075179674447,15.86969731441634
2017,131,MITCHELL,213.4,0.8102068043559254,12854,284.00298483213425,20.698136146595743,26.467052343734206,14.930210495009412
2018,131,MITCHELL,193.3,0.814169989375969,12969,501.8289731508275,21.39413121798285,26.674354398269337,16.114896523878286
2019,131,MITCHELL,194.5,0.7993475731285995,14562,368.24426681746826,20.613045866346216,26.055499857401752,15.17069205499852
2020,131,MITCHELL,203.3,0.7856338324082822,14647,357.73607070441386,21.774768053864108,27.728348428023008,15.82128885652722
2021,131,MITCHELL,203.3,0.8197229695584236,14092,507.41468783359767,22.03900667047396,27.947296428315735,16.150458585467838
2022,131,MITCHELL,217.9,0.799742322646215,13798,428.70025431460783,21.065059379774414,26.701811696722057,15.428449303097228
2023,131,MITCHELL,171.8,0.7998465013750061,13965,156.14319233508076,21.06819746152317,27.612640843073567,14.523897637024517
2010,133,MONONA,168.7,0.8051405507935806,16372,548.0590884927954,23.163158404719542,29.207779733884323,17.119540465425718
2011,133,MONONA,158.3,0.7487328653816661,16464,294.52523452995337,23.178855418914445,28.95754281119111,17.401168523116407
2012,133,MONONA,115.1,0.7425831536610124,15953,188.25785900627116,24.102310517608775,31.39668281622066,16.808930152796442
2013,133,MONONA,175.2,0.770929995206152,16160,202.25400843008924,22.08177791617755,28.24361980469917,15.92093534803077
2014,133,MONONA,156.6,0.7998669432139961,14827,610.713129634446,21.439876686411864,27.282062391260784,15.598669658683182
2015,133,MONONA,169.0,0.8159153030102324,15268,442.53217321398694,21.727501850425465,27.713821279014883,15.742171050584924
2016,133,MONONA,184.5,0.7942211805663832,15488,251.6013250792496,23.22686627250504,29.568313117883925,16.88640953983021
2017,133,MONONA,196.0,0.7975118079645879,15613,321.45633595926404,22.45570480667048,29.066997239832208,15.845393545076044
2018,133,MONONA,181.4,0.7979713208193431,15089,484.0086222328673,22.584689299966374,28.604559574438177,16.565818866957784
2019,133,MONONA,203.9,0.8190988712885239,16120,234.0567572097605,22.268310041335685,28.18837397527851,16.34834613286148
2020,133,MONONA,178.4,0.7887588613216908,15949,209.85127293163225,23.66985275317059,30.43801451052087,16.901793415767433
2021,133,MONONA,197.7,0.8054838776984177,15600,244.7983934463731,23.41157559198468,30.262289381203257,16.624413015120727
2022,133,MONONA,168.6,0.7876422182390735,15142,197.89172632847055,23.262690720448628,30.189286045063906,16.33623770642124
2023,133,MONONA,165.4,0.7967786086169603,15226,223.5860860361424,22.55285894352456,28.980358294134167,16.12550200867887
2010,135,MONROE,77.4,0.7503341906259535,2404,763.2237350722803,23.823478738266456,29.048797498677693,18.599138307832153
2011,135,MONROE,112.5,0.7708937748387678,3022,348.728642815661,24.34826676488089,29.706448394059368,18.99108182436472
2012,135,MONROE,67.3,0.6992889104267745,2694,189.38517254130608,24.333655967743137,31.25438274920232,17.413912434084956
2013,135,MONROE,115.3,0.7283890617549074,2267,129.39969895556777,22.307407961679605,28.0412630873756,16.57454218105859
2014,135,MONROE,175.7,0.8307101059016786,2836,479.94954952756456,21.743715661159538,26.909886517220915,16.578549402009024
2016,135,MONROE,180.0,0.8010573423584928,2559,312.7822025856222,23.290372211973253,28.833314235888245,17.748429313479527
2017,135,MONROE,169.9,0.770041058429471,2951,213.37247089827315,22.8360241548804,29.29099684613358,16.382034215651828
2018,135,MONROE,167.0,0.754115042759589,2511,304.2655724490826,23.628307964756196,29.47420694634901,17.783413289496902
2019,135,MONROE,162.3,0.7738061234205142,2274,375.5861798658561,22.4945992645274,27.932962762511583,17.056336772744547
2020,135,MONROE,153.8,0.7837980179395114,2085,279.65575812388283,23.55980318447919,29.21022533688243,17.909478717496885
2021,135,MONROE,166.1,0.7963366038486819,2551,413.6694896022273,23.736095329990658,29.289402895473813,18.06058697079769
2022,135,MONROE,145.4,0.7837388237154002,1993,172.49389017002326,23.56357308067952,29.56013801685958,17.567149574590577
2023,135,MONROE,181.1,0.8094738000824284,2436,223.61489108990477,22.85064132790361,28.90681628162997,16.79460943987782
2010,137,MONTGOMERY,157.0,0.8075699425260684,8361,489.82885743239456,23.82611104232843,29.493851855285182,18.159358315001757
2011,137,MONTGOMERY,153.2,0.7953140137775196,8577,399.988803345007,23.97418377502113,29.59630404330245,18.353060875783136
2012,137,MONTGOMERY,132.0,0.740009020080307,8391,297.8515159124419,24.39393647036485,31.469426141482703,17.319447234323878
2013,137,MONTGOMERY,154.0,0.7706741233315656,8026,193.6484236833936,22.18912307114448,28.20808593777052,16.17115036494424
2014,137,MONTGOMERY,163.1,0.7898029828034763,8060,542.4452786885882,21.964712806132574,27.476823780525248,16.453604622565145
2015,137,MONTGOMERY,185.2,0.7983981211494948,8074,458.0280953289232,22.10365400433296,27.686446264192657,16.521856006741608
2016,137,MONTGOMERY,185.5,0.8180044148507042,8576,434.7652798232866,23.432201325363756,29.19579368214531,17.66959416988527
2017,137,MONTGOMERY,199.1,0.8161816283575851,8413,322.55893075442026,22.620939617603515,28.915349227471133,16.32753872129906
2018,137,MONTGOMERY,191.5,0.808222478488036,8304,466.81000234461584,23.21882722472297,29.14799893179416,17.29064835266796
2019,137,MONTGOMERY,204.8,0.8314105018991663,8770,262.19571110790116,22.79206497980484,28.337486378313823,17.24674381764882
2020,137,MONTGOMERY,184.6,0.7850657410702416,8730,194.39917159149775,23.795597726322576,29.965271948627297,17.62602290101681
2021,137,MONTGOMERY,204.9,0.8071871204738366,8583,329.6787413074653,23.54743730524837,29.65051110933191,17.485160034483464
2022,137,MONTGOMERY,187.8,0.8017979501387289,8304,245.9435630858699,23.4586536075184,29.66415476456783,17.25329340889449
2023,137,MONTGOMERY,206.2,0.8322612705634065,8733,258.2324340541911,22.933854071065653,28.79506600522376,17.07278526033022
2010,139,MUSCATINE,144.8,0.774835556097731,9232,583.2742986747262,24.136373566824897,29.3395888650839,18.93415098178672
2011,139,MUSCATINE,164.6,0.7897765444341942,8473,233.5812155846128,23.89946515322603,29.40579294822913,18.39413902473527
2012,139,MUSCATINE,152.6,0.758323043199782,8103,210.5485495481712,23.99781010229444,30.58413830509317,17.412460684727822
2013,139,MUSCATINE,158.3,0.7598391414219253,7721,168.80251936307968,22.420745867139296,28.19706770713466,16.645430013541034
2014,139,MUSCATINE,188.1,0.8255843045332919,7854,443.4578693411982,21.92327794986025,27.170288008991992,16.677259140743757
2015,139,MUSCATINE,177.7,0.8062325626521095,7877,434.57258183968133,21.977868546698808,27.373571378188963,16.583159491161634
2016,139,MUSCATINE,203.0,0.822902982260697,8094,476.0562824724289,23.519770661579383,29.00415232442364,18.0363836343524
2017,139,MUSCATINE,206.8,0.8240852121913855,7861,288.7913701367193,22.37039165628687,28.582450767492254,16.159320419423217
2018,139,MUSCATINE,209.6,0.7828723550296016,8138,359.151783110547,23.42145302025173,29.14187889347331,17.702019679134278
2019,139,MUSCATINE,173.2,0.7418682766069092,7982,268.4700936710136,23.142812516893876,28.66821093658162,17.617514879832466
2020,139,MUSCATINE,172.8,0.7920358395208622,8776,235.3676196932298,23.609151140641934,29.410358821594308,17.80804409323401
2021,139,MUSCATINE,204.5,0.8200501276055444,8061,258.9667243763172,23.722090905194552,29.29375414691256,18.147543050216047
2022,139,MUSCATINE,213.1,0.8422102814188815,8081,343.18837223503255,23.279730646801248,29.01040713398278,17.54919603734832
2023,139,MUSCATINE,211.9,0.8120057748342859,7974,255.70125801146088,22.846378223175623,29.03803860127997,16.654859587834967
2010,141,O BRIEN,190.7,0.8129046432664915,15259,603.3818985590472,22.33758092399692,28.155811434436018,16.520360513672955
2011,141,O BRIEN,185.1,0.8057251007082152,15186,295.86776422407456,22.30244287085517,28.1549619951932,16.45090536536006
2012,141,O BRIEN,159.8,0.8052639417441707,15460,136.57761613184323,23.252084503201953,29.925119122247803,16.58004255184064
2013,141,O BRIEN,195.3,0.7580808966502072,15424,188.8672724005741,21.485443197788115,27.330555956494187,15.641326999857654
2014,141,O BRIEN,180.3,0.8176441043943423,15203,468.4764036060069,20.425194747384833,25.85637241696787,14.995001851996028
2015,141,O BRIEN,205.2,0.8327406065128825,15293,314.0816424046812,20.79142759496196,26.651714553101804,14.93213104769618
2016,141,O BRIEN,210.7,0.8207692085067919,15508,236.4225206389353,22.11730542639634,28.092702131405535,16.142906838526205
2017,141,O BRIEN,213.8,0.819148635086086,15243,234.2586439511632,21.42192485343182,27.627135470201015,15.217721406530384
2018,141,O BRIEN,201.6,0.8034227306265601,14937,481.04725877226014,22.102391520640385,27.668299716352543,16.537481059208986
2019,141,O BRIEN,204.9,0.7962853939948933,16138,245.0192054691588,21.28246738281268,26.88714205700928,15.677891363578782
2020,141,O BRIEN,199.5,0.7909285942106462,16196,180.54261755790964,23.069661697752828,29.42895039084241,16.71047233115867
2021,141,O BRIEN,213.5,0.815044647565236,15752,269.8954888410194,22.60675758573444,29.037930363203188,16.182545134027666
2022,141,O BRIEN,201.1,0.8110838586971716,15460,215.74999894466973,22.30400532405324,28.562026354548404,16.04612619923587
2023,141,O BRIEN,212.7,0.8436636824556695,15636,294.93049941212973,21.59752489294914,27.68713743009811,15.508054343094264
2010,143,OSCEOLA,192.7,0.8138209021973731,10790,504.8680443504121,22.127429422322,28.01638001057764,16.23946642451699
2011,143,OSCEOLA,184.4,0.819538231627899,10817,338.855038444559,22.078104627171665,27.966227589595704,16.19095679466339
2012,143,OSCEOLA,169.6,0.8023117919790154,10820,142.29993893438385,23.012011236699557,29.771284672792603,16.253740521921937
2013,143,OSCEOLA,182.0,0.7563053748671212,10815,189.50182125131784,21.326438615549797,27.359467254538163,15.29442469784247
2014,143,OSCEOLA,175.4,0.8026615402797642,10909,458.9233710367587,20.296523917791745,25.85284183414262,14.741188511686186
2015,143,OSCEOLA,204.7,0.8292852819482188,10818,300.98108534344186,20.735757351821913,26.696750439875206,14.775770122180525
2016,143,OSCEOLA,203.7,0.8052959155336157,11066,291.755701721071,21.877342286010467,27.89714770496086,15.858534283517612
2017,143,OSCEOLA,211.6,0.8095903506699145,10833,285.9125441130963,21.087392391703133,27.21482766252971,14.960957987436734
2018,143,OSCEOLA,180.2,0.7923767484424931,10406,575.9836798535327,21.958823315131543,27.60075159317837,16.317882237313995
2019,143,OSCEOLA,182.5,0.7789374178011959,11142,255.67827692533328,21.078202015346015,26.778912751483603,15.377591007705837
2020,143,OSCEOLA,185.3,0.7908161976612778,11453,215.60704573494417,22.893141057321177,29.359452207630195,16.426929404492167
2021,143,OSCEOLA,208.0,0.8072990640599158,10983,282.1377984825616,22.525589250298665,29.000207998901764,16.055096139248324
2022,143,OSCEOLA,197.5,0.8115901481293631,10994,281.66827687399524,22.298381032263272,28.40112732134587,16.195777477637076
2023,143,OSCEOLA,203.7,0.8252458604179469,10744,300.71340376295325,21.46772051738985,27.605675291695775,15.329909745979514
2010,145,PAGE,150.1,0.799037914984046,9687,416.6336527508045,23.952062229539536,29.45492178878889,18.450187293240266
2011,145,PAGE,136.2,0.7931921092767996,9732,417.4672591193435,24.120418756503344,29.630958435394422,18.610866009451172
2012,145,PAGE,116.2,0.731227599168257,9324,322.5539151544864,24.700291452316,31.739794156246372,17.66179484232255
2013,145,PAGE,154.5,0.7445815834388209,9628,182.57563160734335,22.26287112236023,28.178264345460292,16.348487585217292
2014,145,PAGE,182.4,0.8168701772910459,9637,510.996477763505,22.1342529520536,27.653153956543143,16.616350965355572
2015,145,PAGE,165.8,0.7864668015433045,9173,615.4762009184522,22.48552858229352,27.93887467338426,17.03316161025833
2016,145,PAGE,185.8,0.8034400071945378,10094,479.136193587731,23.48748013228792,29.071537020773793,17.904415147078247
2017,145,PAGE,193.1,0.8148825869817514,9687,351.037480166599,22.781055695154652,28.95631240755524,16.60678778455543
2018,145,PAGE,188.1,0.8039996407358759,10010,365.63799712385855,23.5521724431354,29.48625943290154,17.619080022276673
2019,145,PAGE,191.3,0.8106304228622985,10339,277.78777042735595,23.086304179903888,28.506050863226623,17.666658255027436
2020,145,PAGE,181.6,0.8050690731666212,10799,241.55915149916436,23.990170489380755,29.95746323665529,18.0229788954681
2021,145,PAGE,206.9,0.8112463950087728,9782,346.755750303028,23.852513787375845,29.830147847381543,17.871678034770603
2022,145,PAGE,174.5,0.7934875656096811,10260,249.53616457784733,23.711373990569182,29.848574206524084,17.57431544385225
2023,145,PAGE,206.6,0.844439911362054,9957,313.5303514957503,22.92194238738805,28.72321857966616,17.120809584897028
2010,147,PALO ALTO,174.0,0.8027283370080606,16698,579.1307691078769,22.369949662409542,27.980441318693725,16.760455030385277
2011,147,PALO ALTO,174.6,0.7896585266215234,15989,325.2591950768825,22.40078026900156,27.977971874383226,16.82459172789627
2012,147,PALO ALTO,170.6,0.7984330184790431,15854,174.64959182473615,23.071039548647516,29.55759564689451,16.585493026072772
2013,147,PALO ALTO,168.8,0.7543947049536729,15489,227.21708955959315,21.576227352849926,27.4342445765422,15.719199736992136
2014,147,PALO ALTO,164.6,0.7925566480082504,16590,547.7709986664904,20.68039500336648,25.89277321772064,15.469001942975323
2015,147,PALO ALTO,197.5,0.823278793951938,16029,433.4106720123344,21.106940199172623,26.74014228622424,15.4747308918302
2016,147,PALO ALTO,196.0,0.8228099754786469,17164,298.6589087690638,22.297758415819654,28.210590314734596,16.385915142352612
2017,147,PALO ALTO,195.4,0.8139150227493126,16216,325.21134515423773,21.623041963778952,27.820088501384696,15.426984072295133
2018,147,PALO ALTO,157.9,0.7770144871400523,15756,498.5412287004842,22.301201654862748,27.81555870273984,16.787840060079585
2019,147,PALO ALTO,198.3,0.8192351014669981,15240,286.6954778314136,21.31387201302322,26.86490842542056,15.762936182388708
2020,147,PALO ALTO,181.1,0.798115434824868,16281,186.99980475445452,22.97870207153229,29.25188267465312,16.705621499628474
2021,147,PALO ALTO,190.1,0.8010337971045589,14576,304.7470917709118,22.63849165618168,28.89093851841453,16.38279102764547
2022,147,PALO ALTO,195.8,0.8222284300193838,15629,220.55883402305776,22.14190450602129,28.2521424067498,16.03180969075855
2023,147,PALO ALTO,211.7,0.8387941787133787,14492,231.59016899475608,21.8140840056999,27.92639738156683,15.70191250250214
2010,149,PLYMOUTH,184.7,0.813609711102612,20258,553.0272244701899,22.68434779734842,28.565062040457015,16.80462858860051
2011,149,PLYMOUTH,164.5,0.7988274270862228,20754,273.618533333318,22.739869727466903,28.59655749016534,16.884179615358693
2012,149,PLYMOUTH,110.1,0.724578695709645,20283,106.95227832516476,23.8348171278567,30.81968614083839,16.850941257740107
2013,149,PLYMOUTH,188.9,0.7631521153054767,19849,200.14179079089823,21.732885136640096,27.560680004344903,15.906079875282828
2014,149,PLYMOUTH,187.3,0.8185695221115251,19239,488.9504362475883,20.874057798437413,26.42518365157311,15.323929898938417
2015,149,PLYMOUTH,203.6,0.8313958198058544,19976,459.6824073574769,21.219420633836705,27.047194485205196,15.392644764846008
2016,149,PLYMOUTH,209.2,0.812072729803978,20239,236.14256936247915,22.70508722849205,28.941477049456086,16.469681602446876
2017,149,PLYMOUTH,193.0,0.8089896236465904,20086,259.19886529082294,21.912296761665072,28.45789538460456,15.367694520062788
2018,149,PLYMOUTH,213.8,0.8208228732590453,19746,446.2553645366783,22.342697718336893,28.10100896165862,16.585386993823477
2019,149,PLYMOUTH,217.8,0.8152158824990358,21172,316.7659709705231,21.733544692982104,27.51941766131257,15.947770526998896
2021,149,PLYMOUTH,190.9,0.7861508198922043,21083,249.8048535908055,23.017472143805364,29.648194233349145,16.421950658201972
2022,149,PLYMOUTH,171.8,0.7971714311234216,21135,204.2286634643191,22.823767413222473,29.44023011141204,16.207446161245716
2023,149,PLYMOUTH,205.7,0.8153369454445782,21229,270.2442093485744,22.114322814400587,28.40447186793144,15.8243168077278
2010,151,POCAHONTAS,172.6,0.8088585665166053,16238,605.8189786954962,22.631451721737907,28.17234298740768,17.091546819061122
2011,151,POCAHONTAS,181.2,0.8183645696550035,16148,280.21022144435693,22.534248777932284,28.05669949451105,17.012784005090992
2012,151,POCAHONTAS,165.3,0.7651830628742113,16456,188.24827164552025,23.14403068309809,29.762736937475516,16.526335725336317
2013,151,POCAHONTAS,163.8,0.7265989337783968,15920,188.42994740359077,21.76781107836384,27.62121892204088,15.915395813186477
2014,151,POCAHONTAS,174.8,0.8205536675484929,16211,477.8131099527926,20.59870035696428,25.836878031682804,15.361519922807895
2015,151,POCAHONTAS,205.5,0.8204549798705956,16623,434.63316701176103,21.0861580309115,26.574467753988735,15.59883810165652
2016,151,POCAHONTAS,206.8,0.8356259004525355,16799,339.4445458260908,22.317249962219854,28.140881346530424,16.49462866624822
2017,151,POCAHONTAS,190.9,0.7957888698648259,16419,251.32664735177545,21.714873457388883,28.003873882303076,15.42686468052032
2018,151,POCAHONTAS,179.2,0.7947794550307125,16012,587.6900914514687,22.28534396393687,27.767886128322395,16.803792043970656
2020,151,POCAHONTAS,186.2,0.8032494772243629,16718,175.8554566018081,23.11058920742079,29.434675289384852,16.786602326290872
2021,151,POCAHONTAS,213.9,0.8160590341547272,16238,328.8766540055446,22.736788141510495,29.08129658806929,16.379840542603993
2022,151,POCAHONTAS,198.2,0.8247269790438337,16263,175.39774011159014,22.265771344912444,28.449570393304327,16.082114953274687
2023,151,POCAHONTAS,218.1,0.8411450050385758,16448,252.8471781843329,21.86359095884203,28.096148174734353,15.631177607599408
2010,153,POLK,139.4,0.776865856710302,7583,793.630520101739,24.01002925434037,29.364304980985203,18.65675355403226
2011,153,POLK,160.6,0.7884582878962588,7943,335.77162154188795,24.151287027685655,29.42638331659555,18.877189817205224
2012,153,POLK,149.1,0.76295862025846,7875,172.2302905635029,24.44846668923161,31.11525687758032,17.782671844534416
2013,153,POLK,143.6,0.7225247855885027,7726,147.65289361493032,22.71841943418064,28.41428145691334,17.02353607266378
2014,153,POLK,181.4,0.8178454244867036,7572,473.66411159191273,21.92022374967523,26.993666296780724,16.847768739891833
2015,153,POLK,187.0,0.8141817938780211,7379,515.5422328432793,22.073493496563767,27.085402743659827,17.06258047615424
2016,153,POLK,199.8,0.8376103719976844,7787,405.7731348397042,23.56846579641189,28.948598045112348,18.18934660651398
2017,153,POLK,200.3,0.7859317877592407,7326,210.0909282741764,23.043388440061033,29.18879760445696,16.898974923419775
2018,153,POLK,186.2,0.762875788523043,7223,446.1523855769555,23.515098225226208,29.0999179764794,17.93127011780025
2019,153,POLK,196.6,0.8034875162122128,7477,262.3001279007423,22.68671729524634,28.137171521848284,17.23636381045836
2020,153,POLK,150.2,0.7565922946059355,7514,213.81969511654756,23.821637352311296,29.660240743782115,17.983135138434168
2021,153,POLK,217.5,0.7988991280661933,6733,278.13251805776787,24.127536153062938,30.019959469528334,18.175196088004057
2022,153,POLK,188.6,0.7805939576698594,6793,248.8411056228528,23.797933589381312,29.675240830221412,17.920767391284578
2023,153,POLK,206.4,0.8248501305400523,6760,228.36204204329883,22.947829725890394,28.985928177112676,16.909873430514555
2010,155,POTTAWATTAMIE,164.8,0.8093444960333428,21228,547.8111403945393,23.80525016509762,29.437394613580317,18.174094416189533
2011,155,POTTAWATTAMIE,170.9,0.7715832449300148,21713,347.63363538482963,24.049184868789233,29.463978891645763,18.635379843672975
2012,155,POTTAWATTAMIE,131.9,0.7178234027760815,21785,200.59918422600913,24.24720955325466,31.10297038148663,17.392444664871768
2013,155,POTTAWATTAMIE,179.4,0.7835514648696265,20704,222.30531368128868,22.352484587639175,28.167884606553645,16.53807585403541
2014,155,POTTAWATTAMIE,169.1,0.7587019705731465,20002,538.9439622915612,21.971242816186404,27.36095427164606,16.582530562709906
2015,155,POTTAWATTAMIE,204.0,0.8138132842268101,21263,382.3774799610176,22.023100504304576,27.525415182918476,16.521778784877956
2016,155,POTTAWATTAMIE,210.4,0.8239373104772106,22320,368.264568529131,23.53687147729744,29.27508283716755,17.79965390227629
2017,155,POTTAWATTAMIE,195.8,0.8022195494981373,21170,251.79438388811556,22.82381230887302,28.965846898002777,16.68277920994794
2019,155,POTTAWATTAMIE,208.0,0.8283964478976352,21340,288.205018803878,22.832592457583743,28.131503900042883,17.53378281263253
2020,155,POTTAWATTAMIE,176.3,0.7825767956459204,22669,154.98334530511303,24.017156724877356,30.164432354975357,17.869981727332423
2021,155,POTTAWATTAMIE,216.3,0.813911151475107,21231,346.6281609444791,23.87301865495768,29.917387293014944,17.77243616591363
2022,155,POTTAWATTAMIE,195.0,0.7961474042923383,21496,210.7473897464465,23.69168854783431,29.78787939468462,17.595639546374635
2023,155,POTTAWATTAMIE,198.5,0.8271469828672091,21592,296.516430180294,23.159685670775616,29.036066873905988,17.283447067565312
2010,157,POWESHIEK,153.2,0.7915254424602366,12164,644.8688407535088,23.369292757941945,28.795417914546647,17.9441499490902
2011,157,POWESHIEK,179.0,0.8071739368310115,12987,251.60386151031287,23.391139312785366,29.01149971229377,17.771756364348594
2012,157,POWESHIEK,152.3,0.7781891327441723,12862,193.47745812431305,23.42970428108999,30.555217060437663,16.30518720662255
2013,157,POWESHIEK,158.5,0.7636959226929951,12095,156.86504388817625,21.81925630110362,27.876639273323786,15.762872856724693
2014,157,POWESHIEK,188.4,0.8397873660109669,11659,571.0182321482991,21.464879646931557,26.8147700019072,16.115980339713754
2015,157,POWESHIEK,197.8,0.8386595900469416,12274,530.0260044344717,21.40480676352796,26.796635205319625,16.013978563485598
2016,157,POWESHIEK,213.2,0.841692609599156,12613,394.59950803973663,22.948276550223767,28.81373021469197,17.08381788937511
2017,157,POWESHIEK,215.1,0.8283994741995728,13016,252.25495727450297,22.149630415772073,28.741216922207663,15.55903556668408
2018,157,POWESHIEK,218.7,0.8045042449262695,12387,398.7659001412744,22.93268827299381,28.82359672764145,17.042777211275578
2019,157,POWESHIEK,200.3,0.7933064943597773,14262,299.9764838974987,22.27176013657214,28.00767047337563,16.53595005813552
2020,157,POWESHIEK,138.2,0.7690996736397395,13970,288.93872996012374,23.38679385100827,29.485101873219044,17.28858681911044
2021,157,POWESHIEK,201.0,0.8035267591387271,12612,269.2777553429942,23.524032029655977,29.463394220604403,17.517629942173347
2022,157,POWESHIEK,193.3,0.8111145926173856,12373,213.56011579004792,23.102316582585733,29.31903716837947,16.885738648378414
2023,157,POWESHIEK,204.9,0.8330669976353173,12610,228.73673332770335,22.44245310651344,28.807495283528105,16.077553673496638
2010,159,RINGGOLD,94.1,0.768691591860474,3956,526.3144011929497,23.8844276107567,29.296847546017283,18.47298853907541
2011,159,RINGGOLD,118.7,0.779489131324248,5964,341.57004211884896,23.89535533531039,29.273106920416303,18.518592424904902
2012,159,RINGGOLD,71.6,0.7128101082321469,5033,247.99146652420083,24.27357326302688,31.349682273441985,17.198456074746368
2013,159,RINGGOLD,121.1,0.7333174941879909,6130,184.1857908999172,22.24410413821741,27.90054599752208,16.588666260468074
2014,159,RINGGOLD,166.4,0.8121169086097515,5711,532.8136409005847,21.69883276709306,26.814155664468363,16.58451167497692
2015,159,RINGGOLD,147.8,0.7828567940089568,4664,569.5630616182569,22.25517269118261,27.50012717556771,17.011231795406093
2016,159,RINGGOLD,179.5,0.7896301258851496,5191,425.841251573273,23.35639881254361,28.842946913020786,17.870840348213637
2017,159,RINGGOLD,167.8,0.7762548245420194,5639,237.8867263627832,22.69010967062765,28.858376725596035,16.522826771065407
2018,159,RINGGOLD,153.3,0.7757637922863787,5261,330.459074615039,23.660263406244592,29.51378027334644,17.807728344786405
2020,159,RINGGOLD,159.1,0.7557520372951909,4643,248.8651321187399,23.686065489109627,29.431275474372736,17.940955462768766
2021,159,RINGGOLD,175.8,0.8050871290046694,4277,366.7659780457399,23.6573113488785,29.529783484937795,17.791155268806527
2022,159,RINGGOLD,151.8,0.7822767752197647,4372,221.7467169220592,23.7944535703407,29.94854946842178,17.640499344717607
2010,161,SAC,189.7,0.8304542841976453,15412,636.4323812191818,22.396699116484097,27.894057432775984,16.900347464447176
2011,161,SAC,183.4,0.8112126716238438,15766,230.97426690832492,22.364898971800667,27.76959782083535,16.96119831013921
2012,161,SAC,130.7,0.7430162882554622,16028,224.4193836245528,23.04327377966684,29.57062147954358,16.516915391067712
2013,161,SAC,142.6,0.7445922295761236,16134,136.2241958815228,21.471392789614494,27.22273849355613,15.721039064779667
2014,161,SAC,179.8,0.8399734842728398,14831,505.5651492561481,20.400449618160117,25.584268900004076,15.217620908214732
2015,161,SAC,204.8,0.8226536174596207,15158,534.9268857276687,20.902454529782695,26.238263761015663,15.567663696908747
2016,161,SAC,214.3,0.8351507203028499,15275,293.1108354665382,22.319894263940075,28.03729832557703,16.603493386588116
2017,161,SAC,194.5,0.7952550200287766,15095,275.41284225442723,21.644684689042514,27.79930324685071,15.49106115787864
2018,161,SAC,213.5,0.8338943821160725,14396,539.1846360251083,22.000367702758503,27.423736018662243,16.577990294337702
2019,161,SAC,220.6,0.8368860881132937,16067,302.2370174626772,21.523381480906444,27.051870379406115,15.99499432206978
2020,161,SAC,161.0,0.7752811281333228,15281,160.27259876373284,23.26303842329344,29.611895722966672,16.914281689521122
2021,161,SAC,231.0,0.8147553805257312,15097,325.965633903722,22.851075925250427,29.173309981322397,16.528826506300618
2022,161,SAC,212.4,0.8222580476039424,15062,236.20517667363723,22.543033209978663,28.781076536072497,16.305132596935856
2023,161,SAC,199.1,0.8214578943550204,15068,255.04363318997804,22.070268732292156,28.34899388023399,15.791685357233156
2010,163,SCOTT,151.9,0.7784888791862943,10376,477.9968524770922,23.688345330511744,28.761622970694937,18.616061062043677
2011,163,SCOTT,174.2,0.789007988236848,10178,257.94856965826636,23.419730973808885,28.75301210282552,18.087447397789756
2012,163,SCOTT,131.7,0.7634201759926769,9592,173.59285279903327,23.607988435139013,29.91914752486817,17.297804164602496
2013,163,SCOTT,167.8,0.7593110821842736,9195,202.7787702515289,22.02324002749535,27.571823933390167,16.47564722177919
2014,163,SCOTT,194.5,0.8175815521013373,9016,394.79124510689905,21.705106718707356,26.830236277754892,16.580964271253034
2015,163,SCOTT,195.9,0.8196602059648301,9175,457.47733681296506,21.633397466765093,26.82748194728117,16.44030868323452
2016,163,SCOTT,216.0,0.8439565695674196,9210,521.558008907292,23.19502233908492,28.434723162605884,17.95630852603281
2017,163,SCOTT,220.0,0.8167682463743936,9415,317.8405094796984,22.032725878549968,27.81492737268111,16.25152275268078
2018,163,SCOTT,214.0,0.7958242836630485,9557,336.09203354857107,23.038956030794715,28.41909238059346,17.659811900439166
2019,163,SCOTT,189.4,0.7480839948879154,9559,248.73057740139737,22.94499439785471,28.21793224590368,17.672155985077463
2020,163,SCOTT,181.3,0.7824827770513532,10261,244.0280874837833,23.461007075923984,29.021279766847368,17.900833522062424
2021,163,SCOTT,206.8,0.8235014334579984,9645,225.2365489178488,23.44916105106272,28.682456628265495,18.214011064902124
2022,163,SCOTT,216.2,0.8405332788235632,9435,331.748294226089,22.79797449425047,28.179947844790437,17.416144050658037
2023,163,SCOTT,210.1,0.8036949790847997,9529,227.75493487695957,22.745542599340848,28.66435774892373,16.826870074538245
2010,165,SHELBY,171.6,0.8312855387124547,15319,641.1961901954121,22.780881224823492,28.441839004799657,17.120934933424905
2011,165,SHELBY,173.6,0.8088873012668157,15882,431.7228880770257,22.981777446150847,28.422303152232256,17.542254020876257
2012,165,SHELBY,137.8,0.7554316383525405,16768,218.95917050959676,23.204382592375772,30.13420586202168,16.275566344669603
2013,165,SHELBY,182.6,0.7682437453324346,15831,200.79442330962505,21.631360459403115,27.593967141751005,15.669755063915543
2014,165,SHELBY,185.2,0.8177557866549322,15642,605.6983410071882,21.009222326749946,26.29763342510375,15.721807961454994
2015,165,SHELBY,195.3,0.8192957087411831,15194,422.88889944072105,21.125372327152775,26.639805304667657,15.6119287736051
2016,165,SHELBY,215.3,0.8264915716922024,16210,332.21220825964207,22.616884356572204,28.438079111311232,16.796682071694583
2017,165,SHELBY,207.1,0.811985850050112,15418,275.3372895760101,21.992325602385844,28.2767255745064,15.70894012097948
2018,165,SHELBY,189.1,0.808422991225687,15719,530.8316838022528,22.29718281359386,28.060055801995187,16.535313655262453
2019,165,SHELBY,217.3,0.8539261435235561,16220,294.57242496451283,21.78437319080417,27.24849864505974,16.32034804793849
2020,165,SHELBY,190.5,0.7813110444116365,16260,140.6822118032054,23.305744467838647,29.7615524539893,16.85003710342256
2022,165,SHELBY,209.0,0.8135686830735466,15379,253.73127732771297,22.66328753061946,28.977077905948914,16.34963924435725
2023,165,SHELBY,196.0,0.8219172673470964,15725,253.52558863174244,22.051894491213307,28.4781321212798,15.62580039022976
2010,167,SIOUX,196.5,0.8225811292052947,22324,575.7641912432368,22.44447568545333,28.37387371403565,16.516062377328954
2011,167,SIOUX,177.6,0.810424403228918,22784,228.7406790712222,22.407431452338795,28.383477402850374,16.432393179975225
2012,167,SIOUX,143.2,0.770099623010157,23103,93.62955781631509,23.64973431359589,30.60145387354143,16.6990150030258
2013,167,SIOUX,194.1,0.7656116295657812,22282,205.586284075458,21.54843691843188,27.41829599904168,15.67956766624292
2014,167,SIOUX,187.4,0.8210414647969763,22341,468.7405094145299,20.746107917236223,26.375490549482553,15.117722993015487
2015,167,SIOUX,201.9,0.8330214527800986,22938,322.02915185554446,20.9464401711199,26.977094738929665,14.91678737331986
2016,167,SIOUX,212.2,0.8201732614682666,23167,237.64989040190477,22.359119150652443,28.683228119024935,16.036019341705785
2017,167,SIOUX,220.7,0.826452555084164,22438,236.27370106843023,21.629299338217233,28.114374523875796,15.145223529198011
2018,167,SIOUX,211.9,0.8114406526942892,22311,499.53918446216073,22.26475073803963,27.9949283064047,16.53557504854726
2019,167,SIOUX,192.1,0.8100990417485288,24252,311.86356679495617,21.51279426032269,27.26785262180672,15.757836878100631
2020,167,SIOUX,201.8,0.7945609736630745,24015,155.97191259789122,23.180832082749543,29.66798944325352,16.693774609300227
2021,167,SIOUX,220.6,0.8176042908468495,22729,325.21278778956366,22.74566664414093,29.372817709116852,16.11941340288479
2022,167,SIOUX,196.6,0.812129412097415,22613,179.74547611855866,22.511930813885137,28.991226642474423,16.03277740261662
2023,167,SIOUX,211.4,0.8261579423048311,22353,314.15274059596413,21.814185898274623,28.09770811038784,15.530806516746908
2010,169,STORY,163.9,0.8076017352902861,14057,692.4198715392298,22.93927805023978,28.256886864402677,17.62265548852073
2011,169,STORY,163.2,0.8045954705155671,15064,284.8735138077833,22.72074356106629,28.01152706194115,17.43095239093265
2012,169,STORY,157.6,0.7867269806657678,14839,213.98118580307852,23.174020932022344,29.87012521240364,16.478920872311985
2013,169,STORY,137.2,0.7027273527000203,14315,159.2251840619585,21.727280824538692,27.65216072532067,15.803403145487763
2014,169,STORY,169.9,0.82113829311712,14030,482.1095672388886,20.98193638607201,26.1622542422938,15.802610778425583
2015,169,STORY,188.0,0.8323089198444061,14084,590.295459907757,21.04952580065851,26.281895881436416,15.818142574744284
2016,169,STORY,211.9,0.8484834626639604,15450,422.1954556135371,22.56093346940943,28.190167380863397,16.932682495040584
2017,169,STORY,200.3,0.7960991512939699,14635,203.6500752973643,21.86903139200794,28.03247589968054,15.706587208741636
2018,169,STORY,192.3,0.7893059742209524,14156,582.951905709245,22.528843460193112,28.119712687161083,16.938967057260637
2019,169,STORY,189.3,0.8186884613890015,15380,235.81142879504847,21.729025237950445,27.31225750909512,16.145891473355533
2020,169,STORY,148.4,0.7692236319938823,15188,183.36883032988175,23.135759137181864,29.311142147724407,16.960477455014193
2021,169,STORY,201.2,0.8119181417590735,12986,254.58344599152113,23.181314669758905,29.472237817434426,16.90123270458006
2022,169,STORY,207.1,0.8068106880264636,14142,319.3767572767944,22.73701323957806,28.635825013180803,16.838344276789204
2023,169,STORY,211.4,0.8487208285472795,13685,299.3620533878921,22.266151160360817,28.22513515792457,16.30730886051214
2010,171,TAMA,176.7,0.8139936628416491,14337,493.37131653442253,22.84064928857929,28.261290641351216,17.42100020923567
2011,171,TAMA,162.0,0.7983802865357644,15661,231.87755037246083,22.62950653950993,28.30003092356101,16.95998817331511
2012,171,TAMA,160.2,0.7818425699535119,14057,161.40011260475603,22.895290152924872,29.936222981262883,15.85536359849123
2013,171,TAMA,158.7,0.7411057834897623,14358,175.7236170041784,21.520466953544116,27.57882893288533,15.463089030720887
2014,171,TAMA,182.7,0.8259682122773453,13805,461.7864590417773,21.12793616530568,26.52731810512601,15.729550210272963
2015,171,TAMA,189.5,0.835629003712233,14463,453.0634617669482,20.904070814499907,26.352392890990032,15.456743464579077
2016,171,TAMA,208.4,0.8449546036965219,14801,406.0644820135133,22.335742288451083,28.099199481781667,16.573275016401624
2017,171,TAMA,220.6,0.8108015813721697,14529,224.8113378516288,21.441826064803177,27.825661683015102,15.05898336055422
2018,171,TAMA,224.3,0.8284517441248833,14692,405.20737709886527,22.329153168181907,28.134680953477865,16.524623593418795
2019,171,TAMA,204.8,0.7907858081049368,16003,265.95291395220005,21.749288233696255,27.536880811513313,15.961796619404684
2020,171,TAMA,132.7,0.7649715420211302,16151,337.0437570004535,22.860551579502815,29.13658663757319,16.58461817467515
2021,171,TAMA,213.9,0.816554968983856,14640,281.4126490251403,22.989845066787577,29.322285505394156,16.64792206548215
2022,171,TAMA,203.3,0.8138742710269823,15271,268.2884757924963,22.39125303230639,28.557249959995016,16.225398445872937
2023,171,TAMA,197.4,0.8202126931439625,14904,171.67520576621595,22.035626471158068,28.620069218775885,15.451326826759272
2010,173,TAYLOR,122.2,0.7743006472243615,6576,473.8263293285556,23.80774369097314,29.281259637388253,18.335208431150587
2011,173,TAYLOR,140.5,0.7933519517486595,8300,388.3433997150517,24.036909358932604,29.53996413524685,18.534846069318142
2012,173,TAYLOR,91.7,0.723632367092995,7715,263.06031256096037,24.50447153278652,31.511960155735594,17.497972050289654
2013,173,TAYLOR,136.2,0.7463489558195828,8808,180.52451000593433,22.16563178677664,27.993906583238616,16.338353085191507
2014,173,TAYLOR,178.8,0.812390596596039,8544,559.0809171331003,21.73829710755532,27.00580463487297,16.471781554850157
2016,173,TAYLOR,159.9,0.7841133885795579,8392,419.86388055526953,23.367732014628096,28.893830451686565,17.84263990058471
2017,173,TAYLOR,175.0,0.7978773908712087,8930,289.0010188891051,22.643330367215892,28.825948741254663,16.461694364233296
2018,173,TAYLOR,154.4,0.7891848137524117,7746,333.6535107022071,23.47991805263592,29.414417335294836,17.54641419832558
2019,173,TAYLOR,161.7,0.7785976719091698,8038,240.60378135274792,22.76633104723584,28.16949589024172,17.36326433887784
2020,173,TAYLOR,166.2,0.7794374276442487,7454,241.06196660516105,23.755525375069386,29.599337083592275,17.91181409070638
2021,173,TAYLOR,192.0,0.8106256547724608,7435,322.97881244133015,23.700951713752836,29.557241530190517,17.854044799302123
2022,173,TAYLOR,172.1,0.7916145945162721,6982,272.0104202856826,23.788724856822125,29.871434809875545,17.706155065590885
2023,173,TAYLOR,192.9,0.8362178612985539,7297,301.99036479153096,22.970062040499844,28.643152672696345,17.297113972519686
2010,175,UNION,113.2,0.7687267076255591,4249,557.3883067883646,23.69374830533352,29.129209209070773,18.259284526406997
2011,175,UNION,132.6,0.7649881052209828,5852,376.7364565410333,23.534861511900353,28.92631786272292,18.14441369217123
2012,175,UNION,87.3,0.7062842269627277,5523,203.92131427743337,24.048381434382534,31.086690450969485,17.011066325800822
2013,175,UNION,137.0,0.7380505993710705,5639,146.2260065420557,22.2119657145278,28.00372444086563,16.4212055170212
2014,175,UNION,176.1,0.8200063586157582,5858,539.4302037933049,21.632397044594843,26.812281151099985,16.453506531566124
2016,175,UNION,183.0,0.8078382067616292,5732,408.92134040015065,23.22235606198134,28.721318066632744,17.724381629568537
2017,175,UNION,147.9,0.751535071572315,5747,161.0541116233371,22.71287881733421,28.96826758907961,16.458480258721185
2018,175,UNION,155.8,0.7880444310773707,5626,406.7947934092152,23.3593451912804,29.16189353548867,17.557802486386862
2019,175,UNION,168.9,0.7600719023862019,5136,335.52967620649116,22.465764633765268,27.858340555259264,17.073290077402362
2020,175,UNION,179.7,0.7685471437137061,5063,225.4665762073315,23.56242893814095,29.38753646847959,17.73742438412467
2021,175,UNION,185.2,0.8107023335459047,4909,393.5078843707993,23.41704597586325,29.293171652904437,17.55956017392829
2022,175,UNION,149.4,0.7661392190852341,4620,193.361367096,23.597985183491424,29.76199637018694,17.434116051128967
2023,175,UNION,217.0,0.8366551694284685,5007,329.21380707810573,22.721546999318186,28.532382890946018,16.910854229042926
2010,177,VAN BUREN,90.8,0.7415130698512783,4940,640.205538734521,24.691807757876862,30.421635730792513,18.962976138558226
2011,177,VAN BUREN,100.9,0.7348761348694685,4531,422.3471846824974,24.83040613522967,30.678166411872823,18.9836383540985
2012,177,VAN BUREN,110.3,0.72087481270948,4341,182.67781409170655,24.698323786597655,32.00597905898587,17.39167555111392
2013,177,VAN BUREN,144.1,0.7458940921599838,3947,176.0152221120387,22.621875196543673,28.539890019417665,16.704866674302476
2014,177,VAN BUREN,192.2,0.8463652416665761,4773,442.6974988593672,22.129673327560443,27.418435615324334,16.84189786007575
2015,177,VAN BUREN,158.3,0.7848984907151386,4373,468.7483630939719,22.540251366716056,27.89337583916946,17.18812641459502
2016,177,VAN BUREN,189.0,0.799388842166677,4715,344.10375272181625,23.879408865052053,29.46891389746609,18.290906016036654
2017,177,VAN BUREN,128.2,0.7505690211172092,4562,148.41211331039077,23.070607911109636,29.775834079989057,16.366375980567017
2018,177,VAN BUREN,180.9,0.7661979646374036,4541,359.95122012161283,23.89119031549891,29.94924816711333,17.834134246374603
2019,177,VAN BUREN,171.0,0.7494407146326008,4092,305.67043662999987,23.0474822694618,28.677309265039664,17.417757676340653
2020,177,VAN BUREN,153.5,0.7809389349902318,4523,312.8442392166434,23.82634071603002,29.596343044248467,18.056440174989945
2021,177,VAN BUREN,162.5,0.7781980105759237,4078,513.1792841618254,23.954899967519584,29.30752938366764,18.560020361000895
2022,177,VAN BUREN,151.9,0.8008577572860577,4336,175.0896796560206,23.78691940299055,29.642742812151823,17.931237732211624
2023,177,VAN BUREN,189.3,0.7872052449937915,4115,223.53387114792497,23.205206339746788,29.243827026142252,17.166727037352736
2010,179,WAPELLO,100.2,0.7421685615175295,4976,777.9343271741719,24.108549173744517,29.450166729759022,18.76792673264365
2011,179,WAPELLO,127.3,0.77614054718411,5418,342.30128051277455,24.39708980434387,29.88151855754114,18.913665721585858
2012,179,WAPELLO,92.6,0.7063029091774491,4992,185.19354128696529,24.298334961998343,31.3078902784544,17.289785029796352
2013,179,WAPELLO,150.4,0.7531184219233726,4519,166.5220792267996,22.43582863209339,28.19393317481076,16.678724704170243
2014,179,WAPELLO,195.2,0.8453124645254926,4993,509.3395682897046,21.89270620957507,26.97991935733528,16.806493723605595
2015,179,WAPELLO,159.3,0.7858925713780532,5131,479.2099195620523,22.169924980074253,27.33438228656994,17.006466837768887
2016,179,WAPELLO,196.9,0.8130081187909031,5062,372.4557141429451,23.444164920289523,28.961514964812466,17.92782754262449
2017,179,WAPELLO,153.0,0.771078149300844,5266,145.14409701763137,22.9815680216586,29.542307762648026,16.421823051210474
2019,179,WAPELLO,176.5,0.7900288901111678,4983,286.7627589521463,22.83728909910664,28.389308698168957,17.28536897745314
2020,179,WAPELLO,170.6,0.7898277206216829,4903,289.8856288837857,23.658271886203963,29.3363643252211,17.980281653052966
2021,179,WAPELLO,178.0,0.8034270080171291,5072,401.10915873460823,23.810482728481777,29.1442585614582,18.376553674475947
2022,179,WAPELLO,170.8,0.8169380473771302,4608,154.39819128040352,23.691129219884168,29.55993957764589,17.822460805103674
2023,179,WAPELLO,202.9,0.8090171957382931,4929,195.56700958462423,22.96741777457689,29.03920522499334,16.895771187592494
2010,181,WARREN,102.4,0.7655433477655188,5985,703.5482409848299,24.06316499293495,29.314255999920203,18.81306798987296
2011,181,WARREN,129.1,0.7631867782698513,6495,380.5332308537589,24.261745315328753,29.33483897487112,19.189662059606658
2012,181,WARREN,103.5,0.7187309860060009,6313,145.20214321414116,24.6775683299201,31.457897867993474,17.89823007199681
2013,181,WARREN,146.7,0.7624182951849509,6714,155.07005623239954,22.71104647329808,28.349503047901756,17.07359854475013
2014,181,WARREN,169.9,0.8125637331696314,6750,451.3923704317733,22.05014509451242,27.16047364379248,16.940811166235456
2015,181,WARREN,170.3,0.8096397285740657,5847,548.9217475514744,22.246476608972397,27.328281730354853,17.16566456661902
2016,181,WARREN,184.6,0.819050382511194,6471,369.6228533292483,23.692633474000857,29.100091328551663,18.28617327288714
2017,181,WARREN,183.2,0.7635562507917517,6013,166.0902612431453,23.269203025507338,29.606336290771473,16.933063130640818
2018,181,WARREN,163.6,0.765426830444824,5937,355.7284020500833,23.76189998488129,29.46900300677905,18.05577937232391
2020,181,WARREN,168.0,0.779908060325532,5715,267.89542271672536,23.876104111315616,29.69884722314291,18.053461069629325
2022,181,WARREN,157.8,0.7789310559407855,5389,203.1960959212897,23.923951035619705,29.98869937484858,17.859344580975673
2023,181,WARREN,199.2,0.8247391960050834,5399,228.7139843744324,22.83946580735079,29.1356864489758,16.543388770407027
2010,183,WASHINGTON,132.5,0.7772369279124662,11510,666.7557434361163,24.042787465984027,29.50833757571152,18.57823809943933
2011,183,WASHINGTON,156.3,0.7708610717349194,10857,278.2788243731196,24.075841438018244,29.751806258003533,18.400880425036583
2012,183,WASHINGTON,132.1,0.764976864313118,10136,196.58340630083185,23.869504910645897,30.901444845231406,16.838566532556303
2013,183,WASHINGTON,159.0,0.7628700304115449,9625,133.27739901804344,22.355670618651004,28.340377958253175,16.37195840238786
2014,183,WASHINGTON,191.3,0.8400678346504601,9560,429.6512193420011,21.778080165274435,27.143505783784217,16.41365627814377
2015,183,WASHINGTON,195.0,0.8220962013289271,9876,420.0155265905087,21.956414146308163,27.40015589485066,16.513674997620374
2016,183,WASHINGTON,208.2,0.8172508399645165,10109,433.20895834950824,23.397532032291185,29.080879587682347,17.715187926438666
2017,183,WASHINGTON,220.4,0.8189968201360575,10338,219.8926605081889,22.343177827355905,29.03108188114503,15.65626292905348
2018,183,WASHINGTON,214.3,0.7887193790076192,10132,376.0869161133927,23.290626074395263,29.229941368375815,17.352312305328596
2019,183,WASHINGTON,178.9,0.7752147020727342,10624,230.2560996988092,22.84172639154241,28.590707899681927,17.09284592959909
2020,183,WASHINGTON,185.4,0.7865606713412663,10964,305.844570357082,23.357441079300195,29.253881129736587,17.461101137782894
2022,183,WASHINGTON,185.7,0.822373878165171,10120,179.37746271206746,23.278105067797615,29.35939367164893,17.196958078565952
2023,183,WASHINGTON,188.3,0.8097240021672331,10172,199.17524097986987,22.76131096831872,29.10214258439775,16.420621047420795
2010,185,WAYNE,73.1,0.7373099091343324,4197,677.881377452272,23.746117740149625,29.23096323477029,18.262279327402148
2011,185,WAYNE,126.0,0.7792765096168637,5767,336.0772363758223,23.89000645532832,29.313970219748636,18.46705364472087
2012,185,WAYNE,55.7,0.6834315396655967,5313,213.96584487688273,24.121139151399557,31.41807263145724,16.825203702533646
2013,185,WAYNE,125.1,0.7187269945223977,5984,195.5415881050522,22.240253620745374,28.044988370123697,16.436521796418273
2014,185,WAYNE,171.9,0.8143994777103989,5459,623.7955643136079,21.641410812345477,26.945709659063557,16.338098604318674
2015,185,WAYNE,158.0,0.7894122766733149,5662,615.4625058139819,22.010001944092792,27.265484412669075,16.755516536712243
2016,185,WAYNE,174.5,0.8072612410023117,5352,289.59673479257015,23.29676580836288,28.965001897982415,17.629516478102406
2018,185,WAYNE,171.6,0.7607399647882676,4973,360.5283232403312,23.75207034001357,29.79562477714954,17.709519156756794
2019,185,WAYNE,151.4,0.7466480801133483,5171,347.75982643202906,22.53835949440192,28.17565639143087,16.90116205680507
2020,185,WAYNE,168.8,0.7752493393162131,5034,249.60694388820207,23.485577409956942,29.41143620858116,17.559818033600457
2021,185,WAYNE,177.0,0.7864037631093292,5207,357.81931600984365,23.31226807454384,29.199154797475927,17.579876008938413
2022,185,WAYNE,170.1,0.7898402554168142,4858,247.80896940653855,23.335988181262874,29.467486983107793,17.20463067160822
2010,187,WEBSTER,168.4,0.8031510726669686,19223,664.6934487426,22.80677068637143,28.20455700184152,17.40998350300881
2011,187,WEBSTER,190.6,0.8276851581709853,18698,227.11948935411985,22.447310911727744,27.826923719844455,17.068687081074238
2012,187,WEBSTER,149.2,0.7680334466161389,19572,140.97393496285525,23.230530459855505,29.96758582281029,16.494476037282446
2013,187,WEBSTER,137.6,0.7214669805015226,17981,145.03335418181916,21.70374568921247,27.62747964236091,15.781015880670124
2014,187,WEBSTER,190.0,0.8371751184442932,18646,415.34108248392903,20.73222547469791,25.95060720588945,15.514836586135536
2015,187,WEBSTER,201.0,0.8253271078961135,18124,461.1187490997625,20.951967512670336,26.27899850238852,15.625937255129642
2016,187,WEBSTER,200.8,0.8319799824289656,19356,387.803488949636,22.333648552519115,28.06568577351203,16.60261469416617
2017,187,WEBSTER,197.9,0.7949300884184688,17824,220.58049432210905,21.709575068518337,27.925557707431334,15.494582703156068
2018,187,WEBSTER,188.1,0.8088526110360493,17906,626.9287712518517,22.381330199815824,27.84667435023904,16.916981174720835
2019,187,WEBSTER,202.9,0.8254517109390878,19065,277.3996748436584,21.50530903503235,26.966099770937088,16.044618413625557
2020,187,WEBSTER,173.1,0.7810144519945819,19257,160.31660449842525,23.064908589898305,29.265929992393364,16.86398803750681
2021,187,WEBSTER,216.2,0.8182411459545078,17823,305.36921295709965,22.835316261388183,29.07391954170536,16.587272992093006
2022,187,WEBSTER,201.5,0.8132791347778473,17695,242.82629538917345,22.3881891459746,28.416390365169885,16.36013003132238
2023,187,WEBSTER,212.8,0.8467709896654975,17368,228.91485983109575,21.80157580630761,27.87532986039222,15.727964122007323
2010,189,WINNEBAGO,184.1,0.8320954543199145,11122,426.9824530485036,22.01985228271432,27.452608140924095,16.58808986589092
2011,189,WINNEBAGO,176.6,0.8145053655908026,11300,282.66327345739023,22.083446991467405,27.55702003949518,16.610887034881504
2012,189,WINNEBAGO,161.1,0.786955224504319,11517,131.3399303131464,22.40060346101964,28.814210676553813,15.987990922796422
2013,189,WINNEBAGO,149.1,0.7095945436350085,10855,323.8701601285723,21.23479205937736,26.74776981355744,15.7228135223187
2014,189,WINNEBAGO,172.7,0.8074922609433737,11833,386.86140155759017,20.505993377607517,25.77919270990833,15.233763960067655
2015,189,WINNEBAGO,203.6,0.8369025663065894,11189,361.53153794140945,20.42033095383361,25.812875584092097,15.02879220765458
2016,189,WINNEBAGO,197.9,0.8256880256238105,11766,501.2441254754529,21.45934236087884,26.946681072902688,15.973015766328958
2017,189,WINNEBAGO,210.7,0.8182560251997483,10908,285.78679162253184,20.80603678044407,26.618412301519083,14.994653377746229
2018,189,WINNEBAGO,180.8,0.8002875919859556,11099,524.7645374547383,21.60223843297688,26.74053190369699,16.46494209178453
2019,189,WINNEBAGO,198.8,0.8223804238054735,11723,285.0569663076736,20.797270856759596,26.1378336173467,15.456809866662926
2020,189,WINNEBAGO,207.1,0.8391184758960915,11606,285.6162754210385,22.11189305465102,28.04227012516235,16.18161494721364
2021,189,WINNEBAGO,197.6,0.8134285735909551,11235,322.88379144725144,22.19607492231812,28.365741131840306,16.01781145952041
2022,189,WINNEBAGO,217.5,0.8246001569779631,10798,391.44271404521027,21.37655006513507,27.140324415941116,15.612917848628204
2023,189,WINNEBAGO,211.3,0.8483002907417052,11299,229.40936572347744,21.16573400928107,27.450362539295515,14.88124853049674
2010,191,WINNESHIEK,190.5,0.8267273843978262,12180,428.8494363931592,21.776760810910236,27.222586740071524,16.331926592666292
2011,191,WINNESHIEK,186.2,0.7991434593404417,13970,227.21276735541812,21.869573437237435,27.691676761829143,16.048460270961534
2012,191,WINNESHIEK,140.6,0.7766970817378029,12162,169.61112269157857,22.31576546957667,28.96481356971361,15.667703397713929
2013,191,WINNESHIEK,181.8,0.7446906144053673,10468,371.34939187114406,20.681391860626768,26.509860071959174,14.853921531752048
2014,191,WINNESHIEK,174.0,0.8051961855171684,12378,419.0088521388793,20.445130339563317,26.19029814943583,14.700953436439802
2015,191,WINNESHIEK,185.6,0.8106303495900529,12733,295.41038712364144,19.945890449681723,25.82533818928891,14.067438963493217
2016,191,WINNESHIEK,210.7,0.8299659749249606,13074,614.7151753228673,21.04533505776659,26.672187095095627,15.419484744886384
2017,191,WINNESHIEK,199.7,0.8031672617093063,13174,265.8695772873366,20.24526867841126,26.260791247383676,14.23074194920154
2018,191,WINNESHIEK,198.1,0.7962060559227859,13160,494.67119651838306,21.19289691673301,26.739924426306327,15.646868880498662
2019,191,WINNESHIEK,200.4,0.7978184633241492,15296,348.6092273832696,20.479814131533836,26.31439765803814,14.645330684633738
2020,191,WINNESHIEK,178.2,0.7660497510538284,15181,353.0462877603391,21.41141367139275,27.519707222832498,15.303221381909282
2021,191,WINNESHIEK,199.3,0.816759333594982,14495,433.37086000095286,21.708014007574608,27.78992763753067,15.646721155018978
2022,191,WINNESHIEK,212.4,0.7868131037276213,13471,536.8397050622242,20.711753018635253,26.57623628790741,14.847413172761902
2023,191,WINNESHIEK,195.3,0.8083214857862753,14176,167.68474539106862,20.71582707386145,27.39850084454022,14.033296855336305
2010,193,WOODBURY,164.3,0.804220077938993,20056,526.8457861165996,22.92030890324777,28.75196233496521,17.089653647248664
2011,193,WOODBURY,173.3,0.7826828232704935,19369,220.2761737257812,23.00850965878463,28.720395223160875,17.297624985094238
2012,193,WOODBURY,134.8,0.7550240533952678,19791,149.86374860122731,23.842143179859573,30.85026999685355,16.835013502061525
2013,193,WOODBURY,164.2,0.7660812130150447,19048,164.37850273773486,21.83350752942708,27.74204296080496,15.92596762646676
2014,193,WOODBURY,177.5,0.7782033661893126,18586,658.5744205111321,21.049912924794356,26.663600697147945,15.437229991354208
2015,193,WOODBURY,202.3,0.8186875870275542,18920,537.5209499452023,21.418203592945087,27.18334692756225,15.65406409216748
2016,193,WOODBURY,203.7,0.7996842522780845,19505,268.71207035449464,22.935864815673288,29.151095651738306,16.721635694858797
2017,193,WOODBURY,200.5,0.7872291819851315,18514,313.9027717011356,22.14405598364055,28.638320411221297,15.650792450720363
2018,193,WOODBURY,219.3,0.8066052192048405,18563,437.1693310372637,22.36714951701737,28.162135323387144,16.57316109685614
2019,193,WOODBURY,218.2,0.8082591996971495,20395,289.14168980287985,21.892324376475127,27.65151248537672,16.133236993124285
2020,193,WOODBURY,191.0,0.7848984939502163,19608,200.44025659208856,23.507844680201984,30.095656066610054,16.920133233557518
2021,193,WOODBURY,206.7,0.7970815069526411,18933,247.70699729394667,23.153521337126616,29.805146651673525,16.564541827045627
2022,193,WOODBURY,200.2,0.8012345043883445,18413,223.3631707136614,23.01142392032578,29.703998437436653,16.318990521498154
2023,193,WOODBURY,168.3,0.7808676974726622,19353,200.80084158992972,22.408887592763705,28.863608245140753,15.954310412599549
2010,195,WORTH,193.2,0.839853929614363,10666,440.2626444163921,21.689882653386302,26.95058616094642,16.4301713388376
2011,195,WORTH,173.0,0.811052983186519,10778,298.1152424464209,21.850401510847433,27.241818169155575,16.459977927276086
2012,195,WORTH,143.1,0.7777509437240492,10875,143.17234624228144,22.250620146776587,28.666022576951203,15.836204562470112
2013,195,WORTH,150.7,0.6733257323232504,9649,415.2948482840971,20.932248277610483,26.4173525068036,15.44813446058964
2014,195,WORTH,181.5,0.8084898300618907,11143,418.206004965915,20.406853335014187,25.679390477163537,15.135308986042617
2015,195,WORTH,202.1,0.830849839227486,9833,392.42738661989097,20.384107369496828,25.729468491687655,15.03974130051432
2016,195,WORTH,191.5,0.833801704935584,10895,545.7973596071014,21.412006809536944,26.786802113939014,16.0381966153075
2017,195,WORTH,198.5,0.8099698772733511,9714,276.2869979952501,20.42220523878835,26.0750268867595,14.770374610672878
2018,195,WORTH,180.0,0.8106946604620334,10008,513.5845237158376,21.20433825100072,26.326095659777213,16.083581265250857
2019,195,WORTH,196.5,0.804247693983174,10636,319.2400463390862,20.44511931119103,25.70819562347795,15.182145232501703
2020,195,WORTH,205.7,0.8084431937811558,10924,347.6805526352186,21.649992328311715,27.514831420052545,15.7852532740742
2021,195,WORTH,207.4,0.8111180106953055,10252,431.1391980692896,21.93776592859306,27.941275063486195,15.946185214883991
2022,195,WORTH,219.4,0.8183386064964889,10652,479.332000210353,21.134808414784683,26.760189616127725,15.509570268347636
2023,195,WORTH,187.6,0.8088526383058002,10380,176.8080637584677,21.065533996506023,27.479038755715052,14.65217245485215
2010,197,WRIGHT,150.0,0.787386483907954,15593,670.5068268825562,22.915276872585466,28.459624693998897,17.37193229332884
2011,197,WRIGHT,189.9,0.8271877049017256,16136,261.4784487336386,22.188363783210804,27.818361465982072,16.55935818991394
2012,197,WRIGHT,153.7,0.785877517947034,16700,125.8572218190606,22.859943656210667,29.69708529568135,16.023802285750637
2013,197,WRIGHT,168.8,0.7391222611362412,15667,210.3170472208733,21.507268370027532,27.438052304607172,15.57749421403893
2014,197,WRIGHT,169.4,0.7957941854385198,16172,477.30439521377633,20.70990675204016,26.107152657003088,15.313656303514769
2015,197,WRIGHT,198.4,0.8282435937313214,15821,409.55902079155726,20.729941784181257,26.258102260083923,15.20278781146065
2016,197,WRIGHT,200.2,0.8427406839033513,17280,422.6760424924444,21.964437661605828,27.77056827038087,16.15929917329003
2017,197,WRIGHT,206.9,0.8124024857098967,16048,285.93469563305183,21.32438501534314,27.541528368067688,15.108231715173943
2018,197,WRIGHT,180.5,0.8010359458398362,16227,541.3863857956703,22.113067363377574,27.7329415039423,16.49418907324245
2019,197,WRIGHT,197.0,0.8224428563716217,16853,317.0979775794089,21.273188316836997,26.924203949705173,15.62227289950993
2020,197,WRIGHT,186.0,0.7866216751939316,17107,200.1625710311923,22.7199223820897,29.07762108504997,16.362325084290774
2021,197,WRIGHT,192.2,0.809056134367668,15738,296.8990854446578,22.65157842558791,28.982549512317384,16.324014506846375
2022,197,WRIGHT,209.7,0.8108324953103061,15789,273.0458462141334,21.95946248983146,28.07626352874151,15.8428029174646
2023,197,WRIGHT,202.5,0.8402193888019542,15449,205.6657824472879,21.429206311365377,27.78079336286994,15.077761899510651
