year,period,state_fips,county_fips,county_name,ndvi_mean_s2,crop_pixel_count_s2,ndvi_mean_modis,crop_pixel_count_modis
2018,jun,19,149,Plymouth,0.6015459961006447,121796,0.769103831589403,19746
2018,jun,19,193,Woodbury,0.5637907486808265,113408,0.7716063828175778,18563
2018,jun,19,027,Carroll,0.6609830727910943,99691,0.8327848852446121,16235
2018,jun,19,061,Dubuque,0.6476075318775169,70584,0.765820309100578,11566
2018,jun,19,101,Jefferson,0.7010198319695274,36299,0.8260296514298302,5920
2018,jun,19,187,Webster,0.5285896859957521,109891,0.7942544038547316,17906
2018,jun,19,111,Lee,0.6644210479420316,39868,0.7987818816808557,6497
2018,jun,19,127,Marshall,0.48876628064794225,79160,0.8040671175494998,13413
2018,jun,19,195,Worth,0.5020835292732485,61286,0.6964100355509594,10008
2018,jun,19,033,Cerro Gordo,0.5719108311749622,87597,0.6758791165073782,14423
2018,jun,19,051,Davis,0.6532030447509729,22167,0.8121415820428465,3659
2018,jun,19,179,Wapello,0.6959882868692272,29839,0.831594772715661,4889
2018,jun,19,041,Clay,0.7007983750200878,85045,0.7093565966148722,13776
2018,jun,19,059,Dickinson,0.7368677515614731,50493,0.6876665150764293,8293
2018,jun,19,021,Buena Vista,0.5807893100264954,89494,0.7630533145550835,14480
2018,jun,19,013,Black Hawk,0.41589263936098386,45885,0.7873442722868362,13288
2018,jun,19,075,Grundy,0.470472149337367,82252,0.7711039680599628,13974
2018,jun,19,017,Bremer,0.39369326032303426,35998,0.780861425969873,11292
2018,jun,19,085,Harrison,0.6435584706529001,92652,0.8122605847982929,15260
2018,jun,19,129,Mills,0.7399614369921029,52375,0.818936759410109,8536
2018,jun,19,155,Pottawattamie,0.696887631335907,127709,0.8136666609521919,20971
2018,jun,19,123,Mahaska,0.6397416107069783,67670,0.8450756588794671,11126
2018,jun,19,125,Marion,0.5271539642229182,41852,0.8316793951611945,6879
2018,jun,19,053,Decatur,0.622749722245558,21169,0.8372500405388583,3474
2018,jun,19,031,Cedar,0.7361815644125224,81237,0.8223750643478376,13337
2018,jun,19,151,Pocahontas,0.5827986200647982,97929,0.7109215382841209,16012
2018,jun,19,109,Kossuth,0.6279214206845847,172705,0.6889673490072963,28016
2018,jun,19,089,Howard,0.4140326769274819,55620,0.6973170027825222,11895
2018,jun,19,147,Palo Alto,0.657730648362185,97014,0.6694267274400848,15756
2018,jun,19,159,Ringgold,0.6979181941120256,31842,0.8310742593598213,5261
2018,jun,19,025,Calhoun,0.630766282474128,95138,0.8156371810945512,15419
2018,jun,19,039,Clarke,0.6214606734881143,19661,0.8109126204266386,3199
2018,jun,19,065,Fayette,0.4461370490117624,62717,0.7406464698572959,16533
2018,jun,19,001,Adair,0.6570384666472127,65958,0.8071447930547926,10909
2018,jun,19,037,Chickasaw,0.31649964578973383,60959,0.7194439058189886,12979
2018,jun,19,081,Hancock,0.5053072890524347,102151,0.6783902814550885,16630
2018,jun,19,157,Poweshiek,0.6532915397635006,76046,0.8367938234570295,12387
2018,jun,19,165,Shelby,0.6945796836447764,95638,0.8170489270296634,15719
2018,jun,19,185,Wayne,0.5266547921224104,30450,0.8358647715051866,4973
2018,jun,19,097,Jackson,0.6983451653362611,55775,0.7931957220470477,9106
2018,jun,19,043,Clayton,0.5241946345816906,73111,0.7350904488355965,11922
2018,jun,19,007,Appanoose,0.6178320592311854,17364,0.8129244673548571,2879
2018,jun,19,177,Van Buren,0.6527497761007189,28242,0.808296743943917,4541
2018,jun,19,197,Wright,0.4384807613933157,98998,0.7094384776549447,16227
2018,jun,19,137,Montgomery,0.7518659099707203,51290,0.8243501639676382,8304
2018,jun,19,175,Union,0.6438886908481359,34111,0.8211531844336322,5626
2018,jun,19,107,Keokuk,0.6797563750474251,59040,0.833442382739793,9753
2018,jun,19,131,Mitchell,0.2986204285847,68247,0.7218715557161848,12969
2018,jun,19,191,Winneshiek,0.3807161675110026,54991,0.6960071965027302,13160
2018,jun,19,161,Sac,0.6452980935053286,89285,0.8140658284641812,14396
2018,jun,19,055,Delaware,0.61409246479766,101394,0.8166327940796018,16661
2018,jun,19,067,Floyd,0.31525422902325123,74291,0.6878721874717195,12694
2018,jun,19,009,Audubon,0.6812618305394617,68819,0.8180582585253956,11215
2018,jun,19,079,Hamilton,0.5321569032653618,104935,0.8056984612852942,16987
2018,jun,19,069,Franklin,0.53115230400665,91321,0.7255952041960321,17862
2018,jun,19,141,O'Brien,0.6725951008682507,91522,0.7059500408575797,14937
2018,jun,19,167,Sioux,0.6259431615400727,135682,0.7451044587225341,22311
2018,jun,19,005,Allamakee,0.4726870304140926,36675,0.7020705750777726,5827
2018,jun,19,189,Winnebago,0.39439061370255535,67567,0.6831668184225194,11099
2018,jun,19,093,Ida,0.5278829798959743,68521,0.7960235146494336,11088
2018,jun,19,029,Cass,0.6937697146926415,73163,0.8133124034659712,12009
2018,jun,19,083,Hardin,0.43079176973166294,97275,0.797966451722935,16178
2018,jun,19,173,Taylor,0.6707561026401713,46960,0.817629300511552,7746
2018,jun,19,145,Page,0.7429146628572477,61707,0.8248238789046194,10010
2018,jun,19,035,Cherokee,0.5908390307673719,82914,0.7977490969132565,13342
2018,jun,19,071,Fremont,0.7894529354737287,60093,0.8357904799159751,9711
2018,jun,19,095,Iowa,0.6874314051347532,64802,0.8328084107099359,10651
2018,jun,19,023,Butler,0.4067781075093857,89237,0.7529979636739094,14962
2018,jun,19,063,Emmet,0.6040685804689321,61211,0.6349452522168054,9913
2018,jun,19,047,Crawford,0.7028750686199836,111389,0.8027436798397999,18200
2018,jun,19,019,Buchanan,0.49308543424140133,85888,0.8058165197289129,17243
2018,jun,19,143,Osceola,0.6432510503505844,64043,0.680164458114739,10406
2018,jun,19,073,Greene,0.5825960896706139,91599,0.8241410309565044,14773
2018,jun,19,087,Henry,0.7117977678813341,43015,0.8198353286416059,7034
2018,jun,19,119,Lyon,0.6009897724906775,99117,0.7221589293355857,16066
2018,jun,19,003,Adams,0.7019326781989427,42053,0.8302282878767301,6913
2018,jun,19,133,Monona,0.6797804101933542,91773,0.790616423441488,15089
2018,jun,19,091,Humboldt,0.4628998143729938,74685,0.7304833912918195,12284
2018,jun,19,115,Louisa,0.6908318624280151,41588,0.7951352771760859,6834
2018,jun,19,171,Tama,0.5791716273897355,76866,0.8029080128076854,14692
2018,jun,19,135,Monroe,0.6115048182789933,15409,0.8204917897799888,2511
2018,jun,19,117,Lucas,0.481852606942399,16423,0.8304604595401062,2677
2018,jun,19,057,Des Moines,0.7571532330211366,37987,0.8320759885306795,6290
2018,jun,19,011,Benton,0.5351384363717319,85635,0.8162843810655219,16765
2018,jun,19,113,Linn,0.6306018139325208,79570,0.8130606017137237,13016
2018,jun,19,105,Jones,0.645478910486573,80027,0.8020118872145757,13036
2018,jun,19,103,Johnson,0.709209890405161,57384,0.8201743855713332,9441
2018,jun,19,183,Washington,0.6639138143292462,62020,0.8034741278018952,10132
2018,jun,19,045,Clinton,0.7488596771030024,101666,0.8298648017012186,16597
2018,jun,19,163,Scott,0.7075698819140643,58887,0.8217994211243861,9557
2018,jun,19,139,Muscatine,0.6594298734295644,48743,0.8157541729647463,8138
2018,jun,19,169,Story,0.467363393782841,87565,0.7886908569127324,14156
2018,jun,19,015,Boone,0.5383368856786425,84457,0.809713741601299,13867
2018,jun,19,121,Madison,0.703682023317626,43024,0.8217279901005505,7089
2018,jun,19,181,Warren,0.5376563276922005,36368,0.8226644283437599,5937
2018,jun,19,049,Dallas,0.6405340631752396,72903,0.8207832307359131,11961
2018,jun,19,153,Polk,0.46600788615198924,45175,0.7958814036710686,7223
2018,jun,19,077,Guthrie,0.6110308923273955,63116,0.8184369054193473,10288
2018,jun,19,099,Jasper,0.47660257187350735,93975,0.8390764910431068,15437
2019,jun,19,149,Plymouth,0.3253187067887182,131082,0.6714308524986012,21172
2019,jun,19,193,Woodbury,0.43743766605962014,125212,0.7020939419020273,20395
2019,jun,19,027,Carroll,0.6748384611493842,104131,0.7661990686805017,17018
2019,jun,19,061,Dubuque,0.3327577435776119,78226,0.6295618510459327,12877
2019,jun,19,101,Jefferson,0.3578213448503275,38274,0.6641876758021457,6257
2019,jun,19,187,Webster,0.472929318238382,116820,0.7405184891152705,19065
2019,jun,19,111,Lee,0.3401509051276298,39423,0.6001280610723467,6445
2019,jun,19,127,Marshall,0.26856022589215167,79043,0.7073312155263789,14254
2019,jun,19,195,Worth,0.31212459454010477,64262,0.6758024368752882,10636
2019,jun,19,033,Cerro Gordo,0.3174204503028333,96813,0.7198883109277505,16005
2019,jun,19,051,Davis,0.3342431904388029,21786,0.5988456506916472,3936
2019,jun,19,179,Wapello,0.37268169187384165,28544,0.6869230107311104,4983
2019,jun,19,041,Clay,0.49306971886216855,84084,0.6510412089726955,13879
2019,jun,19,059,Dickinson,0.4633616396342672,52783,0.6240409760726888,8618
2019,jun,19,021,Buena Vista,0.53087453808887,94235,0.659668712798849,15347
2019,jun,19,013,Black Hawk,0.33898662189067225,16387,0.6988529907639712,14204
2019,jun,19,075,Grundy,0.2590913914521757,37647,0.6886377754665347,15108
2019,jun,19,017,Bremer,0.28181339830099267,34383,0.7170743898984671,12194
2019,jun,19,085,Harrison,0.6225147817030197,95439,0.7532640584941852,15572
2019,jun,19,129,Mills,0.715391448519333,48926,0.7767916601336663,8042
2019,jun,19,155,Pottawattamie,0.6729427189939786,130383,0.7351678296080838,21340
2019,jun,19,123,Mahaska,0.37216397051927713,70081,0.6990860482861339,11602
2019,jun,19,125,Marion,0.38430543056077915,42694,0.7313907889548346,6915
2019,jun,19,053,Decatur,0.4085225613024217,16132,0.6346540190410338,2859
2019,jun,19,031,Cedar,0.2978487168078254,87506,0.5514548462200181,14280
2019,jun,19,151,Pocahontas,0.5844348178117709,102212,0.6807482598044371,16933
2019,jun,19,109,Kossuth,0.419342684220165,177308,0.7134204455408062,28946
2019,jun,19,089,Howard,0.3081383031467691,57974,0.648774978439544,12974
2019,jun,19,147,Palo Alto,0.5766970084785469,93427,0.7064902214497061,15240
2019,jun,19,159,Ringgold,0.4698477477479789,26661,0.6431759835526081,4356
2019,jun,19,025,Calhoun,0.640731854649202,100045,0.725282969966422,16342
2019,jun,19,039,Clarke,0.43436093350851446,17492,0.6288379264391208,2842
2019,jun,19,065,Fayette,0.3305668199175949,57878,0.7084453003784276,18647
2019,jun,19,001,Adair,0.48499326021314215,64845,0.664897794091952,10647
2019,jun,19,037,Chickasaw,0.27439257905486153,65324,0.6704521884654427,14320
2019,jun,19,081,Hancock,0.3094229281433542,111769,0.7187547469311131,18097
2019,jun,19,157,Poweshiek,0.3582892838330991,84549,0.6904071486640775,14262
2019,jun,19,165,Shelby,0.7032846651161462,98518,0.7821076191989449,16220
2019,jun,19,185,Wayne,0.3587476522144235,29642,0.6072686277344314,5171
2019,jun,19,097,Jackson,0.3334158715554922,61140,0.601274190759291,10168
2019,jun,19,043,Clayton,0.3284258486581238,81609,0.6634847146033487,13525
2019,jun,19,007,Appanoose,0.36629165403218555,11131,0.6224567336893531,2684
2019,jun,19,177,Van Buren,0.35462909130549436,25125,0.6137965977956363,4092
2019,jun,19,197,Wright,0.3735900260014568,103035,0.7251790154109099,16853
2019,jun,19,137,Montgomery,0.7085076719949491,53264,0.7616403441355043,8770
2019,jun,19,175,Union,0.4917598558585622,31317,0.6252171636207234,5136
2019,jun,19,107,Keokuk,0.3568649399979696,65027,0.6762555973000637,10938
2019,jun,19,131,Mitchell,0.24811890122127347,81636,0.6613067968223643,14562
2019,jun,19,191,Winneshiek,0.34797350466854676,64532,0.6868380031129361,15296
2019,jun,19,161,Sac,0.6867524936735913,97695,0.7490983231713296,16067
2019,jun,19,055,Delaware,0.33187164396004465,112146,0.6794380114632237,18489
2019,jun,19,067,Floyd,0.2610463215888905,71543,0.6755431647633678,13675
2019,jun,19,009,Audubon,0.6106865003560727,66116,0.7426064638215406,10747
2019,jun,19,079,Hamilton,0.41842063980355,108207,0.709332071011547,17668
2019,jun,19,069,Franklin,0.31273667786616843,108956,0.6844352288489539,18942
2019,jun,19,141,O'Brien,0.3379225091163671,98694,0.6032904885635014,16138
2019,jun,19,167,Sioux,0.3155985858753707,148606,0.6670294114022506,24252
2019,jun,19,005,Allamakee,0.3345962007338487,42553,0.6575569379064391,6937
2019,jun,19,189,Winnebago,0.3593104398833298,70803,0.7087587355774511,11723
2019,jun,19,093,Ida,0.6754126856838443,73422,0.7404751345198365,11941
2019,jun,19,029,Cass,0.6302556884119722,77892,0.7166718156825962,12721
2019,jun,19,083,Hardin,0.3294026003928617,107799,0.6912653787450597,17816
2019,jun,19,173,Taylor,0.4372803226295942,49165,0.676637116015039,8038
2019,jun,19,145,Page,0.6989119550821814,62946,0.732317846637213,10339
2019,jun,19,035,Cherokee,0.4932695221420882,85617,0.6950410040713432,13917
2019,jun,19,071,Fremont,0.751746012294878,51380,0.7704802615278227,8431
2019,jun,19,095,Iowa,0.3451013063070482,65991,0.6245524122588587,10975
2019,jun,19,023,Butler,0.2727244675052035,80838,0.6963062776462027,16477
2019,jun,19,063,Emmet,0.4512520544490428,64071,0.674523295764881,10502
2019,jun,19,047,Crawford,0.6515471384519174,116571,0.764182265886548,19132
2019,jun,19,019,Buchanan,0.31782474590299437,90746,0.7103654432858832,18937
2019,jun,19,143,Osceola,0.283023371097365,68006,0.5826657969041675,11142
2019,jun,19,073,Greene,0.5013396364961453,97934,0.7679042583021523,15998
2019,jun,19,087,Henry,0.3334304437846133,41288,0.6432528229375418,6753
2019,jun,19,119,Lyon,0.28477376237871804,106543,0.5739202798761807,17327
2019,jun,19,003,Adams,0.481762074832349,40478,0.6581363549237378,6663
2019,jun,19,133,Monona,0.5754617455655211,98048,0.7438057368842842,16120
2019,jun,19,091,Humboldt,0.4657812997656207,76746,0.7249921501556006,12611
2019,jun,19,115,Louisa,0.3430577229274303,42467,0.6336816811170386,7056
2019,jun,19,171,Tama,0.33887745540266134,41997,0.6562939813386277,16003
2019,jun,19,135,Monroe,0.39748483053761474,13651,0.6703132303734993,2274
2019,jun,19,117,Lucas,0.3723538101735869,16680,0.6410785484955512,2742
2019,jun,19,057,Des Moines,0.32727338655287375,37367,0.6294341550679852,6136
2019,jun,19,011,Benton,0.3667401612281153,60011,0.6659027138631404,17665
2019,jun,19,113,Linn,0.3480374128668749,86592,0.6616691377778934,14292
2019,jun,19,105,Jones,0.3230794626446719,84660,0.6030687954560248,14055
2019,jun,19,103,Johnson,0.33165247886562793,59663,0.5772298386962217,9752
2019,jun,19,183,Washington,0.3532665512287672,64940,0.656821621596978,10624
2019,jun,19,045,Clinton,0.303190652054102,104630,0.5805599580685173,17424
2019,jun,19,163,Scott,0.2895113488407149,57973,0.583165126819574,9559
2019,jun,19,139,Muscatine,0.3178722942261655,48281,0.5715548367669268,7982
2019,jun,19,169,Story,0.3888500860420918,94748,0.7410471954462325,15380
2019,jun,19,015,Boone,0.4994236839552988,90919,0.7660721664935844,14844
2019,jun,19,121,Madison,0.5020372988082593,39730,0.70892479128822,6430
2019,jun,19,181,Warren,0.4072252283563953,37802,0.7288530647831953,6179
2019,jun,19,049,Dallas,0.5340727694540286,73373,0.7663406969188025,12025
2019,jun,19,153,Polk,0.4154663479948289,45471,0.734524048984812,7477
2019,jun,19,077,Guthrie,0.48337190383270734,64694,0.7345461209925271,10572
2019,jun,19,099,Jasper,0.3379064177385668,101691,0.7421045624149184,16713
2020,jun,19,149,Plymouth,0.3887547422717403,132220,0.7205017575188868,21461
2020,jun,19,193,Woodbury,0.39252469859142175,119548,0.7069528739587724,19608
2020,jun,19,027,Carroll,0.39830043118005876,105315,0.7248888825870825,17232
2020,jun,19,061,Dubuque,0.38505543218668475,79411,0.6363424041079161,13194
2020,jun,19,101,Jefferson,0.5288725437766862,38643,0.7110669015822371,6342
2020,jun,19,187,Webster,0.43926300990035766,117932,0.7571887596947786,19257
2020,jun,19,111,Lee,0.4537482098273294,41784,0.7076657402615091,6855
2020,jun,19,127,Marshall,0.5239511233116063,87203,0.6939393094492742,14435
2020,jun,19,195,Worth,0.41280169368497754,66439,0.716652377197094,10924
2020,jun,19,033,Cerro Gordo,0.39762609013399625,100184,0.7515151892727326,16510
2020,jun,19,051,Davis,0.5205378829056199,22833,0.7146405184339999,3722
2020,jun,19,179,Wapello,0.5311727162416296,30060,0.7231234102808114,4903
2020,jun,19,041,Clay,0.3081965557844743,85700,0.7342135506449231,13971
2020,jun,19,059,Dickinson,0.3114871439043781,54164,0.7103278557397503,8874
2020,jun,19,021,Buena Vista,0.36149328682942095,93202,0.7285997781805347,15165
2020,jun,19,013,Black Hawk,0.48945882267854113,90042,0.6722320258109126,14783
2020,jun,19,075,Grundy,0.4649765905058703,93407,0.6744418439963982,15419
2020,jun,19,017,Bremer,0.524857367253037,75546,0.6812793759446925,12540
2020,jun,19,085,Harrison,0.4064097497109091,103229,0.704971282328644,17102
2020,jun,19,129,Mills,0.45943650068651964,55379,0.7190245315481171,9159
2020,jun,19,155,Pottawattamie,0.3992241907321146,137807,0.7150474315547845,22669
2020,jun,19,123,Mahaska,0.6075852991560404,73015,0.7218877709632029,11953
2020,jun,19,125,Marion,0.6019758364988763,42215,0.7238676473165231,6995
2020,jun,19,053,Decatur,0.5154849023629138,17092,0.698091949641196,2799
2020,jun,19,031,Cedar,0.4280859773721907,87154,0.6727722367148666,14352
2020,jun,19,151,Pocahontas,0.3554896306006816,101875,0.7756051460445387,16718
2020,jun,19,109,Kossuth,0.36357528064583267,174613,0.7536105250266821,28475
2020,jun,19,089,Howard,0.4563925870760005,81412,0.6553865558954448,13343
2020,jun,19,147,Palo Alto,0.32796267504419807,100164,0.7720294734841245,16281
2020,jun,19,159,Ringgold,0.466501510917016,28024,0.6833579230602687,4643
2020,jun,19,025,Calhoun,0.4424579477795064,102035,0.7993615360326646,16664
2020,jun,19,039,Clarke,0.47420209086041465,16944,0.7060454963875897,2800
2020,jun,19,065,Fayette,0.4612759736815915,112151,0.6608173186809095,18471
2020,jun,19,001,Adair,0.5029297530149793,63142,0.6812243038433191,10447
2020,jun,19,037,Chickasaw,0.5121847624113768,88791,0.6612016878311198,14633
2020,jun,19,081,Hancock,0.3865005939507351,112073,0.7587228151062736,18294
2020,jun,19,157,Poweshiek,0.5635817103377894,84076,0.7029883043463472,13970
2020,jun,19,165,Shelby,0.36584753960757566,98733,0.7049705697366498,16260
2020,jun,19,185,Wayne,0.5069891270475466,30838,0.6871520713798298,5034
2020,jun,19,097,Jackson,0.36701531834594875,63727,0.6805503173300064,10603
2020,jun,19,043,Clayton,0.4031878451148087,80743,0.6523460449909534,13335
2020,jun,19,007,Appanoose,0.5779851746155266,16644,0.6698983611870547,2721
2020,jun,19,177,Van Buren,0.52658174790059,28354,0.7166994941326409,4523
2020,jun,19,197,Wright,0.40984370888598465,104446,0.7492249166839923,17107
2020,jun,19,137,Montgomery,0.5151924018155647,53355,0.7012802767178611,8730
2020,jun,19,175,Union,0.48376928258265245,30794,0.6903195350677196,5063
2020,jun,19,107,Keokuk,0.5509456779307573,66028,0.7245409851474297,10989
2020,jun,19,131,Mitchell,0.43861291208642333,88611,0.6715713050699079,14647
2020,jun,19,191,Winneshiek,0.48627835288830756,91857,0.6491188625894188,15181
2020,jun,19,161,Sac,0.4007719398264175,93778,0.7349686767063678,15281
2020,jun,19,055,Delaware,0.4390267864809619,108921,0.6659844047501842,18009
2020,jun,19,067,Floyd,0.5111786011540551,84410,0.6649030966901373,13989
2020,jun,19,009,Audubon,0.36405856379800045,65427,0.7157535288291974,10719
2020,jun,19,079,Hamilton,0.42802981372428905,109755,0.7444388859520872,17880
2020,jun,19,069,Franklin,0.40605494990514474,119710,0.7575713795319513,19574
2020,jun,19,141,O'Brien,0.35941169728942596,98645,0.6906838622188903,16196
2020,jun,19,167,Sioux,0.3704374985098056,145299,0.7163538323158738,24015
2020,jun,19,005,Allamakee,0.40314820219909736,43096,0.6425558871056212,7014
2020,jun,19,189,Winnebago,0.41196991085737494,70125,0.7780485028183929,11606
2020,jun,19,093,Ida,0.37072675789668036,71387,0.691063051234228,11564
2020,jun,19,029,Cass,0.42928595740617886,73993,0.6940518643201898,12169
2020,jun,19,083,Hardin,0.4817339610258361,106731,0.6988745607348773,17544
2020,jun,19,173,Taylor,0.509109390045527,45756,0.7060639545469993,7454
2020,jun,19,145,Page,0.5434809792652895,66133,0.7326407069462165,10799
2020,jun,19,035,Cherokee,0.3725638441416642,85084,0.7211937834222296,13859
2020,jun,19,071,Fremont,0.5335563268525543,62599,0.757425150146482,10270
2020,jun,19,095,Iowa,0.49311888423242584,73341,0.6932928515861388,12097
2020,jun,19,023,Butler,0.5374148476411933,103078,0.6837177474526231,16930
2020,jun,19,063,Emmet,0.30126095051692475,64928,0.77552064395576,10530
2020,jun,19,047,Crawford,0.3739602087619396,117619,0.6962812385314475,19273
2020,jun,19,019,Buchanan,0.43961700918962404,116860,0.6834442169109569,19366
2020,jun,19,143,Osceola,0.3281228768913015,69815,0.6914723964458017,11453
2020,jun,19,073,Greene,0.5060942812881262,94880,0.736744538503499,15328
2020,jun,19,087,Henry,0.5294542297396426,43600,0.7428988235644847,7112
2020,jun,19,119,Lyon,0.3353169002398493,106196,0.7221547825835616,17326
2020,jun,19,003,Adams,0.5136120035566565,39908,0.6741302915578676,6565
2020,jun,19,133,Monona,0.41266609987619696,96477,0.7157744858772754,15949
2020,jun,19,091,Humboldt,0.40851279181438643,80188,0.7609115144404809,13221
2020,jun,19,115,Louisa,0.5303765659729256,44204,0.7497285644098269,7306
2020,jun,19,171,Tama,0.47702363563405015,93842,0.6752752454018969,16151
2020,jun,19,135,Monroe,0.5454490987248035,12889,0.7314039161423252,2085
2020,jun,19,117,Lucas,0.4938116741382067,16035,0.6961715348605575,2588
2020,jun,19,057,Des Moines,0.4748369765024182,40278,0.7493829723425125,6643
2020,jun,19,011,Benton,0.47950791796761977,110328,0.6871057481405386,18173
2020,jun,19,113,Linn,0.45360732779142343,87404,0.6939150855101454,14481
2020,jun,19,105,Jones,0.41746143049477324,85686,0.6362744173803269,14090
2020,jun,19,103,Johnson,0.4734408911376598,61691,0.6863255495080499,10307
2020,jun,19,183,Washington,0.541301571850349,66537,0.7248397226826246,10964
2020,jun,19,045,Clinton,0.35935884462718815,109186,0.6832880246113526,18045
2020,jun,19,163,Scott,0.37390306622032515,62715,0.6975738802869279,10261
2020,jun,19,139,Muscatine,0.4972790132518624,52592,0.7188080476586889,8776
2020,jun,19,169,Story,0.48789903821815717,93776,0.7277198240738494,15188
2020,jun,19,015,Boone,0.4722040759863072,90233,0.7848423187012431,14883
2020,jun,19,121,Madison,0.5340397621454863,40236,0.7190546157538344,6693
2020,jun,19,181,Warren,0.582621749377712,34918,0.7350936773510949,5715
2020,jun,19,049,Dallas,0.5155846707700756,75324,0.7160670365179342,12478
2020,jun,19,153,Polk,0.5238271707311487,46543,0.7334306678090105,7514
2020,jun,19,077,Guthrie,0.4678831868345452,62997,0.6785022675027979,10346
2020,jun,19,099,Jasper,0.576321768152687,102913,0.7173907967952192,17003
2021,jun,19,149,Plymouth,0.45216267807456256,128740,0.698537575702391,21083
2021,jun,19,193,Woodbury,0.4688931235210985,115090,0.7165339667812292,18933
2021,jun,19,027,Carroll,0.585021218482667,95731,0.7150904651386316,15740
2021,jun,19,061,Dubuque,0.4196648393562419,75497,0.7200672121984099,12531
2021,jun,19,101,Jefferson,0.4757393850657468,37568,0.7434207271015597,6163
2021,jun,19,187,Webster,0.5917859937887866,109138,0.748425353433679,17823
2021,jun,19,111,Lee,0.46082367731614904,39500,0.7162603953191216,6545
2021,jun,19,127,Marshall,0.4566561695882352,74654,0.7244243745985395,12206
2021,jun,19,195,Worth,0.4940658533758975,61856,0.7351783264975666,10252
2021,jun,19,033,Cerro Gordo,0.5001143267062496,90635,0.7426523288356548,14911
2021,jun,19,051,Davis,0.4074085420124198,25047,0.7176073231331117,4149
2021,jun,19,179,Wapello,0.4648643820781203,30408,0.763787423104744,5072
2021,jun,19,041,Clay,0.495068675295163,82073,0.7075110916265117,13465
2021,jun,19,059,Dickinson,0.49879256001021655,51259,0.6833992652486518,8415
2021,jun,19,021,Buena Vista,0.5097112193840347,88969,0.7168248616252371,14615
2021,jun,19,013,Black Hawk,0.4214461670166445,79771,0.7207899094995058,13175
2021,jun,19,075,Grundy,0.4591335173753752,84547,0.7101257965759515,13815
2021,jun,19,017,Bremer,0.47177012853891764,68257,0.7501942330323649,11267
2021,jun,19,085,Harrison,0.5578612291103621,97697,0.730165322296481,16076
2021,jun,19,129,Mills,0.5347533210945852,52637,0.735746179575659,8672
2021,jun,19,155,Pottawattamie,0.5770588684342289,129097,0.7376367338529032,21231
2021,jun,19,123,Mahaska,0.43936128927577056,69817,0.7702706266247353,11608
2021,jun,19,125,Marion,0.44332179076638684,39426,0.7497264492771445,6451
2021,jun,19,053,Decatur,0.4314969182756089,18681,0.727777185744088,3080
2021,jun,19,031,Cedar,0.5199048498454044,82675,0.7527812993350291,13590
2021,jun,19,151,Pocahontas,0.47930781057249583,98326,0.7333149210016313,16238
2021,jun,19,109,Kossuth,0.5132116825547086,167496,0.7350483064785396,27336
2021,jun,19,089,Howard,0.37383132150460685,73142,0.7235907520427508,12125
2021,jun,19,147,Palo Alto,0.48746379440597304,89417,0.7358133419821842,14576
2021,jun,19,159,Ringgold,0.5145996840679706,25868,0.7567232983506719,4277
2021,jun,19,025,Calhoun,0.6056355471947777,90770,0.7379901562008714,14851
2021,jun,19,039,Clarke,0.4765401905440356,17545,0.7404791654956158,2883
2021,jun,19,065,Fayette,0.4051429637091306,104620,0.7209170395090461,17280
2021,jun,19,001,Adair,0.5171664958924114,59247,0.7465717545568039,9704
2021,jun,19,037,Chickasaw,0.39881946836703636,81798,0.7311800595377101,13577
2021,jun,19,081,Hancock,0.5046312337836206,104062,0.7511115307532811,17007
2021,jun,19,157,Poweshiek,0.42195209012287344,75941,0.7404508799090029,12612
2021,jun,19,165,Shelby,0.5152159227548333,92959,0.7141488785913013,15443
2021,jun,19,185,Wayne,0.4110073606242483,31851,0.7326384852642154,5207
2021,jun,19,097,Jackson,0.4705817840524957,60344,0.731417367265501,10072
2021,jun,19,043,Clayton,0.3930022447924031,76084,0.7266770205832943,12652
2021,jun,19,007,Appanoose,0.38580204762007725,18214,0.7259495355290135,3009
2021,jun,19,177,Van Buren,0.393302664337437,25029,0.6872400606060021,4078
2021,jun,19,197,Wright,0.5084526431726137,95469,0.7382277264456594,15738
2021,jun,19,137,Montgomery,0.534071851886507,51716,0.7268526191562104,8583
2021,jun,19,175,Union,0.4908937283070632,29639,0.7404417590038362,4909
2021,jun,19,107,Keokuk,0.45883593623562885,64609,0.7605730742315807,10828
2021,jun,19,131,Mitchell,0.42955911543714476,85107,0.7374572201604963,14092
2021,jun,19,191,Winneshiek,0.36744032134526244,87456,0.7230499368748207,14495
2021,jun,19,161,Sac,0.5150253588087141,91133,0.7023728635501969,15097
2021,jun,19,055,Delaware,0.44738764773010103,100975,0.7550240582385933,16760
2021,jun,19,067,Floyd,0.42099219030531254,81105,0.7281519925045219,13409
2021,jun,19,009,Audubon,0.560412671790579,61014,0.7182089606150122,9971
2021,jun,19,079,Hamilton,0.5488692077654422,99449,0.7541682991599352,16318
2021,jun,19,069,Franklin,0.5146147146762841,106179,0.7363243020028477,17523
2021,jun,19,141,O'Brien,0.5238983574249413,95745,0.7183299929088602,15752
2021,jun,19,167,Sioux,0.48819164995342984,137714,0.7238249392234395,22729
2021,jun,19,005,Allamakee,0.38641616625084474,44666,0.7489933018961957,7326
2021,jun,19,189,Winnebago,0.502528176636402,67398,0.7362507135104411,11235
2021,jun,19,093,Ida,0.4928961720713701,69575,0.7213705956502547,11442
2021,jun,19,029,Cass,0.5106110127181188,72948,0.7470901852279029,12028
2021,jun,19,083,Hardin,0.5153435496083527,97755,0.7502455338477876,16200
2021,jun,19,173,Taylor,0.4846519585226392,45186,0.7377968564656363,7435
2021,jun,19,145,Page,0.49112638842069634,59297,0.7326640348661486,9782
2021,jun,19,035,Cherokee,0.4975763670594041,83453,0.7059073844691953,13656
2021,jun,19,071,Fremont,0.5146431848911104,63031,0.7575473767701278,10407
2021,jun,19,095,Iowa,0.4834818895878745,66171,0.7476450042558481,10965
2021,jun,19,023,Butler,0.48395448625934545,90420,0.72957990732372,14927
2021,jun,19,063,Emmet,0.504428060617062,61154,0.7098210111711983,9992
2021,jun,19,047,Crawford,0.45050539748130786,109054,0.6872422444355535,18027
2021,jun,19,019,Buchanan,0.4444729865135023,104048,0.7480529153060603,17208
2021,jun,19,143,Osceola,0.4809421566163257,67083,0.7103212271044447,10983
2021,jun,19,073,Greene,0.5725718123582617,87624,0.7543521280057855,14305
2021,jun,19,087,Henry,0.4613920260443061,40640,0.7292094364134011,6709
2021,jun,19,119,Lyon,0.44784454979655686,102838,0.7168720509938188,16865
2021,jun,19,003,Adams,0.48395615003126125,39388,0.7365939215565427,6442
2021,jun,19,133,Monona,0.5131650930665741,94151,0.7363500225898484,15600
2021,jun,19,091,Humboldt,0.5135076356113485,72246,0.7243731326400183,11934
2021,jun,19,115,Louisa,0.5200754063033309,43438,0.7602902361854884,7237
2021,jun,19,171,Tama,0.4122648567277776,88980,0.7248904156784454,14640
2021,jun,19,135,Monroe,0.40857034822014554,15757,0.7526288682346035,2551
2021,jun,19,117,Lucas,0.40800295659507474,16803,0.7354026158809559,2790
2021,jun,19,057,Des Moines,0.5496847612223286,39229,0.7455052820346219,6473
2021,jun,19,011,Benton,0.45705494095955107,100892,0.7439414081314836,16601
2021,jun,19,113,Linn,0.5061726768856977,80638,0.7520384483492033,13320
2021,jun,19,105,Jones,0.4548721103148709,78755,0.74254460696549,13104
2021,jun,19,103,Johnson,0.5086972484751139,60567,0.7516932439837132,9968
2021,jun,19,183,Washington,0.47485139092192374,63913,0.7546619600271045,10540
2021,jun,19,045,Clinton,0.557872703658398,103332,0.7538361831471379,17146
2021,jun,19,163,Scott,0.5716032452999505,58430,0.771916504873782,9645
2021,jun,19,139,Muscatine,0.5595259740004398,48842,0.775641238622288,8061
2021,jun,19,169,Story,0.5161430478606793,79421,0.7383486566491851,12986
2021,jun,19,015,Boone,0.569594244243249,79043,0.7487232048786745,13023
2021,jun,19,121,Madison,0.5235197851612157,37277,0.7534783657801383,6084
2021,jun,19,181,Warren,0.48112468111188006,34425,0.7587952884469743,5704
2021,jun,19,049,Dallas,0.5450075546249342,66058,0.7526376721205275,10905
2021,jun,19,153,Polk,0.48569912864157155,40271,0.7403413456181703,6733
2021,jun,19,077,Guthrie,0.5229255785009591,58899,0.7460858113426767,9705
2021,jun,19,099,Jasper,0.4655634322746599,91226,0.7523308237215114,15074
2022,jun,19,149,Plymouth,0.5206665973676743,128777,0.7020307951799779,21135
2022,jun,19,193,Woodbury,0.4756856379776873,111659,0.6940269772692398,18413
2022,jun,19,027,Carroll,0.49426541179988687,97568,0.7212281691761194,16109
2022,jun,19,061,Dubuque,0.47187134595874336,73313,0.6936472561409732,12189
2022,jun,19,101,Jefferson,0.57412084252639,35816,0.7728711185809225,5910
2022,jun,19,187,Webster,0.5748874242929198,107563,0.7370759455379928,17695
2022,jun,19,111,Lee,0.5787583814266424,37711,0.7465550707165418,6165
2022,jun,19,127,Marshall,0.5721505744854374,81001,0.6940187606540961,13514
2022,jun,19,195,Worth,0.4937871543958994,64116,0.683018115239675,10652
2022,jun,19,033,Cerro Gordo,0.4901732334105143,91697,0.656983417527674,15156
2022,jun,19,051,Davis,0.5597881988059753,20654,0.7211260401790248,3392
2022,jun,19,179,Wapello,0.5769575145263333,28129,0.7785900600352567,4608
2022,jun,19,041,Clay,0.4826170691742986,84329,0.6846823576786896,13832
2022,jun,19,059,Dickinson,0.4515796821078493,53212,0.6577581387822945,8732
2022,jun,19,021,Buena Vista,0.502627832339847,89823,0.6935725623867881,14738
2022,jun,19,013,Black Hawk,0.4531347529620908,76091,0.6598780832434774,12506
2022,jun,19,075,Grundy,0.4532419812137177,85468,0.6136446465796833,14125
2022,jun,19,017,Bremer,0.480911615454136,63322,0.6570471004361753,10635
2022,jun,19,085,Harrison,0.5414975024095877,95967,0.7241951851435007,15926
2022,jun,19,129,Mills,0.5855421128168274,53646,0.7437980013149438,8868
2022,jun,19,155,Pottawattamie,0.5606306036748155,129867,0.7162989755474409,21496
2022,jun,19,123,Mahaska,0.5879386969435105,66975,0.7481020005339966,11061
2022,jun,19,125,Marion,0.5592937575654218,39632,0.713314826575197,6630
2022,jun,19,053,Decatur,0.45095379158813886,15036,0.689937977439886,2441
2022,jun,19,031,Cedar,0.5382019373892598,82001,0.7558934128623102,13569
2022,jun,19,151,Pocahontas,0.5786747001125918,98505,0.7318746171789701,16263
2022,jun,19,109,Kossuth,0.5565742722239957,165112,0.7200705732467437,27082
2022,jun,19,089,Howard,0.43002290653182124,76941,0.6126777327110087,12623
2022,jun,19,147,Palo Alto,0.5122995964390713,95600,0.7258755947372367,15629
2022,jun,19,159,Ringgold,0.5268690552216212,26555,0.7340910444602671,4372
2022,jun,19,025,Calhoun,0.6119691098132337,97144,0.7377827212802419,16000
2022,jun,19,039,Clarke,0.4887236275789528,14871,0.707020246158162,2434
2022,jun,19,065,Fayette,0.43596712896084266,99282,0.6254974799711924,16429
2022,jun,19,001,Adair,0.4846713291635101,58889,0.669802155654715,9867
2022,jun,19,037,Chickasaw,0.44688499114081853,81350,0.6183024422034762,13461
2022,jun,19,081,Hancock,0.5075044596083058,95391,0.6668088529106562,15702
2022,jun,19,157,Poweshiek,0.5480212873688518,74868,0.7336711192848878,12373
2022,jun,19,165,Shelby,0.4661320669618986,92481,0.6999099827552121,15379
2022,jun,19,185,Wayne,0.47546623809046645,29670,0.7064623907020234,4858
2022,jun,19,097,Jackson,0.48265592150816455,55778,0.7135715479660774,9247
2022,jun,19,043,Clayton,0.4276878203963683,69757,0.646896844957297,11448
2022,jun,19,007,Appanoose,0.4860603349951962,14196,0.6954826985979288,2320
2022,jun,19,177,Van Buren,0.5554852095643246,26547,0.7449229354446795,4336
2022,jun,19,197,Wright,0.5089496523276037,95966,0.6686382826553403,15789
2022,jun,19,137,Montgomery,0.5872819315282973,50921,0.7296566127508255,8304
2022,jun,19,175,Union,0.49477210538779814,27970,0.6964119890372785,4620
2022,jun,19,107,Keokuk,0.5542511388938545,60711,0.7732848657239653,10064
2022,jun,19,131,Mitchell,0.4354682290588458,83110,0.6277726710667876,13798
2022,jun,19,191,Winneshiek,0.4004231197636296,81565,0.619214482770763,13471
2022,jun,19,161,Sac,0.5246986835521285,91563,0.70717456307328,15062
2022,jun,19,055,Delaware,0.49342927716741997,97940,0.7110384865068149,16356
2022,jun,19,067,Floyd,0.4610543770082048,78741,0.6337850615879385,13035
2022,jun,19,009,Audubon,0.41686542237419727,62480,0.6875213688526334,10310
2022,jun,19,079,Hamilton,0.5125989166511266,99356,0.6793478719997306,16257
2022,jun,19,069,Franklin,0.4892853209872571,104395,0.6503692768383428,17108
2022,jun,19,141,O'Brien,0.5030385130728828,93590,0.7040792865142005,15460
2022,jun,19,167,Sioux,0.5481558051824622,135971,0.7212003080856931,22613
2022,jun,19,005,Allamakee,0.41696830925769207,36782,0.6452699950824627,5964
2022,jun,19,189,Winnebago,0.5454487304134887,65588,0.7009428717164046,10798
2022,jun,19,093,Ida,0.4662785567146975,68401,0.693262172923658,11161
2022,jun,19,029,Cass,0.4744546139512693,69816,0.6942655992481632,11546
2022,jun,19,083,Hardin,0.4941672804352404,94574,0.6553049306849341,15614
2022,jun,19,173,Taylor,0.5386475784797474,42537,0.7291981770936444,6982
2022,jun,19,145,Page,0.5775809778774842,62891,0.735372488415261,10260
2022,jun,19,035,Cherokee,0.48887077205871576,82198,0.689579001988429,13538
2022,jun,19,071,Fremont,0.6562776244419894,61658,0.7811293582927717,10129
2022,jun,19,095,Iowa,0.5189331278958406,67828,0.7541523945576818,11228
2022,jun,19,023,Butler,0.46441753874424135,88921,0.6485076879944822,14672
2022,jun,19,063,Emmet,0.4874347986393145,62296,0.7072181299327341,10174
2022,jun,19,047,Crawford,0.4343150934428501,111008,0.6916672598481957,18280
2022,jun,19,019,Buchanan,0.45486218722483845,98266,0.6774235749808198,16380
2022,jun,19,143,Osceola,0.4910713396865008,66292,0.6870072830700875,10994
2022,jun,19,073,Greene,0.5018667613124397,90195,0.6965094354385752,14663
2022,jun,19,087,Henry,0.5533298771867415,41852,0.7600059190495253,6884
2022,jun,19,119,Lyon,0.5133347375750796,100301,0.6902682246952637,16462
2022,jun,19,003,Adams,0.5244708096290014,36410,0.7028939356965386,6018
2022,jun,19,133,Monona,0.5257005394473584,90921,0.7283752276641916,15142
2022,jun,19,091,Humboldt,0.5483940214727978,72096,0.7253966161070596,11857
2022,jun,19,115,Louisa,0.6038277968427929,42355,0.7757455707279646,7020
2022,jun,19,171,Tama,0.551935854696554,93225,0.6898331892562467,15271
2022,jun,19,135,Monroe,0.5028346801194825,12244,0.7385471303626977,1993
2022,jun,19,117,Lucas,0.47322318215086323,15004,0.7007965369156529,2421
2022,jun,19,057,Des Moines,0.5820922446702104,37519,0.7652305334354231,6230
2022,jun,19,011,Benton,0.5024048136469469,103881,0.7155464941969878,17234
2022,jun,19,113,Linn,0.5094049214968337,78782,0.709709486147263,13049
2022,jun,19,105,Jones,0.4916126022694948,79733,0.7095192433705543,13189
2022,jun,19,103,Johnson,0.5573485354972019,57569,0.7585162912506785,9603
2022,jun,19,183,Washington,0.5859629355650755,61643,0.7740966794383632,10120
2022,jun,19,045,Clinton,0.5140326604633154,100070,0.757910216270097,16604
2022,jun,19,163,Scott,0.5721466012232777,57113,0.7783728784498218,9435
2022,jun,19,139,Muscatine,0.6230573405928934,48509,0.7809943853195075,8081
2022,jun,19,169,Story,0.5136067338418322,86743,0.6790969194149971,14142
2022,jun,19,015,Boone,0.4847742851514581,82937,0.6783547438920888,13749
2022,jun,19,121,Madison,0.5239073692091483,37340,0.7043227018965076,6158
2022,jun,19,181,Warren,0.5688204700959332,32660,0.7218093412699337,5389
2022,jun,19,049,Dallas,0.5241998575131903,71582,0.7061911324886517,11850
2022,jun,19,153,Polk,0.5560691357824281,41895,0.6943569211588461,6793
2022,jun,19,077,Guthrie,0.4703235115695014,58382,0.6900438200584544,9620
2022,jun,19,099,Jasper,0.6170417387251719,94144,0.7205919985614134,15576
2023,jun,19,149,Plymouth,0.5493913853826374,129745,0.774063270084031,21229
2023,jun,19,193,Woodbury,0.5683754175764093,117742,0.747085720860562,19353
2023,jun,19,027,Carroll,0.6085145605880665,95681,0.7969078496939969,15780
2023,jun,19,061,Dubuque,0.4509261968834684,74445,0.7051875234329071,12240
2023,jun,19,101,Jefferson,0.5434713905041206,36901,0.7405956406017509,6051
2023,jun,19,187,Webster,0.6982539158946612,105870,0.8268489937157943,17368
2023,jun,19,111,Lee,0.5936191675634703,39786,0.7291345679495568,6607
2023,jun,19,127,Marshall,0.610117222630416,80032,0.8007624673497604,13233
2023,jun,19,195,Worth,0.5723251772714409,62521,0.7577780902913978,10380
2023,jun,19,033,Cerro Gordo,0.6279246413229029,92700,0.8031179508976095,15289
2023,jun,19,051,Davis,0.5853079358910787,24083,0.738901835673216,3973
2023,jun,19,179,Wapello,0.6114869495076816,29519,0.7698129316554327,4929
2023,jun,19,041,Clay,0.7624896157764799,80888,0.7914722967106363,13206
2023,jun,19,059,Dickinson,0.7637123222570017,51930,0.7756507383895138,8480
2023,jun,19,021,Buena Vista,0.7195680586082369,89827,0.789867834656612,14749
2023,jun,19,013,Black Hawk,0.5145889757947893,78118,0.7611074355139752,12963
2023,jun,19,075,Grundy,0.541945678018801,87102,0.7804782784980097,14262
2023,jun,19,017,Bremer,0.4954146381459908,67022,0.77953212216645,11039
2023,jun,19,085,Harrison,0.6004245803887107,95391,0.7559292107022357,15767
2023,jun,19,129,Mills,0.7244488089524234,53790,0.8014073612399963,8876
2023,jun,19,155,Pottawattamie,0.6002968676189168,130922,0.7682267612063526,21592
2023,jun,19,123,Mahaska,0.7233552642966804,67102,0.8252722924426603,11179
2023,jun,19,125,Marion,0.7252752593466644,38789,0.8132718677782816,6307
2023,jun,19,053,Decatur,0.663676708676977,19769,0.7927037856557523,3242
2023,jun,19,031,Cedar,0.5231065544150727,84810,0.7412541029120692,13941
2023,jun,19,151,Pocahontas,0.754087279951753,99431,0.8092822281542418,16448
2023,jun,19,109,Kossuth,0.661472472232027,165513,0.8075056867613056,27038
2023,jun,19,089,Howard,0.4710238576966956,74676,0.7549401359290991,12358
2023,jun,19,147,Palo Alto,0.7203014677594555,88523,0.7956422474960511,14492
2023,jun,19,159,Ringgold,0.6874394122291273,26032,0.7960038310084542,4286
2023,jun,19,025,Calhoun,0.725326485353026,92212,0.8179143036266644,15110
2023,jun,19,039,Clarke,0.6605289101034906,18297,0.7969027930765256,3009
2023,jun,19,065,Fayette,0.47367395418929326,103000,0.7376441451445914,16975
2023,jun,19,001,Adair,0.5921492730144038,58655,0.7576992558124506,9701
2023,jun,19,037,Chickasaw,0.44478891923348535,81634,0.7476120744465243,13567
2023,jun,19,081,Hancock,0.6842366228958614,103139,0.8161203378712247,16811
2023,jun,19,157,Poweshiek,0.6359170602803673,75576,0.803898421746302,12610
2023,jun,19,165,Shelby,0.6206053773053606,90023,0.7814717807709435,15725
2023,jun,19,185,Wayne,0.6597719019560864,33158,0.7920183043928521,5414
2023,jun,19,097,Jackson,0.424562900592827,58889,0.6882160355508344,9755
2023,jun,19,043,Clayton,0.46409956239095385,72493,0.7219222192605118,12042
2023,jun,19,007,Appanoose,0.6460065630039343,18283,0.7790285782310604,3056
2023,jun,19,177,Van Buren,0.5770028964688879,25233,0.7400656416988693,4115
2023,jun,19,197,Wright,0.6194483736273946,93747,0.8148775499421066,15449
2023,jun,19,137,Montgomery,0.6367519374585596,52311,0.7760984281542188,8733
2023,jun,19,175,Union,0.6296177623320857,30312,0.7835766118872477,5007
2023,jun,19,107,Keokuk,0.6159917282618097,62598,0.792022064566788,10489
2023,jun,19,131,Mitchell,0.5020760834599922,84342,0.7398037881999141,13965
2023,jun,19,191,Winneshiek,0.46770383292348705,85332,0.7302786456904315,14176
2023,jun,19,161,Sac,0.6857949011390267,91331,0.782959436085062,15068
2023,jun,19,055,Delaware,0.5261824986831755,103221,0.7479344666186382,17262
2023,jun,19,067,Floyd,0.5067014151670128,78221,0.7561176662008484,12949
2023,jun,19,009,Audubon,0.48601377409629787,54817,0.782671289247212,9912
2023,jun,19,079,Hamilton,0.6982769583588202,98358,0.8234528360326209,16118
2023,jun,19,069,Franklin,0.6015690684436381,105121,0.8194992860408258,17368
2023,jun,19,141,O'Brien,0.7096879427510583,95262,0.8080738948178352,15636
2023,jun,19,167,Sioux,0.5983450472408026,135867,0.8047090911373802,22353
2023,jun,19,005,Allamakee,0.4516627794326265,38633,0.7076569098895484,6218
2023,jun,19,189,Winnebago,0.6486102521648172,67701,0.808731545983189,11299
2023,jun,19,093,Ida,0.71479404761353,70818,0.7470681703723407,11582
2023,jun,19,029,Cass,0.623474740462732,68220,0.7904276058350495,11919
2023,jun,19,083,Hardin,0.6434959054078729,97543,0.8110517356476475,16127
2023,jun,19,173,Taylor,0.6763393520759626,43994,0.7886549938935604,7297
2023,jun,19,145,Page,0.7052375243256263,60283,0.80601531963654,9957
2023,jun,19,035,Cherokee,0.676603117969467,83068,0.7819037047369825,13581
2023,jun,19,071,Fremont,0.7651209564121586,65339,0.8303225715906085,10797
2023,jun,19,095,Iowa,0.5425820600379543,65853,0.7563250889977828,10910
2023,jun,19,023,Butler,0.49659490488814695,87795,0.7810752417961012,14499
2023,jun,19,063,Emmet,0.6913184101945,63797,0.7867445607227835,10460
2023,jun,19,047,Crawford,0.6403436778804208,104624,0.7398130767716882,17805
2023,jun,19,019,Buchanan,0.5409045817178016,105540,0.7557156242770383,17555
2023,jun,19,143,Osceola,0.7103536312176058,65964,0.7982535387265839,10744
2023,jun,19,073,Greene,0.6855012159031728,89106,0.8341007225177249,14529
2023,jun,19,087,Henry,0.5680993354179996,40391,0.7186591784406196,6685
2023,jun,19,119,Lyon,0.6082368037310314,101942,0.7950879660356108,16622
2023,jun,19,003,Adams,0.6312500189073367,39529,0.7816710298429804,6576
2023,jun,19,133,Monona,0.6268711713719375,92168,0.7762311649193997,15226
2023,jun,19,091,Humboldt,0.6484374901369026,71235,0.7932195929397127,11790
2023,jun,19,115,Louisa,0.5815488324794587,42693,0.7383445223181095,7121
2023,jun,19,171,Tama,0.5566313141447814,90644,0.7793750719998391,14904
2023,jun,19,135,Monroe,0.6874130371110327,14893,0.7986116092167768,2436
2023,jun,19,117,Lucas,0.6617362269220786,17250,0.7890591698454625,2845
2023,jun,19,057,Des Moines,0.6266263784609086,39680,0.7304242579701966,6520
2023,jun,19,011,Benton,0.5645380435014627,104704,0.7606623997881294,17233
2023,jun,19,113,Linn,0.5608521941825921,81100,0.7398116681031457,13431
2023,jun,19,105,Jones,0.5039795906128978,79424,0.7267437276132768,13244
2023,jun,19,103,Johnson,0.5328286700694854,60114,0.7258722505519871,9945
2023,jun,19,183,Washington,0.5393044947197122,61889,0.7281547359340176,10172
2023,jun,19,045,Clinton,0.4483817776560063,102658,0.7063544484730377,17130
2023,jun,19,163,Scott,0.48921523303984077,57387,0.7235907500769179,9529
2023,jun,19,139,Muscatine,0.5146081607919245,48381,0.7307954044213992,7974
2023,jun,19,169,Story,0.6574358165720023,83291,0.8105412087627998,13685
2023,jun,19,015,Boone,0.7054306669260806,81671,0.8399300441788523,13452
2023,jun,19,121,Madison,0.6591507560018939,35777,0.7932509470737726,5834
2023,jun,19,181,Warren,0.7181681519844009,32693,0.8121075038592773,5399
2023,jun,19,049,Dallas,0.7086277675214409,66188,0.8180148702323233,10993
2023,jun,19,153,Polk,0.6603582738117508,40940,0.7982057635642588,6760
2023,jun,19,077,Guthrie,0.6016327830405007,58573,0.7945480476613758,9678
2023,jun,19,099,Jasper,0.7134559251473493,91663,0.8257278738839375,15162
2024,jun,19,149,Plymouth,0.4011586904292805,133251,0.7291626623298695,21910
2024,jun,19,193,Woodbury,0.35604393088777836,102878,0.733645775630816,19651
2024,jun,19,027,Carroll,0.5239926545437344,34058,0.7973223730152342,16296
2024,jun,19,061,Dubuque,0.536730813594175,85128,0.721151857124607,14143
2024,jun,19,101,Jefferson,0.5852599363427211,38330,0.7562797471362939,6380
2024,jun,19,187,Webster,0.49428842989401106,110679,0.7665052797228008,18075
2024,jun,19,111,Lee,0.5207439063757812,39717,0.7817114959570363,6518
2024,jun,19,127,Marshall,0.5286750596946705,84774,0.8015984700494633,14056
2024,jun,19,195,Worth,0.4337403180036519,61468,0.703709273037875,10128
2024,jun,19,033,Cerro Gordo,0.4254174336674185,92051,0.6959407315664511,15201
2024,jun,19,051,Davis,0.5158162104766474,22962,0.6941455141776078,3737
2024,jun,19,179,Wapello,0.5781710103036924,30648,0.7324558582916836,5058
2024,jun,19,041,Clay,0.2075287915702884,7435,0.631577691477353,13229
2024,jun,19,059,Dickinson,0.2393391665842266,3586,0.5909961606848453,8414
2024,jun,19,021,Buena Vista,0.21984225639166438,10627,0.694444572805437,14745
2024,jun,19,013,Black Hawk,0.6151888512230923,79049,0.75657443083845,13072
2024,jun,19,075,Grundy,0.5664452808195604,86123,0.7785816284993535,14279
2024,jun,19,017,Bremer,0.5268263613142797,65959,0.7358796019279082,10992
2024,jun,19,085,Harrison,0.5847344307045449,80534,0.7615247924091556,17107
2024,jun,19,129,Mills,0.5279585010053525,47470,0.8254538856034778,9106
2024,jun,19,155,Pottawattamie,0.5733519488156057,130474,0.7832248690249826,22324
2024,jun,19,123,Mahaska,0.6778198326804608,68861,0.7823967677940868,11401
2024,jun,19,125,Marion,0.6717361590344632,40760,0.7530850718564671,6733
2024,jun,19,053,Decatur,0.5368176681257448,16622,0.7236811810765473,2703
2024,jun,19,031,Cedar,0.5644579479126511,83361,0.7756350345591195,13923
2024,jun,19,151,Pocahontas,0.27971962938612066,95715,0.7439419529396767,16337
2024,jun,19,109,Kossuth,0.35984899846856605,131873,0.7269818795251485,27239
2024,jun,19,089,Howard,0.4497077392324153,76990,0.7062346009918758,12703
2024,jun,19,147,Palo Alto,0.2472713670884197,77218,0.7038990244858668,15303
2024,jun,19,159,Ringgold,0.5476852838095392,28890,0.8009245721880577,4700
2024,jun,19,025,Calhoun,0.40059665286569685,57523,0.8254196589701555,15975
2024,jun,19,039,Clarke,0.5679401705371413,16487,0.7206604863302765,2698
2024,jun,19,065,Fayette,0.45711381182070265,106763,0.6924983401366878,17755
2024,jun,19,001,Adair,0.529653066208925,60155,0.7817115642977142,10116
2024,jun,19,037,Chickasaw,0.4623280469595514,84295,0.7017195290402479,14005
2024,jun,19,081,Hancock,0.4119140698300462,101286,0.6932213571745255,16554
2024,jun,19,157,Poweshiek,0.6471742952958218,78174,0.7969477746540673,12936
2024,jun,19,165,Shelby,0.5838557747328454,82815,0.7781852318555923,15904
2024,jun,19,185,Wayne,0.5822824602482096,30563,0.7184537072028254,5029
2024,jun,19,097,Jackson,0.583776383876356,68532,0.7549353481598426,11472
2024,jun,19,043,Clayton,0.48714815851635895,80780,0.7497646622727754,13494
2024,jun,19,007,Appanoose,0.5399697256829042,17461,0.7258632840648315,2880
2024,jun,19,177,Van Buren,0.5819702940608296,27989,0.7702397783058272,4583
2024,jun,19,197,Wright,0.4549019373089133,97136,0.6983918055385707,15945
2024,jun,19,137,Montgomery,0.604360261424665,45373,0.8224465389247556,8858
2024,jun,19,175,Union,0.5073668316309343,29190,0.7549823444655286,4855
2024,jun,19,107,Keokuk,0.596612072860608,64449,0.7786535398218642,10767
2024,jun,19,131,Mitchell,0.436790634882484,86754,0.7482255211796666,14315
2024,jun,19,191,Winneshiek,0.4844670577437046,94494,0.7209758062909689,15811
2024,jun,19,161,Sac,0.5947106763992716,30100,0.7617847487067275,15469
2024,jun,19,055,Delaware,0.60756336689731,106584,0.7683453135286228,17757
2024,jun,19,067,Floyd,0.4026486639506094,81298,0.6854910371947657,13485
2024,jun,19,009,Audubon,0.5928444349210832,29113,0.7878816306791676,10736
2024,jun,19,079,Hamilton,0.4997760989242875,101804,0.7042242267480718,16684
2024,jun,19,069,Franklin,0.46464051367298026,107672,0.7098481616001486,17806
2024,jun,19,141,O'Brien,0.3491768536149665,66922,0.6363104287596494,15334
2024,jun,19,167,Sioux,0.4412513487560922,139619,0.7124420576008416,22910
2024,jun,19,005,Allamakee,0.49871298538225994,52595,0.743168658453496,8791
2024,jun,19,189,Winnebago,0.3965951225376003,65330,0.6839610329631095,10900
2024,jun,19,093,Ida,0.6247901558430752,43762,0.7550445635043516,11415
2024,jun,19,029,Cass,0.5635136196226035,64965,0.7917567697174565,12079
2024,jun,19,083,Hardin,0.4909505463949999,99698,0.7493915460280408,16577
2024,jun,19,173,Taylor,0.5422079279433604,44290,0.7881690582418065,7244
2024,jun,19,145,Page,0.6361735381950081,60238,0.8208543552647924,10834
2024,jun,19,035,Cherokee,0.4688575998546752,38321,0.7354040869104778,13726
2024,jun,19,071,Fremont,0.6617412178299891,65637,0.8499250280569247,11109
2024,jun,19,095,Iowa,0.6023943417655895,70542,0.788740134793995,11720
2024,jun,19,023,Butler,0.5544408958985758,88176,0.7620914499230746,14597
2024,jun,19,063,Emmet,0.25289626559226114,47143,0.6641196622586386,10053
2024,jun,19,047,Crawford,0.4667067213470585,61605,0.7600536386258363,19335
2024,jun,19,019,Buchanan,0.5828307117034385,107299,0.7264582488173061,17718
2024,jun,19,143,Osceola,0.42587514209207356,60888,0.6443258302557249,10828
2024,jun,19,073,Greene,0.526044850997233,82943,0.8062867705876435,14280
2024,jun,19,087,Henry,0.5623663419899843,42746,0.7862854195885016,7046
2024,jun,19,119,Lyon,0.4774784729736165,100701,0.7062009087028904,16637
2024,jun,19,003,Adams,0.5414762622170727,38546,0.7883153155492219,6436
2024,jun,19,133,Monona,0.392242253790265,68904,0.7296697464677422,16023
2024,jun,19,091,Humboldt,0.4170972190030053,68223,0.7193514337364411,11218
2024,jun,19,115,Louisa,0.5758335345472788,43466,0.8056280633440851,7330
2024,jun,19,171,Tama,0.5889485755605466,96665,0.7806387789855167,15802
2024,jun,19,135,Monroe,0.5271772468035708,13645,0.6933222130740265,2222
2024,jun,19,117,Lucas,0.5430990711701302,17385,0.6892143626795532,2855
2024,jun,19,057,Des Moines,0.47631845916682625,39030,0.7673735564442717,6450
2024,jun,19,011,Benton,0.6366217903600778,104746,0.771044763162809,17309
2024,jun,19,113,Linn,0.6428750851158783,80488,0.7707310555695238,13390
2024,jun,19,105,Jones,0.6051018557583802,83637,0.7660688757441981,14035
2024,jun,19,103,Johnson,0.6090244440782528,62354,0.7887617890825465,10410
2024,jun,19,183,Washington,0.6261563706113584,64985,0.784352148894106,10682
2024,jun,19,045,Clinton,0.5529106428742188,104405,0.7260153789789376,17359
2024,jun,19,163,Scott,0.6032358677516572,60071,0.7665549991111077,9924
2024,jun,19,139,Muscatine,0.6333392886297164,50376,0.8133230869332335,8338
2024,jun,19,169,Story,0.49148877571922833,85932,0.7257197450493028,14131
2024,jun,19,015,Boone,0.532445321119603,84752,0.7483160201135028,14082
2024,jun,19,121,Madison,0.6323587519506277,39336,0.7842681640170452,6463
2024,jun,19,181,Warren,0.6426246447514281,33302,0.7529187660638902,5511
2024,jun,19,049,Dallas,0.6437577247051058,70987,0.7916616631408251,11809
2024,jun,19,153,Polk,0.5851247170279464,41270,0.7590341177674169,6920
2024,jun,19,077,Guthrie,0.5158481136563655,57624,0.7955802682457597,10354
2024,jun,19,099,Jasper,0.6350276458972237,95040,0.7841788532351377,15769
2025,jun,19,149,Plymouth,0.6037246536394276,136263,0.7732150264439996,22272
2025,jun,19,193,Woodbury,0.5044383556452299,121979,0.7524896006427361,20047
2025,jun,19,027,Carroll,0.7292949615277705,101133,0.8019524329075614,16749
2025,jun,19,061,Dubuque,0.41397085309514003,86469,0.779693153411296,14632
2025,jun,19,101,Jefferson,0.6968477091276537,41685,0.821696254638352,6952
2025,jun,19,187,Webster,0.5688891705637187,111098,0.8158427279672462,18389
2025,jun,19,111,Lee,0.6711467916786855,40558,0.838308351648351,6759
2025,jun,19,127,Marshall,0.5689825384692736,84576,0.818177781529292,14067
2025,jun,19,195,Worth,0.4843280344429462,65338,0.699153897398895,10913
2025,jun,19,033,Cerro Gordo,0.4873569026931844,96949,0.7292840907356382,15995
2025,jun,19,051,Davis,0.666794179320044,28889,0.820279083536162,4830
2025,jun,19,179,Wapello,0.7410732919767969,33477,0.8513593041949916,5620
2025,jun,19,041,Clay,0.6121209038227919,84260,0.7848990729600106,13962
2025,jun,19,059,Dickinson,0.5916970248970046,53579,0.7779143850486858,8805
2025,jun,19,021,Buena Vista,0.6102488647531946,91666,0.7744924135814946,15086
2025,jun,19,013,Black Hawk,0.4702956904741734,80392,0.7741579108853189,13329
2025,jun,19,075,Grundy,0.48715279140698703,87897,0.7680912182426294,14518
2025,jun,19,017,Bremer,0.45874339565202205,69970,0.7669668408064138,11763
2025,jun,19,085,Harrison,0.5183735998972139,104249,0.7788104898310173,17346
2025,jun,19,129,Mills,0.6274673409591428,56932,0.8207106475280446,9474
2025,jun,19,155,Pottawattamie,0.5847873480963065,138234,0.7702105011027254,22879
2025,jun,19,123,Mahaska,0.7600683719756903,73638,0.8480989171133398,12137
2025,jun,19,125,Marion,0.722917233238661,42081,0.8246038907342826,7000
2025,jun,19,053,Decatur,0.6364263747959092,22392,0.8333335257358866,3740
2025,jun,19,031,Cedar,0.5694085192843249,88485,0.8011983287071398,14602
2025,jun,19,151,Pocahontas,0.5923396577885094,100854,0.802910466195167,16648
2025,jun,19,109,Kossuth,0.565682594960142,170062,0.7990065405262664,27918
2025,jun,19,089,Howard,0.4833426345115166,79699,0.7186796839991147,13368
2025,jun,19,147,Palo Alto,0.5036726055771492,89839,0.7885670171887296,14727
2025,jun,19,159,Ringgold,0.7684333771820526,30640,0.8246894142206859,5019
2025,jun,19,025,Calhoun,0.5889552306162287,95174,0.8045024705411552,15655
2025,jun,19,039,Clarke,0.6856648553484501,20160,0.82020444378946,3376
2025,jun,19,065,Fayette,0.4189013592243644,115071,0.7450186653720939,19072
2025,jun,19,001,Adair,0.6654796164386526,62196,0.7716084178031423,10323
2025,jun,19,037,Chickasaw,0.4964390300135671,88844,0.7385135499783495,14770
2025,jun,19,081,Hancock,0.48010866542506025,106478,0.7104066080704264,17512
2025,jun,19,157,Poweshiek,0.649556117839562,83903,0.8424965627637143,13835
2025,jun,19,165,Shelby,0.5750042340229992,97874,0.7723607799479459,16066
2025,jun,19,185,Wayne,0.68175795049491,36230,0.8599297898584471,5974
2025,jun,19,097,Jackson,0.4277040312186119,69083,0.7838372784767459,11681
2025,jun,19,043,Clayton,0.39919457714848294,85269,0.759461029771777,14344
2025,jun,19,007,Appanoose,0.7134054533083614,21341,0.8305543681524341,3563
2025,jun,19,177,Van Buren,0.7069200618357923,28465,0.8261659349764354,4743
2025,jun,19,197,Wright,0.5609220199806413,99591,0.7573570302112833,16433
2025,jun,19,137,Montgomery,0.7289024399321293,54804,0.7832301336873155,9089
2025,jun,19,175,Union,0.723435544975234,32082,0.7768787977114993,5297
2025,jun,19,107,Keokuk,0.6926455076924302,69424,0.8370754035435352,11531
2025,jun,19,131,Mitchell,0.4751558458011729,87928,0.7268258257740663,14665
2025,jun,19,191,Winneshiek,0.4869405246338247,100811,0.739985787293774,16782
2025,jun,19,161,Sac,0.6253150321538097,95203,0.7858117162588171,15745
2025,jun,19,055,Delaware,0.41930058660637426,109447,0.8019153238473683,18178
2025,jun,19,067,Floyd,0.5287979877409247,84391,0.7466783486384821,13938
2025,jun,19,009,Audubon,0.7277722536467218,63659,0.776561728029536,10544
2025,jun,19,079,Hamilton,0.6080040099464488,103745,0.8183942726132,17004
2025,jun,19,069,Franklin,0.5336671900776735,112770,0.7753928157677433,18593
2025,jun,19,141,O'Brien,0.5809360738119945,97911,0.7949038996750329,16098
2025,jun,19,167,Sioux,0.6361483426983675,143403,0.7878840959622285,23747
2025,jun,19,005,Allamakee,0.47880994646356073,56285,0.7674131310145116,9367
2025,jun,19,189,Winnebago,0.5353749525224673,68633,0.7876600833557941,11394
2025,jun,19,093,Ida,0.5516272509784365,74340,0.7675275856066528,12204
2025,jun,19,029,Cass,0.7161559336186225,76862,0.7475387953741581,12733
2025,jun,19,083,Hardin,0.5641696602709722,101903,0.7944390398198057,16890
2025,jun,19,173,Taylor,0.7400262889496104,48440,0.8105635461472485,8095
2025,jun,19,145,Page,0.6960302039521469,66148,0.7998419641172546,10930
2025,jun,19,035,Cherokee,0.5736017731647299,83249,0.7704099963972718,13676
2025,jun,19,071,Fremont,0.6799859816409956,69536,0.8526538918673245,11512
2025,jun,19,095,Iowa,0.5786668685503676,71329,0.812403348857131,11891
2025,jun,19,023,Butler,0.5462524482929405,94633,0.7856561683439356,15590
2025,jun,19,063,Emmet,0.5414682265684614,64004,0.7974235729771798,10456
2025,jun,19,047,Crawford,0.4873480731718289,120066,0.7700986522413753,19867
2025,jun,19,019,Buchanan,0.41484581840221446,111589,0.7853632109920965,18610
2025,jun,19,143,Osceola,0.5957068721924215,67505,0.7717625257833148,11113
2025,jun,19,073,Greene,0.7034131253477968,92983,0.8148988637981249,15299
2025,jun,19,087,Henry,0.6643537251059846,43325,0.8166998759683985,7164
2025,jun,19,119,Lyon,0.5814611637764997,105926,0.7632965651084472,17477
2025,jun,19,003,Adams,0.7371088675084203,42935,0.7760344780326631,7150
2025,jun,19,133,Monona,0.5248630907580709,102894,0.776792583934209,16902
2025,jun,19,091,Humboldt,0.5709665647762593,72193,0.7767123521909084,11792
2025,jun,19,115,Louisa,0.6864508014605765,44916,0.8152196948417548,7430
2025,jun,19,171,Tama,0.5550753010003736,100549,0.8106459226147816,16748
2025,jun,19,135,Monroe,0.6974256992404327,16993,0.8324968949063964,2779
2025,jun,19,117,Lucas,0.68159086271019,19963,0.8299997923311194,3294
2025,jun,19,057,Des Moines,0.631554351173359,41503,0.8213295174124338,6850
2025,jun,19,011,Benton,0.5375182621909527,111377,0.8169272095029833,18439
2025,jun,19,113,Linn,0.5153375247596682,85764,0.7977050467858976,14309
2025,jun,19,105,Jones,0.4869339621173805,83330,0.7987515867032633,13974
2025,jun,19,103,Johnson,0.5852021646934351,64633,0.7871130069846815,10781
2025,jun,19,183,Washington,0.6624671788834272,66473,0.8154038650683463,10912
2025,jun,19,045,Clinton,0.46838764608740846,107072,0.80044455346846,18029
2025,jun,19,163,Scott,0.5210392497556952,59383,0.8064442725349658,9879
2025,jun,19,139,Muscatine,0.6220786238988434,50909,0.8076290005673276,8527
2025,jun,19,169,Story,0.6309372918368119,89936,0.8325526251273702,14864
2025,jun,19,015,Boone,0.6922112603130649,84058,0.8304807748241235,13924
2025,jun,19,121,Madison,0.7496630891009818,38946,0.8041578587704254,6400
2025,jun,19,181,Warren,0.7160011770726982,35604,0.8169438727409999,5856
2025,jun,19,049,Dallas,0.7686518185326346,69625,0.822319606876237,11597
2025,jun,19,153,Polk,0.6376853030388542,42573,0.8186406487526172,7025
2025,jun,19,077,Guthrie,0.6407254487022477,62260,0.7848065717001874,10296
2025,jun,19,099,Jasper,0.6769427166723837,99261,0.8419962151499341,16470
2018,jul,19,149,Plymouth,0.8748037379211853,121796,0.8912600161646121,19746
2018,jul,19,193,Woodbury,0.8645303819478968,113408,0.8741403508297249,18563
2018,jul,19,027,Carroll,0.8701923245271718,99848,0.8782281805405557,16235
2018,jul,19,061,Dubuque,0.8726605077826236,70584,0.8653808652575331,11566
2018,jul,19,101,Jefferson,0.8410884719181164,36299,0.8422780877546172,5920
2018,jul,19,187,Webster,0.8437171508985671,109891,0.86316566622735,17906
2018,jul,19,111,Lee,0.8380684888450987,39868,0.8368069154561448,6497
2018,jul,19,127,Marshall,0.8772259971902852,81451,0.8801537233027353,13413
2018,jul,19,195,Worth,0.849302093099483,61286,0.8814826648822497,10008
2018,jul,19,033,Cerro Gordo,0.8330282868919329,88368,0.8690777143536487,14423
2018,jul,19,051,Davis,0.8178123109360739,22167,0.7884693452165316,3659
2018,jul,19,179,Wapello,0.8381689228488803,29839,0.8394764787210651,4889
2018,jul,19,041,Clay,0.8216711734305762,85045,0.8557826608075494,13776
2018,jul,19,059,Dickinson,0.8235458770091652,50457,0.841600897260027,8293
2018,jul,19,021,Buena Vista,0.8659590263132019,89494,0.8857056216022445,14480
2018,jul,19,013,Black Hawk,0.8779703520919215,81556,0.8698228767380398,13288
2018,jul,19,075,Grundy,0.8807828648084143,85592,0.8853260157633345,13974
2018,jul,19,017,Bremer,0.8788100052879335,68540,0.869984640545044,11292
2018,jul,19,085,Harrison,0.8625222922032535,92652,0.8641472303049281,15260
2018,jul,19,129,Mills,0.8704551872581862,52375,0.8621989420078288,8536
2018,jul,19,155,Pottawattamie,0.8685815842037167,127709,0.8698955439514768,20971
2018,jul,19,123,Mahaska,0.849761352214283,67678,0.8532885174265101,11126
2018,jul,19,125,Marion,0.836105211379844,41884,0.8255068320976277,6879
2018,jul,19,053,Decatur,0.8320116406432742,21169,0.8263685226612217,3474
2018,jul,19,031,Cedar,0.8704990622740085,81237,0.865593529623148,13337
2018,jul,19,151,Pocahontas,0.8270677993380758,97929,0.8685116797637508,16012
2018,jul,19,109,Kossuth,0.8305925014684796,167086,0.8743369867090275,28016
2018,jul,19,089,Howard,0.8606079204714497,73347,0.875130872678244,11895
2018,jul,19,147,Palo Alto,0.8012176901187684,96910,0.8539368891251303,15756
2018,jul,19,159,Ringgold,0.8343358186832552,31842,0.8156725552463269,5261
2018,jul,19,025,Calhoun,0.8623782263536769,95138,0.8780548958315375,15419
2018,jul,19,039,Clarke,0.8237923056425115,19671,0.8204206693818548,3199
2018,jul,19,065,Fayette,0.8713973251380387,101104,0.8652382931188863,16533
2018,jul,19,001,Adair,0.8225667079247582,65958,0.8178734304725468,10909
2018,jul,19,037,Chickasaw,0.8669247243005981,79472,0.8728497692134549,12979
2018,jul,19,081,Hancock,0.8215550893996226,102151,0.876826922525288,16630
2018,jul,19,157,Poweshiek,0.8710836357613295,76139,0.8706450216721332,12387
2018,jul,19,165,Shelby,0.8628949656610122,95638,0.876386339635023,15719
2018,jul,19,185,Wayne,0.8393901562902442,30450,0.8238969963381271,4973
2018,jul,19,097,Jackson,0.8592798447715763,55775,0.861103094173771,9106
2018,jul,19,043,Clayton,0.8613881077221164,73116,0.864804297856381,11922
2018,jul,19,007,Appanoose,0.8257110514977498,17364,0.7931759020541549,2879
2018,jul,19,177,Van Buren,0.8278446485441904,28242,0.8284020741875586,4541
2018,jul,19,197,Wright,0.8444930150915996,98998,0.8765477030737459,16227
2018,jul,19,137,Montgomery,0.8602668576293399,51290,0.8644414228405762,8304
2018,jul,19,175,Union,0.8314996389925414,34111,0.8290801838781156,5626
2018,jul,19,107,Keokuk,0.8569221427333215,59087,0.8647176572667764,9753
2018,jul,19,131,Mitchell,0.8507278938670708,79153,0.8740808796711509,12969
2018,jul,19,191,Winneshiek,0.8658475859942268,80090,0.8571043033901804,13160
2018,jul,19,161,Sac,0.8757853994350138,89285,0.8873804959765603,14396
2018,jul,19,055,Delaware,0.8717332587985251,101394,0.8657164158140298,16661
2018,jul,19,067,Floyd,0.8542278820947253,77144,0.8734201048027967,12694
2018,jul,19,009,Audubon,0.8566891179315185,68819,0.8710963600042947,11215
2018,jul,19,079,Hamilton,0.861528871741627,104935,0.8729948215016015,16987
2018,jul,19,069,Franklin,0.8739693932973703,109308,0.8880659189815264,17862
2018,jul,19,141,O'Brien,0.8581216143102435,91522,0.8683663027553151,14937
2018,jul,19,167,Sioux,0.8687646969086266,135682,0.8796245096579998,22311
2018,jul,19,005,Allamakee,0.8411604171743772,36675,0.8496715726499088,5827
2018,jul,19,189,Winnebago,0.8243324313584844,67567,0.8773558966800652,11099
2018,jul,19,093,Ida,0.8795841250488695,68521,0.8953933735761833,11088
2018,jul,19,029,Cass,0.8385160390596719,73163,0.8548156785217685,12009
2018,jul,19,083,Hardin,0.8787964024655539,99138,0.8864042442868204,16178
2018,jul,19,173,Taylor,0.840168318751376,46960,0.836666984026883,7746
2018,jul,19,145,Page,0.8562167220707242,61707,0.8626764009328463,10010
2018,jul,19,035,Cherokee,0.8781489788421057,82914,0.8923837234055783,13342
2018,jul,19,071,Fremont,0.8684361341064787,60093,0.8741128321804684,9711
2018,jul,19,095,Iowa,0.8685089991860028,64811,0.8693511730854598,10651
2018,jul,19,023,Butler,0.8764751846730031,92280,0.8823296226536176,14962
2018,jul,19,063,Emmet,0.8112388094648625,55515,0.8579686856080035,9913
2018,jul,19,047,Crawford,0.8743790067101541,111389,0.8882320058446667,18200
2018,jul,19,019,Buchanan,0.8815656150774824,104729,0.87055737238021,17243
2018,jul,19,143,Osceola,0.8349208218134692,64043,0.8465414900228235,10406
2018,jul,19,073,Greene,0.8637340902561002,91599,0.8728203900028001,14773
2018,jul,19,087,Henry,0.843404892532519,43015,0.8422231344632604,7034
2018,jul,19,119,Lyon,0.856986682254352,99117,0.8749754020882341,16066
2018,jul,19,003,Adams,0.8432825976243792,42053,0.843198425592539,6913
2018,jul,19,133,Monona,0.8635137906274609,91773,0.8689274682723561,15089
2018,jul,19,091,Humboldt,0.8357931245845885,74685,0.8684491867881817,12284
2018,jul,19,115,Louisa,0.8469035976636035,41588,0.8429963555749849,6834
2018,jul,19,171,Tama,0.8793861465398848,90546,0.8780003311369499,14692
2018,jul,19,135,Monroe,0.829556458227827,15409,0.8120406305527249,2511
2018,jul,19,117,Lucas,0.8324824731175766,16423,0.8095145638454072,2677
2018,jul,19,057,Des Moines,0.8440252322453952,37987,0.8335293033859423,6290
2018,jul,19,011,Benton,0.8794199515998621,101991,0.8793762179488862,16765
2018,jul,19,113,Linn,0.8691717493535519,79570,0.8715610639240251,13016
2018,jul,19,105,Jones,0.8759601385870731,80027,0.8756528990328886,13036
2018,jul,19,103,Johnson,0.8575988131816872,57384,0.8511834875116046,9441
2018,jul,19,183,Washington,0.8545379761703698,62020,0.8516719150340102,10132
2018,jul,19,045,Clinton,0.8593812941050705,101666,0.86362889784968,16597
2018,jul,19,163,Scott,0.8605972544765268,58887,0.8551718291859883,9557
2018,jul,19,139,Muscatine,0.8549343644476718,48743,0.8527368681305009,8138
2018,jul,19,169,Story,0.8497514282861522,87617,0.8635949183610633,14156
2018,jul,19,015,Boone,0.8527370058665467,84457,0.8662609227019141,13867
2018,jul,19,121,Madison,0.8316386834904689,43024,0.8198083308460136,7089
2018,jul,19,181,Warren,0.8204211047165625,36373,0.8155424088754027,5937
2018,jul,19,049,Dallas,0.8417621578188604,72903,0.8418383116307725,11961
2018,jul,19,153,Polk,0.8131509008666588,45177,0.8177324063910759,7223
2018,jul,19,077,Guthrie,0.8523172783834855,63116,0.8515620394916448,10288
2018,jul,19,099,Jasper,0.8653366220951882,94017,0.8659109333199886,15437
2019,jul,19,149,Plymouth,0.872519267231223,131082,0.8959888348875662,21172
2019,jul,19,193,Woodbury,0.8589884642637391,125212,0.8651404746623605,20395
2019,jul,19,027,Carroll,0.8761228392059786,104505,0.878556510328842,17018
2019,jul,19,061,Dubuque,0.8006595908194478,78220,0.8618917355603987,12877
2019,jul,19,101,Jefferson,0.7419505914278217,38274,0.8320078228184872,6257
2019,jul,19,187,Webster,0.8513884567325819,116872,0.8640250752990141,19065
2019,jul,19,111,Lee,0.7300253212061647,39423,0.8221932323355657,6445
2019,jul,19,127,Marshall,0.8499191407915078,87185,0.8690711167012033,14254
2019,jul,19,195,Worth,0.8588677425535315,64262,0.8683771865984264,10636
2019,jul,19,033,Cerro Gordo,0.8761321047591987,97447,0.8822337375905396,16005
2019,jul,19,051,Davis,0.6940130628602533,24369,0.8234920962624381,3936
2019,jul,19,179,Wapello,0.7835561085508175,30170,0.8390585333641384,4983
2019,jul,19,041,Clay,0.8245025236451208,84689,0.8690815139151763,13879
2019,jul,19,059,Dickinson,0.846297145875207,52927,0.8716025052150811,8618
2019,jul,19,021,Buena Vista,0.8512741133896822,94259,0.8807601663360455,15347
2019,jul,19,013,Black Hawk,0.821364417707272,86393,0.8647615649780596,14204
2019,jul,19,075,Grundy,0.8547949310328554,91952,0.8843746429813985,15108
2019,jul,19,017,Bremer,0.8282747121390176,73567,0.8781633398685819,12194
2019,jul,19,085,Harrison,0.8544626315505381,95439,0.8528798965651578,15572
2019,jul,19,129,Mills,0.8575004037712752,48926,0.8597615929553907,8042
2019,jul,19,155,Pottawattamie,0.8585130502770495,130383,0.8597802716879469,21340
2019,jul,19,123,Mahaska,0.8023193661027231,70081,0.8474341572974707,11602
2019,jul,19,125,Marion,0.7886709009264138,42694,0.8328813047452079,6915
2019,jul,19,053,Decatur,0.7146962342269877,17595,0.797572486441906,2859
2019,jul,19,031,Cedar,0.8006037137375664,87506,0.8386636225101032,14280
2019,jul,19,151,Pocahontas,0.8517679313569748,102867,0.8668142982991811,16933
2019,jul,19,109,Kossuth,0.8681319490299911,177326,0.880946440306934,28946
2019,jul,19,089,Howard,0.8266327988619999,71317,0.8667381078418559,12974
2019,jul,19,147,Palo Alto,0.8575475846691315,93888,0.8770341968206802,15240
2019,jul,19,159,Ringgold,0.7509381605605187,26661,0.7997175127182741,4356
2019,jul,19,025,Calhoun,0.8591117462770123,100046,0.8614922388655969,16342
2019,jul,19,039,Clarke,0.7383566778964917,17492,0.7958186348650963,2842
2019,jul,19,065,Fayette,0.8492437287836678,113008,0.8743423935720132,18647
2019,jul,19,001,Adair,0.8176360557855207,64845,0.8199787196261985,10647
2019,jul,19,037,Chickasaw,0.8415302014609056,86149,0.8780711911131955,14320
2019,jul,19,081,Hancock,0.870458893732744,111769,0.8837691772082038,18097
2019,jul,19,157,Poweshiek,0.8233622362991689,86114,0.8495056526973667,14262
2019,jul,19,165,Shelby,0.8812302472526108,98518,0.8817842901719714,16220
2019,jul,19,185,Wayne,0.6791227929311391,31867,0.805055162845302,5171
2019,jul,19,097,Jackson,0.7926890629078304,61140,0.8416479476723564,10168
2019,jul,19,043,Clayton,0.832206158768673,81609,0.8699856095515248,13525
2019,jul,19,007,Appanoose,0.6848140560877656,16451,0.8210251102206506,2684
2019,jul,19,177,Van Buren,0.6987342885548815,25125,0.8275874146094793,4092
2019,jul,19,197,Wright,0.8734713589534786,103035,0.8771618739443465,16853
2019,jul,19,137,Montgomery,0.8481713957251333,53264,0.8584340098156311,8770
2019,jul,19,175,Union,0.7702407651052073,31317,0.8043466829233664,5136
2019,jul,19,107,Keokuk,0.7988895545374626,65706,0.8422933600211888,10938
2019,jul,19,131,Mitchell,0.8438884728107718,82213,0.8709815666863671,14562
2019,jul,19,191,Winneshiek,0.8377302564961064,89490,0.867016648706422,15296
2019,jul,19,161,Sac,0.8714327801696116,97747,0.8766742467133986,16067
2019,jul,19,055,Delaware,0.8450929664895073,112146,0.8768033695313033,18489
2019,jul,19,067,Floyd,0.8415969943340209,74046,0.8800830958554478,13675
2019,jul,19,009,Audubon,0.8701253244831751,66135,0.872356251616519,10747
2019,jul,19,079,Hamilton,0.8645805759872504,108225,0.867461413793684,17668
2019,jul,19,069,Franklin,0.8723750404194464,104539,0.8806279192696531,18942
2019,jul,19,141,O'Brien,0.8637747848867209,98949,0.89419307062787,16138
2019,jul,19,167,Sioux,0.8611906896636661,148606,0.888108185953544,24252
2019,jul,19,005,Allamakee,0.8214236815279042,42711,0.8608221571136616,6937
2019,jul,19,189,Winnebago,0.8643345261240986,70803,0.8838674114783004,11723
2019,jul,19,093,Ida,0.8781697716736488,73422,0.8789024073766047,11941
2019,jul,19,029,Cass,0.854548319703241,77893,0.8587108385212454,12721
2019,jul,19,083,Hardin,0.862229890620616,104640,0.8737109983822571,17816
2019,jul,19,173,Taylor,0.7620357924771436,49165,0.8120975511021565,8038
2019,jul,19,145,Page,0.8216024464033297,62946,0.8410066625025242,10339
2019,jul,19,035,Cherokee,0.8727062441118881,85617,0.8931877312167343,13917
2019,jul,19,071,Fremont,0.849534701049055,51380,0.8642971567705032,8431
2019,jul,19,095,Iowa,0.8001900036591193,65991,0.8290226098609095,10975
2019,jul,19,023,Butler,0.8450845251085716,88449,0.8826634580490211,16477
2019,jul,19,063,Emmet,0.8616989058508662,64078,0.8779983340190567,10502
2019,jul,19,047,Crawford,0.8809466103131007,116657,0.8828856895674388,19132
2019,jul,19,019,Buchanan,0.8318850209785976,114417,0.8709057132062085,18937
2019,jul,19,143,Osceola,0.8543080882897117,68006,0.8765980960032433,11142
2019,jul,19,073,Greene,0.8663111541998728,97948,0.8717390492622012,15998
2019,jul,19,087,Henry,0.734584612326633,41288,0.8187637967311,6753
2019,jul,19,119,Lyon,0.8468796503492173,106543,0.8667707483939308,17327
2019,jul,19,003,Adams,0.8050594263761125,40478,0.8297429663750627,6663
2019,jul,19,133,Monona,0.8592431568075237,98048,0.8623660590447811,16120
2019,jul,19,091,Humboldt,0.8651887673794523,76767,0.8768366906362675,12611
2019,jul,19,115,Louisa,0.7245454691055623,42467,0.8015540935756682,7056
2019,jul,19,171,Tama,0.8318198945359278,96261,0.8630613077216808,16003
2019,jul,19,135,Monroe,0.7364788238895252,14383,0.81908717951399,2274
2019,jul,19,117,Lucas,0.6997056722177796,16680,0.8087408069412948,2742
2019,jul,19,057,Des Moines,0.7381734034798764,37367,0.8139140889981107,6136
2019,jul,19,011,Benton,0.8419998807822406,107846,0.8594696078235956,17665
2019,jul,19,113,Linn,0.8413768316394314,86592,0.8537044675772352,14292
2019,jul,19,105,Jones,0.8057867239429928,84660,0.8553275609934325,14055
2019,jul,19,103,Johnson,0.7574905512075782,59663,0.8134338889931149,9752
2019,jul,19,183,Washington,0.76655474669994,64940,0.8241770921365364,10624
2019,jul,19,045,Clinton,0.7939697341333161,104630,0.8348688863572595,17424
2019,jul,19,163,Scott,0.7999998139174371,57973,0.8224546607057719,9559
2019,jul,19,139,Muscatine,0.7644378442019397,48281,0.8076064736288625,7982
2019,jul,19,169,Story,0.8618172839639764,94768,0.8647464084420603,15380
2019,jul,19,015,Boone,0.8665501544101579,90919,0.8678421946065492,14844
2019,jul,19,121,Madison,0.8350486498396861,39730,0.8300345747297648,6430
2019,jul,19,181,Warren,0.7853979955915886,37802,0.8321602529735154,6179
2019,jul,19,049,Dallas,0.8578136878198387,73373,0.8648778306129365,12025
2019,jul,19,153,Polk,0.8354194644141142,45476,0.8396544125508032,7477
2019,jul,19,077,Guthrie,0.8525263560334064,64794,0.8472759725763092,10572
2019,jul,19,099,Jasper,0.8489509793268709,102113,0.8583177124527109,16713
2020,jul,19,149,Plymouth,0.8747009686085738,132220,0.8807542005440967,21461
2020,jul,19,193,Woodbury,0.8708554123454569,119548,0.8690281956741125,19608
2020,jul,19,027,Carroll,0.8600326785308379,105315,0.8556819536467606,17232
2020,jul,19,061,Dubuque,0.8594788439929847,79386,0.8699623052841081,13194
2020,jul,19,101,Jefferson,0.8516704061564335,38643,0.8805404150886554,6342
2020,jul,19,187,Webster,0.865226869130641,117932,0.8669884550765673,19257
2020,jul,19,111,Lee,0.842039081285844,41764,0.879931487245087,6855
2020,jul,19,127,Marshall,0.858574410787024,87203,0.8731639363661775,14435
2020,jul,19,195,Worth,0.853100657127843,66439,0.8856026333637796,10924
2020,jul,19,033,Cerro Gordo,0.8667491370072994,100184,0.8812913689343905,16510
2020,jul,19,051,Davis,0.8361834299119881,22812,0.8755168462339247,3722
2020,jul,19,179,Wapello,0.8484147434104423,30060,0.8909699660275717,4903
2020,jul,19,041,Clay,0.8760522447494331,85700,0.8789889525404899,13971
2020,jul,19,059,Dickinson,0.8764608170034274,54164,0.8822360784378629,8874
2020,jul,19,021,Buena Vista,0.8839149002677863,93202,0.8811881839878396,15165
2020,jul,19,013,Black Hawk,0.8152427841103816,90053,0.8658895509973585,14783
2020,jul,19,075,Grundy,0.8259586620656576,93440,0.8814798137512728,15419
2020,jul,19,017,Bremer,0.8332909290058969,75546,0.8761123371805505,12540
2020,jul,19,085,Harrison,0.8782327718191145,103229,0.8710323663679115,17102
2020,jul,19,129,Mills,0.8707596048367618,55379,0.8749676476305348,9159
2020,jul,19,155,Pottawattamie,0.8724507607384551,137807,0.8755149578015391,22669
2020,jul,19,123,Mahaska,0.865137706086041,73015,0.887549091227662,11953
2020,jul,19,125,Marion,0.8422508158581707,42215,0.8742998092476767,6995
2020,jul,19,053,Decatur,0.8289195858044691,16850,0.8468311523289281,2799
2020,jul,19,031,Cedar,0.8579927283663865,86692,0.8909165021100138,14352
2020,jul,19,151,Pocahontas,0.8841909007959553,101875,0.8857932028371283,16718
2020,jul,19,109,Kossuth,0.8756587299492157,174611,0.8935514155209985,28475
2020,jul,19,089,Howard,0.8561152082415703,81421,0.8766640450938991,13343
2020,jul,19,147,Palo Alto,0.8780784300787632,100164,0.8818311397478126,16281
2020,jul,19,159,Ringgold,0.8230011056916787,28024,0.8407016522599348,4643
2020,jul,19,025,Calhoun,0.875741991589331,102035,0.8732842810946821,16664
2020,jul,19,039,Clarke,0.8048449567288785,16510,0.8402453790196915,2800
2020,jul,19,065,Fayette,0.8408342079902423,112151,0.8730582376640519,18471
2020,jul,19,001,Adair,0.840581007139228,63142,0.8537328163193665,10447
2020,jul,19,037,Chickasaw,0.8545795544680459,88791,0.8722542055031813,14633
2020,jul,19,081,Hancock,0.882641284257537,112073,0.8938083107772566,18294
2020,jul,19,157,Poweshiek,0.874168918394528,85032,0.88473517212728,13970
2020,jul,19,165,Shelby,0.8764123072321353,98733,0.8728256702791307,16260
2020,jul,19,185,Wayne,0.8394550732325479,30628,0.8720373114437481,5034
2020,jul,19,097,Jackson,0.8336599146514245,63378,0.846133909849769,10603
2020,jul,19,043,Clayton,0.8610085373684796,80743,0.8721498439532535,13335
2020,jul,19,007,Appanoose,0.8184757149506058,16543,0.8691542768321724,2721
2020,jul,19,177,Van Buren,0.8479597559148805,28354,0.8629498181333364,4523
2020,jul,19,197,Wright,0.8679480542373976,104446,0.8713401675159899,17107
2020,jul,19,137,Montgomery,0.8644970527492829,53355,0.878453455493986,8730
2020,jul,19,175,Union,0.8350845558565558,30794,0.8599372442570595,5063
2020,jul,19,107,Keokuk,0.8584392945680035,66028,0.8877942023552275,10989
2020,jul,19,131,Mitchell,0.8572312703050251,88611,0.8748671635645541,14647
2020,jul,19,191,Winneshiek,0.853520552804105,91831,0.8679759210353001,15181
2020,jul,19,161,Sac,0.8665841266486359,93778,0.8662609351316788,15281
2020,jul,19,055,Delaware,0.8630350752786256,108921,0.8797385323214241,18009
2020,jul,19,067,Floyd,0.8614858665097186,84410,0.8791152405799654,13989
2020,jul,19,009,Audubon,0.8636159507664842,65427,0.8579760781130491,10719
2020,jul,19,079,Hamilton,0.861869667709447,109755,0.8718229155294339,17880
2020,jul,19,069,Franklin,0.8611831630308966,119710,0.8734757982675248,19574
2020,jul,19,141,O'Brien,0.8854282242702953,98645,0.8930480056437765,16196
2020,jul,19,167,Sioux,0.8791790105952545,145299,0.8888630076079335,24015
2020,jul,19,005,Allamakee,0.8592841712215255,43093,0.8675164792032979,7014
2020,jul,19,189,Winnebago,0.8745593529217381,70125,0.8980396306336099,11606
2020,jul,19,093,Ida,0.8805497081755643,71387,0.8772108078601886,11564
2020,jul,19,029,Cass,0.8589288060266776,73993,0.8697744378856822,12169
2020,jul,19,083,Hardin,0.8519112532833459,106731,0.8699580887866337,17544
2020,jul,19,173,Taylor,0.836331002268566,45756,0.8583064079961872,7454
2020,jul,19,145,Page,0.8645239586226096,66133,0.8793516629513615,10799
2020,jul,19,035,Cherokee,0.8818901468363824,85084,0.879638895526234,13859
2020,jul,19,071,Fremont,0.8735597637448522,62599,0.8831531895857408,10270
2020,jul,19,095,Iowa,0.8536939449548167,73341,0.8840569245098913,12097
2020,jul,19,023,Butler,0.8405065282669544,103078,0.8763937904197144,16930
2020,jul,19,063,Emmet,0.8866591476724508,64928,0.8901843333042743,10530
2020,jul,19,047,Crawford,0.8771048901144812,117619,0.8790584085893176,19273
2020,jul,19,019,Buchanan,0.8475213689827641,116860,0.8730743417186436,19366
2020,jul,19,143,Osceola,0.886609513366918,69815,0.8913705528356688,11453
2020,jul,19,073,Greene,0.855303122361118,94880,0.8552521660601216,15328
2020,jul,19,087,Henry,0.8596736188807813,43600,0.8926252725931343,7112
2020,jul,19,119,Lyon,0.8880377685396736,106196,0.8942882080817437,17326
2020,jul,19,003,Adams,0.835701864535976,39908,0.8667808518873186,6565
2020,jul,19,133,Monona,0.8731243493396219,96477,0.8761157796877486,15949
2020,jul,19,091,Humboldt,0.8733050508649173,80188,0.8812104258204274,13221
2020,jul,19,115,Louisa,0.8651236064987774,44204,0.8875181563620207,7306
2020,jul,19,171,Tama,0.8359401793177356,99284,0.8753611546796799,16151
2020,jul,19,135,Monroe,0.8047088591840121,12889,0.8631915116794548,2085
2020,jul,19,117,Lucas,0.8180272500422808,15973,0.8595012360557792,2588
2020,jul,19,057,Des Moines,0.8670322861289821,40274,0.8817763314702719,6643
2020,jul,19,011,Benton,0.8423760965647806,110328,0.8820686128441634,18173
2020,jul,19,113,Linn,0.8505123022666394,87404,0.873168868493265,14481
2020,jul,19,105,Jones,0.8546333087585252,85686,0.8753225929806892,14090
2020,jul,19,103,Johnson,0.8511204288364904,61691,0.8750630759215279,10307
2020,jul,19,183,Washington,0.8608902104360261,66537,0.8785315177813184,10964
2020,jul,19,045,Clinton,0.816470719361691,108811,0.8815632638616794,18045
2020,jul,19,163,Scott,0.7830028671190737,62151,0.8732100910188908,10261
2020,jul,19,139,Muscatine,0.8601350812064883,52556,0.887633978457893,8776
2020,jul,19,169,Story,0.8553207516641151,93776,0.8676658500709635,15188
2020,jul,19,015,Boone,0.8642151826393284,90233,0.8759363243102674,14883
2020,jul,19,121,Madison,0.8428296767312614,40236,0.8575093473950886,6693
2020,jul,19,181,Warren,0.81275396707639,34918,0.8511778682803328,5715
2020,jul,19,049,Dallas,0.8395590114389454,75324,0.8491441389833932,12478
2020,jul,19,153,Polk,0.8210964041863672,46543,0.8486073346846207,7514
2020,jul,19,077,Guthrie,0.8314068490383333,62997,0.8264502487136544,10346
2020,jul,19,099,Jasper,0.8647796432361207,102913,0.8801816288820435,17003
2021,jul,19,149,Plymouth,0.8389365742708518,128740,0.8690946964766033,21083
2021,jul,19,193,Woodbury,0.8457864306799759,115090,0.8784040645046044,18933
2021,jul,19,027,Carroll,0.8116689758135013,95731,0.894198132961377,15740
2021,jul,19,061,Dubuque,0.8150041711098072,75569,0.8688386992731622,12531
2021,jul,19,101,Jefferson,0.7658379426462765,37568,0.8523855317787995,6163
2021,jul,19,187,Webster,0.8435623352671329,109138,0.88584151433936,17823
2021,jul,19,111,Lee,0.7514532256945672,39500,0.8404550509743285,6545
2021,jul,19,127,Marshall,0.8389287286903189,74239,0.8760099489476821,12206
2021,jul,19,195,Worth,0.8282392285577749,61856,0.8810515747615816,10252
2021,jul,19,033,Cerro Gordo,0.8423148283496293,90635,0.8830162413512161,14911
2021,jul,19,051,Davis,0.7604160995654522,25035,0.842983587830299,4149
2021,jul,19,179,Wapello,0.7929582116073318,30242,0.8553202302140146,5072
2021,jul,19,041,Clay,0.8247629850433065,82073,0.8782878289443662,13465
2021,jul,19,059,Dickinson,0.8183032999599263,51259,0.8570621584319481,8415
2021,jul,19,021,Buena Vista,0.8489954009817936,88969,0.892701148890861,14615
2021,jul,19,013,Black Hawk,0.8234065439380712,79771,0.8549118131334759,13175
2021,jul,19,075,Grundy,0.8403921385422662,84547,0.8741182612508146,13815
2021,jul,19,017,Bremer,0.7897846683783134,68257,0.8656219496335925,11267
2021,jul,19,085,Harrison,0.8339879331378482,97697,0.8840870263240768,16076
2021,jul,19,129,Mills,0.8318070858024311,52637,0.8685623404120195,8672
2021,jul,19,155,Pottawattamie,0.8354774038512142,129097,0.8774901761315342,21231
2021,jul,19,123,Mahaska,0.8281912226809379,69804,0.8766882817725119,11608
2021,jul,19,125,Marion,0.8268085560071252,39393,0.8675663226249478,6451
2021,jul,19,053,Decatur,0.8147524284942144,17399,0.8606371236110645,3080
2021,jul,19,031,Cedar,0.8488981835487347,82675,0.8806026801504596,13590
2021,jul,19,151,Pocahontas,0.8428215173259023,98326,0.8876697430110302,16238
2021,jul,19,109,Kossuth,0.8251305783976721,167496,0.879507929955173,27336
2021,jul,19,089,Howard,0.8190692846644211,73142,0.8757568942115019,12125
2021,jul,19,147,Palo Alto,0.8190461829869867,89417,0.8741501049352671,14576
2021,jul,19,159,Ringgold,0.8325229325418406,25868,0.8635170821437285,4277
2021,jul,19,025,Calhoun,0.8241387907645132,90770,0.8941674413887262,14851
2021,jul,19,039,Clarke,0.8187079352148782,17172,0.8505580329244317,2883
2021,jul,19,065,Fayette,0.7785994087803124,104621,0.868654242555292,17280
2021,jul,19,001,Adair,0.8239352206118347,59247,0.871395523517479,9704
2021,jul,19,037,Chickasaw,0.826987188901613,81798,0.874836207948481,13577
2021,jul,19,081,Hancock,0.8400485196674056,104062,0.8838296413639994,17007
2021,jul,19,157,Poweshiek,0.8512089096081212,75854,0.8838991692500219,12612
2021,jul,19,165,Shelby,0.8321948444745805,92959,0.9064658041561264,15443
2021,jul,19,185,Wayne,0.8353189108670578,31262,0.8611172165566209,5207
2021,jul,19,097,Jackson,0.8159370295246691,60342,0.8652286281822914,10072
2021,jul,19,043,Clayton,0.7951597073639991,76054,0.8609222110520718,12652
2021,jul,19,007,Appanoose,0.8079876806183879,18016,0.8487559848945846,3009
2021,jul,19,177,Van Buren,0.7141699590082834,25029,0.8315765397141326,4078
2021,jul,19,197,Wright,0.8395107258388981,95469,0.8850614376225169,15738
2021,jul,19,137,Montgomery,0.8307666282518714,51716,0.8737986065884742,8583
2021,jul,19,175,Union,0.828338936713614,29639,0.8745583085668488,4909
2021,jul,19,107,Keokuk,0.818329698636825,64609,0.8680190611514718,10828
2021,jul,19,131,Mitchell,0.8192911517765302,85107,0.8819816884502201,14092
2021,jul,19,191,Winneshiek,0.8232975606898842,87456,0.8669966425966396,14495
2021,jul,19,161,Sac,0.830411704025964,91133,0.8953659669476826,15097
2021,jul,19,055,Delaware,0.7856231253095058,100975,0.8784588252013927,16760
2021,jul,19,067,Floyd,0.8253742034331016,81105,0.8721081883925503,13409
2021,jul,19,009,Audubon,0.818029539252405,61014,0.8960268792300463,9971
2021,jul,19,079,Hamilton,0.84659874826288,99449,0.8817359701263436,16318
2021,jul,19,069,Franklin,0.8390064811016871,106179,0.8722679192394044,17523
2021,jul,19,141,O'Brien,0.8341351149326073,95745,0.8857383751755172,15752
2021,jul,19,167,Sioux,0.8486736858452354,137714,0.8898842824472094,22729
2021,jul,19,005,Allamakee,0.8226134553066133,44666,0.8621346622056648,7326
2021,jul,19,189,Winnebago,0.8217444769119764,67398,0.8812908149191095,11235
2021,jul,19,093,Ida,0.8360268864626902,69575,0.8992214738949363,11442
2021,jul,19,029,Cass,0.8337464320732516,72948,0.8785849241986226,12028
2021,jul,19,083,Hardin,0.8479583369773898,97755,0.8637671034560472,16200
2021,jul,19,173,Taylor,0.8373246857544123,45186,0.8736341923278285,7435
2021,jul,19,145,Page,0.8404078776663663,59297,0.8753315129523547,9782
2021,jul,19,035,Cherokee,0.8394337162854657,83453,0.8855942280398855,13656
2021,jul,19,071,Fremont,0.837612878157518,63031,0.8786115538381437,10407
2021,jul,19,095,Iowa,0.8588391622039101,65937,0.8786873243760728,10965
2021,jul,19,023,Butler,0.8348789389738787,90420,0.8600938869486073,14927
2021,jul,19,063,Emmet,0.8244908849601419,61154,0.8710815003693161,9992
2021,jul,19,047,Crawford,0.8231282151388075,109054,0.9041641925403048,18027
2021,jul,19,019,Buchanan,0.7944796091325274,104048,0.874223048694562,17208
2021,jul,19,143,Osceola,0.8450759807012705,67083,0.879746975837849,10983
2021,jul,19,073,Greene,0.8368130327028083,87624,0.8932973578177413,14305
2021,jul,19,087,Henry,0.7601866883259079,40640,0.8393690883590708,6709
2021,jul,19,119,Lyon,0.8524735504115273,102838,0.8845820370662328,16865
2021,jul,19,003,Adams,0.8335133317105597,39388,0.8758200605616043,6442
2021,jul,19,133,Monona,0.8453326821022558,94151,0.8886006541427114,15600
2021,jul,19,091,Humboldt,0.8335621875292242,72246,0.8839433856557114,11934
2021,jul,19,115,Louisa,0.7935919734162015,43416,0.8671711058097559,7237
2021,jul,19,171,Tama,0.8371951314806622,88243,0.877020888275146,14640
2021,jul,19,135,Monroe,0.7927068314244897,15448,0.8383308254597083,2551
2021,jul,19,117,Lucas,0.8028732995805243,16579,0.8415774286883707,2790
2021,jul,19,057,Des Moines,0.7709477022139734,39160,0.8395482712620888,6473
2021,jul,19,011,Benton,0.8371807608821832,100779,0.8792977399251843,16601
2021,jul,19,113,Linn,0.8369120914105769,80638,0.8655758045001533,13320
2021,jul,19,105,Jones,0.8493202292632717,78755,0.873481086953361,13104
2021,jul,19,103,Johnson,0.8453884527022231,60567,0.8708595301092731,9968
2021,jul,19,183,Washington,0.8149856507356016,63913,0.8709334072108416,10540
2021,jul,19,045,Clinton,0.8454907681383254,103332,0.8763138948924316,17146
2021,jul,19,163,Scott,0.8379985055415864,58430,0.8736491323137409,9645
2021,jul,19,139,Muscatine,0.8313211892520791,48837,0.8762802953255642,8061
2021,jul,19,169,Story,0.821433330228581,77632,0.8785793471001588,12986
2021,jul,19,015,Boone,0.8286288873579154,79043,0.8832840160480372,13023
2021,jul,19,121,Madison,0.8326536666838983,37277,0.8666685586725176,6084
2021,jul,19,181,Warren,0.8237420446911226,34425,0.8575741484988912,5704
2021,jul,19,049,Dallas,0.8339076497951098,66058,0.8717343972829902,10905
2021,jul,19,153,Polk,0.8211461013709599,39094,0.8667529524407714,6733
2021,jul,19,077,Guthrie,0.8331376891485505,58899,0.8824214549459845,9705
2021,jul,19,099,Jasper,0.8468008028901128,91141,0.8884400546182698,15074
2022,jul,19,149,Plymouth,0.8519165795022993,128777,0.8673382382111104,21135
2022,jul,19,193,Woodbury,0.8475651888087345,111659,0.868338069993221,18413
2022,jul,19,027,Carroll,0.8576703966397856,97567,0.8843342677806998,16109
2022,jul,19,061,Dubuque,0.8525363929268249,73313,0.8677958095343435,12189
2022,jul,19,101,Jefferson,0.8610969704714765,35816,0.8490913094247214,5910
2022,jul,19,187,Webster,0.8595947272531997,107563,0.8770053165726738,17695
2022,jul,19,111,Lee,0.8507139831202071,37681,0.8412031777804897,6165
2022,jul,19,127,Marshall,0.8574598414600746,81001,0.8940524840523979,13514
2022,jul,19,195,Worth,0.8778588311802642,64116,0.8950078542406027,10652
2022,jul,19,033,Cerro Gordo,0.8732931570012553,91697,0.8887609616797019,15156
2022,jul,19,051,Davis,0.850555029687369,20654,0.849309236139205,3392
2022,jul,19,179,Wapello,0.8684685473829946,28129,0.8554927413402746,4608
2022,jul,19,041,Clay,0.8687766785336355,84329,0.8759038460679383,13832
2022,jul,19,059,Dickinson,0.8779062627683246,53212,0.8813429351694608,8732
2022,jul,19,021,Buena Vista,0.8446523561711624,89821,0.8718665657561684,14738
2022,jul,19,013,Black Hawk,0.8442735915391696,71430,0.8747430011477393,12506
2022,jul,19,075,Grundy,0.8546954394446229,85468,0.8916051811427195,14125
2022,jul,19,017,Bremer,0.8458809914485493,59291,0.8870021960656729,10635
2022,jul,19,085,Harrison,0.8556776532903096,95967,0.8515452199784855,15926
2022,jul,19,129,Mills,0.8532379907724942,53646,0.8401791161659654,8868
2022,jul,19,155,Pottawattamie,0.8602636209861504,129867,0.8542637004072559,21496
2022,jul,19,123,Mahaska,0.8688808264093059,66975,0.8722882253906458,11061
2022,jul,19,125,Marion,0.8529829923308879,39632,0.8481646865707243,6630
2022,jul,19,053,Decatur,0.8350666397448366,15036,0.8268367766333772,2441
2022,jul,19,031,Cedar,0.877015669289695,82001,0.8813025915387581,13569
2022,jul,19,151,Pocahontas,0.8578644337212799,98504,0.8784204889933668,16263
2022,jul,19,109,Kossuth,0.8697995332249278,165112,0.8903580409867661,27082
2022,jul,19,089,Howard,0.870010545571337,72776,0.8803284661118127,12623
2022,jul,19,147,Palo Alto,0.8598261976391137,95600,0.8813816929623544,15629
2022,jul,19,159,Ringgold,0.845172612196346,26555,0.8253402373055002,4372
2022,jul,19,025,Calhoun,0.8703433875259974,97132,0.8867242342738069,16000
2022,jul,19,039,Clarke,0.8222925997977377,14871,0.7975074680804918,2434
2022,jul,19,065,Fayette,0.8421657310472334,79790,0.8820939945194155,16429
2022,jul,19,001,Adair,0.8023468356756913,58889,0.8012564897238442,9867
2022,jul,19,037,Chickasaw,0.8604872108836789,71693,0.8812787461656388,13461
2022,jul,19,081,Hancock,0.8641097115489662,95391,0.8893356503541284,15702
2022,jul,19,157,Poweshiek,0.8742983277976187,74858,0.8707494488043481,12373
2022,jul,19,165,Shelby,0.8691372957244389,92433,0.8829966703935539,15379
2022,jul,19,185,Wayne,0.8557848890889143,29670,0.85093540085799,4858
2022,jul,19,097,Jackson,0.8176324374599278,55154,0.8619632004735597,9247
2022,jul,19,043,Clayton,0.8698325288217754,69732,0.8798132446526467,11448
2022,jul,19,007,Appanoose,0.856222739627936,14196,0.8475476692944697,2320
2022,jul,19,177,Van Buren,0.8494273455716463,26547,0.8400030641598073,4336
2022,jul,19,197,Wright,0.8731556000461038,95966,0.8896405087102702,15789
2022,jul,19,137,Montgomery,0.8482877454261087,50921,0.8404194763623059,8304
2022,jul,19,175,Union,0.8287860611823253,27970,0.8125012570990978,4620
2022,jul,19,107,Keokuk,0.8667706762662191,60704,0.8508683756056306,10064
2022,jul,19,131,Mitchell,0.8738891336859335,80998,0.8939098805567669,13798
2022,jul,19,191,Winneshiek,0.8593915253274443,58713,0.8760111511446947,13471
2022,jul,19,161,Sac,0.8656501204775264,91559,0.882679183687048,15062
2022,jul,19,055,Delaware,0.8696012473868768,97940,0.8750955062771498,16356
2022,jul,19,067,Floyd,0.8524013307847241,78140,0.886215831767057,13035
2022,jul,19,009,Audubon,0.85608248421177,62480,0.8721802647220178,10310
2022,jul,19,079,Hamilton,0.8689451914845578,99356,0.8871982031873323,16257
2022,jul,19,069,Franklin,0.8687337029890655,104395,0.8950110837087913,17108
2022,jul,19,141,O'Brien,0.873991471236849,93590,0.8767092350778435,15460
2022,jul,19,167,Sioux,0.8629929244008321,135971,0.8750120956282316,22613
2022,jul,19,005,Allamakee,0.8679813405475661,36738,0.8838330084537945,5964
2022,jul,19,189,Winnebago,0.8714640469099061,65588,0.8921763002094896,10798
2022,jul,19,093,Ida,0.8562196280417727,68401,0.8755773439917417,11161
2022,jul,19,029,Cass,0.8377939559079542,69816,0.8441744327491507,11546
2022,jul,19,083,Hardin,0.8678650652082235,94574,0.8981072727755067,15614
2022,jul,19,173,Taylor,0.8384586741192838,42537,0.8326872016735798,6982
2022,jul,19,145,Page,0.842477607727082,62891,0.83095310822578,10260
2022,jul,19,035,Cherokee,0.8498370045883282,82198,0.8625110599852139,13538
2022,jul,19,071,Fremont,0.8567907133244042,61658,0.8534684709907144,10129
2022,jul,19,095,Iowa,0.876860848163498,67826,0.8682976953825704,11228
2022,jul,19,023,Butler,0.8488188075967371,88876,0.8901015869964283,14672
2022,jul,19,063,Emmet,0.8891785853382829,62296,0.8915826797234204,10174
2022,jul,19,047,Crawford,0.853088445819527,111008,0.8757732533527774,18280
2022,jul,19,019,Buchanan,0.8624796669804584,93777,0.8735338807575314,16380
2022,jul,19,143,Osceola,0.8808893462552386,66292,0.8817792316830212,10994
2022,jul,19,073,Greene,0.8595097980198053,90195,0.8858219937204711,14663
2022,jul,19,087,Henry,0.858892142526268,41852,0.86013594299579,6884
2022,jul,19,119,Lyon,0.862276914434667,100301,0.8731168115313157,16462
2022,jul,19,003,Adams,0.8297813340806162,36410,0.8210039817849301,6018
2022,jul,19,133,Monona,0.84518274390472,90921,0.8620770407917736,15142
2022,jul,19,091,Humboldt,0.8539491163763793,72096,0.878795942304401,11857
2022,jul,19,115,Louisa,0.8775904994830106,42355,0.870505195713867,7020
2022,jul,19,171,Tama,0.8603207391145714,93221,0.8815622942249979,15271
2022,jul,19,135,Monroe,0.8612215962593539,12244,0.8337708471911404,1993
2022,jul,19,117,Lucas,0.8509564490797961,15004,0.825019478866733,2421
2022,jul,19,057,Des Moines,0.8732110790893178,37483,0.8664573602431865,6230
2022,jul,19,011,Benton,0.867527168740529,103821,0.8829235896058271,17234
2022,jul,19,113,Linn,0.8745230651220651,78753,0.871453548516311,13049
2022,jul,19,105,Jones,0.8675800343301658,79685,0.8709915696473075,13189
2022,jul,19,103,Johnson,0.8819012889019195,57569,0.8682080757282007,9603
2022,jul,19,183,Washington,0.87415328851591,61643,0.8557883065080961,10120
2022,jul,19,045,Clinton,0.8719477444799527,98458,0.8792560812113873,16604
2022,jul,19,163,Scott,0.8616139093952937,57053,0.8755176198397455,9435
2022,jul,19,139,Muscatine,0.8897077602257305,48484,0.8752285097617166,8081
2022,jul,19,169,Story,0.850476324688777,86743,0.8880851007661702,14142
2022,jul,19,015,Boone,0.8515274717801598,82937,0.8717875448116369,13749
2022,jul,19,121,Madison,0.8278940814586766,37340,0.8209167367030069,6158
2022,jul,19,181,Warren,0.8380007410802289,32660,0.8327663218745059,5389
2022,jul,19,049,Dallas,0.8491200018768028,71582,0.8446408923584511,11850
2022,jul,19,153,Polk,0.8399502535856208,41895,0.8452068466747515,6793
2022,jul,19,077,Guthrie,0.8433037769952927,58382,0.8541851376221655,9620
2022,jul,19,099,Jasper,0.8679138127603241,94144,0.8771692467603782,15576
2023,jul,19,149,Plymouth,0.8739401973320662,129745,0.8823688610251105,21229
2023,jul,19,193,Woodbury,0.845290298521068,117742,0.8458504070326909,19353
2023,jul,19,027,Carroll,0.8539021797131665,95859,0.8782921724449678,15780
2023,jul,19,061,Dubuque,0.8377352771504911,74445,0.8736439603175317,12240
2023,jul,19,101,Jefferson,0.8404257280634706,36901,0.8739392950304389,6051
2023,jul,19,187,Webster,0.8681563209506757,105870,0.892679850534182,17368
2023,jul,19,111,Lee,0.8277493481712465,39784,0.8787036968571744,6607
2023,jul,19,127,Marshall,0.8550673467184687,80032,0.8957113841901765,13233
2023,jul,19,195,Worth,0.8621760096546058,62521,0.8786350430275828,10380
2023,jul,19,033,Cerro Gordo,0.8723558189611689,92700,0.8871741859708961,15289
2023,jul,19,051,Davis,0.8269401521422464,24083,0.8550222513448759,3973
2023,jul,19,179,Wapello,0.8535867400371027,29519,0.890639322203445,4929
2023,jul,19,041,Clay,0.8774152296102516,80735,0.8901648622370505,13206
2023,jul,19,059,Dickinson,0.8708822230792698,51957,0.8667029152642759,8480
2023,jul,19,021,Buena Vista,0.8622918042452814,89827,0.8762780546971922,14749
2023,jul,19,013,Black Hawk,0.8512910863767463,78118,0.8685189042220565,12963
2023,jul,19,075,Grundy,0.8618685047883818,87102,0.8943108463445872,14262
2023,jul,19,017,Bremer,0.859899494255403,67022,0.8912668941673331,11039
2023,jul,19,085,Harrison,0.8458998078659662,95391,0.8629823700045981,15767
2023,jul,19,129,Mills,0.8548613095238357,53790,0.8950495370017016,8876
2023,jul,19,155,Pottawattamie,0.8489560326031634,131552,0.8847363553221183,21592
2023,jul,19,123,Mahaska,0.870957471880084,67102,0.9010978716300682,11179
2023,jul,19,125,Marion,0.8643707091664273,38789,0.8856321918194993,6307
2023,jul,19,053,Decatur,0.8460150835001768,19769,0.8757190542055762,3242
2023,jul,19,031,Cedar,0.86424226239955,84810,0.8906422735947356,13941
2023,jul,19,151,Pocahontas,0.8679657947003354,99426,0.8932005381772674,16448
2023,jul,19,109,Kossuth,0.8720665352246594,165375,0.8901736292326485,27038
2023,jul,19,089,Howard,0.8531869326758786,74676,0.8927584534466829,12358
2023,jul,19,147,Palo Alto,0.8568959434564369,88433,0.883880036988531,14492
2023,jul,19,159,Ringgold,0.8505821888173516,26032,0.8728783577692262,4286
2023,jul,19,025,Calhoun,0.8634073569370803,92212,0.8791869688509839,15110
2023,jul,19,039,Clarke,0.8522162222725412,18297,0.8696985389036598,3009
2023,jul,19,065,Fayette,0.8569690211377939,103000,0.8931807885719684,16975
2023,jul,19,001,Adair,0.8407526423799835,58655,0.8655204124943922,9701
2023,jul,19,037,Chickasaw,0.8541553379695803,81634,0.8838749020401991,13567
2023,jul,19,081,Hancock,0.876134467174683,103139,0.8986018616895791,16811
2023,jul,19,157,Poweshiek,0.8630005184444983,75576,0.9005851238412702,12610
2023,jul,19,165,Shelby,0.8634072541461556,94115,0.8734365111270885,15725
2023,jul,19,185,Wayne,0.8496076044761528,33129,0.8851267960285262,5414
2023,jul,19,097,Jackson,0.8226713998827229,58889,0.8513357823443647,9755
2023,jul,19,043,Clayton,0.8403318291639358,72493,0.876413159216501,12042
2023,jul,19,007,Appanoose,0.8462617624995579,18283,0.8718463804221159,3056
2023,jul,19,177,Van Buren,0.8337349714952337,25233,0.8581182579913779,4115
2023,jul,19,197,Wright,0.8691955744196561,93747,0.8904741050980385,15449
2023,jul,19,137,Montgomery,0.8507189446723595,52672,0.8995040873034073,8733
2023,jul,19,175,Union,0.8557293241169328,30312,0.8803823686754848,5007
2023,jul,19,107,Keokuk,0.8637596785026737,62598,0.8984692278705475,10489
2023,jul,19,131,Mitchell,0.8351971104141491,84342,0.8738393084430469,13965
2023,jul,19,191,Winneshiek,0.8545656312083475,85332,0.8899741047110805,14176
2023,jul,19,161,Sac,0.8466832640332027,91331,0.8680760931959807,15068
2023,jul,19,055,Delaware,0.8509980870085061,103221,0.8776033082157885,17262
2023,jul,19,067,Floyd,0.8557523965651694,78221,0.885366777994667,12949
2023,jul,19,009,Audubon,0.857510332426019,60593,0.8752384813897212,9912
2023,jul,19,079,Hamilton,0.8698239301091868,98358,0.8931530308547818,16118
2023,jul,19,069,Franklin,0.8742922421796032,105121,0.8996595370279262,17368
2023,jul,19,141,O'Brien,0.8874496544650006,95265,0.8949513241355591,15636
2023,jul,19,167,Sioux,0.8798455111323755,135867,0.8828543332562868,22353
2023,jul,19,005,Allamakee,0.8267148854886834,38633,0.8689411320085307,6218
2023,jul,19,189,Winnebago,0.8768824979614928,67701,0.8974139389866607,11299
2023,jul,19,093,Ida,0.835804769660402,70818,0.8624688712138482,11582
2023,jul,19,029,Cass,0.8503375699130833,72299,0.8746065519978571,11919
2023,jul,19,083,Hardin,0.8663805259649965,97543,0.893324023463732,16127
2023,jul,19,173,Taylor,0.85287139981425,43994,0.8865353180432588,7297
2023,jul,19,145,Page,0.865838192435715,60287,0.8999194015994368,9957
2023,jul,19,035,Cherokee,0.8605546655692645,83068,0.8668328183056714,13581
2023,jul,19,071,Fremont,0.8657274214767474,65339,0.8967760420222647,10797
2023,jul,19,095,Iowa,0.8678444593978714,65853,0.8978690013272305,10910
2023,jul,19,023,Butler,0.8530847332778957,87795,0.8909456138268107,14499
2023,jul,19,063,Emmet,0.8721947418418617,63761,0.8800044845084586,10460
2023,jul,19,047,Crawford,0.8412689790419744,107622,0.8688674170862228,17805
2023,jul,19,019,Buchanan,0.8587893669698459,105540,0.8752858009330583,17555
2023,jul,19,143,Osceola,0.8802182901784028,65964,0.8758804361022033,10744
2023,jul,19,073,Greene,0.8737048135393546,89106,0.8988853258451345,14529
2023,jul,19,087,Henry,0.8441414137158617,40391,0.8898589025418252,6685
2023,jul,19,119,Lyon,0.8831505112076937,101942,0.8767397233575813,16622
2023,jul,19,003,Adams,0.846282275122748,39679,0.8893662408634533,6576
2023,jul,19,133,Monona,0.8450651230373085,92168,0.8547563883677322,15226
2023,jul,19,091,Humboldt,0.8500803752246359,71235,0.8838936364184714,11790
2023,jul,19,115,Louisa,0.839140936024998,42693,0.8827519477240079,7121
2023,jul,19,171,Tama,0.8607892527161445,90644,0.8923842385159181,14904
2023,jul,19,135,Monroe,0.8552131266260026,14893,0.8776459159522105,2436
2023,jul,19,117,Lucas,0.8457018555956474,17249,0.872056296511121,2845
2023,jul,19,057,Des Moines,0.8223556485366319,39680,0.8816726380105779,6520
2023,jul,19,011,Benton,0.8653883613512429,104704,0.8822773948436622,17233
2023,jul,19,113,Linn,0.8402828512105132,81100,0.8445775162396243,13431
2023,jul,19,105,Jones,0.8544866556264376,79424,0.8630404597993737,13244
2023,jul,19,103,Johnson,0.8505056769093022,60114,0.8790652679854253,9945
2023,jul,19,183,Washington,0.8553699374430854,61889,0.8889754478602607,10172
2023,jul,19,045,Clinton,0.827785614519684,102658,0.8831381379317136,17130
2023,jul,19,163,Scott,0.832438255516593,57387,0.8774880475450064,9529
2023,jul,19,139,Muscatine,0.8440728198035374,48381,0.8858517818597416,7974
2023,jul,19,169,Story,0.8583124327431741,83291,0.8961380131570874,13685
2023,jul,19,015,Boone,0.875054730301418,81671,0.8972632103496243,13452
2023,jul,19,121,Madison,0.8501126915190281,35777,0.8591448686449276,5834
2023,jul,19,181,Warren,0.8579093212702243,32693,0.8688881098115063,5399
2023,jul,19,049,Dallas,0.8608282669503318,66188,0.8778807850755515,10993
2023,jul,19,153,Polk,0.853115766174272,40940,0.8750337421618936,6760
2023,jul,19,077,Guthrie,0.8545428301765824,58573,0.8747250014802438,9678
2023,jul,19,099,Jasper,0.8726014248613919,91663,0.9027047718299324,15162
2024,jul,19,149,Plymouth,0.8342967804170955,133251,0.8692510498205027,21910
2024,jul,19,193,Woodbury,0.8315783156851402,118992,0.8665148126077926,19651
2024,jul,19,027,Carroll,0.8573582514094593,98408,0.8791766516016684,16296
2024,jul,19,061,Dubuque,0.8414169452113062,85089,0.8457693847803829,14143
2024,jul,19,101,Jefferson,0.8389191446062357,38330,0.8712967578827675,6380
2024,jul,19,187,Webster,0.8619372044994527,110679,0.8702188814065729,18075
2024,jul,19,111,Lee,0.8326732745020378,38963,0.8854626576937806,6518
2024,jul,19,127,Marshall,0.875482433445158,84259,0.8705287871365964,14056
2024,jul,19,195,Worth,0.8365094929818825,61468,0.8477416186894945,10128
2024,jul,19,033,Cerro Gordo,0.8491561525709767,91866,0.8537105743254261,15201
2024,jul,19,051,Davis,0.8363340299925041,22950,0.8597205733963871,3737
2024,jul,19,179,Wapello,0.8237942001470316,30648,0.8612797011283313,5058
2024,jul,19,041,Clay,0.7780809718483128,80943,0.8267545195242796,13229
2024,jul,19,059,Dickinson,0.7471244128630472,50662,0.7874122260280756,8414
2024,jul,19,021,Buena Vista,0.8219034900741092,89271,0.860922887320444,14745
2024,jul,19,013,Black Hawk,0.8205767778110022,36848,0.8560357181744849,13072
2024,jul,19,075,Grundy,0.8819240821682982,69306,0.8816073119843689,14279
2024,jul,19,017,Bremer,0.8571059085927053,45476,0.8562618263451799,10992
2024,jul,19,085,Harrison,0.8232234652220718,102036,0.8683416220350877,17107
2024,jul,19,129,Mills,0.8605856480280867,55554,0.8853811721749073,9106
2024,jul,19,155,Pottawattamie,0.8221067462716417,134514,0.8622482800712165,22324
2024,jul,19,123,Mahaska,0.8057430571684849,68111,0.8594533406422863,11401
2024,jul,19,125,Marion,0.8318617393072524,40742,0.8380882604980325,6733
2024,jul,19,053,Decatur,0.8353527502255815,15859,0.8349154296648162,2703
2024,jul,19,031,Cedar,0.8730334405957054,80240,0.8807485781867301,13923
2024,jul,19,151,Pocahontas,0.8390896311022134,98410,0.8701974959903893,16337
2024,jul,19,109,Kossuth,0.8014571951939986,165622,0.8282736937671045,27239
2024,jul,19,089,Howard,0.841715276658572,64818,0.8463111273968054,12703
2024,jul,19,147,Palo Alto,0.7832104513910272,92792,0.8253163664783201,15303
2024,jul,19,159,Ringgold,0.8466853091183831,28890,0.8380441828404837,4700
2024,jul,19,025,Calhoun,0.8663623366754406,96349,0.8855125133074373,15975
2024,jul,19,039,Clarke,0.8175561016390904,16409,0.8224175729310647,2698
2024,jul,19,065,Fayette,0.8362641378954278,61712,0.8446153284345049,17755
2024,jul,19,001,Adair,0.8382327763947464,60155,0.8444940012583351,10116
2024,jul,19,037,Chickasaw,0.8094904089074553,28359,0.8399720867000866,14005
2024,jul,19,081,Hancock,0.8362944793365251,101276,0.8561470634858441,16554
2024,jul,19,157,Poweshiek,0.8354335412149929,42771,0.8715825899900085,12936
2024,jul,19,165,Shelby,0.8473394478737324,96058,0.8953994231180957,15904
2024,jul,19,185,Wayne,0.8337694678916727,29750,0.8376477192910776,5029
2024,jul,19,097,Jackson,0.8598020234963804,68532,0.8538500410506499,11472
2024,jul,19,043,Clayton,0.8339042927076539,77991,0.8540658591205144,13494
2024,jul,19,007,Appanoose,0.838716903716256,17459,0.840062831543849,2880
2024,jul,19,177,Van Buren,0.8522761709122743,27989,0.8792760968061658,4583
2024,jul,19,197,Wright,0.8457581856044788,97119,0.8526871649981318,15945
2024,jul,19,137,Montgomery,0.8596995677032984,52173,0.8697403210776377,8858
2024,jul,19,175,Union,0.8325253625174378,29190,0.8344013236854206,4855
2024,jul,19,107,Keokuk,0.8220121395004975,64234,0.8620340659423753,10767
2024,jul,19,131,Mitchell,0.855922345137743,80612,0.8589851546707062,14315
2024,jul,19,191,Winneshiek,0.846526717456876,77062,0.8431241371405924,15811
2024,jul,19,161,Sac,0.8538414634339992,93819,0.8869974359234057,15469
2024,jul,19,055,Delaware,0.844402801058678,89027,0.8613851959523254,17757
2024,jul,19,067,Floyd,0.8566520610584498,74541,0.8461427668483492,13485
2024,jul,19,009,Audubon,0.8581029859416656,65298,0.8756917703329136,10736
2024,jul,19,079,Hamilton,0.855939430628051,101804,0.869359825397597,16684
2024,jul,19,069,Franklin,0.8348919750343992,95825,0.8664291338159638,17806
2024,jul,19,141,O'Brien,0.8102886066199579,94320,0.8456780130688634,15334
2024,jul,19,167,Sioux,0.8315586085819517,139619,0.8652485698790238,22910
2024,jul,19,005,Allamakee,0.8201730138815917,52552,0.8344731772163495,8791
2024,jul,19,189,Winnebago,0.8105612138293361,65330,0.8355663852376163,10900
2024,jul,19,093,Ida,0.8495248170640906,69648,0.8833069188577467,11415
2024,jul,19,029,Cass,0.8513792282416719,73109,0.8667614462140065,12079
2024,jul,19,083,Hardin,0.857652389395622,97782,0.8700787929501378,16577
2024,jul,19,173,Taylor,0.839527921311163,44288,0.8673091655946336,7244
2024,jul,19,145,Page,0.8703217618736289,64987,0.8723350784664997,10834
2024,jul,19,035,Cherokee,0.8371671879754241,83990,0.8692164913256244,13726
2024,jul,19,071,Fremont,0.8741270942251184,67352,0.8876371422430873,11109
2024,jul,19,095,Iowa,0.8479638412465225,55200,0.870029834141611,11720
2024,jul,19,023,Butler,0.8718037581185357,58412,0.8657987362853174,14597
2024,jul,19,063,Emmet,0.7677186354841802,61182,0.8095661843169059,10053
2024,jul,19,047,Crawford,0.8548761288116907,116411,0.886971520871477,19335
2024,jul,19,019,Buchanan,0.8386929892959395,74277,0.8596040242931603,17718
2024,jul,19,143,Osceola,0.7987342268625994,65934,0.8304246751500215,10828
2024,jul,19,073,Greene,0.8699747887450711,87460,0.8800412916550923,14280
2024,jul,19,087,Henry,0.8201427086310689,42746,0.8911398738891383,7046
2024,jul,19,119,Lyon,0.8254834219220116,100701,0.8538397836662143,16637
2024,jul,19,003,Adams,0.839206462520224,38850,0.8526604678197399,6436
2024,jul,19,133,Monona,0.8045565344473905,96746,0.8390853672532925,16023
2024,jul,19,091,Humboldt,0.824890319165569,68384,0.8425978323752551,11218
2024,jul,19,115,Louisa,0.8487398001105649,42804,0.8877036211545718,7330
2024,jul,19,171,Tama,0.8862588350302649,59040,0.8746375596197739,15802
2024,jul,19,135,Monroe,0.8171583450971882,13637,0.8374392314080893,2222
2024,jul,19,117,Lucas,0.8191530090350554,17181,0.8320829130955733,2855
2024,jul,19,057,Des Moines,0.8148517536576884,33464,0.891323090368163,6450
2024,jul,19,011,Benton,0.8552116839150337,50261,0.8785626631386493,17309
2024,jul,19,113,Linn,0.8460647811343044,68072,0.8602074530222865,13390
2024,jul,19,105,Jones,0.8640796520466731,82794,0.8581787340362227,14035
2024,jul,19,103,Johnson,0.8543886881306993,61353,0.871237567501332,10410
2024,jul,19,183,Washington,0.8445750963728692,64679,0.880170034703237,10682
2024,jul,19,045,Clinton,0.8731635914253807,104208,0.8718513675982091,17359
2024,jul,19,163,Scott,0.8660205132306205,60131,0.8769276317178359,9924
2024,jul,19,139,Muscatine,0.8638956464030304,50369,0.8836856608589803,8338
2024,jul,19,169,Story,0.8379656980231991,85699,0.859836900130208,14131
2024,jul,19,015,Boone,0.8615348808708253,84752,0.8758068373404694,14082
2024,jul,19,121,Madison,0.8381687619358904,39336,0.8400640488300242,6463
2024,jul,19,181,Warren,0.7981015239069281,31723,0.8263702795717125,5511
2024,jul,19,049,Dallas,0.852344272630994,70987,0.8609644124913497,11809
2024,jul,19,153,Polk,0.8343303762396063,41002,0.8457483839333843,6920
2024,jul,19,077,Guthrie,0.8502495495443307,62611,0.8620844461735859,10354
2024,jul,19,099,Jasper,0.8633316562090416,93082,0.8574510855908097,15769
2025,jul,19,149,Plymouth,0.874640817725529,136263,0.909836813300846,22272
2025,jul,19,193,Woodbury,0.86835075520347,121979,0.9020192790920228,20047
2025,jul,19,027,Carroll,0.8836067002196623,100332,0.907355934621174,16749
2025,jul,19,061,Dubuque,0.8643985571794044,86469,0.8756603609844218,14632
2025,jul,19,101,Jefferson,0.8845118918214169,41685,0.8957334125706433,6952
2025,jul,19,187,Webster,0.8811896243043331,111098,0.9072676590421987,18389
2025,jul,19,111,Lee,0.8768717579409908,40558,0.8953542123956977,6759
2025,jul,19,127,Marshall,0.8829538958674882,84573,0.9036892716138696,14067
2025,jul,19,195,Worth,0.881019817887221,65338,0.905016887773144,10913
2025,jul,19,033,Cerro Gordo,0.8797674345626997,96949,0.8904700397725095,15995
2025,jul,19,051,Davis,0.8775502833763129,28891,0.8861142887182437,4830
2025,jul,19,179,Wapello,0.8883820647514193,33477,0.9073297196234448,5620
2025,jul,19,041,Clay,0.8848519894646745,84260,0.9022200782311472,13962
2025,jul,19,059,Dickinson,0.882345991891944,53582,0.901254006040689,8805
2025,jul,19,021,Buena Vista,0.8822739766328074,91666,0.9021688671326498,15086
2025,jul,19,013,Black Hawk,0.8801244745460773,79990,0.8860475854904686,13329
2025,jul,19,075,Grundy,0.8779070766278517,87896,0.8946321936907285,14518
2025,jul,19,017,Bremer,0.885101531101122,69964,0.8930128509242308,11763
2025,jul,19,085,Harrison,0.8722750941716055,104225,0.8894776007974097,17346
2025,jul,19,129,Mills,0.8779277860032182,56932,0.8961338479085825,9474
2025,jul,19,155,Pottawattamie,0.8806977717122232,138230,0.897057593214172,22879
2025,jul,19,123,Mahaska,0.8850903568695502,73654,0.913415006174134,12137
2025,jul,19,125,Marion,0.8752738915526094,42081,0.8919497006387721,7000
2025,jul,19,053,Decatur,0.8740729488316563,22377,0.868161890477781,3740
2025,jul,19,031,Cedar,0.8814485851675745,88485,0.914256670895245,14602
2025,jul,19,151,Pocahontas,0.8851642765547475,100854,0.908622030107935,16648
2025,jul,19,109,Kossuth,0.8842096726030826,170040,0.9027280896692654,27918
2025,jul,19,089,Howard,0.8732313821864899,80001,0.9059476953506038,13368
2025,jul,19,147,Palo Alto,0.8850660281464254,89849,0.9027194079049826,14727
2025,jul,19,159,Ringgold,0.8772189393973442,30638,0.86331603166366,5019
2025,jul,19,025,Calhoun,0.8888057968164353,95174,0.9071219253570966,15655
2025,jul,19,039,Clarke,0.8654614131502483,20149,0.8671154981460639,3376
2025,jul,19,065,Fayette,0.8728815772219026,114795,0.8904042993263425,19072
2025,jul,19,001,Adair,0.8758407483902544,62196,0.8720032953974017,10323
2025,jul,19,037,Chickasaw,0.877352314641713,88777,0.8911646707627802,14770
2025,jul,19,081,Hancock,0.8697860841497631,106478,0.8996206720594064,17512
2025,jul,19,157,Poweshiek,0.8819083817236247,83534,0.9118785726537342,13835
2025,jul,19,165,Shelby,0.8786049884744631,97857,0.9043358298933108,16066
2025,jul,19,185,Wayne,0.8780128769619927,36148,0.888641111830625,5974
2025,jul,19,097,Jackson,0.8593219106433748,69080,0.9011870144992082,11681
2025,jul,19,043,Clayton,0.8616667789848177,85268,0.8842793822201911,14344
2025,jul,19,007,Appanoose,0.8777402575918936,21341,0.8786870234162059,3563
2025,jul,19,177,Van Buren,0.8808002632889579,28465,0.8988111522017289,4743
2025,jul,19,197,Wright,0.8690271856570544,99591,0.8892218920761006,16433
2025,jul,19,137,Montgomery,0.8732160796564754,54701,0.8952468091278329,9089
2025,jul,19,175,Union,0.8668250611823383,32082,0.8706310016325068,5297
2025,jul,19,107,Keokuk,0.8873397701431563,69419,0.9071552824960188,11531
2025,jul,19,131,Mitchell,0.8764500727589319,88741,0.9095064719275796,14665
2025,jul,19,191,Winneshiek,0.8633156633965126,96788,0.8800387162544471,16782
2025,jul,19,161,Sac,0.8764570361523356,95196,0.905886356746823,15745
2025,jul,19,055,Delaware,0.8761534773317411,109447,0.8825094880531127,18178
2025,jul,19,067,Floyd,0.8776782650934397,84392,0.8972916100279517,13938
2025,jul,19,009,Audubon,0.8774885577656356,63411,0.8866347229904792,10544
2025,jul,19,079,Hamilton,0.8796931600936087,103742,0.8927702040902373,17004
2025,jul,19,069,Franklin,0.87734568299423,112770,0.8829603350598473,18593
2025,jul,19,141,O'Brien,0.8823688365287788,97911,0.9069387008709882,16098
2025,jul,19,167,Sioux,0.8719911048719191,143403,0.909443826032362,23747
2025,jul,19,005,Allamakee,0.834299685515042,56275,0.8647825400314738,9367
2025,jul,19,189,Winnebago,0.8858078316507899,68633,0.909549587736091,11394
2025,jul,19,093,Ida,0.8802981718544935,74340,0.9068330455849628,12204
2025,jul,19,029,Cass,0.8783772772892284,76862,0.8911048177451858,12733
2025,jul,19,083,Hardin,0.8787928848269123,101822,0.8902250481759478,16890
2025,jul,19,173,Taylor,0.8738158371405849,48440,0.8799252373465655,8095
2025,jul,19,145,Page,0.8737068468916112,65248,0.8966989799465379,10930
2025,jul,19,035,Cherokee,0.8797564935013891,83249,0.9034631428572196,13676
2025,jul,19,071,Fremont,0.8784728184952686,69523,0.901022631615646,11512
2025,jul,19,095,Iowa,0.877277654181609,71134,0.9096751724337224,11891
2025,jul,19,023,Butler,0.8753056572867004,93287,0.8843890072627755,15590
2025,jul,19,063,Emmet,0.8944833255908855,64001,0.9088929371795504,10456
2025,jul,19,047,Crawford,0.8801838669678513,119853,0.9039261300049348,19867
2025,jul,19,019,Buchanan,0.879405336463375,111292,0.8849682563594566,18610
2025,jul,19,143,Osceola,0.8737121039571106,67505,0.9073312655929868,11113
2025,jul,19,073,Greene,0.8832276806650017,92938,0.909032907500609,15299
2025,jul,19,087,Henry,0.8743677970516008,43325,0.900813474148122,7164
2025,jul,19,119,Lyon,0.8726517075091442,105926,0.9154388902025626,17477
2025,jul,19,003,Adams,0.8686362528464929,42933,0.887059792081935,7150
2025,jul,19,133,Monona,0.8717496883638568,102894,0.8991663745339331,16902
2025,jul,19,091,Humboldt,0.8771753633128693,72193,0.9133160822970284,11792
2025,jul,19,115,Louisa,0.8713526265412597,44916,0.8955028525569145,7430
2025,jul,19,171,Tama,0.8841048421128002,100364,0.8979707395378818,16748
2025,jul,19,135,Monroe,0.8743561641213177,16993,0.8867467693945791,2779
2025,jul,19,117,Lucas,0.873496115985593,19810,0.8793172389151335,3294
2025,jul,19,057,Des Moines,0.8681271818781493,41503,0.8911585323085365,6850
2025,jul,19,011,Benton,0.8798940309390131,111122,0.9019380636722566,18439
2025,jul,19,113,Linn,0.8740188441517937,85764,0.8864587243007199,14309
2025,jul,19,105,Jones,0.8752846956435194,83330,0.899320306245459,13974
2025,jul,19,103,Johnson,0.8698741834571637,64633,0.897077910922293,10781
2025,jul,19,183,Washington,0.8778194315574159,66473,0.8962305174567992,10912
2025,jul,19,045,Clinton,0.8694618697465571,107066,0.9047242612920332,18029
2025,jul,19,163,Scott,0.8697345834350909,59383,0.8972413551904642,9879
2025,jul,19,139,Muscatine,0.8761820643302332,50909,0.908636327281045,8527
2025,jul,19,169,Story,0.882766495895863,89936,0.8919201837662301,14864
2025,jul,19,015,Boone,0.8830974612355394,84058,0.8975807631436293,13924
2025,jul,19,121,Madison,0.8761898076912968,38942,0.8686571969209963,6400
2025,jul,19,181,Warren,0.8764632736464274,35585,0.8684049503205226,5856
2025,jul,19,049,Dallas,0.8843140772453774,69625,0.8815403618591809,11597
2025,jul,19,153,Polk,0.8837699296186564,42573,0.8749028528885882,7025
2025,jul,19,077,Guthrie,0.8772172727518696,62255,0.8882924944280459,10296
2025,jul,19,099,Jasper,0.8872190870993832,99256,0.8960093496588399,16470
2018,aug,19,149,Plymouth,0.8450771102615033,121796,0.8021047720231307,19746
2018,aug,19,193,Woodbury,0.8250520447625272,113408,0.7740689239672197,18563
2018,aug,19,027,Carroll,0.8300316189449565,99848,0.7551944088360072,16235
2018,aug,19,061,Dubuque,0.8460974787176964,70566,0.7700716475788133,11566
2018,aug,19,101,Jefferson,0.7528170095644201,36299,0.6646213300916791,5920
2018,aug,19,187,Webster,0.8010226701780795,109891,0.769137763026082,17906
2018,aug,19,111,Lee,0.7642206483095031,39463,0.6614922497356116,6497
2018,aug,19,127,Marshall,0.8205203900850855,81451,0.7716740893711977,13413
2018,aug,19,195,Worth,0.8564017509562818,61286,0.8541912809529065,10008
2018,aug,19,033,Cerro Gordo,0.8467962555535022,88368,0.8392756876507184,14423
2018,aug,19,051,Davis,0.6811333927989166,22167,0.6450872673363051,3659
2018,aug,19,179,Wapello,0.7307928589081635,29830,0.6459489202564155,4889
2018,aug,19,041,Clay,0.7921567727690333,85045,0.8183584862925813,13776
2018,aug,19,059,Dickinson,0.7959595797003117,50493,0.8333520465400226,8293
2018,aug,19,021,Buena Vista,0.8213206633134904,89494,0.8099648377957288,14480
2018,aug,19,013,Black Hawk,0.8116580138455406,81555,0.8051430524891938,13288
2018,aug,19,075,Grundy,0.8256983030504379,85592,0.8267057740554488,13974
2018,aug,19,017,Bremer,0.836906010497972,68310,0.8275025042520749,11292
2018,aug,19,085,Harrison,0.8024235959562465,92652,0.7060453626633602,15260
2018,aug,19,129,Mills,0.8074689221869399,52375,0.7077065871943404,8536
2018,aug,19,155,Pottawattamie,0.8121806155694503,127709,0.7389963434387087,20971
2018,aug,19,123,Mahaska,0.7365850934809494,67677,0.6376636295616404,11126
2018,aug,19,125,Marion,0.7006996997315527,41884,0.6531765262832934,6879
2018,aug,19,053,Decatur,0.6990730783963289,21169,0.6735510956911188,3474
2018,aug,19,031,Cedar,0.8332237634319807,81144,0.7350926847926674,13337
2018,aug,19,151,Pocahontas,0.8086210994116253,97929,0.8049051470442776,16012
2018,aug,19,109,Kossuth,0.8072485727403202,172705,0.8319476215772721,28016
2018,aug,19,089,Howard,0.8315507198422997,54300,0.8310703017479274,11895
2018,aug,19,147,Palo Alto,0.7776433721602498,97014,0.8076798448549455,15756
2018,aug,19,159,Ringgold,0.7103652923925622,31842,0.6805445622529938,5261
2018,aug,19,025,Calhoun,0.8240321998487954,95138,0.7787777401323133,15419
2018,aug,19,039,Clarke,0.7146844065758426,19671,0.6818071279307997,3199
2018,aug,19,065,Fayette,0.8323332361255273,100037,0.8136131847941821,16533
2018,aug,19,001,Adair,0.7420404415316937,65958,0.6986745567898465,10909
2018,aug,19,037,Chickasaw,0.8427636978144929,73013,0.829595263979907,12979
2018,aug,19,081,Hancock,0.8379185594681804,102151,0.8435162835428274,16630
2018,aug,19,157,Poweshiek,0.8180883927711582,76138,0.7060738896496457,12387
2018,aug,19,165,Shelby,0.8139737778622179,95638,0.7318337070123563,15719
2018,aug,19,185,Wayne,0.6545531158626288,30448,0.6224581265214907,4973
2018,aug,19,097,Jackson,0.8433261474360849,55624,0.7608934834986395,9106
2018,aug,19,043,Clayton,0.8445406228657235,73115,0.8207664616362379,11922
2018,aug,19,007,Appanoose,0.6576204114586018,17364,0.6338072346362121,2879
2018,aug,19,177,Van Buren,0.7426559992342178,28242,0.6618950757807363,4541
2018,aug,19,197,Wright,0.8268089117513365,98998,0.8171216567908126,16227
2018,aug,19,137,Montgomery,0.8081226201199642,51290,0.7358758486558912,8304
2018,aug,19,175,Union,0.7535119905300065,34111,0.7138999249203771,5626
2018,aug,19,107,Keokuk,0.7951642086273181,59087,0.6891677462086377,9753
2018,aug,19,131,Mitchell,0.8487497896290588,61016,0.8465575327405568,12969
2018,aug,19,191,Winneshiek,0.8414460741755597,70954,0.835506667875458,13160
2018,aug,19,161,Sac,0.8395212826700216,89285,0.80023682190747,14396
2018,aug,19,055,Delaware,0.8314280469028846,101394,0.7467847830334527,16661
2018,aug,19,067,Floyd,0.8330142959369603,67829,0.8283923516580887,12694
2018,aug,19,009,Audubon,0.8128494513850336,68793,0.7286752058472922,11215
2018,aug,19,079,Hamilton,0.8239409764520188,104935,0.7516140403643766,16987
2018,aug,19,069,Franklin,0.8572794859385237,109285,0.8319953211647058,17862
2018,aug,19,141,O'Brien,0.8306813444406268,91522,0.8359518482667705,14937
2018,aug,19,167,Sioux,0.8357715205731551,135682,0.8095929897023383,22311
2018,aug,19,005,Allamakee,0.842319328864462,36674,0.8361753387862568,5827
2018,aug,19,189,Winnebago,0.8367193645972483,67567,0.8403400608553101,11099
2018,aug,19,093,Ida,0.8520740759668298,68521,0.8145813083106522,11088
2018,aug,19,029,Cass,0.7887267066636525,73163,0.7162956932519797,12009
2018,aug,19,083,Hardin,0.8360946384022754,99138,0.8075857395694339,16178
2018,aug,19,173,Taylor,0.7365894868696411,46960,0.7132581567188035,7746
2018,aug,19,145,Page,0.7903198149868641,61706,0.7244986423701679,10010
2018,aug,19,035,Cherokee,0.8332631189754122,82914,0.8017351626495928,13342
2018,aug,19,071,Fremont,0.7978346598116953,59940,0.6935442959073201,9711
2018,aug,19,095,Iowa,0.8267313521642827,64811,0.7471583329153786,10651
2018,aug,19,023,Butler,0.8447135317022934,92249,0.8340262545276178,14962
2018,aug,19,063,Emmet,0.7925615298283586,61211,0.8367390518420983,9913
2018,aug,19,047,Crawford,0.8449323270634488,111389,0.7877255195099319,18200
2018,aug,19,019,Buchanan,0.8242359481915917,104729,0.766161987787074,17243
2018,aug,19,143,Osceola,0.8154204288122741,64043,0.8504242971898964,10406
2018,aug,19,073,Greene,0.8055845731557442,91599,0.7338750570440383,14773
2018,aug,19,087,Henry,0.749526624244521,42995,0.6448315777455023,7034
2018,aug,19,119,Lyon,0.8274980235544889,99117,0.8246460170969667,16066
2018,aug,19,003,Adams,0.7556697869899419,42053,0.7257034243556031,6913
2018,aug,19,133,Monona,0.7855480313101983,91757,0.7343700707441814,15089
2018,aug,19,091,Humboldt,0.7970079482305352,74685,0.8084145576271758,12284
2018,aug,19,115,Louisa,0.7646404529640985,41534,0.6647241533714117,6834
2018,aug,19,171,Tama,0.8223911733691168,90546,0.8044468884300275,14692
2018,aug,19,135,Monroe,0.6386452569179216,15409,0.6298127079460559,2511
2018,aug,19,117,Lucas,0.6394479791538105,16423,0.6283956159566138,2677
2018,aug,19,057,Des Moines,0.7460438762720348,37944,0.6275687015296633,6290
2018,aug,19,011,Benton,0.8206879948403089,101954,0.7547802137986652,16765
2018,aug,19,113,Linn,0.8273321539764108,79545,0.7291157381303759,13016
2018,aug,19,105,Jones,0.8418704180954667,80023,0.7464457404921081,13036
2018,aug,19,103,Johnson,0.8162374204005045,56890,0.7287573544419609,9441
2018,aug,19,183,Washington,0.8018683929016757,61956,0.7110120941869602,10132
2018,aug,19,045,Clinton,0.8334524272103558,100791,0.7180902018737162,16597
2018,aug,19,163,Scott,0.8271500542364033,58049,0.7105016006787782,9557
2018,aug,19,139,Muscatine,0.7957327727471737,48581,0.6801260239935557,8138
2018,aug,19,169,Story,0.7936520473321241,87607,0.7156321473890442,14156
2018,aug,19,015,Boone,0.7993864931353081,84457,0.688293991008064,13867
2018,aug,19,121,Madison,0.734323737231069,43024,0.6772826539829061,7089
2018,aug,19,181,Warren,0.6751288935125274,36373,0.658073654115312,5937
2018,aug,19,049,Dallas,0.7623601976919868,72903,0.6406464159782823,11961
2018,aug,19,153,Polk,0.7420917406493442,45177,0.6750135555069885,7223
2018,aug,19,077,Guthrie,0.7859324086181017,63116,0.7181621962981939,10288
2018,aug,19,099,Jasper,0.8041357812923161,94017,0.704220346527221,15437
2019,aug,19,149,Plymouth,0.8771216095120944,131082,0.8782279601109382,21172
2019,aug,19,193,Woodbury,0.8558622521213339,125212,0.8575431825270425,20395
2019,aug,19,027,Carroll,0.8792011495786302,104505,0.8868153144075441,17018
2019,aug,19,061,Dubuque,0.8633876319817484,78226,0.8369034338182917,12877
2019,aug,19,101,Jefferson,0.8248931786479018,38274,0.8312325902621918,6257
2019,aug,19,187,Webster,0.8626123256616585,116872,0.871811568402967,19065
2019,aug,19,111,Lee,0.8043889895891803,39423,0.8072633793254508,6445
2019,aug,19,127,Marshall,0.8454624113519857,87186,0.8680027352812759,14254
2019,aug,19,195,Worth,0.8621462222070044,64262,0.868563458475805,10636
2019,aug,19,033,Cerro Gordo,0.8703925359985973,97491,0.8592072730050542,16005
2019,aug,19,051,Davis,0.800159067426227,23443,0.8132459915624543,3936
2019,aug,19,179,Wapello,0.8248828287333327,19486,0.8441051262382595,4983
2019,aug,19,041,Clay,0.8502583933526013,84689,0.8715270006157998,13879
2019,aug,19,059,Dickinson,0.8485301911872841,52927,0.8624740999907142,8618
2019,aug,19,021,Buena Vista,0.8689720837850955,94259,0.8855922317729812,15347
2019,aug,19,013,Black Hawk,0.7961290629436449,86334,0.830043972489654,14204
2019,aug,19,075,Grundy,0.8403288629044999,92784,0.8587358737410462,15108
2019,aug,19,017,Bremer,0.8127398754372802,66486,0.8514916295578098,12194
2019,aug,19,085,Harrison,0.8647516817302399,95439,0.8767996800488442,15572
2019,aug,19,129,Mills,0.8567833672021312,48926,0.8754495655965708,8042
2019,aug,19,155,Pottawattamie,0.8653689512449273,130383,0.8902412423968644,21340
2019,aug,19,123,Mahaska,0.6227121205339247,2769,0.851167648096699,11602
2019,aug,19,125,Marion,0.6934089633965037,8273,0.829881168620821,6915
2019,aug,19,053,Decatur,0.8011892945373675,13742,0.8331522090737175,2859
2019,aug,19,031,Cedar,0.854601185347321,87506,0.8617795384256448,14280
2019,aug,19,151,Pocahontas,0.8633376353076831,102867,0.8767607875605616,16933
2019,aug,19,109,Kossuth,0.8653862819167554,177326,0.8783603415730931,28946
2019,aug,19,089,Howard,0.8560363355002384,78595,0.8500663650233367,12974
2019,aug,19,147,Palo Alto,0.8616727734283325,93888,0.8741808861306127,15240
2019,aug,19,159,Ringgold,0.8278048496803821,26661,0.8358934715434286,4356
2019,aug,19,025,Calhoun,0.8706075668609854,100046,0.8826812563702255,16342
2019,aug,19,039,Clarke,0.8175605795988282,12243,0.8304499431251862,2842
2019,aug,19,065,Fayette,0.8412028718388014,109328,0.8436718764089384,18647
2019,aug,19,001,Adair,0.8410731525736261,64845,0.8548113776703119,10647
2019,aug,19,037,Chickasaw,0.8590764317644753,86148,0.8474999605659483,14320
2019,aug,19,081,Hancock,0.8684410422026488,111769,0.871408396516395,18097
2019,aug,19,157,Poweshiek,0.7671808839844595,55804,0.8400066817178952,14262
2019,aug,19,165,Shelby,0.8802777610911388,98518,0.897886521199752,16220
2019,aug,19,185,Wayne,0.7829521899321829,23074,0.8276204497603121,5171
2019,aug,19,097,Jackson,0.858330359381359,61140,0.8314905345116305,10168
2019,aug,19,043,Clayton,0.8586222861200815,81609,0.8228478630430054,13525
2019,aug,19,007,Appanoose,0.7801925087838802,9400,0.82829202073919,2684
2019,aug,19,177,Van Buren,0.8045132044680662,25125,0.8069381314926812,4092
2019,aug,19,197,Wright,0.8725950615375663,103035,0.8649876797596013,16853
2019,aug,19,137,Montgomery,0.8492399007708538,53264,0.8741571517463591,8770
2019,aug,19,175,Union,0.8427566276418981,31317,0.85065186061452,5136
2019,aug,19,107,Keokuk,0.8248120670671195,50732,0.8491667190853478,10938
2019,aug,19,131,Mitchell,0.8529513334661075,87903,0.8657543558770796,14562
2019,aug,19,191,Winneshiek,0.8656818481743687,92439,0.8396007381530846,15296
2019,aug,19,161,Sac,0.874436153312756,97747,0.884885694455143,16067
2019,aug,19,055,Delaware,0.8568672061554093,112146,0.8199845962970564,18489
2019,aug,19,067,Floyd,0.852533073728739,82958,0.8356408487639648,13675
2019,aug,19,009,Audubon,0.8749877950370084,66135,0.8924779592423788,10747
2019,aug,19,079,Hamilton,0.872400485024477,108225,0.859567739475058,17668
2019,aug,19,069,Franklin,0.877057749483934,115528,0.8668037599987461,18942
2019,aug,19,141,O'Brien,0.8703778954391439,98949,0.8913726227933069,16138
2019,aug,19,167,Sioux,0.8612756405440587,148606,0.8751595278897902,24252
2019,aug,19,005,Allamakee,0.856911922165639,42711,0.8295004182302939,6937
2019,aug,19,189,Winnebago,0.8632479218278375,70803,0.8745151243606883,11723
2019,aug,19,093,Ida,0.871580333062368,73422,0.8836974156488981,11941
2019,aug,19,029,Cass,0.857370862928155,77893,0.8839766436953955,12721
2019,aug,19,083,Hardin,0.8628521088521817,108123,0.8600528746061352,17816
2019,aug,19,173,Taylor,0.8246646163481228,49165,0.8470583486103263,8038
2019,aug,19,145,Page,0.8489448970197367,62946,0.8585667594471621,10339
2019,aug,19,035,Cherokee,0.8758170748906111,85617,0.8838267776736571,13917
2019,aug,19,071,Fremont,0.86223307423102,51380,0.8731709053578162,8431
2019,aug,19,095,Iowa,0.8393379015252641,60708,0.8518459089024171,10975
2019,aug,19,023,Butler,0.8527506253911749,100194,0.8478119696012519,16477
2019,aug,19,063,Emmet,0.8616291375587076,64078,0.8805174116615636,10502
2019,aug,19,047,Crawford,0.8790255630688633,116657,0.8862315999419378,19132
2019,aug,19,019,Buchanan,0.8385336227208542,114417,0.8475629373426453,18937
2019,aug,19,143,Osceola,0.8632626205074985,68006,0.8775483604961738,11142
2019,aug,19,073,Greene,0.870822595141415,97948,0.8795582356180704,15998
2019,aug,19,087,Henry,0.8187145166242306,41288,0.8074448941515956,6753
2019,aug,19,119,Lyon,0.8540628577360355,106543,0.8729802500229318,17327
2019,aug,19,003,Adams,0.8421351376062889,40478,0.8597841257243756,6663
2019,aug,19,133,Monona,0.8486308189775382,98048,0.8511248179365193,16120
2019,aug,19,091,Humboldt,0.8659315145415684,76767,0.8826633418977985,12611
2019,aug,19,115,Louisa,0.817798375422575,42467,0.8101136397330742,7056
2019,aug,19,171,Tama,0.8352477463645515,98330,0.8530021352545194,16003
2019,aug,19,135,Monroe,0.7738803928394045,3556,0.8320179603740562,2274
2019,aug,19,117,Lucas,0.7649179280756694,4421,0.8334773828591716,2742
2019,aug,19,057,Des Moines,0.8153902016920614,37367,0.807525684099808,6136
2019,aug,19,011,Benton,0.8346033639742843,108089,0.8464318263781576,17665
2019,aug,19,113,Linn,0.8517206426798323,86592,0.8535819060762412,14292
2019,aug,19,105,Jones,0.8559526915394581,84660,0.8439967229052749,14055
2019,aug,19,103,Johnson,0.8372445317863761,59663,0.8415106078080372,9752
2019,aug,19,183,Washington,0.838809030795064,64940,0.8446453924846694,10624
2019,aug,19,045,Clinton,0.8556155510759987,104630,0.8541824235365137,17424
2019,aug,19,163,Scott,0.8519728144056461,57973,0.8386499695176921,9559
2019,aug,19,139,Muscatine,0.8395496840560956,48281,0.8464435194249463,7982
2019,aug,19,169,Story,0.8572177969055227,94768,0.8502717802787204,15380
2019,aug,19,015,Boone,0.8637546934290083,90919,0.8458821206391741,14844
2019,aug,19,121,Madison,0.8431864818622861,39730,0.8375334635578424,6430
2019,aug,19,181,Warren,0.8050666056102077,20745,0.8252874272952915,6179
2019,aug,19,049,Dallas,0.8585223824915865,73373,0.8496894186692333,12025
2019,aug,19,153,Polk,0.8305628903668832,45476,0.8362840871010271,7477
2019,aug,19,077,Guthrie,0.8593037246904824,64794,0.8754225419455497,10572
2019,aug,19,099,Jasper,0.7770990257590487,95072,0.8637745162953782,16713
2020,aug,19,149,Plymouth,0.8249128557613531,132220,0.7973596992205002,21461
2020,aug,19,193,Woodbury,0.8150325027663954,119548,0.7787144122177596,19608
2020,aug,19,027,Carroll,0.7547293885086612,105315,0.7315804547935993,17232
2020,aug,19,061,Dubuque,0.8460818330370131,79411,0.8177088059890019,13194
2020,aug,19,101,Jefferson,0.8134886537744749,38643,0.7769861927934091,6342
2020,aug,19,187,Webster,0.813635598829957,117932,0.7188661412123989,19257
2020,aug,19,111,Lee,0.8237487999127004,41784,0.7823260604570912,6855
2020,aug,19,127,Marshall,0.7562310067773897,87203,0.7352248173400809,14435
2020,aug,19,195,Worth,0.846033881849651,66439,0.8230745707825984,10924
2020,aug,19,033,Cerro Gordo,0.830757183714282,100184,0.8074015879601457,16510
2020,aug,19,051,Davis,0.7653536225610327,22823,0.7341771582364707,3722
2020,aug,19,179,Wapello,0.77143377175431,30060,0.7553897855566595,4903
2020,aug,19,041,Clay,0.8178716413364601,85700,0.730468056891969,13971
2020,aug,19,059,Dickinson,0.8303797989354389,54164,0.7720303370972493,8874
2020,aug,19,021,Buena Vista,0.8235341452320022,93202,0.755522373427834,15165
2020,aug,19,013,Black Hawk,0.8073062223340726,90053,0.7713680458503933,14783
2020,aug,19,075,Grundy,0.8144368947374451,93440,0.7896678421614842,15419
2020,aug,19,017,Bremer,0.8241282398459847,75546,0.7746871380938773,12540
2020,aug,19,085,Harrison,0.7906162602150291,103209,0.7565555795397517,17102
2020,aug,19,129,Mills,0.8092373063705298,55379,0.7907762676461799,9159
2020,aug,19,155,Pottawattamie,0.8165000732838256,137798,0.7571679975814417,22669
2020,aug,19,123,Mahaska,0.7767435773430932,73015,0.7437327127570629,11953
2020,aug,19,125,Marion,0.7901250194810779,42215,0.7545143324827783,6995
2020,aug,19,053,Decatur,0.7884153353635576,17092,0.7489563843564581,2799
2020,aug,19,031,Cedar,0.8037794059520642,87154,0.7752158343902724,14352
2020,aug,19,151,Pocahontas,0.8287979430038288,101875,0.7483500827913846,16718
2020,aug,19,109,Kossuth,0.8276641668774519,174613,0.8010575759320867,28475
2020,aug,19,089,Howard,0.8340637642497145,81421,0.7988387665517891,13343
2020,aug,19,147,Palo Alto,0.8037446411441395,100164,0.7404856912426494,16281
2020,aug,19,159,Ringgold,0.8091584689916169,28024,0.7431965365653705,4643
2020,aug,19,025,Calhoun,0.75152442134192,102035,0.6891519594211163,16664
2020,aug,19,039,Clarke,0.7862042518617918,16944,0.7374044872503193,2800
2020,aug,19,065,Fayette,0.8342494916800564,112151,0.7746449496645913,18471
2020,aug,19,001,Adair,0.7981821165568219,63142,0.7255003710359994,10447
2020,aug,19,037,Chickasaw,0.8276586633192994,88791,0.7727462956775699,14633
2020,aug,19,081,Hancock,0.8479978973581189,112073,0.8217433320848374,18294
2020,aug,19,157,Poweshiek,0.7749260801866026,85032,0.7195755444456061,13970
2020,aug,19,165,Shelby,0.8038604008740703,98733,0.7661368932191347,16260
2020,aug,19,185,Wayne,0.818067541753757,30838,0.766558635125068,5034
2020,aug,19,097,Jackson,0.8296821375478098,63727,0.8208392105744265,10603
2020,aug,19,043,Clayton,0.8470866196726691,80743,0.8160504445804074,13335
2020,aug,19,007,Appanoose,0.7534083850203481,16644,0.7163800472557839,2721
2020,aug,19,177,Van Buren,0.8024085225898346,28354,0.7631674927047213,4523
2020,aug,19,197,Wright,0.8030123622764672,104446,0.7392999413818181,17107
2020,aug,19,137,Montgomery,0.7967714204134141,53355,0.7754634909988807,8730
2020,aug,19,175,Union,0.8156725322189942,30794,0.755384651816353,5063
2020,aug,19,107,Keokuk,0.7847631897848454,66028,0.74512850157143,10989
2020,aug,19,131,Mitchell,0.8385869977249699,88611,0.8104630285903844,14647
2020,aug,19,191,Winneshiek,0.8293079134730775,91864,0.7810544695367772,15181
2020,aug,19,161,Sac,0.7543759736602693,93778,0.724613772561929,15281
2020,aug,19,055,Delaware,0.8344299072155653,108921,0.794651649766837,18009
2020,aug,19,067,Floyd,0.8321129190038311,84410,0.7834363269513918,13989
2020,aug,19,009,Audubon,0.7976026755727026,65427,0.7449605798323514,10719
2020,aug,19,079,Hamilton,0.8224544484503672,109755,0.74236503037217,17880
2020,aug,19,069,Franklin,0.8216848978572343,119710,0.7715803260444134,19574
2020,aug,19,141,O'Brien,0.8501435529760356,98645,0.7890539147692714,16196
2020,aug,19,167,Sioux,0.8212350916543163,145299,0.7784660810654356,24015
2020,aug,19,005,Allamakee,0.8423426585045357,43096,0.8151020514818643,7014
2020,aug,19,189,Winnebago,0.8489846832366471,70125,0.8412672942363115,11606
2020,aug,19,093,Ida,0.7904526508325374,71387,0.7580608398341309,11564
2020,aug,19,029,Cass,0.7885067685105255,73993,0.7556600382639264,12169
2020,aug,19,083,Hardin,0.8037159833057385,106731,0.7426427416181131,17544
2020,aug,19,173,Taylor,0.8175955499175463,45756,0.7739419203895623,7454
2020,aug,19,145,Page,0.8117111673582781,66133,0.8032148496022816,10799
2020,aug,19,035,Cherokee,0.8266297912863853,85084,0.7864242727899201,13859
2020,aug,19,071,Fremont,0.8181882405084192,62599,0.8068853769814782,10270
2020,aug,19,095,Iowa,0.770291835404691,73341,0.7258352264539255,12097
2020,aug,19,023,Butler,0.8197291942538106,103078,0.7680169580786184,16930
2020,aug,19,063,Emmet,0.8419182072435994,64928,0.7841067228302143,10530
2020,aug,19,047,Crawford,0.7941003552902863,117619,0.7812243534191563,19273
2020,aug,19,019,Buchanan,0.8249994528242276,116860,0.7850957144334704,19366
2020,aug,19,143,Osceola,0.8441061198481392,69815,0.7896056437023712,11453
2020,aug,19,073,Greene,0.7640587613584394,94880,0.7039754862471873,15328
2020,aug,19,087,Henry,0.8189578132446763,43600,0.7855274850720165,7112
2020,aug,19,119,Lyon,0.8431987465986274,106196,0.7994164305080329,17326
2020,aug,19,003,Adams,0.8132356760111923,39908,0.7713439005495426,6565
2020,aug,19,133,Monona,0.8137141928114163,96475,0.7743863184000555,15949
2020,aug,19,091,Humboldt,0.8200708437919493,80188,0.7862074853379691,13221
2020,aug,19,115,Louisa,0.8275858734669559,44204,0.7876297947607523,7306
2020,aug,19,171,Tama,0.768469835073542,99284,0.7442782259817999,16151
2020,aug,19,135,Monroe,0.7603326555264857,12889,0.7567986259967512,2085
2020,aug,19,117,Lucas,0.7921620936733005,16035,0.7389584234600053,2588
2020,aug,19,057,Des Moines,0.8278816858931176,40278,0.7756878175580892,6643
2020,aug,19,011,Benton,0.7456819037031857,110328,0.7197598977610367,18173
2020,aug,19,113,Linn,0.7858748197919332,87404,0.7634280673191984,14481
2020,aug,19,105,Jones,0.8133739640211102,85686,0.7866953502005771,14090
2020,aug,19,103,Johnson,0.78385758833895,61691,0.7615771086149893,10307
2020,aug,19,183,Washington,0.796294667937925,66537,0.7563107735598562,10964
2020,aug,19,045,Clinton,0.8099613257525332,109186,0.7991643854385355,18045
2020,aug,19,163,Scott,0.8010613513691548,62715,0.7766643598482523,10261
2020,aug,19,139,Muscatine,0.8040101286862211,52592,0.7696654924460099,8776
2020,aug,19,169,Story,0.7696558896195785,93776,0.7122852218368303,15188
2020,aug,19,015,Boone,0.7934633562296814,90233,0.692095677554773,14883
2020,aug,19,121,Madison,0.8074751268151278,40236,0.7380168784225362,6693
2020,aug,19,181,Warren,0.7953300708649164,34918,0.7534526353451737,5715
2020,aug,19,049,Dallas,0.7347577436249851,75324,0.6412862878348426,12478
2020,aug,19,153,Polk,0.7388402207849567,46543,0.6877388813241673,7514
2020,aug,19,077,Guthrie,0.7601407982408565,62997,0.6879116713381178,10346
2020,aug,19,099,Jasper,0.7666318976843963,102913,0.7226245143151272,17003
2021,aug,19,149,Plymouth,0.8088740371076396,128740,0.7908201874976137,21083
2021,aug,19,193,Woodbury,0.7927629099783267,115090,0.796306489572082,18933
2021,aug,19,027,Carroll,0.8282266917755251,95731,0.8362671295147697,15740
2021,aug,19,061,Dubuque,0.8499619071915682,75569,0.857454329906233,12531
2021,aug,19,101,Jefferson,0.8018189856078092,37568,0.7707926395373979,6163
2021,aug,19,187,Webster,0.8276171822955573,109138,0.8204565700904616,17823
2021,aug,19,111,Lee,0.819015803313302,39500,0.7998457626816555,6545
2021,aug,19,127,Marshall,0.8255083799293951,74654,0.8333057774439926,12206
2021,aug,19,195,Worth,0.813085333341289,61856,0.817124130826761,10252
2021,aug,19,033,Cerro Gordo,0.8247602272783976,90635,0.821422784862535,14911
2021,aug,19,051,Davis,0.813438290083578,25047,0.8042830128162335,4149
2021,aug,19,179,Wapello,0.8107499837495128,30408,0.7911733707326313,5072
2021,aug,19,041,Clay,0.8159444162012679,82073,0.8277675149904754,13465
2021,aug,19,059,Dickinson,0.7715774758546019,51259,0.7756566938616983,8415
2021,aug,19,021,Buena Vista,0.8168244213474798,88969,0.8344493092496501,14615
2021,aug,19,013,Black Hawk,0.8165663347904994,79771,0.8230562068347784,13175
2021,aug,19,075,Grundy,0.8279689271141271,84547,0.8509432608628215,13815
2021,aug,19,017,Bremer,0.8221821724171334,68257,0.8306491630794235,11267
2021,aug,19,085,Harrison,0.8431831091590968,97697,0.8258075653672736,16076
2021,aug,19,129,Mills,0.8235709013169406,52637,0.7987331318815897,8672
2021,aug,19,155,Pottawattamie,0.8356462962811348,129097,0.8266065444408697,21231
2021,aug,19,123,Mahaska,0.8094794173179259,69817,0.8016751119118808,11608
2021,aug,19,125,Marion,0.8134680103344705,39426,0.804354903921564,6451
2021,aug,19,053,Decatur,0.818221001584776,18681,0.7861232333540485,3080
2021,aug,19,031,Cedar,0.8280305986250208,82667,0.8236666318433733,13590
2021,aug,19,151,Pocahontas,0.8268219600285069,98326,0.8271924384515014,16238
2021,aug,19,109,Kossuth,0.8030713329457325,167496,0.8040545678937935,27336
2021,aug,19,089,Howard,0.8405010872938666,73142,0.8557984595593416,12125
2021,aug,19,147,Palo Alto,0.7861615545706262,89417,0.7931379443962341,14576
2021,aug,19,159,Ringgold,0.8195500892244919,25868,0.7950210065196085,4277
2021,aug,19,025,Calhoun,0.8350461613178035,90770,0.8341199688918615,14851
2021,aug,19,039,Clarke,0.8102598032877947,17545,0.7837929965667565,2883
2021,aug,19,065,Fayette,0.8339502281960433,104621,0.8491778279706147,17280
2021,aug,19,001,Adair,0.8212434083298744,59247,0.8033891961869096,9704
2021,aug,19,037,Chickasaw,0.8157455315027686,81798,0.8583033732294869,13577
2021,aug,19,081,Hancock,0.8282630097187742,104062,0.8325354383920952,17007
2021,aug,19,157,Poweshiek,0.8176889780853693,75941,0.7862302282571558,12612
2021,aug,19,165,Shelby,0.8524458070461043,92959,0.8495344035706109,15443
2021,aug,19,185,Wayne,0.8153815424464482,31851,0.7654555875071586,5207
2021,aug,19,097,Jackson,0.8392348788329979,60346,0.8398033207398564,10072
2021,aug,19,043,Clayton,0.8366619431447059,76084,0.8540873150438768,12652
2021,aug,19,007,Appanoose,0.818379952502072,18214,0.7962289365357764,3009
2021,aug,19,177,Van Buren,0.8051055869670279,25029,0.8157774314076319,4078
2021,aug,19,197,Wright,0.8129976176664809,95469,0.8038792390348253,15738
2021,aug,19,137,Montgomery,0.8291578779056309,51716,0.820910135676831,8583
2021,aug,19,175,Union,0.8336842721884098,29639,0.8171069330670427,4909
2021,aug,19,107,Keokuk,0.8152683822139679,64609,0.7911854274388246,10828
2021,aug,19,131,Mitchell,0.8332715350531785,85107,0.8397300000645811,14092
2021,aug,19,191,Winneshiek,0.8275409434499231,87456,0.8602314213134852,14495
2021,aug,19,161,Sac,0.832885302892042,91133,0.8465273110792935,15097
2021,aug,19,055,Delaware,0.8449808112935298,100975,0.8567456687765533,16760
2021,aug,19,067,Floyd,0.8363929563399258,81105,0.8352222793025839,13409
2021,aug,19,009,Audubon,0.8409545323174565,61014,0.8536214619918415,9971
2021,aug,19,079,Hamilton,0.8104695043624891,99449,0.816979370560101,16318
2021,aug,19,069,Franklin,0.8187623881517266,106179,0.8250166067900001,17523
2021,aug,19,141,O'Brien,0.8404857833757952,95745,0.8410655746113411,15752
2021,aug,19,167,Sioux,0.8433538321034862,137714,0.8391036508698873,22729
2021,aug,19,005,Allamakee,0.845585578017078,44666,0.8556794952817351,7326
2021,aug,19,189,Winnebago,0.8182886395872456,67398,0.8227441923433186,11235
2021,aug,19,093,Ida,0.8212852522537021,69575,0.8401355872449016,11442
2021,aug,19,029,Cass,0.8297846081351612,72948,0.8178386433348503,12028
2021,aug,19,083,Hardin,0.8094676823438569,97755,0.8182383629704562,16200
2021,aug,19,173,Taylor,0.828828813212593,45186,0.8204459155239182,7435
2021,aug,19,145,Page,0.8355020773178237,59297,0.8257436372078281,9782
2021,aug,19,035,Cherokee,0.8212412730049966,83453,0.8407277982256952,13656
2021,aug,19,071,Fremont,0.8307232551602679,63031,0.8262264235315595,10407
2021,aug,19,095,Iowa,0.835814033293522,66171,0.8127276537509207,10965
2021,aug,19,023,Butler,0.8191594634937742,90420,0.84551065528254,14927
2021,aug,19,063,Emmet,0.7619863905858553,61154,0.7715731611380648,9992
2021,aug,19,047,Crawford,0.8393159239662968,109054,0.8328537928100186,18027
2021,aug,19,019,Buchanan,0.8444184065039315,104048,0.8460999046683142,17208
2021,aug,19,143,Osceola,0.837765257355387,67083,0.8318289892374622,10983
2021,aug,19,073,Greene,0.837373321385461,87624,0.8329676268370004,14305
2021,aug,19,087,Henry,0.8121621493936504,40640,0.7835366358470799,6709
2021,aug,19,119,Lyon,0.8301842419121795,102838,0.8283073137408646,16865
2021,aug,19,003,Adams,0.8276382938724107,39388,0.8135261018359546,6442
2021,aug,19,133,Monona,0.8144685089055634,94151,0.7915009563626978,15600
2021,aug,19,091,Humboldt,0.8202334883362592,72246,0.8096860380296452,11934
2021,aug,19,115,Louisa,0.8250056712438766,43438,0.7954847595117799,7237
2021,aug,19,171,Tama,0.8348748872375947,88980,0.8477536029980103,14640
2021,aug,19,135,Monroe,0.7999488191941024,15757,0.7980501178517403,2551
2021,aug,19,117,Lucas,0.8049750653973263,16803,0.7799489228725484,2790
2021,aug,19,057,Des Moines,0.8001794680563887,39255,0.7637115412045035,6473
2021,aug,19,011,Benton,0.8241058734105695,100892,0.8177297233319681,16601
2021,aug,19,113,Linn,0.8119855336369599,80638,0.8126255631278272,13320
2021,aug,19,105,Jones,0.8306213568505925,78755,0.8363165852556137,13104
2021,aug,19,103,Johnson,0.8284715224668978,60567,0.8197304763921395,9968
2021,aug,19,183,Washington,0.8318320147898727,63913,0.8185592616282606,10540
2021,aug,19,045,Clinton,0.8293252454146416,101658,0.8309968768844326,17146
2021,aug,19,163,Scott,0.8358642214897228,56518,0.8249386631864793,9645
2021,aug,19,139,Muscatine,0.8281136743850432,48751,0.8082288488687874,8061
2021,aug,19,169,Story,0.820321087640852,79421,0.8188264215279049,12986
2021,aug,19,015,Boone,0.8126174004955817,79043,0.8087243479644634,13023
2021,aug,19,121,Madison,0.8147490000086709,37277,0.7818823801332555,6084
2021,aug,19,181,Warren,0.8069295815482602,34425,0.7851409519037159,5704
2021,aug,19,049,Dallas,0.8151244533778489,66058,0.8109349531756684,10905
2021,aug,19,153,Polk,0.8163231315965992,40271,0.7896030861396386,6733
2021,aug,19,077,Guthrie,0.8369005260685204,58899,0.8464033609545657,9705
2021,aug,19,099,Jasper,0.8354785671485673,91226,0.8075636489772297,15074
2022,aug,19,149,Plymouth,0.8112998331657583,128777,0.8221452599791931,21135
2022,aug,19,193,Woodbury,0.824405618688532,111659,0.8413384659025726,18413
2022,aug,19,027,Carroll,0.8430266066436481,97558,0.8571854105078396,16109
2022,aug,19,061,Dubuque,0.8865739427812216,73313,0.8721368268071491,12189
2022,aug,19,101,Jefferson,0.8007084822232634,35816,0.8105201001879565,5910
2022,aug,19,187,Webster,0.8490054877147762,107563,0.8257561422228763,17695
2022,aug,19,111,Lee,0.8298832089945005,37711,0.7880834230724763,6165
2022,aug,19,127,Marshall,0.8687098639514358,81001,0.8586613087755003,13514
2022,aug,19,195,Worth,0.8699740695966355,64116,0.8769898500091963,10652
2022,aug,19,033,Cerro Gordo,0.8604632663432648,91697,0.8707407158841683,15156
2022,aug,19,051,Davis,0.815072766730298,20654,0.7866129773328464,3392
2022,aug,19,179,Wapello,0.8106205667511606,28129,0.8167313407558534,4608
2022,aug,19,041,Clay,0.821440396435347,84329,0.8357779557785436,13832
2022,aug,19,059,Dickinson,0.8494606818148178,53212,0.8479598585742133,8732
2022,aug,19,021,Buena Vista,0.8509801209555576,89823,0.8599193833773162,14738
2022,aug,19,013,Black Hawk,0.8838096402482258,76045,0.8699628322035022,12506
2022,aug,19,075,Grundy,0.8744183779169983,85468,0.8825985105441085,14125
2022,aug,19,017,Bremer,0.8871765098412752,63278,0.8779753385085896,10635
2022,aug,19,085,Harrison,0.7869078514631617,95967,0.7552263011750674,15926
2022,aug,19,129,Mills,0.786772831930661,53646,0.8127775416912533,8868
2022,aug,19,155,Pottawattamie,0.7908481460520563,126655,0.8178795369223247,21496
2022,aug,19,123,Mahaska,0.8559111874542976,66975,0.8085858371727722,11061
2022,aug,19,125,Marion,0.8394073588438373,39632,0.7750337935127831,6630
2022,aug,19,053,Decatur,0.8239334341510739,15036,0.7866242697930306,2441
2022,aug,19,031,Cedar,0.8819693018096978,82001,0.8827933228801491,13569
2022,aug,19,151,Pocahontas,0.8558937110788459,98505,0.863885830959155,16263
2022,aug,19,109,Kossuth,0.8545313109722565,165112,0.8726510908956226,27082
2022,aug,19,089,Howard,0.8843565996953363,76039,0.8713069400913148,12623
2022,aug,19,147,Palo Alto,0.8283270750525584,95598,0.8594280023585762,15629
2022,aug,19,159,Ringgold,0.8039393016464285,26555,0.7873990438935254,4372
2022,aug,19,025,Calhoun,0.8566990680561446,97144,0.8475262484024823,16000
2022,aug,19,039,Clarke,0.7661696131668173,14871,0.727593935497233,2434
2022,aug,19,065,Fayette,0.8883347402926393,97336,0.8748211454706991,16429
2022,aug,19,001,Adair,0.7701087162054422,58889,0.7898754570389053,9867
2022,aug,19,037,Chickasaw,0.8833812417473591,80214,0.869610451436808,13461
2022,aug,19,081,Hancock,0.8679287601662621,95391,0.884155025103737,15702
2022,aug,19,157,Poweshiek,0.8631414335598956,74795,0.8289232097629229,12373
2022,aug,19,165,Shelby,0.8256989509207254,92481,0.8577993960718842,15379
2022,aug,19,185,Wayne,0.8250397081403271,29670,0.8121229746904277,4858
2022,aug,19,097,Jackson,0.8731338798574069,55771,0.8772381676801114,9247
2022,aug,19,043,Clayton,0.8871487175650375,69757,0.8749495149759757,11448
2022,aug,19,007,Appanoose,0.8109092027751668,14196,0.7852132057465893,2320
2022,aug,19,177,Van Buren,0.8251751891222346,26547,0.8176472722536915,4336
2022,aug,19,197,Wright,0.868747947717052,95966,0.8742186945653142,15789
2022,aug,19,137,Montgomery,0.7831385115722856,50902,0.8353177613030521,8304
2022,aug,19,175,Union,0.7752441821414869,27970,0.7895044111193386,4620
2022,aug,19,107,Keokuk,0.8320697003479283,60711,0.8254321468087723,10064
2022,aug,19,131,Mitchell,0.8824784693068196,83110,0.8775444163150788,13798
2022,aug,19,191,Winneshiek,0.8807007425448001,73435,0.8652136772673837,13471
2022,aug,19,161,Sac,0.862463782893481,91563,0.8769203960514822,15062
2022,aug,19,055,Delaware,0.8843012596589382,97940,0.8772199118550642,16356
2022,aug,19,067,Floyd,0.8674809358644919,78741,0.8635286385134218,13035
2022,aug,19,009,Audubon,0.8221973864735072,62449,0.84838472413404,10310
2022,aug,19,079,Hamilton,0.8633869877544366,99356,0.8486693963321197,16257
2022,aug,19,069,Franklin,0.8642994508851747,104395,0.8654066812500986,17108
2022,aug,19,141,O'Brien,0.8460886141639554,93590,0.8524630544994753,15460
2022,aug,19,167,Sioux,0.8349111029850261,135971,0.8401758325783449,22613
2022,aug,19,005,Allamakee,0.8827007431655474,36781,0.860639758617107,5964
2022,aug,19,189,Winnebago,0.8708854062657284,65588,0.8806812990080114,10798
2022,aug,19,093,Ida,0.8536138902762427,68401,0.8750607972189588,11161
2022,aug,19,029,Cass,0.7820401778898877,69814,0.8077923004855702,11546
2022,aug,19,083,Hardin,0.8735116743024779,94574,0.8669983959862747,15614
2022,aug,19,173,Taylor,0.7997376078434155,42537,0.8129584047815943,6982
2022,aug,19,145,Page,0.777481749187336,62891,0.8141371001880032,10260
2022,aug,19,035,Cherokee,0.8404503012383981,82198,0.8417893606452284,13538
2022,aug,19,071,Fremont,0.7948163091968571,61658,0.8194377992361076,10129
2022,aug,19,095,Iowa,0.869125585636448,67674,0.853292876781501,11228
2022,aug,19,023,Butler,0.8716621148460801,88921,0.8714490792626521,14672
2022,aug,19,063,Emmet,0.8577934697067009,62032,0.8843515749315919,10174
2022,aug,19,047,Crawford,0.8451942095482161,110896,0.8589588998893324,18280
2022,aug,19,019,Buchanan,0.8848356118189336,97312,0.8785790071932769,16380
2022,aug,19,143,Osceola,0.8646340905852865,66292,0.8659839296349701,10994
2022,aug,19,073,Greene,0.8552151526867905,90187,0.8572638990319398,14663
2022,aug,19,087,Henry,0.8370762490298991,41852,0.8340849771343417,6884
2022,aug,19,119,Lyon,0.845794413074693,100301,0.8538211823298179,16462
2022,aug,19,003,Adams,0.7795031158498045,36410,0.7845612258997217,6018
2022,aug,19,133,Monona,0.7952266576938024,90921,0.772474386261272,15142
2022,aug,19,091,Humboldt,0.8515141216751322,72096,0.8499469924168949,11857
2022,aug,19,115,Louisa,0.8562322837634265,42355,0.8461055741455824,7020
2022,aug,19,171,Tama,0.8790433376752944,93185,0.8702273295997173,15271
2022,aug,19,135,Monroe,0.8184205767355056,12244,0.7788984935923623,1993
2022,aug,19,117,Lucas,0.8086312125196208,15004,0.7756180988086208,2421
2022,aug,19,057,Des Moines,0.8594853809358006,37514,0.8382595017747976,6230
2022,aug,19,011,Benton,0.885707174834788,101836,0.8765608964082553,17234
2022,aug,19,113,Linn,0.8770872330253262,78782,0.8714257337690877,13049
2022,aug,19,105,Jones,0.886821755507982,79733,0.8815254704962336,13189
2022,aug,19,103,Johnson,0.8696784379429919,57569,0.8580583973893521,9603
2022,aug,19,183,Washington,0.8473369070636748,61643,0.8372366485490461,10120
2022,aug,19,045,Clinton,0.8795763700635325,99853,0.8795098057283437,16604
2022,aug,19,163,Scott,0.8744068197071079,57027,0.8677093381811187,9435
2022,aug,19,139,Muscatine,0.8744254331029584,48509,0.8704079491754175,8081
2022,aug,19,169,Story,0.8556264673749706,86743,0.8532500438982178,14142
2022,aug,19,015,Boone,0.8528107597379585,82937,0.85190942920383,13749
2022,aug,19,121,Madison,0.7918752075485561,37340,0.8168153594573799,6158
2022,aug,19,181,Warren,0.8009700386118682,32660,0.7822175046779204,5389
2022,aug,19,049,Dallas,0.8224275443050352,71582,0.8023685100179073,11850
2022,aug,19,153,Polk,0.8171009896427429,41895,0.8022181051759689,6793
2022,aug,19,077,Guthrie,0.8200411288985977,58382,0.8291130298681089,9620
2022,aug,19,099,Jasper,0.8601005809245985,94144,0.8219123279779095,15576
2023,aug,19,149,Plymouth,0.8425268387930659,129745,0.7895787052246074,21229
2023,aug,19,193,Woodbury,0.8049077576289313,117742,0.7496669645247455,19353
2023,aug,19,027,Carroll,0.8489832786827463,95859,0.7868018284727162,15780
2023,aug,19,061,Dubuque,0.8394804405419961,74445,0.8251825868191125,12240
2023,aug,19,101,Jefferson,0.8056065833645862,36901,0.8058771652673946,6051
2023,aug,19,187,Webster,0.827043875782492,105870,0.8207841247465089,17368
2023,aug,19,111,Lee,0.8056408633765395,39784,0.8054785269997186,6607
2023,aug,19,127,Marshall,0.8089279485643408,80013,0.8370105847255789,13233
2023,aug,19,195,Worth,0.8013424274515643,62521,0.7901447815984007,10380
2023,aug,19,033,Cerro Gordo,0.8195559535370431,92700,0.8111770249942337,15289
2023,aug,19,051,Davis,0.7511765729885217,24083,0.7359467403319331,3973
2023,aug,19,179,Wapello,0.7761338707143838,29519,0.7665993333559967,4929
2023,aug,19,041,Clay,0.8541679342478018,80888,0.8115270656035756,13206
2023,aug,19,059,Dickinson,0.8446581180123012,51976,0.799791297156103,8480
2023,aug,19,021,Buena Vista,0.8485858565478851,89827,0.7961522959962514,14749
2023,aug,19,013,Black Hawk,0.7069767399523674,78095,0.725495815073163,12963
2023,aug,19,075,Grundy,0.7580542501110473,87066,0.8093521927536528,14262
2023,aug,19,017,Bremer,0.7698670848043786,67022,0.7761303613033871,11039
2023,aug,19,085,Harrison,0.8270235157259704,95391,0.7909078203233383,15767
2023,aug,19,129,Mills,0.843771373910234,53790,0.8071615997745053,8876
2023,aug,19,155,Pottawattamie,0.8520838591057953,131552,0.8284778320731747,21592
2023,aug,19,123,Mahaska,0.7739486223199104,67102,0.7814947087555257,11179
2023,aug,19,125,Marion,0.7538038656878401,38789,0.7774372218530606,6307
2023,aug,19,053,Decatur,0.8162567209968485,19769,0.8319048214084176,3242
2023,aug,19,031,Cedar,0.8346896184425229,84810,0.8291818194271398,13941
2023,aug,19,151,Pocahontas,0.8602784675295357,99431,0.8209522487842295,16448
2023,aug,19,109,Kossuth,0.8375655780861949,165513,0.8320060067441781,27038
2023,aug,19,089,Howard,0.7803775546945778,74676,0.7995176539277129,12358
2023,aug,19,147,Palo Alto,0.8494832171679466,88527,0.836860251655554,14492
2023,aug,19,159,Ringgold,0.8313181196271855,26032,0.8372539670786076,4286
2023,aug,19,025,Calhoun,0.8555303781585091,92212,0.8206219954007421,15110
2023,aug,19,039,Clarke,0.8175864572093495,18297,0.8177969438773363,3009
2023,aug,19,065,Fayette,0.789614708987031,102777,0.7840694938965829,16975
2023,aug,19,001,Adair,0.8272900139638549,58655,0.831384161225038,9701
2023,aug,19,037,Chickasaw,0.7928367093647706,81634,0.787907293062299,13567
2023,aug,19,081,Hancock,0.8133337519937085,103139,0.8155217916083244,16811
2023,aug,19,157,Poweshiek,0.8070495924632267,75533,0.794717447318389,12610
2023,aug,19,165,Shelby,0.8379308111146453,94115,0.8108435101432283,15725
2023,aug,19,185,Wayne,0.7963898009741676,33158,0.8178969992494562,5414
2023,aug,19,097,Jackson,0.8227848334354476,58889,0.8122708163739796,9755
2023,aug,19,043,Clayton,0.8344381173701604,72420,0.8197566312376894,12042
2023,aug,19,007,Appanoose,0.7894610984548159,18283,0.7938217283102283,3056
2023,aug,19,177,Van Buren,0.7775834327759076,25233,0.7634318352911275,4115
2023,aug,19,197,Wright,0.8169916978713606,93747,0.8153065113657294,15449
2023,aug,19,137,Montgomery,0.8534393815744795,52672,0.8211812962325917,8733
2023,aug,19,175,Union,0.8384066913069557,30312,0.8460065277226824,5007
2023,aug,19,107,Keokuk,0.8246975582536532,62598,0.8137901211168536,10489
2023,aug,19,131,Mitchell,0.7534448510019149,84342,0.7858964074820375,13965
2023,aug,19,191,Winneshiek,0.798660135033642,85332,0.8047117069573098,14176
2023,aug,19,161,Sac,0.8551096953091792,91331,0.8133381537840113,15068
2023,aug,19,055,Delaware,0.8109813341684059,103221,0.8029396448136539,17262
2023,aug,19,067,Floyd,0.7702824158161521,78221,0.8056459566281375,12949
2023,aug,19,009,Audubon,0.8357020370562684,60593,0.8064505214156205,9912
2023,aug,19,079,Hamilton,0.8372031691672909,98358,0.8433533921867834,16118
2023,aug,19,069,Franklin,0.8145786123405518,105121,0.8173297264645519,17368
2023,aug,19,141,O'Brien,0.8567854706799274,95265,0.8279658284136342,15636
2023,aug,19,167,Sioux,0.841672090542554,135867,0.790910402520832,22353
2023,aug,19,005,Allamakee,0.8348173408955443,38633,0.8172488724849001,6218
2023,aug,19,189,Winnebago,0.8320719618297268,67701,0.8387553872552913,11299
2023,aug,19,093,Ida,0.8473519370594789,70818,0.8114457969681126,11582
2023,aug,19,029,Cass,0.8550144418518955,72299,0.8368795539389495,11919
2023,aug,19,083,Hardin,0.8065666253846663,96412,0.8380820673728145,16127
2023,aug,19,173,Taylor,0.8301453885237964,43994,0.8334632719588408,7297
2023,aug,19,145,Page,0.8599849313253762,60287,0.8273850128501916,9957
2023,aug,19,035,Cherokee,0.849524363860571,83068,0.8328256202076142,13581
2023,aug,19,071,Fremont,0.8531689473587649,65339,0.8228017595382503,10797
2023,aug,19,095,Iowa,0.8181336226053758,65853,0.7853681467518256,10910
2023,aug,19,023,Butler,0.724625010297987,87795,0.7722859807190058,14499
2023,aug,19,063,Emmet,0.8554385937217674,63805,0.845122306203006,10460
2023,aug,19,047,Crawford,0.8424687578514491,107622,0.796133881314434,17805
2023,aug,19,019,Buchanan,0.7791234473651562,105540,0.7724015402636837,17555
2023,aug,19,143,Osceola,0.8468771274830584,65964,0.8016036064250596,10744
2023,aug,19,073,Greene,0.8420732517776393,89106,0.8032602874391123,14529
2023,aug,19,087,Henry,0.8038098940235519,40391,0.8049267824424698,6685
2023,aug,19,119,Lyon,0.8407418621439757,101942,0.7819402469208417,16622
2023,aug,19,003,Adams,0.8299097915469326,39679,0.8342165515528738,6576
2023,aug,19,133,Monona,0.8108415726651561,92168,0.7593482725637449,15226
2023,aug,19,091,Humboldt,0.7992022778966769,71235,0.7945469618078921,11790
2023,aug,19,115,Louisa,0.8099417605329357,42693,0.8002749790549264,7121
2023,aug,19,171,Tama,0.7652205370979409,90471,0.7888787689161328,14904
2023,aug,19,135,Monroe,0.7516497494232808,14893,0.7521638750782966,2436
2023,aug,19,117,Lucas,0.7419887465905115,17250,0.7732578783228162,2845
2023,aug,19,057,Des Moines,0.8252036601220492,39680,0.809004628352234,6520
2023,aug,19,011,Benton,0.786436241607113,104704,0.765789341447976,17233
2023,aug,19,113,Linn,0.7714991522266823,81100,0.7459411812311334,13431
2023,aug,19,105,Jones,0.8140829903723626,79424,0.7952072806561586,13244
2023,aug,19,103,Johnson,0.8158024826453057,60114,0.7940203251936911,9945
2023,aug,19,183,Washington,0.8188926020712787,61889,0.8120418227074233,10172
2023,aug,19,045,Clinton,0.8095569581929212,102658,0.8078378588991004,17130
2023,aug,19,163,Scott,0.8086321380048431,57387,0.8100061396324677,9529
2023,aug,19,139,Muscatine,0.8278683959540122,48381,0.8193701382217079,7974
2023,aug,19,169,Story,0.8292725123478739,83291,0.8394832637219524,13685
2023,aug,19,015,Boone,0.8421160712340658,81671,0.8343862640463192,13452
2023,aug,19,121,Madison,0.8177646386197673,35777,0.8170863289219686,5834
2023,aug,19,181,Warren,0.7787633282378231,32693,0.7932219743444718,5399
2023,aug,19,049,Dallas,0.8171231062815628,66188,0.7833605490461041,10993
2023,aug,19,153,Polk,0.7916299349905551,40940,0.8013108858940072,6760
2023,aug,19,077,Guthrie,0.8237606449958622,58573,0.7934463805780472,9678
2023,aug,19,099,Jasper,0.8250629787816873,91663,0.8411420228738458,15162
2024,aug,19,149,Plymouth,0.8455482876355921,133244,0.8581511754696479,21910
2024,aug,19,193,Woodbury,0.8369741473393939,118992,0.8531064386259699,19651
2024,aug,19,027,Carroll,0.8442036497824991,98542,0.8533446308144483,16296
2024,aug,19,061,Dubuque,0.8475228081385168,85128,0.8423547512273056,14143
2024,aug,19,101,Jefferson,0.8497623426799636,38330,0.8327263308509903,6380
2024,aug,19,187,Webster,0.8454991893637213,110679,0.8670648744647044,18075
2024,aug,19,111,Lee,0.8152842302891705,39717,0.80580982029926,6518
2024,aug,19,127,Marshall,0.8463191179224491,84773,0.8439536843516785,14056
2024,aug,19,195,Worth,0.8517221212432997,61468,0.8559118682035087,10128
2024,aug,19,033,Cerro Gordo,0.8491649445417551,92051,0.845398685438421,15201
2024,aug,19,051,Davis,0.8349835485989561,22913,0.8208227654957564,3737
2024,aug,19,179,Wapello,0.8378904487480504,30644,0.8249566056279831,5058
2024,aug,19,041,Clay,0.8222252960865258,80755,0.8536158969403543,13229
2024,aug,19,059,Dickinson,0.8078061612632106,47226,0.8254605533810091,8414
2024,aug,19,021,Buena Vista,0.8415085541840459,88092,0.8618445940469556,14745
2024,aug,19,013,Black Hawk,0.856344134578793,79049,0.8283891916092712,13072
2024,aug,19,075,Grundy,0.849908994868751,86123,0.8495521522625138,14279
2024,aug,19,017,Bremer,0.8516710120899319,65959,0.8303726932306681,10992
2024,aug,19,085,Harrison,0.8237841722040518,102862,0.816435114749914,17107
2024,aug,19,129,Mills,0.8335517680135786,55606,0.8231471231447177,9106
2024,aug,19,155,Pottawattamie,0.8174520901265337,135074,0.8209028182256366,22324
2024,aug,19,123,Mahaska,0.8338061401730973,68601,0.7988905137446438,11401
2024,aug,19,125,Marion,0.8413194430214731,40760,0.8372824313737001,6733
2024,aug,19,053,Decatur,0.7902685867338142,16592,0.8103399626282536,2703
2024,aug,19,031,Cedar,0.8486632726401818,83361,0.8392659496682481,13923
2024,aug,19,151,Pocahontas,0.8485551778816867,98412,0.8558458882596741,16337
2024,aug,19,109,Kossuth,0.8203290796091401,165642,0.8384415385881314,27239
2024,aug,19,089,Howard,0.8566708553723968,76990,0.8458356229900125,12703
2024,aug,19,147,Palo Alto,0.8195989479244973,91182,0.8438011583123829,15303
2024,aug,19,159,Ringgold,0.8029305673827676,28890,0.8136907213010464,4700
2024,aug,19,025,Calhoun,0.8606775009307382,97795,0.8611687154056085,15975
2024,aug,19,039,Clarke,0.8132881515712871,16487,0.8266429694971887,2698
2024,aug,19,065,Fayette,0.8560440383650341,106763,0.8393212592770934,17755
2024,aug,19,001,Adair,0.8207601335088515,60155,0.8342969414755471,10116
2024,aug,19,037,Chickasaw,0.8568194009728082,84295,0.8320764523520553,14005
2024,aug,19,081,Hancock,0.8425769458596367,101286,0.8568386266750045,16554
2024,aug,19,157,Poweshiek,0.843349208724412,78121,0.8119832844636977,12936
2024,aug,19,165,Shelby,0.8406418396689999,96232,0.8396877958844279,15904
2024,aug,19,185,Wayne,0.7963395820111173,30535,0.7954245617163967,5029
2024,aug,19,097,Jackson,0.839245328538196,68532,0.8377238990460903,11472
2024,aug,19,043,Clayton,0.8562179802272909,80780,0.8430710417621307,13494
2024,aug,19,007,Appanoose,0.818752399496483,17452,0.8122669087364046,2880
2024,aug,19,177,Van Buren,0.84120888262212,27989,0.8238589702171499,4583
2024,aug,19,197,Wright,0.8334724396220689,97136,0.8482572732926822,15945
2024,aug,19,137,Montgomery,0.8391207202852338,53379,0.8363318062482262,8858
2024,aug,19,175,Union,0.8121589474558185,29190,0.8342956525615447,4855
2024,aug,19,107,Keokuk,0.8424136723822376,64229,0.7989273738933957,10767
2024,aug,19,131,Mitchell,0.8629990449035845,86754,0.8691609618266148,14315
2024,aug,19,191,Winneshiek,0.8599857124286642,94494,0.8396241978881609,15811
2024,aug,19,161,Sac,0.8534037663168383,94273,0.8628736537050019,15469
2024,aug,19,055,Delaware,0.8533874530807801,106584,0.8482703871991852,17757
2024,aug,19,067,Floyd,0.852443331699487,81298,0.8477201727784932,13485
2024,aug,19,009,Audubon,0.8333946083901378,65393,0.8349665842421363,10736
2024,aug,19,079,Hamilton,0.8501987821511139,101804,0.854191949544798,16684
2024,aug,19,069,Franklin,0.8524333616691772,107672,0.8499248245310608,17806
2024,aug,19,141,O'Brien,0.843498447792099,94320,0.868423204068523,15334
2024,aug,19,167,Sioux,0.8426290928600111,139601,0.8684749471178229,22910
2024,aug,19,005,Allamakee,0.8458977343896513,52595,0.840058510340821,8791
2024,aug,19,189,Winnebago,0.8348339875929122,65330,0.85355858755444,10900
2024,aug,19,093,Ida,0.8573154124705675,69708,0.8762214582938007,11415
2024,aug,19,029,Cass,0.8230652253734535,73356,0.8192118316897998,12079
2024,aug,19,083,Hardin,0.8515683522226486,99698,0.8505904481726867,16577
2024,aug,19,173,Taylor,0.8119127190628681,44290,0.8335884415915157,7244
2024,aug,19,145,Page,0.8308227694218129,65385,0.8116440723402394,10834
2024,aug,19,035,Cherokee,0.8408977839289506,83987,0.8634994109458002,13726
2024,aug,19,071,Fremont,0.8172918645127625,67422,0.775385412285553,11109
2024,aug,19,095,Iowa,0.8444046208247229,70542,0.820043839632437,11720
2024,aug,19,023,Butler,0.8462527490082432,88176,0.8374118239604053,14597
2024,aug,19,063,Emmet,0.8240120557486784,61120,0.8392145313061442,10053
2024,aug,19,047,Crawford,0.8417468673692929,116839,0.8574342394045065,19335
2024,aug,19,019,Buchanan,0.8568372665852687,107299,0.8486471244738938,17718
2024,aug,19,143,Osceola,0.8222193897543218,60768,0.8475311353650112,10828
2024,aug,19,073,Greene,0.8535318686602713,87489,0.8713955216496793,14280
2024,aug,19,087,Henry,0.8413583157321723,42746,0.8086446639865935,7046
2024,aug,19,119,Lyon,0.8337841910560366,100663,0.862291894080571,16637
2024,aug,19,003,Adams,0.8001915457651325,39018,0.8290031445456802,6436
2024,aug,19,133,Monona,0.7952891272701547,96829,0.8190019806497172,16023
2024,aug,19,091,Humboldt,0.8204277312287293,68384,0.8482754466777205,11218
2024,aug,19,115,Louisa,0.8391563962317191,43466,0.8062354645236435,7330
2024,aug,19,171,Tama,0.8442310094040226,96665,0.8270385837263806,15802
2024,aug,19,135,Monroe,0.8445991772908101,13643,0.8410423248434474,2222
2024,aug,19,117,Lucas,0.8217630386143092,17385,0.8329024437265963,2855
2024,aug,19,057,Des Moines,0.8187670665994848,39030,0.8066509187989952,6450
2024,aug,19,011,Benton,0.8509073880238394,104746,0.829625944213825,17309
2024,aug,19,113,Linn,0.8529091096996249,80488,0.8335421574334464,13390
2024,aug,19,105,Jones,0.8578513841840778,83637,0.848464178024268,14035
2024,aug,19,103,Johnson,0.8427170237582563,62354,0.8150640459176759,10410
2024,aug,19,183,Washington,0.8456398297018712,64985,0.8230589481732731,10682
2024,aug,19,045,Clinton,0.8492976609197139,104405,0.8381361859560816,17359
2024,aug,19,163,Scott,0.8535729239677015,60131,0.8273117095263226,9924
2024,aug,19,139,Muscatine,0.8437303707270855,50376,0.8058652004330753,8338
2024,aug,19,169,Story,0.8455201819902808,85932,0.8468652894751164,14131
2024,aug,19,015,Boone,0.8470950221648963,84752,0.8646637541732071,14082
2024,aug,19,121,Madison,0.8345385449831444,39336,0.8355447865600443,6463
2024,aug,19,181,Warren,0.8410397756238644,33296,0.837952526155437,5511
2024,aug,19,049,Dallas,0.838666200201531,70987,0.8380362404504931,11809
2024,aug,19,153,Polk,0.837914413446642,41270,0.8243234252714235,6920
2024,aug,19,077,Guthrie,0.837599095188569,62613,0.8423178245899166,10354
2024,aug,19,099,Jasper,0.84613826105611,95039,0.8376276440251819,15769
2025,aug,19,149,Plymouth,0.838010477164114,136263,0.8514044524101173,22272
2025,aug,19,193,Woodbury,0.8525966811775533,121979,0.8742896353469936,20047
2025,aug,19,027,Carroll,0.8421576619250586,101133,0.8260679180848173,16749
2025,aug,19,061,Dubuque,0.850524576583503,86469,0.8562666904500508,14632
2025,aug,19,101,Jefferson,0.8317833310423198,41685,0.7791024662327991,6952
2025,aug,19,187,Webster,0.8324819678589721,111046,0.7828189749484058,18389
2025,aug,19,111,Lee,0.8162773352604468,40558,0.7653907553628473,6759
2025,aug,19,127,Marshall,0.8506019630696818,84576,0.7892220102193506,14067
2025,aug,19,195,Worth,0.8629511789327928,65337,0.8331245555080485,10913
2025,aug,19,033,Cerro Gordo,0.8439329378344913,96939,0.8296446014101142,15995
2025,aug,19,051,Davis,0.81345565345941,28891,0.7629694334159419,4830
2025,aug,19,179,Wapello,0.8090073787998738,33477,0.7629697798462219,5620
2025,aug,19,041,Clay,0.8447741979132546,84243,0.8006679388382378,13962
2025,aug,19,059,Dickinson,0.8473727648427384,53582,0.8347559393131716,8805
2025,aug,19,021,Buena Vista,0.840611294274238,91637,0.8027061941435881,15086
2025,aug,19,013,Black Hawk,0.83997785599442,80410,0.8136320777988661,13329
2025,aug,19,075,Grundy,0.8463767566187379,87897,0.8255055728265985,14518
2025,aug,19,017,Bremer,0.8427093537982198,69980,0.8447754619772649,11763
2025,aug,19,085,Harrison,0.8451238978205678,104249,0.8290769851613703,17346
2025,aug,19,129,Mills,0.8278810831824114,56932,0.8072960879428756,9474
2025,aug,19,155,Pottawattamie,0.8403999874759686,138198,0.8112144165205539,22879
2025,aug,19,123,Mahaska,0.8178358101864107,73654,0.7847205350881811,12137
2025,aug,19,125,Marion,0.8251548450706908,42081,0.7931109610785171,7000
2025,aug,19,053,Decatur,0.8154207850683494,22392,0.76722014481404,3740
2025,aug,19,031,Cedar,0.8622407276045435,88485,0.8239690736725426,14602
2025,aug,19,151,Pocahontas,0.8370460524554396,100841,0.8091303578006805,16648
2025,aug,19,109,Kossuth,0.8377798150585498,169998,0.8196874494466007,27918
2025,aug,19,089,Howard,0.8680254946124095,79968,0.8754680700012355,13368
2025,aug,19,147,Palo Alto,0.8339458628289513,89850,0.8180874342611751,14727
2025,aug,19,159,Ringgold,0.7953606160147068,30640,0.7554372791667356,5019
2025,aug,19,025,Calhoun,0.8421252358509409,95164,0.8196580843921064,15655
2025,aug,19,039,Clarke,0.814785933636154,20160,0.775340066847836,3376
2025,aug,19,065,Fayette,0.8458658781984837,113898,0.8648351264920359,19072
2025,aug,19,001,Adair,0.813906856545685,62196,0.776620775255539,10323
2025,aug,19,037,Chickasaw,0.848128344665459,88635,0.8676711776117292,14770
2025,aug,19,081,Hancock,0.8474507817956902,106478,0.8554377635245567,17512
2025,aug,19,157,Poweshiek,0.8511287864960649,83909,0.7939313216966323,13835
2025,aug,19,165,Shelby,0.8576241045887212,97874,0.8657226783558244,16066
2025,aug,19,185,Wayne,0.8031841557476285,36231,0.7361063663652181,5974
2025,aug,19,097,Jackson,0.8482214624556283,69083,0.8459380204004027,11681
2025,aug,19,043,Clayton,0.850926496704603,85258,0.8709494775493132,14344
2025,aug,19,007,Appanoose,0.806718704468679,21341,0.7576173661418741,3563
2025,aug,19,177,Van Buren,0.8311784045990812,28465,0.7665789427453681,4743
2025,aug,19,197,Wright,0.8323577839438099,99591,0.8258710476677431,16433
2025,aug,19,137,Montgomery,0.8362948794550922,54804,0.7869244726513464,9089
2025,aug,19,175,Union,0.8253541479941378,32082,0.7946733216636599,5297
2025,aug,19,107,Keokuk,0.8243390874608066,69429,0.7703624135781778,11531
2025,aug,19,131,Mitchell,0.8672244480238029,88669,0.8610509250488881,14665
2025,aug,19,191,Winneshiek,0.860242239167411,99086,0.8696302318062684,16782
2025,aug,19,161,Sac,0.8453163678085,95203,0.813872461406661,15745
2025,aug,19,055,Delaware,0.8574265463849536,109447,0.8649307230194666,18178
2025,aug,19,067,Floyd,0.8521274057225073,84127,0.8376956498567734,13938
2025,aug,19,009,Audubon,0.8511905715016403,63659,0.862592799267524,10544
2025,aug,19,079,Hamilton,0.8392126123850244,103745,0.7902817541096755,17004
2025,aug,19,069,Franklin,0.8458866247015951,112768,0.826583060299342,18593
2025,aug,19,141,O'Brien,0.8388225563870694,97911,0.8090344553664379,16098
2025,aug,19,167,Sioux,0.8257910560528667,143403,0.8033816983878723,23747
2025,aug,19,005,Allamakee,0.8445636029017283,56230,0.8604097854179004,9367
2025,aug,19,189,Winnebago,0.8627241824554066,68633,0.8428859973565189,11394
2025,aug,19,093,Ida,0.8538824972162762,74340,0.853080711520191,12204
2025,aug,19,029,Cass,0.8399819152249841,76862,0.818427841255652,12733
2025,aug,19,083,Hardin,0.8363833567633099,101897,0.7982227333206381,16890
2025,aug,19,173,Taylor,0.8079850020440679,48440,0.7654642118217951,8095
2025,aug,19,145,Page,0.8165000516982008,66148,0.7637086630888203,10930
2025,aug,19,035,Cherokee,0.8373475639790094,83249,0.8339486465752088,13676
2025,aug,19,071,Fremont,0.816565136510438,69529,0.7554782435662842,11512
2025,aug,19,095,Iowa,0.8463107312553196,71329,0.810206491648983,11891
2025,aug,19,023,Butler,0.8417822184231356,94498,0.8226207326130761,15590
2025,aug,19,063,Emmet,0.8522423808816708,63966,0.8300997994305913,10456
2025,aug,19,047,Crawford,0.8622661609560698,120066,0.8670230821005241,19867
2025,aug,19,019,Buchanan,0.8599716841885813,111317,0.8458197836691177,18610
2025,aug,19,143,Osceola,0.8505706595360271,67505,0.8428762427784321,11113
2025,aug,19,073,Greene,0.8475694810246763,92983,0.8283462124309576,15299
2025,aug,19,087,Henry,0.8242840701177925,43325,0.7604694861484658,7164
2025,aug,19,119,Lyon,0.8347693241333684,105926,0.8160367560394366,17477
2025,aug,19,003,Adams,0.8243891501625886,42935,0.7773594029786085,7150
2025,aug,19,133,Monona,0.8444625793373898,102894,0.8643772374735577,16902
2025,aug,19,091,Humboldt,0.8251500013602531,72193,0.7503961171791653,11792
2025,aug,19,115,Louisa,0.8304345314205902,44916,0.7418583666652021,7430
2025,aug,19,171,Tama,0.84870677153285,100558,0.8099133449382945,16748
2025,aug,19,135,Monroe,0.8120932835922917,16993,0.7774368656250764,2779
2025,aug,19,117,Lucas,0.8243319010203912,19963,0.7734957183280962,3294
2025,aug,19,057,Des Moines,0.8093851689162956,41503,0.7512729561480679,6850
2025,aug,19,011,Benton,0.8423330764321458,111311,0.8145278552617252,18439
2025,aug,19,113,Linn,0.8487206568666289,85764,0.818166314804101,14309
2025,aug,19,105,Jones,0.8531173872991715,83329,0.8422559792457982,13974
2025,aug,19,103,Johnson,0.8473060187827609,64633,0.8022446801815893,10781
2025,aug,19,183,Washington,0.8315035183027036,66473,0.7722690830897252,10912
2025,aug,19,045,Clinton,0.856929965508119,107050,0.8388311841979178,18029
2025,aug,19,163,Scott,0.8482419778584842,59383,0.8127993855893891,9879
2025,aug,19,139,Muscatine,0.8528176686838913,50909,0.780496688620498,8527
2025,aug,19,169,Story,0.8334126934000596,89936,0.7749728043875725,14864
2025,aug,19,015,Boone,0.8181410599125915,84058,0.7925417783914612,13924
2025,aug,19,121,Madison,0.8015519077636027,38946,0.7707942710599985,6400
2025,aug,19,181,Warren,0.8305350137136829,35604,0.7795845769829706,5856
2025,aug,19,049,Dallas,0.818070486915065,69625,0.7837861087711642,11597
2025,aug,19,153,Polk,0.820725152625975,42573,0.7739425135942266,7025
2025,aug,19,077,Guthrie,0.8452254471791574,62260,0.8304529316661491,10296
2025,aug,19,099,Jasper,0.8488006318458038,99261,0.7907929941954899,16470
