year,period,state_fips,county_fips,county_name,ndvi_mean,crop_pixel_count
2010,mar,17,121,Marion,0.42639000000000005,5
2010,mar,17,005,Bond,0.4941,4
2010,mar,17,083,Jersey,0.3871833333333334,3
2010,mar,17,163,St. Clair,0.3969545454545455,22
2010,mar,17,027,Clinton,0.45249999999999996,20
2010,mar,17,013,Calhoun,0.3980333333333334,3
2010,mar,17,119,Madison,0.3850285714285714,21
2010,mar,17,133,Monroe,0.33467291666666665,24
2010,mar,17,117,Macoupin,0.36910300230946896,17
2010,mar,17,171,Scott,0.4056,3
2010,mar,17,137,Morgan,0.306655753262159,14
2010,mar,17,107,Logan,0.30167,10
2010,mar,17,129,Menard,0.303729761904762,42
2010,mar,17,167,Sangamon,0.3236378290404755,29
2010,mar,17,021,Christian,0.3925937917222963,45
2010,mar,17,127,Massac,,0
2010,mar,17,057,Fulton,0.3107068181818182,22
2010,mar,17,175,Stark,0.2772342944785276,4
2010,mar,17,203,Woodford,0.3233734042553192,47
2010,mar,17,179,Tazewell,0.3111649845952759,43
2010,mar,17,123,Marshall,0.3644217391304348,23
2010,mar,17,143,Peoria,0.3418928571428571,21
2010,mar,17,001,Adams,0.29565571428571424,35
2010,mar,17,177,Stephenson,0.3114049118577671,79
2010,mar,17,141,Ogle,0.27946825396825403,126
2010,mar,17,201,Winnebago,0.2931907420154186,171
2010,mar,17,007,Boone,0.27817500000000006,78
2010,mar,17,025,Clay,0.47418750000000004,4
2010,mar,17,185,Wabash,0.3715,1
2010,mar,17,009,Brown,0.3005857142857144,14
2010,mar,17,151,Pope,,0
2010,mar,17,033,Crawford,0.40005,1
2010,mar,17,135,Montgomery,0.3819625,16
2010,mar,17,055,Franklin,0.447375,4
2010,mar,17,023,Clark,0.4750108695652173,23
2010,mar,17,059,Gallatin,0.5915,2
2010,mar,17,075,Iroquois,0.3447382173354146,173
2010,mar,17,041,Douglas,0.39576666666666666,3
2010,mar,17,189,Washington,0.4693166666666666,30
2010,mar,17,159,Richland,0.503825,2
2010,mar,17,065,Hamilton,,0
2010,mar,17,193,White,0.42905,5
2010,mar,17,169,Schuyler,0.2975666666666667,24
2010,mar,17,181,Union,,0
2010,mar,17,085,Jo Daviess,0.30754000000000004,10
2010,mar,17,125,Mason,0.34007098885118764,89
2010,mar,17,191,Wayne,,0
2010,mar,17,069,Hardin,,0
2010,mar,17,061,Greene,0.3263814449480139,15
2010,mar,17,157,Randolph,0.39359374999999996,8
2010,mar,17,149,Pike,0.36558833333333335,60
2010,mar,17,145,Perry,0.39957692307692305,13
2010,mar,17,087,Johnson,,0
2010,mar,17,173,Shelby,0.42372830188679256,53
2010,mar,17,051,Fayette,0.5475500000000001,31
2010,mar,17,139,Moultrie,0.4257892974753018,18
2010,mar,17,017,Cass,0.3133444444444443,36
2010,mar,17,015,Carroll,0.2899898437499999,64
2010,mar,17,047,Edwards,,0
2010,mar,17,079,Jasper,0.42799259510869564,3
2010,mar,17,187,Warren,0.26430000000000003,3
2010,mar,17,153,Pulaski,,0
2010,mar,17,165,Saline,0.4736,3
2010,mar,17,101,Lawrence,0.61895,3
2010,mar,17,045,Edgar,0.3896942307692308,26
2010,mar,17,071,Henderson,0.318035294117647,17
2010,mar,17,199,Williamson,,0
2010,mar,17,077,Jackson,0.3121833333333333,3
2010,mar,17,147,Piatt,0.3150002890173412,25
2010,mar,17,053,Ford,0.30998671414538304,64
2010,mar,17,019,Champaign,0.32376730450354857,60
2010,mar,17,029,Coles,0.42958602719033234,45
2010,mar,17,035,Cumberland,0.4171847222222222,36
2010,mar,17,183,Vermilion,0.3482429094481156,66
2010,mar,17,115,Macon,0.32370416666666674,24
2010,mar,17,049,Effingham,0.448632608695652,46
2010,mar,17,067,Hancock,0.32697199999999993,25
2010,mar,17,095,Knox,0.29829285714285714,7
2010,mar,17,109,McDonough,0.29652142857142855,7
2010,mar,17,081,Jefferson,0.44945,4
2010,mar,17,113,McLean,0.31398843623481787,24
2010,mar,17,039,De Witt,0.328025,2
2010,mar,17,105,Livingston,0.3072739644970415,169
2010,mar,17,003,Alexander,,0
2010,mar,17,093,Kendall,0.2924537317784257,68
2010,mar,17,031,Cook,0.28965,5
2010,mar,17,037,DeKalb,0.28528316180880414,166
2010,mar,17,089,Kane,0.28284575940289,150
2010,mar,17,063,Grundy,0.30787370689655175,15
2010,mar,17,111,McHenry,0.32298330032929884,178
2010,mar,17,197,Will,0.29337922848387454,211
2010,mar,17,043,DuPage,0.24915,1
2010,mar,17,097,Lake,0.29377188607594956,65
2010,mar,17,091,Kankakee,0.3152044239859122,255
2010,mar,17,011,Bureau,0.24451781842818437,19
2010,mar,17,155,Putnam,0.3321059302325582,9
2010,mar,17,099,LaSalle,0.3369888990490125,77
2010,mar,17,131,Mercer,0.3079471180081855,12
2010,mar,17,161,Rock Island,0.32957520870225154,17
2010,mar,17,073,Henry,0.26291499999999995,20
2010,mar,17,103,Lee,0.29034262295081964,61
2010,mar,17,195,Whiteside,0.3569271186440678,59
2010,mar,31,043,Dakota,0.1867,1
2010,mar,31,051,Dixon,0.24680000000000002,1
2010,mar,31,053,Dodge,0.24329800000000001,25
2010,mar,31,025,Cass,0.2727012667801097,84
2010,mar,31,055,Douglas,0.2594018518518519,27
2010,mar,31,153,Sarpy,0.24017115384615387,26
2010,mar,31,155,Saunders,0.27085555555555557,117
2010,mar,31,177,Washington,0.22704375000000002,8
2010,mar,31,067,Gage,0.32107396131453136,1364
2010,mar,31,109,Lancaster,0.2928351620124744,305
2010,mar,31,159,Seward,0.2806796944070728,82
2010,mar,31,139,Pierce,0.266826923076923,39
2010,mar,31,119,Madison,0.2717076923076924,78
2010,mar,31,167,Stanton,0.2306080140685844,32
2010,mar,31,117,McPherson,0.2775,1
2010,mar,31,111,Lincoln,0.2575924586366568,1676
2010,mar,31,113,Logan,0.27347833333333327,30
2010,mar,31,007,Banner,0.24552685596520038,2487
2010,mar,31,157,Scotts Bluff,0.22817727451538938,589
2010,mar,31,165,Sioux,0.2500246601377709,239
2010,mar,31,039,Cuming,0.2770314168003501,54
2010,mar,31,129,Nuckolls,0.32120025900847654,2682
2010,mar,31,101,Keith,0.24517924450417317,3857
2010,mar,31,137,Phelps,0.2910942003776962,201
2010,mar,31,181,Webster,0.31496626454536786,2412
2010,mar,31,015,Boyd,0.2840154340836015,311
2010,mar,31,171,Thomas,,0
2010,mar,31,089,Holt,0.3035144067796611,236
2010,mar,31,017,Brown,0.24580000000000002,1
2010,mar,31,103,Keya Paha,0.3148030357860877,15
2010,mar,31,077,Greeley,0.25828947368421057,19
2010,mar,31,095,Jefferson,0.3145395076500038,992
2010,mar,31,151,Saline,0.29422632158590284,673
2010,mar,31,057,Dundy,0.264327309119138,3100
2010,mar,31,131,Otoe,0.2941795895346193,229
2010,mar,31,087,Hitchcock,0.26886611391989607,5807
2010,mar,31,105,Kimball,0.22752699856306882,5537
2010,mar,31,127,Nemaha,0.2693167033518153,142
2010,mar,31,041,Custer,0.24199043917268323,363
2010,mar,31,143,Polk,0.27508671875,64
2010,mar,31,045,Dawes,0.25261510759425626,3221
2010,mar,31,179,Wayne,0.2315666666666667,3
2010,mar,31,071,Garfield,0.2762875,12
2010,mar,31,013,Box Butte,0.2577761031995987,9052
2010,mar,31,173,Thurston,0.20757264150943394,53
2010,mar,31,011,Boone,0.25657142857142856,35
2010,mar,31,145,Red Willow,0.28242803296603175,4790
2010,mar,31,149,Rock,0.35401250000000006,8
2010,mar,31,005,Arthur,0.22560000000000002,1
2010,mar,31,085,Hayes,0.2684638062556806,2983
2010,mar,31,097,Johnson,0.3202264566395663,144
2010,mar,31,003,Antelope,0.25514146272590355,64
2010,mar,31,163,Sherman,0.2787706215341959,51
2010,mar,31,161,Sheridan,0.2298899295412702,4806
2010,mar,31,133,Pawnee,0.3234128300623083,394
2010,mar,31,075,Grant,,0
2010,mar,31,021,Burt,0.23567941176470586,17
2010,mar,31,009,Blaine,0.24298333333333336,3
2010,mar,31,027,Cedar,0.26893589743589746,39
2010,mar,31,169,Thayer,0.3336914683248447,1670
2010,mar,31,049,Deuel,0.27165194705017853,6822
2010,mar,31,123,Morrill,0.26196331811849266,2167
2010,mar,31,115,Loup,0.26628688524590166,61
2010,mar,31,063,Frontier,0.26226148599862953,3642
2010,mar,31,125,Nance,0.2923016395249511,144
2010,mar,31,107,Knox,0.2632273196955946,171
2010,mar,31,135,Perkins,0.2676763775422473,8589
2010,mar,31,037,Colfax,0.25066551724137937,58
2010,mar,31,023,Butler,0.26049029850746264,67
2010,mar,31,031,Cherry,0.24688181886339783,54
2010,mar,31,183,Wheeler,0.31076666666666664,9
2010,mar,31,061,Franklin,0.28997598560235727,1257
2010,mar,31,029,Chase,0.2684341988811929,3592
2010,mar,31,059,Fillmore,0.2954288115715402,212
2010,mar,31,185,York,0.27529517271922055,54
2010,mar,31,035,Clay,0.3064948575494858,304
2010,mar,31,033,Cheyenne,0.26007516510104556,15236
2010,mar,31,069,Garden,0.25687329679314347,3903
2010,mar,31,083,Harlan,0.3124125462024869,2333
2010,mar,31,091,Hooker,0.41802500000000004,2
2010,mar,31,147,Richardson,0.27909427869802617,131
2010,mar,31,065,Furnas,0.3030288865431681,4446
2010,mar,31,175,Valley,0.26645084745762704,59
2010,mar,31,141,Platte,0.2699155882352942,170
2010,mar,31,121,Merrick,0.29854898293646975,42
2010,mar,31,079,Hall,0.2841839088876898,51
2010,mar,31,081,Hamilton,0.26399436090225575,133
2010,mar,31,093,Howard,0.2862300538277512,73
2010,mar,31,001,Adams,0.2819011187983614,435
2010,mar,31,099,Kearney,0.27191411642031305,541
2010,mar,31,019,Buffalo,0.2751448574408902,282
2010,mar,31,073,Gosper,0.2730685378833208,1013
2010,mar,31,047,Dawson,0.2674221704302622,325
2010,mar,37,037,Chatham,0.6823980694980696,6
2010,mar,37,115,Madison,,0
2010,mar,37,087,Haywood,0.31775000000000003,1
2010,mar,37,021,Buncombe,,0
2010,mar,37,089,Henderson,,0
2010,mar,37,175,Transylvania,,0
2010,mar,37,167,Stanly,0.5823403225806453,31
2010,mar,37,109,Lincoln,0.5196000000000001,19
2010,mar,37,159,Rowan,0.6534333333333334,3
2010,mar,37,025,Cabarrus,0.5515625,4
2010,mar,37,097,Iredell,0.5253452413793105,15
2010,mar,37,071,Gaston,0.5590199999999999,10
2010,mar,37,179,Union,0.594073652308486,16
2010,mar,37,119,Mecklenburg,0.53935,2
2010,mar,37,045,Cleveland,0.4901222222222221,9
2010,mar,37,005,Alleghany,,0
2010,mar,37,173,Swain,,0
2010,mar,37,011,Avery,,0
2010,mar,37,033,Caswell,0.4654321428571429,14
2010,mar,37,075,Graham,,0
2010,mar,37,007,Anson,0.5929000000000001,3
2010,mar,37,149,Polk,0.5467000000000001,1
2010,mar,37,039,Cherokee,,0
2010,mar,37,113,Macon,0.37310000000000004,1
2010,mar,37,009,Ashe,,0
2010,mar,37,123,Montgomery,,0
2010,mar,37,043,Clay,,0
2010,mar,37,121,Mitchell,,0
2010,mar,37,199,Yancey,,0
2010,mar,37,189,Watauga,,0
2010,mar,37,099,Jackson,0.4827333333333334,3
2010,mar,37,161,Rutherford,0.5734,1
2010,mar,37,193,Wilkes,,0
2010,mar,37,125,Moore,0.44456666666666667,9
2010,mar,37,153,Richmond,0.50115,2
2010,mar,37,093,Hoke,0.5153333333333334,6
2010,mar,37,165,Scotland,0.46928706293706296,2
2010,mar,37,155,Robeson,0.4783989130434783,7
2010,mar,37,001,Alamance,0.5233861413291893,43
2010,mar,37,151,Randolph,0.5330035714285714,14
2010,mar,37,081,Guilford,0.4718131578947368,19
2010,mar,37,157,Rockingham,0.4393059038851841,55
2010,mar,37,171,Surry,,0
2010,mar,37,057,Davidson,0.5152333333333333,3
2010,mar,37,169,Stokes,0.4577583333333334,18
2010,mar,37,067,Forsyth,0.43738750000000004,4
2010,mar,37,197,Yadkin,,0
2010,mar,37,059,Davie,0.53715,3
2010,mar,37,027,Caldwell,0.56575,1
2010,mar,37,003,Alexander,0.6296861613992022,13
2010,mar,37,035,Catawba,0.5116285714285714,7
2010,mar,37,023,Burke,,0
2010,mar,37,111,McDowell,,0
2010,mar,37,029,Camden,0.54584,5
2010,mar,37,139,Pasquotank,0.49032083333333343,36
2010,mar,37,143,Perquimans,0.539557142857143,14
2010,mar,37,177,Tyrrell,0.436,1
2010,mar,37,055,Dare,,0
2010,mar,37,073,Gates,,0
2010,mar,37,053,Currituck,,0
2010,mar,37,019,Brunswick,,0
2010,mar,37,031,Carteret,,0
2010,mar,37,137,Pamlico,,0
2010,mar,37,049,Craven,,0
2010,mar,37,103,Jones,0.5317428571428572,7
2010,mar,37,085,Harnett,0.39575000000000005,1
2010,mar,37,063,Durham,0.6498500000000001,3
2010,mar,37,145,Person,0.5077593749999999,16
2010,mar,37,135,Orange,0.532903383162864,26
2010,mar,37,181,Vance,0.41525000000000006,3
2010,mar,37,077,Granville,0.5074036764705883,68
2010,mar,37,069,Franklin,0.5845846153846155,13
2010,mar,37,101,Johnston,0.2809125,4
2010,mar,37,183,Wake,0.5659642857142856,14
2010,mar,37,105,Lee,,0
2010,mar,37,131,Northampton,0.5238,1
2010,mar,37,083,Halifax,0.5174740000000001,25
2010,mar,37,127,Nash,0.5327500000000001,2
2010,mar,37,065,Edgecombe,0.48263,15
2010,mar,37,195,Wilson,0.46354999999999996,6
2010,mar,37,163,Sampson,0.5449045454545455,11
2010,mar,37,185,Warren,,0
2010,mar,37,187,Washington,0.50295,4
2010,mar,37,061,Duplin,,0
2010,mar,37,091,Hertford,0.55446,10
2010,mar,37,017,Bladen,0.5655928571428571,7
2010,mar,37,095,Hyde,0.5826908163265306,49
2010,mar,37,015,Bertie,0.5605388888888889,45
2010,mar,37,079,Greene,,0
2010,mar,37,041,Chowan,0.6072201492537314,67
2010,mar,37,117,Martin,0.4260999999999999,24
2010,mar,37,047,Columbus,0.507275,2
2010,mar,37,191,Wayne,0.5127666666666667,3
2010,mar,37,133,Onslow,,0
2010,mar,37,107,Lenoir,0.5441428571428572,7
2010,mar,37,129,New Hanover,,0
2010,mar,37,141,Pender,,0
2010,mar,37,051,Cumberland,0.4765416666666667,6
2010,mar,37,147,Pitt,0.50605,1
2010,mar,37,013,Beaufort,0.5837749999999999,2
2011,mar,17,121,Marion,0.4471515823184864,189
2011,mar,17,005,Bond,0.4543672327761745,178
2011,mar,17,083,Jersey,0.42379093122872913,67
2011,mar,17,163,St. Clair,0.4877586787998031,201
2011,mar,17,027,Clinton,0.4566682250364541,198
2011,mar,17,013,Calhoun,0.3936033333333333,30
2011,mar,17,119,Madison,0.4330573441788849,179
2011,mar,17,133,Monroe,0.4779796428439725,213
2011,mar,17,117,Macoupin,0.40832636278261353,282
2011,mar,17,171,Scott,0.33887863685122543,49
2011,mar,17,137,Morgan,0.3696877122771355,190
2011,mar,17,107,Logan,0.3444788570618267,70
2011,mar,17,129,Menard,0.3879761363036477,149
2011,mar,17,167,Sangamon,0.37473657706406005,68
2011,mar,17,021,Christian,0.3821268780265717,95
2011,mar,17,127,Massac,0.567925,2
2011,mar,17,057,Fulton,0.34748459735833004,139
2011,mar,17,175,Stark,0.31606774193548387,31
2011,mar,17,203,Woodford,0.3409046544015896,224
2011,mar,17,179,Tazewell,0.3625769582287031,309
2011,mar,17,123,Marshall,0.35818903090866827,85
2011,mar,17,143,Peoria,0.3610665853658534,205
2011,mar,17,001,Adams,0.4228937972133614,680
2011,mar,17,177,Stephenson,0.30091546373685635,296
2011,mar,17,141,Ogle,0.3065556288977502,384
2011,mar,17,201,Winnebago,0.294810806225284,463
2011,mar,17,007,Boone,0.2895594309239362,402
2011,mar,17,025,Clay,0.44186259999999994,250
2011,mar,17,185,Wabash,,0
2011,mar,17,009,Brown,0.3808175897987021,96
2011,mar,17,151,Pope,,0
2011,mar,17,033,Crawford,0.4388333333333334,24
2011,mar,17,135,Montgomery,0.39102169492260336,184
2011,mar,17,055,Franklin,0.4598277777777778,27
2011,mar,17,023,Clark,0.43119503127171654,41
2011,mar,17,059,Gallatin,0.6407542553191486,47
2011,mar,17,075,Iroquois,0.34928597842124665,518
2011,mar,17,041,Douglas,0.33304461525394946,47
2011,mar,17,189,Washington,0.49682887778340107,620
2011,mar,17,159,Richland,0.38758000000000004,15
2011,mar,17,065,Hamilton,0.45669710743801634,133
2011,mar,17,193,White,0.42641666666666667,3
2011,mar,17,169,Schuyler,0.37631263512135416,194
2011,mar,17,181,Union,0.514725,2
2011,mar,17,085,Jo Daviess,0.31528611089155867,102
2011,mar,17,125,Mason,0.38991073299664886,336
2011,mar,17,191,Wayne,0.430473179476284,223
2011,mar,17,069,Hardin,,0
2011,mar,17,061,Greene,0.39511784968851094,248
2011,mar,17,157,Randolph,0.49670748161620876,204
2011,mar,17,149,Pike,0.39712749539845943,292
2011,mar,17,145,Perry,0.47724653350159724,201
2011,mar,17,087,Johnson,0.4965833333333334,3
2011,mar,17,173,Shelby,0.39908283398153044,248
2011,mar,17,051,Fayette,0.43420256306261745,201
2011,mar,17,139,Moultrie,0.35465568181818174,44
2011,mar,17,017,Cass,0.3674602053337696,96
2011,mar,17,015,Carroll,0.29106809742101447,123
2011,mar,17,047,Edwards,0.38225000000000003,12
2011,mar,17,079,Jasper,0.37186145833333334,48
2011,mar,17,187,Warren,0.316384543144404,38
2011,mar,17,153,Pulaski,0.7194,1
2011,mar,17,165,Saline,0.4789928571428571,7
2011,mar,17,101,Lawrence,0.4109388888888889,9
2011,mar,17,045,Edgar,0.3325370668547951,95
2011,mar,17,071,Henderson,0.32689796766877943,68
2011,mar,17,199,Williamson,0.4295,1
2011,mar,17,077,Jackson,0.44636153846153853,26
2011,mar,17,147,Piatt,0.3581724195984642,125
2011,mar,17,053,Ford,0.33397539320313413,407
2011,mar,17,019,Champaign,0.34893710436270325,242
2011,mar,17,029,Coles,0.3525900000000001,70
2011,mar,17,035,Cumberland,0.3835132653061225,49
2011,mar,17,183,Vermilion,0.33699794875063743,155
2011,mar,17,115,Macon,0.34962361111111107,72
2011,mar,17,049,Effingham,0.4322613117365904,134
2011,mar,17,067,Hancock,0.39469843035710306,358
2011,mar,17,095,Knox,0.31161555555555553,135
2011,mar,17,109,McDonough,0.34841635538217225,114
2011,mar,17,081,Jefferson,0.4712574391084558,172
2011,mar,17,113,McLean,0.3222891087353061,235
2011,mar,17,039,De Witt,0.33113896117978747,37
2011,mar,17,105,Livingston,0.33352873498461394,596
2011,mar,17,003,Alexander,,0
2011,mar,17,093,Kendall,0.3177219546228842,110
2011,mar,17,031,Cook,0.3058020304568528,9
2011,mar,17,037,DeKalb,0.30014521671026984,472
2011,mar,17,089,Kane,0.2979948797038865,359
2011,mar,17,063,Grundy,0.35063234501347706,47
2011,mar,17,111,McHenry,0.30837573877295743,768
2011,mar,17,197,Will,0.344606924427177,841
2011,mar,17,043,DuPage,0.2668785714285714,7
2011,mar,17,097,Lake,0.2947310962586535,111
2011,mar,17,091,Kankakee,0.36158825842324777,600
2011,mar,17,011,Bureau,0.3181891803108331,343
2011,mar,17,155,Putnam,0.34808421678559304,71
2011,mar,17,099,LaSalle,0.31904435958621225,301
2011,mar,17,131,Mercer,0.30760795454545453,44
2011,mar,17,161,Rock Island,0.3125573529411764,34
2011,mar,17,073,Henry,0.34522968750000005,128
2011,mar,17,103,Lee,0.29796040451346084,291
2011,mar,17,195,Whiteside,0.32957236842105264,228
2011,mar,31,043,Dakota,0.2943,2
2011,mar,31,051,Dixon,0.2419,2
2011,mar,31,053,Dodge,0.280103125,16
2011,mar,31,025,Cass,0.2913520804771045,117
2011,mar,31,055,Douglas,0.32471250000000007,8
2011,mar,31,153,Sarpy,0.2868370107176142,17
2011,mar,31,155,Saunders,0.2789861159291678,100
2011,mar,31,177,Washington,0.25643333333333335,9
2011,mar,31,067,Gage,0.3124236019432121,1548
2011,mar,31,109,Lancaster,0.2697358323673898,429
2011,mar,31,159,Seward,0.28315314642262895,120
2011,mar,31,139,Pierce,0.34313518533571774,50
2011,mar,31,119,Madison,0.27297487019730016,55
2011,mar,31,167,Stanton,0.2788250000000001,36
2011,mar,31,117,McPherson,0.33575,2
2011,mar,31,111,Lincoln,0.31942961213803966,1785
2011,mar,31,113,Logan,0.26839634146341457,108
2011,mar,31,007,Banner,0.2515583344551038,3768
2011,mar,31,157,Scotts Bluff,0.2731233790324034,1108
2011,mar,31,165,Sioux,0.27246633167051953,495
2011,mar,31,039,Cuming,0.3013038461538462,13
2011,mar,31,129,Nuckolls,0.2948508552020463,2970
2011,mar,31,101,Keith,0.3041932864049834,3333
2011,mar,31,137,Phelps,0.29310707038317957,179
2011,mar,31,181,Webster,0.3030667708178687,2287
2011,mar,31,015,Boyd,0.2785068352103318,257
2011,mar,31,171,Thomas,0.24585,1
2011,mar,31,089,Holt,0.3245456106870232,262
2011,mar,31,017,Brown,,0
2011,mar,31,103,Keya Paha,0.25892000000000004,35
2011,mar,31,077,Greeley,0.27956785714285715,14
2011,mar,31,095,Jefferson,0.3103823439620759,998
2011,mar,31,151,Saline,0.30263228404178516,731
2011,mar,31,057,Dundy,0.33987607951784515,2930
2011,mar,31,131,Otoe,0.2867540495139155,331
2011,mar,31,087,Hitchcock,0.32738916022609776,4711
2011,mar,31,105,Kimball,0.23059091099244972,7191
2011,mar,31,127,Nemaha,0.29548879927217997,226
2011,mar,31,041,Custer,0.2760894192427153,777
2011,mar,31,143,Polk,0.30719255319148936,47
2011,mar,31,045,Dawes,0.2591507867115061,2896
2011,mar,31,179,Wayne,0.2506203125,2
2011,mar,31,071,Garfield,0.22687500000000002,6
2011,mar,31,013,Box Butte,0.30942506948165044,10399
2011,mar,31,173,Thurston,0.2325,59
2011,mar,31,011,Boone,0.28352898211039895,41
2011,mar,31,145,Red Willow,0.3297992719061848,4679
2011,mar,31,149,Rock,0.3271307692307692,26
2011,mar,31,005,Arthur,0.2671944444444445,9
2011,mar,31,085,Hayes,0.3309885484496888,2505
2011,mar,31,097,Johnson,0.3138982651880025,386
2011,mar,31,003,Antelope,0.27683382352941177,34
2011,mar,31,163,Sherman,0.33466046355391343,95
2011,mar,31,161,Sheridan,0.28351025878485747,5048
2011,mar,31,133,Pawnee,0.3089298955924691,621
2011,mar,31,075,Grant,,0
2011,mar,31,021,Burt,0.25188905145326007,20
2011,mar,31,009,Blaine,0.2932,2
2011,mar,31,027,Cedar,0.2716188524590164,61
2011,mar,31,169,Thayer,0.29137874837658956,1711
2011,mar,31,049,Deuel,0.30639967826750425,7181
2011,mar,31,123,Morrill,0.2705239014967451,2475
2011,mar,31,115,Loup,0.26955193929173693,12
2011,mar,31,063,Frontier,0.29903210765895344,3651
2011,mar,31,125,Nance,0.2840123182322429,133
2011,mar,31,107,Knox,0.28534391927657693,92
2011,mar,31,135,Perkins,0.3228516856994403,8388
2011,mar,31,037,Colfax,0.2646284090909092,44
2011,mar,31,023,Butler,0.2599044444444444,75
2011,mar,31,031,Cherry,0.3045720004373847,200
2011,mar,31,183,Wheeler,0.349225,10
2011,mar,31,061,Franklin,0.3044008845751705,1248
2011,mar,31,029,Chase,0.3455911037334077,3034
2011,mar,31,059,Fillmore,0.29502837384977154,213
2011,mar,31,185,York,0.29070847478781836,48
2011,mar,31,035,Clay,0.2958968493381088,400
2011,mar,31,033,Cheyenne,0.28054919450055044,16160
2011,mar,31,069,Garden,0.297747620220071,4200
2011,mar,31,083,Harlan,0.323496546174331,2224
2011,mar,31,091,Hooker,,0
2011,mar,31,147,Richardson,0.33402645061430863,368
2011,mar,31,065,Furnas,0.3323836910050322,4274
2011,mar,31,175,Valley,0.28004166666666674,90
2011,mar,31,141,Platte,0.3336174725105334,80
2011,mar,31,121,Merrick,0.30047283464566943,127
2011,mar,31,079,Hall,0.27838180287586456,87
2011,mar,31,081,Hamilton,0.27586644295302015,149
2011,mar,31,093,Howard,0.27158944872366164,62
2011,mar,31,001,Adams,0.28152920728929387,395
2011,mar,31,099,Kearney,0.29011908564138844,516
2011,mar,31,019,Buffalo,0.28422577917433084,310
2011,mar,31,073,Gosper,0.28822994762117304,751
2011,mar,31,047,Dawson,0.2922043626809361,416
2011,mar,37,037,Chatham,0.6801661321537185,16
2011,mar,37,115,Madison,,0
2011,mar,37,087,Haywood,,0
2011,mar,37,021,Buncombe,,0
2011,mar,37,089,Henderson,,0
2011,mar,37,175,Transylvania,,0
2011,mar,37,167,Stanly,0.6426266666666667,15
2011,mar,37,109,Lincoln,0.6157708333333333,48
2011,mar,37,159,Rowan,0.654325,8
2011,mar,37,025,Cabarrus,0.6024,2
2011,mar,37,097,Iredell,0.6615681818181818,11
2011,mar,37,071,Gaston,0.68335,2
2011,mar,37,179,Union,0.5730326086956522,23
2011,mar,37,119,Mecklenburg,0.6079166666666667,3
2011,mar,37,045,Cleveland,0.5788357142857145,7
2011,mar,37,005,Alleghany,,0
2011,mar,37,173,Swain,,0
2011,mar,37,011,Avery,,0
2011,mar,37,033,Caswell,0.48056944444444455,36
2011,mar,37,075,Graham,,0
2011,mar,37,007,Anson,0.6366846153846153,13
2011,mar,37,149,Polk,0.7327,1
2011,mar,37,039,Cherokee,,0
2011,mar,37,113,Macon,,0
2011,mar,37,009,Ashe,,0
2011,mar,37,123,Montgomery,0.6890562499999999,8
2011,mar,37,043,Clay,,0
2011,mar,37,121,Mitchell,,0
2011,mar,37,199,Yancey,,0
2011,mar,37,189,Watauga,,0
2011,mar,37,099,Jackson,,0
2011,mar,37,161,Rutherford,0.5635,7
2011,mar,37,193,Wilkes,0.6754375000000001,4
2011,mar,37,125,Moore,0.5172684210526317,19
2011,mar,37,153,Richmond,0.5973868421052633,19
2011,mar,37,093,Hoke,0.5318166666666667,3
2011,mar,37,165,Scotland,0.66715,1
2011,mar,37,155,Robeson,0.6109500000000001,4
2011,mar,37,001,Alamance,0.5829095198497029,128
2011,mar,37,151,Randolph,0.5871500000000001,26
2011,mar,37,081,Guilford,0.5876638392857144,112
2011,mar,37,157,Rockingham,0.4796326923076923,78
2011,mar,37,171,Surry,0.5249410714285715,7
2011,mar,37,057,Davidson,0.6480944444444445,18
2011,mar,37,169,Stokes,0.4562500000000001,7
2011,mar,37,067,Forsyth,0.49117083333333333,12
2011,mar,37,197,Yadkin,0.5273291666666667,3
2011,mar,37,059,Davie,0.6980260869565216,23
2011,mar,37,027,Caldwell,0.55205,1
2011,mar,37,003,Alexander,0.6764,4
2011,mar,37,035,Catawba,0.6005024999999999,20
2011,mar,37,023,Burke,0.58365,1
2011,mar,37,111,McDowell,,0
2011,mar,37,029,Camden,,0
2011,mar,37,139,Pasquotank,0.60594,10
2011,mar,37,143,Perquimans,0.6308049065420561,11
2011,mar,37,177,Tyrrell,,0
2011,mar,37,055,Dare,,0
2011,mar,37,073,Gates,0.58655,1
2011,mar,37,053,Currituck,0.5219833333333334,6
2011,mar,37,019,Brunswick,,0
2011,mar,37,031,Carteret,0.4268,1
2011,mar,37,137,Pamlico,,0
2011,mar,37,049,Craven,,0
2011,mar,37,103,Jones,0.609782518597237,12
2011,mar,37,085,Harnett,0.42747500000000005,2
2011,mar,37,063,Durham,0.6232547619047619,21
2011,mar,37,145,Person,0.5075212121212122,33
2011,mar,37,135,Orange,0.6744282495935587,52
2011,mar,37,181,Vance,0.51699375,16
2011,mar,37,077,Granville,0.5594993939393939,165
2011,mar,37,069,Franklin,0.6279510797016098,30
2011,mar,37,101,Johnston,0.5513083333333334,6
2011,mar,37,183,Wake,0.6417369999999999,9
2011,mar,37,105,Lee,0.6531750000000001,2
2011,mar,37,131,Northampton,0.6658051724137931,29
2011,mar,37,083,Halifax,0.6270886363636364,44
2011,mar,37,127,Nash,0.618436204013378,8
2011,mar,37,065,Edgecombe,0.602474,25
2011,mar,37,195,Wilson,0.6800472222222222,18
2011,mar,37,163,Sampson,0.6323724320241692,7
2011,mar,37,185,Warren,0.6035800000000001,5
2011,mar,37,187,Washington,0.5963237288135593,59
2011,mar,37,061,Duplin,0.6151737107623318,8
2011,mar,37,091,Hertford,0.659329761904762,42
2011,mar,37,017,Bladen,,0
2011,mar,37,095,Hyde,0.7509107142857142,28
2011,mar,37,015,Bertie,0.6136696226415094,265
2011,mar,37,079,Greene,,0
2011,mar,37,041,Chowan,0.647300999979778,194
2011,mar,37,117,Martin,0.5894071428571428,7
2011,mar,37,047,Columbus,,0
2011,mar,37,191,Wayne,0.6944250000000001,2
2011,mar,37,133,Onslow,0.5878944444444445,9
2011,mar,37,107,Lenoir,0.637338012295082,6
2011,mar,37,129,New Hanover,,0
2011,mar,37,141,Pender,,0
2011,mar,37,051,Cumberland,0.620691451793722,7
2011,mar,37,147,Pitt,0.6126906250000002,32
2011,mar,37,013,Beaufort,,0
2012,mar,17,121,Marion,0.632635,20
2012,mar,17,005,Bond,0.5319071428571428,7
2012,mar,17,083,Jersey,0.6516439393939396,33
2012,mar,17,163,St. Clair,0.6682644268774703,9
2012,mar,17,027,Clinton,0.8289500000000001,2
2012,mar,17,013,Calhoun,0.5956409090909092,22
2012,mar,17,119,Madison,0.6315546875000002,32
2012,mar,17,133,Monroe,0.6105857142857144,7
2012,mar,17,117,Macoupin,0.6237628622000787,90
2012,mar,17,171,Scott,0.5826214285714285,28
2012,mar,17,137,Morgan,0.576100483898842,70
2012,mar,17,107,Logan,0.5492405172413792,58
2012,mar,17,129,Menard,0.5438652173913043,69
2012,mar,17,167,Sangamon,0.5368367543296989,51
2012,mar,17,021,Christian,0.5441831204208152,42
2012,mar,17,127,Massac,,0
2012,mar,17,057,Fulton,0.536089928057554,139
2012,mar,17,175,Stark,0.4832439999999999,25
2012,mar,17,203,Woodford,0.4863412808674658,94
2012,mar,17,179,Tazewell,0.5131530070180832,80
2012,mar,17,123,Marshall,0.47260416666666666,48
2012,mar,17,143,Peoria,0.45538068181818186,44
2012,mar,17,001,Adams,0.5519258258258257,333
2012,mar,17,177,Stephenson,0.4303623534591889,144
2012,mar,17,141,Ogle,0.4497421437420954,309
2012,mar,17,201,Winnebago,0.46074617561695236,248
2012,mar,17,007,Boone,0.46043538997454814,183
2012,mar,17,025,Clay,0.609088888888889,9
2012,mar,17,185,Wabash,0.5520454545454545,11
2012,mar,17,009,Brown,0.5124561875926046,61
2012,mar,17,151,Pope,,0
2012,mar,17,033,Crawford,0.5562125000000001,24
2012,mar,17,135,Montgomery,0.5719040415354809,67
2012,mar,17,055,Franklin,0.7213312500000002,8
2012,mar,17,023,Clark,0.568925581395349,43
2012,mar,17,059,Gallatin,0.59703,5
2012,mar,17,075,Iroquois,0.5661000894101558,299
2012,mar,17,041,Douglas,0.5130495991253646,33
2012,mar,17,189,Washington,0.7175744140625,19
2012,mar,17,159,Richland,0.5992088235294117,17
2012,mar,17,065,Hamilton,0.7242500000000001,1
2012,mar,17,193,White,0.6948866666666668,30
2012,mar,17,169,Schuyler,0.5740545454545452,110
2012,mar,17,181,Union,0.662,1
2012,mar,17,085,Jo Daviess,0.42362307692307694,26
2012,mar,17,125,Mason,0.5130688755625955,156
2012,mar,17,191,Wayne,0.6721187499999999,8
2012,mar,17,069,Hardin,,0
2012,mar,17,061,Greene,0.5941407407407407,81
2012,mar,17,157,Randolph,0.7198821428571429,14
2012,mar,17,149,Pike,0.565127707444009,135
2012,mar,17,145,Perry,0.6696796296296298,27
2012,mar,17,087,Johnson,,0
2012,mar,17,173,Shelby,0.556118809523809,210
2012,mar,17,051,Fayette,0.6240798057768923,16
2012,mar,17,139,Moultrie,0.5481974755086662,32
2012,mar,17,017,Cass,0.4992194999999998,100
2012,mar,17,015,Carroll,0.400589538689715,77
2012,mar,17,047,Edwards,0.6240399999999998,15
2012,mar,17,079,Jasper,0.576975,20
2012,mar,17,187,Warren,0.4096771975180972,12
2012,mar,17,153,Pulaski,0.55705,2
2012,mar,17,165,Saline,0.5332499999999999,3
2012,mar,17,101,Lawrence,0.564857142857143,7
2012,mar,17,045,Edgar,0.5287729255825012,34
2012,mar,17,071,Henderson,0.5390267591994835,31
2012,mar,17,199,Williamson,,0
2012,mar,17,077,Jackson,0.64046875,16
2012,mar,17,147,Piatt,0.5082428571428573,42
2012,mar,17,053,Ford,0.5339628291310269,180
2012,mar,17,019,Champaign,0.5190230827447025,86
2012,mar,17,029,Coles,0.5594923105790519,105
2012,mar,17,035,Cumberland,0.54266713091922,58
2012,mar,17,183,Vermilion,0.5093470615340993,111
2012,mar,17,115,Macon,0.5417634615384614,26
2012,mar,17,049,Effingham,0.5430973289597004,84
2012,mar,17,067,Hancock,0.5115738998559262,156
2012,mar,17,095,Knox,0.4444215909090909,44
2012,mar,17,109,McDonough,0.5528812713507526,43
2012,mar,17,081,Jefferson,0.7422108695652174,23
2012,mar,17,113,McLean,0.4941978309037901,102
2012,mar,17,039,De Witt,0.45301250000000004,12
2012,mar,17,105,Livingston,0.5252366132164071,622
2012,mar,17,003,Alexander,,0
2012,mar,17,093,Kendall,0.5201827193932826,49
2012,mar,17,031,Cook,0.46898999999999996,5
2012,mar,17,037,DeKalb,0.47667331955207604,402
2012,mar,17,089,Kane,0.4970268211920531,151
2012,mar,17,063,Grundy,0.5615411111111114,45
2012,mar,17,111,McHenry,0.5089998355263156,304
2012,mar,17,197,Will,0.536455422531001,592
2012,mar,17,043,DuPage,0.4142261930010604,4
2012,mar,17,097,Lake,0.46655754494192486,85
2012,mar,17,091,Kankakee,0.5653740132073444,371
2012,mar,17,011,Bureau,0.43516562760794963,127
2012,mar,17,155,Putnam,0.5316226190476192,42
2012,mar,17,099,LaSalle,0.5040094398112589,288
2012,mar,17,131,Mercer,0.4423684186678749,35
2012,mar,17,161,Rock Island,0.4589904761904763,21
2012,mar,17,073,Henry,0.4296274509803921,51
2012,mar,17,103,Lee,0.4403513519603426,124
2012,mar,17,195,Whiteside,0.46496490384615397,104
2012,mar,31,043,Dakota,0.5138750000000001,2
2012,mar,31,051,Dixon,0.34935000000000005,9
2012,mar,31,053,Dodge,0.34445,3
2012,mar,31,025,Cass,0.38349508196721316,61
2012,mar,31,055,Douglas,0.43541428571428586,21
2012,mar,31,153,Sarpy,0.34012000000000003,15
2012,mar,31,155,Saunders,0.39446029411764705,68
2012,mar,31,177,Washington,0.4714633333333333,15
2012,mar,31,067,Gage,0.46643889468566635,1230
2012,mar,31,109,Lancaster,0.4209772939460249,270
2012,mar,31,159,Seward,0.4148677419354839,62
2012,mar,31,139,Pierce,0.46248750000000005,16
2012,mar,31,119,Madison,0.4184141509433963,53
2012,mar,31,167,Stanton,0.39262672811059907,5
2012,mar,31,117,McPherson,0.28695000000000004,1
2012,mar,31,111,Lincoln,0.3772271268442623,1457
2012,mar,31,113,Logan,0.34148021378037513,130
2012,mar,31,007,Banner,0.2902750709934926,3050
2012,mar,31,157,Scotts Bluff,0.27196818560728236,652
2012,mar,31,165,Sioux,0.2801461074093674,368
2012,mar,31,039,Cuming,0.31585481377371755,17
2012,mar,31,129,Nuckolls,0.44778002832377256,2321
2012,mar,31,101,Keith,0.3794703398495046,3192
2012,mar,31,137,Phelps,0.38811367256107315,200
2012,mar,31,181,Webster,0.46270776626078436,1810
2012,mar,31,015,Boyd,0.3730182349809996,267
2012,mar,31,171,Thomas,,0
2012,mar,31,089,Holt,0.4896680927812828,273
2012,mar,31,017,Brown,0.25745,1
2012,mar,31,103,Keya Paha,0.41646312799798035,20
2012,mar,31,077,Greeley,0.41627408513816283,6
2012,mar,31,095,Jefferson,0.46351974736958707,856
2012,mar,31,151,Saline,0.475916882013127,652
2012,mar,31,057,Dundy,0.43384670936635183,2667
2012,mar,31,131,Otoe,0.4039291346283556,177
2012,mar,31,087,Hitchcock,0.46852054999116294,5399
2012,mar,31,105,Kimball,0.2646902241223477,6710
2012,mar,31,127,Nemaha,0.3549614781479077,85
2012,mar,31,041,Custer,0.37374568218228166,537
2012,mar,31,143,Polk,0.46796923076923075,39
2012,mar,31,045,Dawes,0.3107715987769952,3418
2012,mar,31,179,Wayne,0.3530166666666667,3
2012,mar,31,071,Garfield,-0.11835000000000001,1
2012,mar,31,013,Box Butte,0.32872984243589176,9752
2012,mar,31,173,Thurston,0.36506481481481473,54
2012,mar,31,011,Boone,0.3910800000000001,25
2012,mar,31,145,Red Willow,0.511243232051931,5287
2012,mar,31,149,Rock,,0
2012,mar,31,005,Arthur,0.3574716216216216,37
2012,mar,31,085,Hayes,0.4079173190203563,2158
2012,mar,31,097,Johnson,0.4163687947516757,209
2012,mar,31,003,Antelope,0.4491127272727274,55
2012,mar,31,163,Sherman,0.44492899999999996,50
2012,mar,31,161,Sheridan,0.31075607168430447,4088
2012,mar,31,133,Pawnee,0.4553566463531901,334
2012,mar,31,075,Grant,0.234309375,16
2012,mar,31,021,Burt,0.28339666666666674,30
2012,mar,31,009,Blaine,0.3178,1
2012,mar,31,027,Cedar,0.40094411764705884,17
2012,mar,31,169,Thayer,0.4663116004634128,1351
2012,mar,31,049,Deuel,0.389881270991217,6765
2012,mar,31,123,Morrill,0.3586731303654901,2373
2012,mar,31,115,Loup,0.36653636363636366,11
2012,mar,31,063,Frontier,0.4280250848235943,3797
2012,mar,31,125,Nance,0.4476737288135592,59
2012,mar,31,107,Knox,0.42245533980582534,103
2012,mar,31,135,Perkins,0.39659880177564294,6608
2012,mar,31,037,Colfax,0.42587500000000006,30
2012,mar,31,023,Butler,0.43959255319148927,47
2012,mar,31,031,Cherry,0.32627558072677093,104
2012,mar,31,183,Wheeler,0.40254780426599746,4
2012,mar,31,061,Franklin,0.4557121466452703,812
2012,mar,31,029,Chase,0.438938769589825,2751
2012,mar,31,059,Fillmore,0.49484333197634045,164
2012,mar,31,185,York,0.462036170212766,47
2012,mar,31,035,Clay,0.43173727170795856,183
2012,mar,31,033,Cheyenne,0.35310769869733594,16826
2012,mar,31,069,Garden,0.37809965021490627,3806
2012,mar,31,083,Harlan,0.47061557625008044,2038
2012,mar,31,091,Hooker,,0
2012,mar,31,147,Richardson,0.4385339934144334,129
2012,mar,31,065,Furnas,0.5068468207205165,4588
2012,mar,31,175,Valley,0.44687272727272737,33
2012,mar,31,141,Platte,0.4790161290322582,62
2012,mar,31,121,Merrick,0.45821282051282053,39
2012,mar,31,079,Hall,0.44769859947403823,65
2012,mar,31,081,Hamilton,0.4584576271186441,118
2012,mar,31,093,Howard,0.4279284694342122,95
2012,mar,31,001,Adams,0.42643568725047953,231
2012,mar,31,099,Kearney,0.41356074116182134,437
2012,mar,31,019,Buffalo,0.42488169411152404,273
2012,mar,31,073,Gosper,0.4560196037730714,884
2012,mar,31,047,Dawson,0.3987859880981435,220
2012,mar,37,037,Chatham,0.7323437500000001,8
2012,mar,37,115,Madison,,0
2012,mar,37,087,Haywood,,0
2012,mar,37,021,Buncombe,0.453025,2
2012,mar,37,089,Henderson,0.577075,2
2012,mar,37,175,Transylvania,,0
2012,mar,37,167,Stanly,0.7258625000000002,24
2012,mar,37,109,Lincoln,0.6939576923076923,26
2012,mar,37,159,Rowan,0.6501428571428571,7
2012,mar,37,025,Cabarrus,,0
2012,mar,37,097,Iredell,0.6853905363944143,38
2012,mar,37,071,Gaston,0.6353500000000001,2
2012,mar,37,179,Union,0.6368516810225064,71
2012,mar,37,119,Mecklenburg,0.5693788571428572,4
2012,mar,37,045,Cleveland,0.6831214285714287,14
2012,mar,37,005,Alleghany,,0
2012,mar,37,173,Swain,,0
2012,mar,37,011,Avery,,0
2012,mar,37,033,Caswell,0.5439246686869601,87
2012,mar,37,075,Graham,,0
2012,mar,37,007,Anson,0.65282,45
2012,mar,37,149,Polk,0.7327250000000001,2
2012,mar,37,039,Cherokee,,0
2012,mar,37,113,Macon,,0
2012,mar,37,009,Ashe,,0
2012,mar,37,123,Montgomery,0.6260166666666667,3
2012,mar,37,043,Clay,,0
2012,mar,37,121,Mitchell,,0
2012,mar,37,199,Yancey,,0
2012,mar,37,189,Watauga,,0
2012,mar,37,099,Jackson,,0
2012,mar,37,161,Rutherford,0.6478,1
2012,mar,37,193,Wilkes,0.80061,5
2012,mar,37,125,Moore,0.6259369565217391,23
2012,mar,37,153,Richmond,0.65265,2
2012,mar,37,093,Hoke,0.7402678571428573,14
2012,mar,37,165,Scotland,0.6067762798634814,10
2012,mar,37,155,Robeson,0.6435134523175279,37
2012,mar,37,001,Alamance,0.5940471122860809,126
2012,mar,37,151,Randolph,0.6726678078137334,20
2012,mar,37,081,Guilford,0.6328655954812356,64
2012,mar,37,157,Rockingham,0.5457325621558771,116
2012,mar,37,171,Surry,0.68,2
2012,mar,37,057,Davidson,0.6482375000000001,8
2012,mar,37,169,Stokes,0.5158363880368099,11
2012,mar,37,067,Forsyth,0.6148333333333333,6
2012,mar,37,197,Yadkin,0.6154999999999999,3
2012,mar,37,059,Davie,0.6943416666666667,6
2012,mar,37,027,Caldwell,,0
2012,mar,37,003,Alexander,0.6791371812080538,4
2012,mar,37,035,Catawba,0.6133392857142858,14
2012,mar,37,023,Burke,0.6532,1
2012,mar,37,111,McDowell,,0
2012,mar,37,029,Camden,0.5135000000000001,1
2012,mar,37,139,Pasquotank,0.6054113636363637,22
2012,mar,37,143,Perquimans,0.6051427966101697,19
2012,mar,37,177,Tyrrell,0.3927,1
2012,mar,37,055,Dare,,0
2012,mar,37,073,Gates,,0
2012,mar,37,053,Currituck,0.60156,15
2012,mar,37,019,Brunswick,0.6381687500000001,8
2012,mar,37,031,Carteret,,0
2012,mar,37,137,Pamlico,,0
2012,mar,37,049,Craven,0.6429722222222223,9
2012,mar,37,103,Jones,0.686225,8
2012,mar,37,085,Harnett,0.6163000000000001,4
2012,mar,37,063,Durham,0.63419,20
2012,mar,37,145,Person,0.5820968712771962,64
2012,mar,37,135,Orange,0.6298197885557282,67
2012,mar,37,181,Vance,0.5886031250000001,16
2012,mar,37,077,Granville,0.592252450980392,102
2012,mar,37,069,Franklin,0.6556127776291141,44
2012,mar,37,101,Johnston,0.608023076923077,13
2012,mar,37,183,Wake,0.5899676470588234,17
2012,mar,37,105,Lee,,0
2012,mar,37,131,Northampton,0.6374118925466724,29
2012,mar,37,083,Halifax,0.621979761904762,42
2012,mar,37,127,Nash,0.580318777728483,54
2012,mar,37,065,Edgecombe,0.6091734257133486,50
2012,mar,37,195,Wilson,0.477275,2
2012,mar,37,163,Sampson,0.7375083333333334,66
2012,mar,37,185,Warren,0.6075272727272728,11
2012,mar,37,187,Washington,0.5872307692307692,39
2012,mar,37,061,Duplin,0.7002021739130434,46
2012,mar,37,091,Hertford,0.5850834562768242,60
2012,mar,37,017,Bladen,0.7013954545454545,11
2012,mar,37,095,Hyde,0.6792426966292133,89
2012,mar,37,015,Bertie,0.6509783446712019,441
2012,mar,37,079,Greene,0.5072000000000001,2
2012,mar,37,041,Chowan,0.6575376539955605,143
2012,mar,37,117,Martin,0.6741536782430141,47
2012,mar,37,047,Columbus,0.7472363636363638,11
2012,mar,37,191,Wayne,0.6863384615384617,13
2012,mar,37,133,Onslow,0.61458,5
2012,mar,37,107,Lenoir,0.7205027777777777,18
2012,mar,37,129,New Hanover,0.5609500000000001,1
2012,mar,37,141,Pender,,0
2012,mar,37,051,Cumberland,0.6843166666666667,3
2012,mar,37,147,Pitt,0.675727597169521,39
2012,mar,37,013,Beaufort,0.5663961538461538,13
2013,mar,17,121,Marion,0.47152365591397866,93
2013,mar,17,005,Bond,0.4939295083992093,80
2013,mar,17,083,Jersey,0.4059446405188002,63
2013,mar,17,163,St. Clair,0.4910289115646257,147
2013,mar,17,027,Clinton,0.519369791666667,48
2013,mar,17,013,Calhoun,0.4464132352941177,34
2013,mar,17,119,Madison,0.46620820457440326,143
2013,mar,17,133,Monroe,0.4502823943661972,142
2013,mar,17,117,Macoupin,0.4233811408180658,224
2013,mar,17,171,Scott,0.3925577464788733,71
2013,mar,17,137,Morgan,0.3740588715534631,146
2013,mar,17,107,Logan,0.36251295873452544,145
2013,mar,17,129,Menard,0.36940076187809956,100
2013,mar,17,167,Sangamon,0.3805593958124755,91
2013,mar,17,021,Christian,0.43701124026855226,110
2013,mar,17,127,Massac,0.516799512987013,8
2013,mar,17,057,Fulton,0.3536313725490195,153
2013,mar,17,175,Stark,0.34682945790482833,23
2013,mar,17,203,Woodford,0.3219823529411765,204
2013,mar,17,179,Tazewell,0.3602392212443389,246
2013,mar,17,123,Marshall,0.3329246550689862,66
2013,mar,17,143,Peoria,0.3138508849557523,113
2013,mar,17,001,Adams,0.3928008261785773,556
2013,mar,17,177,Stephenson,0.15704068582295777,269
2013,mar,17,141,Ogle,0.1617686041274446,438
2013,mar,17,201,Winnebago,0.15857425834335048,430
2013,mar,17,007,Boone,0.16073343212237098,229
2013,mar,17,025,Clay,0.5300669399554522,249
2013,mar,17,185,Wabash,0.4915717391304347,23
2013,mar,17,009,Brown,0.37181460692074636,74
2013,mar,17,151,Pope,0.48934999999999995,5
2013,mar,17,033,Crawford,0.5450767045454548,176
2013,mar,17,135,Montgomery,0.42173233789774056,221
2013,mar,17,055,Franklin,0.5269648059415428,26
2013,mar,17,023,Clark,0.4707720922125558,130
2013,mar,17,059,Gallatin,0.5595008361204015,40
2013,mar,17,075,Iroquois,0.3256235285499872,663
2013,mar,17,041,Douglas,0.4474645946278955,129
2013,mar,17,189,Washington,0.5423310215582549,150
2013,mar,17,159,Richland,0.541755412132438,238
2013,mar,17,065,Hamilton,0.540859090909091,44
2013,mar,17,193,White,0.52379,15
2013,mar,17,169,Schuyler,0.373953231262686,157
2013,mar,17,181,Union,0.6097750000000001,4
2013,mar,17,085,Jo Daviess,0.16002619047619043,131
2013,mar,17,125,Mason,0.3812741276509869,218
2013,mar,17,191,Wayne,0.5128368055555556,144
2013,mar,17,069,Hardin,,0
2013,mar,17,061,Greene,0.3760872211472797,139
2013,mar,17,157,Randolph,0.4917732794851589,61
2013,mar,17,149,Pike,0.3684223688913058,253
2013,mar,17,145,Perry,0.5371733107668274,92
2013,mar,17,087,Johnson,0.4924875912408759,12
2013,mar,17,173,Shelby,0.4324099317353593,309
2013,mar,17,051,Fayette,0.45882670584575735,177
2013,mar,17,139,Moultrie,0.4212118052095133,87
2013,mar,17,017,Cass,0.3550143678160917,174
2013,mar,17,015,Carroll,0.18120275920896872,117
2013,mar,17,047,Edwards,0.5440484126984128,63
2013,mar,17,079,Jasper,0.5116713643634718,284
2013,mar,17,187,Warren,0.35115201340639984,81
2013,mar,17,153,Pulaski,0.5340875820568928,6
2013,mar,17,165,Saline,0.4624712543554006,20
2013,mar,17,101,Lawrence,0.5454782352941175,85
2013,mar,17,045,Edgar,0.42339568637089825,64
2013,mar,17,071,Henderson,0.30288361398963737,25
2013,mar,17,199,Williamson,0.5044441040782431,23
2013,mar,17,077,Jackson,0.5728971716605993,15
2013,mar,17,147,Piatt,0.32545758108533646,150
2013,mar,17,053,Ford,0.3391898129727341,415
2013,mar,17,019,Champaign,0.3487897037870269,263
2013,mar,17,029,Coles,0.4489947585637639,183
2013,mar,17,035,Cumberland,0.4597256029710024,144
2013,mar,17,183,Vermilion,0.3765940260120687,338
2013,mar,17,115,Macon,0.34728977272727274,88
2013,mar,17,049,Effingham,0.4873827154165092,266
2013,mar,17,067,Hancock,0.36879584615384614,325
2013,mar,17,095,Knox,0.30585789473684205,76
2013,mar,17,109,McDonough,0.36739675349367806,84
2013,mar,17,081,Jefferson,0.4888591969983456,68
2013,mar,17,113,McLean,0.3386687587459186,238
2013,mar,17,039,De Witt,0.3355131980020492,32
2013,mar,17,105,Livingston,0.32017069626096667,803
2013,mar,17,003,Alexander,0.442700137551582,12
2013,mar,17,093,Kendall,0.2930967497028645,163
2013,mar,17,031,Cook,0.2889924662531923,22
2013,mar,17,037,DeKalb,0.2072609688964218,568
2013,mar,17,089,Kane,0.2644341844068207,265
2013,mar,17,063,Grundy,0.3221031061879296,131
2013,mar,17,111,McHenry,0.17448439664729784,501
2013,mar,17,197,Will,0.3291943380273616,827
2013,mar,17,043,DuPage,0.301825,2
2013,mar,17,097,Lake,0.11255425820851377,148
2013,mar,17,091,Kankakee,0.33149471725882046,575
2013,mar,17,011,Bureau,0.33367861322573034,284
2013,mar,17,155,Putnam,0.326487594211637,92
2013,mar,17,099,LaSalle,0.31470573893744813,498
2013,mar,17,131,Mercer,0.28184979674796745,38
2013,mar,17,161,Rock Island,0.2944984695337084,43
2013,mar,17,073,Henry,0.3033991450550927,120
2013,mar,17,103,Lee,0.23663309611293748,206
2013,mar,17,195,Whiteside,0.2839052149229523,292
2013,mar,31,043,Dakota,0.22960000000000003,2
2013,mar,31,051,Dixon,0.24444000000000002,15
2013,mar,31,053,Dodge,0.2677478260869565,23
2013,mar,31,025,Cass,0.31431798045089077,75
2013,mar,31,055,Douglas,0.32949,25
2013,mar,31,153,Sarpy,0.30037600000000003,25
2013,mar,31,155,Saunders,0.2874982269503545,141
2013,mar,31,177,Washington,0.22383333333333338,15
2013,mar,31,067,Gage,0.34149397985876645,1230
2013,mar,31,109,Lancaster,0.3097824399667433,325
2013,mar,31,159,Seward,0.30286586784107383,106
2013,mar,31,139,Pierce,0.28740798774449117,64
2013,mar,31,119,Madison,0.24943750000000003,40
2013,mar,31,167,Stanton,0.2714363636363636,44
2013,mar,31,117,McPherson,0.2580857142857143,28
2013,mar,31,111,Lincoln,0.24645504605235083,1573
2013,mar,31,113,Logan,0.2233266678687342,55
2013,mar,31,007,Banner,0.2207404061420033,2980
2013,mar,31,157,Scotts Bluff,0.20915496657427027,495
2013,mar,31,165,Sioux,0.25420764139662105,334
2013,mar,31,039,Cuming,0.26200625000000005,8
2013,mar,31,129,Nuckolls,0.2735300845326799,2237
2013,mar,31,101,Keith,0.2232789568580688,2703
2013,mar,31,137,Phelps,0.24193996380220054,193
2013,mar,31,181,Webster,0.278052912616593,2017
2013,mar,31,015,Boyd,0.23819460599216577,224
2013,mar,31,171,Thomas,,0
2013,mar,31,089,Holt,0.25946646341463436,246
2013,mar,31,017,Brown,0.28362000000000004,5
2013,mar,31,103,Keya Paha,0.26006250000000003,8
2013,mar,31,077,Greeley,0.22143275862068965,29
2013,mar,31,095,Jefferson,0.35012547968873203,877
2013,mar,31,151,Saline,0.31528928929204075,645
2013,mar,31,057,Dundy,0.27168277463503737,3086
2013,mar,31,131,Otoe,0.3466274747785119,159
2013,mar,31,087,Hitchcock,0.24225130672230105,4699
2013,mar,31,105,Kimball,0.19696206935678587,4803
2013,mar,31,127,Nemaha,0.34903768115942047,138
2013,mar,31,041,Custer,0.22793939621696105,189
2013,mar,31,143,Polk,0.2665738095238095,63
2013,mar,31,045,Dawes,0.20989027656277487,1949
2013,mar,31,179,Wayne,0.241175,4
2013,mar,31,071,Garfield,0.23750625000000003,8
2013,mar,31,013,Box Butte,0.24736351839554463,9063
2013,mar,31,173,Thurston,0.2263765151515151,66
2013,mar,31,011,Boone,0.2244961538461539,39
2013,mar,31,145,Red Willow,0.23297403162965072,4730
2013,mar,31,149,Rock,0.2038,1
2013,mar,31,005,Arthur,0.2577875,12
2013,mar,31,085,Hayes,0.22915217405150134,1797
2013,mar,31,097,Johnson,0.36779294936878576,209
2013,mar,31,003,Antelope,0.2364591508620689,94
2013,mar,31,163,Sherman,0.21979347826086962,23
2013,mar,31,161,Sheridan,0.2269160242927964,3333
2013,mar,31,133,Pawnee,0.3426981237382729,334
2013,mar,31,075,Grant,,0
2013,mar,31,021,Burt,0.20403465744612423,25
2013,mar,31,009,Blaine,0.23286333333333334,15
2013,mar,31,027,Cedar,0.24358161764705877,68
2013,mar,31,169,Thayer,0.326041808356463,1223
2013,mar,31,049,Deuel,0.23078101680853988,6251
2013,mar,31,123,Morrill,0.2551965682613211,2408
2013,mar,31,115,Loup,0.2672466429617235,19
2013,mar,31,063,Frontier,0.22822085089410846,2839
2013,mar,31,125,Nance,0.2367981707317074,82
2013,mar,31,107,Knox,0.2509496775712784,218
2013,mar,31,135,Perkins,0.243596089114572,6572
2013,mar,31,037,Colfax,0.24558958333333328,48
2013,mar,31,023,Butler,0.2605363157894736,95
2013,mar,31,031,Cherry,0.28166979166666667,48
2013,mar,31,183,Wheeler,0.31217780352620783,165
2013,mar,31,061,Franklin,0.30773457372996743,1232
2013,mar,31,029,Chase,0.2746131556010186,2959
2013,mar,31,059,Fillmore,0.2935664399689733,144
2013,mar,31,185,York,0.26713709487941395,57
2013,mar,31,035,Clay,0.2696727593122651,208
2013,mar,31,033,Cheyenne,0.22108993796089102,13501
2013,mar,31,069,Garden,0.23447150855731108,3823
2013,mar,31,083,Harlan,0.25682483134702155,2418
2013,mar,31,091,Hooker,,0
2013,mar,31,147,Richardson,0.35403880663615556,172
2013,mar,31,065,Furnas,0.2335789550885047,4885
2013,mar,31,175,Valley,0.21950737704918033,61
2013,mar,31,141,Platte,0.28293986486486483,74
2013,mar,31,121,Merrick,0.30889906201875966,85
2013,mar,31,079,Hall,0.2892297872340426,47
2013,mar,31,081,Hamilton,0.29751522302497246,200
2013,mar,31,093,Howard,0.270386409883721,54
2013,mar,31,001,Adams,0.2889807856498761,348
2013,mar,31,099,Kearney,0.26428376680641386,564
2013,mar,31,019,Buffalo,0.2421823076923074,195
2013,mar,31,073,Gosper,0.22695480640685167,1098
2013,mar,31,047,Dawson,0.2688749241888204,241
2013,mar,37,037,Chatham,0.5566210423144519,31
2013,mar,37,115,Madison,,0
2013,mar,37,087,Haywood,,0
2013,mar,37,021,Buncombe,,0
2013,mar,37,089,Henderson,,0
2013,mar,37,175,Transylvania,,0
2013,mar,37,167,Stanly,0.6579666666666668,6
2013,mar,37,109,Lincoln,0.6025916776515018,112
2013,mar,37,159,Rowan,0.5727292721347094,39
2013,mar,37,025,Cabarrus,0.64587,10
2013,mar,37,097,Iredell,0.5729422077922077,77
2013,mar,37,071,Gaston,0.6266958333333333,24
2013,mar,37,179,Union,0.6443717391304349,23
2013,mar,37,119,Mecklenburg,0.53285,1
2013,mar,37,045,Cleveland,0.5902851851851851,27
2013,mar,37,005,Alleghany,,0
2013,mar,37,173,Swain,,0
2013,mar,37,011,Avery,,0
2013,mar,37,033,Caswell,0.4729332062126176,246
2013,mar,37,075,Graham,,0
2013,mar,37,007,Anson,0.625971153846154,26
2013,mar,37,149,Polk,0.5745875,4
2013,mar,37,039,Cherokee,,0
2013,mar,37,113,Macon,,0
2013,mar,37,009,Ashe,,0
2013,mar,37,123,Montgomery,0.58535,8
2013,mar,37,043,Clay,,0
2013,mar,37,121,Mitchell,,0
2013,mar,37,199,Yancey,,0
2013,mar,37,189,Watauga,,0
2013,mar,37,099,Jackson,,0
2013,mar,37,161,Rutherford,0.51625,1
2013,mar,37,193,Wilkes,0.5071416666666667,12
2013,mar,37,125,Moore,0.5810627450980393,51
2013,mar,37,153,Richmond,0.5535425110132158,25
2013,mar,37,093,Hoke,0.6733290861254295,38
2013,mar,37,165,Scotland,0.6145717404487567,52
2013,mar,37,155,Robeson,0.6072261753997152,151
2013,mar,37,001,Alamance,0.5054380015836666,374
2013,mar,37,151,Randolph,0.5547510634640509,173
2013,mar,37,081,Guilford,0.49814164430218383,443
2013,mar,37,157,Rockingham,0.45645694684297433,314
2013,mar,37,171,Surry,0.4476704545454545,22
2013,mar,37,057,Davidson,0.5015865734906632,72
2013,mar,37,169,Stokes,0.4401061632679652,61
2013,mar,37,067,Forsyth,0.4826555555555556,18
2013,mar,37,197,Yadkin,0.492364,25
2013,mar,37,059,Davie,0.6417308358504812,84
2013,mar,37,027,Caldwell,0.5730666666666666,3
2013,mar,37,003,Alexander,0.5730533333333333,15
2013,mar,37,035,Catawba,0.5693594225866464,58
2013,mar,37,023,Burke,0.45655,5
2013,mar,37,111,McDowell,,0
2013,mar,37,029,Camden,0.5468125,4
2013,mar,37,139,Pasquotank,0.5725941176470589,17
2013,mar,37,143,Perquimans,0.6327375348087351,27
2013,mar,37,177,Tyrrell,0.6514,2
2013,mar,37,055,Dare,,0
2013,mar,37,073,Gates,0.5842431818181818,22
2013,mar,37,053,Currituck,0.5657777777777778,9
2013,mar,37,019,Brunswick,0.6400648148148149,27
2013,mar,37,031,Carteret,0.51755,5
2013,mar,37,137,Pamlico,0.6336995145631066,103
2013,mar,37,049,Craven,0.570825,2
2013,mar,37,103,Jones,0.5358820000000001,25
2013,mar,37,085,Harnett,0.5405502453768403,123
2013,mar,37,063,Durham,0.4828466462328035,56
2013,mar,37,145,Person,0.4986515315669323,212
2013,mar,37,135,Orange,0.5162687228554422,181
2013,mar,37,181,Vance,0.5242207302056398,67
2013,mar,37,077,Granville,0.5194990612657836,408
2013,mar,37,069,Franklin,0.5584827896076483,130
2013,mar,37,101,Johnston,0.5517777165709664,258
2013,mar,37,183,Wake,0.48684770784559284,76
2013,mar,37,105,Lee,0.5127321571480539,34
2013,mar,37,131,Northampton,0.627730350611116,44
2013,mar,37,083,Halifax,0.5485704761904762,105
2013,mar,37,127,Nash,0.5251716909875656,77
2013,mar,37,065,Edgecombe,0.5600497551122551,111
2013,mar,37,195,Wilson,0.5540263415545589,56
2013,mar,37,163,Sampson,0.617472301661654,240
2013,mar,37,185,Warren,0.5465375000000001,36
2013,mar,37,187,Washington,0.6314689189189191,37
2013,mar,37,061,Duplin,0.6081101458029581,190
2013,mar,37,091,Hertford,0.6289044503149768,81
2013,mar,37,017,Bladen,0.5714008771929825,57
2013,mar,37,095,Hyde,0.7111000000000001,2
2013,mar,37,015,Bertie,0.5967984946461578,564
2013,mar,37,079,Greene,0.6074135714285714,70
2013,mar,37,041,Chowan,0.6297018189125417,152
2013,mar,37,117,Martin,0.587200733396366,154
2013,mar,37,047,Columbus,0.6442169416309911,76
2013,mar,37,191,Wayne,0.5655393671190104,164
2013,mar,37,133,Onslow,0.6415885714285714,35
2013,mar,37,107,Lenoir,0.5295215267036665,87
2013,mar,37,129,New Hanover,0.511925,2
2013,mar,37,141,Pender,0.6468863636363636,33
2013,mar,37,051,Cumberland,0.5464212328767124,73
2013,mar,37,147,Pitt,0.5492235118661655,152
2013,mar,37,013,Beaufort,0.5735,6
2014,mar,17,121,Marion,0.3435070408825438,37
2014,mar,17,005,Bond,0.3337623575810693,23
2014,mar,17,083,Jersey,0.2775677419354839,31
2014,mar,17,163,St. Clair,0.39404963687150846,36
2014,mar,17,027,Clinton,0.3815190909090909,55
2014,mar,17,013,Calhoun,0.3166161290322581,31
2014,mar,17,119,Madison,0.31355694108627713,68
2014,mar,17,133,Monroe,0.357066637360797,47
2014,mar,17,117,Macoupin,0.29135929271142275,132
2014,mar,17,171,Scott,0.2992929793706627,42
2014,mar,17,137,Morgan,0.2669282302964571,112
2014,mar,17,107,Logan,0.27284305555555544,36
2014,mar,17,129,Menard,0.2665157894736844,114
2014,mar,17,167,Sangamon,0.2805243131672597,83
2014,mar,17,021,Christian,0.299781635044221,104
2014,mar,17,127,Massac,,0
2014,mar,17,057,Fulton,0.2554595744680851,47
2014,mar,17,175,Stark,0.26080000000000003,5
2014,mar,17,203,Woodford,0.2635098576921377,90
2014,mar,17,179,Tazewell,0.2847917171363557,117
2014,mar,17,123,Marshall,0.29881913508974484,41
2014,mar,17,143,Peoria,0.27698200000000006,25
2014,mar,17,001,Adams,0.2765595465393794,419
2014,mar,17,177,Stephenson,0.24774330822846974,85
2014,mar,17,141,Ogle,0.2576926056338028,142
2014,mar,17,201,Winnebago,0.24471689838104826,215
2014,mar,17,007,Boone,0.1960648659998473,103
2014,mar,17,025,Clay,0.35974983624454143,29
2014,mar,17,185,Wabash,0.3009870786516854,3
2014,mar,17,009,Brown,0.27753576874606184,63
2014,mar,17,151,Pope,,0
2014,mar,17,033,Crawford,0.32549000000000006,15
2014,mar,17,135,Montgomery,0.2874124848130315,176
2014,mar,17,055,Franklin,0.353675,2
2014,mar,17,023,Clark,0.3454717882650755,89
2014,mar,17,059,Gallatin,,0
2014,mar,17,075,Iroquois,0.2700367950373147,250
2014,mar,17,041,Douglas,0.27175,44
2014,mar,17,189,Washington,0.39562999999999987,75
2014,mar,17,159,Richland,0.3603933152852977,29
2014,mar,17,065,Hamilton,0.4174068181818182,22
2014,mar,17,193,White,0.37450000000000006,18
2014,mar,17,169,Schuyler,0.29355707766011097,81
2014,mar,17,181,Union,,0
2014,mar,17,085,Jo Daviess,0.2666317880536494,51
2014,mar,17,125,Mason,0.29954711902304804,165
2014,mar,17,191,Wayne,0.34832169811320757,53
2014,mar,17,069,Hardin,,0
2014,mar,17,061,Greene,0.28412944105541676,107
2014,mar,17,157,Randolph,0.4033435732312247,46
2014,mar,17,149,Pike,0.283673795180723,166
2014,mar,17,145,Perry,0.4196806818181818,44
2014,mar,17,087,Johnson,,0
2014,mar,17,173,Shelby,0.2812631422424703,127
2014,mar,17,051,Fayette,0.33782463445496297,84
2014,mar,17,139,Moultrie,0.2635404761904762,21
2014,mar,17,017,Cass,0.2593009513295124,85
2014,mar,17,015,Carroll,0.25864968744522987,68
2014,mar,17,047,Edwards,0.3735972222222223,36
2014,mar,17,079,Jasper,0.34256774193548384,31
2014,mar,17,187,Warren,0.2737875,4
2014,mar,17,153,Pulaski,,0
2014,mar,17,165,Saline,,0
2014,mar,17,101,Lawrence,0.3463263157894737,19
2014,mar,17,045,Edgar,0.3083705885625277,36
2014,mar,17,071,Henderson,0.19004166666666666,6
2014,mar,17,199,Williamson,,0
2014,mar,17,077,Jackson,0.4494533333333333,15
2014,mar,17,147,Piatt,0.26204367088607594,79
2014,mar,17,053,Ford,0.2589610706952185,136
2014,mar,17,019,Champaign,0.273297102033079,166
2014,mar,17,029,Coles,0.27401250000000005,68
2014,mar,17,035,Cumberland,0.3155463320642585,43
2014,mar,17,183,Vermilion,0.26841650479273793,188
2014,mar,17,115,Macon,0.2703391304347825,23
2014,mar,17,049,Effingham,0.31561440589432,73
2014,mar,17,067,Hancock,0.26212642857142854,140
2014,mar,17,095,Knox,0.23158589743589744,39
2014,mar,17,109,McDonough,0.25597894736842103,19
2014,mar,17,081,Jefferson,0.35692619047619056,21
2014,mar,17,113,McLean,0.26285453712190643,73
2014,mar,17,039,De Witt,0.26415500000000003,10
2014,mar,17,105,Livingston,0.25320102570581904,344
2014,mar,17,003,Alexander,,0
2014,mar,17,093,Kendall,0.296478813559322,59
2014,mar,17,031,Cook,0.240625,10
2014,mar,17,037,DeKalb,0.22829779411764708,68
2014,mar,17,089,Kane,0.26226265822784817,79
2014,mar,17,063,Grundy,0.26172500000000004,50
2014,mar,17,111,McHenry,0.15941258278850876,185
2014,mar,17,197,Will,0.28488027364529017,452
2014,mar,17,043,DuPage,0.2338625,4
2014,mar,17,097,Lake,0.1887744559852354,94
2014,mar,17,091,Kankakee,0.281287145325097,303
2014,mar,17,011,Bureau,0.26185431034482753,58
2014,mar,17,155,Putnam,0.30154452625165024,41
2014,mar,17,099,LaSalle,0.2686715277777779,144
2014,mar,17,131,Mercer,0.2510428571428572,7
2014,mar,17,161,Rock Island,0.2823961538461539,13
2014,mar,17,073,Henry,0.2781954545454546,11
2014,mar,17,103,Lee,0.2590699999999999,40
2014,mar,17,195,Whiteside,0.288494776119403,67
2014,mar,31,043,Dakota,0.19630000000000003,2
2014,mar,31,051,Dixon,0.24478333333333335,9
2014,mar,31,053,Dodge,0.2354977272727272,22
2014,mar,31,025,Cass,0.2426,60
2014,mar,31,055,Douglas,0.2228125,12
2014,mar,31,153,Sarpy,0.24098214285714287,14
2014,mar,31,155,Saunders,0.24199597296946906,123
2014,mar,31,177,Washington,0.2303828810684757,19
2014,mar,31,067,Gage,0.26581561310976354,1048
2014,mar,31,109,Lancaster,0.2573683014354068,293
2014,mar,31,159,Seward,0.261713783657086,135
2014,mar,31,139,Pierce,0.2526285714285715,7
2014,mar,31,119,Madison,0.24701250000000002,8
2014,mar,31,167,Stanton,0.22060000000000002,8
2014,mar,31,117,McPherson,0.29385,7
2014,mar,31,111,Lincoln,0.26119753125312506,1985
2014,mar,31,113,Logan,0.24175196078431377,51
2014,mar,31,007,Banner,0.2752834645485722,2893
2014,mar,31,157,Scotts Bluff,0.2911693969522083,583
2014,mar,31,165,Sioux,0.27913953190088636,347
2014,mar,31,039,Cuming,0.2225,1
2014,mar,31,129,Nuckolls,0.25701053039261196,2205
2014,mar,31,101,Keith,0.2729369279004517,3607
2014,mar,31,137,Phelps,0.25636710582604744,302
2014,mar,31,181,Webster,0.258369724363055,2296
2014,mar,31,015,Boyd,0.2213502577319589,194
2014,mar,31,171,Thomas,,0
2014,mar,31,089,Holt,0.25354689842913253,176
2014,mar,31,017,Brown,0.3144833333333333,15
2014,mar,31,103,Keya Paha,0.25095,1
2014,mar,31,077,Greeley,0.225925,4
2014,mar,31,095,Jefferson,0.26791921407512537,729
2014,mar,31,151,Saline,0.2623157374229147,606
2014,mar,31,057,Dundy,0.2925006572442281,3069
2014,mar,31,131,Otoe,0.2540087926509187,154
2014,mar,31,087,Hitchcock,0.29130571407891437,5757
2014,mar,31,105,Kimball,0.23877005475509125,5469
2014,mar,31,127,Nemaha,0.2507272727272727,55
2014,mar,31,041,Custer,0.24477568851235415,620
2014,mar,31,143,Polk,0.23285681818181816,22
2014,mar,31,045,Dawes,0.2869222401862556,2849
2014,mar,31,179,Wayne,0.21587500000000004,6
2014,mar,31,071,Garfield,0.24997000000000003,5
2014,mar,31,013,Box Butte,0.30159691005384665,9852
2014,mar,31,173,Thurston,0.211819696969697,33
2014,mar,31,011,Boone,0.22349500000000003,30
2014,mar,31,145,Red Willow,0.2991042349660858,5492
2014,mar,31,149,Rock,0.25876111111111105,9
2014,mar,31,005,Arthur,,0
2014,mar,31,085,Hayes,0.2786758707139146,2942
2014,mar,31,097,Johnson,0.2551585379227836,160
2014,mar,31,003,Antelope,0.23522315850497888,58
2014,mar,31,163,Sherman,0.243576811594203,69
2014,mar,31,161,Sheridan,0.26980452551338036,4453
2014,mar,31,133,Pawnee,0.27389926432116185,253
2014,mar,31,075,Grant,,0
2014,mar,31,021,Burt,0.18256218768158045,14
2014,mar,31,009,Blaine,0.23353947368421055,19
2014,mar,31,027,Cedar,0.2615,2
2014,mar,31,169,Thayer,0.26338848379665264,1278
2014,mar,31,049,Deuel,0.2696868865787132,6962
2014,mar,31,123,Morrill,0.2866700075804317,2332
2014,mar,31,115,Loup,0.2560382352941177,17
2014,mar,31,063,Frontier,0.27542549850942727,4109
2014,mar,31,125,Nance,0.25122583333333337,60
2014,mar,31,107,Knox,0.2594938581963627,126
2014,mar,31,135,Perkins,0.2860164843288245,9469
2014,mar,31,037,Colfax,0.23375634920634922,63
2014,mar,31,023,Butler,0.2361814961041677,76
2014,mar,31,031,Cherry,0.29358333233127903,133
2014,mar,31,183,Wheeler,0.24801673003802288,9
2014,mar,31,061,Franklin,0.2586822248402578,1276
2014,mar,31,029,Chase,0.30423187064108814,3756
2014,mar,31,059,Fillmore,0.2644833409123545,164
2014,mar,31,185,York,0.2568196078431373,51
2014,mar,31,035,Clay,0.24766729922758823,330
2014,mar,31,033,Cheyenne,0.2518136738245088,14984
2014,mar,31,069,Garden,0.2658152434741593,3828
2014,mar,31,083,Harlan,0.2957195118827043,2863
2014,mar,31,091,Hooker,,0
2014,mar,31,147,Richardson,0.25718027688407913,122
2014,mar,31,065,Furnas,0.3170433422094858,5576
2014,mar,31,175,Valley,0.2585870588235294,85
2014,mar,31,141,Platte,0.25089396551724136,58
2014,mar,31,121,Merrick,0.24015714285714285,35
2014,mar,31,079,Hall,0.23814777777777776,45
2014,mar,31,081,Hamilton,0.2340916135991474,151
2014,mar,31,093,Howard,0.25094827586206897,58
2014,mar,31,001,Adams,0.24274529139127896,384
2014,mar,31,099,Kearney,0.2465823787526092,660
2014,mar,31,019,Buffalo,0.23481404109589038,292
2014,mar,31,073,Gosper,0.2884771859740748,1474
2014,mar,31,047,Dawson,0.2608628883222606,356
2014,mar,37,037,Chatham,,0
2014,mar,37,115,Madison,,0
2014,mar,37,087,Haywood,,0
2014,mar,37,021,Buncombe,,0
2014,mar,37,089,Henderson,,0
2014,mar,37,175,Transylvania,0.5051,1
2014,mar,37,167,Stanly,0.6346625000000001,4
2014,mar,37,109,Lincoln,0.5501375000000001,4
2014,mar,37,159,Rowan,0.5788222222222222,9
2014,mar,37,025,Cabarrus,0.3934333333333333,3
2014,mar,37,097,Iredell,0.6003619651347067,13
2014,mar,37,071,Gaston,0.48607000000000006,5
2014,mar,37,179,Union,0.4945783253751706,12
2014,mar,37,119,Mecklenburg,,0
2014,mar,37,045,Cleveland,0.5840020916334662,34
2014,mar,37,005,Alleghany,0.5174,1
2014,mar,37,173,Swain,,0
2014,mar,37,011,Avery,,0
2014,mar,37,033,Caswell,0.4128451798266818,107
2014,mar,37,075,Graham,,0
2014,mar,37,007,Anson,0.5564500000000001,5
2014,mar,37,149,Polk,0.54575,2
2014,mar,37,039,Cherokee,,0
2014,mar,37,113,Macon,,0
2014,mar,37,009,Ashe,,0
2014,mar,37,123,Montgomery,0.5644998344370861,2
2014,mar,37,043,Clay,,0
2014,mar,37,121,Mitchell,,0
2014,mar,37,199,Yancey,,0
2014,mar,37,189,Watauga,,0
2014,mar,37,099,Jackson,,0
2014,mar,37,161,Rutherford,0.510135,10
2014,mar,37,193,Wilkes,0.5541,5
2014,mar,37,125,Moore,0.557758977763027,12
2014,mar,37,153,Richmond,0.686521875,32
2014,mar,37,093,Hoke,0.5211545454545454,11
2014,mar,37,165,Scotland,0.4934676470588236,34
2014,mar,37,155,Robeson,0.49161153846153854,65
2014,mar,37,001,Alamance,0.4258292189854345,142
2014,mar,37,151,Randolph,0.4669794582554966,28
2014,mar,37,081,Guilford,0.4398171423306854,99
2014,mar,37,157,Rockingham,0.38630663140099303,291
2014,mar,37,171,Surry,0.51505,2
2014,mar,37,057,Davidson,0.5037030438408386,70
2014,mar,37,169,Stokes,0.3839864864864864,37
2014,mar,37,067,Forsyth,0.41970624999999995,16
2014,mar,37,197,Yadkin,0.43793557098765434,8
2014,mar,37,059,Davie,0.4784501390462458,77
2014,mar,37,027,Caldwell,0.531425,2
2014,mar,37,003,Alexander,0.50395,3
2014,mar,37,035,Catawba,0.49914,5
2014,mar,37,023,Burke,,0
2014,mar,37,111,McDowell,,0
2014,mar,37,029,Camden,,0
2014,mar,37,139,Pasquotank,0.517044827586207,29
2014,mar,37,143,Perquimans,0.5250636568284142,8
2014,mar,37,177,Tyrrell,,0
2014,mar,37,055,Dare,,0
2014,mar,37,073,Gates,,0
2014,mar,37,053,Currituck,0.5446092592592594,27
2014,mar,37,019,Brunswick,0.5778794117647059,17
2014,mar,37,031,Carteret,,0
2014,mar,37,137,Pamlico,,0
2014,mar,37,049,Craven,,0
2014,mar,37,103,Jones,0.7281000000000001,2
2014,mar,37,085,Harnett,0.5093428571428571,7
2014,mar,37,063,Durham,0.43799876150035383,17
2014,mar,37,145,Person,0.40408045836888945,35
2014,mar,37,135,Orange,0.4480625,40
2014,mar,37,181,Vance,0.45840238095238095,21
2014,mar,37,077,Granville,0.46021925017714915,184
2014,mar,37,069,Franklin,0.5107281250000001,16
2014,mar,37,101,Johnston,0.4718874483471075,12
2014,mar,37,183,Wake,0.48367032457496145,8
2014,mar,37,105,Lee,0.49536250000000004,4
2014,mar,37,131,Northampton,0.525464705882353,17
2014,mar,37,083,Halifax,0.5009452142306422,36
2014,mar,37,127,Nash,0.5785857142857143,7
2014,mar,37,065,Edgecombe,0.49295410941475837,218
2014,mar,37,195,Wilson,0.5948,1
2014,mar,37,163,Sampson,0.5710845238095238,42
2014,mar,37,185,Warren,0.5170083333333334,6
2014,mar,37,187,Washington,0.523325,20
2014,mar,37,061,Duplin,0.5821666666666667,21
2014,mar,37,091,Hertford,0.6025197772399266,89
2014,mar,37,017,Bladen,,0
2014,mar,37,095,Hyde,,0
2014,mar,37,015,Bertie,0.5608875397065293,741
2014,mar,37,079,Greene,0.6057166666666667,3
2014,mar,37,041,Chowan,0.5635551958650709,145
2014,mar,37,117,Martin,0.5494175961452664,177
2014,mar,37,047,Columbus,0.5962249999999999,14
2014,mar,37,191,Wayne,0.5143800000000001,10
2014,mar,37,133,Onslow,,0
2014,mar,37,107,Lenoir,0.46707727272727273,11
2014,mar,37,129,New Hanover,,0
2014,mar,37,141,Pender,,0
2014,mar,37,051,Cumberland,0.5724277777777778,9
2014,mar,37,147,Pitt,0.5198306046263581,61
2014,mar,37,013,Beaufort,,0
2015,mar,17,121,Marion,0.4091393960958323,284
2015,mar,17,005,Bond,0.37005515463917527,97
2015,mar,17,083,Jersey,0.37819883720930225,43
2015,mar,17,163,St. Clair,0.415919888288198,474
2015,mar,17,027,Clinton,0.4274425476120126,587
2015,mar,17,013,Calhoun,0.3960837837837838,37
2015,mar,17,119,Madison,0.38241353018545304,151
2015,mar,17,133,Monroe,0.42018347471816014,352
2015,mar,17,117,Macoupin,0.356303206935225,130
2015,mar,17,171,Scott,0.3135854545454546,55
2015,mar,17,137,Morgan,0.32094458422174854,57
2015,mar,17,107,Logan,0.3064515190811411,117
2015,mar,17,129,Menard,0.34091256994272934,60
2015,mar,17,167,Sangamon,0.3136560481212922,73
2015,mar,17,021,Christian,0.34548547992516904,56
2015,mar,17,127,Massac,,0
2015,mar,17,057,Fulton,0.30121939249455376,96
2015,mar,17,175,Stark,0.2868190746111257,30
2015,mar,17,203,Woodford,0.3008418006155951,184
2015,mar,17,179,Tazewell,0.3214009306767953,180
2015,mar,17,123,Marshall,0.3220181370462699,65
2015,mar,17,143,Peoria,0.3091728705556864,136
2015,mar,17,001,Adams,0.3192295312500003,320
2015,mar,17,177,Stephenson,0.27092376733025253,223
2015,mar,17,141,Ogle,0.28616264452838885,276
2015,mar,17,201,Winnebago,0.2922149230369333,351
2015,mar,17,007,Boone,0.29318736153791186,169
2015,mar,17,025,Clay,0.4288350301161451,328
2015,mar,17,185,Wabash,0.349241489361702,47
2015,mar,17,009,Brown,0.3183821323752656,39
2015,mar,17,151,Pope,0.48200000000000004,1
2015,mar,17,033,Crawford,0.40320185185185187,27
2015,mar,17,135,Montgomery,0.3313181488522016,192
2015,mar,17,055,Franklin,0.42009674418604653,215
2015,mar,17,023,Clark,0.35892377049180313,61
2015,mar,17,059,Gallatin,0.44749250000000007,20
2015,mar,17,075,Iroquois,0.29954059545414174,311
2015,mar,17,041,Douglas,0.3456057692307691,52
2015,mar,17,189,Washington,0.4115573555183232,819
2015,mar,17,159,Richland,0.41401977611940305,134
2015,mar,17,065,Hamilton,0.4188114461076694,102
2015,mar,17,193,White,0.44146111111111114,45
2015,mar,17,169,Schuyler,0.316832456140351,57
2015,mar,17,181,Union,0.4854235294117647,17
2015,mar,17,085,Jo Daviess,0.294123891929392,102
2015,mar,17,125,Mason,0.37566411721858006,210
2015,mar,17,191,Wayne,0.4272492679047882,299
2015,mar,17,069,Hardin,,0
2015,mar,17,061,Greene,0.3362161016949152,118
2015,mar,17,157,Randolph,0.4118331330228442,410
2015,mar,17,149,Pike,0.3011567300352141,161
2015,mar,17,145,Perry,0.43682843146253086,431
2015,mar,17,087,Johnson,0.509,1
2015,mar,17,173,Shelby,0.3337642635117226,163
2015,mar,17,051,Fayette,0.3854863000279878,142
2015,mar,17,139,Moultrie,0.32078292906178496,43
2015,mar,17,017,Cass,0.3040078571428572,70
2015,mar,17,015,Carroll,0.2804374533786748,144
2015,mar,17,047,Edwards,0.388604658943733,110
2015,mar,17,079,Jasper,0.37414611067048986,66
2015,mar,17,187,Warren,0.2929472222222222,36
2015,mar,17,153,Pulaski,0.49575,1
2015,mar,17,165,Saline,0.442798155050317,43
2015,mar,17,101,Lawrence,0.3698560975609756,82
2015,mar,17,045,Edgar,0.35979237080714244,71
2015,mar,17,071,Henderson,0.3325056886227544,17
2015,mar,17,199,Williamson,0.4040361740166865,15
2015,mar,17,077,Jackson,0.4398115620581699,158
2015,mar,17,147,Piatt,0.29607579393591044,56
2015,mar,17,053,Ford,0.27861314034318635,126
2015,mar,17,019,Champaign,0.3331247048281681,151
2015,mar,17,029,Coles,0.33316566372106404,83
2015,mar,17,035,Cumberland,0.3644726821192053,44
2015,mar,17,183,Vermilion,0.329713407605335,179
2015,mar,17,115,Macon,0.2897579013497989,56
2015,mar,17,049,Effingham,0.35962307075086564,141
2015,mar,17,067,Hancock,0.3071399170798425,138
2015,mar,17,095,Knox,0.30544670974006577,54
2015,mar,17,109,McDonough,0.2996917202572346,37
2015,mar,17,081,Jefferson,0.38944887387387395,222
2015,mar,17,113,McLean,0.30657552447552455,143
2015,mar,17,039,De Witt,0.3077404761904762,21
2015,mar,17,105,Livingston,0.29593576920518166,413
2015,mar,17,003,Alexander,0.46148500000000003,10
2015,mar,17,093,Kendall,0.30695760852930665,77
2015,mar,17,031,Cook,0.30514935424354245,3
2015,mar,17,037,DeKalb,0.2856134508040916,394
2015,mar,17,089,Kane,0.3008338931495791,276
2015,mar,17,063,Grundy,0.3113009090909092,55
2015,mar,17,111,McHenry,0.3071397287440443,320
2015,mar,17,197,Will,0.3052017049024623,537
2015,mar,17,043,DuPage,0.2427254464285714,3
2015,mar,17,097,Lake,0.2859454536540723,62
2015,mar,17,091,Kankakee,0.32970460726297407,463
2015,mar,17,011,Bureau,0.3138223500620315,231
2015,mar,17,155,Putnam,0.3355523529411764,85
2015,mar,17,099,LaSalle,0.31609714018285456,239
2015,mar,17,131,Mercer,0.26059078947368425,38
2015,mar,17,161,Rock Island,0.33266032826261005,25
2015,mar,17,073,Henry,0.3124551332675221,72
2015,mar,17,103,Lee,0.30392495705406514,130
2015,mar,17,195,Whiteside,0.31010177777777787,225
2015,mar,31,043,Dakota,,0
2015,mar,31,051,Dixon,0.2795666666666667,6
2015,mar,31,053,Dodge,0.2706739130434782,23
2015,mar,31,025,Cass,0.2813897868120972,73
2015,mar,31,055,Douglas,0.28833999873601707,63
2015,mar,31,153,Sarpy,0.2441195652173913,23
2015,mar,31,155,Saunders,0.27282105246772675,189
2015,mar,31,177,Washington,0.22836211150272354,25
2015,mar,31,067,Gage,0.29582661080552686,950
2015,mar,31,109,Lancaster,0.27868911777189104,270
2015,mar,31,159,Seward,0.29276232925420015,133
2015,mar,31,139,Pierce,0.28040000000000004,1
2015,mar,31,119,Madison,0.24195,1
2015,mar,31,167,Stanton,0.27902972972972984,37
2015,mar,31,117,McPherson,0.231072619047619,42
2015,mar,31,111,Lincoln,0.2733638254414098,1604
2015,mar,31,113,Logan,0.23146827919834137,58
2015,mar,31,007,Banner,0.29680680507100493,3291
2015,mar,31,157,Scotts Bluff,0.25531192336946174,1041
2015,mar,31,165,Sioux,0.29877832188542397,381
2015,mar,31,039,Cuming,0.26078076923076926,13
2015,mar,31,129,Nuckolls,0.26889542911850167,2002
2015,mar,31,101,Keith,0.2786194917283136,3167
2015,mar,31,137,Phelps,0.28034622383810387,208
2015,mar,31,181,Webster,0.2700936263168738,1508
2015,mar,31,015,Boyd,0.27336006217056347,175
2015,mar,31,171,Thomas,,0
2015,mar,31,089,Holt,0.29766974911045885,151
2015,mar,31,017,Brown,0.22760000000000002,1
2015,mar,31,103,Keya Paha,0.24645079567154696,15
2015,mar,31,077,Greeley,0.26175000000000004,10
2015,mar,31,095,Jefferson,0.2978305980456122,577
2015,mar,31,151,Saline,0.2889012415548595,539
2015,mar,31,057,Dundy,0.30715788294449387,2828
2015,mar,31,131,Otoe,0.27882517141924257,151
2015,mar,31,087,Hitchcock,0.28694855374378503,4870
2015,mar,31,105,Kimball,0.27240961775084244,6506
2015,mar,31,127,Nemaha,0.2779094936708862,79
2015,mar,31,041,Custer,0.257735373668949,322
2015,mar,31,143,Polk,0.24463668645325415,19
2015,mar,31,045,Dawes,0.3345457369254681,2661
2015,mar,31,179,Wayne,,0
2015,mar,31,071,Garfield,0.30839130434782613,23
2015,mar,31,013,Box Butte,0.29999384543608526,10131
2015,mar,31,173,Thurston,0.24172083333333333,36
2015,mar,31,011,Boone,0.23485,7
2015,mar,31,145,Red Willow,0.2936160567713567,4286
2015,mar,31,149,Rock,0.31655625,8
2015,mar,31,005,Arthur,0.2376328571428572,35
2015,mar,31,085,Hayes,0.2725761874524731,2054
2015,mar,31,097,Johnson,0.3116864583333334,192
2015,mar,31,003,Antelope,0.25241958134765036,66
2015,mar,31,163,Sherman,0.26621071428571424,56
2015,mar,31,161,Sheridan,0.3079428465315053,4080
2015,mar,31,133,Pawnee,0.2821773275376963,349
2015,mar,31,075,Grant,,0
2015,mar,31,021,Burt,0.26250270338554826,16
2015,mar,31,009,Blaine,0.26081875,8
2015,mar,31,027,Cedar,0.22253684210526317,19
2015,mar,31,169,Thayer,0.28568715052035226,986
2015,mar,31,049,Deuel,0.2844570112970262,6399
2015,mar,31,123,Morrill,0.2940885367571155,2472
2015,mar,31,115,Loup,0.2617333333333333,12
2015,mar,31,063,Frontier,0.27131570390005155,3297
2015,mar,31,125,Nance,0.27262941176470584,17
2015,mar,31,107,Knox,0.27783837209302326,86
2015,mar,31,135,Perkins,0.2913543777473818,7985
2015,mar,31,037,Colfax,0.2839547619047619,84
2015,mar,31,023,Butler,0.28445064935064934,77
2015,mar,31,031,Cherry,0.25589123654011414,156
2015,mar,31,183,Wheeler,0.2771125,4
2015,mar,31,061,Franklin,0.2701551352458745,604
2015,mar,31,029,Chase,0.31640471699174344,3880
2015,mar,31,059,Fillmore,0.29151526821807083,288
2015,mar,31,185,York,0.26227418150130716,33
2015,mar,31,035,Clay,0.2811080670248869,171
2015,mar,31,033,Cheyenne,0.2978787990522887,16096
2015,mar,31,069,Garden,0.294604688289794,4042
2015,mar,31,083,Harlan,0.28089137186699903,1803
2015,mar,31,091,Hooker,,0
2015,mar,31,147,Richardson,0.2874898762918885,126
2015,mar,31,065,Furnas,0.2845545672994667,4060
2015,mar,31,175,Valley,0.25377941176470586,34
2015,mar,31,141,Platte,0.30960454545454547,11
2015,mar,31,121,Merrick,0.3830930658257213,56
2015,mar,31,079,Hall,0.2780834688468622,89
2015,mar,31,081,Hamilton,0.2957196425607259,71
2015,mar,31,093,Howard,0.28842243779458515,36
2015,mar,31,001,Adams,0.2972277022029266,246
2015,mar,31,099,Kearney,0.29067202679586784,412
2015,mar,31,019,Buffalo,0.28800934154935454,237
2015,mar,31,073,Gosper,0.27602221927151227,1085
2015,mar,31,047,Dawson,0.2936437637429758,202
2015,mar,37,037,Chatham,0.576485857538036,18
2015,mar,37,115,Madison,,0
2015,mar,37,087,Haywood,,0
2015,mar,37,021,Buncombe,,0
2015,mar,37,089,Henderson,,0
2015,mar,37,175,Transylvania,,0
2015,mar,37,167,Stanly,0.500175,2
2015,mar,37,109,Lincoln,0.6182264705882354,17
2015,mar,37,159,Rowan,0.5205000000000001,3
2015,mar,37,025,Cabarrus,,0
2015,mar,37,097,Iredell,0.56305,1
2015,mar,37,071,Gaston,0.6512153846153846,13
2015,mar,37,179,Union,0.5112666666666666,9
2015,mar,37,119,Mecklenburg,,0
2015,mar,37,045,Cleveland,0.6547666666666666,12
2015,mar,37,005,Alleghany,0.4549,1
2015,mar,37,173,Swain,,0
2015,mar,37,011,Avery,,0
2015,mar,37,033,Caswell,0.42710465847384976,43
2015,mar,37,075,Graham,,0
2015,mar,37,007,Anson,0.6472666666666668,9
2015,mar,37,149,Polk,,0
2015,mar,37,039,Cherokee,,0
2015,mar,37,113,Macon,,0
2015,mar,37,009,Ashe,,0
2015,mar,37,123,Montgomery,0.42756000000000005,10
2015,mar,37,043,Clay,,0
2015,mar,37,121,Mitchell,,0
2015,mar,37,199,Yancey,,0
2015,mar,37,189,Watauga,,0
2015,mar,37,099,Jackson,,0
2015,mar,37,161,Rutherford,0.5631653846153847,13
2015,mar,37,193,Wilkes,,0
2015,mar,37,125,Moore,0.47906363636363647,22
2015,mar,37,153,Richmond,0.5851117647058824,17
2015,mar,37,093,Hoke,0.474675,2
2015,mar,37,165,Scotland,,0
2015,mar,37,155,Robeson,0.5002288578240138,21
2015,mar,37,001,Alamance,0.5006184330646887,55
2015,mar,37,151,Randolph,0.46380555555555564,9
2015,mar,37,081,Guilford,0.4960436708860761,79
2015,mar,37,157,Rockingham,0.44810959595959593,99
2015,mar,37,171,Surry,,0
2015,mar,37,057,Davidson,0.4306375,8
2015,mar,37,169,Stokes,0.39384375,8
2015,mar,37,067,Forsyth,0.36555000000000004,1
2015,mar,37,197,Yadkin,0.5205375,8
2015,mar,37,059,Davie,0.5264541666666666,12
2015,mar,37,027,Caldwell,0.6424000000000001,1
2015,mar,37,003,Alexander,0.4543700000000001,5
2015,mar,37,035,Catawba,0.610625,10
2015,mar,37,023,Burke,0.49317500000000003,4
2015,mar,37,111,McDowell,,0
2015,mar,37,029,Camden,,0
2015,mar,37,139,Pasquotank,0.5485056818181818,44
2015,mar,37,143,Perquimans,0.6322228437233135,6
2015,mar,37,177,Tyrrell,,0
2015,mar,37,055,Dare,0.4292,1
2015,mar,37,073,Gates,0.5328818181818181,22
2015,mar,37,053,Currituck,0.47887909090909087,55
2015,mar,37,019,Brunswick,,0
2015,mar,37,031,Carteret,,0
2015,mar,37,137,Pamlico,,0
2015,mar,37,049,Craven,,0
2015,mar,37,103,Jones,0.58435,2
2015,mar,37,085,Harnett,0.5092666666666666,6
2015,mar,37,063,Durham,0.4870375,12
2015,mar,37,145,Person,0.47530000000000006,27
2015,mar,37,135,Orange,0.5087501352680768,48
2015,mar,37,181,Vance,0.4915548387096774,31
2015,mar,37,077,Granville,0.48720661374227797,218
2015,mar,37,069,Franklin,0.5150945945945946,37
2015,mar,37,101,Johnston,0.4720607142857144,28
2015,mar,37,183,Wake,0.4976525305778154,28
2015,mar,37,105,Lee,0.452925,2
2015,mar,37,131,Northampton,0.5628312499999999,16
2015,mar,37,083,Halifax,0.5323294642857144,56
2015,mar,37,127,Nash,0.4648473227206946,28
2015,mar,37,065,Edgecombe,0.5121685273988023,176
2015,mar,37,195,Wilson,0.4648375,4
2015,mar,37,163,Sampson,0.5818729475269897,79
2015,mar,37,185,Warren,0.469542,25
2015,mar,37,187,Washington,0.5149473684210527,19
2015,mar,37,061,Duplin,0.6060807692307691,13
2015,mar,37,091,Hertford,0.6012364469893907,115
2015,mar,37,017,Bladen,0.6911,2
2015,mar,37,095,Hyde,0.544968918918919,74
2015,mar,37,015,Bertie,0.5640422594256159,870
2015,mar,37,079,Greene,0.5463,3
2015,mar,37,041,Chowan,0.5713644453494379,198
2015,mar,37,117,Martin,0.5444099378881988,161
2015,mar,37,047,Columbus,0.6667875000000001,4
2015,mar,37,191,Wayne,0.5321033289386949,12
2015,mar,37,133,Onslow,,0
2015,mar,37,107,Lenoir,0.549285,10
2015,mar,37,129,New Hanover,,0
2015,mar,37,141,Pender,,0
2015,mar,37,051,Cumberland,,0
2015,mar,37,147,Pitt,0.5721545250732066,86
2015,mar,37,013,Beaufort,0.40997000000000006,5
2016,mar,17,121,Marion,0.5783080794762209,44
2016,mar,17,005,Bond,0.6590547876602565,50
2016,mar,17,083,Jersey,0.5926507725273485,35
2016,mar,17,163,St. Clair,0.6377004123022064,37
2016,mar,17,027,Clinton,0.6791824573863636,42
2016,mar,17,013,Calhoun,0.5880214285714287,21
2016,mar,17,119,Madison,0.605068784667195,81
2016,mar,17,133,Monroe,0.5794681096485276,60
2016,mar,17,117,Macoupin,0.5979336192735899,173
2016,mar,17,171,Scott,0.5180555555555556,9
2016,mar,17,137,Morgan,0.5416567164179104,67
2016,mar,17,107,Logan,0.472101348193421,88
2016,mar,17,129,Menard,0.554306735566643,56
2016,mar,17,167,Sangamon,0.5329295559721166,68
2016,mar,17,021,Christian,0.5446285531410017,64
2016,mar,17,127,Massac,0.3779,2
2016,mar,17,057,Fulton,0.47461410256410247,78
2016,mar,17,175,Stark,0.4226421875000001,32
2016,mar,17,203,Woodford,0.5007668389017821,180
2016,mar,17,179,Tazewell,0.5156534805942293,152
2016,mar,17,123,Marshall,0.4056269230769231,26
2016,mar,17,143,Peoria,0.4475343479352329,63
2016,mar,17,001,Adams,0.5276317869599256,223
2016,mar,17,177,Stephenson,0.35833157771808943,137
2016,mar,17,141,Ogle,0.3744260919043745,239
2016,mar,17,201,Winnebago,0.36487242129490943,252
2016,mar,17,007,Boone,0.36474966006768694,132
2016,mar,17,025,Clay,0.6068516148877269,26
2016,mar,17,185,Wabash,0.4682,1
2016,mar,17,009,Brown,0.49763541666666644,72
2016,mar,17,151,Pope,0.41104999999999997,3
2016,mar,17,033,Crawford,,0
2016,mar,17,135,Montgomery,0.5620861964517524,131
2016,mar,17,055,Franklin,0.5300181818181818,22
2016,mar,17,023,Clark,0.5512687499999999,24
2016,mar,17,059,Gallatin,0.5621825,20
2016,mar,17,075,Iroquois,0.4641928171566245,392
2016,mar,17,041,Douglas,0.5211886363636364,66
2016,mar,17,189,Washington,0.6089642045454547,88
2016,mar,17,159,Richland,0.4011736924686192,4
2016,mar,17,065,Hamilton,0.5996478260869564,23
2016,mar,17,193,White,0.5671740740740742,27
2016,mar,17,169,Schuyler,0.48423750000000015,52
2016,mar,17,181,Union,0.62365,1
2016,mar,17,085,Jo Daviess,0.3549260641579272,45
2016,mar,17,125,Mason,0.5444731014823259,86
2016,mar,17,191,Wayne,0.6015157407407409,54
2016,mar,17,069,Hardin,,0
2016,mar,17,061,Greene,0.6058198113207546,53
2016,mar,17,157,Randolph,0.6158929846938772,57
2016,mar,17,149,Pike,0.5459244569330913,104
2016,mar,17,145,Perry,0.6220433496564254,51
2016,mar,17,087,Johnson,0.5259583333333333,6
2016,mar,17,173,Shelby,0.5204526315789471,133
2016,mar,17,051,Fayette,0.572207568639733,79
2016,mar,17,139,Moultrie,0.45779629629629626,27
2016,mar,17,017,Cass,0.5693749999999999,76
2016,mar,17,015,Carroll,0.35651088093233474,89
2016,mar,17,047,Edwards,0.5309681818181818,11
2016,mar,17,079,Jasper,0.5259831163065996,15
2016,mar,17,187,Warren,0.4155165092871225,38
2016,mar,17,153,Pulaski,0.6718500000000001,1
2016,mar,17,165,Saline,0.5154928571428571,7
2016,mar,17,101,Lawrence,0.49615000000000004,3
2016,mar,17,045,Edgar,0.6327349718776484,54
2016,mar,17,071,Henderson,0.5124163459451637,56
2016,mar,17,199,Williamson,0.6434444444444446,18
2016,mar,17,077,Jackson,0.5651833333333333,6
2016,mar,17,147,Piatt,0.6041687499999998,56
2016,mar,17,053,Ford,0.5099115295980294,227
2016,mar,17,019,Champaign,0.47522887637919387,88
2016,mar,17,029,Coles,0.5741818915739951,74
2016,mar,17,035,Cumberland,0.53174,30
2016,mar,17,183,Vermilion,0.4627572351880538,157
2016,mar,17,115,Macon,0.5124531381904938,43
2016,mar,17,049,Effingham,0.5453278247849027,83
2016,mar,17,067,Hancock,0.5146776699029123,103
2016,mar,17,095,Knox,0.4802611881785284,33
2016,mar,17,109,McDonough,0.44484772727272726,22
2016,mar,17,081,Jefferson,0.5795820109373501,41
2016,mar,17,113,McLean,0.501390135460948,127
2016,mar,17,039,De Witt,0.49147708333333334,24
2016,mar,17,105,Livingston,0.46103239214377256,519
2016,mar,17,003,Alexander,,0
2016,mar,17,093,Kendall,0.3855186837011228,102
2016,mar,17,031,Cook,0.3589642857142858,14
2016,mar,17,037,DeKalb,0.3774245420651645,339
2016,mar,17,089,Kane,0.379933550762077,124
2016,mar,17,063,Grundy,0.48302177419354836,62
2016,mar,17,111,McHenry,0.36713059882753346,262
2016,mar,17,197,Will,0.42728885742969236,598
2016,mar,17,043,DuPage,0.258825,4
2016,mar,17,097,Lake,0.40049600220948695,116
2016,mar,17,091,Kankakee,0.44820866895756234,329
2016,mar,17,011,Bureau,0.4468883480106709,138
2016,mar,17,155,Putnam,0.45031693265862205,51
2016,mar,17,099,LaSalle,0.4205351051425356,198
2016,mar,17,131,Mercer,0.42521666666666663,9
2016,mar,17,161,Rock Island,0.37167000000000006,5
2016,mar,17,073,Henry,0.40846320754716986,53
2016,mar,17,103,Lee,0.4113511245910577,93
2016,mar,17,195,Whiteside,0.39894564130814514,147
2016,mar,31,043,Dakota,,0
2016,mar,31,051,Dixon,0.40723000000000004,5
2016,mar,31,053,Dodge,0.4712650000000001,20
2016,mar,31,025,Cass,0.43581743735625234,35
2016,mar,31,055,Douglas,0.4127875,20
2016,mar,31,153,Sarpy,0.30432000000000003,5
2016,mar,31,155,Saunders,0.42636368686417997,90
2016,mar,31,177,Washington,0.5077,2
2016,mar,31,067,Gage,0.47586556772130034,490
2016,mar,31,109,Lancaster,0.40492750647344744,174
2016,mar,31,159,Seward,0.4398768867924529,106
2016,mar,31,139,Pierce,0.3858632352941178,34
2016,mar,31,119,Madison,0.4814083333333334,30
2016,mar,31,167,Stanton,0.4037388888888889,9
2016,mar,31,117,McPherson,0.27355999999999997,5
2016,mar,31,111,Lincoln,0.4366854727517004,1430
2016,mar,31,113,Logan,0.3817644940215807,71
2016,mar,31,007,Banner,0.33887494969151666,3518
2016,mar,31,157,Scotts Bluff,0.43041242868414076,1008
2016,mar,31,165,Sioux,0.42979925254200996,424
2016,mar,31,039,Cuming,0.4295,1
2016,mar,31,129,Nuckolls,0.4549865861752822,1541
2016,mar,31,101,Keith,0.5040095792815817,3451
2016,mar,31,137,Phelps,0.44588360279625544,128
2016,mar,31,181,Webster,0.4700475713491012,1686
2016,mar,31,015,Boyd,0.48405761904761896,105
2016,mar,31,171,Thomas,,0
2016,mar,31,089,Holt,0.520743761916241,180
2016,mar,31,017,Brown,0.393975,2
2016,mar,31,103,Keya Paha,0.37612001254705146,4
2016,mar,31,077,Greeley,0.40085544510220045,36
2016,mar,31,095,Jefferson,0.43132953025628606,461
2016,mar,31,151,Saline,0.41868352345059684,312
2016,mar,31,057,Dundy,0.5409411530196553,2856
2016,mar,31,131,Otoe,0.42870612006500985,120
2016,mar,31,087,Hitchcock,0.5287404860768955,4811
2016,mar,31,105,Kimball,0.31745780714016675,7444
2016,mar,31,127,Nemaha,0.46370362318840586,69
2016,mar,31,041,Custer,0.4066305331349962,446
2016,mar,31,143,Polk,0.3690666666666667,9
2016,mar,31,045,Dawes,0.3938688694723867,2893
2016,mar,31,179,Wayne,0.3761666666666667,3
2016,mar,31,071,Garfield,0.4550954545454546,11
2016,mar,31,013,Box Butte,0.4631277007878344,9451
2016,mar,31,173,Thurston,0.4127081395348838,43
2016,mar,31,011,Boone,0.49072759118341636,30
2016,mar,31,145,Red Willow,0.573273374670996,4525
2016,mar,31,149,Rock,,0
2016,mar,31,005,Arthur,0.4916142857142857,7
2016,mar,31,085,Hayes,0.4897592145587043,2111
2016,mar,31,097,Johnson,0.4586290167479525,173
2016,mar,31,003,Antelope,0.49522787882955693,115
2016,mar,31,163,Sherman,0.4561888160987073,68
2016,mar,31,161,Sheridan,0.42618608552990384,3962
2016,mar,31,133,Pawnee,0.5076570209787732,225
2016,mar,31,075,Grant,,0
2016,mar,31,021,Burt,0.38875000000000004,5
2016,mar,31,009,Blaine,,0
2016,mar,31,027,Cedar,0.4558892857142857,14
2016,mar,31,169,Thayer,0.4640149182093061,817
2016,mar,31,049,Deuel,0.511495087268885,7264
2016,mar,31,123,Morrill,0.4397355922261386,2460
2016,mar,31,115,Loup,0.41055,5
2016,mar,31,063,Frontier,0.5098399277711274,3275
2016,mar,31,125,Nance,0.3966956148385619,35
2016,mar,31,107,Knox,0.43360000000000004,61
2016,mar,31,135,Perkins,0.4892041304683219,8249
2016,mar,31,037,Colfax,0.45326935483870967,31
2016,mar,31,023,Butler,0.4389708359423922,51
2016,mar,31,031,Cherry,0.4729297027840481,126
2016,mar,31,183,Wheeler,0.4181910351926282,43
2016,mar,31,061,Franklin,0.44998798881838153,795
2016,mar,31,029,Chase,0.5058703442904194,3642
2016,mar,31,059,Fillmore,0.42714206349206324,126
2016,mar,31,185,York,0.42986346153846156,26
2016,mar,31,035,Clay,0.4354084118108692,165
2016,mar,31,033,Cheyenne,0.4017501335109448,16278
2016,mar,31,069,Garden,0.4488636923427488,4070
2016,mar,31,083,Harlan,0.4817250173952695,1844
2016,mar,31,091,Hooker,,0
2016,mar,31,147,Richardson,0.4573609786933403,107
2016,mar,31,065,Furnas,0.5522340390970195,3986
2016,mar,31,175,Valley,0.4011697802197804,91
2016,mar,31,141,Platte,0.383584375,16
2016,mar,31,121,Merrick,0.49811418135360014,62
2016,mar,31,079,Hall,0.5519431401610594,81
2016,mar,31,081,Hamilton,0.5149772641560998,144
2016,mar,31,093,Howard,0.45154911212242893,88
2016,mar,31,001,Adams,0.42781563555727553,270
2016,mar,31,099,Kearney,0.45088709518167464,439
2016,mar,31,019,Buffalo,0.48077462210986466,228
2016,mar,31,073,Gosper,0.5091986697738178,727
2016,mar,31,047,Dawson,0.4274619794944844,244
2016,mar,37,037,Chatham,0.7339748414376324,11
2016,mar,37,115,Madison,,0
2016,mar,37,087,Haywood,,0
2016,mar,37,021,Buncombe,,0
2016,mar,37,089,Henderson,,0
2016,mar,37,175,Transylvania,,0
2016,mar,37,167,Stanly,0.7499571428571431,28
2016,mar,37,109,Lincoln,0.6837875,4
2016,mar,37,159,Rowan,0.70005625,8
2016,mar,37,025,Cabarrus,0.59935,8
2016,mar,37,097,Iredell,0.729285925975593,147
2016,mar,37,071,Gaston,0.7064214285714286,7
2016,mar,37,179,Union,0.62765,4
2016,mar,37,119,Mecklenburg,0.6615583333333334,6
2016,mar,37,045,Cleveland,0.6391596774193548,31
2016,mar,37,005,Alleghany,,0
2016,mar,37,173,Swain,,0
2016,mar,37,011,Avery,,0
2016,mar,37,033,Caswell,0.506318918918919,37
2016,mar,37,075,Graham,,0
2016,mar,37,007,Anson,0.6571863636363635,11
2016,mar,37,149,Polk,0.72895,1
2016,mar,37,039,Cherokee,,0
2016,mar,37,113,Macon,,0
2016,mar,37,009,Ashe,,0
2016,mar,37,123,Montgomery,0.6848562500000002,8
2016,mar,37,043,Clay,,0
2016,mar,37,121,Mitchell,,0
2016,mar,37,199,Yancey,,0
2016,mar,37,189,Watauga,,0
2016,mar,37,099,Jackson,,0
2016,mar,37,161,Rutherford,0.628359375,16
2016,mar,37,193,Wilkes,,0
2016,mar,37,125,Moore,0.5872608845671268,7
2016,mar,37,153,Richmond,0.4195222222222222,9
2016,mar,37,093,Hoke,0.62536,5
2016,mar,37,165,Scotland,0.5583780701754387,57
2016,mar,37,155,Robeson,0.5904129746835446,158
2016,mar,37,001,Alamance,0.6217636363636363,44
2016,mar,37,151,Randolph,0.6459339151568714,18
2016,mar,37,081,Guilford,0.6162855660264823,33
2016,mar,37,157,Rockingham,0.5183732388076364,36
2016,mar,37,171,Surry,0.6418,2
2016,mar,37,057,Davidson,0.7114750000000001,6
2016,mar,37,169,Stokes,0.39444,5
2016,mar,37,067,Forsyth,0.4774,2
2016,mar,37,197,Yadkin,0.6773166666666667,3
2016,mar,37,059,Davie,,0
2016,mar,37,027,Caldwell,,0
2016,mar,37,003,Alexander,0.6925158590308371,2
2016,mar,37,035,Catawba,0.6349666666666667,3
2016,mar,37,023,Burke,,0
2016,mar,37,111,McDowell,,0
2016,mar,37,029,Camden,0.6713,1
2016,mar,37,139,Pasquotank,0.5912198113207547,53
2016,mar,37,143,Perquimans,0.6842863184654495,17
2016,mar,37,177,Tyrrell,0.6343333333333333,3
2016,mar,37,055,Dare,0.6189902439024391,41
2016,mar,37,073,Gates,0.5806375,4
2016,mar,37,053,Currituck,0.74965,1
2016,mar,37,019,Brunswick,0.5947,1
2016,mar,37,031,Carteret,0.743175,2
2016,mar,37,137,Pamlico,,0
2016,mar,37,049,Craven,,0
2016,mar,37,103,Jones,0.6604,1
2016,mar,37,085,Harnett,0.5648293566775244,5
2016,mar,37,063,Durham,0.6186078512396694,26
2016,mar,37,145,Person,0.5953610031834135,49
2016,mar,37,135,Orange,0.6371928084784254,22
2016,mar,37,181,Vance,0.575201446768061,107
2016,mar,37,077,Granville,0.5968942907655389,277
2016,mar,37,069,Franklin,0.6197965573770493,42
2016,mar,37,101,Johnston,0.5676642857142857,7
2016,mar,37,183,Wake,0.6168500000000001,8
2016,mar,37,105,Lee,0.564510974106042,4
2016,mar,37,131,Northampton,0.6638952062754213,7
2016,mar,37,083,Halifax,0.6188030407523512,44
2016,mar,37,127,Nash,0.5603952409847434,114
2016,mar,37,065,Edgecombe,0.6236740526197126,228
2016,mar,37,195,Wilson,0.6480727272727274,11
2016,mar,37,163,Sampson,0.5901551724137931,29
2016,mar,37,185,Warren,0.5944658017947718,31
2016,mar,37,187,Washington,0.6542142857142857,14
2016,mar,37,061,Duplin,0.6170598874204603,25
2016,mar,37,091,Hertford,0.6859748238213399,120
2016,mar,37,017,Bladen,,0
2016,mar,37,095,Hyde,,0
2016,mar,37,015,Bertie,0.6471502841480444,683
2016,mar,37,079,Greene,0.7079000000000001,1
2016,mar,37,041,Chowan,0.6708279012123123,175
2016,mar,37,117,Martin,0.6610471428571429,140
2016,mar,37,047,Columbus,,0
2016,mar,37,191,Wayne,0.5184591549295775,7
2016,mar,37,133,Onslow,,0
2016,mar,37,107,Lenoir,,0
2016,mar,37,129,New Hanover,,0
2016,mar,37,141,Pender,0.7556,1
2016,mar,37,051,Cumberland,0.57245,4
2016,mar,37,147,Pitt,0.6708533333333334,30
2016,mar,37,013,Beaufort,,0
2017,mar,17,121,Marion,0.5863327784556388,24
2017,mar,17,005,Bond,0.5967973684210527,19
2017,mar,17,083,Jersey,0.5461883899233297,18
2017,mar,17,163,St. Clair,0.5616266666666667,15
2017,mar,17,027,Clinton,0.6646593023255813,43
2017,mar,17,013,Calhoun,0.57071,15
2017,mar,17,119,Madison,0.5917636657681941,37
2017,mar,17,133,Monroe,0.5412782608695653,23
2017,mar,17,117,Macoupin,0.545584339757742,67
2017,mar,17,171,Scott,0.4759333333333333,3
2017,mar,17,137,Morgan,0.5149264705882352,34
2017,mar,17,107,Logan,0.4488919993473294,37
2017,mar,17,129,Menard,0.4840220000000001,75
2017,mar,17,167,Sangamon,0.4718568652444207,89
2017,mar,17,021,Christian,0.47869692534076835,27
2017,mar,17,127,Massac,,0
2017,mar,17,057,Fulton,0.4192516666666668,30
2017,mar,17,175,Stark,0.4548906877806664,18
2017,mar,17,203,Woodford,0.44275560227848865,133
2017,mar,17,179,Tazewell,0.43780777724435915,99
2017,mar,17,123,Marshall,0.4401734532267615,28
2017,mar,17,143,Peoria,0.42762678571428575,56
2017,mar,17,001,Adams,0.4916509493670885,158
2017,mar,17,177,Stephenson,0.3628356483689431,168
2017,mar,17,141,Ogle,0.3621940143901546,207
2017,mar,17,201,Winnebago,0.3585082220508868,128
2017,mar,17,007,Boone,0.3643951833032997,135
2017,mar,17,025,Clay,0.5304785714285715,7
2017,mar,17,185,Wabash,0.523825,2
2017,mar,17,009,Brown,0.46649917492869764,58
2017,mar,17,151,Pope,,0
2017,mar,17,033,Crawford,0.5963499999999999,5
2017,mar,17,135,Montgomery,0.5736827272727272,55
2017,mar,17,055,Franklin,0.60857,5
2017,mar,17,023,Clark,0.5848648148148147,27
2017,mar,17,059,Gallatin,,0
2017,mar,17,075,Iroquois,0.45339675705161975,322
2017,mar,17,041,Douglas,0.4879270270270271,37
2017,mar,17,189,Washington,0.6831014084507042,71
2017,mar,17,159,Richland,0.5999630063542493,20
2017,mar,17,065,Hamilton,0.5468166666666666,6
2017,mar,17,193,White,0.6109533333333333,15
2017,mar,17,169,Schuyler,0.4578684782608696,46
2017,mar,17,181,Union,0.6519125,4
2017,mar,17,085,Jo Daviess,0.3373352591949029,41
2017,mar,17,125,Mason,0.49341758212528264,59
2017,mar,17,191,Wayne,0.6531263157894736,38
2017,mar,17,069,Hardin,,0
2017,mar,17,061,Greene,0.47677155172413793,58
2017,mar,17,157,Randolph,0.5816844827586206,29
2017,mar,17,149,Pike,0.47699306159835136,36
2017,mar,17,145,Perry,0.6581540322580643,62
2017,mar,17,087,Johnson,,0
2017,mar,17,173,Shelby,0.5153461346041485,109
2017,mar,17,051,Fayette,0.5537251419497643,41
2017,mar,17,139,Moultrie,0.4734701527160256,41
2017,mar,17,017,Cass,0.4618717105263159,76
2017,mar,17,015,Carroll,0.36180606175989005,105
2017,mar,17,047,Edwards,0.6093283333333334,30
2017,mar,17,079,Jasper,0.5478294419766798,30
2017,mar,17,187,Warren,0.45300555555555555,9
2017,mar,17,153,Pulaski,0.608025,2
2017,mar,17,165,Saline,0.705425,2
2017,mar,17,101,Lawrence,0.7075187500000001,8
2017,mar,17,045,Edgar,0.4885744822618405,26
2017,mar,17,071,Henderson,0.41618314777327936,20
2017,mar,17,199,Williamson,0.6076714285714286,7
2017,mar,17,077,Jackson,0.6613500000000001,11
2017,mar,17,147,Piatt,0.5286548408854009,66
2017,mar,17,053,Ford,0.4742330865711052,87
2017,mar,17,019,Champaign,0.4610598002118966,104
2017,mar,17,029,Coles,0.5452559636341743,68
2017,mar,17,035,Cumberland,0.50415,30
2017,mar,17,183,Vermilion,0.4799447823863483,150
2017,mar,17,115,Macon,0.5403858779500496,52
2017,mar,17,049,Effingham,0.5503919942300757,23
2017,mar,17,067,Hancock,0.49492476686780007,87
2017,mar,17,095,Knox,0.43334838709677426,31
2017,mar,17,109,McDonough,0.46908063453210325,22
2017,mar,17,081,Jefferson,0.6230476409387855,49
2017,mar,17,113,McLean,0.4145582417582418,91
2017,mar,17,039,De Witt,0.42731093750000004,32
2017,mar,17,105,Livingston,0.4199231499452005,344
2017,mar,17,003,Alexander,,0
2017,mar,17,093,Kendall,0.40800243902439026,41
2017,mar,17,031,Cook,0.34632500000000005,4
2017,mar,17,037,DeKalb,0.35891075360900393,259
2017,mar,17,089,Kane,0.3673330097087381,103
2017,mar,17,063,Grundy,0.44366226415094345,53
2017,mar,17,111,McHenry,0.36153419535585374,221
2017,mar,17,197,Will,0.3814947770177838,216
2017,mar,17,043,DuPage,0.25145,1
2017,mar,17,097,Lake,0.3418104292776432,81
2017,mar,17,091,Kankakee,0.4024786738454451,140
2017,mar,17,011,Bureau,0.4240162963752665,94
2017,mar,17,155,Putnam,0.4350643596146986,56
2017,mar,17,099,LaSalle,0.4163348345984922,156
2017,mar,17,131,Mercer,0.42015,1
2017,mar,17,161,Rock Island,0.41355000000000003,6
2017,mar,17,073,Henry,0.38536538461538455,26
2017,mar,17,103,Lee,0.3888696845660636,70
2017,mar,17,195,Whiteside,0.4039203296703297,91
2017,mar,31,043,Dakota,0.28071,5
2017,mar,31,051,Dixon,0.352185,10
2017,mar,31,053,Dodge,0.30707142857142855,4
2017,mar,31,025,Cass,0.3511837436135625,27
2017,mar,31,055,Douglas,0.4031666666666667,15
2017,mar,31,153,Sarpy,0.34795000000000004,1
2017,mar,31,155,Saunders,0.38323106796116513,103
2017,mar,31,177,Washington,0.2674125,4
2017,mar,31,067,Gage,0.3963635334640511,377
2017,mar,31,109,Lancaster,0.3827886044488629,95
2017,mar,31,159,Seward,0.3807085365853659,41
2017,mar,31,139,Pierce,0.36638875,40
2017,mar,31,119,Madison,0.38367222222222225,9
2017,mar,31,167,Stanton,0.49272692307692306,13
2017,mar,31,117,McPherson,0.2684026315789474,19
2017,mar,31,111,Lincoln,0.3677974988657495,891
2017,mar,31,113,Logan,0.31564142857142863,35
2017,mar,31,007,Banner,0.3081438736740998,2779
2017,mar,31,157,Scotts Bluff,0.2853100702777694,397
2017,mar,31,165,Sioux,0.3403579901983959,251
2017,mar,31,039,Cuming,0.3509300000000001,5
2017,mar,31,129,Nuckolls,0.3890674996501872,1078
2017,mar,31,101,Keith,0.4011509532402332,2755
2017,mar,31,137,Phelps,0.35416013228052795,140
2017,mar,31,181,Webster,0.40240406069295953,1589
2017,mar,31,015,Boyd,0.3659033163662807,77
2017,mar,31,171,Thomas,,0
2017,mar,31,089,Holt,0.4125029411764708,153
2017,mar,31,017,Brown,0.6035285714285715,7
2017,mar,31,103,Keya Paha,0.31670000000000004,1
2017,mar,31,077,Greeley,0.35675821788413103,19
2017,mar,31,095,Jefferson,0.453375013639147,360
2017,mar,31,151,Saline,0.37421804566321454,258
2017,mar,31,057,Dundy,0.4413210784793542,2588
2017,mar,31,131,Otoe,0.3972040540540542,74
2017,mar,31,087,Hitchcock,0.4509537546230668,4413
2017,mar,31,105,Kimball,0.2751414535847718,5852
2017,mar,31,127,Nemaha,0.4336375383613875,43
2017,mar,31,041,Custer,0.3168593163303754,303
2017,mar,31,143,Polk,0.39878333333333343,6
2017,mar,31,045,Dawes,0.32582218638643434,2055
2017,mar,31,179,Wayne,0.4098,1
2017,mar,31,071,Garfield,0.3575125,4
2017,mar,31,013,Box Butte,0.37235835911232756,7598
2017,mar,31,173,Thurston,0.4127809523809522,42
2017,mar,31,011,Boone,0.45074444444444445,9
2017,mar,31,145,Red Willow,0.4348192056428389,4067
2017,mar,31,149,Rock,0.24065454545454543,11
2017,mar,31,005,Arthur,0.32617499999999994,12
2017,mar,31,085,Hayes,0.41356399207445543,1658
2017,mar,31,097,Johnson,0.3840118250739647,85
2017,mar,31,003,Antelope,0.35504468085106383,47
2017,mar,31,163,Sherman,0.35145,3
2017,mar,31,161,Sheridan,0.34103943640893813,2510
2017,mar,31,133,Pawnee,0.40217745664739896,173
2017,mar,31,075,Grant,,0
2017,mar,31,021,Burt,0.287242,25
2017,mar,31,009,Blaine,0.06505,1
2017,mar,31,027,Cedar,0.442125,2
2017,mar,31,169,Thayer,0.4148267985349174,489
2017,mar,31,049,Deuel,0.39838502116616487,5855
2017,mar,31,123,Morrill,0.38712036462098837,1735
2017,mar,31,115,Loup,0.3150117647058823,17
2017,mar,31,063,Frontier,0.39605631628174887,2213
2017,mar,31,125,Nance,0.4641916666666667,6
2017,mar,31,107,Knox,0.39581219512195126,41
2017,mar,31,135,Perkins,0.4048578161107737,7006
2017,mar,31,037,Colfax,0.3743821879737241,39
2017,mar,31,023,Butler,0.3580441176470588,34
2017,mar,31,031,Cherry,0.4310364613651301,127
2017,mar,31,183,Wheeler,0.3898607142857143,28
2017,mar,31,061,Franklin,0.36332935054757526,604
2017,mar,31,029,Chase,0.44303820391510745,2864
2017,mar,31,059,Fillmore,0.3929921052631579,76
2017,mar,31,185,York,0.31145,9
2017,mar,31,035,Clay,0.39677052383788536,143
2017,mar,31,033,Cheyenne,0.34755638124272875,13637
2017,mar,31,069,Garden,0.41747151486849,3275
2017,mar,31,083,Harlan,0.4133103740361562,1506
2017,mar,31,091,Hooker,,0
2017,mar,31,147,Richardson,0.3711596153846154,26
2017,mar,31,065,Furnas,0.4175111722028191,2767
2017,mar,31,175,Valley,0.28993964232488834,27
2017,mar,31,141,Platte,0.3607409090909091,11
2017,mar,31,121,Merrick,0.39307500000000006,4
2017,mar,31,079,Hall,0.3939071703296704,72
2017,mar,31,081,Hamilton,0.41737388968899614,101
2017,mar,31,093,Howard,0.3507777777777778,18
2017,mar,31,001,Adams,0.37916695718536764,314
2017,mar,31,099,Kearney,0.3402718712260653,617
2017,mar,31,019,Buffalo,0.35158271486847675,141
2017,mar,31,073,Gosper,0.343917008363255,555
2017,mar,31,047,Dawson,0.32223772590971717,152
2017,mar,37,037,Chatham,0.7002750000000001,4
2017,mar,37,115,Madison,,0
2017,mar,37,087,Haywood,,0
2017,mar,37,021,Buncombe,,0
2017,mar,37,089,Henderson,,0
2017,mar,37,175,Transylvania,,0
2017,mar,37,167,Stanly,0.6871142857142857,7
2017,mar,37,109,Lincoln,0.6643978545722988,43
2017,mar,37,159,Rowan,0.6925586956521738,23
2017,mar,37,025,Cabarrus,0.7267666666666667,3
2017,mar,37,097,Iredell,0.675219230769231,26
2017,mar,37,071,Gaston,0.6903900000000001,5
2017,mar,37,179,Union,0.7334333333333335,6
2017,mar,37,119,Mecklenburg,,0
2017,mar,37,045,Cleveland,0.6994755555555556,45
2017,mar,37,005,Alleghany,,0
2017,mar,37,173,Swain,,0
2017,mar,37,011,Avery,,0
2017,mar,37,033,Caswell,0.5086107719310942,111
2017,mar,37,075,Graham,,0
2017,mar,37,007,Anson,0.633518,25
2017,mar,37,149,Polk,,0
2017,mar,37,039,Cherokee,0.6314847071850395,32
2017,mar,37,113,Macon,,0
2017,mar,37,009,Ashe,,0
2017,mar,37,123,Montgomery,0.6604666666666666,3
2017,mar,37,043,Clay,0.7321000000000001,1
2017,mar,37,121,Mitchell,,0
2017,mar,37,199,Yancey,,0
2017,mar,37,189,Watauga,,0
2017,mar,37,099,Jackson,,0
2017,mar,37,161,Rutherford,0.6285071428571428,7
2017,mar,37,193,Wilkes,0.7157,1
2017,mar,37,125,Moore,0.5748833333333333,24
2017,mar,37,153,Richmond,0.6490742857142857,35
2017,mar,37,093,Hoke,0.55875,2
2017,mar,37,165,Scotland,0.5057983870967742,31
2017,mar,37,155,Robeson,0.5878499999999999,7
2017,mar,37,001,Alamance,0.569894839480689,73
2017,mar,37,151,Randolph,0.5848141801075268,9
2017,mar,37,081,Guilford,0.5791375352112674,51
2017,mar,37,157,Rockingham,0.551285752357008,157
2017,mar,37,171,Surry,,0
2017,mar,37,057,Davidson,0.709425,2
2017,mar,37,169,Stokes,0.5548175175370226,21
2017,mar,37,067,Forsyth,,0
2017,mar,37,197,Yadkin,0.691781266318538,4
2017,mar,37,059,Davie,0.6078018518518519,27
2017,mar,37,027,Caldwell,0.52495,1
2017,mar,37,003,Alexander,0.4827000000000001,3
2017,mar,37,035,Catawba,0.6097194047546663,65
2017,mar,37,023,Burke,,0
2017,mar,37,111,McDowell,0.8153,1
2017,mar,37,029,Camden,0.40375,1
2017,mar,37,139,Pasquotank,0.5481529411764705,51
2017,mar,37,143,Perquimans,0.5794061926605505,6
2017,mar,37,177,Tyrrell,0.5788,1
2017,mar,37,055,Dare,,0
2017,mar,37,073,Gates,0.624475,2
2017,mar,37,053,Currituck,0.5694833333333335,3
2017,mar,37,019,Brunswick,,0
2017,mar,37,031,Carteret,0.6848,7
2017,mar,37,137,Pamlico,,0
2017,mar,37,049,Craven,0.5584375,4
2017,mar,37,103,Jones,0.7100589285714286,28
2017,mar,37,085,Harnett,0.6475919642857145,56
2017,mar,37,063,Durham,0.5019103448275862,29
2017,mar,37,145,Person,0.5081237418563653,258
2017,mar,37,135,Orange,0.5237234645669291,51
2017,mar,37,181,Vance,0.5595315789473686,38
2017,mar,37,077,Granville,0.5675054554911757,325
2017,mar,37,069,Franklin,0.6239398305084745,59
2017,mar,37,101,Johnston,0.6057847826086956,23
2017,mar,37,183,Wake,0.5685125,20
2017,mar,37,105,Lee,,0
2017,mar,37,131,Northampton,0.6337666666666667,3
2017,mar,37,083,Halifax,0.5664,2
2017,mar,37,127,Nash,0.5565359375,32
2017,mar,37,065,Edgecombe,0.6798099056603774,106
2017,mar,37,195,Wilson,0.5787159999999999,25
2017,mar,37,163,Sampson,0.6353197783747482,6
2017,mar,37,185,Warren,0.6963250000000001,18
2017,mar,37,187,Washington,0.741740298507463,67
2017,mar,37,061,Duplin,0.6781499999999999,12
2017,mar,37,091,Hertford,0.6567236068481005,59
2017,mar,37,017,Bladen,0.640375,2
2017,mar,37,095,Hyde,,0
2017,mar,37,015,Bertie,0.6592359295063888,453
2017,mar,37,079,Greene,,0
2017,mar,37,041,Chowan,0.6615383220325138,145
2017,mar,37,117,Martin,0.6721934659090908,176
2017,mar,37,047,Columbus,0.632,2
2017,mar,37,191,Wayne,0.5468814359637775,16
2017,mar,37,133,Onslow,0.7200500000000001,2
2017,mar,37,107,Lenoir,0.42300000000000004,2
2017,mar,37,129,New Hanover,0.2026,1
2017,mar,37,141,Pender,0.6946318181818181,22
2017,mar,37,051,Cumberland,0.7427458333333333,12
2017,mar,37,147,Pitt,0.657363636363636,66
2017,mar,37,013,Beaufort,,0
2018,mar,17,121,Marion,0.5097666666666667,9
2018,mar,17,005,Bond,0.4562908808933003,4
2018,mar,17,083,Jersey,0.39614516129032257,31
2018,mar,17,163,St. Clair,0.49508133897652956,12
2018,mar,17,027,Clinton,0.5127346153846155,13
2018,mar,17,013,Calhoun,0.3973583333333333,6
2018,mar,17,119,Madison,0.38525,25
2018,mar,17,133,Monroe,0.5062238534396811,18
2018,mar,17,117,Macoupin,0.39742230769230763,65
2018,mar,17,171,Scott,0.36047500000000005,8
2018,mar,17,137,Morgan,0.33975000000000005,57
2018,mar,17,107,Logan,0.39103928571428587,70
2018,mar,17,129,Menard,0.38432098765432104,81
2018,mar,17,167,Sangamon,0.341068117292316,116
2018,mar,17,021,Christian,0.4177677398388076,46
2018,mar,17,127,Massac,,0
2018,mar,17,057,Fulton,0.34119601180828896,34
2018,mar,17,175,Stark,0.2994540406544373,11
2018,mar,17,203,Woodford,0.37452420612337817,207
2018,mar,17,179,Tazewell,0.3776767000715818,187
2018,mar,17,123,Marshall,0.3195405660377359,53
2018,mar,17,143,Peoria,0.33365000000000006,78
2018,mar,17,001,Adams,0.338118292682927,164
2018,mar,17,177,Stephenson,0.274308875024933,181
2018,mar,17,141,Ogle,0.28618292682926844,164
2018,mar,17,201,Winnebago,0.28066730886642693,175
2018,mar,17,007,Boone,0.27321829204098824,112
2018,mar,17,025,Clay,0.54234375,8
2018,mar,17,185,Wabash,,0
2018,mar,17,009,Brown,0.3675664285714285,70
2018,mar,17,151,Pope,,0
2018,mar,17,033,Crawford,,0
2018,mar,17,135,Montgomery,0.3936345813204511,44
2018,mar,17,055,Franklin,0.48862500000000003,2
2018,mar,17,023,Clark,0.4449441176470588,17
2018,mar,17,059,Gallatin,,0
2018,mar,17,075,Iroquois,0.3574754714719035,329
2018,mar,17,041,Douglas,0.4903457142857143,35
2018,mar,17,189,Washington,0.5251846153846154,13
2018,mar,17,159,Richland,,0
2018,mar,17,065,Hamilton,0.4573833333333333,6
2018,mar,17,193,White,0.51285,2
2018,mar,17,169,Schuyler,0.3737255555555556,45
2018,mar,17,181,Union,0.2889,1
2018,mar,17,085,Jo Daviess,0.2849952392698569,40
2018,mar,17,125,Mason,0.4239761744966444,149
2018,mar,17,191,Wayne,,0
2018,mar,17,069,Hardin,,0
2018,mar,17,061,Greene,0.3566630952380953,42
2018,mar,17,157,Randolph,0.49444938558927587,22
2018,mar,17,149,Pike,0.33365555555555554,63
2018,mar,17,145,Perry,0.4881820895522388,67
2018,mar,17,087,Johnson,0.45780000000000004,1
2018,mar,17,173,Shelby,0.4547631970180127,92
2018,mar,17,051,Fayette,0.46290555555555557,9
2018,mar,17,139,Moultrie,0.3785473684210525,38
2018,mar,17,017,Cass,0.34580952380952373,63
2018,mar,17,015,Carroll,0.269683524002288,90
2018,mar,17,047,Edwards,,0
2018,mar,17,079,Jasper,0.5082714285714285,7
2018,mar,17,187,Warren,0.2878,19
2018,mar,17,153,Pulaski,,0
2018,mar,17,165,Saline,,0
2018,mar,17,101,Lawrence,0.5423,1
2018,mar,17,045,Edgar,0.41005,4
2018,mar,17,071,Henderson,0.4111083333333334,6
2018,mar,17,199,Williamson,,0
2018,mar,17,077,Jackson,0.40605,4
2018,mar,17,147,Piatt,0.39603163900414945,29
2018,mar,17,053,Ford,0.33638279696798434,121
2018,mar,17,019,Champaign,0.37353476957483756,166
2018,mar,17,029,Coles,0.47207292688051555,56
2018,mar,17,035,Cumberland,0.47165003897116137,26
2018,mar,17,183,Vermilion,0.4216830372931978,103
2018,mar,17,115,Macon,0.35863297266514804,52
2018,mar,17,049,Effingham,0.48538668437025795,26
2018,mar,17,067,Hancock,0.3613171046839233,90
2018,mar,17,095,Knox,0.33023172951885565,25
2018,mar,17,109,McDonough,0.36193692798199545,22
2018,mar,17,081,Jefferson,0.5052035714285714,14
2018,mar,17,113,McLean,0.3826962765957447,94
2018,mar,17,039,De Witt,0.34353409090909093,22
2018,mar,17,105,Livingston,0.3310490784328982,407
2018,mar,17,003,Alexander,0.16258125,16
2018,mar,17,093,Kendall,0.30847543859649135,57
2018,mar,17,031,Cook,0.28891538461538463,13
2018,mar,17,037,DeKalb,0.27820214285714284,350
2018,mar,17,089,Kane,0.2931519416210581,123
2018,mar,17,063,Grundy,0.36985783132530115,83
2018,mar,17,111,McHenry,0.28709929722990735,230
2018,mar,17,197,Will,0.3078507082152973,353
2018,mar,17,043,DuPage,0.22373571428571432,7
2018,mar,17,097,Lake,0.30117192056309694,80
2018,mar,17,091,Kankakee,0.3401066976376768,314
2018,mar,17,011,Bureau,0.33931117463784405,125
2018,mar,17,155,Putnam,0.31245288461538456,52
2018,mar,17,099,LaSalle,0.3155655600517193,165
2018,mar,17,131,Mercer,0.2732892857142857,28
2018,mar,17,161,Rock Island,0.3794787878787879,33
2018,mar,17,073,Henry,0.27776854198184564,84
2018,mar,17,103,Lee,0.30333044179297003,86
2018,mar,17,195,Whiteside,0.341025974025974,77
2018,mar,31,043,Dakota,0.26075000000000004,3
2018,mar,31,051,Dixon,0.274975,16
2018,mar,31,053,Dodge,0.23772296216548755,13
2018,mar,31,025,Cass,0.2437312002526848,34
2018,mar,31,055,Douglas,0.2843911764705882,17
2018,mar,31,153,Sarpy,0.14170000000000002,1
2018,mar,31,155,Saunders,0.24357980769230772,52
2018,mar,31,177,Washington,0.30320175975516445,11
2018,mar,31,067,Gage,0.329077028980612,296
2018,mar,31,109,Lancaster,0.28855440967502777,129
2018,mar,31,159,Seward,0.287750909090909,55
2018,mar,31,139,Pierce,0.2506807692307693,52
2018,mar,31,119,Madison,0.28762941176470586,17
2018,mar,31,167,Stanton,0.23946666666666672,24
2018,mar,31,117,McPherson,0.28905000000000003,7
2018,mar,31,111,Lincoln,0.2974543423775432,1246
2018,mar,31,113,Logan,0.26816821064240415,73
2018,mar,31,007,Banner,0.3043577902524205,2895
2018,mar,31,157,Scotts Bluff,0.2804653940671803,549
2018,mar,31,165,Sioux,0.28603725517165507,216
2018,mar,31,039,Cuming,0.24322500000000002,2
2018,mar,31,129,Nuckolls,0.28224336517368775,1048
2018,mar,31,101,Keith,0.30358047776491565,2657
2018,mar,31,137,Phelps,0.2669632736981603,103
2018,mar,31,181,Webster,0.2822488415010136,1329
2018,mar,31,015,Boyd,0.28447713178294576,129
2018,mar,31,171,Thomas,,0
2018,mar,31,089,Holt,0.3046385103789905,100
2018,mar,31,017,Brown,0.26636000000000004,20
2018,mar,31,103,Keya Paha,0.2766870926556421,34
2018,mar,31,077,Greeley,0.27052333333333334,15
2018,mar,31,095,Jefferson,0.3480523538383759,462
2018,mar,31,151,Saline,0.30784338235294106,204
2018,mar,31,057,Dundy,0.3168643735239668,2675
2018,mar,31,131,Otoe,0.2808302271940953,77
2018,mar,31,087,Hitchcock,0.310817226499916,4865
2018,mar,31,105,Kimball,0.263969214833943,6718
2018,mar,31,127,Nemaha,0.2816255044792327,45
2018,mar,31,041,Custer,0.28702715818967134,422
2018,mar,31,143,Polk,0.2607,1
2018,mar,31,045,Dawes,0.2642979638167593,1908
2018,mar,31,179,Wayne,0.23516666666666666,6
2018,mar,31,071,Garfield,0.36085,2
2018,mar,31,013,Box Butte,0.29888080314404236,7624
2018,mar,31,173,Thurston,0.24490000000000006,47
2018,mar,31,011,Boone,0.29759736091298145,3
2018,mar,31,145,Red Willow,0.29880400667380186,3882
2018,mar,31,149,Rock,0.28631750000000006,20
2018,mar,31,005,Arthur,0.2981386559258442,18
2018,mar,31,085,Hayes,0.29759173629830554,2124
2018,mar,31,097,Johnson,0.30394850441198457,79
2018,mar,31,003,Antelope,0.3398375,4
2018,mar,31,163,Sherman,0.25869062500000006,16
2018,mar,31,161,Sheridan,0.2770161802206506,2820
2018,mar,31,133,Pawnee,0.3370247713489191,162
2018,mar,31,075,Grant,,0
2018,mar,31,021,Burt,0.25915000000000005,3
2018,mar,31,009,Blaine,0.25575,12
2018,mar,31,027,Cedar,0.24067500000000003,4
2018,mar,31,169,Thayer,0.34060088355474977,596
2018,mar,31,049,Deuel,0.289019407446446,5961
2018,mar,31,123,Morrill,0.33008167875489447,1853
2018,mar,31,115,Loup,0.2831642857142857,7
2018,mar,31,063,Frontier,0.27787420428816056,2945
2018,mar,31,125,Nance,0.3201495519044063,6
2018,mar,31,107,Knox,0.24299625000000002,40
2018,mar,31,135,Perkins,0.3152386785170172,6410
2018,mar,31,037,Colfax,0.23863536646586345,24
2018,mar,31,023,Butler,0.23585000000000003,8
2018,mar,31,031,Cherry,0.2902614469542676,128
2018,mar,31,183,Wheeler,0.2587370941111723,15
2018,mar,31,061,Franklin,0.26258830758243495,461
2018,mar,31,029,Chase,0.3098036288310201,2996
2018,mar,31,059,Fillmore,0.3406363669684418,109
2018,mar,31,185,York,0.2639263157894737,19
2018,mar,31,035,Clay,0.2897754341583481,62
2018,mar,31,033,Cheyenne,0.2974863920108869,13974
2018,mar,31,069,Garden,0.3021123512786367,3311
2018,mar,31,083,Harlan,0.27433693805544823,1367
2018,mar,31,091,Hooker,,0
2018,mar,31,147,Richardson,0.3354889741543373,66
2018,mar,31,065,Furnas,0.28295739011634835,2920
2018,mar,31,175,Valley,0.264265625,32
2018,mar,31,141,Platte,0.27924172320217094,12
2018,mar,31,121,Merrick,0.3075,1
2018,mar,31,079,Hall,0.30610080111292337,41
2018,mar,31,081,Hamilton,0.2509012820512821,39
2018,mar,31,093,Howard,0.28585,7
2018,mar,31,001,Adams,0.27859178057043693,239
2018,mar,31,099,Kearney,0.2737015902862268,323
2018,mar,31,019,Buffalo,0.2672585365853659,123
2018,mar,31,073,Gosper,0.27920370110634524,684
2018,mar,31,047,Dawson,0.2929566578034984,164
2018,mar,37,037,Chatham,0.5748666666666667,3
2018,mar,37,115,Madison,,0
2018,mar,37,087,Haywood,,0
2018,mar,37,021,Buncombe,,0
2018,mar,37,089,Henderson,,0
2018,mar,37,175,Transylvania,,0
2018,mar,37,167,Stanly,0.5387164788732395,7
2018,mar,37,109,Lincoln,0.6610125000000001,32
2018,mar,37,159,Rowan,0.6117100000000001,10
2018,mar,37,025,Cabarrus,0.5963690088164577,45
2018,mar,37,097,Iredell,0.659417857142857,168
2018,mar,37,071,Gaston,0.3469,3
2018,mar,37,179,Union,0.6744637813211845,18
2018,mar,37,119,Mecklenburg,,0
2018,mar,37,045,Cleveland,0.5856125,20
2018,mar,37,005,Alleghany,,0
2018,mar,37,173,Swain,,0
2018,mar,37,011,Avery,,0
2018,mar,37,033,Caswell,0.47816126058794206,25
2018,mar,37,075,Graham,,0
2018,mar,37,007,Anson,0.667105273592387,20
2018,mar,37,149,Polk,,0
2018,mar,37,039,Cherokee,0.6189133333333333,15
2018,mar,37,113,Macon,,0
2018,mar,37,009,Ashe,,0
2018,mar,37,123,Montgomery,0.6745,1
2018,mar,37,043,Clay,,0
2018,mar,37,121,Mitchell,,0
2018,mar,37,199,Yancey,,0
2018,mar,37,189,Watauga,,0
2018,mar,37,099,Jackson,,0
2018,mar,37,161,Rutherford,0.6852166666666667,3
2018,mar,37,193,Wilkes,0.45685000000000003,3
2018,mar,37,125,Moore,0.5960742333333333,13
2018,mar,37,153,Richmond,0.6592333333333333,3
2018,mar,37,093,Hoke,,0
2018,mar,37,165,Scotland,0.7967500000000001,1
2018,mar,37,155,Robeson,0.6360954545454547,22
2018,mar,37,001,Alamance,0.5062186274509803,51
2018,mar,37,151,Randolph,0.6274000000000001,10
2018,mar,37,081,Guilford,0.51547455626844,85
2018,mar,37,157,Rockingham,0.44763713053251936,132
2018,mar,37,171,Surry,,0
2018,mar,37,057,Davidson,,0
2018,mar,37,169,Stokes,0.5307884615384615,13
2018,mar,37,067,Forsyth,,0
2018,mar,37,197,Yadkin,0.56335,1
2018,mar,37,059,Davie,0.51925,7
2018,mar,37,027,Caldwell,,0
2018,mar,37,003,Alexander,,0
2018,mar,37,035,Catawba,0.5764044617958729,15
2018,mar,37,023,Burke,0.6571289429055964,8
2018,mar,37,111,McDowell,,0
2018,mar,37,029,Camden,0.6898777777777778,9
2018,mar,37,139,Pasquotank,0.5158814285714286,35
2018,mar,37,143,Perquimans,,0
2018,mar,37,177,Tyrrell,,0
2018,mar,37,055,Dare,,0
2018,mar,37,073,Gates,0.5955,1
2018,mar,37,053,Currituck,0.5561166666666667,3
2018,mar,37,019,Brunswick,0.6373500000000001,1
2018,mar,37,031,Carteret,0.6803,2
2018,mar,37,137,Pamlico,,0
2018,mar,37,049,Craven,0.57835,7
2018,mar,37,103,Jones,0.6525055555555554,9
2018,mar,37,085,Harnett,0.5351583333333334,12
2018,mar,37,063,Durham,0.486505,10
2018,mar,37,145,Person,0.495230969075872,45
2018,mar,37,135,Orange,0.5306868421052632,19
2018,mar,37,181,Vance,0.5262812590069436,32
2018,mar,37,077,Granville,0.5290429753296099,226
2018,mar,37,069,Franklin,0.6030282051282053,39
2018,mar,37,101,Johnston,0.5642166666666667,15
2018,mar,37,183,Wake,0.5590346153846154,13
2018,mar,37,105,Lee,0.5742651257861635,7
2018,mar,37,131,Northampton,0.7095392857142857,14
2018,mar,37,083,Halifax,0.5939708333333334,12
2018,mar,37,127,Nash,0.6010382352941178,17
2018,mar,37,065,Edgecombe,0.6015198412698413,63
2018,mar,37,195,Wilson,0.3809423076923077,13
2018,mar,37,163,Sampson,0.6596676470588234,17
2018,mar,37,185,Warren,0.60131875,8
2018,mar,37,187,Washington,0.565440909090909,11
2018,mar,37,061,Duplin,0.6493409090909092,11
2018,mar,37,091,Hertford,0.6479068980797636,67
2018,mar,37,017,Bladen,0.6203000000000001,11
2018,mar,37,095,Hyde,0.5,2
2018,mar,37,015,Bertie,0.6431453206075071,311
2018,mar,37,079,Greene,0.71265,3
2018,mar,37,041,Chowan,0.6267475490196079,102
2018,mar,37,117,Martin,0.6477695,100
2018,mar,37,047,Columbus,0.6397624999999999,8
2018,mar,37,191,Wayne,0.6597500000000001,1
2018,mar,37,133,Onslow,,0
2018,mar,37,107,Lenoir,0.6521587437867148,9
2018,mar,37,129,New Hanover,,0
2018,mar,37,141,Pender,0.554875,2
2018,mar,37,051,Cumberland,0.5916333333333333,3
2018,mar,37,147,Pitt,0.6994571428571429,7
2018,mar,37,013,Beaufort,0.5153000000000001,4
2019,mar,17,121,Marion,0.42427085718142526,147
2019,mar,17,005,Bond,0.42645274805311223,71
2019,mar,17,083,Jersey,0.3951340909090911,22
2019,mar,17,163,St. Clair,0.4065160067239447,63
2019,mar,17,027,Clinton,0.509866583693406,84
2019,mar,17,013,Calhoun,0.41140000000000004,7
2019,mar,17,119,Madison,0.4316702702702704,37
2019,mar,17,133,Monroe,0.4355414423484525,112
2019,mar,17,117,Macoupin,0.36551097560975626,82
2019,mar,17,171,Scott,0.34229166666666666,6
2019,mar,17,137,Morgan,0.3481603889757624,61
2019,mar,17,107,Logan,0.3367514084507041,71
2019,mar,17,129,Menard,0.360380625,80
2019,mar,17,167,Sangamon,0.30858940235804305,87
2019,mar,17,021,Christian,0.36515325437357377,37
2019,mar,17,127,Massac,0.6042529411764707,17
2019,mar,17,057,Fulton,0.3286680722891565,83
2019,mar,17,175,Stark,0.26321296296296304,27
2019,mar,17,203,Woodford,0.31078233048741927,174
2019,mar,17,179,Tazewell,0.3245654867256637,113
2019,mar,17,123,Marshall,0.34625139705217467,45
2019,mar,17,143,Peoria,0.31303214285714287,56
2019,mar,17,001,Adams,0.369390257228002,226
2019,mar,17,177,Stephenson,0.2602049422190892,158
2019,mar,17,141,Ogle,0.28459301318448654,165
2019,mar,17,201,Winnebago,0.2775017446869616,110
2019,mar,17,007,Boone,0.3227752199804462,135
2019,mar,17,025,Clay,0.45338609823062803,322
2019,mar,17,185,Wabash,0.43977450331125834,14
2019,mar,17,009,Brown,0.365503125,48
2019,mar,17,151,Pope,,0
2019,mar,17,033,Crawford,0.43884771501316183,91
2019,mar,17,135,Montgomery,0.3841332908286017,82
2019,mar,17,055,Franklin,0.46445075304805167,50
2019,mar,17,023,Clark,0.42112824892943596,43
2019,mar,17,059,Gallatin,0.43695,1
2019,mar,17,075,Iroquois,0.3338836208769504,407
2019,mar,17,041,Douglas,0.3615618644067797,59
2019,mar,17,189,Washington,0.4908454993470558,127
2019,mar,17,159,Richland,0.4766875000000001,48
2019,mar,17,065,Hamilton,0.4835171875000001,160
2019,mar,17,193,White,0.5157235294117649,119
2019,mar,17,169,Schuyler,0.3465569444444444,36
2019,mar,17,181,Union,0.5171412244897959,17
2019,mar,17,085,Jo Daviess,0.28375492236273414,25
2019,mar,17,125,Mason,0.3961876623376623,77
2019,mar,17,191,Wayne,0.46325052371592623,153
2019,mar,17,069,Hardin,,0
2019,mar,17,061,Greene,0.34683571428571425,35
2019,mar,17,157,Randolph,0.43642767857142867,56
2019,mar,17,149,Pike,0.36098483415420834,90
2019,mar,17,145,Perry,0.4722763743093925,114
2019,mar,17,087,Johnson,0.49872500000000003,2
2019,mar,17,173,Shelby,0.37413413898726905,123
2019,mar,17,051,Fayette,0.4343375524199517,81
2019,mar,17,139,Moultrie,0.32323250000000003,20
2019,mar,17,017,Cass,0.31207152777777764,72
2019,mar,17,015,Carroll,0.2811902965563607,53
2019,mar,17,047,Edwards,0.45793259178839324,100
2019,mar,17,079,Jasper,0.4236712856645789,68
2019,mar,17,187,Warren,0.30072142857142853,14
2019,mar,17,153,Pulaski,0.6063659772492243,8
2019,mar,17,165,Saline,0.4486333333333334,3
2019,mar,17,101,Lawrence,0.4306358383551931,23
2019,mar,17,045,Edgar,0.31751413589100036,22
2019,mar,17,071,Henderson,0.29101851112378785,35
2019,mar,17,199,Williamson,0.47459451252723317,17
2019,mar,17,077,Jackson,0.5596010728218468,115
2019,mar,17,147,Piatt,0.3168677619442907,87
2019,mar,17,053,Ford,0.28908864309833926,118
2019,mar,17,019,Champaign,0.31334794520547943,73
2019,mar,17,029,Coles,0.3845760416666668,48
2019,mar,17,035,Cumberland,0.36632307692307703,39
2019,mar,17,183,Vermilion,0.29879707792207805,154
2019,mar,17,115,Macon,0.2944398537870236,74
2019,mar,17,049,Effingham,0.39356759072580655,63
2019,mar,17,067,Hancock,0.3444279670132664,66
2019,mar,17,095,Knox,0.3291685714285715,35
2019,mar,17,109,McDonough,0.3344339285714287,28
2019,mar,17,081,Jefferson,0.4727585781549565,140
2019,mar,17,113,McLean,0.3105094241870137,112
2019,mar,17,039,De Witt,0.32001500000000005,30
2019,mar,17,105,Livingston,0.31205583303899803,378
2019,mar,17,003,Alexander,0.6354538461538461,26
2019,mar,17,093,Kendall,0.3184944453337602,49
2019,mar,17,031,Cook,0.3103,2
2019,mar,17,037,DeKalb,0.29566510725404077,277
2019,mar,17,089,Kane,0.29618267716535446,127
2019,mar,17,063,Grundy,0.32397666666666664,30
2019,mar,17,111,McHenry,0.2928224713373517,221
2019,mar,17,197,Will,0.31762714138769393,252
2019,mar,17,043,DuPage,0.183075,2
2019,mar,17,097,Lake,0.28267375,40
2019,mar,17,091,Kankakee,0.34346427284506714,323
2019,mar,17,011,Bureau,0.330691654476865,102
2019,mar,17,155,Putnam,0.30951473586654316,31
2019,mar,17,099,LaSalle,0.32499382745098043,151
2019,mar,17,131,Mercer,0.2726704545454545,22
2019,mar,17,161,Rock Island,0.3077271300448431,11
2019,mar,17,073,Henry,0.25891546660350556,75
2019,mar,17,103,Lee,0.29586441041104594,79
2019,mar,17,195,Whiteside,0.32664918032786877,61
2019,mar,31,043,Dakota,,0
2019,mar,31,051,Dixon,0.2266416666666667,6
2019,mar,31,053,Dodge,0.19308,5
2019,mar,31,025,Cass,0.2539278863010268,17
2019,mar,31,055,Douglas,0.21131666666666668,9
2019,mar,31,153,Sarpy,0.19756666666666667,3
2019,mar,31,155,Saunders,0.24137218758855192,72
2019,mar,31,177,Washington,0.22315000000000002,5
2019,mar,31,067,Gage,0.30593738297169304,187
2019,mar,31,109,Lancaster,0.27730467387679264,84
2019,mar,31,159,Seward,0.2664065217391304,46
2019,mar,31,139,Pierce,0.24428636363636366,22
2019,mar,31,119,Madison,0.3305452529077631,15
2019,mar,31,167,Stanton,0.24135390045636057,28
2019,mar,31,117,McPherson,0.1306615384615385,39
2019,mar,31,111,Lincoln,0.27742337844426085,1156
2019,mar,31,113,Logan,0.20724629539951572,43
2019,mar,31,007,Banner,0.11466777378711955,3448
2019,mar,31,157,Scotts Bluff,0.12698699864159582,665
2019,mar,31,165,Sioux,0.1846549688316003,263
2019,mar,31,039,Cuming,0.2540357142857143,7
2019,mar,31,129,Nuckolls,0.2928501571550449,794
2019,mar,31,101,Keith,0.26260756926318224,2629
2019,mar,31,137,Phelps,0.28178162515924365,159
2019,mar,31,181,Webster,0.3032341356702252,1071
2019,mar,31,015,Boyd,0.2482485443119149,37
2019,mar,31,171,Thomas,0.21705000000000002,1
2019,mar,31,089,Holt,0.26798076923076936,65
2019,mar,31,017,Brown,0.30561666666666665,9
2019,mar,31,103,Keya Paha,0.20353205570618682,23
2019,mar,31,077,Greeley,0.2652666666666667,6
2019,mar,31,095,Jefferson,0.32482156008192986,347
2019,mar,31,151,Saline,0.3010008018610454,151
2019,mar,31,057,Dundy,0.30783920265589604,2410
2019,mar,31,131,Otoe,0.2664451496259352,66
2019,mar,31,087,Hitchcock,0.31004801988338687,4503
2019,mar,31,105,Kimball,0.1840495414966304,6611
2019,mar,31,127,Nemaha,0.2784629923327382,39
2019,mar,31,041,Custer,0.2581183133289744,336
2019,mar,31,143,Polk,0.26099599999999995,25
2019,mar,31,045,Dawes,0.07175862700187556,1746
2019,mar,31,179,Wayne,0.23186875,8
2019,mar,31,071,Garfield,0.2871,1
2019,mar,31,013,Box Butte,0.06368395180634148,7469
2019,mar,31,173,Thurston,0.22298750000000003,4
2019,mar,31,011,Boone,0.24052500000000002,4
2019,mar,31,145,Red Willow,0.31232697351625044,3716
2019,mar,31,149,Rock,,0
2019,mar,31,005,Arthur,0.22367500000000004,14
2019,mar,31,085,Hayes,0.296063636477418,1900
2019,mar,31,097,Johnson,0.2887664765035778,62
2019,mar,31,003,Antelope,0.2824915760385095,23
2019,mar,31,163,Sherman,0.2886461726256103,51
2019,mar,31,161,Sheridan,0.09533532833553517,2659
2019,mar,31,133,Pawnee,0.2786459288990825,111
2019,mar,31,075,Grant,,0
2019,mar,31,021,Burt,0.10455,1
2019,mar,31,009,Blaine,0.281525,2
2019,mar,31,027,Cedar,0.2526166666666667,3
2019,mar,31,169,Thayer,0.31714554769787423,550
2019,mar,31,049,Deuel,0.2708871176523836,5654
2019,mar,31,123,Morrill,0.2066862264613613,1870
2019,mar,31,115,Loup,0.22482142857142856,7
2019,mar,31,063,Frontier,0.3005806274936056,2752
2019,mar,31,125,Nance,0.2616088235294117,17
2019,mar,31,107,Knox,0.26859428796984813,78
2019,mar,31,135,Perkins,0.2888535287467362,6624
2019,mar,31,037,Colfax,0.26110347597654776,53
2019,mar,31,023,Butler,0.23699943661971834,14
2019,mar,31,031,Cherry,0.15483680108781686,195
2019,mar,31,183,Wheeler,0.23483684210526315,19
2019,mar,31,061,Franklin,0.2923832995262471,298
2019,mar,31,029,Chase,0.29290942461216474,2899
2019,mar,31,059,Fillmore,0.31975768605424587,54
2019,mar,31,185,York,0.4490921875,64
2019,mar,31,035,Clay,0.2851089998474602,81
2019,mar,31,033,Cheyenne,0.2551077096887511,13663
2019,mar,31,069,Garden,0.24669725315134516,3415
2019,mar,31,083,Harlan,0.29203701559900125,1283
2019,mar,31,091,Hooker,,0
2019,mar,31,147,Richardson,0.28922375,40
2019,mar,31,065,Furnas,0.3266596711862989,2754
2019,mar,31,175,Valley,0.23775250000000006,60
2019,mar,31,141,Platte,0.30682205724627976,60
2019,mar,31,121,Merrick,0.3750194444444445,18
2019,mar,31,079,Hall,0.2861747666707602,66
2019,mar,31,081,Hamilton,0.2847343978615644,28
2019,mar,31,093,Howard,0.2703334637611364,33
2019,mar,31,001,Adams,0.28209913971934114,169
2019,mar,31,099,Kearney,0.2951142215568862,334
2019,mar,31,019,Buffalo,0.2756258838517889,223
2019,mar,31,073,Gosper,0.29699286648738993,764
2019,mar,31,047,Dawson,0.2695069046494177,149
2019,mar,37,037,Chatham,0.7250000000000001,1
2019,mar,37,115,Madison,,0
2019,mar,37,087,Haywood,,0
2019,mar,37,021,Buncombe,,0
2019,mar,37,089,Henderson,,0
2019,mar,37,175,Transylvania,,0
2019,mar,37,167,Stanly,0.7388750000000001,2
2019,mar,37,109,Lincoln,0.5818666666666668,24
2019,mar,37,159,Rowan,0.61209,20
2019,mar,37,025,Cabarrus,0.56741,5
2019,mar,37,097,Iredell,0.54787,5
2019,mar,37,071,Gaston,0.6230333333333333,3
2019,mar,37,179,Union,0.691745,20
2019,mar,37,119,Mecklenburg,,0
2019,mar,37,045,Cleveland,0.6714625,4
2019,mar,37,005,Alleghany,,0
2019,mar,37,173,Swain,,0
2019,mar,37,011,Avery,,0
2019,mar,37,033,Caswell,,0
2019,mar,37,075,Graham,,0
2019,mar,37,007,Anson,,0
2019,mar,37,149,Polk,0.6594500000000001,2
2019,mar,37,039,Cherokee,0.6248666666666667,9
2019,mar,37,113,Macon,,0
2019,mar,37,009,Ashe,,0
2019,mar,37,123,Montgomery,,0
2019,mar,37,043,Clay,,0
2019,mar,37,121,Mitchell,,0
2019,mar,37,199,Yancey,,0
2019,mar,37,189,Watauga,,0
2019,mar,37,099,Jackson,,0
2019,mar,37,161,Rutherford,,0
2019,mar,37,193,Wilkes,,0
2019,mar,37,125,Moore,0.5938833333333333,6
2019,mar,37,153,Richmond,0.61604375,8
2019,mar,37,093,Hoke,,0
2019,mar,37,165,Scotland,0.568291379310345,58
2019,mar,37,155,Robeson,0.5203733333333334,15
2019,mar,37,001,Alamance,0.5610200000000001,10
2019,mar,37,151,Randolph,0.5487707264957266,3
2019,mar,37,081,Guilford,0.5474058546595848,17
2019,mar,37,157,Rockingham,0.5093391304347826,23
2019,mar,37,171,Surry,0.502075,4
2019,mar,37,057,Davidson,,0
2019,mar,37,169,Stokes,,0
2019,mar,37,067,Forsyth,,0
2019,mar,37,197,Yadkin,,0
2019,mar,37,059,Davie,0.5759500000000001,3
2019,mar,37,027,Caldwell,,0
2019,mar,37,003,Alexander,0.47316666666666674,9
2019,mar,37,035,Catawba,0.6142725,20
2019,mar,37,023,Burke,,0
2019,mar,37,111,McDowell,,0
2019,mar,37,029,Camden,0.6655500000000001,3
2019,mar,37,139,Pasquotank,0.47104500000000005,10
2019,mar,37,143,Perquimans,,0
2019,mar,37,177,Tyrrell,,0
2019,mar,37,055,Dare,,0
2019,mar,37,073,Gates,0.5916,2
2019,mar,37,053,Currituck,0.6315181818181818,11
2019,mar,37,019,Brunswick,,0
2019,mar,37,031,Carteret,,0
2019,mar,37,137,Pamlico,,0
2019,mar,37,049,Craven,0.5786,1
2019,mar,37,103,Jones,0.5038,1
2019,mar,37,085,Harnett,0.48762222222222223,9
2019,mar,37,063,Durham,,0
2019,mar,37,145,Person,0.49358,5
2019,mar,37,135,Orange,0.522425,4
2019,mar,37,181,Vance,0.5538681818181819,11
2019,mar,37,077,Granville,0.5597,70
2019,mar,37,069,Franklin,0.6079445312500005,64
2019,mar,37,101,Johnston,0.529140625,16
2019,mar,37,183,Wake,0.57463125,8
2019,mar,37,105,Lee,,0
2019,mar,37,131,Northampton,0.5849500000000001,2
2019,mar,37,083,Halifax,0.6044541666666666,12
2019,mar,37,127,Nash,0.6472884615384615,13
2019,mar,37,065,Edgecombe,0.6228275555228713,80
2019,mar,37,195,Wilson,0.5435870399373531,6
2019,mar,37,163,Sampson,0.6376916666666665,36
2019,mar,37,185,Warren,0.5710333333333334,3
2019,mar,37,187,Washington,0.48948749999999996,4
2019,mar,37,061,Duplin,0.68335,2
2019,mar,37,091,Hertford,0.6752147905088486,101
2019,mar,37,017,Bladen,0.8053666666666669,6
2019,mar,37,095,Hyde,,0
2019,mar,37,015,Bertie,0.6714493512236135,272
2019,mar,37,079,Greene,,0
2019,mar,37,041,Chowan,0.6715610000000001,100
2019,mar,37,117,Martin,0.672402857142857,70
2019,mar,37,047,Columbus,0.627875,2
2019,mar,37,191,Wayne,0.6590583333333334,6
2019,mar,37,133,Onslow,0.5046,1
2019,mar,37,107,Lenoir,,0
2019,mar,37,129,New Hanover,,0
2019,mar,37,141,Pender,,0
2019,mar,37,051,Cumberland,0.733425,2
2019,mar,37,147,Pitt,0.6508880952380953,21
2019,mar,37,013,Beaufort,0.5675,1
2020,mar,17,121,Marion,0.482675,18
2020,mar,17,005,Bond,0.4469394175362094,26
2020,mar,17,083,Jersey,0.4369584605263158,45
2020,mar,17,163,St. Clair,0.489151929092805,28
2020,mar,17,027,Clinton,0.5366445696721311,58
2020,mar,17,013,Calhoun,0.44317173913043484,23
2020,mar,17,119,Madison,0.4718901322845907,67
2020,mar,17,133,Monroe,0.45610048309178747,19
2020,mar,17,117,Macoupin,0.4074578587699318,118
2020,mar,17,171,Scott,0.3871315789473685,7
2020,mar,17,137,Morgan,0.3682393323575772,70
2020,mar,17,107,Logan,0.3524182539682539,63
2020,mar,17,129,Menard,0.399525806451613,62
2020,mar,17,167,Sangamon,0.39588571428571434,98
2020,mar,17,021,Christian,0.40360799999999997,25
2020,mar,17,127,Massac,0.5659000000000001,1
2020,mar,17,057,Fulton,0.36118484848484866,66
2020,mar,17,175,Stark,0.2996584905660377,53
2020,mar,17,203,Woodford,0.3350074620868705,191
2020,mar,17,179,Tazewell,0.33838739837398374,123
2020,mar,17,123,Marshall,0.34242109375000007,64
2020,mar,17,143,Peoria,0.33390859375000004,64
2020,mar,17,001,Adams,0.39559731543624177,149
2020,mar,17,177,Stephenson,0.2632593906924677,126
2020,mar,17,141,Ogle,0.29898238037777886,170
2020,mar,17,201,Winnebago,0.28518241449830295,182
2020,mar,17,007,Boone,0.26644788732394364,71
2020,mar,17,025,Clay,0.560525,6
2020,mar,17,185,Wabash,0.5456500000000001,1
2020,mar,17,009,Brown,0.4094015932674238,49
2020,mar,17,151,Pope,,0
2020,mar,17,033,Crawford,0.39987000000000006,5
2020,mar,17,135,Montgomery,0.3939622143219908,78
2020,mar,17,055,Franklin,0.469825,22
2020,mar,17,023,Clark,0.42875659387407833,28
2020,mar,17,059,Gallatin,,0
2020,mar,17,075,Iroquois,0.3761615596053919,261
2020,mar,17,041,Douglas,0.3817277777777778,9
2020,mar,17,189,Washington,0.5308264705882353,17
2020,mar,17,159,Richland,0.47408333333333336,3
2020,mar,17,065,Hamilton,0.5012,2
2020,mar,17,193,White,0.5952833333333333,3
2020,mar,17,169,Schuyler,0.39782285714285714,35
2020,mar,17,181,Union,,0
2020,mar,17,085,Jo Daviess,0.28680304165940385,23
2020,mar,17,125,Mason,0.3902014084507044,71
2020,mar,17,191,Wayne,0.47731250000000003,4
2020,mar,17,069,Hardin,,0
2020,mar,17,061,Greene,0.38546111111111114,54
2020,mar,17,157,Randolph,0.5164055555555556,18
2020,mar,17,149,Pike,0.41759992810692476,123
2020,mar,17,145,Perry,0.47512924528301886,53
2020,mar,17,087,Johnson,0.53325,1
2020,mar,17,173,Shelby,0.38553654565868256,95
2020,mar,17,051,Fayette,0.4152920152091255,21
2020,mar,17,139,Moultrie,0.3853750301083902,20
2020,mar,17,017,Cass,0.35123031914893615,94
2020,mar,17,015,Carroll,0.28499758804695846,76
2020,mar,17,047,Edwards,0.5270250000000001,4
2020,mar,17,079,Jasper,0.4188738095238095,21
2020,mar,17,187,Warren,0.35092500000000004,2
2020,mar,17,153,Pulaski,,0
2020,mar,17,165,Saline,,0
2020,mar,17,101,Lawrence,0.49457307692307695,13
2020,mar,17,045,Edgar,0.40094250000000003,20
2020,mar,17,071,Henderson,0.3964214285714286,7
2020,mar,17,199,Williamson,,0
2020,mar,17,077,Jackson,0.46056,15
2020,mar,17,147,Piatt,0.39004071185762834,42
2020,mar,17,053,Ford,0.37864749139383286,161
2020,mar,17,019,Champaign,0.38640894308943086,123
2020,mar,17,029,Coles,0.42020228936360926,54
2020,mar,17,035,Cumberland,0.36201617647058837,34
2020,mar,17,183,Vermilion,0.3829605633802817,142
2020,mar,17,115,Macon,0.3638004657803577,85
2020,mar,17,049,Effingham,0.4413841463414635,41
2020,mar,17,067,Hancock,0.42259829424307055,89
2020,mar,17,095,Knox,0.32140526315789475,19
2020,mar,17,109,McDonough,0.45101830535571547,15
2020,mar,17,081,Jefferson,0.49194000000000004,5
2020,mar,17,113,McLean,0.3245702010309278,116
2020,mar,17,039,De Witt,0.3538738095238095,21
2020,mar,17,105,Livingston,0.32273083427557114,324
2020,mar,17,003,Alexander,,0
2020,mar,17,093,Kendall,0.3105325500992382,63
2020,mar,17,031,Cook,0.40625,1
2020,mar,17,037,DeKalb,0.2935089682900355,312
2020,mar,17,089,Kane,0.32037525224830016,146
2020,mar,17,063,Grundy,0.3010428571428571,14
2020,mar,17,111,McHenry,0.3207317520199009,192
2020,mar,17,197,Will,0.3570556591004904,178
2020,mar,17,043,DuPage,0.267,1
2020,mar,17,097,Lake,0.29907152107111507,21
2020,mar,17,091,Kankakee,0.3719791337229289,174
2020,mar,17,011,Bureau,0.32434299680056894,188
2020,mar,17,155,Putnam,0.31794711538461545,52
2020,mar,17,099,LaSalle,0.3192826091134269,184
2020,mar,17,131,Mercer,0.33098684210526325,19
2020,mar,17,161,Rock Island,0.3122111111111112,18
2020,mar,17,073,Henry,0.3214444811106054,35
2020,mar,17,103,Lee,0.3007042026340453,81
2020,mar,17,195,Whiteside,0.32195126582278466,79
2020,mar,31,043,Dakota,0.23544,5
2020,mar,31,051,Dixon,0.30580769230769234,13
2020,mar,31,053,Dodge,0.21660714285714286,7
2020,mar,31,025,Cass,0.29817631578947373,19
2020,mar,31,055,Douglas,0.274509090909091,11
2020,mar,31,153,Sarpy,0.17739500000000002,10
2020,mar,31,155,Saunders,0.24583872300371284,77
2020,mar,31,177,Washington,0.28635,1
2020,mar,31,067,Gage,0.2717739013330089,131
2020,mar,31,109,Lancaster,0.2622837078651685,89
2020,mar,31,159,Seward,0.28139300000000006,50
2020,mar,31,139,Pierce,0.26016666666666677,48
2020,mar,31,119,Madison,0.34294374999999994,16
2020,mar,31,167,Stanton,0.2270250000000001,20
2020,mar,31,117,McPherson,0.24265357142857139,14
2020,mar,31,111,Lincoln,0.29176001510018085,735
2020,mar,31,113,Logan,0.27339966384462155,80
2020,mar,31,007,Banner,0.24405335813165002,2919
2020,mar,31,157,Scotts Bluff,0.2455870367131258,436
2020,mar,31,165,Sioux,0.25816465252877874,169
2020,mar,31,039,Cuming,0.27344814814814816,27
2020,mar,31,129,Nuckolls,0.2903878728606355,526
2020,mar,31,101,Keith,0.28522960903951583,1945
2020,mar,31,137,Phelps,0.26218363550688845,181
2020,mar,31,181,Webster,0.3177425128859238,985
2020,mar,31,015,Boyd,0.28177727272727277,22
2020,mar,31,171,Thomas,,0
2020,mar,31,089,Holt,0.32241631847615443,83
2020,mar,31,017,Brown,0.2676,2
2020,mar,31,103,Keya Paha,0.2427222222222222,9
2020,mar,31,077,Greeley,0.2459,5
2020,mar,31,095,Jefferson,0.2883275259691583,300
2020,mar,31,151,Saline,0.26832913272130343,130
2020,mar,31,057,Dundy,0.3371878112471567,2121
2020,mar,31,131,Otoe,0.292145,50
2020,mar,31,087,Hitchcock,0.3289808583555685,3640
2020,mar,31,105,Kimball,0.2352827772471809,5816
2020,mar,31,127,Nemaha,0.29345507159528167,63
2020,mar,31,041,Custer,0.2887162524891292,194
2020,mar,31,143,Polk,0.2920120831957742,12
2020,mar,31,045,Dawes,0.27324883030336516,1636
2020,mar,31,179,Wayne,0.2461416666666667,6
2020,mar,31,071,Garfield,,0
2020,mar,31,013,Box Butte,0.26243676642911956,6283
2020,mar,31,173,Thurston,0.27166206896551737,29
2020,mar,31,011,Boone,,0
2020,mar,31,145,Red Willow,0.3030791979915454,2881
2020,mar,31,149,Rock,0.24893,5
2020,mar,31,005,Arthur,0.24440999999999996,10
2020,mar,31,085,Hayes,0.32173405955256557,1478
2020,mar,31,097,Johnson,0.2789947046506501,74
2020,mar,31,003,Antelope,0.2418398231494228,38
2020,mar,31,163,Sherman,0.28567200000000004,25
2020,mar,31,161,Sheridan,0.2635761027599137,2182
2020,mar,31,133,Pawnee,0.27618673026448615,119
2020,mar,31,075,Grant,,0
2020,mar,31,021,Burt,0.274175,4
2020,mar,31,009,Blaine,0.28950000000000004,1
2020,mar,31,027,Cedar,0.2638875,24
2020,mar,31,169,Thayer,0.28349991256869583,330
2020,mar,31,049,Deuel,0.28513556046774186,4940
2020,mar,31,123,Morrill,0.2813462276970543,1751
2020,mar,31,115,Loup,0.24505,4
2020,mar,31,063,Frontier,0.30311328243194136,1867
2020,mar,31,125,Nance,0.32709880857823664,30
2020,mar,31,107,Knox,0.3516513157894737,38
2020,mar,31,135,Perkins,0.29421111865390154,4703
2020,mar,31,037,Colfax,0.24539433962264146,53
2020,mar,31,023,Butler,0.2639135163674762,27
2020,mar,31,031,Cherry,0.2965435016032712,135
2020,mar,31,183,Wheeler,0.23945000000000002,6
2020,mar,31,061,Franklin,0.2882144130392526,355
2020,mar,31,029,Chase,0.310221387632113,1739
2020,mar,31,059,Fillmore,0.28981633220833714,43
2020,mar,31,185,York,0.30849000000000004,5
2020,mar,31,035,Clay,0.3233820278581767,67
2020,mar,31,033,Cheyenne,0.25060952701371714,12520
2020,mar,31,069,Garden,0.2765229444983249,2615
2020,mar,31,083,Harlan,0.3046678370048369,893
2020,mar,31,091,Hooker,,0
2020,mar,31,147,Richardson,0.31260851063829787,47
2020,mar,31,065,Furnas,0.31132558988342346,1958
2020,mar,31,175,Valley,0.2872272727272728,22
2020,mar,31,141,Platte,0.2747527777777778,18
2020,mar,31,121,Merrick,0.4002146145975444,14
2020,mar,31,079,Hall,0.3008910424098295,30
2020,mar,31,081,Hamilton,0.31005698680415983,90
2020,mar,31,093,Howard,0.28671599999999997,25
2020,mar,31,001,Adams,0.28898583106267023,149
2020,mar,31,099,Kearney,0.2735783106790549,280
2020,mar,31,019,Buffalo,0.26682854362571307,104
2020,mar,31,073,Gosper,0.3052314858974083,377
2020,mar,31,047,Dawson,0.3353066502551571,113
2020,mar,37,037,Chatham,0.5857833333333333,9
2020,mar,37,115,Madison,,0
2020,mar,37,087,Haywood,,0
2020,mar,37,021,Buncombe,,0
2020,mar,37,089,Henderson,0.611,1
2020,mar,37,175,Transylvania,,0
2020,mar,37,167,Stanly,0.7036333333333333,3
2020,mar,37,109,Lincoln,0.7250928686934024,49
2020,mar,37,159,Rowan,0.7252979166666665,24
2020,mar,37,025,Cabarrus,0.6979500000000001,1
2020,mar,37,097,Iredell,0.7353326086956521,23
2020,mar,37,071,Gaston,0.7026144245142004,13
2020,mar,37,179,Union,0.7465947368421053,19
2020,mar,37,119,Mecklenburg,0.70375,1
2020,mar,37,045,Cleveland,0.694714705882353,17
2020,mar,37,005,Alleghany,0.6425071428571429,7
2020,mar,37,173,Swain,,0
2020,mar,37,011,Avery,,0
2020,mar,37,033,Caswell,0.5994,7
2020,mar,37,075,Graham,,0
2020,mar,37,007,Anson,0.7114125,8
2020,mar,37,149,Polk,,0
2020,mar,37,039,Cherokee,,0
2020,mar,37,113,Macon,,0
2020,mar,37,009,Ashe,0.5700500000000001,1
2020,mar,37,123,Montgomery,0.24865,1
2020,mar,37,043,Clay,,0
2020,mar,37,121,Mitchell,,0
2020,mar,37,199,Yancey,,0
2020,mar,37,189,Watauga,,0
2020,mar,37,099,Jackson,,0
2020,mar,37,161,Rutherford,0.5812666666666667,3
2020,mar,37,193,Wilkes,0.7245500000000001,3
2020,mar,37,125,Moore,0.5983567858382508,34
2020,mar,37,153,Richmond,0.5693513888888889,36
2020,mar,37,093,Hoke,,0
2020,mar,37,165,Scotland,0.6502899999999999,15
2020,mar,37,155,Robeson,0.6705404761904763,42
2020,mar,37,001,Alamance,0.6579045454545455,22
2020,mar,37,151,Randolph,0.6037851674641148,15
2020,mar,37,081,Guilford,0.5993422828890801,19
2020,mar,37,157,Rockingham,0.5428806122448979,49
2020,mar,37,171,Surry,0.681575,2
2020,mar,37,057,Davidson,0.7266559853792263,13
2020,mar,37,169,Stokes,0.5419875,4
2020,mar,37,067,Forsyth,0.7097,1
2020,mar,37,197,Yadkin,0.64465,2
2020,mar,37,059,Davie,0.35505000000000003,1
2020,mar,37,027,Caldwell,0.62925,1
2020,mar,37,003,Alexander,0.675325,6
2020,mar,37,035,Catawba,0.64008,10
2020,mar,37,023,Burke,0.627375,4
2020,mar,37,111,McDowell,,0
2020,mar,37,029,Camden,,0
2020,mar,37,139,Pasquotank,0.683038888888889,9
2020,mar,37,143,Perquimans,0.53935,1
2020,mar,37,177,Tyrrell,0.7686277777777779,9
2020,mar,37,055,Dare,,0
2020,mar,37,073,Gates,,0
2020,mar,37,053,Currituck,0.5906291666666666,12
2020,mar,37,019,Brunswick,0.5827500000000001,2
2020,mar,37,031,Carteret,,0
2020,mar,37,137,Pamlico,,0
2020,mar,37,049,Craven,,0
2020,mar,37,103,Jones,0.5183552631578948,19
2020,mar,37,085,Harnett,0.5591166666666667,9
2020,mar,37,063,Durham,0.5402,5
2020,mar,37,145,Person,0.5677575000000001,20
2020,mar,37,135,Orange,0.6226722222222223,9
2020,mar,37,181,Vance,0.6039309523809523,21
2020,mar,37,077,Granville,0.6095640186915887,107
2020,mar,37,069,Franklin,0.6325998447772099,66
2020,mar,37,101,Johnston,0.5657105263157894,19
2020,mar,37,183,Wake,0.5738020118343194,17
2020,mar,37,105,Lee,0.5559338676902236,53
2020,mar,37,131,Northampton,0.7177,1
2020,mar,37,083,Halifax,0.6145916666666668,6
2020,mar,37,127,Nash,0.6516453488372093,43
2020,mar,37,065,Edgecombe,0.6250631578947369,19
2020,mar,37,195,Wilson,0.69101,10
2020,mar,37,163,Sampson,0.6055637931034482,58
2020,mar,37,185,Warren,0.6013625,8
2020,mar,37,187,Washington,0.5479,2
2020,mar,37,061,Duplin,0.6202937500000001,16
2020,mar,37,091,Hertford,0.7156500000000001,3
2020,mar,37,017,Bladen,0.6661250000000001,2
2020,mar,37,095,Hyde,0.5836,1
2020,mar,37,015,Bertie,0.6687500000000001,18
2020,mar,37,079,Greene,0.6639083333333333,6
2020,mar,37,041,Chowan,0.6370105672461117,5
2020,mar,37,117,Martin,0.6053200000000001,10
2020,mar,37,047,Columbus,0.6770875,8
2020,mar,37,191,Wayne,0.5998333333333333,3
2020,mar,37,133,Onslow,,0
2020,mar,37,107,Lenoir,0.65535,3
2020,mar,37,129,New Hanover,,0
2020,mar,37,141,Pender,0.59395,1
2020,mar,37,051,Cumberland,0.8482111111111111,9
2020,mar,37,147,Pitt,0.6279352941176471,17
2020,mar,37,013,Beaufort,,0
2021,mar,17,121,Marion,0.5471732035106966,15
2021,mar,17,005,Bond,0.524319642857143,28
2021,mar,17,083,Jersey,0.48269949763593395,20
2021,mar,17,163,St. Clair,0.5327500000000001,6
2021,mar,17,027,Clinton,0.6048872781065089,24
2021,mar,17,013,Calhoun,0.5498592592592593,27
2021,mar,17,119,Madison,0.5441548780487806,41
2021,mar,17,133,Monroe,0.5491045454545455,11
2021,mar,17,117,Macoupin,0.519468316365294,130
2021,mar,17,171,Scott,0.47357355605889007,14
2021,mar,17,137,Morgan,0.46252333876629886,97
2021,mar,17,107,Logan,0.4264324046308599,105
2021,mar,17,129,Menard,0.4508659999999999,75
2021,mar,17,167,Sangamon,0.5130009119584852,156
2021,mar,17,021,Christian,0.47069473789515814,80
2021,mar,17,127,Massac,0.6218,1
2021,mar,17,057,Fulton,0.42217850877192953,114
2021,mar,17,175,Stark,0.40177600546176745,33
2021,mar,17,203,Woodford,0.4297034451378055,318
2021,mar,17,179,Tazewell,0.4458440344118121,197
2021,mar,17,123,Marshall,0.42498490566037755,53
2021,mar,17,143,Peoria,0.4053315476190476,84
2021,mar,17,001,Adams,0.46180390624999995,256
2021,mar,17,177,Stephenson,0.34631926816633135,198
2021,mar,17,141,Ogle,0.42625656922511124,355
2021,mar,17,201,Winnebago,0.3723575055420667,266
2021,mar,17,007,Boone,0.3468225182949031,334
2021,mar,17,025,Clay,0.5353468750000001,16
2021,mar,17,185,Wabash,0.5773833333333335,3
2021,mar,17,009,Brown,0.4596634307710814,36
2021,mar,17,151,Pope,,0
2021,mar,17,033,Crawford,0.530225,8
2021,mar,17,135,Montgomery,0.5272750000000002,60
2021,mar,17,055,Franklin,0.509755,10
2021,mar,17,023,Clark,0.40547115384615384,26
2021,mar,17,059,Gallatin,,0
2021,mar,17,075,Iroquois,0.4399450380292506,479
2021,mar,17,041,Douglas,0.4693156908356745,91
2021,mar,17,189,Washington,0.5418964285714285,14
2021,mar,17,159,Richland,0.4577,3
2021,mar,17,065,Hamilton,0.55764,10
2021,mar,17,193,White,0.5992722222222223,9
2021,mar,17,169,Schuyler,0.4497061213540143,81
2021,mar,17,181,Union,,0
2021,mar,17,085,Jo Daviess,0.3535878378378379,74
2021,mar,17,125,Mason,0.46036353731841706,47
2021,mar,17,191,Wayne,0.5905303505535056,13
2021,mar,17,069,Hardin,,0
2021,mar,17,061,Greene,0.4490549569760295,65
2021,mar,17,157,Randolph,0.5693175324675325,8
2021,mar,17,149,Pike,0.4751882716049382,81
2021,mar,17,145,Perry,0.56825,1
2021,mar,17,087,Johnson,0.4123666666666667,3
2021,mar,17,173,Shelby,0.4505474108249551,114
2021,mar,17,051,Fayette,0.5072812500000001,40
2021,mar,17,139,Moultrie,0.43342856344326447,106
2021,mar,17,017,Cass,0.44793349514563113,103
2021,mar,17,015,Carroll,0.34559662921348305,89
2021,mar,17,047,Edwards,0.5488312500000001,16
2021,mar,17,079,Jasper,0.488564159608732,33
2021,mar,17,187,Warren,0.3838388888888889,9
2021,mar,17,153,Pulaski,0.7253750000000001,2
2021,mar,17,165,Saline,0.671775,4
2021,mar,17,101,Lawrence,0.6369208333333335,12
2021,mar,17,045,Edgar,0.4648142487705611,48
2021,mar,17,071,Henderson,0.4298,10
2021,mar,17,199,Williamson,0.515305,10
2021,mar,17,077,Jackson,0.5952141194331984,8
2021,mar,17,147,Piatt,0.46595952093584636,87
2021,mar,17,053,Ford,0.41876400328148927,291
2021,mar,17,019,Champaign,0.45305454048716254,300
2021,mar,17,029,Coles,0.48944761598472897,97
2021,mar,17,035,Cumberland,0.48839122978248745,29
2021,mar,17,183,Vermilion,0.4479255234054776,362
2021,mar,17,115,Macon,0.45646815852047556,150
2021,mar,17,049,Effingham,0.5087345238095238,42
2021,mar,17,067,Hancock,0.44860094936708855,158
2021,mar,17,095,Knox,0.4116371212121212,66
2021,mar,17,109,McDonough,0.40785499999999997,20
2021,mar,17,081,Jefferson,0.5826652914798206,10
2021,mar,17,113,McLean,0.4149750456215783,157
2021,mar,17,039,De Witt,0.4601571428571428,35
2021,mar,17,105,Livingston,0.41774397952337883,541
2021,mar,17,003,Alexander,,0
2021,mar,17,093,Kendall,0.48331306708173577,104
2021,mar,17,031,Cook,0.34617794117647066,34
2021,mar,17,037,DeKalb,0.38844968567360955,528
2021,mar,17,089,Kane,0.3934995651457448,219
2021,mar,17,063,Grundy,0.4023684474397961,48
2021,mar,17,111,McHenry,0.38207432276828074,333
2021,mar,17,197,Will,0.40633071529023174,306
2021,mar,17,043,DuPage,0.28292500000000004,2
2021,mar,17,097,Lake,0.3696248539469933,56
2021,mar,17,091,Kankakee,0.4794030324912984,439
2021,mar,17,011,Bureau,0.4226621399487256,240
2021,mar,17,155,Putnam,0.389493676164003,57
2021,mar,17,099,LaSalle,0.44174129617352703,382
2021,mar,17,131,Mercer,0.3964840909090909,22
2021,mar,17,161,Rock Island,0.4295665481400438,22
2021,mar,17,073,Henry,0.37537787888296203,63
2021,mar,17,103,Lee,0.4137002143424185,155
2021,mar,17,195,Whiteside,0.38858288700826965,105
2021,mar,31,043,Dakota,0.2879309523809524,5
2021,mar,31,051,Dixon,0.28942616822429923,43
2021,mar,31,053,Dodge,0.32785437219730934,29
2021,mar,31,025,Cass,0.32903625,80
2021,mar,31,055,Douglas,0.3207660714285715,28
2021,mar,31,153,Sarpy,0.31104814814814824,27
2021,mar,31,155,Saunders,0.34408291666666685,120
2021,mar,31,177,Washington,0.31528749999999994,20
2021,mar,31,067,Gage,0.39885554777088267,277
2021,mar,31,109,Lancaster,0.36632922393853207,148
2021,mar,31,159,Seward,0.33036842105263164,38
2021,mar,31,139,Pierce,0.2861223684210527,38
2021,mar,31,119,Madison,0.3311051282051282,39
2021,mar,31,167,Stanton,0.29259,5
2021,mar,31,117,McPherson,0.32057500000000005,6
2021,mar,31,111,Lincoln,0.3181547149053876,697
2021,mar,31,113,Logan,0.3215735720198676,48
2021,mar,31,007,Banner,0.23463182512922273,3495
2021,mar,31,157,Scotts Bluff,0.2307323366775547,679
2021,mar,31,165,Sioux,0.2625270056806386,209
2021,mar,31,039,Cuming,0.3401078947368421,19
2021,mar,31,129,Nuckolls,0.3637945352708677,608
2021,mar,31,101,Keith,0.3088217743216659,1702
2021,mar,31,137,Phelps,0.3465930897559632,143
2021,mar,31,181,Webster,0.3589710326508686,991
2021,mar,31,015,Boyd,0.28064660346473885,144
2021,mar,31,171,Thomas,,0
2021,mar,31,089,Holt,0.30856692597025126,69
2021,mar,31,017,Brown,0.2941000000000001,14
2021,mar,31,103,Keya Paha,0.3012597250509165,20
2021,mar,31,077,Greeley,0.53205,1
2021,mar,31,095,Jefferson,0.41966720196791524,357
2021,mar,31,151,Saline,0.3861990953962629,214
2021,mar,31,057,Dundy,0.3604384156561647,2455
2021,mar,31,131,Otoe,0.3685801282051281,78
2021,mar,31,087,Hitchcock,0.3580220222805336,3994
2021,mar,31,105,Kimball,0.21731264760032487,6756
2021,mar,31,127,Nemaha,0.4286814285714284,105
2021,mar,31,041,Custer,0.31218406374501984,251
2021,mar,31,143,Polk,0.3625964285714286,14
2021,mar,31,045,Dawes,0.25173132324433356,1697
2021,mar,31,179,Wayne,0.26309166666666667,6
2021,mar,31,071,Garfield,0.282175,2
2021,mar,31,013,Box Butte,0.2694310946920438,6532
2021,mar,31,173,Thurston,0.31525000000000003,4
2021,mar,31,011,Boone,0.25155,1
2021,mar,31,145,Red Willow,0.3872992308322604,3379
2021,mar,31,149,Rock,,0
2021,mar,31,005,Arthur,0.3075392857142857,14
2021,mar,31,085,Hayes,0.3044714271102157,1511
2021,mar,31,097,Johnson,0.4069820512820512,78
2021,mar,31,003,Antelope,0.29389210526315795,19
2021,mar,31,163,Sherman,0.26776999999999995,5
2021,mar,31,161,Sheridan,0.2448399472835154,2261
2021,mar,31,133,Pawnee,0.3891477643159839,73
2021,mar,31,075,Grant,,0
2021,mar,31,021,Burt,0.2643611111111111,9
2021,mar,31,009,Blaine,,0
2021,mar,31,027,Cedar,0.28847187500000004,16
2021,mar,31,169,Thayer,0.4243346116374795,326
2021,mar,31,049,Deuel,0.2788958920286428,4437
2021,mar,31,123,Morrill,0.26420528845727154,1781
2021,mar,31,115,Loup,0.3173375,12
2021,mar,31,063,Frontier,0.3229455088397085,1576
2021,mar,31,125,Nance,0.3525474679029958,12
2021,mar,31,107,Knox,0.30422981460461596,63
2021,mar,31,135,Perkins,0.30930462946190185,5006
2021,mar,31,037,Colfax,0.3499174519625875,101
2021,mar,31,023,Butler,0.40006372549019603,51
2021,mar,31,031,Cherry,0.3233971428571428,70
2021,mar,31,183,Wheeler,0.35904761904761906,21
2021,mar,31,061,Franklin,0.3216018897984144,372
2021,mar,31,029,Chase,0.3578492937215624,2397
2021,mar,31,059,Fillmore,0.36613301923262787,82
2021,mar,31,185,York,0.3090916666666667,42
2021,mar,31,035,Clay,0.3181867333522848,114
2021,mar,31,033,Cheyenne,0.23930456715577209,12256
2021,mar,31,069,Garden,0.28432123461937575,2497
2021,mar,31,083,Harlan,0.30774870651892694,873
2021,mar,31,091,Hooker,0.2813916666666667,6
2021,mar,31,147,Richardson,0.4011482142857144,56
2021,mar,31,065,Furnas,0.3629764935560255,2106
2021,mar,31,175,Valley,0.29161000000000004,5
2021,mar,31,141,Platte,0.3249651074840764,30
2021,mar,31,121,Merrick,0.4091519267171443,32
2021,mar,31,079,Hall,0.3770792913608131,42
2021,mar,31,081,Hamilton,0.4203120485678707,82
2021,mar,31,093,Howard,0.35170666666666667,15
2021,mar,31,001,Adams,0.3236900766682443,209
2021,mar,31,099,Kearney,0.35134288778209344,332
2021,mar,31,019,Buffalo,0.3075519626306657,186
2021,mar,31,073,Gosper,0.31049033341194165,361
2021,mar,31,047,Dawson,0.31719349758756255,92
2021,mar,37,037,Chatham,0.5339676701570681,9
2021,mar,37,115,Madison,,0
2021,mar,37,087,Haywood,,0
2021,mar,37,021,Buncombe,,0
2021,mar,37,089,Henderson,,0
2021,mar,37,175,Transylvania,,0
2021,mar,37,167,Stanly,0.6825749999999999,4
2021,mar,37,109,Lincoln,0.5725722222222223,18
2021,mar,37,159,Rowan,0.6460166666666667,15
2021,mar,37,025,Cabarrus,0.6278444444444444,9
2021,mar,37,097,Iredell,0.671375,8
2021,mar,37,071,Gaston,0.7045,1
2021,mar,37,179,Union,0.6581577777777778,45
2021,mar,37,119,Mecklenburg,0.39535,2
2021,mar,37,045,Cleveland,0.5729500000000001,3
2021,mar,37,005,Alleghany,,0
2021,mar,37,173,Swain,,0
2021,mar,37,011,Avery,,0
2021,mar,37,033,Caswell,0.5115201358331739,21
2021,mar,37,075,Graham,,0
2021,mar,37,007,Anson,0.6425000000000001,16
2021,mar,37,149,Polk,,0
2021,mar,37,039,Cherokee,,0
2021,mar,37,113,Macon,0.532525,2
2021,mar,37,009,Ashe,,0
2021,mar,37,123,Montgomery,0.2972193548387097,2
2021,mar,37,043,Clay,,0
2021,mar,37,121,Mitchell,,0
2021,mar,37,199,Yancey,,0
2021,mar,37,189,Watauga,,0
2021,mar,37,099,Jackson,,0
2021,mar,37,161,Rutherford,,0
2021,mar,37,193,Wilkes,,0
2021,mar,37,125,Moore,0.5389794365061075,35
2021,mar,37,153,Richmond,0.5782554625984252,24
2021,mar,37,093,Hoke,0.6359614766641164,6
2021,mar,37,165,Scotland,0.5260456521739133,46
2021,mar,37,155,Robeson,0.5564868556852167,68
2021,mar,37,001,Alamance,0.5573030710033396,28
2021,mar,37,151,Randolph,0.5591280419222904,24
2021,mar,37,081,Guilford,0.5303078947368421,19
2021,mar,37,157,Rockingham,0.5189068965517242,29
2021,mar,37,171,Surry,0.6746,1
2021,mar,37,057,Davidson,0.6182916666666668,12
2021,mar,37,169,Stokes,0.608,1
2021,mar,37,067,Forsyth,0.60214,5
2021,mar,37,197,Yadkin,0.5917714285714286,7
2021,mar,37,059,Davie,0.651155,10
2021,mar,37,027,Caldwell,0.5581,1
2021,mar,37,003,Alexander,0.5569338414634146,4
2021,mar,37,035,Catawba,0.6181500000000001,3
2021,mar,37,023,Burke,0.57855,1
2021,mar,37,111,McDowell,,0
2021,mar,37,029,Camden,,0
2021,mar,37,139,Pasquotank,0.50746,5
2021,mar,37,143,Perquimans,,0
2021,mar,37,177,Tyrrell,0.3859,1
2021,mar,37,055,Dare,,0
2021,mar,37,073,Gates,0.73245,1
2021,mar,37,053,Currituck,0.5878000000000002,17
2021,mar,37,019,Brunswick,0.4829,4
2021,mar,37,031,Carteret,,0
2021,mar,37,137,Pamlico,,0
2021,mar,37,049,Craven,0.4956666666666667,3
2021,mar,37,103,Jones,,0
2021,mar,37,085,Harnett,0.5509392532595812,11
2021,mar,37,063,Durham,0.5414666666666667,3
2021,mar,37,145,Person,0.5268467741935483,31
2021,mar,37,135,Orange,0.5171991066594478,15
2021,mar,37,181,Vance,0.5620833333333334,3
2021,mar,37,077,Granville,0.5668102564102565,39
2021,mar,37,069,Franklin,0.587105,40
2021,mar,37,101,Johnston,0.5007446085997797,19
2021,mar,37,183,Wake,0.5639500000000001,3
2021,mar,37,105,Lee,0.5450329090909091,29
2021,mar,37,131,Northampton,0.57899,10
2021,mar,37,083,Halifax,0.5833026315789475,19
2021,mar,37,127,Nash,0.5634,12
2021,mar,37,065,Edgecombe,0.63095,1
2021,mar,37,195,Wilson,0.6101997781229203,18
2021,mar,37,163,Sampson,0.5391441524876158,19
2021,mar,37,185,Warren,0.61455,1
2021,mar,37,187,Washington,,0
2021,mar,37,061,Duplin,,0
2021,mar,37,091,Hertford,,0
2021,mar,37,017,Bladen,0.53855,1
2021,mar,37,095,Hyde,,0
2021,mar,37,015,Bertie,0.6033000000000001,3
2021,mar,37,079,Greene,,0
2021,mar,37,041,Chowan,,0
2021,mar,37,117,Martin,0.5640291666666667,12
2021,mar,37,047,Columbus,0.6439312500000001,8
2021,mar,37,191,Wayne,0.6460666666666666,51
2021,mar,37,133,Onslow,,0
2021,mar,37,107,Lenoir,,0
2021,mar,37,129,New Hanover,,0
2021,mar,37,141,Pender,0.5311829268292682,41
2021,mar,37,051,Cumberland,0.5562333333333335,3
2021,mar,37,147,Pitt,0.5687583333333334,6
2021,mar,37,013,Beaufort,0.42775,1
2022,mar,17,121,Marion,0.6405000000000001,1
2022,mar,17,005,Bond,0.6152000000000001,1
2022,mar,17,083,Jersey,0.49267000000000005,10
2022,mar,17,163,St. Clair,0.4566748629600627,6
2022,mar,17,027,Clinton,0.42122500000000007,4
2022,mar,17,013,Calhoun,0.4257375,4
2022,mar,17,119,Madison,0.49395625,16
2022,mar,17,133,Monroe,0.48101805101373457,12
2022,mar,17,117,Macoupin,0.40557991415438716,117
2022,mar,17,171,Scott,0.34540000000000004,1
2022,mar,17,137,Morgan,0.3751386215575955,55
2022,mar,17,107,Logan,0.3812992537313433,67
2022,mar,17,129,Menard,0.36198564814814815,108
2022,mar,17,167,Sangamon,0.37526945263157885,123
2022,mar,17,021,Christian,0.4311574336459788,119
2022,mar,17,127,Massac,0.60535,5
2022,mar,17,057,Fulton,0.3784764423076925,104
2022,mar,17,175,Stark,0.3981973214285713,56
2022,mar,17,203,Woodford,0.37995047220242334,331
2022,mar,17,179,Tazewell,0.3958013143610422,203
2022,mar,17,123,Marshall,0.3588279769959405,48
2022,mar,17,143,Peoria,0.3996316153401585,96
2022,mar,17,001,Adams,0.3915561627040411,164
2022,mar,17,177,Stephenson,0.34041392926991565,201
2022,mar,17,141,Ogle,0.37118384605044075,381
2022,mar,17,201,Winnebago,0.32579596883410783,231
2022,mar,17,007,Boone,0.3350365081083031,220
2022,mar,17,025,Clay,0.5110400000000002,5
2022,mar,17,185,Wabash,,0
2022,mar,17,009,Brown,0.36222173913043465,46
2022,mar,17,151,Pope,,0
2022,mar,17,033,Crawford,0.25265,1
2022,mar,17,135,Montgomery,0.3870568965517241,29
2022,mar,17,055,Franklin,0.441075,4
2022,mar,17,023,Clark,0.39032,10
2022,mar,17,059,Gallatin,,0
2022,mar,17,075,Iroquois,0.35523825870409653,337
2022,mar,17,041,Douglas,0.33908928571428565,42
2022,mar,17,189,Washington,0.63531,5
2022,mar,17,159,Richland,0.51453,5
2022,mar,17,065,Hamilton,0.5808083333333335,6
2022,mar,17,193,White,0.5508000000000001,2
2022,mar,17,169,Schuyler,0.3867515151515152,33
2022,mar,17,181,Union,,0
2022,mar,17,085,Jo Daviess,0.3350752350605933,76
2022,mar,17,125,Mason,0.44556183873867633,57
2022,mar,17,191,Wayne,0.45446255760368665,9
2022,mar,17,069,Hardin,,0
2022,mar,17,061,Greene,0.4281809559939302,11
2022,mar,17,157,Randolph,0.56805,4
2022,mar,17,149,Pike,0.4068017857142857,56
2022,mar,17,145,Perry,0.59295,1
2022,mar,17,087,Johnson,0.609175,2
2022,mar,17,173,Shelby,0.3809997354497354,29
2022,mar,17,051,Fayette,,0
2022,mar,17,139,Moultrie,0.37195416666666664,36
2022,mar,17,017,Cass,0.3304759855189058,50
2022,mar,17,015,Carroll,0.3155918999705988,123
2022,mar,17,047,Edwards,0.5051571428571429,7
2022,mar,17,079,Jasper,0.4446388888888889,9
2022,mar,17,187,Warren,0.35756818181818184,11
2022,mar,17,153,Pulaski,,0
2022,mar,17,165,Saline,0.6319250000000001,8
2022,mar,17,101,Lawrence,0.4998833333333334,3
2022,mar,17,045,Edgar,0.4361848484848485,33
2022,mar,17,071,Henderson,0.3378416666666667,18
2022,mar,17,199,Williamson,0.4603,20
2022,mar,17,077,Jackson,,0
2022,mar,17,147,Piatt,0.44191642215398624,72
2022,mar,17,053,Ford,0.3343716383968264,121
2022,mar,17,019,Champaign,0.36040998294664095,180
2022,mar,17,029,Coles,0.42086500000000004,40
2022,mar,17,035,Cumberland,0.41611370622722227,25
2022,mar,17,183,Vermilion,0.39880585566663873,100
2022,mar,17,115,Macon,0.3497293846072439,150
2022,mar,17,049,Effingham,0.5060490228850605,17
2022,mar,17,067,Hancock,0.3871679064824654,90
2022,mar,17,095,Knox,0.4125075000000001,20
2022,mar,17,109,McDonough,0.330305143309302,24
2022,mar,17,081,Jefferson,0.599611797752809,5
2022,mar,17,113,McLean,0.31693917012448125,72
2022,mar,17,039,De Witt,0.3374224830142064,59
2022,mar,17,105,Livingston,0.3305813274233507,407
2022,mar,17,003,Alexander,,0
2022,mar,17,093,Kendall,0.34364424900344426,103
2022,mar,17,031,Cook,0.25263,5
2022,mar,17,037,DeKalb,0.3700773389588593,502
2022,mar,17,089,Kane,0.3464204581953725,204
2022,mar,17,063,Grundy,0.3964310935677761,44
2022,mar,17,111,McHenry,0.3484801958494564,399
2022,mar,17,197,Will,0.41600969399109794,214
2022,mar,17,043,DuPage,0.275478785046729,11
2022,mar,17,097,Lake,0.2877657894736842,19
2022,mar,17,091,Kankakee,0.3551665424703675,255
2022,mar,17,011,Bureau,0.38730897729107266,146
2022,mar,17,155,Putnam,0.3912154301499605,60
2022,mar,17,099,LaSalle,0.384556757703081,334
2022,mar,17,131,Mercer,0.3436684210526315,19
2022,mar,17,161,Rock Island,0.42703,15
2022,mar,17,073,Henry,0.3352577586206896,58
2022,mar,17,103,Lee,0.35842740248846644,144
2022,mar,17,195,Whiteside,0.37032851079643253,102
2022,mar,31,043,Dakota,0.29005000000000003,1
2022,mar,31,051,Dixon,0.2600287499999999,40
2022,mar,31,053,Dodge,0.2533166666666667,27
2022,mar,31,025,Cass,0.27175659906114585,66
2022,mar,31,055,Douglas,0.2969523809523811,21
2022,mar,31,153,Sarpy,0.22313636363636366,22
2022,mar,31,155,Saunders,0.291753360066981,91
2022,mar,31,177,Washington,0.24775,10
2022,mar,31,067,Gage,0.2779838707167906,331
2022,mar,31,109,Lancaster,0.25618994847108284,119
2022,mar,31,159,Seward,0.28003235893416933,28
2022,mar,31,139,Pierce,0.27403706896551727,58
2022,mar,31,119,Madison,0.2490395833333334,24
2022,mar,31,167,Stanton,0.25225714285714285,14
2022,mar,31,117,McPherson,0.23574285714285717,7
2022,mar,31,111,Lincoln,0.27931005773330553,648
2022,mar,31,113,Logan,0.28353423897166224,69
2022,mar,31,007,Banner,0.26034498609091955,3341
2022,mar,31,157,Scotts Bluff,0.2729729843112465,690
2022,mar,31,165,Sioux,0.28728405609323115,275
2022,mar,31,039,Cuming,0.2987375,8
2022,mar,31,129,Nuckolls,0.270001267877592,654
2022,mar,31,101,Keith,0.2812302608265256,2470
2022,mar,31,137,Phelps,0.25458378239063806,142
2022,mar,31,181,Webster,0.26255248829108274,1015
2022,mar,31,015,Boyd,0.2905968950327687,111
2022,mar,31,171,Thomas,,0
2022,mar,31,089,Holt,0.283571875,160
2022,mar,31,017,Brown,0.31286250000000004,8
2022,mar,31,103,Keya Paha,0.2742411012615071,15
2022,mar,31,077,Greeley,,0
2022,mar,31,095,Jefferson,0.2845312804203999,482
2022,mar,31,151,Saline,0.2737485713746864,209
2022,mar,31,057,Dundy,0.269529587467934,2422
2022,mar,31,131,Otoe,0.28431077867280397,63
2022,mar,31,087,Hitchcock,0.26269110401745843,4025
2022,mar,31,105,Kimball,0.2310987042900647,6806
2022,mar,31,127,Nemaha,0.31316754385964907,57
2022,mar,31,041,Custer,0.2565412842105262,280
2022,mar,31,143,Polk,0.25975675675675675,37
2022,mar,31,045,Dawes,0.29149857042474525,1731
2022,mar,31,179,Wayne,0.2575357142857143,14
2022,mar,31,071,Garfield,0.2467,2
2022,mar,31,013,Box Butte,0.305267848742844,7297
2022,mar,31,173,Thurston,0.26681818181818184,22
2022,mar,31,011,Boone,0.2302566666666667,15
2022,mar,31,145,Red Willow,0.29886483305353484,3185
2022,mar,31,149,Rock,0.2409230769230769,26
2022,mar,31,005,Arthur,0.25877647058823533,17
2022,mar,31,085,Hayes,0.2864564493314495,1749
2022,mar,31,097,Johnson,0.2814870157621433,87
2022,mar,31,003,Antelope,0.2835705128205128,39
2022,mar,31,163,Sherman,0.2367546875,32
2022,mar,31,161,Sheridan,0.28353091901370253,2580
2022,mar,31,133,Pawnee,0.28828186813186796,91
2022,mar,31,075,Grant,,0
2022,mar,31,021,Burt,,0
2022,mar,31,009,Blaine,,0
2022,mar,31,027,Cedar,0.28298425925925924,54
2022,mar,31,169,Thayer,0.29200198980807657,432
2022,mar,31,049,Deuel,0.2864216761518583,4774
2022,mar,31,123,Morrill,0.31986624363563926,2150
2022,mar,31,115,Loup,0.2652357142857143,7
2022,mar,31,063,Frontier,0.2906115535187013,1903
2022,mar,31,125,Nance,0.2577507122213048,20
2022,mar,31,107,Knox,0.28853406593406594,91
2022,mar,31,135,Perkins,0.2721407534058358,6036
2022,mar,31,037,Colfax,0.2616479381443299,97
2022,mar,31,023,Butler,0.27008275862068976,58
2022,mar,31,031,Cherry,0.33569099429333105,95
2022,mar,31,183,Wheeler,0.24863999999999997,30
2022,mar,31,061,Franklin,0.2609334512781972,418
2022,mar,31,029,Chase,0.3145834191798817,2848
2022,mar,31,059,Fillmore,0.2596060531459536,159
2022,mar,31,185,York,0.2940893933987511,22
2022,mar,31,035,Clay,0.26741733089331715,90
2022,mar,31,033,Cheyenne,0.29037794415619306,12241
2022,mar,31,069,Garden,0.2852260408424066,2794
2022,mar,31,083,Harlan,0.2666889488677093,1270
2022,mar,31,091,Hooker,,0
2022,mar,31,147,Richardson,0.32507279614325074,52
2022,mar,31,065,Furnas,0.2774554850975454,2210
2022,mar,31,175,Valley,0.248940243902439,41
2022,mar,31,141,Platte,0.2759627906976745,43
2022,mar,31,121,Merrick,0.27654234758411333,34
2022,mar,31,079,Hall,0.29947708333333334,48
2022,mar,31,081,Hamilton,0.2890223018167696,91
2022,mar,31,093,Howard,0.2526260000000001,25
2022,mar,31,001,Adams,0.2533887660766586,155
2022,mar,31,099,Kearney,0.2545916380231803,375
2022,mar,31,019,Buffalo,0.24670241665337386,148
2022,mar,31,073,Gosper,0.2716034868805708,666
2022,mar,31,047,Dawson,0.24464746683665722,138
2022,mar,37,037,Chatham,0.5237788546255506,5
2022,mar,37,115,Madison,,0
2022,mar,37,087,Haywood,,0
2022,mar,37,021,Buncombe,,0
2022,mar,37,089,Henderson,,0
2022,mar,37,175,Transylvania,,0
2022,mar,37,167,Stanly,0.58675,1
2022,mar,37,109,Lincoln,,0
2022,mar,37,159,Rowan,0.71211875,24
2022,mar,37,025,Cabarrus,0.6387333333333333,9
2022,mar,37,097,Iredell,0.6416637500000002,40
2022,mar,37,071,Gaston,,0
2022,mar,37,179,Union,0.6750591238165955,44
2022,mar,37,119,Mecklenburg,0.62045,2
2022,mar,37,045,Cleveland,0.6440604166666667,24
2022,mar,37,005,Alleghany,0.4822,3
2022,mar,37,173,Swain,,0
2022,mar,37,011,Avery,,0
2022,mar,37,033,Caswell,0.5212357142857144,7
2022,mar,37,075,Graham,,0
2022,mar,37,007,Anson,0.7545949999999999,10
2022,mar,37,149,Polk,,0
2022,mar,37,039,Cherokee,,0
2022,mar,37,113,Macon,,0
2022,mar,37,009,Ashe,,0
2022,mar,37,123,Montgomery,0.56475,1
2022,mar,37,043,Clay,,0
2022,mar,37,121,Mitchell,,0
2022,mar,37,199,Yancey,,0
2022,mar,37,189,Watauga,,0
2022,mar,37,099,Jackson,,0
2022,mar,37,161,Rutherford,,0
2022,mar,37,193,Wilkes,0.5903,2
2022,mar,37,125,Moore,0.6265944866920153,2
2022,mar,37,153,Richmond,0.6476000000000001,1
2022,mar,37,093,Hoke,0.7500875,4
2022,mar,37,165,Scotland,0.5386315789473685,19
2022,mar,37,155,Robeson,0.7595000000000001,1
2022,mar,37,001,Alamance,0.5546900000000001,15
2022,mar,37,151,Randolph,0.6901416666666668,6
2022,mar,37,081,Guilford,0.5833450000000001,20
2022,mar,37,157,Rockingham,0.48398023255813954,43
2022,mar,37,171,Surry,0.5422916666666667,6
2022,mar,37,057,Davidson,0.6125,1
2022,mar,37,169,Stokes,0.41925,1
2022,mar,37,067,Forsyth,,0
2022,mar,37,197,Yadkin,0.5604,1
2022,mar,37,059,Davie,0.6958454545454547,11
2022,mar,37,027,Caldwell,,0
2022,mar,37,003,Alexander,,0
2022,mar,37,035,Catawba,0.6622357142857143,7
2022,mar,37,023,Burke,,0
2022,mar,37,111,McDowell,,0
2022,mar,37,029,Camden,0.6700556338028169,71
2022,mar,37,139,Pasquotank,0.6246857142857144,7
2022,mar,37,143,Perquimans,0.72035,2
2022,mar,37,177,Tyrrell,,0
2022,mar,37,055,Dare,,0
2022,mar,37,073,Gates,,0
2022,mar,37,053,Currituck,0.6589000000000002,10
2022,mar,37,019,Brunswick,,0
2022,mar,37,031,Carteret,0.6278333333333334,3
2022,mar,37,137,Pamlico,,0
2022,mar,37,049,Craven,,0
2022,mar,37,103,Jones,0.6316,3
2022,mar,37,085,Harnett,0.6409348556656614,10
2022,mar,37,063,Durham,0.45358750000000003,4
2022,mar,37,145,Person,0.5581437499999999,16
2022,mar,37,135,Orange,0.570725,8
2022,mar,37,181,Vance,0.53805,8
2022,mar,37,077,Granville,0.5732300000000001,30
2022,mar,37,069,Franklin,0.6050502496547329,39
2022,mar,37,101,Johnston,0.7063629316124705,25
2022,mar,37,183,Wake,0.5392098248106062,20
2022,mar,37,105,Lee,0.6309017056856188,6
2022,mar,37,131,Northampton,0.5734,1
2022,mar,37,083,Halifax,0.6140363636363637,11
2022,mar,37,127,Nash,,0
2022,mar,37,065,Edgecombe,0.61584375,8
2022,mar,37,195,Wilson,0.68965,12
2022,mar,37,163,Sampson,0.639975,34
2022,mar,37,185,Warren,0.6338500000000001,3
2022,mar,37,187,Washington,,0
2022,mar,37,061,Duplin,0.7020282608695653,23
2022,mar,37,091,Hertford,,0
2022,mar,37,017,Bladen,0.5875468749999999,16
2022,mar,37,095,Hyde,,0
2022,mar,37,015,Bertie,0.687475,14
2022,mar,37,079,Greene,,0
2022,mar,37,041,Chowan,0.6797888888888889,9
2022,mar,37,117,Martin,0.636054,25
2022,mar,37,047,Columbus,0.6248428571428571,7
2022,mar,37,191,Wayne,0.6711148449039883,3
2022,mar,37,133,Onslow,,0
2022,mar,37,107,Lenoir,,0
2022,mar,37,129,New Hanover,,0
2022,mar,37,141,Pender,,0
2022,mar,37,051,Cumberland,0.7485999999999999,2
2022,mar,37,147,Pitt,0.5733166666666667,6
2022,mar,37,013,Beaufort,0.7193750000000001,2
2023,mar,17,121,Marion,0.5751875,16
2023,mar,17,005,Bond,0.46182500000000004,2
2023,mar,17,083,Jersey,0.5039862469059406,39
2023,mar,17,163,St. Clair,0.47926428571428575,14
2023,mar,17,027,Clinton,0.6669700000000001,5
2023,mar,17,013,Calhoun,0.4682041666666666,36
2023,mar,17,119,Madison,0.47766029411764716,34
2023,mar,17,133,Monroe,0.5721018474215843,17
2023,mar,17,117,Macoupin,0.46791737617420975,98
2023,mar,17,171,Scott,0.37958098541262886,41
2023,mar,17,137,Morgan,0.41650152684342434,121
2023,mar,17,107,Logan,0.3824137037037036,135
2023,mar,17,129,Menard,0.4517118131868131,108
2023,mar,17,167,Sangamon,0.43824904436244,200
2023,mar,17,021,Christian,0.42800528113505,90
2023,mar,17,127,Massac,0.7575333333333334,9
2023,mar,17,057,Fulton,0.38729692677154365,170
2023,mar,17,175,Stark,0.42051531093962796,44
2023,mar,17,203,Woodford,0.4055606051795482,470
2023,mar,17,179,Tazewell,0.40480724922292616,308
2023,mar,17,123,Marshall,0.4029709183673468,98
2023,mar,17,143,Peoria,0.4213530003922082,90
2023,mar,17,001,Adams,0.4257809782608698,184
2023,mar,17,177,Stephenson,0.2886986313686312,315
2023,mar,17,141,Ogle,0.33107096229802513,438
2023,mar,17,201,Winnebago,0.2956053147685583,203
2023,mar,17,007,Boone,0.34847668600880033,231
2023,mar,17,025,Clay,0.5920318181818182,11
2023,mar,17,185,Wabash,,0
2023,mar,17,009,Brown,0.4271099999999999,60
2023,mar,17,151,Pope,,0
2023,mar,17,033,Crawford,0.5515900000000001,20
2023,mar,17,135,Montgomery,0.45881398591930683,44
2023,mar,17,055,Franklin,,0
2023,mar,17,023,Clark,0.522138888888889,9
2023,mar,17,059,Gallatin,0.2376357142857143,7
2023,mar,17,075,Iroquois,0.37545151293269124,431
2023,mar,17,041,Douglas,0.4503826633907951,151
2023,mar,17,189,Washington,0.6637375000000001,4
2023,mar,17,159,Richland,0.523475,2
2023,mar,17,065,Hamilton,0.5370666666666667,3
2023,mar,17,193,White,0.6006142857142857,7
2023,mar,17,169,Schuyler,0.4374789855072464,69
2023,mar,17,181,Union,0.604425,2
2023,mar,17,085,Jo Daviess,0.3125835034573594,120
2023,mar,17,125,Mason,0.42520035046016913,129
2023,mar,17,191,Wayne,0.5264550000000001,10
2023,mar,17,069,Hardin,,0
2023,mar,17,061,Greene,0.45932363704256907,85
2023,mar,17,157,Randolph,0.579014940725244,12
2023,mar,17,149,Pike,0.40520578512396677,121
2023,mar,17,145,Perry,0.467325,2
2023,mar,17,087,Johnson,,0
2023,mar,17,173,Shelby,0.48655329670329656,91
2023,mar,17,051,Fayette,0.514625,10
2023,mar,17,139,Moultrie,0.4390407731376975,105
2023,mar,17,017,Cass,0.40363017427165115,150
2023,mar,17,015,Carroll,0.3044809504609842,147
2023,mar,17,047,Edwards,0.5489272727272727,11
2023,mar,17,079,Jasper,0.56477,10
2023,mar,17,187,Warren,0.3239209677419355,31
2023,mar,17,153,Pulaski,,0
2023,mar,17,165,Saline,0.5684750000000001,4
2023,mar,17,101,Lawrence,0.7769882352941176,17
2023,mar,17,045,Edgar,0.6069960077466703,59
2023,mar,17,071,Henderson,0.31480892857142856,28
2023,mar,17,199,Williamson,,0
2023,mar,17,077,Jackson,0.588275,2
2023,mar,17,147,Piatt,0.45993254184927085,113
2023,mar,17,053,Ford,0.3381212128953571,239
2023,mar,17,019,Champaign,0.39459819832592324,350
2023,mar,17,029,Coles,0.47086517724760735,88
2023,mar,17,035,Cumberland,0.48361550435865497,54
2023,mar,17,183,Vermilion,0.4322294246115078,188
2023,mar,17,115,Macon,0.45468227618311535,220
2023,mar,17,049,Effingham,0.49775138888888887,36
2023,mar,17,067,Hancock,0.3828121292863765,136
2023,mar,17,095,Knox,0.33005915492957755,71
2023,mar,17,109,McDonough,0.3501958136578278,22
2023,mar,17,081,Jefferson,0.48733125000000005,16
2023,mar,17,113,McLean,0.3834505093111519,202
2023,mar,17,039,De Witt,0.38936999999999994,65
2023,mar,17,105,Livingston,0.3498035304375278,525
2023,mar,17,003,Alexander,,0
2023,mar,17,093,Kendall,0.3684971168783696,87
2023,mar,17,031,Cook,0.3263166666666667,9
2023,mar,17,037,DeKalb,0.3590640917532332,603
2023,mar,17,089,Kane,0.35691394442271995,166
2023,mar,17,063,Grundy,0.3409435359081552,63
2023,mar,17,111,McHenry,0.367205864067149,429
2023,mar,17,197,Will,0.3790957772373428,339
2023,mar,17,043,DuPage,,0
2023,mar,17,097,Lake,0.3778533898305084,40
2023,mar,17,091,Kankakee,0.41743737282698373,259
2023,mar,17,011,Bureau,0.37706694299386473,200
2023,mar,17,155,Putnam,0.40722978260869575,77
2023,mar,17,099,LaSalle,0.3443750791861043,465
2023,mar,17,131,Mercer,0.3185666666666668,30
2023,mar,17,161,Rock Island,0.3179711538461539,26
2023,mar,17,073,Henry,0.32601754592182325,99
2023,mar,17,103,Lee,0.3490574444772739,162
2023,mar,17,195,Whiteside,0.3590914204401965,203
2023,mar,31,043,Dakota,0.20740000000000003,4
2023,mar,31,051,Dixon,0.23086764705882357,17
2023,mar,31,053,Dodge,0.2111387155963302,33
2023,mar,31,025,Cass,0.23763181818181817,33
2023,mar,31,055,Douglas,0.22230600000000006,25
2023,mar,31,153,Sarpy,0.2354344827586207,29
2023,mar,31,155,Saunders,0.23914235468534326,78
2023,mar,31,177,Washington,0.20825000000000002,18
2023,mar,31,067,Gage,0.2747102015044574,288
2023,mar,31,109,Lancaster,0.23695754716981138,53
2023,mar,31,159,Seward,0.2570923076923077,13
2023,mar,31,139,Pierce,0.23174999999999998,44
2023,mar,31,119,Madison,0.22620384615384617,13
2023,mar,31,167,Stanton,0.21723301587301588,3
2023,mar,31,117,McPherson,0.22889285714285715,21
2023,mar,31,111,Lincoln,0.24319023741590037,895
2023,mar,31,113,Logan,0.21186296296296295,27
2023,mar,31,007,Banner,0.21186497229884949,3431
2023,mar,31,157,Scotts Bluff,0.20643061970543777,570
2023,mar,31,165,Sioux,0.20026745294586473,129
2023,mar,31,039,Cuming,0.22462307692307693,13
2023,mar,31,129,Nuckolls,0.25381885731906106,450
2023,mar,31,101,Keith,0.1809338252365743,2137
2023,mar,31,137,Phelps,0.2609306059640246,198
2023,mar,31,181,Webster,0.2628687288713289,855
2023,mar,31,015,Boyd,0.10155819099564614,85
2023,mar,31,171,Thomas,0.2178875,4
2023,mar,31,089,Holt,0.1077651260504202,119
2023,mar,31,017,Brown,0.19418,5
2023,mar,31,103,Keya Paha,0.12185833333333336,6
2023,mar,31,077,Greeley,0.21150000000000002,1
2023,mar,31,095,Jefferson,0.27996036313105616,484
2023,mar,31,151,Saline,0.2331077970222729,133
2023,mar,31,057,Dundy,0.25557895525064445,3204
2023,mar,31,131,Otoe,0.22908454545454546,110
2023,mar,31,087,Hitchcock,0.25042476666069163,4938
2023,mar,31,105,Kimball,0.21163854083392986,6751
2023,mar,31,127,Nemaha,0.27158103448275855,87
2023,mar,31,041,Custer,0.211425755033557,148
2023,mar,31,143,Polk,0.2414096298619825,38
2023,mar,31,045,Dawes,0.19201898148675264,1380
2023,mar,31,179,Wayne,0.2381476131687243,5
2023,mar,31,071,Garfield,0.2719416666666667,6
2023,mar,31,013,Box Butte,0.25897708385314644,6908
2023,mar,31,173,Thurston,0.24728333333333333,3
2023,mar,31,011,Boone,0.20325000000000001,1
2023,mar,31,145,Red Willow,0.2534780724048941,3948
2023,mar,31,149,Rock,0.1369,1
2023,mar,31,005,Arthur,0.22915909090909092,22
2023,mar,31,085,Hayes,0.24978372913599026,2362
2023,mar,31,097,Johnson,0.25318006756756767,148
2023,mar,31,003,Antelope,0.21368333333333336,3
2023,mar,31,163,Sherman,0.21418333333333336,6
2023,mar,31,161,Sheridan,0.08940101052701423,2250
2023,mar,31,133,Pawnee,0.2673798913043477,92
2023,mar,31,075,Grant,,0
2023,mar,31,021,Burt,0.27610833333333334,6
2023,mar,31,009,Blaine,0.21937500000000001,4
2023,mar,31,027,Cedar,0.17515500000000003,10
2023,mar,31,169,Thayer,0.2709459276101404,429
2023,mar,31,049,Deuel,0.20240829855605244,4980
2023,mar,31,123,Morrill,0.22443854288885032,1745
2023,mar,31,115,Loup,,0
2023,mar,31,063,Frontier,0.25090045171965164,1974
2023,mar,31,125,Nance,0.23596847826086953,46
2023,mar,31,107,Knox,0.22862232142857147,56
2023,mar,31,135,Perkins,0.2108215795452186,7623
2023,mar,31,037,Colfax,0.22766866902237928,50
2023,mar,31,023,Butler,0.2359450334431467,40
2023,mar,31,031,Cherry,0.12639028417605602,212
2023,mar,31,183,Wheeler,0.21966041666666672,24
2023,mar,31,061,Franklin,0.26040425341250584,443
2023,mar,31,029,Chase,0.2607987031325633,3423
2023,mar,31,059,Fillmore,0.25306872633472144,83
2023,mar,31,185,York,0.25913833333333336,30
2023,mar,31,035,Clay,0.2507350996898538,93
2023,mar,31,033,Cheyenne,0.22114336769751772,12352
2023,mar,31,069,Garden,0.162600031525716,2758
2023,mar,31,083,Harlan,0.2529401417474528,1350
2023,mar,31,091,Hooker,0.2156,3
2023,mar,31,147,Richardson,0.2802236586493987,170
2023,mar,31,065,Furnas,0.2624937678509226,3618
2023,mar,31,175,Valley,0.29508125,8
2023,mar,31,141,Platte,0.22619645370871685,16
2023,mar,31,121,Merrick,0.24431009978832782,13
2023,mar,31,079,Hall,0.25088365384615385,52
2023,mar,31,081,Hamilton,0.25974831460674147,89
2023,mar,31,093,Howard,0.27012677725118484,20
2023,mar,31,001,Adams,0.24382092306681552,301
2023,mar,31,099,Kearney,0.2608324511664786,328
2023,mar,31,019,Buffalo,0.2620010261813685,172
2023,mar,31,073,Gosper,0.2574313633864758,891
2023,mar,31,047,Dawson,0.26693641978928434,207
2023,mar,37,037,Chatham,,0
2023,mar,37,115,Madison,,0
2023,mar,37,087,Haywood,,0
2023,mar,37,021,Buncombe,,0
2023,mar,37,089,Henderson,,0
2023,mar,37,175,Transylvania,,0
2023,mar,37,167,Stanly,0.6978055555555556,9
2023,mar,37,109,Lincoln,0.639259375,16
2023,mar,37,159,Rowan,0.6752357142857145,7
2023,mar,37,025,Cabarrus,0.59835,1
2023,mar,37,097,Iredell,0.67495,1
2023,mar,37,071,Gaston,,0
2023,mar,37,179,Union,0.7090150000000001,10
2023,mar,37,119,Mecklenburg,0.6460166666666668,3
2023,mar,37,045,Cleveland,0.6846130924737058,29
2023,mar,37,005,Alleghany,0.586775,2
2023,mar,37,173,Swain,,0
2023,mar,37,011,Avery,,0
2023,mar,37,033,Caswell,0.5645833333333334,18
2023,mar,37,075,Graham,,0
2023,mar,37,007,Anson,0.7220863636363638,22
2023,mar,37,149,Polk,,0
2023,mar,37,039,Cherokee,,0
2023,mar,37,113,Macon,,0
2023,mar,37,009,Ashe,,0
2023,mar,37,123,Montgomery,,0
2023,mar,37,043,Clay,,0
2023,mar,37,121,Mitchell,,0
2023,mar,37,199,Yancey,,0
2023,mar,37,189,Watauga,,0
2023,mar,37,099,Jackson,,0
2023,mar,37,161,Rutherford,,0
2023,mar,37,193,Wilkes,,0
2023,mar,37,125,Moore,0.56562,5
2023,mar,37,153,Richmond,,0
2023,mar,37,093,Hoke,,0
2023,mar,37,165,Scotland,0.79530625,8
2023,mar,37,155,Robeson,0.67285,5
2023,mar,37,001,Alamance,0.5843538461538461,13
2023,mar,37,151,Randolph,0.7196,4
2023,mar,37,081,Guilford,0.6473285714285714,7
2023,mar,37,157,Rockingham,0.6883000000000002,18
2023,mar,37,171,Surry,,0
2023,mar,37,057,Davidson,0.6130000000000001,8
2023,mar,37,169,Stokes,0.550425,2
2023,mar,37,067,Forsyth,,0
2023,mar,37,197,Yadkin,,0
2023,mar,37,059,Davie,,0
2023,mar,37,027,Caldwell,0.66735,1
2023,mar,37,003,Alexander,0.6618250000000001,2
2023,mar,37,035,Catawba,0.6374350000000001,10
2023,mar,37,023,Burke,,0
2023,mar,37,111,McDowell,,0
2023,mar,37,029,Camden,0.7429182291666664,96
2023,mar,37,139,Pasquotank,0.5636583333333334,6
2023,mar,37,143,Perquimans,0.7862625,8
2023,mar,37,177,Tyrrell,,0
2023,mar,37,055,Dare,,0
2023,mar,37,073,Gates,0.7246,7
2023,mar,37,053,Currituck,0.7507,4
2023,mar,37,019,Brunswick,,0
2023,mar,37,031,Carteret,,0
2023,mar,37,137,Pamlico,,0
2023,mar,37,049,Craven,0.74255,1
2023,mar,37,103,Jones,0.81145,1
2023,mar,37,085,Harnett,0.576263879854601,21
2023,mar,37,063,Durham,0.622425,2
2023,mar,37,145,Person,0.5686454545454546,11
2023,mar,37,135,Orange,0.6035700000000002,5
2023,mar,37,181,Vance,0.6700250000000001,2
2023,mar,37,077,Granville,0.6003263157894738,19
2023,mar,37,069,Franklin,0.6218387931034484,58
2023,mar,37,101,Johnston,0.6404246237064909,26
2023,mar,37,183,Wake,0.5424898968378561,19
2023,mar,37,105,Lee,0.6487916666666668,6
2023,mar,37,131,Northampton,,0
2023,mar,37,083,Halifax,0.5752722222222223,9
2023,mar,37,127,Nash,0.4974125,4
2023,mar,37,065,Edgecombe,0.569118,25
2023,mar,37,195,Wilson,0.47635000000000005,7
2023,mar,37,163,Sampson,0.666062962962963,27
2023,mar,37,185,Warren,,0
2023,mar,37,187,Washington,,0
2023,mar,37,061,Duplin,0.6986333333333332,9
2023,mar,37,091,Hertford,0.7083656250000001,16
2023,mar,37,017,Bladen,0.5788875,8
2023,mar,37,095,Hyde,0.6133500000000001,1
2023,mar,37,015,Bertie,0.7245,29
2023,mar,37,079,Greene,0.7663628205128207,39
2023,mar,37,041,Chowan,0.64825,28
2023,mar,37,117,Martin,0.6765166666666667,69
2023,mar,37,047,Columbus,0.7321666666666667,3
2023,mar,37,191,Wayne,0.5986437500000001,8
2023,mar,37,133,Onslow,0.75265,3
2023,mar,37,107,Lenoir,,0
2023,mar,37,129,New Hanover,,0
2023,mar,37,141,Pender,0.7650333333333333,12
2023,mar,37,051,Cumberland,0.6897333333333334,3
2023,mar,37,147,Pitt,0.7283924528301886,53
2023,mar,37,013,Beaufort,0.7272500000000001,5
2024,mar,17,121,Marion,0.5940662495307221,32
2024,mar,17,005,Bond,0.6090976744186047,43
2024,mar,17,083,Jersey,0.6676690476190478,21
2024,mar,17,163,St. Clair,0.6436764705882353,17
2024,mar,17,027,Clinton,0.7369522894065093,51
2024,mar,17,013,Calhoun,0.5749041666666667,12
2024,mar,17,119,Madison,0.6095738781220852,38
2024,mar,17,133,Monroe,0.6902909090909092,11
2024,mar,17,117,Macoupin,0.5729522727272728,44
2024,mar,17,171,Scott,0.5081333333333334,12
2024,mar,17,137,Morgan,0.4738744178952721,78
2024,mar,17,107,Logan,0.45207637362637365,91
2024,mar,17,129,Menard,0.4747387690112415,113
2024,mar,17,167,Sangamon,0.5153628299999998,159
2024,mar,17,021,Christian,0.58115,61
2024,mar,17,127,Massac,,0
2024,mar,17,057,Fulton,0.48031263602685853,136
2024,mar,17,175,Stark,0.394207330393827,42
2024,mar,17,203,Woodford,0.604714196464107,376
2024,mar,17,179,Tazewell,0.5506912289259477,132
2024,mar,17,123,Marshall,0.4414203930977207,43
2024,mar,17,143,Peoria,0.48890503762275217,62
2024,mar,17,001,Adams,0.558249173553719,121
2024,mar,17,177,Stephenson,0.4333062548183921,272
2024,mar,17,141,Ogle,0.43284057931862513,393
2024,mar,17,201,Winnebago,0.4399047606916781,259
2024,mar,17,007,Boone,0.37645500713327507,186
2024,mar,17,025,Clay,0.5701316666666667,30
2024,mar,17,185,Wabash,,0
2024,mar,17,009,Brown,0.5015761904761904,42
2024,mar,17,151,Pope,,0
2024,mar,17,033,Crawford,0.56048,10
2024,mar,17,135,Montgomery,0.5823076923076922,104
2024,mar,17,055,Franklin,0.632725,2
2024,mar,17,023,Clark,0.5592703389830507,59
2024,mar,17,059,Gallatin,0.7133666666666666,3
2024,mar,17,075,Iroquois,0.5491226368159202,173
2024,mar,17,041,Douglas,0.49390858979763913,75
2024,mar,17,189,Washington,0.7363423076923077,26
2024,mar,17,159,Richland,0.629475,2
2024,mar,17,065,Hamilton,0.6756617647058825,17
2024,mar,17,193,White,0.6190454545454546,11
2024,mar,17,169,Schuyler,0.5413668671517428,67
2024,mar,17,181,Union,,0
2024,mar,17,085,Jo Daviess,0.46548342904019663,135
2024,mar,17,125,Mason,0.4294271082772772,151
2024,mar,17,191,Wayne,0.7142236842105264,19
2024,mar,17,069,Hardin,,0
2024,mar,17,061,Greene,0.5921313953488373,43
2024,mar,17,157,Randolph,0.6419076923076923,39
2024,mar,17,149,Pike,0.5766179775280897,89
2024,mar,17,145,Perry,0.6353093406593409,25
2024,mar,17,087,Johnson,0.831825,2
2024,mar,17,173,Shelby,0.5830224489795918,98
2024,mar,17,051,Fayette,0.6007275485918288,30
2024,mar,17,139,Moultrie,0.5577720000000003,50
2024,mar,17,017,Cass,0.477878735632184,58
2024,mar,17,015,Carroll,0.450709090909091,165
2024,mar,17,047,Edwards,0.6863750000000001,8
2024,mar,17,079,Jasper,0.5600795711542566,37
2024,mar,17,187,Warren,0.45407900304671633,24
2024,mar,17,153,Pulaski,,0
2024,mar,17,165,Saline,0.5992111111111111,9
2024,mar,17,101,Lawrence,0.5816,5
2024,mar,17,045,Edgar,0.5949210526315789,19
2024,mar,17,071,Henderson,0.4252294909357261,43
2024,mar,17,199,Williamson,0.74645,7
2024,mar,17,077,Jackson,0.6744644827586207,12
2024,mar,17,147,Piatt,0.4786285137647967,88
2024,mar,17,053,Ford,0.47067138239176787,117
2024,mar,17,019,Champaign,0.5330020841663338,79
2024,mar,17,029,Coles,0.5445245098039215,51
2024,mar,17,035,Cumberland,0.5961150000000001,20
2024,mar,17,183,Vermilion,0.6271898345757179,116
2024,mar,17,115,Macon,0.5299215867158672,96
2024,mar,17,049,Effingham,0.563557217573222,58
2024,mar,17,067,Hancock,0.5314005813953488,86
2024,mar,17,095,Knox,0.4151281102479279,107
2024,mar,17,109,McDonough,0.4430828852119959,17
2024,mar,17,081,Jefferson,0.6219750000000002,36
2024,mar,17,113,McLean,0.49898319166477173,139
2024,mar,17,039,De Witt,0.5011478494623655,93
2024,mar,17,105,Livingston,0.533757675694206,286
2024,mar,17,003,Alexander,0.6283750000000001,6
2024,mar,17,093,Kendall,0.47587586329957177,116
2024,mar,17,031,Cook,0.36347749999999995,40
2024,mar,17,037,DeKalb,0.46481698451535014,586
2024,mar,17,089,Kane,0.4913212291231732,215
2024,mar,17,063,Grundy,0.44520576923076927,26
2024,mar,17,111,McHenry,0.3967126895875711,376
2024,mar,17,197,Will,0.5055193641618498,173
2024,mar,17,043,DuPage,0.42242470930232556,2
2024,mar,17,097,Lake,0.29854146341463417,41
2024,mar,17,091,Kankakee,0.46494548688305926,160
2024,mar,17,011,Bureau,0.4834799111431317,180
2024,mar,17,155,Putnam,0.5708230769230769,13
2024,mar,17,099,LaSalle,0.5001419016602311,303
2024,mar,17,131,Mercer,0.4621119999999999,25
2024,mar,17,161,Rock Island,0.5067047189070351,26
2024,mar,17,073,Henry,0.44328576271186443,75
2024,mar,17,103,Lee,0.4843500444381243,117
2024,mar,17,195,Whiteside,0.5132810810810811,111
2024,mar,31,043,Dakota,0.6250875,4
2024,mar,31,051,Dixon,0.4845568204919697,59
2024,mar,31,053,Dodge,0.37734097396230526,37
2024,mar,31,025,Cass,0.40155625,64
2024,mar,31,055,Douglas,0.4593030303030303,33
2024,mar,31,153,Sarpy,0.45276666666666676,6
2024,mar,31,155,Saunders,0.38554492187499995,128
2024,mar,31,177,Washington,0.4436749999999999,26
2024,mar,31,067,Gage,0.5123748772723787,309
2024,mar,31,109,Lancaster,0.4270463142515606,89
2024,mar,31,159,Seward,0.4114166666666667,18
2024,mar,31,139,Pierce,0.3907845911561265,96
2024,mar,31,119,Madison,0.39235512820512825,39
2024,mar,31,167,Stanton,0.44188148349261525,37
2024,mar,31,117,McPherson,,0
2024,mar,31,111,Lincoln,0.4003317969196522,529
2024,mar,31,113,Logan,0.46832291666666664,24
2024,mar,31,007,Banner,0.3600986881925065,2256
2024,mar,31,157,Scotts Bluff,0.3843074928518556,276
2024,mar,31,165,Sioux,0.3459711671648321,164
2024,mar,31,039,Cuming,0.5044479166666666,24
2024,mar,31,129,Nuckolls,0.4729220834812798,703
2024,mar,31,101,Keith,0.3933976468572308,1860
2024,mar,31,137,Phelps,0.39082560969295305,156
2024,mar,31,181,Webster,0.4664620518125152,899
2024,mar,31,015,Boyd,0.4528841644754738,45
2024,mar,31,171,Thomas,,0
2024,mar,31,089,Holt,0.48021781609195385,87
2024,mar,31,017,Brown,0.27358571428571427,7
2024,mar,31,103,Keya Paha,0.43951842105263167,19
2024,mar,31,077,Greeley,0.367525,4
2024,mar,31,095,Jefferson,0.5164556251476266,501
2024,mar,31,151,Saline,0.4735222689075636,238
2024,mar,31,057,Dundy,0.4639341247436185,2436
2024,mar,31,131,Otoe,0.37550725710311944,121
2024,mar,31,087,Hitchcock,0.5390167281039644,4649
2024,mar,31,105,Kimball,0.32260842005556123,4656
2024,mar,31,127,Nemaha,0.4268882352941177,34
2024,mar,31,041,Custer,0.36401862540910457,119
2024,mar,31,143,Polk,0.5073774999999999,20
2024,mar,31,045,Dawes,0.38979076921510325,1156
2024,mar,31,179,Wayne,0.3968221251225089,26
2024,mar,31,071,Garfield,0.363965,10
2024,mar,31,013,Box Butte,0.3984003930284141,5852
2024,mar,31,173,Thurston,0.42159193548387114,31
2024,mar,31,011,Boone,0.5048575000000001,20
2024,mar,31,145,Red Willow,0.48069119327675885,3865
2024,mar,31,149,Rock,0.23163333333333336,3
2024,mar,31,005,Arthur,0.3519,1
2024,mar,31,085,Hayes,0.4158541301158282,1660
2024,mar,31,097,Johnson,0.45193227848101275,79
2024,mar,31,003,Antelope,0.3935659090909091,44
2024,mar,31,163,Sherman,0.43742777777777775,18
2024,mar,31,161,Sheridan,0.36893489273177393,1655
2024,mar,31,133,Pawnee,0.5104409346103038,96
2024,mar,31,075,Grant,,0
2024,mar,31,021,Burt,0.35273928454753345,15
2024,mar,31,009,Blaine,,0
2024,mar,31,027,Cedar,0.355375,10
2024,mar,31,169,Thayer,0.5189138508476582,398
2024,mar,31,049,Deuel,0.4209709829019492,5167
2024,mar,31,123,Morrill,0.41935541016130723,1313
2024,mar,31,115,Loup,0.2985,2
2024,mar,31,063,Frontier,0.44076159736444775,1956
2024,mar,31,125,Nance,0.44762077759599667,82
2024,mar,31,107,Knox,0.4227706719194572,56
2024,mar,31,135,Perkins,0.38687371044522056,5507
2024,mar,31,037,Colfax,0.47409039758608457,100
2024,mar,31,023,Butler,0.4254963636363636,55
2024,mar,31,031,Cherry,0.3566737068965517,116
2024,mar,31,183,Wheeler,0.28505,5
2024,mar,31,061,Franklin,0.416236398872838,359
2024,mar,31,029,Chase,0.411830091958684,2619
2024,mar,31,059,Fillmore,0.47804119781336185,82
2024,mar,31,185,York,,0
2024,mar,31,035,Clay,0.5262470021709095,104
2024,mar,31,033,Cheyenne,0.39900446131864775,10169
2024,mar,31,069,Garden,0.36973358517234123,2674
2024,mar,31,083,Harlan,0.3982626020567387,1024
2024,mar,31,091,Hooker,,0
2024,mar,31,147,Richardson,0.48695909090909084,44
2024,mar,31,065,Furnas,0.47897858539985255,3054
2024,mar,31,175,Valley,0.37148205128205136,39
2024,mar,31,141,Platte,0.46242140579509233,57
2024,mar,31,121,Merrick,0.44750479925405884,72
2024,mar,31,079,Hall,0.45266904761904764,21
2024,mar,31,081,Hamilton,0.5002562500000001,48
2024,mar,31,093,Howard,0.4771862500000002,40
2024,mar,31,001,Adams,0.4119758952719446,278
2024,mar,31,099,Kearney,0.41587793012721413,290
2024,mar,31,019,Buffalo,0.41511881720430116,186
2024,mar,31,073,Gosper,0.4207337259349732,618
2024,mar,31,047,Dawson,0.38160852652808586,203
2024,mar,37,037,Chatham,0.649125,2
2024,mar,37,115,Madison,0.60875,1
2024,mar,37,087,Haywood,0.5004500000000001,2
2024,mar,37,021,Buncombe,0.54015,1
2024,mar,37,089,Henderson,,0
2024,mar,37,175,Transylvania,,0
2024,mar,37,167,Stanly,0.56525,1
2024,mar,37,109,Lincoln,0.6874166666666667,3
2024,mar,37,159,Rowan,0.6706833333333333,3
2024,mar,37,025,Cabarrus,0.6082785714285714,7
2024,mar,37,097,Iredell,0.6855235294117646,17
2024,mar,37,071,Gaston,,0
2024,mar,37,179,Union,0.7663479166666668,24
2024,mar,37,119,Mecklenburg,0.6876,1
2024,mar,37,045,Cleveland,0.6508090909090908,11
2024,mar,37,005,Alleghany,,0
2024,mar,37,173,Swain,,0
2024,mar,37,011,Avery,,0
2024,mar,37,033,Caswell,,0
2024,mar,37,075,Graham,,0
2024,mar,37,007,Anson,0.7425125000000001,24
2024,mar,37,149,Polk,,0
2024,mar,37,039,Cherokee,,0
2024,mar,37,113,Macon,,0
2024,mar,37,009,Ashe,,0
2024,mar,37,123,Montgomery,0.70165,2
2024,mar,37,043,Clay,,0
2024,mar,37,121,Mitchell,,0
2024,mar,37,199,Yancey,,0
2024,mar,37,189,Watauga,,0
2024,mar,37,099,Jackson,,0
2024,mar,37,161,Rutherford,,0
2024,mar,37,193,Wilkes,,0
2024,mar,37,125,Moore,0.6796022727272727,22
2024,mar,37,153,Richmond,0.5866666666666667,15
2024,mar,37,093,Hoke,0.5595333333333333,3
2024,mar,37,165,Scotland,0.5814257575757577,33
2024,mar,37,155,Robeson,0.6870171428571429,35
2024,mar,37,001,Alamance,0.6324306005398111,18
2024,mar,37,151,Randolph,0.6606805555555555,18
2024,mar,37,081,Guilford,0.6662500350508239,34
2024,mar,37,157,Rockingham,0.6169342105263159,19
2024,mar,37,171,Surry,0.5872307617187501,9
2024,mar,37,057,Davidson,0.6222500000000001,1
2024,mar,37,169,Stokes,0.6280000000000001,2
2024,mar,37,067,Forsyth,,0
2024,mar,37,197,Yadkin,0.7037390066225165,5
2024,mar,37,059,Davie,,0
2024,mar,37,027,Caldwell,0.64905,6
2024,mar,37,003,Alexander,0.6139,1
2024,mar,37,035,Catawba,0.6613153846153845,26
2024,mar,37,023,Burke,0.71465,1
2024,mar,37,111,McDowell,,0
2024,mar,37,029,Camden,0.62195,2
2024,mar,37,139,Pasquotank,0.6211000000000001,17
2024,mar,37,143,Perquimans,0.5382528455284553,3
2024,mar,37,177,Tyrrell,0.5747125,4
2024,mar,37,055,Dare,,0
2024,mar,37,073,Gates,,0
2024,mar,37,053,Currituck,0.5721961538461537,52
2024,mar,37,019,Brunswick,0.6936888888888889,9
2024,mar,37,031,Carteret,,0
2024,mar,37,137,Pamlico,,0
2024,mar,37,049,Craven,0.8431500000000001,1
2024,mar,37,103,Jones,0.38095,4
2024,mar,37,085,Harnett,0.6658875000000002,20
2024,mar,37,063,Durham,,0
2024,mar,37,145,Person,,0
2024,mar,37,135,Orange,0.6581625000000001,12
2024,mar,37,181,Vance,0.6744083333333334,6
2024,mar,37,077,Granville,0.6491722222222223,9
2024,mar,37,069,Franklin,0.6772098494353826,4
2024,mar,37,101,Johnston,0.7027916666666668,6
2024,mar,37,183,Wake,0.509475,6
2024,mar,37,105,Lee,0.605025,2
2024,mar,37,131,Northampton,0.7346978342263251,61
2024,mar,37,083,Halifax,0.6713999999999999,63
2024,mar,37,127,Nash,0.6451833333333333,3
2024,mar,37,065,Edgecombe,0.7142975,20
2024,mar,37,195,Wilson,0.64995,11
2024,mar,37,163,Sampson,0.7336566666666666,15
2024,mar,37,185,Warren,0.6742138920293951,14
2024,mar,37,187,Washington,0.5312,2
2024,mar,37,061,Duplin,0.7061285714285714,28
2024,mar,37,091,Hertford,0.6835375000000001,4
2024,mar,37,017,Bladen,0.68346,5
2024,mar,37,095,Hyde,0.77325,1
2024,mar,37,015,Bertie,0.7353413793103448,29
2024,mar,37,079,Greene,0.7177125000000001,4
2024,mar,37,041,Chowan,0.5900102119460502,7
2024,mar,37,117,Martin,0.6238,4
2024,mar,37,047,Columbus,0.7131875,12
2024,mar,37,191,Wayne,0.6363333333333333,3
2024,mar,37,133,Onslow,0.46995000000000003,1
2024,mar,37,107,Lenoir,0.7017,1
2024,mar,37,129,New Hanover,,0
2024,mar,37,141,Pender,,0
2024,mar,37,051,Cumberland,0.579975,2
2024,mar,37,147,Pitt,0.7448684210526316,19
2024,mar,37,013,Beaufort,0.7904538461538462,13
2025,mar,17,121,Marion,0.5171448092557849,38
2025,mar,17,005,Bond,0.525774512534819,29
2025,mar,17,083,Jersey,0.5089023255813955,43
2025,mar,17,163,St. Clair,0.5479357860976568,153
2025,mar,17,027,Clinton,0.5671580773042617,74
2025,mar,17,013,Calhoun,0.46521428571428575,56
2025,mar,17,119,Madison,0.48875212150758157,120
2025,mar,17,133,Monroe,0.5270181513769414,70
2025,mar,17,117,Macoupin,0.47382518248175176,137
2025,mar,17,171,Scott,0.42222,10
2025,mar,17,137,Morgan,0.4600513825374883,148
2025,mar,17,107,Logan,0.36510545454545457,55
2025,mar,17,129,Menard,0.5076945716745586,139
2025,mar,17,167,Sangamon,0.4329726323250154,147
2025,mar,17,021,Christian,0.44765016621852843,82
2025,mar,17,127,Massac,0.5551500000000001,3
2025,mar,17,057,Fulton,0.36873793837788843,217
2025,mar,17,175,Stark,0.30754609375000014,64
2025,mar,17,203,Woodford,0.33866735699039496,370
2025,mar,17,179,Tazewell,0.3668138430395518,179
2025,mar,17,123,Marshall,0.41462887632251005,44
2025,mar,17,143,Peoria,0.383568332115806,103
2025,mar,17,001,Adams,0.47015688212426715,241
2025,mar,17,177,Stephenson,0.30520209693359124,284
2025,mar,17,141,Ogle,0.3441676016260162,381
2025,mar,17,201,Winnebago,0.33320286639991487,445
2025,mar,17,007,Boone,0.3247435610106819,389
2025,mar,17,025,Clay,0.5479972446730347,54
2025,mar,17,185,Wabash,0.6115666666666667,3
2025,mar,17,009,Brown,0.4375886082379018,85
2025,mar,17,151,Pope,0.5756,33
2025,mar,17,033,Crawford,0.612955152991722,78
2025,mar,17,135,Montgomery,0.5164763679987098,98
2025,mar,17,055,Franklin,0.573018837452596,90
2025,mar,17,023,Clark,0.43961562499999995,32
2025,mar,17,059,Gallatin,,0
2025,mar,17,075,Iroquois,0.31816075813640576,282
2025,mar,17,041,Douglas,0.40494922677392925,101
2025,mar,17,189,Washington,0.5686787743884801,123
2025,mar,17,159,Richland,0.5612365384615386,26
2025,mar,17,065,Hamilton,0.577574859738178,46
2025,mar,17,193,White,0.5552263157894738,19
2025,mar,17,169,Schuyler,0.4101542824424184,91
2025,mar,17,181,Union,0.5978060304507912,40
2025,mar,17,085,Jo Daviess,0.3245964211161109,170
2025,mar,17,125,Mason,0.40234002644709216,145
2025,mar,17,191,Wayne,0.5654606369577199,100
2025,mar,17,069,Hardin,,0
2025,mar,17,061,Greene,0.5043857142857141,56
2025,mar,17,157,Randolph,0.5746287991956335,82
2025,mar,17,149,Pike,0.4301005154639176,97
2025,mar,17,145,Perry,0.5592029411764708,85
2025,mar,17,087,Johnson,0.6330494791666668,23
2025,mar,17,173,Shelby,0.4371273862855572,143
2025,mar,17,051,Fayette,0.5231497940783616,72
2025,mar,17,139,Moultrie,0.3885059329120981,43
2025,mar,17,017,Cass,0.483116367729286,112
2025,mar,17,015,Carroll,0.33030008659903703,209
2025,mar,17,047,Edwards,0.6330330852865165,45
2025,mar,17,079,Jasper,0.5050896551724138,29
2025,mar,17,187,Warren,0.3170473684210526,19
2025,mar,17,153,Pulaski,0.638656976744186,43
2025,mar,17,165,Saline,0.526606,25
2025,mar,17,101,Lawrence,0.525329906777526,36
2025,mar,17,045,Edgar,0.4252946635267821,50
2025,mar,17,071,Henderson,0.3589196745007763,74
2025,mar,17,199,Williamson,0.5821551166646926,67
2025,mar,17,077,Jackson,0.5978611122149917,316
2025,mar,17,147,Piatt,0.37520582132945696,62
2025,mar,17,053,Ford,0.3066112601888469,200
2025,mar,17,019,Champaign,0.35784724584460764,204
2025,mar,17,029,Coles,0.40987123287671234,73
2025,mar,17,035,Cumberland,0.5117020904680367,56
2025,mar,17,183,Vermilion,0.32082791386364024,230
2025,mar,17,115,Macon,0.4205296644629065,136
2025,mar,17,049,Effingham,0.5171267944778244,89
2025,mar,17,067,Hancock,0.39898386890438914,129
2025,mar,17,095,Knox,0.2817209523809524,105
2025,mar,17,109,McDonough,0.373967474489796,58
2025,mar,17,081,Jefferson,0.5306190222615246,102
2025,mar,17,113,McLean,0.3305417696751351,129
2025,mar,17,039,De Witt,0.33518515459551035,95
2025,mar,17,105,Livingston,0.334924880536224,370
2025,mar,17,003,Alexander,0.6628916666666668,6
2025,mar,17,093,Kendall,0.37139549819325485,121
2025,mar,17,031,Cook,0.30950312500000005,16
2025,mar,17,037,DeKalb,0.33476951544195993,946
2025,mar,17,089,Kane,0.34203579452799426,199
2025,mar,17,063,Grundy,0.29416388888888895,36
2025,mar,17,111,McHenry,0.31846739952818226,472
2025,mar,17,197,Will,0.3250822820802225,272
2025,mar,17,043,DuPage,0.32800833333333335,6
2025,mar,17,097,Lake,0.28198182267452504,108
2025,mar,17,091,Kankakee,0.33654984514833736,369
2025,mar,17,011,Bureau,0.35821054989905476,271
2025,mar,17,155,Putnam,0.3591047619047619,42
2025,mar,17,099,LaSalle,0.3391388578307919,285
2025,mar,17,131,Mercer,0.36591481481481475,27
2025,mar,17,161,Rock Island,0.31268958333333347,48
2025,mar,17,073,Henry,0.31740930232558145,43
2025,mar,17,103,Lee,0.35713175282751053,179
2025,mar,17,195,Whiteside,0.34621283464286984,224
2025,mar,31,043,Dakota,0.23511428571428575,14
2025,mar,31,051,Dixon,0.2536142857142857,21
2025,mar,31,053,Dodge,0.28537436006825945,45
2025,mar,31,025,Cass,0.29572078402366864,30
2025,mar,31,055,Douglas,0.23722380952380953,21
2025,mar,31,153,Sarpy,0.2263,13
2025,mar,31,155,Saunders,0.2708051401869158,107
2025,mar,31,177,Washington,0.24329242424242425,33
2025,mar,31,067,Gage,0.39099665427509334,269
2025,mar,31,109,Lancaster,0.3277013713050159,138
2025,mar,31,159,Seward,0.3029333333333334,30
2025,mar,31,139,Pierce,0.24286111859838272,74
2025,mar,31,119,Madison,0.272528,25
2025,mar,31,167,Stanton,0.25997295081967214,61
2025,mar,31,117,McPherson,0.352095,10
2025,mar,31,111,Lincoln,0.34943789025718663,646
2025,mar,31,113,Logan,0.406585294117647,34
2025,mar,31,007,Banner,0.2792815185565093,3134
2025,mar,31,157,Scotts Bluff,0.25967656707402065,517
2025,mar,31,165,Sioux,0.2857127442740071,151
2025,mar,31,039,Cuming,0.25980939438161255,11
2025,mar,31,129,Nuckolls,0.3107333145859488,553
2025,mar,31,101,Keith,0.3278145059013992,1524
2025,mar,31,137,Phelps,0.45724546962941326,271
2025,mar,31,181,Webster,0.30338266690868865,919
2025,mar,31,015,Boyd,0.2715397959183673,49
2025,mar,31,171,Thomas,,0
2025,mar,31,089,Holt,0.330075806451613,62
2025,mar,31,017,Brown,,0
2025,mar,31,103,Keya Paha,,0
2025,mar,31,077,Greeley,,0
2025,mar,31,095,Jefferson,0.37830346968733536,507
2025,mar,31,151,Saline,0.32385743686438145,197
2025,mar,31,057,Dundy,0.4712058866503393,2161
2025,mar,31,131,Otoe,0.3215278225806452,124
2025,mar,31,087,Hitchcock,0.4603883860266019,4080
2025,mar,31,105,Kimball,0.250316397435444,6136
2025,mar,31,127,Nemaha,0.4043326923076923,52
2025,mar,31,041,Custer,0.3186355013849056,161
2025,mar,31,143,Polk,0.38885000000000003,15
2025,mar,31,045,Dawes,0.24099629093070754,944
2025,mar,31,179,Wayne,0.2822766666666667,15
2025,mar,31,071,Garfield,,0
2025,mar,31,013,Box Butte,0.3083982773059958,5687
2025,mar,31,173,Thurston,0.2948,12
2025,mar,31,011,Boone,0.367475,2
2025,mar,31,145,Red Willow,0.4382031419393581,3646
2025,mar,31,149,Rock,,0
2025,mar,31,005,Arthur,0.2629,4
2025,mar,31,085,Hayes,0.4421179435516353,1955
2025,mar,31,097,Johnson,0.36912526881720426,93
2025,mar,31,003,Antelope,0.4130620967741935,62
2025,mar,31,163,Sherman,0.29567499999999997,10
2025,mar,31,161,Sheridan,0.2636999601604996,1789
2025,mar,31,133,Pawnee,0.38957715006581833,72
2025,mar,31,075,Grant,,0
2025,mar,31,021,Burt,,0
2025,mar,31,009,Blaine,,0
2025,mar,31,027,Cedar,0.24958529411764707,17
2025,mar,31,169,Thayer,0.3357394446951269,404
2025,mar,31,049,Deuel,0.31955784885282135,4145
2025,mar,31,123,Morrill,0.33756806198695744,1373
2025,mar,31,115,Loup,0.2237,2
2025,mar,31,063,Frontier,0.3922673621584422,2065
2025,mar,31,125,Nance,0.3679084551931009,33
2025,mar,31,107,Knox,0.2618433910162003,57
2025,mar,31,135,Perkins,0.3615267747863141,4710
2025,mar,31,037,Colfax,0.2940002212784181,111
2025,mar,31,023,Butler,0.3059432203389831,59
2025,mar,31,031,Cherry,0.22898648648648648,37
2025,mar,31,183,Wheeler,0.3344701219512196,82
2025,mar,31,061,Franklin,0.29684572573463985,421
2025,mar,31,029,Chase,0.4810879605662032,2869
2025,mar,31,059,Fillmore,0.30724336734693863,98
2025,mar,31,185,York,0.3194446428571429,28
2025,mar,31,035,Clay,0.3094644422434072,97
2025,mar,31,033,Cheyenne,0.30745488485945965,10421
2025,mar,31,069,Garden,0.30156043513975467,1965
2025,mar,31,083,Harlan,0.29001044780951474,914
2025,mar,31,091,Hooker,,0
2025,mar,31,147,Richardson,0.4262497554736286,53
2025,mar,31,065,Furnas,0.433840332964316,2054
2025,mar,31,175,Valley,0.278475,20
2025,mar,31,141,Platte,0.27376956521739126,23
2025,mar,31,121,Merrick,0.33830445705024315,28
2025,mar,31,079,Hall,0.41025416166835843,43
2025,mar,31,081,Hamilton,0.35064074074074064,54
2025,mar,31,093,Howard,0.3117873134328359,67
2025,mar,31,001,Adams,0.27059499292786426,90
2025,mar,31,099,Kearney,0.3321448738411609,300
2025,mar,31,019,Buffalo,0.38165593921095925,175
2025,mar,31,073,Gosper,0.34206690585218424,439
2025,mar,31,047,Dawson,0.366402090685988,174
2025,mar,37,037,Chatham,0.6276854166666667,24
2025,mar,37,115,Madison,,0
2025,mar,37,087,Haywood,,0
2025,mar,37,021,Buncombe,,0
2025,mar,37,089,Henderson,,0
2025,mar,37,175,Transylvania,,0
2025,mar,37,167,Stanly,0.6284852459016393,12
2025,mar,37,109,Lincoln,0.6594892857142857,42
2025,mar,37,159,Rowan,0.6555318181818182,33
2025,mar,37,025,Cabarrus,0.66091,10
2025,mar,37,097,Iredell,0.5584305555555555,18
2025,mar,37,071,Gaston,0.5979666666666666,3
2025,mar,37,179,Union,0.7657761261261263,111
2025,mar,37,119,Mecklenburg,0.5301500000000001,4
2025,mar,37,045,Cleveland,0.639679411764706,34
2025,mar,37,005,Alleghany,,0
2025,mar,37,173,Swain,,0
2025,mar,37,011,Avery,,0
2025,mar,37,033,Caswell,0.5234072916666667,48
2025,mar,37,075,Graham,,0
2025,mar,37,007,Anson,0.6943817953165659,114
2025,mar,37,149,Polk,,0
2025,mar,37,039,Cherokee,,0
2025,mar,37,113,Macon,,0
2025,mar,37,009,Ashe,,0
2025,mar,37,123,Montgomery,0.66805,2
2025,mar,37,043,Clay,,0
2025,mar,37,121,Mitchell,,0
2025,mar,37,199,Yancey,,0
2025,mar,37,189,Watauga,,0
2025,mar,37,099,Jackson,,0
2025,mar,37,161,Rutherford,0.5659500000000001,1
2025,mar,37,193,Wilkes,0.47599,5
2025,mar,37,125,Moore,0.5604781818181818,55
2025,mar,37,153,Richmond,0.6566447916666668,48
2025,mar,37,093,Hoke,0.6528451219512196,41
2025,mar,37,165,Scotland,0.575725,8
2025,mar,37,155,Robeson,0.6197590403932464,56
2025,mar,37,001,Alamance,0.5377276983588228,99
2025,mar,37,151,Randolph,0.5930177275304791,28
2025,mar,37,081,Guilford,0.554941618215426,118
2025,mar,37,157,Rockingham,0.5252590448239061,111
2025,mar,37,171,Surry,0.45849166666666674,12
2025,mar,37,057,Davidson,0.5280805555555556,18
2025,mar,37,169,Stokes,0.48584642857142857,14
2025,mar,37,067,Forsyth,0.5021518971848224,4
2025,mar,37,197,Yadkin,0.5189318181818182,11
2025,mar,37,059,Davie,0.64835,9
2025,mar,37,027,Caldwell,0.49763888888888896,9
2025,mar,37,003,Alexander,0.5221166666666667,3
2025,mar,37,035,Catawba,0.5919733333333336,30
2025,mar,37,023,Burke,0.5597,1
2025,mar,37,111,McDowell,0.5599125,4
2025,mar,37,029,Camden,0.5970466666666667,15
2025,mar,37,139,Pasquotank,0.5799807692307694,26
2025,mar,37,143,Perquimans,0.6038285714285715,21
2025,mar,37,177,Tyrrell,0.702157511581734,7
2025,mar,37,055,Dare,,0
2025,mar,37,073,Gates,0.6315291666666667,12
2025,mar,37,053,Currituck,0.58833125,8
2025,mar,37,019,Brunswick,0.6729562499999999,8
2025,mar,37,031,Carteret,0.66745,1
2025,mar,37,137,Pamlico,,0
2025,mar,37,049,Craven,,0
2025,mar,37,103,Jones,0.6856326086956523,23
2025,mar,37,085,Harnett,0.5847394736842105,57
2025,mar,37,063,Durham,0.5355070500927643,13
2025,mar,37,145,Person,0.5533787576212778,179
2025,mar,37,135,Orange,0.5420541204220982,161
2025,mar,37,181,Vance,0.5608290491803279,42
2025,mar,37,077,Granville,0.5426018767476877,146
2025,mar,37,069,Franklin,0.5863777388019428,89
2025,mar,37,101,Johnston,0.5864307660540988,57
2025,mar,37,183,Wake,0.5480173199874225,76
2025,mar,37,105,Lee,0.579272093023256,43
2025,mar,37,131,Northampton,0.6218906854451507,87
2025,mar,37,083,Halifax,0.6092660493827162,81
2025,mar,37,127,Nash,0.575692105263158,19
2025,mar,37,065,Edgecombe,0.5753536842105264,95
2025,mar,37,195,Wilson,0.6207323529411763,68
2025,mar,37,163,Sampson,0.6749666019320782,119
2025,mar,37,185,Warren,0.5596207756772559,21
2025,mar,37,187,Washington,0.5923875000000001,8
2025,mar,37,061,Duplin,0.6758020491803276,122
2025,mar,37,091,Hertford,0.6144424242424242,33
2025,mar,37,017,Bladen,0.6753803298717167,39
2025,mar,37,095,Hyde,0.6675749042145593,4
2025,mar,37,015,Bertie,0.6269959742173112,54
2025,mar,37,079,Greene,0.5060875,4
2025,mar,37,041,Chowan,0.6093137096774195,62
2025,mar,37,117,Martin,0.6053811658003607,74
2025,mar,37,047,Columbus,0.6206485714285714,35
2025,mar,37,191,Wayne,0.5522254262416606,16
2025,mar,37,133,Onslow,0.6662409090909092,11
2025,mar,37,107,Lenoir,,0
2025,mar,37,129,New Hanover,,0
2025,mar,37,141,Pender,0.6993565092811762,33
2025,mar,37,051,Cumberland,0.6541386363636363,44
2025,mar,37,147,Pitt,0.612583195177091,79
2025,mar,37,013,Beaufort,0.6519199999999999,10
2010,apr,17,121,Marion,0.60839,5
2010,apr,17,005,Bond,0.635025,4
2010,apr,17,083,Jersey,0.66575,3
2010,apr,17,163,St. Clair,0.591034090909091,22
2010,apr,17,027,Clinton,0.6500125000000001,20
2010,apr,17,013,Calhoun,0.61565,3
2010,apr,17,119,Madison,0.5969952380952382,21
2010,apr,17,133,Monroe,0.6053875,24
2010,apr,17,117,Macoupin,0.5859633179368746,17
2010,apr,17,171,Scott,0.5968166666666667,3
2010,apr,17,137,Morgan,0.5081885972716489,14
2010,apr,17,107,Logan,0.42757500000000004,10
2010,apr,17,129,Menard,0.5312428571428572,42
2010,apr,17,167,Sangamon,0.5203053778658364,29
2010,apr,17,021,Christian,0.5879220961281708,45
2010,apr,17,127,Massac,,0
2010,apr,17,057,Fulton,0.6320045454545455,22
2010,apr,17,175,Stark,0.6060153374233128,4
2010,apr,17,203,Woodford,0.5481414893617021,47
2010,apr,17,179,Tazewell,0.5217832928764824,43
2010,apr,17,123,Marshall,0.6011934782608697,23
2010,apr,17,143,Peoria,0.5737857142857143,21
2010,apr,17,001,Adams,0.5488171428571429,35
2010,apr,17,177,Stephenson,0.549039272261564,79
2010,apr,17,141,Ogle,0.505647619047619,126
2010,apr,17,201,Winnebago,0.5207269307544051,171
2010,apr,17,007,Boone,0.4876858974358974,78
2010,apr,17,025,Clay,0.64255,4
2010,apr,17,185,Wabash,0.5687,1
2010,apr,17,009,Brown,0.600532142857143,14
2010,apr,17,151,Pope,,0
2010,apr,17,033,Crawford,0.40800000000000003,1
2010,apr,17,135,Montgomery,0.5795093750000001,16
2010,apr,17,055,Franklin,0.7257375,4
2010,apr,17,023,Clark,0.577104347826087,23
2010,apr,17,059,Gallatin,0.7829750000000001,2
2010,apr,17,075,Iroquois,0.5717943554310898,173
2010,apr,17,041,Douglas,0.5777833333333334,3
2010,apr,17,189,Washington,0.6171450000000003,30
2010,apr,17,159,Richland,0.7182,2
2010,apr,17,065,Hamilton,,0
2010,apr,17,193,White,0.61828,5
2010,apr,17,169,Schuyler,0.5911166666666666,24
2010,apr,17,181,Union,,0
2010,apr,17,085,Jo Daviess,0.57304,10
2010,apr,17,125,Mason,0.5509638456792845,89
2010,apr,17,191,Wayne,,0
2010,apr,17,069,Hardin,,0
2010,apr,17,061,Greene,0.5396419621434284,15
2010,apr,17,157,Randolph,0.5455812500000001,8
2010,apr,17,149,Pike,0.6139841666666667,60
2010,apr,17,145,Perry,0.7163153846153847,13
2010,apr,17,087,Johnson,,0
2010,apr,17,173,Shelby,0.6030811320754718,53
2010,apr,17,051,Fayette,0.725408064516129,31
2010,apr,17,139,Moultrie,0.6298015367727772,18
2010,apr,17,017,Cass,0.5088402777777778,36
2010,apr,17,015,Carroll,0.53747578125,64
2010,apr,17,047,Edwards,,0
2010,apr,17,079,Jasper,0.5195105298913043,3
2010,apr,17,187,Warren,0.54365,3
2010,apr,17,153,Pulaski,,0
2010,apr,17,165,Saline,0.6565500000000001,3
2010,apr,17,101,Lawrence,0.7248833333333334,3
2010,apr,17,045,Edgar,0.5701442307692309,26
2010,apr,17,071,Henderson,0.5440205882352941,17
2010,apr,17,199,Williamson,,0
2010,apr,17,077,Jackson,0.4781833333333334,3
2010,apr,17,147,Piatt,0.5361088356729975,25
2010,apr,17,053,Ford,0.5223759546905697,64
2010,apr,17,019,Champaign,0.5376402268355773,60
2010,apr,17,029,Coles,0.629616993957704,45
2010,apr,17,035,Cumberland,0.5733847222222223,36
2010,apr,17,183,Vermilion,0.5872690659046259,66
2010,apr,17,115,Macon,0.5278229166666667,24
2010,apr,17,049,Effingham,0.6418489130434785,46
2010,apr,17,067,Hancock,0.6115160000000001,25
2010,apr,17,095,Knox,0.5911428571428571,7
2010,apr,17,109,McDonough,0.591807142857143,7
2010,apr,17,081,Jefferson,0.727075,4
2010,apr,17,113,McLean,0.529129048582996,24
2010,apr,17,039,De Witt,0.477125,2
2010,apr,17,105,Livingston,0.5481215976331362,169
2010,apr,17,003,Alexander,,0
2010,apr,17,093,Kendall,0.5160029591836738,68
2010,apr,17,031,Cook,0.43166000000000004,5
2010,apr,17,037,DeKalb,0.5282996869377476,166
2010,apr,17,089,Kane,0.513427510093498,150
2010,apr,17,063,Grundy,0.5271206492456896,15
2010,apr,17,111,McHenry,0.5951338955144178,178
2010,apr,17,197,Will,0.5463155928846372,211
2010,apr,17,043,DuPage,0.47690000000000005,1
2010,apr,17,097,Lake,0.5396732753164558,65
2010,apr,17,091,Kankakee,0.580217292007785,255
2010,apr,17,011,Bureau,0.5483222673893405,19
2010,apr,17,155,Putnam,0.5064690697674419,9
2010,apr,17,099,LaSalle,0.5583671386769776,77
2010,apr,17,131,Mercer,0.567619236016371,12
2010,apr,17,161,Rock Island,0.5582901340753857,17
2010,apr,17,073,Henry,0.5440925000000001,20
2010,apr,17,103,Lee,0.5159590163934425,61
2010,apr,17,195,Whiteside,0.6194627118644069,59
2010,apr,31,043,Dakota,0.25785,1
2010,apr,31,051,Dixon,0.5254,1
2010,apr,31,053,Dodge,0.393552,25
2010,apr,31,025,Cass,0.4433158134808091,84
2010,apr,31,055,Douglas,0.43676296296296296,27
2010,apr,31,153,Sarpy,0.3670961538461539,26
2010,apr,31,155,Saunders,0.4342175213675214,117
2010,apr,31,177,Washington,0.35081875,8
2010,apr,31,067,Gage,0.5317222609115457,1364
2010,apr,31,109,Lancaster,0.4865734161080773,305
2010,apr,31,159,Seward,0.4953753123198154,82
2010,apr,31,139,Pierce,0.5369884615384614,39
2010,apr,31,119,Madison,0.4481596153846155,78
2010,apr,31,167,Stanton,0.4415489699786458,32
2010,apr,31,117,McPherson,0.36250000000000004,1
2010,apr,31,111,Lincoln,0.43912897098798753,1676
2010,apr,31,113,Logan,0.44034500000000004,30
2010,apr,31,007,Banner,0.35300903972015146,2487
2010,apr,31,157,Scotts Bluff,0.36760140330172686,589
2010,apr,31,165,Sioux,0.3916550610009131,239
2010,apr,31,039,Cuming,0.4479562782557971,54
2010,apr,31,129,Nuckolls,0.5223638638899378,2682
2010,apr,31,101,Keith,0.40141066261327035,3857
2010,apr,31,137,Phelps,0.47271658880826917,201
2010,apr,31,181,Webster,0.5010293791725812,2412
2010,apr,31,015,Boyd,0.5695689710610929,311
2010,apr,31,171,Thomas,,0
2010,apr,31,089,Holt,0.5234760593220334,236
2010,apr,31,017,Brown,0.46685000000000004,1
2010,apr,31,103,Keya Paha,0.6126306795335749,15
2010,apr,31,077,Greeley,0.4324368421052632,19
2010,apr,31,095,Jefferson,0.5362733897313184,992
2010,apr,31,151,Saline,0.5085900071863426,673
2010,apr,31,057,Dundy,0.4362918945127346,3100
2010,apr,31,131,Otoe,0.4809448145298099,229
2010,apr,31,087,Hitchcock,0.4866774070830327,5807
2010,apr,31,105,Kimball,0.30790011044803495,5537
2010,apr,31,127,Nemaha,0.4298407511632443,142
2010,apr,31,041,Custer,0.4157647125563218,363
2010,apr,31,143,Polk,0.4277804687500002,64
2010,apr,31,045,Dawes,0.40128601500627803,3221
2010,apr,31,179,Wayne,0.44,3
2010,apr,31,071,Garfield,0.4808583333333332,12
2010,apr,31,013,Box Butte,0.38084539772857906,9052
2010,apr,31,173,Thurston,0.4130292452830188,53
2010,apr,31,011,Boone,0.46334571428571425,35
2010,apr,31,145,Red Willow,0.5013627318260472,4790
2010,apr,31,149,Rock,0.5726562500000001,8
2010,apr,31,005,Arthur,0.43960000000000005,1
2010,apr,31,085,Hayes,0.45064048579143595,2983
2010,apr,31,097,Johnson,0.5198107074299909,144
2010,apr,31,003,Antelope,0.4912487292921687,64
2010,apr,31,163,Sherman,0.5265371765249537,51
2010,apr,31,161,Sheridan,0.39721634792868515,4806
2010,apr,31,133,Pawnee,0.5257184992186076,394
2010,apr,31,075,Grant,,0
2010,apr,31,021,Burt,0.42647058823529416,17
2010,apr,31,009,Blaine,0.40701666666666664,3
2010,apr,31,027,Cedar,0.527705128205128,39
2010,apr,31,169,Thayer,0.5271585180725454,1670
2010,apr,31,049,Deuel,0.42619571031522513,6822
2010,apr,31,123,Morrill,0.4157630833883273,2167
2010,apr,31,115,Loup,0.4510540983606559,61
2010,apr,31,063,Frontier,0.4886287986540969,3642
2010,apr,31,125,Nance,0.4623612658785924,144
2010,apr,31,107,Knox,0.5572933882566504,171
2010,apr,31,135,Perkins,0.4163745419379513,8589
2010,apr,31,037,Colfax,0.3980120689655174,58
2010,apr,31,023,Butler,0.4019119402985074,67
2010,apr,31,031,Cherry,0.4237098702953966,54
2010,apr,31,183,Wheeler,0.5447333333333333,9
2010,apr,31,061,Franklin,0.49237270153981944,1257
2010,apr,31,029,Chase,0.44341999492559475,3592
2010,apr,31,059,Fillmore,0.5081618033061545,212
2010,apr,31,185,York,0.4504298604960141,54
2010,apr,31,035,Clay,0.5020069527863372,304
2010,apr,31,033,Cheyenne,0.3858724974344638,15236
2010,apr,31,069,Garden,0.4026252978731996,3903
2010,apr,31,083,Harlan,0.5321209832262481,2333
2010,apr,31,091,Hooker,0.664475,2
2010,apr,31,147,Richardson,0.45280980445990054,131
2010,apr,31,065,Furnas,0.5179788498081027,4446
2010,apr,31,175,Valley,0.48711101694915243,59
2010,apr,31,141,Platte,0.45068529411764696,170
2010,apr,31,121,Merrick,0.5116886194929142,42
2010,apr,31,079,Hall,0.4557945116781007,51
2010,apr,31,081,Hamilton,0.4422000000000002,133
2010,apr,31,093,Howard,0.5182304833623315,73
2010,apr,31,001,Adams,0.44800005188893977,435
2010,apr,31,099,Kearney,0.44559029452656246,541
2010,apr,31,019,Buffalo,0.49871287899860917,282
2010,apr,31,073,Gosper,0.4956859432889402,1013
2010,apr,31,047,Dawson,0.45833434348483504,325
2010,apr,37,037,Chatham,0.7420610038610039,6
2010,apr,37,115,Madison,,0
2010,apr,37,087,Haywood,0.39375000000000004,1
2010,apr,37,021,Buncombe,,0
2010,apr,37,089,Henderson,,0
2010,apr,37,175,Transylvania,,0
2010,apr,37,167,Stanly,0.7047806451612902,31
2010,apr,37,109,Lincoln,0.7606078947368422,19
2010,apr,37,159,Rowan,0.7283499999999999,3
2010,apr,37,025,Cabarrus,0.6909125,4
2010,apr,37,097,Iredell,0.6960352413793105,15
2010,apr,37,071,Gaston,0.7418450000000001,10
2010,apr,37,179,Union,0.7401582538044881,16
2010,apr,37,119,Mecklenburg,0.741325,2
2010,apr,37,045,Cleveland,0.7109111111111113,9
2010,apr,37,005,Alleghany,,0
2010,apr,37,173,Swain,,0
2010,apr,37,011,Avery,,0
2010,apr,37,033,Caswell,0.6374928571428572,14
2010,apr,37,075,Graham,,0
2010,apr,37,007,Anson,0.7065833333333335,3
2010,apr,37,149,Polk,0.7625000000000001,1
2010,apr,37,039,Cherokee,,0
2010,apr,37,113,Macon,0.6592,1
2010,apr,37,009,Ashe,,0
2010,apr,37,123,Montgomery,,0
2010,apr,37,043,Clay,,0
2010,apr,37,121,Mitchell,,0
2010,apr,37,199,Yancey,,0
2010,apr,37,189,Watauga,,0
2010,apr,37,099,Jackson,0.5695333333333333,3
2010,apr,37,161,Rutherford,0.7300500000000001,1
2010,apr,37,193,Wilkes,,0
2010,apr,37,125,Moore,0.5306833333333334,9
2010,apr,37,153,Richmond,0.573275,2
2010,apr,37,093,Hoke,0.6523833333333333,6
2010,apr,37,165,Scotland,0.4696660839160839,2
2010,apr,37,155,Robeson,0.574779347826087,7
2010,apr,37,001,Alamance,0.6725386187037207,43
2010,apr,37,151,Randolph,0.7178571428571427,14
2010,apr,37,081,Guilford,0.6574947368421052,19
2010,apr,37,157,Rockingham,0.6192291642505073,55
2010,apr,37,171,Surry,,0
2010,apr,37,057,Davidson,0.7186499999999999,3
2010,apr,37,169,Stokes,0.6698499999999998,18
2010,apr,37,067,Forsyth,0.6362000000000001,4
2010,apr,37,197,Yadkin,,0
2010,apr,37,059,Davie,0.7511833333333334,3
2010,apr,37,027,Caldwell,0.7129500000000001,1
2010,apr,37,003,Alexander,0.7913786284136239,13
2010,apr,37,035,Catawba,0.7184928571428573,7
2010,apr,37,023,Burke,,0
2010,apr,37,111,McDowell,,0
2010,apr,37,029,Camden,0.64319,5
2010,apr,37,139,Pasquotank,0.5946402777777777,36
2010,apr,37,143,Perquimans,0.6536535714285715,14
2010,apr,37,177,Tyrrell,0.44675000000000004,1
2010,apr,37,055,Dare,,0
2010,apr,37,073,Gates,,0
2010,apr,37,053,Currituck,,0
2010,apr,37,019,Brunswick,,0
2010,apr,37,031,Carteret,,0
2010,apr,37,137,Pamlico,,0
2010,apr,37,049,Craven,,0
2010,apr,37,103,Jones,0.7031214285714286,7
2010,apr,37,085,Harnett,0.5733,1
2010,apr,37,063,Durham,0.7939333333333334,3
2010,apr,37,145,Person,0.6875625000000001,16
2010,apr,37,135,Orange,0.7303169551534225,26
2010,apr,37,181,Vance,0.6013666666666667,3
2010,apr,37,077,Granville,0.6585389705882354,68
2010,apr,37,069,Franklin,0.7662423076923077,13
2010,apr,37,101,Johnston,0.31320000000000003,4
2010,apr,37,183,Wake,0.7116678571428573,14
2010,apr,37,105,Lee,,0
2010,apr,37,131,Northampton,0.5528500000000001,1
2010,apr,37,083,Halifax,0.675496,25
2010,apr,37,127,Nash,0.6662250000000001,2
2010,apr,37,065,Edgecombe,0.5444466666666667,15
2010,apr,37,195,Wilson,0.6829083333333333,6
2010,apr,37,163,Sampson,0.6312318181818182,11
2010,apr,37,185,Warren,,0
2010,apr,37,187,Washington,0.6462125000000001,4
2010,apr,37,061,Duplin,,0
2010,apr,37,091,Hertford,0.6744450000000001,10
2010,apr,37,017,Bladen,0.6570857142857144,7
2010,apr,37,095,Hyde,0.7235214285714288,49
2010,apr,37,015,Bertie,0.65491,45
2010,apr,37,079,Greene,,0
2010,apr,37,041,Chowan,0.6653820312499998,64
2010,apr,37,117,Martin,0.6057541666666667,24
2010,apr,37,047,Columbus,0.575725,2
2010,apr,37,191,Wayne,0.5736333333333333,3
2010,apr,37,133,Onslow,,0
2010,apr,37,107,Lenoir,0.6905428571428571,7
2010,apr,37,129,New Hanover,,0
2010,apr,37,141,Pender,,0
2010,apr,37,051,Cumberland,0.53355,6
2010,apr,37,147,Pitt,0.46825,1
2010,apr,37,013,Beaufort,0.744625,2
2011,apr,17,121,Marion,0.6543958208672201,189
2011,apr,17,005,Bond,0.6493558098946093,178
2011,apr,17,083,Jersey,0.618327361811994,67
2011,apr,17,163,St. Clair,0.6301919596655192,201
2011,apr,17,027,Clinton,0.6497227942792081,198
2011,apr,17,013,Calhoun,0.62603,30
2011,apr,17,119,Madison,0.6224634565173727,179
2011,apr,17,133,Monroe,0.6500416279455693,213
2011,apr,17,117,Macoupin,0.5998176716706619,282
2011,apr,17,171,Scott,0.5402855969964521,49
2011,apr,17,137,Morgan,0.5556178037521703,190
2011,apr,17,107,Logan,0.522202909812819,70
2011,apr,17,129,Menard,0.5393933656231855,149
2011,apr,17,167,Sangamon,0.5590572089369876,68
2011,apr,17,021,Christian,0.582044911220562,95
2011,apr,17,127,Massac,0.7159500000000001,2
2011,apr,17,057,Fulton,0.5974909458883685,139
2011,apr,17,175,Stark,0.5435096774193547,31
2011,apr,17,203,Woodford,0.5265828336231061,224
2011,apr,17,179,Tazewell,0.5509028240557804,309
2011,apr,17,123,Marshall,0.5689577085754125,85
2011,apr,17,143,Peoria,0.5817873170731708,205
2011,apr,17,001,Adams,0.5878538335079564,680
2011,apr,17,177,Stephenson,0.46408461849555105,296
2011,apr,17,141,Ogle,0.4805090698497641,384
2011,apr,17,201,Winnebago,0.4482859544159546,463
2011,apr,17,007,Boone,0.4225537623235797,402
2011,apr,17,025,Clay,0.6650024000000001,250
2011,apr,17,185,Wabash,,0
2011,apr,17,009,Brown,0.5604162423014923,96
2011,apr,17,151,Pope,,0
2011,apr,17,033,Crawford,0.6224895833333334,24
2011,apr,17,135,Montgomery,0.5774074502449811,184
2011,apr,17,055,Franklin,0.6499148148148147,27
2011,apr,17,023,Clark,0.6106763178794797,41
2011,apr,17,059,Gallatin,0.7674382978723406,47
2011,apr,17,075,Iroquois,0.5236867611121356,518
2011,apr,17,041,Douglas,0.5141546373365041,47
2011,apr,17,189,Washington,0.7090907720774285,620
2011,apr,17,159,Richland,0.6513399999999998,15
2011,apr,17,065,Hamilton,0.6427685800150263,133
2011,apr,17,193,White,0.6645,3
2011,apr,17,169,Schuyler,0.5930962217009994,194
2011,apr,17,181,Union,0.77475,2
2011,apr,17,085,Jo Daviess,0.47591730358836526,102
2011,apr,17,125,Mason,0.5294924670788697,336
2011,apr,17,191,Wayne,0.6494003107239602,223
2011,apr,17,069,Hardin,,0
2011,apr,17,061,Greene,0.5995168674218888,248
2011,apr,17,157,Randolph,0.7205951410075881,204
2011,apr,17,149,Pike,0.5866317683550346,292
2011,apr,17,145,Perry,0.7087349213235,201
2011,apr,17,087,Johnson,0.7673166666666668,3
2011,apr,17,173,Shelby,0.6156008114466801,248
2011,apr,17,051,Fayette,0.6376648610149372,201
2011,apr,17,139,Moultrie,0.5779852272727274,44
2011,apr,17,017,Cass,0.5189104916557591,96
2011,apr,17,015,Carroll,0.44752681056658544,123
2011,apr,17,047,Edwards,0.6302916666666667,12
2011,apr,17,079,Jasper,0.5658375,48
2011,apr,17,187,Warren,0.5482823334438185,38
2011,apr,17,153,Pulaski,0.7289,1
2011,apr,17,165,Saline,0.6807285714285716,7
2011,apr,17,101,Lawrence,0.6171388888888889,9
2011,apr,17,045,Edgar,0.549940913806698,95
2011,apr,17,071,Henderson,0.5395616066755828,68
2011,apr,17,199,Williamson,0.79085,1
2011,apr,17,077,Jackson,0.7190076923076923,26
2011,apr,17,147,Piatt,0.5887893401095096,125
2011,apr,17,053,Ford,0.521890718958663,407
2011,apr,17,019,Champaign,0.5358737744291634,242
2011,apr,17,029,Coles,0.5578221428571428,70
2011,apr,17,035,Cumberland,0.5677061224489796,49
2011,apr,17,183,Vermilion,0.5077934102498722,155
2011,apr,17,115,Macon,0.5528076388888891,72
2011,apr,17,049,Effingham,0.6369606788812179,134
2011,apr,17,067,Hancock,0.5840322442083877,358
2011,apr,17,095,Knox,0.5440874074074076,135
2011,apr,17,109,McDonough,0.555050189877788,114
2011,apr,17,081,Jefferson,0.6924026596966912,172
2011,apr,17,113,McLean,0.5175442085528981,235
2011,apr,17,039,De Witt,0.5261243439600954,37
2011,apr,17,105,Livingston,0.5069416200473114,596
2011,apr,17,003,Alexander,,0
2011,apr,17,093,Kendall,0.5199676452466384,110
2011,apr,17,031,Cook,0.47188666359021686,9
2011,apr,17,037,DeKalb,0.46773459074169754,472
2011,apr,17,089,Kane,0.4553813056314448,359
2011,apr,17,063,Grundy,0.5036491955862534,47
2011,apr,17,111,McHenry,0.4699296447226107,768
2011,apr,17,197,Will,0.5405517469047675,841
2011,apr,17,043,DuPage,0.40001428571428577,7
2011,apr,17,097,Lake,0.4097895345411696,111
2011,apr,17,091,Kankakee,0.5447123283908126,600
2011,apr,17,011,Bureau,0.5066104022815969,343
2011,apr,17,155,Putnam,0.5446164231509797,71
2011,apr,17,099,LaSalle,0.5040753484286293,301
2011,apr,17,131,Mercer,0.5616784090909092,44
2011,apr,17,161,Rock Island,0.4968058823529411,34
2011,apr,17,073,Henry,0.5224039062500002,128
2011,apr,17,103,Lee,0.4572053665817654,291
2011,apr,17,195,Whiteside,0.4887984649122806,228
2011,apr,31,043,Dakota,0.41625,2
2011,apr,31,051,Dixon,0.38305,2
2011,apr,31,053,Dodge,0.38537187500000003,16
2011,apr,31,025,Cass,0.4595538713326023,117
2011,apr,31,055,Douglas,0.45290625000000007,8
2011,apr,31,153,Sarpy,0.3949764095992544,17
2011,apr,31,155,Saunders,0.4484751018514784,100
2011,apr,31,177,Washington,0.33839444444444444,9
2011,apr,31,067,Gage,0.4825332460625947,1548
2011,apr,31,109,Lancaster,0.431205155838899,429
2011,apr,31,159,Seward,0.4221035890183027,120
2011,apr,31,139,Pierce,0.4793315273939197,50
2011,apr,31,119,Madison,0.37175555184690706,55
2011,apr,31,167,Stanton,0.4316444444444445,36
2011,apr,31,117,McPherson,0.554125,2
2011,apr,31,111,Lincoln,0.47873398538603906,1784
2011,apr,31,113,Logan,0.3851848115299334,108
2011,apr,31,007,Banner,0.37343220697082125,3768
2011,apr,31,157,Scotts Bluff,0.4490139099692342,1108
2011,apr,31,165,Sioux,0.4292403702802451,495
2011,apr,31,039,Cuming,0.4335692307692308,13
2011,apr,31,129,Nuckolls,0.46905820604812126,2970
2011,apr,31,101,Keith,0.4974031355527434,3333
2011,apr,31,137,Phelps,0.436653277524564,179
2011,apr,31,181,Webster,0.4812102714375969,2287
2011,apr,31,015,Boyd,0.4338380675410546,257
2011,apr,31,171,Thomas,0.36865000000000003,1
2011,apr,31,089,Holt,0.4620952290076333,262
2011,apr,31,017,Brown,,0
2011,apr,31,103,Keya Paha,0.3753714285714285,35
2011,apr,31,077,Greeley,0.41595,14
2011,apr,31,095,Jefferson,0.5018467317711959,998
2011,apr,31,151,Saline,0.47828933765267595,731
2011,apr,31,057,Dundy,0.5066164759597219,2930
2011,apr,31,131,Otoe,0.46011794105032416,331
2011,apr,31,087,Hitchcock,0.4884007382361139,4711
2011,apr,31,105,Kimball,0.3091471802405766,7191
2011,apr,31,127,Nemaha,0.46220938205294176,226
2011,apr,31,041,Custer,0.4044052621311993,777
2011,apr,31,143,Polk,0.44903829787234045,47
2011,apr,31,045,Dawes,0.4182263244572314,2896
2011,apr,31,179,Wayne,0.50091953125,2
2011,apr,31,071,Garfield,0.3263916666666667,6
2011,apr,31,013,Box Butte,0.47477256502731235,10399
2011,apr,31,173,Thurston,0.3303525423728814,59
2011,apr,31,011,Boone,0.41898114895245386,41
2011,apr,31,145,Red Willow,0.47233006450562876,4679
2011,apr,31,149,Rock,0.5090134615384615,26
2011,apr,31,005,Arthur,0.5089388888888889,9
2011,apr,31,085,Hayes,0.49714245024353454,2505
2011,apr,31,097,Johnson,0.5021365731649335,386
2011,apr,31,003,Antelope,0.3828764705882353,34
2011,apr,31,163,Sherman,0.5047831436849178,95
2011,apr,31,161,Sheridan,0.4480492997650323,5048
2011,apr,31,133,Pawnee,0.5147603483256795,621
2011,apr,31,075,Grant,,0
2011,apr,31,021,Burt,0.32628303220738425,20
2011,apr,31,009,Blaine,0.44515000000000005,2
2011,apr,31,027,Cedar,0.3622909836065575,61
2011,apr,31,169,Thayer,0.45852120145051467,1711
2011,apr,31,049,Deuel,0.4688069684377589,7181
2011,apr,31,123,Morrill,0.46496127594607084,2475
2011,apr,31,115,Loup,0.38635531197301864,12
2011,apr,31,063,Frontier,0.46010623186105426,3651
2011,apr,31,125,Nance,0.42341368242736793,133
2011,apr,31,107,Knox,0.4208415328628142,92
2011,apr,31,135,Perkins,0.4864557603963636,8388
2011,apr,31,037,Colfax,0.3986193181818182,44
2011,apr,31,023,Butler,0.40387043859649097,75
2011,apr,31,031,Cherry,0.4836586423189327,200
2011,apr,31,183,Wheeler,0.45012500000000005,10
2011,apr,31,061,Franklin,0.4675462909553657,1248
2011,apr,31,029,Chase,0.5326649858369891,3034
2011,apr,31,059,Fillmore,0.46326904982318434,213
2011,apr,31,185,York,0.4354921492760859,48
2011,apr,31,035,Clay,0.4654313502978016,400
2011,apr,31,033,Cheyenne,0.41480426401114745,16160
2011,apr,31,069,Garden,0.4697146410007983,4200
2011,apr,31,083,Harlan,0.4553743691801763,2224
2011,apr,31,091,Hooker,,0
2011,apr,31,147,Richardson,0.5618086854761823,368
2011,apr,31,065,Furnas,0.46937013086658164,4274
2011,apr,31,175,Valley,0.4345011111111111,90
2011,apr,31,141,Platte,0.47001893690268215,80
2011,apr,31,121,Merrick,0.469099212598425,127
2011,apr,31,079,Hall,0.45090721241354204,87
2011,apr,31,081,Hamilton,0.44180604026845643,149
2011,apr,31,093,Howard,0.43470096123241464,62
2011,apr,31,001,Adams,0.427613203745887,395
2011,apr,31,099,Kearney,0.4283743029725501,516
2011,apr,31,019,Buffalo,0.44839552102493346,310
2011,apr,31,073,Gosper,0.4182582410609131,751
2011,apr,31,047,Dawson,0.43274258594471815,416
2011,apr,37,037,Chatham,0.7945961708598285,16
2011,apr,37,115,Madison,,0
2011,apr,37,087,Haywood,,0
2011,apr,37,021,Buncombe,,0
2011,apr,37,089,Henderson,,0
2011,apr,37,175,Transylvania,,0
2011,apr,37,167,Stanly,0.7175366666666668,15
2011,apr,37,109,Lincoln,0.7467958333333335,48
2011,apr,37,159,Rowan,0.73986875,8
2011,apr,37,025,Cabarrus,0.78335,2
2011,apr,37,097,Iredell,0.7829954545454545,11
2011,apr,37,071,Gaston,0.7436750000000001,2
2011,apr,37,179,Union,0.6959934782608694,23
2011,apr,37,119,Mecklenburg,0.7254666666666667,3
2011,apr,37,045,Cleveland,0.7125714285714285,7
2011,apr,37,005,Alleghany,,0
2011,apr,37,173,Swain,,0
2011,apr,37,011,Avery,,0
2011,apr,37,033,Caswell,0.6606888888888889,36
2011,apr,37,075,Graham,,0
2011,apr,37,007,Anson,0.6832307692307693,13
2011,apr,37,149,Polk,0.7844,1
2011,apr,37,039,Cherokee,,0
2011,apr,37,113,Macon,,0
2011,apr,37,009,Ashe,,0
2011,apr,37,123,Montgomery,0.7221875000000001,8
2011,apr,37,043,Clay,,0
2011,apr,37,121,Mitchell,,0
2011,apr,37,199,Yancey,,0
2011,apr,37,189,Watauga,,0
2011,apr,37,099,Jackson,,0
2011,apr,37,161,Rutherford,0.7320785714285714,7
2011,apr,37,193,Wilkes,0.7968,4
2011,apr,37,125,Moore,0.6096552631578948,19
2011,apr,37,153,Richmond,0.6570315789473685,19
2011,apr,37,093,Hoke,0.6385166666666667,3
2011,apr,37,165,Scotland,0.71855,1
2011,apr,37,155,Robeson,0.7230625,4
2011,apr,37,001,Alamance,0.7125294665681111,128
2011,apr,37,151,Randolph,0.7189653846153846,26
2011,apr,37,081,Guilford,0.721283035714286,112
2011,apr,37,157,Rockingham,0.6585839743589746,78
2011,apr,37,171,Surry,0.6412061011904762,7
2011,apr,37,057,Davidson,0.7112333333333334,18
2011,apr,37,169,Stokes,0.6344857142857142,7
2011,apr,37,067,Forsyth,0.634175,12
2011,apr,37,197,Yadkin,0.7884694444444444,3
2011,apr,37,059,Davie,0.7715391304347826,23
2011,apr,37,027,Caldwell,0.7119500000000001,1
2011,apr,37,003,Alexander,0.805375,4
2011,apr,37,035,Catawba,0.74367,20
2011,apr,37,023,Burke,0.7366,1
2011,apr,37,111,McDowell,,0
2011,apr,37,029,Camden,,0
2011,apr,37,139,Pasquotank,0.703025,10
2011,apr,37,143,Perquimans,0.7416533878504673,11
2011,apr,37,177,Tyrrell,,0
2011,apr,37,055,Dare,,0
2011,apr,37,073,Gates,0.7617,1
2011,apr,37,053,Currituck,0.65965,6
2011,apr,37,019,Brunswick,,0
2011,apr,37,031,Carteret,0.5316500000000001,1
2011,apr,37,137,Pamlico,,0
2011,apr,37,049,Craven,,0
2011,apr,37,103,Jones,0.7343340063761956,12
2011,apr,37,085,Harnett,0.546625,2
2011,apr,37,063,Durham,0.7288166666666667,21
2011,apr,37,145,Person,0.671637878787879,33
2011,apr,37,135,Orange,0.7575077959278472,52
2011,apr,37,181,Vance,0.68831875,16
2011,apr,37,077,Granville,0.7018227272727274,165
2011,apr,37,069,Franklin,0.7665000000000001,30
2011,apr,37,101,Johnston,0.6701666666666667,6
2011,apr,37,183,Wake,0.7288140000000001,9
2011,apr,37,105,Lee,0.7281500000000001,2
2011,apr,37,131,Northampton,0.7625034482758619,29
2011,apr,37,083,Halifax,0.7082715909090909,44
2011,apr,37,127,Nash,0.7646166387959867,8
2011,apr,37,065,Edgecombe,0.6850760000000001,25
2011,apr,37,195,Wilson,0.7512555555555556,18
2011,apr,37,163,Sampson,0.7301228474320242,7
2011,apr,37,185,Warren,0.7675400000000001,5
2011,apr,37,187,Washington,0.7488940677966104,59
2011,apr,37,061,Duplin,0.7713822029147983,8
2011,apr,37,091,Hertford,0.7418833333333333,42
2011,apr,37,017,Bladen,,0
2011,apr,37,095,Hyde,0.8337625000000001,28
2011,apr,37,015,Bertie,0.7215252830188678,265
2011,apr,37,079,Greene,,0
2011,apr,37,041,Chowan,0.7396039788565179,190
2011,apr,37,117,Martin,0.61595,7
2011,apr,37,047,Columbus,,0
2011,apr,37,191,Wayne,0.8189250000000001,2
2011,apr,37,133,Onslow,0.7025055555555556,9
2011,apr,37,107,Lenoir,0.7297223360655737,6
2011,apr,37,129,New Hanover,,0
2011,apr,37,141,Pender,,0
2011,apr,37,051,Cumberland,0.7069283071748879,7
2011,apr,37,147,Pitt,0.6857000000000001,32
2011,apr,37,013,Beaufort,,0
2012,apr,17,121,Marion,0.7783050000000001,20
2012,apr,17,005,Bond,0.6955142857142856,7
2012,apr,17,083,Jersey,0.7193545454545455,33
2012,apr,17,163,St. Clair,0.651772859025033,9
2012,apr,17,027,Clinton,0.8489,2
2012,apr,17,013,Calhoun,0.7351818181818183,22
2012,apr,17,119,Madison,0.723596875,32
2012,apr,17,133,Monroe,0.6714285714285715,7
2012,apr,17,117,Macoupin,0.6992212468860627,90
2012,apr,17,171,Scott,0.6702732142857143,28
2012,apr,17,137,Morgan,0.6636489486721588,70
2012,apr,17,107,Logan,0.6048112068965519,58
2012,apr,17,129,Menard,0.6331217391304348,69
2012,apr,17,167,Sangamon,0.6264827934573445,51
2012,apr,17,021,Christian,0.6499188568476425,42
2012,apr,17,127,Massac,,0
2012,apr,17,057,Fulton,0.6858910071942446,139
2012,apr,17,175,Stark,0.654058,25
2012,apr,17,203,Woodford,0.6680135732136048,94
2012,apr,17,179,Tazewell,0.5820303160698731,80
2012,apr,17,123,Marshall,0.6457041666666669,48
2012,apr,17,143,Peoria,0.5926613636363637,44
2012,apr,17,001,Adams,0.6760740240240241,333
2012,apr,17,177,Stephenson,0.56159322059552,144
2012,apr,17,141,Ogle,0.5980649775443306,309
2012,apr,17,201,Winnebago,0.618624465628658,248
2012,apr,17,007,Boone,0.60052932358397,183
2012,apr,17,025,Clay,0.7139722222222223,9
2012,apr,17,185,Wabash,0.5819181818181819,11
2012,apr,17,009,Brown,0.666731324486246,61
2012,apr,17,151,Pope,,0
2012,apr,17,033,Crawford,0.6825729166666666,24
2012,apr,17,135,Montgomery,0.6687395162266895,67
2012,apr,17,055,Franklin,0.77275,8
2012,apr,17,023,Clark,0.6687686046511628,43
2012,apr,17,059,Gallatin,0.6045100000000001,5
2012,apr,17,075,Iroquois,0.630618643989797,299
2012,apr,17,041,Douglas,0.6382509839650147,33
2012,apr,17,189,Washington,0.7710236979166668,19
2012,apr,17,159,Richland,0.656005882352941,17
2012,apr,17,065,Hamilton,0.7714000000000001,1
2012,apr,17,193,White,0.7106666666666667,30
2012,apr,17,169,Schuyler,0.6947604545454543,110
2012,apr,17,181,Union,0.8796,1
2012,apr,17,085,Jo Daviess,0.5747769230769231,26
2012,apr,17,125,Mason,0.5397201377888413,156
2012,apr,17,191,Wayne,0.7532812500000001,8
2012,apr,17,069,Hardin,,0
2012,apr,17,061,Greene,0.6999061728395063,81
2012,apr,17,157,Randolph,0.7459607142857143,14
2012,apr,17,149,Pike,0.7017954403251274,135
2012,apr,17,145,Perry,0.7349166666666668,27
2012,apr,17,087,Johnson,,0
2012,apr,17,173,Shelby,0.6263971428571428,210
2012,apr,17,051,Fayette,0.7015681772908365,16
2012,apr,17,139,Moultrie,0.6819954220045216,32
2012,apr,17,017,Cass,0.6185865000000002,100
2012,apr,17,015,Carroll,0.5361933053751341,77
2012,apr,17,047,Edwards,0.6962966666666669,15
2012,apr,17,079,Jasper,0.6488474999999999,20
2012,apr,17,187,Warren,0.5941720785935883,12
2012,apr,17,153,Pulaski,0.61355,2
2012,apr,17,165,Saline,0.5748166666666666,3
2012,apr,17,101,Lawrence,0.6377285714285714,7
2012,apr,17,045,Edgar,0.6349391524013317,34
2012,apr,17,071,Henderson,0.6911465461588122,31
2012,apr,17,199,Williamson,,0
2012,apr,17,077,Jackson,0.739415625,16
2012,apr,17,147,Piatt,0.6305666666666666,42
2012,apr,17,053,Ford,0.6316479945061081,180
2012,apr,17,019,Champaign,0.6290852169525732,86
2012,apr,17,029,Coles,0.6568378579202164,105
2012,apr,17,035,Cumberland,0.6296249825905292,58
2012,apr,17,183,Vermilion,0.5921467779668227,111
2012,apr,17,115,Macon,0.6460557692307692,26
2012,apr,17,049,Effingham,0.6279281982193065,84
2012,apr,17,067,Hancock,0.6959688092409569,156
2012,apr,17,095,Knox,0.6511397727272729,44
2012,apr,17,109,McDonough,0.7068444372634107,43
2012,apr,17,081,Jefferson,0.7724,23
2012,apr,17,113,McLean,0.6459723323615162,102
2012,apr,17,039,De Witt,0.5508291666666667,12
2012,apr,17,105,Livingston,0.6477741820650798,622
2012,apr,17,003,Alexander,,0
2012,apr,17,093,Kendall,0.6239108550712559,49
2012,apr,17,031,Cook,0.58131,5
2012,apr,17,037,DeKalb,0.6312897522312899,402
2012,apr,17,089,Kane,0.6227821192052981,151
2012,apr,17,063,Grundy,0.6627811111111113,45
2012,apr,17,111,McHenry,0.6554717105263155,304
2012,apr,17,197,Will,0.6685412059884305,592
2012,apr,17,043,DuPage,0.5467524390243902,4
2012,apr,17,097,Lake,0.6459752855559302,85
2012,apr,17,091,Kankakee,0.6206129866852784,371
2012,apr,17,011,Bureau,0.6179492520013603,127
2012,apr,17,155,Putnam,0.6618785714285716,42
2012,apr,17,099,LaSalle,0.6335970790354444,288
2012,apr,17,131,Mercer,0.677832221341187,35
2012,apr,17,161,Rock Island,0.6183119047619049,21
2012,apr,17,073,Henry,0.6309745098039217,51
2012,apr,17,103,Lee,0.5969149761797463,124
2012,apr,17,195,Whiteside,0.5658769230769229,104
2012,apr,31,043,Dakota,0.736225,2
2012,apr,31,051,Dixon,0.5052333333333334,9
2012,apr,31,053,Dodge,0.5334,3
2012,apr,31,025,Cass,0.6150704918032788,61
2012,apr,31,055,Douglas,0.5903190476190476,21
2012,apr,31,153,Sarpy,0.48915333333333333,15
2012,apr,31,155,Saunders,0.5866838235294117,68
2012,apr,31,177,Washington,0.6013799999999999,15
2012,apr,31,067,Gage,0.6469832120855808,1230
2012,apr,31,109,Lancaster,0.6030449022611236,270
2012,apr,31,159,Seward,0.6071322580645161,62
2012,apr,31,139,Pierce,0.5536281250000001,16
2012,apr,31,119,Madison,0.5447113207547168,53
2012,apr,31,167,Stanton,0.5392942396313365,5
2012,apr,31,117,McPherson,0.48565,1
2012,apr,31,111,Lincoln,0.5475217400583733,1457
2012,apr,31,113,Logan,0.540626807136266,130
2012,apr,31,007,Banner,0.3878653237824289,3050
2012,apr,31,157,Scotts Bluff,0.38363220320419567,652
2012,apr,31,165,Sioux,0.41160252756509214,368
2012,apr,31,039,Cuming,0.4217033731553057,17
2012,apr,31,129,Nuckolls,0.6396828880339752,2321
2012,apr,31,101,Keith,0.5521461514299414,3192
2012,apr,31,137,Phelps,0.5872438388152642,200
2012,apr,31,181,Webster,0.6284846458796167,1810
2012,apr,31,015,Boyd,0.5901788351495619,267
2012,apr,31,171,Thomas,,0
2012,apr,31,089,Holt,0.6764218767515044,273
2012,apr,31,017,Brown,0.38675000000000004,1
2012,apr,31,103,Keya Paha,0.6570129134057058,20
2012,apr,31,077,Greeley,0.5815151232262882,6
2012,apr,31,095,Jefferson,0.6582691670398564,856
2012,apr,31,151,Saline,0.5989618292350962,652
2012,apr,31,057,Dundy,0.5874536333105093,2667
2012,apr,31,131,Otoe,0.6148532712801835,177
2012,apr,31,087,Hitchcock,0.6489204069902474,5399
2012,apr,31,105,Kimball,0.34348871579199985,6710
2012,apr,31,127,Nemaha,0.6035441518975595,85
2012,apr,31,041,Custer,0.5849324957388751,537
2012,apr,31,143,Polk,0.5806461538461539,39
2012,apr,31,045,Dawes,0.46247329043139196,3418
2012,apr,31,179,Wayne,0.43123333333333336,3
2012,apr,31,071,Garfield,0.20375000000000001,1
2012,apr,31,013,Box Butte,0.4771877406044333,9752
2012,apr,31,173,Thurston,0.6128620370370371,54
2012,apr,31,011,Boone,0.5849740000000001,25
2012,apr,31,145,Red Willow,0.6753692795995111,5287
2012,apr,31,149,Rock,,0
2012,apr,31,005,Arthur,0.5816027027027026,37
2012,apr,31,085,Hayes,0.5696686161261906,2158
2012,apr,31,097,Johnson,0.6897382226919563,209
2012,apr,31,003,Antelope,0.6087718181818181,55
2012,apr,31,163,Sherman,0.6827930000000001,50
2012,apr,31,161,Sheridan,0.4676831129189963,4088
2012,apr,31,133,Pawnee,0.6894184257656616,334
2012,apr,31,075,Grant,0.369359375,16
2012,apr,31,021,Burt,0.4481066666666667,30
2012,apr,31,009,Blaine,0.5469,1
2012,apr,31,027,Cedar,0.6403794117647061,17
2012,apr,31,169,Thayer,0.6314194308926513,1351
2012,apr,31,049,Deuel,0.5391896225752356,6765
2012,apr,31,123,Morrill,0.47378758671836235,2373
2012,apr,31,115,Loup,0.5235681818181818,11
2012,apr,31,063,Frontier,0.5931497107491918,3797
2012,apr,31,125,Nance,0.6325067796610171,59
2012,apr,31,107,Knox,0.5963174757281555,103
2012,apr,31,135,Perkins,0.5414123987213342,6608
2012,apr,31,037,Colfax,0.5388816666666667,30
2012,apr,31,023,Butler,0.5761244680851064,47
2012,apr,31,031,Cherry,0.4876208084176632,104
2012,apr,31,183,Wheeler,0.6295690715181933,4
2012,apr,31,061,Franklin,0.6342906926682257,812
2012,apr,31,029,Chase,0.5806736956455435,2751
2012,apr,31,059,Fillmore,0.6134612873871499,164
2012,apr,31,185,York,0.578862765957447,47
2012,apr,31,035,Clay,0.5638830659594197,183
2012,apr,31,033,Cheyenne,0.4867920891168635,16826
2012,apr,31,069,Garden,0.5176135331557731,3806
2012,apr,31,083,Harlan,0.628092168444864,2038
2012,apr,31,091,Hooker,,0
2012,apr,31,147,Richardson,0.6859371718649957,129
2012,apr,31,065,Furnas,0.685227251090566,4588
2012,apr,31,175,Valley,0.618572727272727,33
2012,apr,31,141,Platte,0.5799620967741936,62
2012,apr,31,121,Merrick,0.6424782051282052,39
2012,apr,31,079,Hall,0.6222820653171061,65
2012,apr,31,081,Hamilton,0.567303813559322,118
2012,apr,31,093,Howard,0.6150736517528247,95
2012,apr,31,001,Adams,0.5622385147163029,231
2012,apr,31,099,Kearney,0.5784750433111365,437
2012,apr,31,019,Buffalo,0.6601326591392093,273
2012,apr,31,073,Gosper,0.6234770314967049,884
2012,apr,31,047,Dawson,0.5773643845388498,220
2012,apr,37,037,Chatham,0.81231875,8
2012,apr,37,115,Madison,,0
2012,apr,37,087,Haywood,,0
2012,apr,37,021,Buncombe,0.5735250000000001,2
2012,apr,37,089,Henderson,0.61835,2
2012,apr,37,175,Transylvania,,0
2012,apr,37,167,Stanly,0.7386916666666666,24
2012,apr,37,109,Lincoln,0.7836807692307693,26
2012,apr,37,159,Rowan,0.7441428571428572,7
2012,apr,37,025,Cabarrus,,0
2012,apr,37,097,Iredell,0.810208252221752,38
2012,apr,37,071,Gaston,0.755575,2
2012,apr,37,179,Union,0.6770803695470966,71
2012,apr,37,119,Mecklenburg,0.6394431428571429,4
2012,apr,37,045,Cleveland,0.7734642857142857,14
2012,apr,37,005,Alleghany,,0
2012,apr,37,173,Swain,,0
2012,apr,37,011,Avery,,0
2012,apr,37,033,Caswell,0.6911663372382287,87
2012,apr,37,075,Graham,,0
2012,apr,37,007,Anson,0.7425211111111112,45
2012,apr,37,149,Polk,0.7394000000000001,2
2012,apr,37,039,Cherokee,,0
2012,apr,37,113,Macon,,0
2012,apr,37,009,Ashe,,0
2012,apr,37,123,Montgomery,0.6880166666666666,3
2012,apr,37,043,Clay,,0
2012,apr,37,121,Mitchell,,0
2012,apr,37,199,Yancey,,0
2012,apr,37,189,Watauga,,0
2012,apr,37,099,Jackson,,0
2012,apr,37,161,Rutherford,0.763,1
2012,apr,37,193,Wilkes,0.80952,5
2012,apr,37,125,Moore,0.6624739130434782,23
2012,apr,37,153,Richmond,0.65655,2
2012,apr,37,093,Hoke,0.756625,14
2012,apr,37,165,Scotland,0.6378786476109216,10
2012,apr,37,155,Robeson,0.6470374267448056,37
2012,apr,37,001,Alamance,0.7245512326752807,126
2012,apr,37,151,Randolph,0.7736973855564326,20
2012,apr,37,081,Guilford,0.7458615139137095,64
2012,apr,37,157,Rockingham,0.7210145018980197,116
2012,apr,37,171,Surry,0.8229500000000001,2
2012,apr,37,057,Davidson,0.79405,8
2012,apr,37,169,Stokes,0.6329662576687117,11
2012,apr,37,067,Forsyth,0.7827666666666667,6
2012,apr,37,197,Yadkin,0.7450166666666668,3
2012,apr,37,059,Davie,0.8111583333333335,6
2012,apr,37,027,Caldwell,,0
2012,apr,37,003,Alexander,0.8416826174496645,4
2012,apr,37,035,Catawba,0.7253499999999999,14
2012,apr,37,023,Burke,0.8256,1
2012,apr,37,111,McDowell,,0
2012,apr,37,029,Camden,0.43525,1
2012,apr,37,139,Pasquotank,0.590659090909091,22
2012,apr,37,143,Perquimans,0.63739968220339,19
2012,apr,37,177,Tyrrell,0.53725,1
2012,apr,37,055,Dare,,0
2012,apr,37,073,Gates,,0
2012,apr,37,053,Currituck,0.7312833333333334,15
2012,apr,37,019,Brunswick,0.7253375000000001,8
2012,apr,37,031,Carteret,,0
2012,apr,37,137,Pamlico,,0
2012,apr,37,049,Craven,0.6958222222222221,9
2012,apr,37,103,Jones,0.72213125,8
2012,apr,37,085,Harnett,0.7387250000000001,4
2012,apr,37,063,Durham,0.7759449999999999,20
2012,apr,37,145,Person,0.7308304470499719,64
2012,apr,37,135,Orange,0.7679937552263767,67
2012,apr,37,181,Vance,0.738159375,16
2012,apr,37,077,Granville,0.7241901960784313,102
2012,apr,37,069,Franklin,0.7524048702167513,44
2012,apr,37,101,Johnston,0.7081999999999999,13
2012,apr,37,183,Wake,0.6882294117647059,17
2012,apr,37,105,Lee,,0
2012,apr,37,131,Northampton,0.6903143722388487,29
2012,apr,37,083,Halifax,0.6874809523809524,42
2012,apr,37,127,Nash,0.6805475820763089,54
2012,apr,37,065,Edgecombe,0.5891768694653986,50
2012,apr,37,195,Wilson,0.51165,2
2012,apr,37,163,Sampson,0.7281068181818183,66
2012,apr,37,185,Warren,0.6737227272727272,11
2012,apr,37,187,Washington,0.5999474358974358,39
2012,apr,37,061,Duplin,0.7128445652173915,46
2012,apr,37,091,Hertford,0.6329710836909871,60
2012,apr,37,017,Bladen,0.6629136363636363,11
2012,apr,37,095,Hyde,0.7518005617977527,89
2012,apr,37,015,Bertie,0.7202589569161,441
2012,apr,37,079,Greene,0.5106999999999999,2
2012,apr,37,041,Chowan,0.6864601012763596,143
2012,apr,37,117,Martin,0.6744096509240245,47
2012,apr,37,047,Columbus,0.7371454545454547,11
2012,apr,37,191,Wayne,0.6775961538461538,13
2012,apr,37,133,Onslow,0.62294,5
2012,apr,37,107,Lenoir,0.7004,18
2012,apr,37,129,New Hanover,0.73705,1
2012,apr,37,141,Pender,,0
2012,apr,37,051,Cumberland,0.7647166666666667,3
2012,apr,37,147,Pitt,0.6956368526304993,39
2012,apr,37,013,Beaufort,0.6318346153846155,13
2013,apr,17,121,Marion,0.6297661290322579,93
2013,apr,17,005,Bond,0.6351523715415018,80
2013,apr,17,083,Jersey,0.5901058801521482,63
2013,apr,17,163,St. Clair,0.6371959183673469,147
2013,apr,17,027,Clinton,0.6565812499999998,48
2013,apr,17,013,Calhoun,0.6253941176470591,34
2013,apr,17,119,Madison,0.6006384587694521,143
2013,apr,17,133,Monroe,0.591318309859155,142
2013,apr,17,117,Macoupin,0.5727949288098279,224
2013,apr,17,171,Scott,0.5701823943661973,71
2013,apr,17,137,Morgan,0.5763235279085404,146
2013,apr,17,107,Logan,0.5594238734525443,145
2013,apr,17,129,Menard,0.6016590965445531,100
2013,apr,17,167,Sangamon,0.5722546337004308,91
2013,apr,17,021,Christian,0.5729488393686162,110
2013,apr,17,127,Massac,0.7638605519480521,8
2013,apr,17,057,Fulton,0.5906179738562091,153
2013,apr,17,175,Stark,0.5671950148161061,23
2013,apr,17,203,Woodford,0.5386862745098039,204
2013,apr,17,179,Tazewell,0.548521767899014,246
2013,apr,17,123,Marshall,0.5124608878224357,66
2013,apr,17,143,Peoria,0.5037800884955751,113
2013,apr,17,001,Adams,0.6121938839292078,556
2013,apr,17,177,Stephenson,0.4181513735773926,269
2013,apr,17,141,Ogle,0.4496563042166232,438
2013,apr,17,201,Winnebago,0.45441112599675176,430
2013,apr,17,007,Boone,0.4100005032157137,229
2013,apr,17,025,Clay,0.6292169067816683,249
2013,apr,17,185,Wabash,0.6248021739130436,23
2013,apr,17,009,Brown,0.5910129803859032,74
2013,apr,17,151,Pope,0.70329,5
2013,apr,17,033,Crawford,0.6535247159090911,176
2013,apr,17,135,Montgomery,0.5681216085497388,221
2013,apr,17,055,Franklin,0.643816291327264,26
2013,apr,17,023,Clark,0.5652784837370032,130
2013,apr,17,059,Gallatin,0.631646906354515,40
2013,apr,17,075,Iroquois,0.4497092072138872,663
2013,apr,17,041,Douglas,0.564767413134549,129
2013,apr,17,189,Washington,0.6903353425130913,150
2013,apr,17,159,Richland,0.6907389789303081,238
2013,apr,17,065,Hamilton,0.6626681818181819,44
2013,apr,17,193,White,0.6484833333333335,15
2013,apr,17,169,Schuyler,0.5901015561179745,157
2013,apr,17,181,Union,0.810775,4
2013,apr,17,085,Jo Daviess,0.42029780487067897,131
2013,apr,17,125,Mason,0.5350836308431792,218
2013,apr,17,191,Wayne,0.6522534722222222,144
2013,apr,17,069,Hardin,,0
2013,apr,17,061,Greene,0.5491855224220353,139
2013,apr,17,157,Randolph,0.6766134521933279,61
2013,apr,17,149,Pike,0.5891639313184681,253
2013,apr,17,145,Perry,0.6798222996137662,92
2013,apr,17,087,Johnson,0.6887873175182482,12
2013,apr,17,173,Shelby,0.5519363072935378,309
2013,apr,17,051,Fayette,0.5871429355433596,177
2013,apr,17,139,Moultrie,0.5550332729331822,87
2013,apr,17,017,Cass,0.5634313218390803,174
2013,apr,17,015,Carroll,0.3874640258338555,117
2013,apr,17,047,Edwards,0.6476571428571429,63
2013,apr,17,079,Jasper,0.6014072266813889,284
2013,apr,17,187,Warren,0.5889349398179861,81
2013,apr,17,153,Pulaski,0.7045046498905908,6
2013,apr,17,165,Saline,0.6583506968641116,20
2013,apr,17,101,Lawrence,0.6644664705882355,85
2013,apr,17,045,Edgar,0.5283354952685264,64
2013,apr,17,071,Henderson,0.43123321729274616,25
2013,apr,17,199,Williamson,0.6758450728916775,23
2013,apr,17,077,Jackson,0.7272290534864185,15
2013,apr,17,147,Piatt,0.5136400099716595,150
2013,apr,17,053,Ford,0.4841354174475494,415
2013,apr,17,019,Champaign,0.4660293715785533,263
2013,apr,17,029,Coles,0.5661955807285443,183
2013,apr,17,035,Cumberland,0.5604846776845913,144
2013,apr,17,183,Vermilion,0.4903627629035096,338
2013,apr,17,115,Macon,0.5581017045454544,88
2013,apr,17,049,Effingham,0.5759150003769318,266
2013,apr,17,067,Hancock,0.5882409230769232,325
2013,apr,17,095,Knox,0.5289256578947367,76
2013,apr,17,109,McDonough,0.6078220814716226,84
2013,apr,17,081,Jefferson,0.6512578143464901,68
2013,apr,17,113,McLean,0.5323981483640973,238
2013,apr,17,039,De Witt,0.5455526447233606,32
2013,apr,17,105,Livingston,0.5113864137277266,803
2013,apr,17,003,Alexander,0.5901716987620359,12
2013,apr,17,093,Kendall,0.41068160671404663,163
2013,apr,17,031,Cook,0.47392671470266323,22
2013,apr,17,037,DeKalb,0.43621893144045804,568
2013,apr,17,089,Kane,0.4175170282783351,265
2013,apr,17,063,Grundy,0.4940939465240643,131
2013,apr,17,111,McHenry,0.4308579988363042,501
2013,apr,17,197,Will,0.543395356446806,827
2013,apr,17,043,DuPage,0.44110000000000005,2
2013,apr,17,097,Lake,0.4154815970634896,148
2013,apr,17,091,Kankakee,0.5403739297016431,575
2013,apr,17,011,Bureau,0.5307295616844846,284
2013,apr,17,155,Putnam,0.5037765278435764,92
2013,apr,17,099,LaSalle,0.4731036711670057,498
2013,apr,17,131,Mercer,0.4863807692307693,38
2013,apr,17,161,Rock Island,0.42158987794412134,43
2013,apr,17,073,Henry,0.4621254703036817,120
2013,apr,17,103,Lee,0.4407126184490428,206
2013,apr,17,195,Whiteside,0.4387122533117058,292
2013,apr,31,043,Dakota,0.2828,2
2013,apr,31,051,Dixon,0.21943,15
2013,apr,31,053,Dodge,0.34215,23
2013,apr,31,025,Cass,0.42047532975984003,75
2013,apr,31,055,Douglas,0.473298,25
2013,apr,31,153,Sarpy,0.39687000000000006,25
2013,apr,31,155,Saunders,0.40674751773049633,141
2013,apr,31,177,Washington,0.3484533333333334,15
2013,apr,31,067,Gage,0.4902598296435655,1230
2013,apr,31,109,Lancaster,0.43146649936420994,325
2013,apr,31,159,Seward,0.4371770513993747,106
2013,apr,31,139,Pierce,0.34569406102995787,64
2013,apr,31,119,Madison,0.2992949999999999,40
2013,apr,31,167,Stanton,0.3314011363636364,44
2013,apr,31,117,McPherson,0.3170732142857143,28
2013,apr,31,111,Lincoln,0.28496780490070306,1573
2013,apr,31,113,Logan,0.2871997475658131,55
2013,apr,31,007,Banner,0.2157771485853628,2980
2013,apr,31,157,Scotts Bluff,0.23949514348605896,495
2013,apr,31,165,Sioux,0.25403836445223216,334
2013,apr,31,039,Cuming,0.318625,8
2013,apr,31,129,Nuckolls,0.425971816213135,2237
2013,apr,31,101,Keith,0.25051270785066604,2703
2013,apr,31,137,Phelps,0.290892724651315,193
2013,apr,31,181,Webster,0.37544004064801195,2017
2013,apr,31,015,Boyd,0.17060252761407355,224
2013,apr,31,171,Thomas,,0
2013,apr,31,089,Holt,0.27624451219512197,246
2013,apr,31,017,Brown,0.34795,5
2013,apr,31,103,Keya Paha,0.27304999999999996,8
2013,apr,31,077,Greeley,0.20011034482758625,29
2013,apr,31,095,Jefferson,0.5333030205916276,877
2013,apr,31,151,Saline,0.4819883095107199,645
2013,apr,31,057,Dundy,0.3307461083479744,3086
2013,apr,31,131,Otoe,0.46099843165872895,159
2013,apr,31,087,Hitchcock,0.30558881618826217,4699
2013,apr,31,105,Kimball,0.21238595638560637,4803
2013,apr,31,127,Nemaha,0.45103985507246386,138
2013,apr,31,041,Custer,0.2723955436552676,189
2013,apr,31,143,Polk,0.3561984126984127,63
2013,apr,31,045,Dawes,0.24040259086932714,1949
2013,apr,31,179,Wayne,0.2630125,4
2013,apr,31,071,Garfield,0.20616875,8
2013,apr,31,013,Box Butte,0.25043956359937863,9063
2013,apr,31,173,Thurston,0.2976553030303029,66
2013,apr,31,011,Boone,0.23079358974358977,39
2013,apr,31,145,Red Willow,0.2920434557423431,4730
2013,apr,31,149,Rock,0.278,1
2013,apr,31,005,Arthur,0.31002500000000005,12
2013,apr,31,085,Hayes,0.27508090561686677,1797
2013,apr,31,097,Johnson,0.502875924790713,209
2013,apr,31,003,Antelope,0.27765689224137924,94
2013,apr,31,163,Sherman,0.23181304347826082,23
2013,apr,31,161,Sheridan,0.2790543911996708,3333
2013,apr,31,133,Pawnee,0.5214620359814753,334
2013,apr,31,075,Grant,,0
2013,apr,31,021,Burt,0.29924244934062405,25
2013,apr,31,009,Blaine,0.31418000000000007,15
2013,apr,31,027,Cedar,0.16407279411764708,68
2013,apr,31,169,Thayer,0.4907255462173996,1223
2013,apr,31,049,Deuel,0.26672902778749125,6251
2013,apr,31,123,Morrill,0.2426894625735206,2408
2013,apr,31,115,Loup,0.3834857561179669,19
2013,apr,31,063,Frontier,0.2805248175714105,2839
2013,apr,31,125,Nance,0.282965243902439,82
2013,apr,31,107,Knox,0.24861016375031694,218
2013,apr,31,135,Perkins,0.2948162987321812,6572
2013,apr,31,037,Colfax,0.31092395833333336,48
2013,apr,31,023,Butler,0.33672263157894733,95
2013,apr,31,031,Cherry,0.24308229166666664,48
2013,apr,31,183,Wheeler,0.4351839385541593,165
2013,apr,31,061,Franklin,0.38360995485261734,1232
2013,apr,31,029,Chase,0.3335786152865681,2959
2013,apr,31,059,Fillmore,0.4442455163720979,144
2013,apr,31,185,York,0.3633191140902495,57
2013,apr,31,035,Clay,0.37407889187452553,208
2013,apr,31,033,Cheyenne,0.2261557321886122,13501
2013,apr,31,069,Garden,0.2720243806028782,3823
2013,apr,31,083,Harlan,0.31494039873071866,2418
2013,apr,31,091,Hooker,,0
2013,apr,31,147,Richardson,0.5552696292906178,172
2013,apr,31,065,Furnas,0.29237270014976446,4885
2013,apr,31,175,Valley,0.1660639344262296,61
2013,apr,31,141,Platte,0.34209527027027037,74
2013,apr,31,121,Merrick,0.3701552708945822,85
2013,apr,31,079,Hall,0.3274170212765958,47
2013,apr,31,081,Hamilton,0.3920831455159416,200
2013,apr,31,093,Howard,0.23094689316860464,54
2013,apr,31,001,Adams,0.3551977302560238,348
2013,apr,31,099,Kearney,0.3328344079172991,564
2013,apr,31,019,Buffalo,0.3144502564102564,195
2013,apr,31,073,Gosper,0.27192901161884936,1098
2013,apr,31,047,Dawson,0.31055662842413817,241
2013,apr,37,037,Chatham,0.7738924699202381,31
2013,apr,37,115,Madison,,0
2013,apr,37,087,Haywood,,0
2013,apr,37,021,Buncombe,,0
2013,apr,37,089,Henderson,,0
2013,apr,37,175,Transylvania,,0
2013,apr,37,167,Stanly,0.8111179911699781,6
2013,apr,37,109,Lincoln,0.78258940824397,112
2013,apr,37,159,Rowan,0.7556702607278653,39
2013,apr,37,025,Cabarrus,0.7851200000000002,10
2013,apr,37,097,Iredell,0.7684402597402598,77
2013,apr,37,071,Gaston,0.7666083333333334,24
2013,apr,37,179,Union,0.7911326086956522,23
2013,apr,37,119,Mecklenburg,0.5866,1
2013,apr,37,045,Cleveland,0.7638537037037039,27
2013,apr,37,005,Alleghany,,0
2013,apr,37,173,Swain,,0
2013,apr,37,011,Avery,,0
2013,apr,37,033,Caswell,0.686348347430695,246
2013,apr,37,075,Graham,,0
2013,apr,37,007,Anson,0.7683230769230771,26
2013,apr,37,149,Polk,0.7348375,4
2013,apr,37,039,Cherokee,,0
2013,apr,37,113,Macon,,0
2013,apr,37,009,Ashe,,0
2013,apr,37,123,Montgomery,0.68845625,8
2013,apr,37,043,Clay,,0
2013,apr,37,121,Mitchell,,0
2013,apr,37,199,Yancey,,0
2013,apr,37,189,Watauga,,0
2013,apr,37,099,Jackson,,0
2013,apr,37,161,Rutherford,0.7284,1
2013,apr,37,193,Wilkes,0.647675,12
2013,apr,37,125,Moore,0.6983627450980393,51
2013,apr,37,153,Richmond,0.6489879588839943,25
2013,apr,37,093,Hoke,0.7247796176975947,38
2013,apr,37,165,Scotland,0.6904304540630682,52
2013,apr,37,155,Robeson,0.6802650532953403,151
2013,apr,37,001,Alamance,0.7107646515932975,374
2013,apr,37,151,Randolph,0.7573481882148015,173
2013,apr,37,081,Guilford,0.7056028009843345,443
2013,apr,37,157,Rockingham,0.6791599059636207,314
2013,apr,37,171,Surry,0.6778545454545457,22
2013,apr,37,057,Davidson,0.7133101758506131,72
2013,apr,37,169,Stokes,0.6524579777184183,61
2013,apr,37,067,Forsyth,0.690811111111111,18
2013,apr,37,197,Yadkin,0.702958,25
2013,apr,37,059,Davie,0.8154229516707572,84
2013,apr,37,027,Caldwell,0.7601833333333333,3
2013,apr,37,003,Alexander,0.7206866666666668,15
2013,apr,37,035,Catawba,0.7393725900916421,58
2013,apr,37,023,Burke,0.72502,5
2013,apr,37,111,McDowell,,0
2013,apr,37,029,Camden,0.5601750000000001,4
2013,apr,37,139,Pasquotank,0.6453352941176471,17
2013,apr,37,143,Perquimans,0.7141891616590943,27
2013,apr,37,177,Tyrrell,0.716175,2
2013,apr,37,055,Dare,,0
2013,apr,37,073,Gates,0.8043113636363638,22
2013,apr,37,053,Currituck,0.7356833333333334,9
2013,apr,37,019,Brunswick,0.6957685185185184,27
2013,apr,37,031,Carteret,0.58152,5
2013,apr,37,137,Pamlico,0.7501344660194176,103
2013,apr,37,049,Craven,0.49175,2
2013,apr,37,103,Jones,0.601792,25
2013,apr,37,085,Harnett,0.6245934089505671,123
2013,apr,37,063,Durham,0.7005696557131655,56
2013,apr,37,145,Person,0.7044616668537861,212
2013,apr,37,135,Orange,0.7244333142265041,181
2013,apr,37,181,Vance,0.6615892408570373,67
2013,apr,37,077,Granville,0.657759615945836,408
2013,apr,37,069,Franklin,0.6617465405388627,130
2013,apr,37,101,Johnston,0.6469257807758743,258
2013,apr,37,183,Wake,0.5803191539173516,76
2013,apr,37,105,Lee,0.6433414878137502,34
2013,apr,37,131,Northampton,0.7131394950486217,44
2013,apr,37,083,Halifax,0.6687438095238097,105
2013,apr,37,127,Nash,0.6213787688829514,77
2013,apr,37,065,Edgecombe,0.6643310578435578,111
2013,apr,37,195,Wilson,0.6424629521674139,56
2013,apr,37,163,Sampson,0.6636791529017306,240
2013,apr,37,185,Warren,0.683890277777778,36
2013,apr,37,187,Washington,0.6957743243243242,37
2013,apr,37,061,Duplin,0.6559901301812124,190
2013,apr,37,091,Hertford,0.7033583976833977,81
2013,apr,37,017,Bladen,0.6287929824561405,57
2013,apr,37,095,Hyde,0.7712000000000001,2
2013,apr,37,015,Bertie,0.7072229269994068,564
2013,apr,37,079,Greene,0.6569642857142857,70
2013,apr,37,041,Chowan,0.7014635779912303,151
2013,apr,37,117,Martin,0.6757930186798866,154
2013,apr,37,047,Columbus,0.7381354416831992,76
2013,apr,37,191,Wayne,0.6557852636003364,164
2013,apr,37,133,Onslow,0.7188699999999999,35
2013,apr,37,107,Lenoir,0.5884563938677101,87
2013,apr,37,129,New Hanover,0.6545000000000001,2
2013,apr,37,141,Pender,0.6919090909090909,33
2013,apr,37,051,Cumberland,0.6380794520547945,73
2013,apr,37,147,Pitt,0.6773623395149788,152
2013,apr,37,013,Beaufort,0.59205,6
2014,apr,17,121,Marion,0.581424724205062,37
2014,apr,17,005,Bond,0.5503081507449606,23
2014,apr,17,083,Jersey,0.5488209677419356,31
2014,apr,17,163,St. Clair,0.6276038268156426,36
2014,apr,17,027,Clinton,0.6091063636363636,55
2014,apr,17,013,Calhoun,0.5998435483870965,31
2014,apr,17,119,Madison,0.5985495164238959,68
2014,apr,17,133,Monroe,0.5819082475090008,47
2014,apr,17,117,Macoupin,0.5138936535753872,132
2014,apr,17,171,Scott,0.4889138321133188,42
2014,apr,17,137,Morgan,0.43959285249457725,112
2014,apr,17,107,Logan,0.3714541666666668,36
2014,apr,17,129,Menard,0.41227543859649135,114
2014,apr,17,167,Sangamon,0.4457394875444838,83
2014,apr,17,021,Christian,0.5226055295184824,104
2014,apr,17,127,Massac,,0
2014,apr,17,057,Fulton,0.39758404255319163,47
2014,apr,17,175,Stark,0.4978000000000001,5
2014,apr,17,203,Woodford,0.35390350466257126,90
2014,apr,17,179,Tazewell,0.3999381830911955,117
2014,apr,17,123,Marshall,0.47798637031594393,41
2014,apr,17,143,Peoria,0.41037199999999996,25
2014,apr,17,001,Adams,0.4672826968973749,419
2014,apr,17,177,Stephenson,0.4125501029143472,85
2014,apr,17,141,Ogle,0.41933133802816913,142
2014,apr,17,201,Winnebago,0.4047588310619227,215
2014,apr,17,007,Boone,0.4216624475070626,103
2014,apr,17,025,Clay,0.5809907205240176,29
2014,apr,17,185,Wabash,0.3795988764044944,3
2014,apr,17,009,Brown,0.44538085696282287,63
2014,apr,17,151,Pope,,0
2014,apr,17,033,Crawford,0.5328533333333333,15
2014,apr,17,135,Montgomery,0.5082210480133196,176
2014,apr,17,055,Franklin,0.51715,2
2014,apr,17,023,Clark,0.5587930386041045,89
2014,apr,17,059,Gallatin,,0
2014,apr,17,075,Iroquois,0.3691629900494379,250
2014,apr,17,041,Douglas,0.4567897727272726,44
2014,apr,17,189,Washington,0.6281539999999998,75
2014,apr,17,159,Richland,0.5844747396917951,29
2014,apr,17,065,Hamilton,0.5810636363636363,22
2014,apr,17,193,White,0.5805194444444445,18
2014,apr,17,169,Schuyler,0.44448430660615224,81
2014,apr,17,181,Union,,0
2014,apr,17,085,Jo Daviess,0.4704426855895198,51
2014,apr,17,125,Mason,0.37931882156371327,165
2014,apr,17,191,Wayne,0.6027226415094339,53
2014,apr,17,069,Hardin,,0
2014,apr,17,061,Greene,0.5064473044980158,107
2014,apr,17,157,Randolph,0.6732925332869204,46
2014,apr,17,149,Pike,0.4821960843373495,166
2014,apr,17,145,Perry,0.6455750000000001,44
2014,apr,17,087,Johnson,,0
2014,apr,17,173,Shelby,0.49505315110098724,127
2014,apr,17,051,Fayette,0.560633876183335,84
2014,apr,17,139,Moultrie,0.45828095238095223,21
2014,apr,17,017,Cass,0.3916581203608008,85
2014,apr,17,015,Carroll,0.4223743880352865,68
2014,apr,17,047,Edwards,0.5949041666666667,36
2014,apr,17,079,Jasper,0.5346951612903227,31
2014,apr,17,187,Warren,0.35726250000000004,4
2014,apr,17,153,Pulaski,,0
2014,apr,17,165,Saline,,0
2014,apr,17,101,Lawrence,0.5619947368421053,19
2014,apr,17,045,Edgar,0.5333157153983087,36
2014,apr,17,071,Henderson,0.431525,6
2014,apr,17,199,Williamson,,0
2014,apr,17,077,Jackson,0.6669900000000002,15
2014,apr,17,147,Piatt,0.4175556962025317,79
2014,apr,17,053,Ford,0.32991800381343506,136
2014,apr,17,019,Champaign,0.4154674423013129,166
2014,apr,17,029,Coles,0.5103492647058824,68
2014,apr,17,035,Cumberland,0.5523539929427059,43
2014,apr,17,183,Vermilion,0.42498462832476347,188
2014,apr,17,115,Macon,0.42547826086956514,23
2014,apr,17,049,Effingham,0.5389580936932973,73
2014,apr,17,067,Hancock,0.4466524999999999,140
2014,apr,17,095,Knox,0.3918089743589743,39
2014,apr,17,109,McDonough,0.38629999999999987,19
2014,apr,17,081,Jefferson,0.5865380952380954,21
2014,apr,17,113,McLean,0.3434954628780934,73
2014,apr,17,039,De Witt,0.34672500000000006,10
2014,apr,17,105,Livingston,0.3464908817853943,344
2014,apr,17,003,Alexander,,0
2014,apr,17,093,Kendall,0.4477423728813558,59
2014,apr,17,031,Cook,0.38084,10
2014,apr,17,037,DeKalb,0.3693595588235294,68
2014,apr,17,089,Kane,0.37379620253164547,79
2014,apr,17,063,Grundy,0.36211000000000004,50
2014,apr,17,111,McHenry,0.43902582149626246,185
2014,apr,17,197,Will,0.42926760119992324,452
2014,apr,17,043,DuPage,0.359975,4
2014,apr,17,097,Lake,0.4272571011631401,94
2014,apr,17,091,Kankakee,0.3973823722646842,303
2014,apr,17,011,Bureau,0.43463620689655186,58
2014,apr,17,155,Putnam,0.4348940337158525,41
2014,apr,17,099,LaSalle,0.42347152777777813,144
2014,apr,17,131,Mercer,0.3921428571428572,7
2014,apr,17,161,Rock Island,0.4322576923076923,13
2014,apr,17,073,Henry,0.3954954545454546,11
2014,apr,17,103,Lee,0.41220500000000004,40
2014,apr,17,195,Whiteside,0.4180999999999999,67
2014,apr,31,043,Dakota,0.308525,2
2014,apr,31,051,Dixon,0.3543777777777778,9
2014,apr,31,053,Dodge,0.28785681818181824,22
2014,apr,31,025,Cass,0.3331325,60
2014,apr,31,055,Douglas,0.4004625000000001,12
2014,apr,31,153,Sarpy,0.362175,14
2014,apr,31,155,Saunders,0.37399214040318923,123
2014,apr,31,177,Washington,0.333531386474454,19
2014,apr,31,067,Gage,0.3997531771647488,1048
2014,apr,31,109,Lancaster,0.3949938766732973,293
2014,apr,31,159,Seward,0.40895060941665945,135
2014,apr,31,139,Pierce,0.40549999999999997,7
2014,apr,31,119,Madison,0.39021875,8
2014,apr,31,167,Stanton,0.30610625,8
2014,apr,31,117,McPherson,0.3556,7
2014,apr,31,111,Lincoln,0.36503650605060484,1985
2014,apr,31,113,Logan,0.29338235294117654,51
2014,apr,31,007,Banner,0.38581947089243257,2893
2014,apr,31,157,Scotts Bluff,0.43707719852696836,583
2014,apr,31,165,Sioux,0.44204209373332926,347
2014,apr,31,039,Cuming,0.38715,1
2014,apr,31,129,Nuckolls,0.3816127622311949,2205
2014,apr,31,101,Keith,0.38176506297165175,3607
2014,apr,31,137,Phelps,0.39613672361701524,302
2014,apr,31,181,Webster,0.37960992222262474,2296
2014,apr,31,015,Boyd,0.33289355670103093,194
2014,apr,31,171,Thomas,,0
2014,apr,31,089,Holt,0.34006113218493395,176
2014,apr,31,017,Brown,0.41592333333333337,15
2014,apr,31,103,Keya Paha,0.31135,1
2014,apr,31,077,Greeley,0.3313125,4
2014,apr,31,095,Jefferson,0.4146269567591182,729
2014,apr,31,151,Saline,0.3939480756247972,606
2014,apr,31,057,Dundy,0.4615249201548446,3069
2014,apr,31,131,Otoe,0.38804960629921276,154
2014,apr,31,087,Hitchcock,0.4697700968520504,5757
2014,apr,31,105,Kimball,0.30769516069256325,5469
2014,apr,31,127,Nemaha,0.36472545454545463,55
2014,apr,31,041,Custer,0.34232502854846236,620
2014,apr,31,143,Polk,0.29746590909090903,22
2014,apr,31,045,Dawes,0.4548381646462312,2849
2014,apr,31,179,Wayne,0.2612083333333333,6
2014,apr,31,071,Garfield,0.31845,5
2014,apr,31,013,Box Butte,0.4316569878969579,9852
2014,apr,31,173,Thurston,0.2664681818181818,33
2014,apr,31,011,Boone,0.29507333333333335,30
2014,apr,31,145,Red Willow,0.516630852242817,5492
2014,apr,31,149,Rock,0.3756055555555556,9
2014,apr,31,005,Arthur,,0
2014,apr,31,085,Hayes,0.4185030126262805,2942
2014,apr,31,097,Johnson,0.3893835759328032,160
2014,apr,31,003,Antelope,0.3176492838630473,58
2014,apr,31,163,Sherman,0.37427028985507255,69
2014,apr,31,161,Sheridan,0.3711579274887471,4453
2014,apr,31,133,Pawnee,0.41658657227568907,253
2014,apr,31,075,Grant,,0
2014,apr,31,021,Burt,0.2245457001743173,14
2014,apr,31,009,Blaine,0.36628157894736846,19
2014,apr,31,027,Cedar,0.31345,2
2014,apr,31,169,Thayer,0.40250141090161007,1278
2014,apr,31,049,Deuel,0.4122158038188979,6962
2014,apr,31,123,Morrill,0.4130809712470487,2332
2014,apr,31,115,Loup,0.3396411764705882,17
2014,apr,31,063,Frontier,0.4397485177511895,4109
2014,apr,31,125,Nance,0.37055666666666665,60
2014,apr,31,107,Knox,0.3731449612524218,126
2014,apr,31,135,Perkins,0.3952004355124701,9469
2014,apr,31,037,Colfax,0.36189761904761897,63
2014,apr,31,023,Butler,0.36223852690477454,76
2014,apr,31,031,Cherry,0.43085715015782344,133
2014,apr,31,183,Wheeler,0.32467528517110267,9
2014,apr,31,061,Franklin,0.38234024901588914,1276
2014,apr,31,029,Chase,0.4765557676032121,3756
2014,apr,31,059,Fillmore,0.37585773299506975,164
2014,apr,31,185,York,0.3332333333333334,51
2014,apr,31,035,Clay,0.3533760315997526,330
2014,apr,31,033,Cheyenne,0.3298181761029603,14984
2014,apr,31,069,Garden,0.3875530587464715,3828
2014,apr,31,083,Harlan,0.48255761609212505,2863
2014,apr,31,091,Hooker,,0
2014,apr,31,147,Richardson,0.41644301452666477,122
2014,apr,31,065,Furnas,0.5310252827361803,5576
2014,apr,31,175,Valley,0.3748870588235294,85
2014,apr,31,141,Platte,0.34128362068965523,58
2014,apr,31,121,Merrick,0.35333571428571425,35
2014,apr,31,079,Hall,0.36501000000000006,45
2014,apr,31,081,Hamilton,0.32498194448054485,151
2014,apr,31,093,Howard,0.40349999999999997,58
2014,apr,31,001,Adams,0.3435810948996135,384
2014,apr,31,099,Kearney,0.3356262266091636,660
2014,apr,31,019,Buffalo,0.3539263698630137,292
2014,apr,31,073,Gosper,0.46606573332789275,1474
2014,apr,31,047,Dawson,0.38561810669505014,356
2014,apr,37,037,Chatham,,0
2014,apr,37,115,Madison,,0
2014,apr,37,087,Haywood,,0
2014,apr,37,021,Buncombe,,0
2014,apr,37,089,Henderson,,0
2014,apr,37,175,Transylvania,0.6816,1
2014,apr,37,167,Stanly,0.758275,4
2014,apr,37,109,Lincoln,0.7562625000000001,4
2014,apr,37,159,Rowan,0.7246055555555556,9
2014,apr,37,025,Cabarrus,0.6148666666666666,3
2014,apr,37,097,Iredell,0.761298415213946,13
2014,apr,37,071,Gaston,0.71559,5
2014,apr,37,179,Union,0.7067400579809006,12
2014,apr,37,119,Mecklenburg,,0
2014,apr,37,045,Cleveland,0.7370507968127491,34
2014,apr,37,005,Alleghany,0.537,1
2014,apr,37,173,Swain,,0
2014,apr,37,011,Avery,,0
2014,apr,37,033,Caswell,0.5997279651876368,107
2014,apr,37,075,Graham,,0
2014,apr,37,007,Anson,0.71966,5
2014,apr,37,149,Polk,0.75115,2
2014,apr,37,039,Cherokee,,0
2014,apr,37,113,Macon,,0
2014,apr,37,009,Ashe,,0
2014,apr,37,123,Montgomery,0.6795682119205299,2
2014,apr,37,043,Clay,,0
2014,apr,37,121,Mitchell,,0
2014,apr,37,199,Yancey,,0
2014,apr,37,189,Watauga,,0
2014,apr,37,099,Jackson,,0
2014,apr,37,161,Rutherford,0.6652700000000001,10
2014,apr,37,193,Wilkes,0.69671,5
2014,apr,37,125,Moore,0.6174908396946566,12
2014,apr,37,153,Richmond,0.8199375,32
2014,apr,37,093,Hoke,0.6832772727272727,11
2014,apr,37,165,Scotland,0.6142911764705882,34
2014,apr,37,155,Robeson,0.6376515384615384,65
2014,apr,37,001,Alamance,0.6409038618226465,142
2014,apr,37,151,Randolph,0.6563841500215548,28
2014,apr,37,081,Guilford,0.641195000409467,99
2014,apr,37,157,Rockingham,0.5974769918743525,291
2014,apr,37,171,Surry,0.7173,2
2014,apr,37,057,Davidson,0.7057922802001428,70
2014,apr,37,169,Stokes,0.541458108108108,37
2014,apr,37,067,Forsyth,0.5747593750000001,16
2014,apr,37,197,Yadkin,0.5954553240740741,8
2014,apr,37,059,Davie,0.7382182150581934,77
2014,apr,37,027,Caldwell,0.68725,2
2014,apr,37,003,Alexander,0.6164833333333334,3
2014,apr,37,035,Catawba,0.63229,5
2014,apr,37,023,Burke,,0
2014,apr,37,111,McDowell,,0
2014,apr,37,029,Camden,,0
2014,apr,37,139,Pasquotank,0.705346551724138,29
2014,apr,37,143,Perquimans,0.7369251125562781,8
2014,apr,37,177,Tyrrell,,0
2014,apr,37,055,Dare,,0
2014,apr,37,073,Gates,,0
2014,apr,37,053,Currituck,0.7373203703703703,27
2014,apr,37,019,Brunswick,0.6998117647058825,17
2014,apr,37,031,Carteret,,0
2014,apr,37,137,Pamlico,,0
2014,apr,37,049,Craven,,0
2014,apr,37,103,Jones,0.8066500000000001,2
2014,apr,37,085,Harnett,0.6781500000000001,7
2014,apr,37,063,Durham,0.6579424628450106,17
2014,apr,37,145,Person,0.6160057539924417,35
2014,apr,37,135,Orange,0.66419625,40
2014,apr,37,181,Vance,0.6613333333333334,21
2014,apr,37,077,Granville,0.6324395761310686,184
2014,apr,37,069,Franklin,0.696309375,16
2014,apr,37,101,Johnston,0.727240909090909,12
2014,apr,37,183,Wake,0.6721712519319939,8
2014,apr,37,105,Lee,0.670625,4
2014,apr,37,131,Northampton,0.6229764705882354,17
2014,apr,37,083,Halifax,0.6893758233285605,36
2014,apr,37,127,Nash,0.6975571428571429,7
2014,apr,37,065,Edgecombe,0.6780608633224282,218
2014,apr,37,195,Wilson,0.7806000000000001,1
2014,apr,37,163,Sampson,0.7228738095238094,42
2014,apr,37,185,Warren,0.6778583333333333,6
2014,apr,37,187,Washington,0.6849625000000003,20
2014,apr,37,061,Duplin,0.6693476190476191,21
2014,apr,37,091,Hertford,0.7226979651293085,89
2014,apr,37,017,Bladen,,0
2014,apr,37,095,Hyde,,0
2014,apr,37,015,Bertie,0.7232937127817255,745
2014,apr,37,079,Greene,0.7607833333333334,3
2014,apr,37,041,Chowan,0.7279606229597388,145
2014,apr,37,117,Martin,0.7116557999464621,177
2014,apr,37,047,Columbus,0.6734607142857144,14
2014,apr,37,191,Wayne,0.699465,10
2014,apr,37,133,Onslow,,0
2014,apr,37,107,Lenoir,0.6085681818181818,11
2014,apr,37,129,New Hanover,,0
2014,apr,37,141,Pender,,0
2014,apr,37,051,Cumberland,0.7679166666666668,9
2014,apr,37,147,Pitt,0.6897678288114129,61
2014,apr,37,013,Beaufort,,0
2015,apr,17,121,Marion,0.5954715482718688,284
2015,apr,17,005,Bond,0.5809979381443301,97
2015,apr,17,083,Jersey,0.6068093023255814,43
2015,apr,17,163,St. Clair,0.6318189205085849,474
2015,apr,17,027,Clinton,0.6255935673417857,587
2015,apr,17,013,Calhoun,0.6610675675675675,37
2015,apr,17,119,Madison,0.5766462988294093,151
2015,apr,17,133,Monroe,0.6273723295010608,352
2015,apr,17,117,Macoupin,0.5847159255554548,130
2015,apr,17,171,Scott,0.5024536363636364,55
2015,apr,17,137,Morgan,0.5000747654584223,57
2015,apr,17,107,Logan,0.4543994476068578,117
2015,apr,17,129,Menard,0.5423098578105459,60
2015,apr,17,167,Sangamon,0.5144001290925072,73
2015,apr,17,021,Christian,0.5486135810908045,56
2015,apr,17,127,Massac,,0
2015,apr,17,057,Fulton,0.4873213962760495,96
2015,apr,17,175,Stark,0.4677951291853415,30
2015,apr,17,203,Woodford,0.5168218269066348,184
2015,apr,17,179,Tazewell,0.4856842751160567,180
2015,apr,17,123,Marshall,0.5377559068523134,65
2015,apr,17,143,Peoria,0.5169924961737697,136
2015,apr,17,001,Adams,0.5558681249999999,320
2015,apr,17,177,Stephenson,0.395904504088162,223
2015,apr,17,141,Ogle,0.42951084411760493,276
2015,apr,17,201,Winnebago,0.42698698013200137,351
2015,apr,17,007,Boone,0.43135763000547916,169
2015,apr,17,025,Clay,0.6385085309080435,328
2015,apr,17,185,Wabash,0.4893872340425534,47
2015,apr,17,009,Brown,0.5524170377492157,39
2015,apr,17,151,Pope,0.7654000000000001,1
2015,apr,17,033,Crawford,0.608487037037037,27
2015,apr,17,135,Montgomery,0.4972516943198962,192
2015,apr,17,055,Franklin,0.6293990697674421,215
2015,apr,17,023,Clark,0.5183360655737705,61
2015,apr,17,059,Gallatin,0.6291125000000001,20
2015,apr,17,075,Iroquois,0.4680469535642219,311
2015,apr,17,041,Douglas,0.5586932692307693,52
2015,apr,17,189,Washington,0.6200665395651594,819
2015,apr,17,159,Richland,0.6023951492537312,134
2015,apr,17,065,Hamilton,0.6252948878285296,102
2015,apr,17,193,White,0.6172,45
2015,apr,17,169,Schuyler,0.5208289473684211,57
2015,apr,17,181,Union,0.665179411764706,17
2015,apr,17,085,Jo Daviess,0.4756406478840668,102
2015,apr,17,125,Mason,0.5401415307894885,210
2015,apr,17,191,Wayne,0.633991295033056,299
2015,apr,17,069,Hardin,,0
2015,apr,17,061,Greene,0.5544351694915254,118
2015,apr,17,157,Randolph,0.6325220396066279,410
2015,apr,17,149,Pike,0.5211750104656603,161
2015,apr,17,145,Perry,0.6534369193703828,431
2015,apr,17,087,Johnson,0.75405,1
2015,apr,17,173,Shelby,0.528394191706224,163
2015,apr,17,051,Fayette,0.5849865057374755,142
2015,apr,17,139,Moultrie,0.5169768421052632,43
2015,apr,17,017,Cass,0.48300142857142864,70
2015,apr,17,015,Carroll,0.434568115127249,144
2015,apr,17,047,Edwards,0.5731773870341058,110
2015,apr,17,079,Jasper,0.5182287962906472,66
2015,apr,17,187,Warren,0.46282777777777784,36
2015,apr,17,153,Pulaski,0.8269000000000001,1
2015,apr,17,165,Saline,0.6378162271710772,43
2015,apr,17,101,Lawrence,0.5836189024390241,82
2015,apr,17,045,Edgar,0.5412743616843745,71
2015,apr,17,071,Henderson,0.5277967664670659,17
2015,apr,17,199,Williamson,0.6116248510131109,15
2015,apr,17,077,Jackson,0.6523404678347811,158
2015,apr,17,147,Piatt,0.505912027590171,56
2015,apr,17,053,Ford,0.4330053184493986,126
2015,apr,17,019,Champaign,0.5388295553974275,151
2015,apr,17,029,Coles,0.5361181058495823,83
2015,apr,17,035,Cumberland,0.504928500473037,44
2015,apr,17,183,Vermilion,0.5108546881900891,179
2015,apr,17,115,Macon,0.4707942525847216,56
2015,apr,17,049,Effingham,0.5293088699006164,141
2015,apr,17,067,Hancock,0.5474135664216104,138
2015,apr,17,095,Knox,0.5203222774126085,54
2015,apr,17,109,McDonough,0.49189308681672017,37
2015,apr,17,081,Jefferson,0.6257049549549548,222
2015,apr,17,113,McLean,0.486863986013986,143
2015,apr,17,039,De Witt,0.5158809523809524,21
2015,apr,17,105,Livingston,0.47606175880782003,413
2015,apr,17,003,Alexander,0.6520300000000001,10
2015,apr,17,093,Kendall,0.4438582028260982,77
2015,apr,17,031,Cook,0.458859778597786,3
2015,apr,17,037,DeKalb,0.42219266511782266,394
2015,apr,17,089,Kane,0.46209991999192696,276
2015,apr,17,063,Grundy,0.45687727272727274,55
2015,apr,17,111,McHenry,0.42553083525713425,320
2015,apr,17,197,Will,0.46859299335135507,537
2015,apr,17,043,DuPage,0.3603401785714286,3
2015,apr,17,097,Lake,0.41951390704667274,62
2015,apr,17,091,Kankakee,0.47769203669802895,463
2015,apr,17,011,Bureau,0.5106818111520877,231
2015,apr,17,155,Putnam,0.5039235294117648,85
2015,apr,17,099,LaSalle,0.47627888649317224,239
2015,apr,17,131,Mercer,0.3967618421052631,38
2015,apr,17,161,Rock Island,0.5055673338670936,25
2015,apr,17,073,Henry,0.481500723922343,72
2015,apr,17,103,Lee,0.4480353249836026,130
2015,apr,17,195,Whiteside,0.4468311111111112,225
2015,apr,31,043,Dakota,,0
2015,apr,31,051,Dixon,0.41854166666666676,6
2015,apr,31,053,Dodge,0.4167586956521739,23
2015,apr,31,025,Cass,0.4485221781523716,73
2015,apr,31,055,Douglas,0.4606015136194148,63
2015,apr,31,153,Sarpy,0.34538043478260866,23
2015,apr,31,155,Saunders,0.42188562118633516,189
2015,apr,31,177,Washington,0.31918742390259536,25
2015,apr,31,067,Gage,0.5069378812667753,950
2015,apr,31,109,Lancaster,0.46866683521887414,270
2015,apr,31,159,Seward,0.46282548223651077,133
2015,apr,31,139,Pierce,0.33485000000000004,1
2015,apr,31,119,Madison,0.31665000000000004,1
2015,apr,31,167,Stanton,0.41189729729729735,37
2015,apr,31,117,McPherson,0.27950595238095244,42
2015,apr,31,111,Lincoln,0.3908774246114575,1604
2015,apr,31,113,Logan,0.3220622667588114,58
2015,apr,31,007,Banner,0.4196820067724391,3291
2015,apr,31,157,Scotts Bluff,0.4185010946948088,1041
2015,apr,31,165,Sioux,0.4784099659160581,381
2015,apr,31,039,Cuming,0.3883307692307692,13
2015,apr,31,129,Nuckolls,0.46309364194893504,2002
2015,apr,31,101,Keith,0.42848100108937887,3167
2015,apr,31,137,Phelps,0.43733746537396123,208
2015,apr,31,181,Webster,0.43706033284731716,1508
2015,apr,31,015,Boyd,0.4146833186917152,175
2015,apr,31,171,Thomas,,0
2015,apr,31,089,Holt,0.42279718463496363,151
2015,apr,31,017,Brown,0.3284,1
2015,apr,31,103,Keya Paha,0.3319543284532148,15
2015,apr,31,077,Greeley,0.42152500000000004,10
2015,apr,31,095,Jefferson,0.5277118686062491,577
2015,apr,31,151,Saline,0.49959724107070813,539
2015,apr,31,057,Dundy,0.4511104040879742,2828
2015,apr,31,131,Otoe,0.4567152073356553,151
2015,apr,31,087,Hitchcock,0.44689270272219256,4870
2015,apr,31,105,Kimball,0.3637181678676641,6506
2015,apr,31,127,Nemaha,0.4503518987341772,79
2015,apr,31,041,Custer,0.36317834559808965,322
2015,apr,31,143,Polk,0.3446137269450922,19
2015,apr,31,045,Dawes,0.4839135296064499,2661
2015,apr,31,179,Wayne,,0
2015,apr,31,071,Garfield,0.522008695652174,23
2015,apr,31,013,Box Butte,0.47131880027415024,10131
2015,apr,31,173,Thurston,0.3700986111111111,36
2015,apr,31,011,Boone,0.32975000000000004,7
2015,apr,31,145,Red Willow,0.45891692068330137,4286
2015,apr,31,149,Rock,0.5205500000000001,8
2015,apr,31,005,Arthur,0.3684342857142857,35
2015,apr,31,085,Hayes,0.3810537319107712,2054
2015,apr,31,097,Johnson,0.505200260416667,192
2015,apr,31,003,Antelope,0.41398760330578516,66
2015,apr,31,163,Sherman,0.4308892857142858,56
2015,apr,31,161,Sheridan,0.4459035463384365,4080
2015,apr,31,133,Pawnee,0.48657151027251705,349
2015,apr,31,075,Grant,,0
2015,apr,31,021,Burt,0.413131088933805,16
2015,apr,31,009,Blaine,0.33178749999999996,8
2015,apr,31,027,Cedar,0.3344684210526315,19
2015,apr,31,169,Thayer,0.5141317939084669,986
2015,apr,31,049,Deuel,0.4143026267257971,6399
2015,apr,31,123,Morrill,0.44565348886523815,2472
2015,apr,31,115,Loup,0.4087,12
2015,apr,31,063,Frontier,0.4006071903234686,3297
2015,apr,31,125,Nance,0.3858323529411765,17
2015,apr,31,107,Knox,0.43389883720930217,86
2015,apr,31,135,Perkins,0.44583689718658137,7985
2015,apr,31,037,Colfax,0.45886250000000006,84
2015,apr,31,023,Butler,0.44905649350649346,77
2015,apr,31,031,Cherry,0.40005469263434584,156
2015,apr,31,183,Wheeler,0.373475,4
2015,apr,31,061,Franklin,0.41388485067771646,604
2015,apr,31,029,Chase,0.4671529959955899,3880
2015,apr,31,059,Fillmore,0.5492539385993668,288
2015,apr,31,185,York,0.43721633262790993,33
2015,apr,31,035,Clay,0.4399174750188536,171
2015,apr,31,033,Cheyenne,0.44621361557763206,16096
2015,apr,31,069,Garden,0.4598490715553903,4042
2015,apr,31,083,Harlan,0.43455357580468823,1803
2015,apr,31,091,Hooker,,0
2015,apr,31,147,Richardson,0.5209718446601942,126
2015,apr,31,065,Furnas,0.45840059677607137,4060
2015,apr,31,175,Valley,0.38117794117647064,34
2015,apr,31,141,Platte,0.4293363636363637,11
2015,apr,31,121,Merrick,0.5371626794258372,56
2015,apr,31,079,Hall,0.45407247203629675,89
2015,apr,31,081,Hamilton,0.47390899407956627,71
2015,apr,31,093,Howard,0.44518291680368294,36
2015,apr,31,001,Adams,0.4563987248753818,246
2015,apr,31,099,Kearney,0.4415719589461307,412
2015,apr,31,019,Buffalo,0.47476667919108895,237
2015,apr,31,073,Gosper,0.42660836251483447,1085
2015,apr,31,047,Dawson,0.45070411373075986,202
2015,apr,37,037,Chatham,0.7955197095435685,18
2015,apr,37,115,Madison,,0
2015,apr,37,087,Haywood,,0
2015,apr,37,021,Buncombe,,0
2015,apr,37,089,Henderson,,0
2015,apr,37,175,Transylvania,,0
2015,apr,37,167,Stanly,0.672475,2
2015,apr,37,109,Lincoln,0.7650676470588236,17
2015,apr,37,159,Rowan,0.7376833333333334,3
2015,apr,37,025,Cabarrus,,0
2015,apr,37,097,Iredell,0.7202000000000001,1
2015,apr,37,071,Gaston,0.7825423076923077,13
2015,apr,37,179,Union,0.7579166666666667,9
2015,apr,37,119,Mecklenburg,,0
2015,apr,37,045,Cleveland,0.7863583333333333,12
2015,apr,37,005,Alleghany,0.5759500000000001,1
2015,apr,37,173,Swain,,0
2015,apr,37,011,Avery,,0
2015,apr,37,033,Caswell,0.6877414023054207,43
2015,apr,37,075,Graham,,0
2015,apr,37,007,Anson,0.7646777777777778,9
2015,apr,37,149,Polk,,0
2015,apr,37,039,Cherokee,,0
2015,apr,37,113,Macon,,0
2015,apr,37,009,Ashe,,0
2015,apr,37,123,Montgomery,0.5823100000000001,10
2015,apr,37,043,Clay,,0
2015,apr,37,121,Mitchell,,0
2015,apr,37,199,Yancey,,0
2015,apr,37,189,Watauga,,0
2015,apr,37,099,Jackson,,0
2015,apr,37,161,Rutherford,0.7648192307692308,13
2015,apr,37,193,Wilkes,,0
2015,apr,37,125,Moore,0.5846454545454545,22
2015,apr,37,153,Richmond,0.7088058823529412,17
2015,apr,37,093,Hoke,0.611875,2
2015,apr,37,165,Scotland,,0
2015,apr,37,155,Robeson,0.6368059059384484,21
2015,apr,37,001,Alamance,0.7464830432922046,55
2015,apr,37,151,Randolph,0.7586222222222223,9
2015,apr,37,081,Guilford,0.709276582278481,79
2015,apr,37,157,Rockingham,0.6745459595959598,99
2015,apr,37,171,Surry,,0
2015,apr,37,057,Davidson,0.7482125,8
2015,apr,37,169,Stokes,0.6602375,8
2015,apr,37,067,Forsyth,0.59895,1
2015,apr,37,197,Yadkin,0.7086937500000001,8
2015,apr,37,059,Davie,0.741425,12
2015,apr,37,027,Caldwell,0.7492000000000001,1
2015,apr,37,003,Alexander,0.50366,5
2015,apr,37,035,Catawba,0.79279,10
2015,apr,37,023,Burke,0.536,4
2015,apr,37,111,McDowell,,0
2015,apr,37,029,Camden,,0
2015,apr,37,139,Pasquotank,0.6539852272727273,44
2015,apr,37,143,Perquimans,0.7449604184457729,6
2015,apr,37,177,Tyrrell,,0
2015,apr,37,055,Dare,0.4469,1
2015,apr,37,073,Gates,0.7670272727272728,22
2015,apr,37,053,Currituck,0.6331151785714286,56
2015,apr,37,019,Brunswick,,0
2015,apr,37,031,Carteret,,0
2015,apr,37,137,Pamlico,,0
2015,apr,37,049,Craven,,0
2015,apr,37,103,Jones,0.6789750000000001,2
2015,apr,37,085,Harnett,0.6989166666666665,6
2015,apr,37,063,Durham,0.7201583333333333,12
2015,apr,37,145,Person,0.6997851851851853,27
2015,apr,37,135,Orange,0.7373264469585177,48
2015,apr,37,181,Vance,0.6796451612903225,31
2015,apr,37,077,Granville,0.7054493714099925,218
2015,apr,37,069,Franklin,0.7373635135135135,37
2015,apr,37,101,Johnston,0.6740589285714288,28
2015,apr,37,183,Wake,0.7259681779839732,28
2015,apr,37,105,Lee,0.566325,2
2015,apr,37,131,Northampton,0.7419562500000001,16
2015,apr,37,083,Halifax,0.7061491071428571,56
2015,apr,37,127,Nash,0.6986992402315486,28
2015,apr,37,065,Edgecombe,0.7001172576432977,176
2015,apr,37,195,Wilson,0.5899625000000001,4
2015,apr,37,163,Sampson,0.7311923299020836,79
2015,apr,37,185,Warren,0.731628,25
2015,apr,37,187,Washington,0.7183421052631579,19
2015,apr,37,061,Duplin,0.7514423076923078,13
2015,apr,37,091,Hertford,0.7511608620810792,115
2015,apr,37,017,Bladen,0.7829250000000001,2
2015,apr,37,095,Hyde,0.7450648648648648,74
2015,apr,37,015,Bertie,0.7439043880996078,871
2015,apr,37,079,Greene,0.74155,3
2015,apr,37,041,Chowan,0.7101715979975365,198
2015,apr,37,117,Martin,0.6979723602484468,161
2015,apr,37,047,Columbus,0.743225,4
2015,apr,37,191,Wayne,0.7027012689518788,12
2015,apr,37,133,Onslow,,0
2015,apr,37,107,Lenoir,0.707675,10
2015,apr,37,129,New Hanover,,0
2015,apr,37,141,Pender,,0
2015,apr,37,051,Cumberland,,0
2015,apr,37,147,Pitt,0.699377331167643,86
2015,apr,37,013,Beaufort,0.56238,5
2016,apr,17,121,Marion,0.6563496408111305,44
2016,apr,17,005,Bond,0.703155264423077,50
2016,apr,17,083,Jersey,0.6732658339912032,35
2016,apr,17,163,St. Clair,0.6972915979496324,37
2016,apr,17,027,Clinton,0.7066507102272725,42
2016,apr,17,013,Calhoun,0.6756357142857143,21
2016,apr,17,119,Madison,0.6611361999801905,81
2016,apr,17,133,Monroe,0.6612999050074638,60
2016,apr,17,117,Macoupin,0.6806173674484395,173
2016,apr,17,171,Scott,0.6055777777777779,9
2016,apr,17,137,Morgan,0.6138611940298507,67
2016,apr,17,107,Logan,0.5423698161962971,88
2016,apr,17,129,Menard,0.6272598360655741,56
2016,apr,17,167,Sangamon,0.6106368578290668,68
2016,apr,17,021,Christian,0.6134953540651926,64
2016,apr,17,127,Massac,0.46790000000000004,2
2016,apr,17,057,Fulton,0.5858358974358976,78
2016,apr,17,175,Stark,0.5881359375000001,32
2016,apr,17,203,Woodford,0.6100921585584795,180
2016,apr,17,179,Tazewell,0.5663587734308159,152
2016,apr,17,123,Marshall,0.5393653846153846,26
2016,apr,17,143,Peoria,0.5444166216894691,63
2016,apr,17,001,Adams,0.6320559621681255,223
2016,apr,17,177,Stephenson,0.5213961987621163,137
2016,apr,17,141,Ogle,0.5406378482547801,239
2016,apr,17,201,Winnebago,0.5089631973893715,252
2016,apr,17,007,Boone,0.5265236140645122,132
2016,apr,17,025,Clay,0.6813938941864044,26
2016,apr,17,185,Wabash,0.5549000000000001,1
2016,apr,17,009,Brown,0.5952548611111109,72
2016,apr,17,151,Pope,0.44146666666666673,3
2016,apr,17,033,Crawford,,0
2016,apr,17,135,Montgomery,0.6333022995611053,131
2016,apr,17,055,Franklin,0.6334068181818183,22
2016,apr,17,023,Clark,0.6452687500000001,24
2016,apr,17,059,Gallatin,0.6104325,20
2016,apr,17,075,Iroquois,0.571380558592485,392
2016,apr,17,041,Douglas,0.6187045454545456,66
2016,apr,17,189,Washington,0.6564482954545455,88
2016,apr,17,159,Richland,0.4839768828451883,4
2016,apr,17,065,Hamilton,0.6852695652173912,23
2016,apr,17,193,White,0.6707907407407409,27
2016,apr,17,169,Schuyler,0.5720634615384618,52
2016,apr,17,181,Union,0.7816500000000001,1
2016,apr,17,085,Jo Daviess,0.5391622851855116,45
2016,apr,17,125,Mason,0.5605697833523373,86
2016,apr,17,191,Wayne,0.6919768518518518,54
2016,apr,17,069,Hardin,,0
2016,apr,17,061,Greene,0.6648905660377359,53
2016,apr,17,157,Randolph,0.6863132263321996,57
2016,apr,17,149,Pike,0.6179435134726005,104
2016,apr,17,145,Perry,0.6744473264355105,51
2016,apr,17,087,Johnson,0.7151583333333335,6
2016,apr,17,173,Shelby,0.6307812030075192,133
2016,apr,17,051,Fayette,0.6512838526986118,79
2016,apr,17,139,Moultrie,0.5600666666666667,27
2016,apr,17,017,Cass,0.6276315789473681,76
2016,apr,17,015,Carroll,0.5103476292816944,89
2016,apr,17,047,Edwards,0.6720909090909091,11
2016,apr,17,079,Jasper,0.6226604320804974,15
2016,apr,17,187,Warren,0.5307042492476911,38
2016,apr,17,153,Pulaski,0.60775,1
2016,apr,17,165,Saline,0.6516500000000001,7
2016,apr,17,101,Lawrence,0.6471333333333334,3
2016,apr,17,045,Edgar,0.7528463903228293,54
2016,apr,17,071,Henderson,0.6570256203429068,56
2016,apr,17,199,Williamson,0.7230888888888889,18
2016,apr,17,077,Jackson,0.6627166666666667,6
2016,apr,17,147,Piatt,0.6994758928571433,56
2016,apr,17,053,Ford,0.5992395206262645,227
2016,apr,17,019,Champaign,0.5764620423328077,88
2016,apr,17,029,Coles,0.6787975058810952,74
2016,apr,17,035,Cumberland,0.6430450000000003,30
2016,apr,17,183,Vermilion,0.5894808771617953,157
2016,apr,17,115,Macon,0.6252243163883282,43
2016,apr,17,049,Effingham,0.6257689119170984,83
2016,apr,17,067,Hancock,0.646033009708738,103
2016,apr,17,095,Knox,0.6011459891435464,33
2016,apr,17,109,McDonough,0.5593022727272727,22
2016,apr,17,081,Jefferson,0.6905465077233043,41
2016,apr,17,113,McLean,0.5692245844172326,127
2016,apr,17,039,De Witt,0.5544604166666666,24
2016,apr,17,105,Livingston,0.5721353215393835,519
2016,apr,17,003,Alexander,,0
2016,apr,17,093,Kendall,0.5679748277197058,102
2016,apr,17,031,Cook,0.5078357142857144,14
2016,apr,17,037,DeKalb,0.5391137218349819,339
2016,apr,17,089,Kane,0.5301647232627228,124
2016,apr,17,063,Grundy,0.6051451612903224,62
2016,apr,17,111,McHenry,0.5106137584898871,262
2016,apr,17,197,Will,0.6082537555281424,598
2016,apr,17,043,DuPage,0.43486250000000004,4
2016,apr,17,097,Lake,0.5756688738521024,116
2016,apr,17,091,Kankakee,0.566576766232518,329
2016,apr,17,011,Bureau,0.6162734760907602,138
2016,apr,17,155,Putnam,0.6041144803425457,51
2016,apr,17,099,LaSalle,0.5612272998673153,198
2016,apr,17,131,Mercer,0.6191222222222224,9
2016,apr,17,161,Rock Island,0.51531,5
2016,apr,17,073,Henry,0.565083962264151,53
2016,apr,17,103,Lee,0.5917223373318795,93
2016,apr,17,195,Whiteside,0.5640069854620694,147
2016,apr,31,043,Dakota,,0
2016,apr,31,051,Dixon,0.56771,5
2016,apr,31,053,Dodge,0.6231550000000001,20
2016,apr,31,025,Cass,0.5481776116692894,35
2016,apr,31,055,Douglas,0.5431575,20
2016,apr,31,153,Sarpy,0.37396,5
2016,apr,31,155,Saunders,0.5766722336248437,90
2016,apr,31,177,Washington,0.621275,2
2016,apr,31,067,Gage,0.6040041000974873,490
2016,apr,31,109,Lancaster,0.5395699541180212,174
2016,apr,31,159,Seward,0.586991509433962,106
2016,apr,31,139,Pierce,0.5406573529411766,34
2016,apr,31,119,Madison,0.6005133333333333,30
2016,apr,31,167,Stanton,0.5461944444444444,9
2016,apr,31,117,McPherson,0.38584,5
2016,apr,31,111,Lincoln,0.523427655694573,1430
2016,apr,31,113,Logan,0.46968945756780406,71
2016,apr,31,007,Banner,0.48464706417676034,3518
2016,apr,31,157,Scotts Bluff,0.5385410993446273,1008
2016,apr,31,165,Sioux,0.553881977128904,424
2016,apr,31,039,Cuming,0.49015000000000003,1
2016,apr,31,129,Nuckolls,0.5475806633437069,1541
2016,apr,31,101,Keith,0.6087020914961577,3451
2016,apr,31,137,Phelps,0.5252049150036957,128
2016,apr,31,181,Webster,0.5551475127863865,1686
2016,apr,31,015,Boyd,0.6888038095238096,105
2016,apr,31,171,Thomas,,0
2016,apr,31,089,Holt,0.6488554480506675,180
2016,apr,31,017,Brown,0.502425,2
2016,apr,31,103,Keya Paha,0.5699959849435383,4
2016,apr,31,077,Greeley,0.5849799508544623,36
2016,apr,31,095,Jefferson,0.5951640065665881,461
2016,apr,31,151,Saline,0.529021783657058,312
2016,apr,31,057,Dundy,0.6246704762556666,2856
2016,apr,31,131,Otoe,0.577460117153112,120
2016,apr,31,087,Hitchcock,0.6240151432972609,4811
2016,apr,31,105,Kimball,0.40020679914992735,7444
2016,apr,31,127,Nemaha,0.6113086956521738,69
2016,apr,31,041,Custer,0.5348382639005026,446
2016,apr,31,143,Polk,0.49761111111111117,9
2016,apr,31,045,Dawes,0.529806068932359,2893
2016,apr,31,179,Wayne,0.47598333333333337,3
2016,apr,31,071,Garfield,0.6211272727272728,11
2016,apr,31,013,Box Butte,0.5574216969701257,9451
2016,apr,31,173,Thurston,0.5692848837209304,43
2016,apr,31,011,Boone,0.6554295788506954,30
2016,apr,31,145,Red Willow,0.6422046093342021,4525
2016,apr,31,149,Rock,,0
2016,apr,31,005,Arthur,0.5257357142857143,7
2016,apr,31,085,Hayes,0.5642507138586209,2111
2016,apr,31,097,Johnson,0.5976150800588943,173
2016,apr,31,003,Antelope,0.6508112849430938,115
2016,apr,31,163,Sherman,0.5617238014101059,68
2016,apr,31,161,Sheridan,0.5488350154643786,3962
2016,apr,31,133,Pawnee,0.6475174820156631,225
2016,apr,31,075,Grant,,0
2016,apr,31,021,Burt,0.50025,5
2016,apr,31,009,Blaine,,0
2016,apr,31,027,Cedar,0.5854821428571428,14
2016,apr,31,169,Thayer,0.5820185844898116,817
2016,apr,31,049,Deuel,0.6252774755279961,7264
2016,apr,31,123,Morrill,0.5368006024145049,2460
2016,apr,31,115,Loup,0.55245,5
2016,apr,31,063,Frontier,0.5743674599012478,3275
2016,apr,31,125,Nance,0.5696972692924204,35
2016,apr,31,107,Knox,0.5928336065573772,61
2016,apr,31,135,Perkins,0.5846118352057755,8249
2016,apr,31,037,Colfax,0.6336903225806451,31
2016,apr,31,023,Butler,0.5547429242329368,51
2016,apr,31,031,Cherry,0.5446151382618509,126
2016,apr,31,183,Wheeler,0.5522654347612981,43
2016,apr,31,061,Franklin,0.5557131806722057,795
2016,apr,31,029,Chase,0.6003226179299925,3642
2016,apr,31,059,Fillmore,0.5458579365079363,126
2016,apr,31,185,York,0.5652384615384616,26
2016,apr,31,035,Clay,0.5036409321659803,165
2016,apr,31,033,Cheyenne,0.5148786060596096,16278
2016,apr,31,069,Garden,0.561646802416345,4070
2016,apr,31,083,Harlan,0.5575093366032884,1844
2016,apr,31,091,Hooker,,0
2016,apr,31,147,Richardson,0.6059503123489385,107
2016,apr,31,065,Furnas,0.619212506639848,3986
2016,apr,31,175,Valley,0.5771620879120882,91
2016,apr,31,141,Platte,0.5211843749999999,16
2016,apr,31,121,Merrick,0.6056039769376922,62
2016,apr,31,079,Hall,0.6564097722444543,81
2016,apr,31,081,Hamilton,0.6216186639156099,144
2016,apr,31,093,Howard,0.594115905947441,88
2016,apr,31,001,Adams,0.5211569121783524,270
2016,apr,31,099,Kearney,0.5610064676683904,439
2016,apr,31,019,Buffalo,0.5782070486824319,228
2016,apr,31,073,Gosper,0.558506159561344,727
2016,apr,31,047,Dawson,0.5482396304700698,244
2016,apr,37,037,Chatham,0.8183489429175476,11
2016,apr,37,115,Madison,,0
2016,apr,37,087,Haywood,,0
2016,apr,37,021,Buncombe,,0
2016,apr,37,089,Henderson,,0
2016,apr,37,175,Transylvania,,0
2016,apr,37,167,Stanly,0.7862803571428572,28
2016,apr,37,109,Lincoln,0.7695000000000001,4
2016,apr,37,159,Rowan,0.74560625,8
2016,apr,37,025,Cabarrus,0.7015312499999999,8
2016,apr,37,097,Iredell,0.7342334853158105,147
2016,apr,37,071,Gaston,0.7431500000000001,7
2016,apr,37,179,Union,0.6702875,4
2016,apr,37,119,Mecklenburg,0.7425583333333333,6
2016,apr,37,045,Cleveland,0.717133870967742,31
2016,apr,37,005,Alleghany,,0
2016,apr,37,173,Swain,,0
2016,apr,37,011,Avery,,0
2016,apr,37,033,Caswell,0.6466662162162162,37
2016,apr,37,075,Graham,,0
2016,apr,37,007,Anson,0.7264590909090909,11
2016,apr,37,149,Polk,0.6563,1
2016,apr,37,039,Cherokee,,0
2016,apr,37,113,Macon,,0
2016,apr,37,009,Ashe,,0
2016,apr,37,123,Montgomery,0.7178,8
2016,apr,37,043,Clay,,0
2016,apr,37,121,Mitchell,,0
2016,apr,37,199,Yancey,,0
2016,apr,37,189,Watauga,,0
2016,apr,37,099,Jackson,,0
2016,apr,37,161,Rutherford,0.67644375,16
2016,apr,37,193,Wilkes,,0
2016,apr,37,125,Moore,0.6749516311166875,7
2016,apr,37,153,Richmond,0.4663944444444444,9
2016,apr,37,093,Hoke,0.61397,5
2016,apr,37,165,Scotland,0.5880166666666665,57
2016,apr,37,155,Robeson,0.6754727848101266,158
2016,apr,37,001,Alamance,0.7080602272727272,44
2016,apr,37,151,Randolph,0.7447701833848874,18
2016,apr,37,081,Guilford,0.7057063402123346,33
2016,apr,37,157,Rockingham,0.6621345316512223,36
2016,apr,37,171,Surry,0.6115,2
2016,apr,37,057,Davidson,0.8459166666666667,6
2016,apr,37,169,Stokes,0.61022,5
2016,apr,37,067,Forsyth,0.5795250000000001,2
2016,apr,37,197,Yadkin,0.7252166666666667,3
2016,apr,37,059,Davie,,0
2016,apr,37,027,Caldwell,,0
2016,apr,37,003,Alexander,0.8022214757709252,2
2016,apr,37,035,Catawba,0.5441,3
2016,apr,37,023,Burke,,0
2016,apr,37,111,McDowell,,0
2016,apr,37,029,Camden,0.6561000000000001,4
2016,apr,37,139,Pasquotank,0.6022481132075471,53
2016,apr,37,143,Perquimans,0.6824605038132655,17
2016,apr,37,177,Tyrrell,0.5834333333333334,3
2016,apr,37,055,Dare,0.6878768292682929,41
2016,apr,37,073,Gates,0.5458625,4
2016,apr,37,053,Currituck,0.7220000000000001,1
2016,apr,37,019,Brunswick,0.6304500000000001,1
2016,apr,37,031,Carteret,0.7675500000000001,2
2016,apr,37,137,Pamlico,,0
2016,apr,37,049,Craven,,0
2016,apr,37,103,Jones,0.7240000000000001,1
2016,apr,37,085,Harnett,0.7213135179153095,5
2016,apr,37,063,Durham,0.7176017906336088,26
2016,apr,37,145,Person,0.7152373398089953,49
2016,apr,37,135,Orange,0.7606517505677517,22
2016,apr,37,181,Vance,0.7015997357414447,107
2016,apr,37,077,Granville,0.7159088858437116,277
2016,apr,37,069,Franklin,0.6970454800936768,42
2016,apr,37,101,Johnston,0.6902785714285714,7
2016,apr,37,183,Wake,0.715925,8
2016,apr,37,105,Lee,0.6988683723797782,4
2016,apr,37,131,Northampton,0.7214904125508425,7
2016,apr,37,083,Halifax,0.6706341737572772,44
2016,apr,37,127,Nash,0.6389993845353674,114
2016,apr,37,065,Edgecombe,0.6589808416725922,228
2016,apr,37,195,Wilson,0.6836090909090908,11
2016,apr,37,163,Sampson,0.7148293103448277,29
2016,apr,37,185,Warren,0.6983578163610354,31
2016,apr,37,187,Washington,0.67605,14
2016,apr,37,061,Duplin,0.6993523984336758,25
2016,apr,37,091,Hertford,0.7235502249793215,120
2016,apr,37,017,Bladen,,0
2016,apr,37,095,Hyde,,0
2016,apr,37,015,Bertie,0.7114858230524801,683
2016,apr,37,079,Greene,0.74715,1
2016,apr,37,041,Chowan,0.697082831583217,175
2016,apr,37,117,Martin,0.6687396428571434,140
2016,apr,37,047,Columbus,,0
2016,apr,37,191,Wayne,0.6632976056338028,7
2016,apr,37,133,Onslow,,0
2016,apr,37,107,Lenoir,,0
2016,apr,37,129,New Hanover,,0
2016,apr,37,141,Pender,0.5476500000000001,1
2016,apr,37,051,Cumberland,0.6429,4
2016,apr,37,147,Pitt,0.72224,30
2016,apr,37,013,Beaufort,,0
2017,apr,17,121,Marion,0.675452605891581,24
2017,apr,17,005,Bond,0.6785526315789475,19
2017,apr,17,083,Jersey,0.6779621577217964,18
2017,apr,17,163,St. Clair,0.6323933333333334,15
2017,apr,17,027,Clinton,0.7109883720930232,43
2017,apr,17,013,Calhoun,0.7284933333333334,15
2017,apr,17,119,Madison,0.6603995956873318,37
2017,apr,17,133,Monroe,0.6245195652173914,23
2017,apr,17,117,Macoupin,0.6669664001432066,67
2017,apr,17,171,Scott,0.6059,3
2017,apr,17,137,Morgan,0.6681705882352942,34
2017,apr,17,107,Logan,0.6223189981507669,37
2017,apr,17,129,Menard,0.6519846666666667,75
2017,apr,17,167,Sangamon,0.7023476989131894,89
2017,apr,17,021,Christian,0.6370754414498142,27
2017,apr,17,127,Massac,,0
2017,apr,17,057,Fulton,0.5992666666666666,30
2017,apr,17,175,Stark,0.6388315291893168,18
2017,apr,17,203,Woodford,0.6289211997852733,133
2017,apr,17,179,Tazewell,0.6014099975996161,99
2017,apr,17,123,Marshall,0.681145093250444,28
2017,apr,17,143,Peoria,0.6298116071428571,56
2017,apr,17,001,Adams,0.6743310126582275,158
2017,apr,17,177,Stephenson,0.6130976619133915,168
2017,apr,17,141,Ogle,0.5679560203313981,207
2017,apr,17,201,Winnebago,0.5435177193523516,128
2017,apr,17,007,Boone,0.5428327626953414,135
2017,apr,17,025,Clay,0.6910357142857143,7
2017,apr,17,185,Wabash,0.6424000000000001,2
2017,apr,17,009,Brown,0.6419433586853186,58
2017,apr,17,151,Pope,,0
2017,apr,17,033,Crawford,0.73899,5
2017,apr,17,135,Montgomery,0.6988399999999999,55
2017,apr,17,055,Franklin,0.71831,5
2017,apr,17,023,Clark,0.7011333333333333,27
2017,apr,17,059,Gallatin,,0
2017,apr,17,075,Iroquois,0.6364644084729767,322
2017,apr,17,041,Douglas,0.6191864864864864,37
2017,apr,17,189,Washington,0.7746098591549299,71
2017,apr,17,159,Richland,0.7081496624305004,20
2017,apr,17,065,Hamilton,0.6828833333333334,6
2017,apr,17,193,White,0.7563866666666669,15
2017,apr,17,169,Schuyler,0.6522804347826087,46
2017,apr,17,181,Union,0.7821,4
2017,apr,17,085,Jo Daviess,0.5432779611931654,41
2017,apr,17,125,Mason,0.6105156536773506,59
2017,apr,17,191,Wayne,0.7652934210526317,38
2017,apr,17,069,Hardin,,0
2017,apr,17,061,Greene,0.6698413793103446,58
2017,apr,17,157,Randolph,0.7141724137931034,29
2017,apr,17,149,Pike,0.653324376001832,36
2017,apr,17,145,Perry,0.7274653225806452,62
2017,apr,17,087,Johnson,,0
2017,apr,17,173,Shelby,0.6613264935728891,109
2017,apr,17,051,Fayette,0.6802158021364644,41
2017,apr,17,139,Moultrie,0.6498404359172626,41
2017,apr,17,017,Cass,0.6334796052631578,76
2017,apr,17,015,Carroll,0.6154928930434451,105
2017,apr,17,047,Edwards,0.70727,30
2017,apr,17,079,Jasper,0.6523663312048864,30
2017,apr,17,187,Warren,0.5469111111111111,9
2017,apr,17,153,Pulaski,0.6778,2
2017,apr,17,165,Saline,0.845025,2
2017,apr,17,101,Lawrence,0.78294375,8
2017,apr,17,045,Edgar,0.6721272285251215,26
2017,apr,17,071,Henderson,0.6255763157894736,20
2017,apr,17,199,Williamson,0.7327285714285713,7
2017,apr,17,077,Jackson,0.7540545454545454,11
2017,apr,17,147,Piatt,0.7447133760500335,66
2017,apr,17,053,Ford,0.6360092606563563,87
2017,apr,17,019,Champaign,0.6215046503708186,104
2017,apr,17,029,Coles,0.6909545336865555,68
2017,apr,17,035,Cumberland,0.63032,30
2017,apr,17,183,Vermilion,0.6441139719538125,150
2017,apr,17,115,Macon,0.7223619835026353,52
2017,apr,17,049,Effingham,0.6302392535160476,23
2017,apr,17,067,Hancock,0.6786828099286889,87
2017,apr,17,095,Knox,0.6195645161290323,31
2017,apr,17,109,McDonough,0.6196132460930147,22
2017,apr,17,081,Jefferson,0.7228662351802567,49
2017,apr,17,113,McLean,0.5952049450549449,91
2017,apr,17,039,De Witt,0.6007671875,32
2017,apr,17,105,Livingston,0.6183869166133896,344
2017,apr,17,003,Alexander,,0
2017,apr,17,093,Kendall,0.6401085365853657,41
2017,apr,17,031,Cook,0.5257000000000001,4
2017,apr,17,037,DeKalb,0.5685001284560804,259
2017,apr,17,089,Kane,0.5923873786407766,103
2017,apr,17,063,Grundy,0.6838377358490565,53
2017,apr,17,111,McHenry,0.5348577806511865,221
2017,apr,17,197,Will,0.5986239033287731,216
2017,apr,17,043,DuPage,0.41445000000000004,1
2017,apr,17,097,Lake,0.5142821100686036,81
2017,apr,17,091,Kankakee,0.6084799320511346,140
2017,apr,17,011,Bureau,0.6157023987206826,94
2017,apr,17,155,Putnam,0.6566094898323224,56
2017,apr,17,099,LaSalle,0.6009880233059994,156
2017,apr,17,131,Mercer,0.7274,1
2017,apr,17,161,Rock Island,0.60075,6
2017,apr,17,073,Henry,0.5736057692307693,26
2017,apr,17,103,Lee,0.57574095488894,70
2017,apr,17,195,Whiteside,0.5891258241758243,91
2017,apr,31,043,Dakota,0.39605,5
2017,apr,31,051,Dixon,0.5640400000000001,10
2017,apr,31,053,Dodge,0.3924084821428571,4
2017,apr,31,025,Cass,0.5212221319089642,27
2017,apr,31,055,Douglas,0.5308033333333334,15
2017,apr,31,153,Sarpy,0.5427000000000001,1
2017,apr,31,155,Saunders,0.5351087378640778,103
2017,apr,31,177,Washington,0.38482500000000003,4
2017,apr,31,067,Gage,0.5731453235260192,377
2017,apr,31,109,Lancaster,0.5325487138063876,95
2017,apr,31,159,Seward,0.47476341463414634,41
2017,apr,31,139,Pierce,0.5680362499999999,40
2017,apr,31,119,Madison,0.5459055555555555,9
2017,apr,31,167,Stanton,0.650796153846154,13
2017,apr,31,117,McPherson,0.41850789473684213,19
2017,apr,31,111,Lincoln,0.524307765170049,891
2017,apr,31,113,Logan,0.4666900000000001,35
2017,apr,31,007,Banner,0.43023168251642746,2779
2017,apr,31,157,Scotts Bluff,0.4409595720549667,397
2017,apr,31,165,Sioux,0.5222161253722878,251
2017,apr,31,039,Cuming,0.49017,5
2017,apr,31,129,Nuckolls,0.5616153648729263,1078
2017,apr,31,101,Keith,0.5757247430566459,2755
2017,apr,31,137,Phelps,0.4905051265988751,140
2017,apr,31,181,Webster,0.5857752341464977,1589
2017,apr,31,015,Boyd,0.634744619020413,77
2017,apr,31,171,Thomas,,0
2017,apr,31,089,Holt,0.6168915032679737,153
2017,apr,31,017,Brown,0.7486357142857143,7
2017,apr,31,103,Keya Paha,0.3801,1
2017,apr,31,077,Greeley,0.5779818639798489,19
2017,apr,31,095,Jefferson,0.6375148059900909,360
2017,apr,31,151,Saline,0.531292624338463,258
2017,apr,31,057,Dundy,0.5992246306368032,2588
2017,apr,31,131,Otoe,0.5559243243243241,74
2017,apr,31,087,Hitchcock,0.6092382478187166,4413
2017,apr,31,105,Kimball,0.3738694192390368,5852
2017,apr,31,127,Nemaha,0.5962538454384821,43
2017,apr,31,041,Custer,0.5052743331557685,303
2017,apr,31,143,Polk,0.404725,6
2017,apr,31,045,Dawes,0.5197237431096258,2055
2017,apr,31,179,Wayne,0.5963,1
2017,apr,31,071,Garfield,0.5989500000000001,4
2017,apr,31,013,Box Butte,0.5327095828609048,7598
2017,apr,31,173,Thurston,0.6232476190476189,42
2017,apr,31,011,Boone,0.6035777777777778,9
2017,apr,31,145,Red Willow,0.5864118182630637,4067
2017,apr,31,149,Rock,0.2957636363636364,11
2017,apr,31,005,Arthur,0.5501125000000001,12
2017,apr,31,085,Hayes,0.5630450160614164,1658
2017,apr,31,097,Johnson,0.5969488905325446,85
2017,apr,31,003,Antelope,0.5124404255319149,47
2017,apr,31,163,Sherman,0.6137,3
2017,apr,31,161,Sheridan,0.5105950030557558,2510
2017,apr,31,133,Pawnee,0.6272121387283238,173
2017,apr,31,075,Grant,,0
2017,apr,31,021,Burt,0.400052,25
2017,apr,31,009,Blaine,0.24070000000000003,1
2017,apr,31,027,Cedar,0.708025,2
2017,apr,31,169,Thayer,0.56907957311638,489
2017,apr,31,049,Deuel,0.5417627209627421,5855
2017,apr,31,123,Morrill,0.5317665325200644,1735
2017,apr,31,115,Loup,0.44665294117647064,17
2017,apr,31,063,Frontier,0.5457175204679824,2213
2017,apr,31,125,Nance,0.630175,6
2017,apr,31,107,Knox,0.5639280487804879,41
2017,apr,31,135,Perkins,0.5747270124917082,7006
2017,apr,31,037,Colfax,0.5478438605356241,39
2017,apr,31,023,Butler,0.49205000000000015,34
2017,apr,31,031,Cherry,0.6207475104059087,127
2017,apr,31,183,Wheeler,0.6263607142857143,28
2017,apr,31,061,Franklin,0.5217152268334957,604
2017,apr,31,029,Chase,0.6063007152845372,2864
2017,apr,31,059,Fillmore,0.5295677631578947,76
2017,apr,31,185,York,0.4346777777777778,9
2017,apr,31,035,Clay,0.5321691738279584,143
2017,apr,31,033,Cheyenne,0.4938189909492892,13637
2017,apr,31,069,Garden,0.5549906897652972,3275
2017,apr,31,083,Harlan,0.5652480742901921,1506
2017,apr,31,091,Hooker,,0
2017,apr,31,147,Richardson,0.6266750000000001,26
2017,apr,31,065,Furnas,0.5721002639362046,2767
2017,apr,31,175,Valley,0.5245256333830105,27
2017,apr,31,141,Platte,0.5013545454545455,11
2017,apr,31,121,Merrick,0.4977375,4
2017,apr,31,079,Hall,0.5287719725274724,72
2017,apr,31,081,Hamilton,0.5334731948931533,101
2017,apr,31,093,Howard,0.5320194444444444,18
2017,apr,31,001,Adams,0.5363766738494692,314
2017,apr,31,099,Kearney,0.4805057980561203,617
2017,apr,31,019,Buffalo,0.5315173498382334,141
2017,apr,31,073,Gosper,0.4705817445365483,555
2017,apr,31,047,Dawson,0.46127955263797704,152
2017,apr,37,037,Chatham,0.80925,4
2017,apr,37,115,Madison,,0
2017,apr,37,087,Haywood,,0
2017,apr,37,021,Buncombe,,0
2017,apr,37,089,Henderson,,0
2017,apr,37,175,Transylvania,,0
2017,apr,37,167,Stanly,0.7585928571428572,7
2017,apr,37,109,Lincoln,0.7526633662452709,43
2017,apr,37,159,Rowan,0.7938760869565217,23
2017,apr,37,025,Cabarrus,0.7588499999999999,3
2017,apr,37,097,Iredell,0.7671115384615383,26
2017,apr,37,071,Gaston,0.73234,5
2017,apr,37,179,Union,0.719,6
2017,apr,37,119,Mecklenburg,,0
2017,apr,37,045,Cleveland,0.743728888888889,45
2017,apr,37,005,Alleghany,,0
2017,apr,37,173,Swain,,0
2017,apr,37,011,Avery,,0
2017,apr,37,033,Caswell,0.6587361012594093,111
2017,apr,37,075,Graham,,0
2017,apr,37,007,Anson,0.7085620000000001,25
2017,apr,37,149,Polk,,0
2017,apr,37,039,Cherokee,0.6908460199311023,32
2017,apr,37,113,Macon,,0
2017,apr,37,009,Ashe,,0
2017,apr,37,123,Montgomery,0.7930166666666668,3
2017,apr,37,043,Clay,0.76375,1
2017,apr,37,121,Mitchell,,0
2017,apr,37,199,Yancey,,0
2017,apr,37,189,Watauga,,0
2017,apr,37,099,Jackson,,0
2017,apr,37,161,Rutherford,0.7151285714285714,7
2017,apr,37,193,Wilkes,0.81015,1
2017,apr,37,125,Moore,0.6356645833333333,24
2017,apr,37,153,Richmond,0.6910657142857143,35
2017,apr,37,093,Hoke,0.689725,2
2017,apr,37,165,Scotland,0.6225370967741937,31
2017,apr,37,155,Robeson,0.6656928571428572,7
2017,apr,37,001,Alamance,0.7067538921179858,73
2017,apr,37,151,Randolph,0.7300784274193548,9
2017,apr,37,081,Guilford,0.7072464201877933,51
2017,apr,37,157,Rockingham,0.6849758906348206,157
2017,apr,37,171,Surry,,0
2017,apr,37,057,Davidson,0.8181,2
2017,apr,37,169,Stokes,0.6648422349961031,21
2017,apr,37,067,Forsyth,,0
2017,apr,37,197,Yadkin,0.7968007832898172,4
2017,apr,37,059,Davie,0.754712962962963,27
2017,apr,37,027,Caldwell,0.619,1
2017,apr,37,003,Alexander,0.6171833333333333,3
2017,apr,37,035,Catawba,0.7044565665470907,65
2017,apr,37,023,Burke,,0
2017,apr,37,111,McDowell,0.7755000000000001,1
2017,apr,37,029,Camden,0.5820500000000001,1
2017,apr,37,139,Pasquotank,0.6192362745098039,51
2017,apr,37,143,Perquimans,0.7099905307994757,6
2017,apr,37,177,Tyrrell,0.7217,1
2017,apr,37,055,Dare,,0
2017,apr,37,073,Gates,0.7310000000000001,2
2017,apr,37,053,Currituck,0.6641333333333334,3
2017,apr,37,019,Brunswick,,0
2017,apr,37,031,Carteret,0.7087714285714286,7
2017,apr,37,137,Pamlico,,0
2017,apr,37,049,Craven,0.6643375,4
2017,apr,37,103,Jones,0.7067982142857142,28
2017,apr,37,085,Harnett,0.7685910714285714,56
2017,apr,37,063,Durham,0.6587103448275862,29
2017,apr,37,145,Person,0.63392685138346,258
2017,apr,37,135,Orange,0.6790316732283463,51
2017,apr,37,181,Vance,0.6432644736842106,38
2017,apr,37,077,Granville,0.6875138086828192,325
2017,apr,37,069,Franklin,0.7176110169491527,59
2017,apr,37,101,Johnston,0.6301934782608696,23
2017,apr,37,183,Wake,0.6722300000000001,20
2017,apr,37,105,Lee,,0
2017,apr,37,131,Northampton,0.7505333333333333,3
2017,apr,37,083,Halifax,0.6461250000000001,2
2017,apr,37,127,Nash,0.6585437500000001,32
2017,apr,37,065,Edgecombe,0.7219202830188679,106
2017,apr,37,195,Wilson,0.659992,25
2017,apr,37,163,Sampson,0.6432221625251848,6
2017,apr,37,185,Warren,0.7771805555555555,18
2017,apr,37,187,Washington,0.7642298507462687,67
2017,apr,37,061,Duplin,0.7531583333333334,12
2017,apr,37,091,Hertford,0.7333730543619127,59
2017,apr,37,017,Bladen,0.7135750000000001,2
2017,apr,37,095,Hyde,,0
2017,apr,37,015,Bertie,0.7374583048874764,453
2017,apr,37,079,Greene,,0
2017,apr,37,041,Chowan,0.7024706151458215,145
2017,apr,37,117,Martin,0.7058142045454545,176
2017,apr,37,047,Columbus,0.6292,2
2017,apr,37,191,Wayne,0.6439071151358343,16
2017,apr,37,133,Onslow,0.7630250000000001,2
2017,apr,37,107,Lenoir,0.53925,2
2017,apr,37,129,New Hanover,0.2218,1
2017,apr,37,141,Pender,0.7538318181818183,22
2017,apr,37,051,Cumberland,0.7687541666666666,12
2017,apr,37,147,Pitt,0.7232492424242423,66
2017,apr,37,013,Beaufort,,0
2018,apr,17,121,Marion,0.6659666666666667,9
2018,apr,17,005,Bond,0.6352964640198512,4
2018,apr,17,083,Jersey,0.6031306451612904,31
2018,apr,17,163,St. Clair,0.673349557522124,12
2018,apr,17,027,Clinton,0.6268538461538461,13
2018,apr,17,013,Calhoun,0.5603916666666667,6
2018,apr,17,119,Madison,0.545948,25
2018,apr,17,133,Monroe,0.685385443668993,18
2018,apr,17,117,Macoupin,0.562733076923077,65
2018,apr,17,171,Scott,0.5244,8
2018,apr,17,137,Morgan,0.5058763157894738,57
2018,apr,17,107,Logan,0.5221999999999998,70
2018,apr,17,129,Menard,0.5332185185185186,81
2018,apr,17,167,Sangamon,0.51530139924109,116
2018,apr,17,021,Christian,0.5784972614611318,46
2018,apr,17,127,Massac,,0
2018,apr,17,057,Fulton,0.4724305684186154,34
2018,apr,17,175,Stark,0.4706110560237978,11
2018,apr,17,203,Woodford,0.5274038584111085,207
2018,apr,17,179,Tazewell,0.520785057265569,187
2018,apr,17,123,Marshall,0.47209999999999985,53
2018,apr,17,143,Peoria,0.48061858974358973,78
2018,apr,17,001,Adams,0.47329268292682913,164
2018,apr,17,177,Stephenson,0.41416982114758094,181
2018,apr,17,141,Ogle,0.4239539634146342,164
2018,apr,17,201,Winnebago,0.3944036983017888,175
2018,apr,17,007,Boone,0.39836412303481206,112
2018,apr,17,025,Clay,0.62699375,8
2018,apr,17,185,Wabash,,0
2018,apr,17,009,Brown,0.5017764285714285,70
2018,apr,17,151,Pope,,0
2018,apr,17,033,Crawford,,0
2018,apr,17,135,Montgomery,0.563148939881911,44
2018,apr,17,055,Franklin,0.705775,2
2018,apr,17,023,Clark,0.5919029411764706,17
2018,apr,17,059,Gallatin,,0
2018,apr,17,075,Iroquois,0.4974188372957354,329
2018,apr,17,041,Douglas,0.6412485714285714,35
2018,apr,17,189,Washington,0.6632115384615385,13
2018,apr,17,159,Richland,,0
2018,apr,17,065,Hamilton,0.6052500000000002,6
2018,apr,17,193,White,0.6512500000000001,2
2018,apr,17,169,Schuyler,0.5181944444444446,45
2018,apr,17,181,Union,0.6118,1
2018,apr,17,085,Jo Daviess,0.4111877651702024,40
2018,apr,17,125,Mason,0.5333345637583892,149
2018,apr,17,191,Wayne,,0
2018,apr,17,069,Hardin,,0
2018,apr,17,061,Greene,0.5147821428571427,42
2018,apr,17,157,Randolph,0.6929758890336996,22
2018,apr,17,149,Pike,0.514443650793651,63
2018,apr,17,145,Perry,0.6845470149253731,67
2018,apr,17,087,Johnson,0.6466500000000001,1
2018,apr,17,173,Shelby,0.6040196737912612,92
2018,apr,17,051,Fayette,0.64855,9
2018,apr,17,139,Moultrie,0.5353697368421052,38
2018,apr,17,017,Cass,0.513220634920635,63
2018,apr,17,015,Carroll,0.3980279975359705,90
2018,apr,17,047,Edwards,,0
2018,apr,17,079,Jasper,0.5767,7
2018,apr,17,187,Warren,0.40171052631578946,19
2018,apr,17,153,Pulaski,,0
2018,apr,17,165,Saline,,0
2018,apr,17,101,Lawrence,0.6316,1
2018,apr,17,045,Edgar,0.5705250000000001,4
2018,apr,17,071,Henderson,0.5151583333333334,6
2018,apr,17,199,Williamson,,0
2018,apr,17,077,Jackson,0.6642750000000001,4
2018,apr,17,147,Piatt,0.6056049792531121,29
2018,apr,17,053,Ford,0.47154720901625724,121
2018,apr,17,019,Champaign,0.5118603007304137,166
2018,apr,17,029,Coles,0.6060711689312227,56
2018,apr,17,035,Cumberland,0.5824194855806702,26
2018,apr,17,183,Vermilion,0.5379644083781979,103
2018,apr,17,115,Macon,0.5393243735763097,52
2018,apr,17,049,Effingham,0.5713297420333839,26
2018,apr,17,067,Hancock,0.48101745465751,90
2018,apr,17,095,Knox,0.4586558029908973,25
2018,apr,17,109,McDonough,0.489707004876219,22
2018,apr,17,081,Jefferson,0.643625,14
2018,apr,17,113,McLean,0.4900691489361702,94
2018,apr,17,039,De Witt,0.5147909090909091,22
2018,apr,17,105,Livingston,0.46133592263699513,407
2018,apr,17,003,Alexander,0.18662812500000003,16
2018,apr,17,093,Kendall,0.47886052631578935,57
2018,apr,17,031,Cook,0.40759230769230775,13
2018,apr,17,037,DeKalb,0.41902142857142904,350
2018,apr,17,089,Kane,0.4444321442533227,123
2018,apr,17,063,Grundy,0.5088451807228918,83
2018,apr,17,111,McHenry,0.40965282303514705,230
2018,apr,17,197,Will,0.4616403682719548,353
2018,apr,17,043,DuPage,0.29307142857142854,7
2018,apr,17,097,Lake,0.43792330316742106,80
2018,apr,17,091,Kankakee,0.5083091540024071,314
2018,apr,17,011,Bureau,0.488698262294029,125
2018,apr,17,155,Putnam,0.4388057692307692,52
2018,apr,17,099,LaSalle,0.4423850612968106,165
2018,apr,17,131,Mercer,0.4437499999999999,28
2018,apr,17,161,Rock Island,0.5044651515151515,33
2018,apr,17,073,Henry,0.40345315100226936,84
2018,apr,17,103,Lee,0.44669819643432995,86
2018,apr,17,195,Whiteside,0.5089428571428569,77
2018,apr,31,043,Dakota,0.4996333333333333,3
2018,apr,31,051,Dixon,0.39314375,16
2018,apr,31,053,Dodge,0.29522945247616117,13
2018,apr,31,025,Cass,0.32009,34
2018,apr,31,055,Douglas,0.36755588235294123,17
2018,apr,31,153,Sarpy,0.22290000000000001,1
2018,apr,31,155,Saunders,0.3204144230769232,52
2018,apr,31,177,Washington,0.35592828997704673,11
2018,apr,31,067,Gage,0.44911166385192175,296
2018,apr,31,109,Lancaster,0.3881886290621527,129
2018,apr,31,159,Seward,0.39656272727272723,55
2018,apr,31,139,Pierce,0.3281682692307693,52
2018,apr,31,119,Madison,0.3509529411764706,17
2018,apr,31,167,Stanton,0.2869458333333333,24
2018,apr,31,117,McPherson,0.33525714285714286,7
2018,apr,31,111,Lincoln,0.368430804724754,1246
2018,apr,31,113,Logan,0.31515585883650404,73
2018,apr,31,007,Banner,0.41198462526769514,2895
2018,apr,31,157,Scotts Bluff,0.4101172444379818,549
2018,apr,31,165,Sioux,0.41901248532863855,216
2018,apr,31,039,Cuming,0.29990000000000006,2
2018,apr,31,129,Nuckolls,0.3896005356391608,1048
2018,apr,31,101,Keith,0.39586072189514315,2657
2018,apr,31,137,Phelps,0.33005742126598064,103
2018,apr,31,181,Webster,0.39241615642864136,1329
2018,apr,31,015,Boyd,0.36364612403100777,129
2018,apr,31,171,Thomas,,0
2018,apr,31,089,Holt,0.40589071394873405,100
2018,apr,31,017,Brown,0.2440775,20
2018,apr,31,103,Keya Paha,0.3054936344844357,34
2018,apr,31,077,Greeley,0.3746366666666667,15
2018,apr,31,095,Jefferson,0.48911774932949464,462
2018,apr,31,151,Saline,0.4146629901960782,204
2018,apr,31,057,Dundy,0.42700510203173386,2675
2018,apr,31,131,Otoe,0.4032180054203669,77
2018,apr,31,087,Hitchcock,0.43083602502875945,4865
2018,apr,31,105,Kimball,0.3464751963120651,6718
2018,apr,31,127,Nemaha,0.4337757442765362,45
2018,apr,31,041,Custer,0.34858228301746297,422
2018,apr,31,143,Polk,0.3252,1
2018,apr,31,045,Dawes,0.37020669109660576,1908
2018,apr,31,179,Wayne,0.31235833333333335,6
2018,apr,31,071,Garfield,0.506775,2
2018,apr,31,013,Box Butte,0.3962763454955655,7624
2018,apr,31,173,Thurston,0.3416914893617022,47
2018,apr,31,011,Boone,0.42184386590584877,3
2018,apr,31,145,Red Willow,0.3752535652497999,3882
2018,apr,31,149,Rock,0.21569,20
2018,apr,31,005,Arthur,0.412083855661002,18
2018,apr,31,085,Hayes,0.40240242043499475,2124
2018,apr,31,097,Johnson,0.4529444015155294,79
2018,apr,31,003,Antelope,0.4277875,4
2018,apr,31,163,Sherman,0.414371875,16
2018,apr,31,161,Sheridan,0.36748755191755106,2820
2018,apr,31,133,Pawnee,0.5003162770224004,162
2018,apr,31,075,Grant,,0
2018,apr,31,021,Burt,0.31233333333333335,3
2018,apr,31,009,Blaine,0.32091666666666674,12
2018,apr,31,027,Cedar,0.46242500000000003,4
2018,apr,31,169,Thayer,0.4474689929275627,596
2018,apr,31,049,Deuel,0.3527190148750583,5961
2018,apr,31,123,Morrill,0.45400477579974824,1853
2018,apr,31,115,Loup,0.37957857142857143,7
2018,apr,31,063,Frontier,0.33904494367654964,2945
2018,apr,31,125,Nance,0.517711501120239,6
2018,apr,31,107,Knox,0.3687675,40
2018,apr,31,135,Perkins,0.4124026216380554,6410
2018,apr,31,037,Colfax,0.2990930973895583,24
2018,apr,31,023,Butler,0.29468750000000005,8
2018,apr,31,031,Cherry,0.3390068968709499,128
2018,apr,31,183,Wheeler,0.4106699367088608,15
2018,apr,31,061,Franklin,0.3619170326081278,461
2018,apr,31,029,Chase,0.4239805200033529,2996
2018,apr,31,059,Fillmore,0.4656245720778508,109
2018,apr,31,185,York,0.3415,19
2018,apr,31,035,Clay,0.3598024989744292,62
2018,apr,31,033,Cheyenne,0.37416620357358105,13974
2018,apr,31,069,Garden,0.37097409360580164,3311
2018,apr,31,083,Harlan,0.3599865448025361,1367
2018,apr,31,091,Hooker,,0
2018,apr,31,147,Richardson,0.47764756584197937,66
2018,apr,31,065,Furnas,0.3587923551223329,2920
2018,apr,31,175,Valley,0.367203125,32
2018,apr,31,141,Platte,0.3764074966078698,12
2018,apr,31,121,Merrick,0.3274,1
2018,apr,31,079,Hall,0.47138364674278044,41
2018,apr,31,081,Hamilton,0.3445371794871795,39
2018,apr,31,093,Howard,0.4420142857142858,7
2018,apr,31,001,Adams,0.4023770982493034,239
2018,apr,31,099,Kearney,0.37261055868942733,323
2018,apr,31,019,Buffalo,0.38978292682926824,123
2018,apr,31,073,Gosper,0.33709640568711574,684
2018,apr,31,047,Dawson,0.36136307838690335,164
2018,apr,37,037,Chatham,0.6064666666666666,3
2018,apr,37,115,Madison,,0
2018,apr,37,087,Haywood,,0
2018,apr,37,021,Buncombe,,0
2018,apr,37,089,Henderson,,0
2018,apr,37,175,Transylvania,,0
2018,apr,37,167,Stanly,0.7870584507042253,7
2018,apr,37,109,Lincoln,0.7523828125000002,32
2018,apr,37,159,Rowan,0.7658200000000002,10
2018,apr,37,025,Cabarrus,0.7741257547421857,45
2018,apr,37,097,Iredell,0.8068880952380952,168
2018,apr,37,071,Gaston,0.39233333333333337,3
2018,apr,37,179,Union,0.7645763667425968,18
2018,apr,37,119,Mecklenburg,,0
2018,apr,37,045,Cleveland,0.7445375000000002,20
2018,apr,37,005,Alleghany,,0
2018,apr,37,173,Swain,,0
2018,apr,37,011,Avery,,0
2018,apr,37,033,Caswell,0.645968236173393,25
2018,apr,37,075,Graham,,0
2018,apr,37,007,Anson,0.7696810963521015,20
2018,apr,37,149,Polk,,0
2018,apr,37,039,Cherokee,0.7133900000000001,15
2018,apr,37,113,Macon,,0
2018,apr,37,009,Ashe,,0
2018,apr,37,123,Montgomery,0.80845,1
2018,apr,37,043,Clay,,0
2018,apr,37,121,Mitchell,,0
2018,apr,37,199,Yancey,,0
2018,apr,37,189,Watauga,,0
2018,apr,37,099,Jackson,,0
2018,apr,37,161,Rutherford,0.7681166666666668,3
2018,apr,37,193,Wilkes,0.7012333333333333,3
2018,apr,37,125,Moore,0.6339471333333334,13
2018,apr,37,153,Richmond,0.67935,3
2018,apr,37,093,Hoke,,0
2018,apr,37,165,Scotland,0.77425,1
2018,apr,37,155,Robeson,0.6863750000000001,22
2018,apr,37,001,Alamance,0.6719529411764708,51
2018,apr,37,151,Randolph,0.7243450000000001,10
2018,apr,37,081,Guilford,0.6776619116751744,85
2018,apr,37,157,Rockingham,0.638661927762083,132
2018,apr,37,171,Surry,,0
2018,apr,37,057,Davidson,,0
2018,apr,37,169,Stokes,0.6523884615384616,13
2018,apr,37,067,Forsyth,,0
2018,apr,37,197,Yadkin,0.7337,1
2018,apr,37,059,Davie,0.7124714285714286,7
2018,apr,37,027,Caldwell,,0
2018,apr,37,003,Alexander,,0
2018,apr,37,035,Catawba,0.6571800892359176,15
2018,apr,37,023,Burke,0.7522995760316563,8
2018,apr,37,111,McDowell,,0
2018,apr,37,029,Camden,0.73955,9
2018,apr,37,139,Pasquotank,0.5986314285714285,35
2018,apr,37,143,Perquimans,,0
2018,apr,37,177,Tyrrell,,0
2018,apr,37,055,Dare,,0
2018,apr,37,073,Gates,0.7527,1
2018,apr,37,053,Currituck,0.5959333333333334,3
2018,apr,37,019,Brunswick,0.71375,1
2018,apr,37,031,Carteret,0.7862,2
2018,apr,37,137,Pamlico,,0
2018,apr,37,049,Craven,0.698132,7
2018,apr,37,103,Jones,0.7596166666666667,9
2018,apr,37,085,Harnett,0.6314458333333334,12
2018,apr,37,063,Durham,0.681535,10
2018,apr,37,145,Person,0.6210503101402374,45
2018,apr,37,135,Orange,0.7074473684210527,19
2018,apr,37,181,Vance,0.6382935674046902,32
2018,apr,37,077,Granville,0.6508227172447607,226
2018,apr,37,069,Franklin,0.7018538461538464,39
2018,apr,37,101,Johnston,0.6774433333333333,15
2018,apr,37,183,Wake,0.6752961538461538,13
2018,apr,37,105,Lee,0.44959361635220124,7
2018,apr,37,131,Northampton,0.7331785714285715,14
2018,apr,37,083,Halifax,0.7239583333333334,12
2018,apr,37,127,Nash,0.7207264705882354,17
2018,apr,37,065,Edgecombe,0.6789523809523809,63
2018,apr,37,195,Wilson,0.5194307692307693,13
2018,apr,37,163,Sampson,0.7224529411764707,17
2018,apr,37,185,Warren,0.6946875,8
2018,apr,37,187,Washington,0.7346818181818182,11
2018,apr,37,061,Duplin,0.7233681818181817,11
2018,apr,37,091,Hertford,0.7263293353028065,67
2018,apr,37,017,Bladen,0.7257272727272728,11
2018,apr,37,095,Hyde,0.710925,2
2018,apr,37,015,Bertie,0.7151622353520434,311
2018,apr,37,079,Greene,0.76455,3
2018,apr,37,041,Chowan,0.7076475490196078,102
2018,apr,37,117,Martin,0.7141209999999998,100
2018,apr,37,047,Columbus,0.6818750000000001,8
2018,apr,37,191,Wayne,0.7652,1
2018,apr,37,133,Onslow,,0
2018,apr,37,107,Lenoir,0.7757408269317667,9
2018,apr,37,129,New Hanover,,0
2018,apr,37,141,Pender,0.6782250000000001,2
2018,apr,37,051,Cumberland,0.7170000000000001,3
2018,apr,37,147,Pitt,0.7041214285714287,7
2018,apr,37,013,Beaufort,0.6295499999999999,4
2019,apr,17,121,Marion,0.6661538174946003,147
2019,apr,17,005,Bond,0.6637757913608607,71
2019,apr,17,083,Jersey,0.6506954545454545,22
2019,apr,17,163,St. Clair,0.672849635786328,63
2019,apr,17,027,Clinton,0.6771371571482248,84
2019,apr,17,013,Calhoun,0.6971285714285714,7
2019,apr,17,119,Madison,0.6427918918918919,37
2019,apr,17,133,Monroe,0.624100869012293,112
2019,apr,17,117,Macoupin,0.5770750000000002,82
2019,apr,17,171,Scott,0.5345166666666668,6
2019,apr,17,137,Morgan,0.5584305023455827,61
2019,apr,17,107,Logan,0.4821211267605635,71
2019,apr,17,129,Menard,0.5996324999999998,80
2019,apr,17,167,Sangamon,0.46830062339070344,87
2019,apr,17,021,Christian,0.5058527925676409,37
2019,apr,17,127,Massac,0.7504147058823529,17
2019,apr,17,057,Fulton,0.5614295180722889,83
2019,apr,17,175,Stark,0.45290185185185183,27
2019,apr,17,203,Woodford,0.5232152606495911,174
2019,apr,17,179,Tazewell,0.5193176991150444,113
2019,apr,17,123,Marshall,0.5793191020887963,45
2019,apr,17,143,Peoria,0.52180625,56
2019,apr,17,001,Adams,0.5680703220578239,226
2019,apr,17,177,Stephenson,0.39274846043455286,158
2019,apr,17,141,Ogle,0.43217956163988075,165
2019,apr,17,201,Winnebago,0.41675817777139584,110
2019,apr,17,007,Boone,0.4858535078363405,135
2019,apr,17,025,Clay,0.6711927089688834,322
2019,apr,17,185,Wabash,0.6098915111378688,14
2019,apr,17,009,Brown,0.5602281250000001,48
2019,apr,17,151,Pope,,0
2019,apr,17,033,Crawford,0.6769974409873561,91
2019,apr,17,135,Montgomery,0.5806081705321915,82
2019,apr,17,055,Franklin,0.7152362658379153,50
2019,apr,17,023,Clark,0.6482335831316329,43
2019,apr,17,059,Gallatin,0.66225,1
2019,apr,17,075,Iroquois,0.5045429152676278,407
2019,apr,17,041,Douglas,0.5553838983050847,59
2019,apr,17,189,Washington,0.7044473291461973,127
2019,apr,17,159,Richland,0.6934375,48
2019,apr,17,065,Hamilton,0.6925575000000002,160
2019,apr,17,193,White,0.6835995798319329,119
2019,apr,17,169,Schuyler,0.5689500000000002,36
2019,apr,17,181,Union,0.7035901360544217,17
2019,apr,17,085,Jo Daviess,0.45857585240915644,25
2019,apr,17,125,Mason,0.5100155844155844,77
2019,apr,17,191,Wayne,0.6606649627579787,153
2019,apr,17,069,Hardin,,0
2019,apr,17,061,Greene,0.5552242857142857,35
2019,apr,17,157,Randolph,0.63679375,56
2019,apr,17,149,Pike,0.6092388397332523,90
2019,apr,17,145,Perry,0.7209637603591162,114
2019,apr,17,087,Johnson,0.7071750000000001,2
2019,apr,17,173,Shelby,0.571911553556045,123
2019,apr,17,051,Fayette,0.6229397676254379,81
2019,apr,17,139,Moultrie,0.47870999999999997,20
2019,apr,17,017,Cass,0.49371736111111136,72
2019,apr,17,015,Carroll,0.4236350451930977,53
2019,apr,17,047,Edwards,0.6547931701539677,100
2019,apr,17,079,Jasper,0.6360602209464162,68
2019,apr,17,187,Warren,0.4640464285714286,14
2019,apr,17,153,Pulaski,0.7351645036194416,8
2019,apr,17,165,Saline,0.6014333333333334,3
2019,apr,17,101,Lawrence,0.6429163505848992,23
2019,apr,17,045,Edgar,0.5131265865901757,22
2019,apr,17,071,Henderson,0.478343411294923,35
2019,apr,17,199,Williamson,0.7165586056644881,17
2019,apr,17,077,Jackson,0.74064324652659,115
2019,apr,17,147,Piatt,0.4538792197011622,87
2019,apr,17,053,Ford,0.4616026824477983,118
2019,apr,17,019,Champaign,0.47296712328767126,73
2019,apr,17,029,Coles,0.6090468750000001,48
2019,apr,17,035,Cumberland,0.5886115384615385,39
2019,apr,17,183,Vermilion,0.46951753246753264,154
2019,apr,17,115,Macon,0.4039937106918238,74
2019,apr,17,049,Effingham,0.6059749936995966,63
2019,apr,17,067,Hancock,0.5533434385084258,66
2019,apr,17,095,Knox,0.5271114285714287,35
2019,apr,17,109,McDonough,0.5560875000000002,28
2019,apr,17,081,Jefferson,0.672878910567272,140
2019,apr,17,113,McLean,0.47019774479222687,112
2019,apr,17,039,De Witt,0.4647483333333334,30
2019,apr,17,105,Livingston,0.49086681608526705,378
2019,apr,17,003,Alexander,0.7527461538461538,26
2019,apr,17,093,Kendall,0.5256253281575155,49
2019,apr,17,031,Cook,0.4637,2
2019,apr,17,037,DeKalb,0.4496870037101797,277
2019,apr,17,089,Kane,0.47745000000000004,127
2019,apr,17,063,Grundy,0.5102816666666669,30
2019,apr,17,111,McHenry,0.4381560410667336,221
2019,apr,17,197,Will,0.49824874929867224,252
2019,apr,17,043,DuPage,0.25845,2
2019,apr,17,097,Lake,0.41541000000000006,40
2019,apr,17,091,Kankakee,0.525639159005368,323
2019,apr,17,011,Bureau,0.5443655150511975,102
2019,apr,17,155,Putnam,0.5101891301469615,31
2019,apr,17,099,LaSalle,0.503062054901961,151
2019,apr,17,131,Mercer,0.4630295454545454,22
2019,apr,17,161,Rock Island,0.46217998878923766,11
2019,apr,17,073,Henry,0.42142214590241606,75
2019,apr,17,103,Lee,0.4657598846743904,79
2019,apr,17,195,Whiteside,0.5416672131147542,61
2019,apr,31,043,Dakota,,0
2019,apr,31,051,Dixon,0.32675833333333343,6
2019,apr,31,053,Dodge,0.3618,5
2019,apr,31,025,Cass,0.38503115452041076,17
2019,apr,31,055,Douglas,0.39809444444444453,9
2019,apr,31,153,Sarpy,0.33980000000000005,3
2019,apr,31,155,Saunders,0.3836251204307167,72
2019,apr,31,177,Washington,0.28908000000000006,5
2019,apr,31,067,Gage,0.4257870756691266,187
2019,apr,31,109,Lancaster,0.4075629019962837,84
2019,apr,31,159,Seward,0.40182391304347825,46
2019,apr,31,139,Pierce,0.33329090909090914,22
2019,apr,31,119,Madison,0.48821040032458746,15
2019,apr,31,167,Stanton,0.34767979891614376,28
2019,apr,31,117,McPherson,0.3469705128205129,39
2019,apr,31,111,Lincoln,0.428661985457085,1156
2019,apr,31,113,Logan,0.3405003874092011,43
2019,apr,31,007,Banner,0.3236394335256657,3448
2019,apr,31,157,Scotts Bluff,0.3284455956125928,665
2019,apr,31,165,Sioux,0.4109557997373707,263
2019,apr,31,039,Cuming,0.3771428571428572,7
2019,apr,31,129,Nuckolls,0.4359754833141252,794
2019,apr,31,101,Keith,0.42281393206003803,2629
2019,apr,31,137,Phelps,0.4359285127270002,159
2019,apr,31,181,Webster,0.4365452301185682,1071
2019,apr,31,015,Boyd,0.40239168911119677,37
2019,apr,31,171,Thomas,0.30135,1
2019,apr,31,089,Holt,0.3917023076923077,65
2019,apr,31,017,Brown,0.5283777777777777,9
2019,apr,31,103,Keya Paha,0.3472839166872074,23
2019,apr,31,077,Greeley,0.39480833333333337,6
2019,apr,31,095,Jefferson,0.4907332902822028,347
2019,apr,31,151,Saline,0.44715533750942227,151
2019,apr,31,057,Dundy,0.5169461348463841,2410
2019,apr,31,131,Otoe,0.42022335723192017,66
2019,apr,31,087,Hitchcock,0.5279809177391773,4503
2019,apr,31,105,Kimball,0.3073533889132999,6611
2019,apr,31,127,Nemaha,0.4372006196828064,39
2019,apr,31,041,Custer,0.3669972947412668,336
2019,apr,31,143,Polk,0.34056400000000003,25
2019,apr,31,045,Dawes,0.34298033281182355,1746
2019,apr,31,179,Wayne,0.264875,8
2019,apr,31,071,Garfield,0.464,1
2019,apr,31,013,Box Butte,0.3500232432880253,7469
2019,apr,31,173,Thurston,0.2500125,4
2019,apr,31,011,Boone,0.31435,4
2019,apr,31,145,Red Willow,0.5209993213759635,3716
2019,apr,31,149,Rock,,0
2019,apr,31,005,Arthur,0.43696785714285713,14
2019,apr,31,085,Hayes,0.48572451829106733,1900
2019,apr,31,097,Johnson,0.4347110713595048,62
2019,apr,31,003,Antelope,0.40510164913531826,23
2019,apr,31,163,Sherman,0.42680429988974644,51
2019,apr,31,161,Sheridan,0.35999517928911523,2659
2019,apr,31,133,Pawnee,0.4738387722190368,111
2019,apr,31,075,Grant,,0
2019,apr,31,021,Burt,0.331,1
2019,apr,31,009,Blaine,0.42565000000000003,2
2019,apr,31,027,Cedar,0.41935000000000006,3
2019,apr,31,169,Thayer,0.45170622099550206,550
2019,apr,31,049,Deuel,0.4314015628584909,5654
2019,apr,31,123,Morrill,0.40594377753397115,1870
2019,apr,31,115,Loup,0.3821,7
2019,apr,31,063,Frontier,0.4893017058912814,2752
2019,apr,31,125,Nance,0.3592294117647059,17
2019,apr,31,107,Knox,0.38394290007130494,78
2019,apr,31,135,Perkins,0.45530473442579794,6624
2019,apr,31,037,Colfax,0.42965329703799604,53
2019,apr,31,023,Butler,0.3940789436619718,14
2019,apr,31,031,Cherry,0.4202874089257809,195
2019,apr,31,183,Wheeler,0.3391894736842105,19
2019,apr,31,061,Franklin,0.4503004601394034,298
2019,apr,31,029,Chase,0.49977314135888223,2899
2019,apr,31,059,Fillmore,0.4960329798241077,54
2019,apr,31,185,York,0.66121328125,64
2019,apr,31,035,Clay,0.44561265571769976,81
2019,apr,31,033,Cheyenne,0.38709898369795925,13663
2019,apr,31,069,Garden,0.42842122277281514,3415
2019,apr,31,083,Harlan,0.4448690025036197,1283
2019,apr,31,091,Hooker,,0
2019,apr,31,147,Richardson,0.49548,40
2019,apr,31,065,Furnas,0.5038120870001552,2754
2019,apr,31,175,Valley,0.3691941666666667,60
2019,apr,31,141,Platte,0.4631897137686018,60
2019,apr,31,121,Merrick,0.5749111111111112,18
2019,apr,31,079,Hall,0.39808491035244997,66
2019,apr,31,081,Hamilton,0.38209420371412495,28
2019,apr,31,093,Howard,0.37539043462557187,33
2019,apr,31,001,Adams,0.3928717046979866,169
2019,apr,31,099,Kearney,0.42764715568862266,334
2019,apr,31,019,Buffalo,0.4027825485720353,223
2019,apr,31,073,Gosper,0.4620749813109348,764
2019,apr,31,047,Dawson,0.40351143734541306,149
2019,apr,37,037,Chatham,0.78725,1
2019,apr,37,115,Madison,,0
2019,apr,37,087,Haywood,,0
2019,apr,37,021,Buncombe,,0
2019,apr,37,089,Henderson,,0
2019,apr,37,175,Transylvania,,0
2019,apr,37,167,Stanly,0.83935,2
2019,apr,37,109,Lincoln,0.7875166666666668,24
2019,apr,37,159,Rowan,0.7575025000000001,20
2019,apr,37,025,Cabarrus,0.7134699999999999,5
2019,apr,37,097,Iredell,0.7566300000000001,5
2019,apr,37,071,Gaston,0.7660833333333333,3
2019,apr,37,179,Union,0.8071525000000002,20
2019,apr,37,119,Mecklenburg,,0
2019,apr,37,045,Cleveland,0.8038375000000001,4
2019,apr,37,005,Alleghany,,0
2019,apr,37,173,Swain,,0
2019,apr,37,011,Avery,,0
2019,apr,37,033,Caswell,,0
2019,apr,37,075,Graham,,0
2019,apr,37,007,Anson,,0
2019,apr,37,149,Polk,0.695075,2
2019,apr,37,039,Cherokee,0.7373444444444446,9
2019,apr,37,113,Macon,,0
2019,apr,37,009,Ashe,,0
2019,apr,37,123,Montgomery,,0
2019,apr,37,043,Clay,,0
2019,apr,37,121,Mitchell,,0
2019,apr,37,199,Yancey,,0
2019,apr,37,189,Watauga,,0
2019,apr,37,099,Jackson,,0
2019,apr,37,161,Rutherford,,0
2019,apr,37,193,Wilkes,,0
2019,apr,37,125,Moore,0.670725,6
2019,apr,37,153,Richmond,0.7531687500000002,8
2019,apr,37,093,Hoke,,0
2019,apr,37,165,Scotland,0.6385336206896552,58
2019,apr,37,155,Robeson,0.6281400000000001,15
2019,apr,37,001,Alamance,0.765055,10
2019,apr,37,151,Randolph,0.7765837606837607,3
2019,apr,37,081,Guilford,0.7261266417189765,17
2019,apr,37,157,Rockingham,0.7450217391304348,23
2019,apr,37,171,Surry,0.7496375000000001,4
2019,apr,37,057,Davidson,,0
2019,apr,37,169,Stokes,,0
2019,apr,37,067,Forsyth,,0
2019,apr,37,197,Yadkin,,0
2019,apr,37,059,Davie,0.8229000000000001,3
2019,apr,37,027,Caldwell,,0
2019,apr,37,003,Alexander,0.7392611111111111,9
2019,apr,37,035,Catawba,0.7832475000000001,20
2019,apr,37,023,Burke,,0
2019,apr,37,111,McDowell,,0
2019,apr,37,029,Camden,0.6742500000000001,3
2019,apr,37,139,Pasquotank,0.562955,10
2019,apr,37,143,Perquimans,,0
2019,apr,37,177,Tyrrell,,0
2019,apr,37,055,Dare,,0
2019,apr,37,073,Gates,0.72735,2
2019,apr,37,053,Currituck,0.7511954545454547,11
2019,apr,37,019,Brunswick,,0
2019,apr,37,031,Carteret,,0
2019,apr,37,137,Pamlico,,0
2019,apr,37,049,Craven,0.7411,1
2019,apr,37,103,Jones,0.48025,1
2019,apr,37,085,Harnett,0.6195111111111111,9
2019,apr,37,063,Durham,,0
2019,apr,37,145,Person,0.7025,5
2019,apr,37,135,Orange,0.745925,4
2019,apr,37,181,Vance,0.7100636363636365,11
2019,apr,37,077,Granville,0.7109285714285716,70
2019,apr,37,069,Franklin,0.7218453125000001,64
2019,apr,37,101,Johnston,0.6428281249999999,16
2019,apr,37,183,Wake,0.6913125,8
2019,apr,37,105,Lee,,0
2019,apr,37,131,Northampton,0.721525,2
2019,apr,37,083,Halifax,0.7403625000000001,12
2019,apr,37,127,Nash,0.7007576923076925,13
2019,apr,37,065,Edgecombe,0.6597452934255039,80
2019,apr,37,195,Wilson,0.5625093970242757,6
2019,apr,37,163,Sampson,0.6649666666666666,36
2019,apr,37,185,Warren,0.7524833333333335,3
2019,apr,37,187,Washington,0.604825,4
2019,apr,37,061,Duplin,0.721025,2
2019,apr,37,091,Hertford,0.7567831677899961,101
2019,apr,37,017,Bladen,0.8050416666666665,6
2019,apr,37,095,Hyde,,0
2019,apr,37,015,Bertie,0.728144017484342,272
2019,apr,37,079,Greene,,0
2019,apr,37,041,Chowan,0.7184705,100
2019,apr,37,117,Martin,0.7029435714285714,70
2019,apr,37,047,Columbus,0.7410000000000001,2
2019,apr,37,191,Wayne,0.6533166666666667,6
2019,apr,37,133,Onslow,0.61805,1
2019,apr,37,107,Lenoir,,0
2019,apr,37,129,New Hanover,,0
2019,apr,37,141,Pender,,0
2019,apr,37,051,Cumberland,0.775225,2
2019,apr,37,147,Pitt,0.6886166666666668,21
2019,apr,37,013,Beaufort,0.69935,1
2020,apr,17,121,Marion,0.6376388888888891,18
2020,apr,17,005,Bond,0.6256170767793179,26
2020,apr,17,083,Jersey,0.6167106578947369,45
2020,apr,17,163,St. Clair,0.641481223000149,28
2020,apr,17,027,Clinton,0.6579165983606557,58
2020,apr,17,013,Calhoun,0.6563173913043479,23
2020,apr,17,119,Madison,0.6446385949231322,67
2020,apr,17,133,Monroe,0.6596692711615205,19
2020,apr,17,117,Macoupin,0.5702841400911163,118
2020,apr,17,171,Scott,0.5154184210526316,7
2020,apr,17,137,Morgan,0.5590971543571268,70
2020,apr,17,107,Logan,0.49616666666666687,63
2020,apr,17,129,Menard,0.5856338709677418,62
2020,apr,17,167,Sangamon,0.5532658163265305,98
2020,apr,17,021,Christian,0.53718,25
2020,apr,17,127,Massac,0.7152000000000001,1
2020,apr,17,057,Fulton,0.5580606060606058,66
2020,apr,17,175,Stark,0.5056188679245285,53
2020,apr,17,203,Woodford,0.49705720246435353,191
2020,apr,17,179,Tazewell,0.48187642276422776,123
2020,apr,17,123,Marshall,0.5365070312499999,64
2020,apr,17,143,Peoria,0.5030914062499999,64
2020,apr,17,001,Adams,0.6018993288590606,149
2020,apr,17,177,Stephenson,0.3787418295218295,126
2020,apr,17,141,Ogle,0.4579506567039496,170
2020,apr,17,201,Winnebago,0.4047196827952311,182
2020,apr,17,007,Boone,0.38546267605633816,71
2020,apr,17,025,Clay,0.6720750000000001,6
2020,apr,17,185,Wabash,0.7019000000000001,1
2020,apr,17,009,Brown,0.5745923318898603,49
2020,apr,17,151,Pope,,0
2020,apr,17,033,Crawford,0.5367200000000001,5
2020,apr,17,135,Montgomery,0.5740738572879633,78
2020,apr,17,055,Franklin,0.6755522727272728,22
2020,apr,17,023,Clark,0.644944122234827,28
2020,apr,17,059,Gallatin,,0
2020,apr,17,075,Iroquois,0.5285498983357182,261
2020,apr,17,041,Douglas,0.5358277777777778,9
2020,apr,17,189,Washington,0.6852500000000001,17
2020,apr,17,159,Richland,0.6806333333333333,3
2020,apr,17,065,Hamilton,0.6196,2
2020,apr,17,193,White,0.7309,3
2020,apr,17,169,Schuyler,0.6069585714285715,35
2020,apr,17,181,Union,,0
2020,apr,17,085,Jo Daviess,0.41500841031898195,23
2020,apr,17,125,Mason,0.5039619718309858,71
2020,apr,17,191,Wayne,0.6019374999999999,4
2020,apr,17,069,Hardin,,0
2020,apr,17,061,Greene,0.5660861111111112,54
2020,apr,17,157,Randolph,0.6844055555555557,18
2020,apr,17,149,Pike,0.6039083592039476,123
2020,apr,17,145,Perry,0.6230867924528303,53
2020,apr,17,087,Johnson,0.7697,1
2020,apr,17,173,Shelby,0.5509579029441116,95
2020,apr,17,051,Fayette,0.6390388332999801,21
2020,apr,17,139,Moultrie,0.5154838117221999,20
2020,apr,17,017,Cass,0.5689659574468087,94
2020,apr,17,015,Carroll,0.4045242582710778,76
2020,apr,17,047,Edwards,0.696825,4
2020,apr,17,079,Jasper,0.570342857142857,21
2020,apr,17,187,Warren,0.59235,2
2020,apr,17,153,Pulaski,,0
2020,apr,17,165,Saline,,0
2020,apr,17,101,Lawrence,0.5788346153846153,13
2020,apr,17,045,Edgar,0.5402325,20
2020,apr,17,071,Henderson,0.575757142857143,7
2020,apr,17,199,Williamson,,0
2020,apr,17,077,Jackson,0.6667533333333334,15
2020,apr,17,147,Piatt,0.5453244951009798,42
2020,apr,17,053,Ford,0.5755344869259504,161
2020,apr,17,019,Champaign,0.5780784552845529,123
2020,apr,17,029,Coles,0.6004418359725127,54
2020,apr,17,035,Cumberland,0.5367470588235296,34
2020,apr,17,183,Vermilion,0.5290010563380282,142
2020,apr,17,115,Macon,0.5708899236962832,85
2020,apr,17,049,Effingham,0.619848780487805,41
2020,apr,17,067,Hancock,0.6056879530916844,89
2020,apr,17,095,Knox,0.5023473684210525,19
2020,apr,17,109,McDonough,0.6055616306954438,15
2020,apr,17,081,Jefferson,0.6745599999999999,5
2020,apr,17,113,McLean,0.46387842439862553,116
2020,apr,17,039,De Witt,0.548847619047619,21
2020,apr,17,105,Livingston,0.49947882335777055,324
2020,apr,17,003,Alexander,,0
2020,apr,17,093,Kendall,0.5170521736346757,63
2020,apr,17,031,Cook,0.5693,1
2020,apr,17,037,DeKalb,0.4448772747355404,312
2020,apr,17,089,Kane,0.49973947548804565,146
2020,apr,17,063,Grundy,0.47155714285714295,14
2020,apr,17,111,McHenry,0.4554628667173784,192
2020,apr,17,197,Will,0.5399783631764625,178
2020,apr,17,043,DuPage,0.35205000000000003,1
2020,apr,17,097,Lake,0.4032689201053557,21
2020,apr,17,091,Kankakee,0.5524495313395215,174
2020,apr,17,011,Bureau,0.5281449697831494,188
2020,apr,17,155,Putnam,0.4748855769230769,52
2020,apr,17,099,LaSalle,0.517344741843184,184
2020,apr,17,131,Mercer,0.5324473684210528,19
2020,apr,17,161,Rock Island,0.4905888888888888,18
2020,apr,17,073,Henry,0.49235947314519823,35
2020,apr,17,103,Lee,0.47596585853105117,81
2020,apr,17,195,Whiteside,0.5233373417721519,79
2020,apr,31,043,Dakota,0.29033,5
2020,apr,31,051,Dixon,0.4170576923076924,13
2020,apr,31,053,Dodge,0.3113428571428572,7
2020,apr,31,025,Cass,0.4059736842105264,19
2020,apr,31,055,Douglas,0.3940363636363637,11
2020,apr,31,153,Sarpy,0.23261500000000002,10
2020,apr,31,155,Saunders,0.336661112273179,77
2020,apr,31,177,Washington,0.38670000000000004,1
2020,apr,31,067,Gage,0.38177770558159363,131
2020,apr,31,109,Lancaster,0.3859241573033709,89
2020,apr,31,159,Seward,0.3706920000000001,50
2020,apr,31,139,Pierce,0.32623333333333343,48
2020,apr,31,119,Madison,0.4732125,16
2020,apr,31,167,Stanton,0.31260750000000004,20
2020,apr,31,117,McPherson,0.273175,14
2020,apr,31,111,Lincoln,0.3894026214238548,735
2020,apr,31,113,Logan,0.3278011952191236,80
2020,apr,31,007,Banner,0.3018174594544821,2919
2020,apr,31,157,Scotts Bluff,0.3033809442490747,436
2020,apr,31,165,Sioux,0.3700001309209285,169
2020,apr,31,039,Cuming,0.3593351851851851,27
2020,apr,31,129,Nuckolls,0.36833580289636986,526
2020,apr,31,101,Keith,0.36080688611375655,1945
2020,apr,31,137,Phelps,0.3520662758605215,181
2020,apr,31,181,Webster,0.4033325228244816,985
2020,apr,31,015,Boyd,0.39894318181818184,22
2020,apr,31,171,Thomas,,0
2020,apr,31,089,Holt,0.43013801815002134,83
2020,apr,31,017,Brown,0.363475,2
2020,apr,31,103,Keya Paha,0.3171555555555556,9
2020,apr,31,077,Greeley,0.33702,5
2020,apr,31,095,Jefferson,0.40403701609016923,300
2020,apr,31,151,Saline,0.3770961864664398,130
2020,apr,31,057,Dundy,0.4125381928965712,2121
2020,apr,31,131,Otoe,0.3969730000000001,50
2020,apr,31,087,Hitchcock,0.41556063668439963,3640
2020,apr,31,105,Kimball,0.28452233407420846,5816
2020,apr,31,127,Nemaha,0.3973864568220526,63
2020,apr,31,041,Custer,0.36226183707887993,194
2020,apr,31,143,Polk,0.48190356553317926,12
2020,apr,31,045,Dawes,0.37711328436891595,1636
2020,apr,31,179,Wayne,0.2982166666666667,6
2020,apr,31,071,Garfield,,0
2020,apr,31,013,Box Butte,0.3421460944965353,6283
2020,apr,31,173,Thurston,0.35104482758620686,29
2020,apr,31,011,Boone,,0
2020,apr,31,145,Red Willow,0.38526943822601195,2881
2020,apr,31,149,Rock,0.344,5
2020,apr,31,005,Arthur,0.29751000000000005,10
2020,apr,31,085,Hayes,0.4083507482231707,1478
2020,apr,31,097,Johnson,0.396367822900595,74
2020,apr,31,003,Antelope,0.31855932436725615,38
2020,apr,31,163,Sherman,0.427498,25
2020,apr,31,161,Sheridan,0.3461192066642441,2182
2020,apr,31,133,Pawnee,0.4057618009287302,119
2020,apr,31,075,Grant,,0
2020,apr,31,021,Burt,0.36556250000000007,4
2020,apr,31,009,Blaine,0.4486,1
2020,apr,31,027,Cedar,0.33021875000000006,24
2020,apr,31,169,Thayer,0.3737336093069731,330
2020,apr,31,049,Deuel,0.32379279308411596,4940
2020,apr,31,123,Morrill,0.36952869159832613,1751
2020,apr,31,115,Loup,0.32598750000000004,4
2020,apr,31,063,Frontier,0.4078274188197809,1867
2020,apr,31,125,Nance,0.45750638734445315,30
2020,apr,31,107,Knox,0.5017684210526315,38
2020,apr,31,135,Perkins,0.3767107732831171,4703
2020,apr,31,037,Colfax,0.3278754716981131,53
2020,apr,31,023,Butler,0.36225754261577914,27
2020,apr,31,031,Cherry,0.37693493954637725,135
2020,apr,31,183,Wheeler,0.36991666666666667,6
2020,apr,31,061,Franklin,0.37426075875553144,355
2020,apr,31,029,Chase,0.3811830370798818,1739
2020,apr,31,059,Fillmore,0.3640228222201953,43
2020,apr,31,185,York,0.4178800000000001,5
2020,apr,31,035,Clay,0.42677274782923313,67
2020,apr,31,033,Cheyenne,0.31377759003127964,12520
2020,apr,31,069,Garden,0.2871825225607058,2615
2020,apr,31,083,Harlan,0.3913333170023437,893
2020,apr,31,091,Hooker,,0
2020,apr,31,147,Richardson,0.46406702127659577,47
2020,apr,31,065,Furnas,0.3940547240380277,1958
2020,apr,31,175,Valley,0.371534090909091,22
2020,apr,31,141,Platte,0.39181111111111117,18
2020,apr,31,121,Merrick,0.5466486527967258,14
2020,apr,31,079,Hall,0.3990907253269917,30
2020,apr,31,081,Hamilton,0.43624638425238144,90
2020,apr,31,093,Howard,0.38659600000000005,25
2020,apr,31,001,Adams,0.3791739094072893,149
2020,apr,31,099,Kearney,0.3506626075361322,280
2020,apr,31,019,Buffalo,0.38853716086018203,104
2020,apr,31,073,Gosper,0.39388420283130854,377
2020,apr,31,047,Dawson,0.42721843419823186,113
2020,apr,37,037,Chatham,0.6316,9
2020,apr,37,115,Madison,,0
2020,apr,37,087,Haywood,,0
2020,apr,37,021,Buncombe,,0
2020,apr,37,089,Henderson,0.73285,1
2020,apr,37,175,Transylvania,,0
2020,apr,37,167,Stanly,0.7889500000000002,3
2020,apr,37,109,Lincoln,0.7867750606403624,49
2020,apr,37,159,Rowan,0.8051499999999999,24
2020,apr,37,025,Cabarrus,0.748,1
2020,apr,37,097,Iredell,0.8318521739130433,23
2020,apr,37,071,Gaston,0.7209234678624815,13
2020,apr,37,179,Union,0.8444184210526315,19
2020,apr,37,119,Mecklenburg,0.82625,1
2020,apr,37,045,Cleveland,0.7528558823529412,17
2020,apr,37,005,Alleghany,0.7754142857142858,7
2020,apr,37,173,Swain,,0
2020,apr,37,011,Avery,,0
2020,apr,37,033,Caswell,0.7335928571428572,7
2020,apr,37,075,Graham,,0
2020,apr,37,007,Anson,0.77399375,8
2020,apr,37,149,Polk,,0
2020,apr,37,039,Cherokee,,0
2020,apr,37,113,Macon,,0
2020,apr,37,009,Ashe,0.7688,1
2020,apr,37,123,Montgomery,0.21305000000000002,1
2020,apr,37,043,Clay,,0
2020,apr,37,121,Mitchell,,0
2020,apr,37,199,Yancey,,0
2020,apr,37,189,Watauga,,0
2020,apr,37,099,Jackson,,0
2020,apr,37,161,Rutherford,0.7324,3
2020,apr,37,193,Wilkes,0.7793833333333334,3
2020,apr,37,125,Moore,0.6932282887886151,34
2020,apr,37,153,Richmond,0.6373222222222221,36
2020,apr,37,093,Hoke,,0
2020,apr,37,165,Scotland,0.6775533333333333,15
2020,apr,37,155,Robeson,0.7256964285714286,42
2020,apr,37,001,Alamance,0.7785181818181819,22
2020,apr,37,151,Randolph,0.7462878787878786,15
2020,apr,37,081,Guilford,0.7644100386930354,19
2020,apr,37,157,Rockingham,0.7305173469387757,49
2020,apr,37,171,Surry,0.75205,2
2020,apr,37,057,Davidson,0.8188197380444716,13
2020,apr,37,169,Stokes,0.7539750000000001,4
2020,apr,37,067,Forsyth,0.7976500000000001,1
2020,apr,37,197,Yadkin,0.8062250000000001,2
2020,apr,37,059,Davie,0.5661,1
2020,apr,37,027,Caldwell,0.7471,1
2020,apr,37,003,Alexander,0.8018500000000001,6
2020,apr,37,035,Catawba,0.7247900000000002,10
2020,apr,37,023,Burke,0.7444000000000001,4
2020,apr,37,111,McDowell,,0
2020,apr,37,029,Camden,,0
2020,apr,37,139,Pasquotank,0.7658333333333334,9
2020,apr,37,143,Perquimans,0.5584,1
2020,apr,37,177,Tyrrell,0.8232166666666666,9
2020,apr,37,055,Dare,,0
2020,apr,37,073,Gates,,0
2020,apr,37,053,Currituck,0.6793958333333333,12
2020,apr,37,019,Brunswick,0.7059500000000001,2
2020,apr,37,031,Carteret,,0
2020,apr,37,137,Pamlico,,0
2020,apr,37,049,Craven,,0
2020,apr,37,103,Jones,0.5677394736842106,19
2020,apr,37,085,Harnett,0.6844555555555556,9
2020,apr,37,063,Durham,0.70753,5
2020,apr,37,145,Person,0.7099850000000001,20
2020,apr,37,135,Orange,0.7425111111111112,9
2020,apr,37,181,Vance,0.7587642857142856,21
2020,apr,37,077,Granville,0.7347990654205608,107
2020,apr,37,069,Franklin,0.7521274287801318,66
2020,apr,37,101,Johnston,0.6968026315789475,19
2020,apr,37,183,Wake,0.6993155621301774,17
2020,apr,37,105,Lee,0.6607706705802662,53
2020,apr,37,131,Northampton,0.78605,1
2020,apr,37,083,Halifax,0.73805,6
2020,apr,37,127,Nash,0.7535825581395351,43
2020,apr,37,065,Edgecombe,0.7117684210526316,19
2020,apr,37,195,Wilson,0.74963,10
2020,apr,37,163,Sampson,0.6197974137931035,58
2020,apr,37,185,Warren,0.72088125,8
2020,apr,37,187,Washington,0.46125000000000005,2
2020,apr,37,061,Duplin,0.7040468750000002,16
2020,apr,37,091,Hertford,0.8210166666666666,3
2020,apr,37,017,Bladen,0.815675,2
2020,apr,37,095,Hyde,0.57675,1
2020,apr,37,015,Bertie,0.7327722222222223,18
2020,apr,37,079,Greene,0.7281666666666667,6
2020,apr,37,041,Chowan,0.7177575022872827,5
2020,apr,37,117,Martin,0.6411199999999999,10
2020,apr,37,047,Columbus,0.7542500000000001,8
2020,apr,37,191,Wayne,0.6888,3
2020,apr,37,133,Onslow,,0
2020,apr,37,107,Lenoir,0.7330666666666668,3
2020,apr,37,129,New Hanover,,0
2020,apr,37,141,Pender,0.68155,1
2020,apr,37,051,Cumberland,0.8360111111111111,9
2020,apr,37,147,Pitt,0.7161264705882353,17
2020,apr,37,013,Beaufort,,0
2021,apr,17,121,Marion,0.662543636862315,15
2021,apr,17,005,Bond,0.6936624999999997,28
2021,apr,17,083,Jersey,0.5475069739952718,20
2021,apr,17,163,St. Clair,0.6858416666666667,6
2021,apr,17,027,Clinton,0.6795754860524091,24
2021,apr,17,013,Calhoun,0.6901962962962963,27
2021,apr,17,119,Madison,0.6884426829268293,41
2021,apr,17,133,Monroe,0.6771909090909092,11
2021,apr,17,117,Macoupin,0.6760671098617231,130
2021,apr,17,171,Scott,0.6254983578708946,14
2021,apr,17,137,Morgan,0.6378501776161817,97
2021,apr,17,107,Logan,0.5742362934143105,105
2021,apr,17,129,Menard,0.6439053333333334,75
2021,apr,17,167,Sangamon,0.6952920251329144,156
2021,apr,17,021,Christian,0.6372629676870748,80
2021,apr,17,127,Massac,0.65375,1
2021,apr,17,057,Fulton,0.614692105263158,114
2021,apr,17,175,Stark,0.6033170928500498,33
2021,apr,17,203,Woodford,0.6078174578411709,318
2021,apr,17,179,Tazewell,0.5877126684282719,197
2021,apr,17,123,Marshall,0.6266103773584907,53
2021,apr,17,143,Peoria,0.5813833333333334,84
2021,apr,17,001,Adams,0.6425982421875002,256
2021,apr,17,177,Stephenson,0.5533012891270997,198
2021,apr,17,141,Ogle,0.6204310568489568,355
2021,apr,17,201,Winnebago,0.5505912857595271,266
2021,apr,17,007,Boone,0.549167290005051,334
2021,apr,17,025,Clay,0.6316843750000001,16
2021,apr,17,185,Wabash,0.7782666666666667,3
2021,apr,17,009,Brown,0.6145692950799951,36
2021,apr,17,151,Pope,,0
2021,apr,17,033,Crawford,0.6164437500000001,8
2021,apr,17,135,Montgomery,0.6917199999999999,60
2021,apr,17,055,Franklin,0.6789350000000001,10
2021,apr,17,023,Clark,0.5335846153846154,26
2021,apr,17,059,Gallatin,,0
2021,apr,17,075,Iroquois,0.6279314185199562,479
2021,apr,17,041,Douglas,0.6631945005266854,91
2021,apr,17,189,Washington,0.6431892857142857,14
2021,apr,17,159,Richland,0.5544333333333334,3
2021,apr,17,065,Hamilton,0.721605,10
2021,apr,17,193,White,0.7223666666666667,9
2021,apr,17,169,Schuyler,0.6345029972685589,81
2021,apr,17,181,Union,,0
2021,apr,17,085,Jo Daviess,0.5681993243243243,74
2021,apr,17,125,Mason,0.54884385122725,47
2021,apr,17,191,Wayne,0.7166428966789669,13
2021,apr,17,069,Hardin,,0
2021,apr,17,061,Greene,0.6296062937922557,65
2021,apr,17,157,Randolph,0.6780674512987012,8
2021,apr,17,149,Pike,0.6779432098765436,81
2021,apr,17,145,Perry,0.73095,1
2021,apr,17,087,Johnson,0.5803166666666667,3
2021,apr,17,173,Shelby,0.6028077985126014,114
2021,apr,17,051,Fayette,0.6609175000000002,40
2021,apr,17,139,Moultrie,0.5935527389603128,106
2021,apr,17,017,Cass,0.6095058252427185,103
2021,apr,17,015,Carroll,0.5314353932584268,89
2021,apr,17,047,Edwards,0.654846875,16
2021,apr,17,079,Jasper,0.6405366575211738,33
2021,apr,17,187,Warren,0.5721111111111112,9
2021,apr,17,153,Pulaski,0.7928000000000001,2
2021,apr,17,165,Saline,0.7312375000000001,4
2021,apr,17,101,Lawrence,0.7389041666666668,12
2021,apr,17,045,Edgar,0.5982012082414787,48
2021,apr,17,071,Henderson,0.6120800000000001,10
2021,apr,17,199,Williamson,0.685385,10
2021,apr,17,077,Jackson,0.7490902327935224,8
2021,apr,17,147,Piatt,0.6685052200352798,87
2021,apr,17,053,Ford,0.6325978134703782,291
2021,apr,17,019,Champaign,0.6466045799868335,300
2021,apr,17,029,Coles,0.6407022470744459,97
2021,apr,17,035,Cumberland,0.6223685791968767,29
2021,apr,17,183,Vermilion,0.647687650945168,362
2021,apr,17,115,Macon,0.6693406882430646,150
2021,apr,17,049,Effingham,0.6191571428571427,42
2021,apr,17,067,Hancock,0.6309363924050632,158
2021,apr,17,095,Knox,0.5796143939393941,66
2021,apr,17,109,McDonough,0.566445,20
2021,apr,17,081,Jefferson,0.7227843721973095,10
2021,apr,17,113,McLean,0.561917018723596,157
2021,apr,17,039,De Witt,0.5861785714285715,35
2021,apr,17,105,Livingston,0.6205559905784209,541
2021,apr,17,003,Alexander,,0
2021,apr,17,093,Kendall,0.6763032819558865,104
2021,apr,17,031,Cook,0.5526367647058825,34
2021,apr,17,037,DeKalb,0.5953838048853588,528
2021,apr,17,089,Kane,0.5943774113812804,219
2021,apr,17,063,Grundy,0.5566276074628094,48
2021,apr,17,111,McHenry,0.5933526086182338,333
2021,apr,17,197,Will,0.620216554633775,306
2021,apr,17,043,DuPage,0.44252500000000006,2
2021,apr,17,097,Lake,0.5586012325448847,56
2021,apr,17,091,Kankakee,0.6616617384010907,439
2021,apr,17,011,Bureau,0.6494834958695687,240
2021,apr,17,155,Putnam,0.5922933460736624,57
2021,apr,17,099,LaSalle,0.6475042941639565,382
2021,apr,17,131,Mercer,0.6273000000000001,22
2021,apr,17,161,Rock Island,0.5922318107221007,22
2021,apr,17,073,Henry,0.5630342485095705,63
2021,apr,17,103,Lee,0.6169570547763958,155
2021,apr,17,195,Whiteside,0.5897743604606229,105
2021,apr,31,043,Dakota,0.38091904761904755,5
2021,apr,31,051,Dixon,0.4304226635514019,43
2021,apr,31,053,Dodge,0.4269982436472346,29
2021,apr,31,025,Cass,0.4799356249999998,80
2021,apr,31,055,Douglas,0.3918928571428573,28
2021,apr,31,153,Sarpy,0.42515185185185195,27
2021,apr,31,155,Saunders,0.4664716666666667,120
2021,apr,31,177,Washington,0.38717999999999997,20
2021,apr,31,067,Gage,0.5481819783236577,277
2021,apr,31,109,Lancaster,0.48658772233004527,148
2021,apr,31,159,Seward,0.43157500000000004,38
2021,apr,31,139,Pierce,0.39080394736842117,38
2021,apr,31,119,Madison,0.4168179487179488,39
2021,apr,31,167,Stanton,0.3645,5
2021,apr,31,117,McPherson,0.44680000000000003,6
2021,apr,31,111,Lincoln,0.46556908422249826,697
2021,apr,31,113,Logan,0.4331881001655629,48
2021,apr,31,007,Banner,0.3280329510756007,3495
2021,apr,31,157,Scotts Bluff,0.37558620246150215,679
2021,apr,31,165,Sioux,0.4296343055843883,209
2021,apr,31,039,Cuming,0.4765526315789474,19
2021,apr,31,129,Nuckolls,0.4906106705001983,608
2021,apr,31,101,Keith,0.45703020367540936,1702
2021,apr,31,137,Phelps,0.4870730235764508,143
2021,apr,31,181,Webster,0.5221042450108435,991
2021,apr,31,015,Boyd,0.42060233256036017,144
2021,apr,31,171,Thomas,,0
2021,apr,31,089,Holt,0.3860034022909898,69
2021,apr,31,017,Brown,0.4112428571428572,14
2021,apr,31,103,Keya Paha,0.421621283095723,20
2021,apr,31,077,Greeley,0.5622,1
2021,apr,31,095,Jefferson,0.5619468701889827,357
2021,apr,31,151,Saline,0.5002971887699247,214
2021,apr,31,057,Dundy,0.5062136943096046,2455
2021,apr,31,131,Otoe,0.5115211538461538,78
2021,apr,31,087,Hitchcock,0.5194388869019853,3994
2021,apr,31,105,Kimball,0.2846049211088147,6756
2021,apr,31,127,Nemaha,0.5494090476190477,105
2021,apr,31,041,Custer,0.4398635458167329,251
2021,apr,31,143,Polk,0.4760678571428572,14
2021,apr,31,045,Dawes,0.3976595625349889,1697
2021,apr,31,179,Wayne,0.32,6
2021,apr,31,071,Garfield,0.325025,2
2021,apr,31,013,Box Butte,0.39539317761875836,6532
2021,apr,31,173,Thurston,0.4388375,4
2021,apr,31,011,Boone,0.4208,1
2021,apr,31,145,Red Willow,0.5435738976354918,3379
2021,apr,31,149,Rock,,0
2021,apr,31,005,Arthur,0.45120714285714286,14
2021,apr,31,085,Hayes,0.44879044488680453,1511
2021,apr,31,097,Johnson,0.5413865384615385,78
2021,apr,31,003,Antelope,0.32741842105263164,19
2021,apr,31,163,Sherman,0.35241,5
2021,apr,31,161,Sheridan,0.3693381987198907,2261
2021,apr,31,133,Pawnee,0.5445914185591653,73
2021,apr,31,075,Grant,,0
2021,apr,31,021,Burt,0.36241666666666666,9
2021,apr,31,009,Blaine,,0
2021,apr,31,027,Cedar,0.3844875,16
2021,apr,31,169,Thayer,0.5207895291911246,326
2021,apr,31,049,Deuel,0.4116835380331293,4437
2021,apr,31,123,Morrill,0.3757589636354755,1781
2021,apr,31,115,Loup,0.4363041666666667,12
2021,apr,31,063,Frontier,0.4838977491379116,1576
2021,apr,31,125,Nance,0.4155165656205421,12
2021,apr,31,107,Knox,0.4155589008702233,63
2021,apr,31,135,Perkins,0.4602919196709311,5006
2021,apr,31,037,Colfax,0.47584946190271205,101
2021,apr,31,023,Butler,0.5010950980392157,51
2021,apr,31,031,Cherry,0.47441214285714284,70
2021,apr,31,183,Wheeler,0.4408904761904762,21
2021,apr,31,061,Franklin,0.4941199713553122,372
2021,apr,31,029,Chase,0.49975118822034015,2397
2021,apr,31,059,Fillmore,0.4624344109403694,82
2021,apr,31,185,York,0.39720595238095224,42
2021,apr,31,035,Clay,0.41836147040011396,114
2021,apr,31,033,Cheyenne,0.31686896443591384,12256
2021,apr,31,069,Garden,0.42202965911908613,2497
2021,apr,31,083,Harlan,0.45412790709814493,873
2021,apr,31,091,Hooker,0.37867500000000004,6
2021,apr,31,147,Richardson,0.5383955357142856,56
2021,apr,31,065,Furnas,0.5138682223086534,2106
2021,apr,31,175,Valley,0.40716,5
2021,apr,31,141,Platte,0.41997271098726113,30
2021,apr,31,121,Merrick,0.4585999594375338,32
2021,apr,31,079,Hall,0.46485959909655555,42
2021,apr,31,081,Hamilton,0.479510978063033,82
2021,apr,31,093,Howard,0.4742566666666667,15
2021,apr,31,001,Adams,0.4376726190250829,209
2021,apr,31,099,Kearney,0.4919993982794365,332
2021,apr,31,019,Buffalo,0.45485002645054795,186
2021,apr,31,073,Gosper,0.4710047984817346,361
2021,apr,31,047,Dawson,0.4613795188527521,92
2021,apr,37,037,Chatham,0.6976578534031415,9
2021,apr,37,115,Madison,,0
2021,apr,37,087,Haywood,,0
2021,apr,37,021,Buncombe,,0
2021,apr,37,089,Henderson,,0
2021,apr,37,175,Transylvania,,0
2021,apr,37,167,Stanly,0.8272124999999999,4
2021,apr,37,109,Lincoln,0.7800555555555555,18
2021,apr,37,159,Rowan,0.7552966666666668,15
2021,apr,37,025,Cabarrus,0.7578055555555555,9
2021,apr,37,097,Iredell,0.76024375,8
2021,apr,37,071,Gaston,0.8368500000000001,1
2021,apr,37,179,Union,0.8074800000000001,45
2021,apr,37,119,Mecklenburg,0.6471,2
2021,apr,37,045,Cleveland,0.7583666666666667,3
2021,apr,37,005,Alleghany,,0
2021,apr,37,173,Swain,,0
2021,apr,37,011,Avery,,0
2021,apr,37,033,Caswell,0.6524658408264778,21
2021,apr,37,075,Graham,,0
2021,apr,37,007,Anson,0.7763031250000001,16
2021,apr,37,149,Polk,,0
2021,apr,37,039,Cherokee,,0
2021,apr,37,113,Macon,0.6005750000000001,2
2021,apr,37,009,Ashe,,0
2021,apr,37,123,Montgomery,0.35422795698924725,2
2021,apr,37,043,Clay,,0
2021,apr,37,121,Mitchell,,0
2021,apr,37,199,Yancey,,0
2021,apr,37,189,Watauga,,0
2021,apr,37,099,Jackson,,0
2021,apr,37,161,Rutherford,,0
2021,apr,37,193,Wilkes,,0
2021,apr,37,125,Moore,0.68575866559115,35
2021,apr,37,153,Richmond,0.6524558562992127,24
2021,apr,37,093,Hoke,0.6991909716908953,6
2021,apr,37,165,Scotland,0.6129510869565217,46
2021,apr,37,155,Robeson,0.6363149973611683,68
2021,apr,37,001,Alamance,0.7207786336576159,28
2021,apr,37,151,Randolph,0.7436907719836402,24
2021,apr,37,081,Guilford,0.6838473684210528,19
2021,apr,37,157,Rockingham,0.7078034482758621,29
2021,apr,37,171,Surry,0.83125,1
2021,apr,37,057,Davidson,0.7269,12
2021,apr,37,169,Stokes,0.8407,1
2021,apr,37,067,Forsyth,0.7712000000000001,5
2021,apr,37,197,Yadkin,0.6763071428571429,7
2021,apr,37,059,Davie,0.7701800000000001,10
2021,apr,37,027,Caldwell,0.7417,1
2021,apr,37,003,Alexander,0.7293076219512196,4
2021,apr,37,035,Catawba,0.7586833333333334,3
2021,apr,37,023,Burke,0.7701,1
2021,apr,37,111,McDowell,,0
2021,apr,37,029,Camden,,0
2021,apr,37,139,Pasquotank,0.57289,5
2021,apr,37,143,Perquimans,,0
2021,apr,37,177,Tyrrell,0.42550000000000004,1
2021,apr,37,055,Dare,,0
2021,apr,37,073,Gates,0.8280500000000001,1
2021,apr,37,053,Currituck,0.606164705882353,17
2021,apr,37,019,Brunswick,0.5765000000000001,4
2021,apr,37,031,Carteret,,0
2021,apr,37,137,Pamlico,,0
2021,apr,37,049,Craven,0.6967166666666667,3
2021,apr,37,103,Jones,,0
2021,apr,37,085,Harnett,0.635928644804425,11
2021,apr,37,063,Durham,0.6859833333333333,3
2021,apr,37,145,Person,0.7013758064516129,31
2021,apr,37,135,Orange,0.7048024499187873,15
2021,apr,37,181,Vance,0.78035,3
2021,apr,37,077,Granville,0.7112166666666667,39
2021,apr,37,069,Franklin,0.72507375,40
2021,apr,37,101,Johnston,0.5650303969128998,19
2021,apr,37,183,Wake,0.7828500000000002,3
2021,apr,37,105,Lee,0.7240407482517482,29
2021,apr,37,131,Northampton,0.6909750000000001,10
2021,apr,37,083,Halifax,0.7690236842105264,19
2021,apr,37,127,Nash,0.7146791666666666,12
2021,apr,37,065,Edgecombe,0.72245,1
2021,apr,37,195,Wilson,0.7240115708897271,18
2021,apr,37,163,Sampson,0.6077083566659488,19
2021,apr,37,185,Warren,0.8362,1
2021,apr,37,187,Washington,,0
2021,apr,37,061,Duplin,,0
2021,apr,37,091,Hertford,,0
2021,apr,37,017,Bladen,0.47945000000000004,1
2021,apr,37,095,Hyde,,0
2021,apr,37,015,Bertie,0.63635,3
2021,apr,37,079,Greene,,0
2021,apr,37,041,Chowan,,0
2021,apr,37,117,Martin,0.5904541666666668,12
2021,apr,37,047,Columbus,0.690425,8
2021,apr,37,191,Wayne,0.67071568627451,51
2021,apr,37,133,Onslow,,0
2021,apr,37,107,Lenoir,,0
2021,apr,37,129,New Hanover,,0
2021,apr,37,141,Pender,0.5751402439024391,41
2021,apr,37,051,Cumberland,0.6949666666666667,3
2021,apr,37,147,Pitt,0.5021833333333334,6
2021,apr,37,013,Beaufort,0.41035,1
2022,apr,17,121,Marion,0.7301500000000001,1
2022,apr,17,005,Bond,0.8350000000000001,1
2022,apr,17,083,Jersey,0.6739599999999999,10
2022,apr,17,163,St. Clair,0.6660389584964762,6
2022,apr,17,027,Clinton,0.6292375,4
2022,apr,17,013,Calhoun,0.611375,4
2022,apr,17,119,Madison,0.69231875,16
2022,apr,17,133,Monroe,0.630606442119032,12
2022,apr,17,117,Macoupin,0.6332615080438014,117
2022,apr,17,171,Scott,0.5335,1
2022,apr,17,137,Morgan,0.614666405093278,55
2022,apr,17,107,Logan,0.568434328358209,67
2022,apr,17,129,Menard,0.610603240740741,108
2022,apr,17,167,Sangamon,0.5996654234817811,123
2022,apr,17,021,Christian,0.6332811747488856,119
2022,apr,17,127,Massac,0.69109,5
2022,apr,17,057,Fulton,0.6174759615384615,104
2022,apr,17,175,Stark,0.5830169642857143,56
2022,apr,17,203,Woodford,0.6080516108339276,331
2022,apr,17,179,Tazewell,0.5972378683312649,203
2022,apr,17,123,Marshall,0.5425924560216508,48
2022,apr,17,143,Peoria,0.6156492301023777,96
2022,apr,17,001,Adams,0.6099782965117676,164
2022,apr,17,177,Stephenson,0.5054405226122549,201
2022,apr,17,141,Ogle,0.564401936778103,381
2022,apr,17,201,Winnebago,0.49350072428985303,231
2022,apr,17,007,Boone,0.5013117313346683,220
2022,apr,17,025,Clay,0.6190200000000001,5
2022,apr,17,185,Wabash,,0
2022,apr,17,009,Brown,0.5835293478260869,46
2022,apr,17,151,Pope,,0
2022,apr,17,033,Crawford,0.30565000000000003,1
2022,apr,17,135,Montgomery,0.605136206896552,29
2022,apr,17,055,Franklin,0.6012875,4
2022,apr,17,023,Clark,0.557615,10
2022,apr,17,059,Gallatin,,0
2022,apr,17,075,Iroquois,0.545240772823678,337
2022,apr,17,041,Douglas,0.47903452380952366,42
2022,apr,17,189,Washington,0.78716,5
2022,apr,17,159,Richland,0.70915,5
2022,apr,17,065,Hamilton,0.7200333333333333,6
2022,apr,17,193,White,0.6399250000000001,2
2022,apr,17,169,Schuyler,0.5987000000000002,33
2022,apr,17,181,Union,,0
2022,apr,17,085,Jo Daviess,0.49438821562891777,76
2022,apr,17,125,Mason,0.6286705656593597,57
2022,apr,17,191,Wayne,0.5992891474654379,9
2022,apr,17,069,Hardin,,0
2022,apr,17,061,Greene,0.680466710925645,11
2022,apr,17,157,Randolph,0.7160875,4
2022,apr,17,149,Pike,0.6393491071428574,56
2022,apr,17,145,Perry,0.8459,1
2022,apr,17,087,Johnson,0.679525,2
2022,apr,17,173,Shelby,0.5501703500203501,29
2022,apr,17,051,Fayette,,0
2022,apr,17,139,Moultrie,0.5620152777777778,36
2022,apr,17,017,Cass,0.5591656476267094,50
2022,apr,17,015,Carroll,0.4851446097807977,123
2022,apr,17,047,Edwards,0.6794142857142857,7
2022,apr,17,079,Jasper,0.5843222222222222,9
2022,apr,17,187,Warren,0.546309090909091,11
2022,apr,17,153,Pulaski,,0
2022,apr,17,165,Saline,0.7154125,8
2022,apr,17,101,Lawrence,0.7172333333333333,3
2022,apr,17,045,Edgar,0.6189939393939397,33
2022,apr,17,071,Henderson,0.5623805555555556,18
2022,apr,17,199,Williamson,0.6098225000000002,20
2022,apr,17,077,Jackson,,0
2022,apr,17,147,Piatt,0.6381659217559424,72
2022,apr,17,053,Ford,0.5068693044251418,121
2022,apr,17,019,Champaign,0.5406517120674954,180
2022,apr,17,029,Coles,0.6379175000000001,40
2022,apr,17,035,Cumberland,0.6111039138012991,25
2022,apr,17,183,Vermilion,0.5776006279929428,100
2022,apr,17,115,Macon,0.587071354869434,150
2022,apr,17,049,Effingham,0.6544843018770894,17
2022,apr,17,067,Hancock,0.5885799946865039,90
2022,apr,17,095,Knox,0.5957125,20
2022,apr,17,109,McDonough,0.5586418410409708,24
2022,apr,17,081,Jefferson,0.7536444382022474,5
2022,apr,17,113,McLean,0.5387290539419092,72
2022,apr,17,039,De Witt,0.5556225070345205,59
2022,apr,17,105,Livingston,0.5483905078971817,407
2022,apr,17,003,Alexander,,0
2022,apr,17,093,Kendall,0.5624611188513486,103
2022,apr,17,031,Cook,0.29900000000000004,5
2022,apr,17,037,DeKalb,0.5406789046692914,502
2022,apr,17,089,Kane,0.5085924549437911,204
2022,apr,17,063,Grundy,0.5692038395980983,44
2022,apr,17,111,McHenry,0.5230403178718815,399
2022,apr,17,197,Will,0.5963650732566763,214
2022,apr,17,043,DuPage,0.3954966121495328,11
2022,apr,17,097,Lake,0.3469500000000001,19
2022,apr,17,091,Kankakee,0.5365023634370333,255
2022,apr,17,011,Bureau,0.6033777753861056,146
2022,apr,17,155,Putnam,0.5897796270718231,60
2022,apr,17,099,LaSalle,0.5889074010112517,334
2022,apr,17,131,Mercer,0.5484473684210527,19
2022,apr,17,161,Rock Island,0.6171133333333333,15
2022,apr,17,073,Henry,0.530960344827586,58
2022,apr,17,103,Lee,0.5389307395498392,144
2022,apr,17,195,Whiteside,0.5685962427632608,102
2022,apr,31,043,Dakota,0.40875,1
2022,apr,31,051,Dixon,0.3356775,40
2022,apr,31,053,Dodge,0.35091296296296304,27
2022,apr,31,025,Cass,0.4021647959797786,66
2022,apr,31,055,Douglas,0.468445238095238,21
2022,apr,31,153,Sarpy,0.3067431818181819,22
2022,apr,31,155,Saunders,0.43860918565196344,91
2022,apr,31,177,Washington,0.339795,10
2022,apr,31,067,Gage,0.45118992914676925,331
2022,apr,31,109,Lancaster,0.39586939623025286,119
2022,apr,31,159,Seward,0.3812602115987461,28
2022,apr,31,139,Pierce,0.33278620689655153,58
2022,apr,31,119,Madison,0.3071145833333334,24
2022,apr,31,167,Stanton,0.2787535714285715,14
2022,apr,31,117,McPherson,0.30824285714285715,7
2022,apr,31,111,Lincoln,0.38160968896720826,648
2022,apr,31,113,Logan,0.3346720128542214,69
2022,apr,31,007,Banner,0.3176033434558552,3341
2022,apr,31,157,Scotts Bluff,0.34595239785069853,690
2022,apr,31,165,Sioux,0.4020331512713317,275
2022,apr,31,039,Cuming,0.39606250000000004,8
2022,apr,31,129,Nuckolls,0.35947336878395847,654
2022,apr,31,101,Keith,0.3882380533777021,2470
2022,apr,31,137,Phelps,0.4196794538868766,142
2022,apr,31,181,Webster,0.3481758564459441,1015
2022,apr,31,015,Boyd,0.40856987071589723,111
2022,apr,31,171,Thomas,,0
2022,apr,31,089,Holt,0.3679650000000001,160
2022,apr,31,017,Brown,0.39251875,8
2022,apr,31,103,Keya Paha,0.3210224002727583,15
2022,apr,31,077,Greeley,,0
2022,apr,31,095,Jefferson,0.44515000123744053,482
2022,apr,31,151,Saline,0.41591189766705006,209
2022,apr,31,057,Dundy,0.37393818028030124,2422
2022,apr,31,131,Otoe,0.45097722477943997,63
2022,apr,31,087,Hitchcock,0.36491122926428976,4025
2022,apr,31,105,Kimball,0.2735702034514039,6806
2022,apr,31,127,Nemaha,0.47194210526315794,57
2022,apr,31,041,Custer,0.31748097894736854,280
2022,apr,31,143,Polk,0.35624729729729737,37
2022,apr,31,045,Dawes,0.40953912747358745,1731
2022,apr,31,179,Wayne,0.3126107142857143,14
2022,apr,31,071,Garfield,0.30635,2
2022,apr,31,013,Box Butte,0.40620586315956636,7297
2022,apr,31,173,Thurston,0.3953863636363636,22
2022,apr,31,011,Boone,0.29334333333333334,15
2022,apr,31,145,Red Willow,0.39359600752347146,3185
2022,apr,31,149,Rock,0.25927884615384617,26
2022,apr,31,005,Arthur,0.34343529411764706,17
2022,apr,31,085,Hayes,0.3866719454704297,1749
2022,apr,31,097,Johnson,0.44088126235007574,87
2022,apr,31,003,Antelope,0.38686666666666664,39
2022,apr,31,163,Sherman,0.2809750000000001,32
2022,apr,31,161,Sheridan,0.38928359050300076,2580
2022,apr,31,133,Pawnee,0.4734016483516485,91
2022,apr,31,075,Grant,,0
2022,apr,31,021,Burt,,0
2022,apr,31,009,Blaine,,0
2022,apr,31,027,Cedar,0.34830277777777774,54
2022,apr,31,169,Thayer,0.4140665142155334,432
2022,apr,31,049,Deuel,0.36950951190471404,4774
2022,apr,31,123,Morrill,0.3905392447379963,2150
2022,apr,31,115,Loup,0.3025142857142857,7
2022,apr,31,063,Frontier,0.39130893935080574,1903
2022,apr,31,125,Nance,0.34505407720891834,20
2022,apr,31,107,Knox,0.3791565934065934,91
2022,apr,31,135,Perkins,0.3519715396628905,6036
2022,apr,31,037,Colfax,0.39050618556701017,97
2022,apr,31,023,Butler,0.3981499999999998,58
2022,apr,31,031,Cherry,0.4560258986962136,95
2022,apr,31,183,Wheeler,0.33896500000000007,30
2022,apr,31,061,Franklin,0.3493970072914328,418
2022,apr,31,029,Chase,0.4338863372432965,2848
2022,apr,31,059,Fillmore,0.3657821337555982,159
2022,apr,31,185,York,0.4500724531668154,22
2022,apr,31,035,Clay,0.3545309497989246,90
2022,apr,31,033,Cheyenne,0.3438563266430597,12241
2022,apr,31,069,Garden,0.36167325891541097,2794
2022,apr,31,083,Harlan,0.3720404654453425,1270
2022,apr,31,091,Hooker,,0
2022,apr,31,147,Richardson,0.5305371212121212,52
2022,apr,31,065,Furnas,0.34721882273581167,2210
2022,apr,31,175,Valley,0.28607317073170724,41
2022,apr,31,141,Platte,0.36511395348837217,43
2022,apr,31,121,Merrick,0.37251660763976735,34
2022,apr,31,079,Hall,0.42502708333333344,48
2022,apr,31,081,Hamilton,0.40968233504509566,91
2022,apr,31,093,Howard,0.32261,25
2022,apr,31,001,Adams,0.3151212988666754,155
2022,apr,31,099,Kearney,0.3458034042084965,375
2022,apr,31,019,Buffalo,0.30096457568990265,148
2022,apr,31,073,Gosper,0.34590675271755345,666
2022,apr,31,047,Dawson,0.3095522113954405,138
2022,apr,37,037,Chatham,0.6647742290748898,5
2022,apr,37,115,Madison,,0
2022,apr,37,087,Haywood,,0
2022,apr,37,021,Buncombe,,0
2022,apr,37,089,Henderson,,0
2022,apr,37,175,Transylvania,,0
2022,apr,37,167,Stanly,0.7907000000000001,1
2022,apr,37,109,Lincoln,,0
2022,apr,37,159,Rowan,0.7791895833333333,24
2022,apr,37,025,Cabarrus,0.6347388888888889,9
2022,apr,37,097,Iredell,0.72569875,40
2022,apr,37,071,Gaston,,0
2022,apr,37,179,Union,0.8253743549285317,44
2022,apr,37,119,Mecklenburg,0.756375,2
2022,apr,37,045,Cleveland,0.7226395833333336,24
2022,apr,37,005,Alleghany,0.6684166666666668,3
2022,apr,37,173,Swain,,0
2022,apr,37,011,Avery,,0
2022,apr,37,033,Caswell,0.7142785714285714,7
2022,apr,37,075,Graham,,0
2022,apr,37,007,Anson,0.8547100000000001,10
2022,apr,37,149,Polk,,0
2022,apr,37,039,Cherokee,,0
2022,apr,37,113,Macon,,0
2022,apr,37,009,Ashe,,0
2022,apr,37,123,Montgomery,0.4756,1
2022,apr,37,043,Clay,,0
2022,apr,37,121,Mitchell,,0
2022,apr,37,199,Yancey,,0
2022,apr,37,189,Watauga,,0
2022,apr,37,099,Jackson,,0
2022,apr,37,161,Rutherford,,0
2022,apr,37,193,Wilkes,0.7806500000000001,2
2022,apr,37,125,Moore,0.7016268060836502,2
2022,apr,37,153,Richmond,0.69925,1
2022,apr,37,093,Hoke,0.7670125000000001,4
2022,apr,37,165,Scotland,0.6527105263157895,19
2022,apr,37,155,Robeson,0.82265,1
2022,apr,37,001,Alamance,0.6903366666666667,15
2022,apr,37,151,Randolph,0.7983166666666666,6
2022,apr,37,081,Guilford,0.7570675,20
2022,apr,37,157,Rockingham,0.6574883720930234,43
2022,apr,37,171,Surry,0.6812,6
2022,apr,37,057,Davidson,0.7343000000000001,1
2022,apr,37,169,Stokes,0.52905,1
2022,apr,37,067,Forsyth,,0
2022,apr,37,197,Yadkin,0.6716500000000001,1
2022,apr,37,059,Davie,0.7930909090909091,11
2022,apr,37,027,Caldwell,,0
2022,apr,37,003,Alexander,,0
2022,apr,37,035,Catawba,0.7032857142857143,7
2022,apr,37,023,Burke,,0
2022,apr,37,111,McDowell,,0
2022,apr,37,029,Camden,0.7429528169014085,71
2022,apr,37,139,Pasquotank,0.5419285714285714,7
2022,apr,37,143,Perquimans,0.798325,2
2022,apr,37,177,Tyrrell,,0
2022,apr,37,055,Dare,,0
2022,apr,37,073,Gates,,0
2022,apr,37,053,Currituck,0.7026,10
2022,apr,37,019,Brunswick,,0
2022,apr,37,031,Carteret,0.5924833333333334,3
2022,apr,37,137,Pamlico,,0
2022,apr,37,049,Craven,,0
2022,apr,37,103,Jones,0.5937166666666667,3
2022,apr,37,085,Harnett,0.7103765833692374,10
2022,apr,37,063,Durham,0.6477125,4
2022,apr,37,145,Person,0.6928937499999999,16
2022,apr,37,135,Orange,0.7299000000000001,8
2022,apr,37,181,Vance,0.685325,8
2022,apr,37,077,Granville,0.7043083333333334,30
2022,apr,37,069,Franklin,0.7200263412302134,39
2022,apr,37,101,Johnston,0.7301337076768355,25
2022,apr,37,183,Wake,0.6780183238636365,20
2022,apr,37,105,Lee,0.6997083946488294,6
2022,apr,37,131,Northampton,0.76985,1
2022,apr,37,083,Halifax,0.7080045454545455,11
2022,apr,37,127,Nash,,0
2022,apr,37,065,Edgecombe,0.62805625,8
2022,apr,37,195,Wilson,0.6847708333333333,12
2022,apr,37,163,Sampson,0.6706485294117648,34
2022,apr,37,185,Warren,0.6263500000000001,3
2022,apr,37,187,Washington,,0
2022,apr,37,061,Duplin,0.724008695652174,23
2022,apr,37,091,Hertford,,0
2022,apr,37,017,Bladen,0.6632531250000001,16
2022,apr,37,095,Hyde,,0
2022,apr,37,015,Bertie,0.6530928571428571,14
2022,apr,37,079,Greene,,0
2022,apr,37,041,Chowan,0.6349111111111111,9
2022,apr,37,117,Martin,0.634628,25
2022,apr,37,047,Columbus,0.6560428571428571,7
2022,apr,37,191,Wayne,0.6728732644017725,3
2022,apr,37,133,Onslow,,0
2022,apr,37,107,Lenoir,,0
2022,apr,37,129,New Hanover,,0
2022,apr,37,141,Pender,,0
2022,apr,37,051,Cumberland,0.75135,2
2022,apr,37,147,Pitt,0.5869583333333334,6
2022,apr,37,013,Beaufort,0.73445,2
2023,apr,17,121,Marion,0.716975,16
2023,apr,17,005,Bond,0.60405,2
2023,apr,17,083,Jersey,0.7007575804455447,39
2023,apr,17,163,St. Clair,0.6525892857142858,14
2023,apr,17,027,Clinton,0.7564300000000002,5
2023,apr,17,013,Calhoun,0.6846666666666669,36
2023,apr,17,119,Madison,0.5900529411764709,34
2023,apr,17,133,Monroe,0.7058632243487506,17
2023,apr,17,117,Macoupin,0.623865501707942,98
2023,apr,17,171,Scott,0.568830745690095,41
2023,apr,17,137,Morgan,0.6300136492547159,121
2023,apr,17,107,Logan,0.5949407407407407,135
2023,apr,17,129,Menard,0.647270538898188,108
2023,apr,17,167,Sangamon,0.624510029681922,200
2023,apr,17,021,Christian,0.6313814043615346,90
2023,apr,17,127,Massac,0.8462611111111111,9
2023,apr,17,057,Fulton,0.6364637094528751,170
2023,apr,17,175,Stark,0.60988396277803,44
2023,apr,17,203,Woodford,0.6509127048938556,470
2023,apr,17,179,Tazewell,0.6075552249287957,308
2023,apr,17,123,Marshall,0.6033923469387755,98
2023,apr,17,143,Peoria,0.6111970649758139,90
2023,apr,17,001,Adams,0.651198641304348,184
2023,apr,17,177,Stephenson,0.49426285901598355,315
2023,apr,17,141,Ogle,0.5255246166965889,438
2023,apr,17,201,Winnebago,0.5157776607993131,203
2023,apr,17,007,Boone,0.5228402853987347,231
2023,apr,17,025,Clay,0.6503636363636365,11
2023,apr,17,185,Wabash,,0
2023,apr,17,009,Brown,0.6227050000000001,60
2023,apr,17,151,Pope,,0
2023,apr,17,033,Crawford,0.7091525000000001,20
2023,apr,17,135,Montgomery,0.6338101814243163,44
2023,apr,17,055,Franklin,,0
2023,apr,17,023,Clark,0.6682388888888889,9
2023,apr,17,059,Gallatin,0.2820142857142857,7
2023,apr,17,075,Iroquois,0.5916368627468924,431
2023,apr,17,041,Douglas,0.6880186644111487,151
2023,apr,17,189,Washington,0.6948000000000001,4
2023,apr,17,159,Richland,0.724275,2
2023,apr,17,065,Hamilton,0.6754166666666667,3
2023,apr,17,193,White,0.6673785714285715,7
2023,apr,17,169,Schuyler,0.6273471014492753,69
2023,apr,17,181,Union,0.736425,2
2023,apr,17,085,Jo Daviess,0.5031396871913072,120
2023,apr,17,125,Mason,0.5648294340830134,129
2023,apr,17,191,Wayne,0.67622,10
2023,apr,17,069,Hardin,,0
2023,apr,17,061,Greene,0.6420338872292755,85
2023,apr,17,157,Randolph,0.6987374651324963,12
2023,apr,17,149,Pike,0.6140438016528927,121
2023,apr,17,145,Perry,0.703125,2
2023,apr,17,087,Johnson,,0
2023,apr,17,173,Shelby,0.6503593406593406,91
2023,apr,17,051,Fayette,0.583895,10
2023,apr,17,139,Moultrie,0.6414158295711063,105
2023,apr,17,017,Cass,0.611716483969669,150
2023,apr,17,015,Carroll,0.48240391097492147,147
2023,apr,17,047,Edwards,0.676290909090909,11
2023,apr,17,079,Jasper,0.57358,10
2023,apr,17,187,Warren,0.5466806451612904,31
2023,apr,17,153,Pulaski,,0
2023,apr,17,165,Saline,0.5873,4
2023,apr,17,101,Lawrence,0.8554088235294118,17
2023,apr,17,045,Edgar,0.7556508731992387,59
2023,apr,17,071,Henderson,0.5907285714285714,28
2023,apr,17,199,Williamson,,0
2023,apr,17,077,Jackson,0.5782750000000001,2
2023,apr,17,147,Piatt,0.695301052518141,113
2023,apr,17,053,Ford,0.5355500428526692,239
2023,apr,17,019,Champaign,0.6265195915751753,350
2023,apr,17,029,Coles,0.6286805521858291,88
2023,apr,17,035,Cumberland,0.6049957658779578,54
2023,apr,17,183,Vermilion,0.6636232486350268,188
2023,apr,17,115,Macon,0.6869594469507704,220
2023,apr,17,049,Effingham,0.6184291666666667,36
2023,apr,17,067,Hancock,0.6046196840245599,136
2023,apr,17,095,Knox,0.5486070422535213,71
2023,apr,17,109,McDonough,0.5533031057028697,22
2023,apr,17,081,Jefferson,0.6673031250000001,16
2023,apr,17,113,McLean,0.6146024787131532,202
2023,apr,17,039,De Witt,0.5917546153846155,65
2023,apr,17,105,Livingston,0.5499023176717301,525
2023,apr,17,003,Alexander,,0
2023,apr,17,093,Kendall,0.6559860047518962,87
2023,apr,17,031,Cook,0.4182555555555556,9
2023,apr,17,037,DeKalb,0.5580621509708825,603
2023,apr,17,089,Kane,0.5745994280965887,166
2023,apr,17,063,Grundy,0.5648253790478566,63
2023,apr,17,111,McHenry,0.5686594612092719,429
2023,apr,17,197,Will,0.5473771779983477,339
2023,apr,17,043,DuPage,,0
2023,apr,17,097,Lake,0.552809745762712,40
2023,apr,17,091,Kankakee,0.6050460274663163,259
2023,apr,17,011,Bureau,0.61006686853444,200
2023,apr,17,155,Putnam,0.5978265217391304,77
2023,apr,17,099,LaSalle,0.5827881603862903,465
2023,apr,17,131,Mercer,0.5520366666666667,30
2023,apr,17,161,Rock Island,0.4923634615384615,26
2023,apr,17,073,Henry,0.5291326652587959,99
2023,apr,17,103,Lee,0.5439832397695373,162
2023,apr,17,195,Whiteside,0.5391065359286672,203
2023,apr,31,043,Dakota,0.23340000000000002,4
2023,apr,31,051,Dixon,0.3032705882352942,17
2023,apr,31,053,Dodge,0.3545183486238532,33
2023,apr,31,025,Cass,0.3205969696969697,33
2023,apr,31,055,Douglas,0.34286399999999995,25
2023,apr,31,153,Sarpy,0.34253103448275857,29
2023,apr,31,155,Saunders,0.3493733398088032,78
2023,apr,31,177,Washington,0.30424166666666674,18
2023,apr,31,067,Gage,0.3969830605195976,288
2023,apr,31,109,Lancaster,0.33916698113207555,53
2023,apr,31,159,Seward,0.3643961538461538,13
2023,apr,31,139,Pierce,0.3607522727272728,44
2023,apr,31,119,Madison,0.3187076923076923,13
2023,apr,31,167,Stanton,0.2719350793650794,3
2023,apr,31,117,McPherson,0.3054833333333334,21
2023,apr,31,111,Lincoln,0.31515495218218315,895
2023,apr,31,113,Logan,0.29127777777777775,27
2023,apr,31,007,Banner,0.25741727276399806,3431
2023,apr,31,157,Scotts Bluff,0.28042069492776556,570
2023,apr,31,165,Sioux,0.3062245662436394,129
2023,apr,31,039,Cuming,0.30712307692307694,13
2023,apr,31,129,Nuckolls,0.3425764746046429,450
2023,apr,31,101,Keith,0.26252330887391806,2137
2023,apr,31,137,Phelps,0.38796381546184333,198
2023,apr,31,181,Webster,0.36124406588667385,855
2023,apr,31,015,Boyd,0.31754706712597475,85
2023,apr,31,171,Thomas,0.2659125,4
2023,apr,31,089,Holt,0.32643739495798324,119
2023,apr,31,017,Brown,0.22063000000000002,5
2023,apr,31,103,Keya Paha,0.32705833333333334,6
2023,apr,31,077,Greeley,0.25370000000000004,1
2023,apr,31,095,Jefferson,0.4328121224513641,484
2023,apr,31,151,Saline,0.3220857672450022,133
2023,apr,31,057,Dundy,0.4062388486486169,3204
2023,apr,31,131,Otoe,0.3302131818181819,110
2023,apr,31,087,Hitchcock,0.36750451184024036,4938
2023,apr,31,105,Kimball,0.2570824331589557,6751
2023,apr,31,127,Nemaha,0.4029189655172413,87
2023,apr,31,041,Custer,0.32619603707254713,148
2023,apr,31,143,Polk,0.30719127979924715,38
2023,apr,31,045,Dawes,0.27994904174589297,1380
2023,apr,31,179,Wayne,0.3253464609053498,5
2023,apr,31,071,Garfield,0.39019166666666666,6
2023,apr,31,013,Box Butte,0.33515682760756965,6908
2023,apr,31,173,Thurston,0.32175000000000004,3
2023,apr,31,011,Boone,0.27795000000000003,1
2023,apr,31,145,Red Willow,0.3698512144773656,3948
2023,apr,31,149,Rock,0.3642,1
2023,apr,31,005,Arthur,0.4042977272727273,22
2023,apr,31,085,Hayes,0.33000478732603117,2362
2023,apr,31,097,Johnson,0.3698712837837839,148
2023,apr,31,003,Antelope,0.26445,3
2023,apr,31,163,Sherman,0.28242500000000004,6
2023,apr,31,161,Sheridan,0.3119127967489896,2250
2023,apr,31,133,Pawnee,0.4001766304347828,92
2023,apr,31,075,Grant,,0
2023,apr,31,021,Burt,0.40666666666666673,6
2023,apr,31,009,Blaine,0.27011250000000003,4
2023,apr,31,027,Cedar,0.563295,10
2023,apr,31,169,Thayer,0.39957911335309376,429
2023,apr,31,049,Deuel,0.2756764472994292,4980
2023,apr,31,123,Morrill,0.29650266669541236,1745
2023,apr,31,115,Loup,,0
2023,apr,31,063,Frontier,0.3546875862523757,1974
2023,apr,31,125,Nance,0.3347423913043478,46
2023,apr,31,107,Knox,0.44598839285714303,56
2023,apr,31,135,Perkins,0.31579400996389906,7623
2023,apr,31,037,Colfax,0.3228279740871613,50
2023,apr,31,023,Butler,0.3673214734950584,40
2023,apr,31,031,Cherry,0.3702046123105955,212
2023,apr,31,183,Wheeler,0.3101625,24
2023,apr,31,061,Franklin,0.3733389319852276,443
2023,apr,31,029,Chase,0.40454124351856513,3423
2023,apr,31,059,Fillmore,0.36424849015524396,83
2023,apr,31,185,York,0.38137166666666666,30
2023,apr,31,035,Clay,0.37820801506424473,93
2023,apr,31,033,Cheyenne,0.2730325479807883,12352
2023,apr,31,069,Garden,0.26110447622376093,2758
2023,apr,31,083,Harlan,0.34089197441947444,1350
2023,apr,31,091,Hooker,0.27293333333333336,3
2023,apr,31,147,Richardson,0.473239751387604,170
2023,apr,31,065,Furnas,0.37797025551476093,3618
2023,apr,31,175,Valley,0.39849375000000004,8
2023,apr,31,141,Platte,0.3227728884677857,16
2023,apr,31,121,Merrick,0.353614182038101,13
2023,apr,31,079,Hall,0.38795865384615386,52
2023,apr,31,081,Hamilton,0.3919185393258427,89
2023,apr,31,093,Howard,0.4008675355450237,20
2023,apr,31,001,Adams,0.3680129511858616,301
2023,apr,31,099,Kearney,0.3782762673890583,328
2023,apr,31,019,Buffalo,0.3730874533293631,172
2023,apr,31,073,Gosper,0.37501583553529916,891
2023,apr,31,047,Dawson,0.3598730643679507,207
2023,apr,37,037,Chatham,,0
2023,apr,37,115,Madison,,0
2023,apr,37,087,Haywood,,0
2023,apr,37,021,Buncombe,,0
2023,apr,37,089,Henderson,,0
2023,apr,37,175,Transylvania,,0
2023,apr,37,167,Stanly,0.8368944444444444,9
2023,apr,37,109,Lincoln,0.7743187500000001,16
2023,apr,37,159,Rowan,0.8361214285714286,7
2023,apr,37,025,Cabarrus,0.8392000000000001,1
2023,apr,37,097,Iredell,0.8098000000000001,1
2023,apr,37,071,Gaston,,0
2023,apr,37,179,Union,0.79962,10
2023,apr,37,119,Mecklenburg,0.7898166666666667,3
2023,apr,37,045,Cleveland,0.7790114875017076,29
2023,apr,37,005,Alleghany,0.772625,2
2023,apr,37,173,Swain,,0
2023,apr,37,011,Avery,,0
2023,apr,37,033,Caswell,0.7480138888888889,18
2023,apr,37,075,Graham,,0
2023,apr,37,007,Anson,0.8239568181818182,22
2023,apr,37,149,Polk,,0
2023,apr,37,039,Cherokee,,0
2023,apr,37,113,Macon,,0
2023,apr,37,009,Ashe,,0
2023,apr,37,123,Montgomery,,0
2023,apr,37,043,Clay,,0
2023,apr,37,121,Mitchell,,0
2023,apr,37,199,Yancey,,0
2023,apr,37,189,Watauga,,0
2023,apr,37,099,Jackson,,0
2023,apr,37,161,Rutherford,,0
2023,apr,37,193,Wilkes,,0
2023,apr,37,125,Moore,0.6759400000000001,5
2023,apr,37,153,Richmond,,0
2023,apr,37,093,Hoke,,0
2023,apr,37,165,Scotland,0.839175,8
2023,apr,37,155,Robeson,0.7175800000000001,5
2023,apr,37,001,Alamance,0.7579730769230769,13
2023,apr,37,151,Randolph,0.8204750000000001,4
2023,apr,37,081,Guilford,0.7878928571428572,7
2023,apr,37,157,Rockingham,0.7629250000000001,18
2023,apr,37,171,Surry,,0
2023,apr,37,057,Davidson,0.7189500000000001,8
2023,apr,37,169,Stokes,0.73255,2
2023,apr,37,067,Forsyth,,0
2023,apr,37,197,Yadkin,,0
2023,apr,37,059,Davie,,0
2023,apr,37,027,Caldwell,0.8531000000000001,1
2023,apr,37,003,Alexander,0.7990250000000001,2
2023,apr,37,035,Catawba,0.8204400000000002,10
2023,apr,37,023,Burke,,0
2023,apr,37,111,McDowell,,0
2023,apr,37,029,Camden,0.7466354166666668,96
2023,apr,37,139,Pasquotank,0.542625,6
2023,apr,37,143,Perquimans,0.8504312500000001,8
2023,apr,37,177,Tyrrell,,0
2023,apr,37,055,Dare,,0
2023,apr,37,073,Gates,0.8059857142857142,7
2023,apr,37,053,Currituck,0.7242625,4
2023,apr,37,019,Brunswick,,0
2023,apr,37,031,Carteret,,0
2023,apr,37,137,Pamlico,,0
2023,apr,37,049,Craven,0.69945,1
2023,apr,37,103,Jones,0.8136,1
2023,apr,37,085,Harnett,0.6838872106370767,21
2023,apr,37,063,Durham,0.7887250000000001,2
2023,apr,37,145,Person,0.7825045454545454,11
2023,apr,37,135,Orange,0.7417300000000001,5
2023,apr,37,181,Vance,0.778325,2
2023,apr,37,077,Granville,0.7777605263157895,19
2023,apr,37,069,Franklin,0.761412068965517,58
2023,apr,37,101,Johnston,0.6553883349012231,26
2023,apr,37,183,Wake,0.7292976339986544,19
2023,apr,37,105,Lee,0.7958916666666666,6
2023,apr,37,131,Northampton,,0
2023,apr,37,083,Halifax,0.6520555555555556,9
2023,apr,37,127,Nash,0.4928125,4
2023,apr,37,065,Edgecombe,0.5446000000000001,25
2023,apr,37,195,Wilson,0.5109857142857144,7
2023,apr,37,163,Sampson,0.6585055555555556,27
2023,apr,37,185,Warren,,0
2023,apr,37,187,Washington,,0
2023,apr,37,061,Duplin,0.6729333333333334,9
2023,apr,37,091,Hertford,0.736490625,16
2023,apr,37,017,Bladen,0.6554249999999999,8
2023,apr,37,095,Hyde,0.7557,1
2023,apr,37,015,Bertie,0.7383517241379312,29
2023,apr,37,079,Greene,0.6951461538461539,39
2023,apr,37,041,Chowan,0.6603821428571429,28
2023,apr,37,117,Martin,0.6528173913043478,69
2023,apr,37,047,Columbus,0.7169833333333333,3
2023,apr,37,191,Wayne,0.5790000000000001,8
2023,apr,37,133,Onslow,0.72775,3
2023,apr,37,107,Lenoir,,0
2023,apr,37,129,New Hanover,,0
2023,apr,37,141,Pender,0.8168666666666669,12
2023,apr,37,051,Cumberland,0.6935833333333333,3
2023,apr,37,147,Pitt,0.7413490566037736,53
2023,apr,37,013,Beaufort,0.76966,5
2024,apr,17,121,Marion,0.713675941684395,32
2024,apr,17,005,Bond,0.7276186046511628,43
2024,apr,17,083,Jersey,0.7345285714285716,21
2024,apr,17,163,St. Clair,0.6956235294117648,17
2024,apr,17,027,Clinton,0.7874149649010846,51
2024,apr,17,013,Calhoun,0.7284625,12
2024,apr,17,119,Madison,0.6878845735309357,38
2024,apr,17,133,Monroe,0.7725090909090909,11
2024,apr,17,117,Macoupin,0.7052170454545451,44
2024,apr,17,171,Scott,0.6776375,12
2024,apr,17,137,Morgan,0.6570697203863753,78
2024,apr,17,107,Logan,0.6558335164835164,91
2024,apr,17,129,Menard,0.6929430706852747,113
2024,apr,17,167,Sangamon,0.7019923399999997,159
2024,apr,17,021,Christian,0.7385540983606558,61
2024,apr,17,127,Massac,,0
2024,apr,17,057,Fulton,0.6830587592614031,136
2024,apr,17,175,Stark,0.5995474396232089,42
2024,apr,17,203,Woodford,0.7207266207922244,376
2024,apr,17,179,Tazewell,0.69318755068443,132
2024,apr,17,123,Marshall,0.669834266863523,43
2024,apr,17,143,Peoria,0.672488805637036,62
2024,apr,17,001,Adams,0.6793785123966942,121
2024,apr,17,177,Stephenson,0.6374815701048773,272
2024,apr,17,141,Ogle,0.6604719200560308,393
2024,apr,17,201,Winnebago,0.646330611394164,259
2024,apr,17,007,Boone,0.6247205725784132,186
2024,apr,17,025,Clay,0.7054050000000001,30
2024,apr,17,185,Wabash,,0
2024,apr,17,009,Brown,0.6337880952380954,42
2024,apr,17,151,Pope,,0
2024,apr,17,033,Crawford,0.699975,10
2024,apr,17,135,Montgomery,0.7097850961538461,104
2024,apr,17,055,Franklin,0.662925,2
2024,apr,17,023,Clark,0.7167991525423728,59
2024,apr,17,059,Gallatin,0.6769333333333334,3
2024,apr,17,075,Iroquois,0.6887003135009883,173
2024,apr,17,041,Douglas,0.6732445431070829,75
2024,apr,17,189,Washington,0.7736096153846154,26
2024,apr,17,159,Richland,0.7031750000000001,2
2024,apr,17,065,Hamilton,0.7282529411764704,17
2024,apr,17,193,White,0.6631409090909091,11
2024,apr,17,169,Schuyler,0.6903814135664825,67
2024,apr,17,181,Union,,0
2024,apr,17,085,Jo Daviess,0.6833531480721904,135
2024,apr,17,125,Mason,0.6512714476794016,151
2024,apr,17,191,Wayne,0.853892105263158,19
2024,apr,17,069,Hardin,,0
2024,apr,17,061,Greene,0.7135906976744185,43
2024,apr,17,157,Randolph,0.7434243589743588,39
2024,apr,17,149,Pike,0.7076466292134833,89
2024,apr,17,145,Perry,0.7171544194935499,25
2024,apr,17,087,Johnson,0.8659,2
2024,apr,17,173,Shelby,0.7345163265306122,98
2024,apr,17,051,Fayette,0.6990480761602539,30
2024,apr,17,139,Moultrie,0.7052790000000002,50
2024,apr,17,017,Cass,0.6826655377668311,58
2024,apr,17,015,Carroll,0.6601066666666667,165
2024,apr,17,047,Edwards,0.7306625,8
2024,apr,17,079,Jasper,0.6733338862812032,37
2024,apr,17,187,Warren,0.6691457853757616,24
2024,apr,17,153,Pulaski,,0
2024,apr,17,165,Saline,0.6613,9
2024,apr,17,101,Lawrence,0.68351,5
2024,apr,17,045,Edgar,0.7480105263157896,19
2024,apr,17,071,Henderson,0.629499102728438,43
2024,apr,17,199,Williamson,0.7758214285714286,7
2024,apr,17,077,Jackson,0.7764519827586205,12
2024,apr,17,147,Piatt,0.7179645063268177,88
2024,apr,17,053,Ford,0.6556698422638189,117
2024,apr,17,019,Champaign,0.6604672955817674,79
2024,apr,17,029,Coles,0.6806754901960785,51
2024,apr,17,035,Cumberland,0.7094675,20
2024,apr,17,183,Vermilion,0.7412962422138264,116
2024,apr,17,115,Macon,0.6874458794587943,96
2024,apr,17,049,Effingham,0.6668515271966523,58
2024,apr,17,067,Hancock,0.6975377906976747,86
2024,apr,17,095,Knox,0.6816781121064565,107
2024,apr,17,109,McDonough,0.5918506851085832,17
2024,apr,17,081,Jefferson,0.7118416666666667,36
2024,apr,17,113,McLean,0.6627270695929043,139
2024,apr,17,039,De Witt,0.6601747311827957,93
2024,apr,17,105,Livingston,0.675634158381899,286
2024,apr,17,003,Alexander,0.7040166666666666,6
2024,apr,17,093,Kendall,0.699983808034804,116
2024,apr,17,031,Cook,0.598345,40
2024,apr,17,037,DeKalb,0.6684773763239041,586
2024,apr,17,089,Kane,0.6663031324560095,215
2024,apr,17,063,Grundy,0.6336115384615385,26
2024,apr,17,111,McHenry,0.6705244527124589,376
2024,apr,17,197,Will,0.6933916184971096,173
2024,apr,17,043,DuPage,0.6542236918604651,2
2024,apr,17,097,Lake,0.6722231707317076,41
2024,apr,17,091,Kankakee,0.6624425151919372,160
2024,apr,17,011,Bureau,0.7098187483625884,180
2024,apr,17,155,Putnam,0.7524,13
2024,apr,17,099,LaSalle,0.699021976286127,303
2024,apr,17,131,Mercer,0.670278,25
2024,apr,17,161,Rock Island,0.6278834327889448,26
2024,apr,17,073,Henry,0.6448276217379608,75
2024,apr,17,103,Lee,0.654661434818159,117
2024,apr,17,195,Whiteside,0.6824869369369375,111
2024,apr,31,043,Dakota,0.6244500000000001,4
2024,apr,31,051,Dixon,0.6262961272616387,59
2024,apr,31,053,Dodge,0.48102537313432825,37
2024,apr,31,025,Cass,0.5493953125000003,64
2024,apr,31,055,Douglas,0.5481469696969699,33
2024,apr,31,153,Sarpy,0.5645083333333333,6
2024,apr,31,155,Saunders,0.527983984375,128
2024,apr,31,177,Washington,0.5852461538461539,26
2024,apr,31,067,Gage,0.6432340696990617,309
2024,apr,31,109,Lancaster,0.5799453181033338,89
2024,apr,31,159,Seward,0.56165,18
2024,apr,31,139,Pierce,0.549339503046772,96
2024,apr,31,119,Madison,0.5295435897435896,39
2024,apr,31,167,Stanton,0.5604745873153779,37
2024,apr,31,117,McPherson,,0
2024,apr,31,111,Lincoln,0.5641780408657461,529
2024,apr,31,113,Logan,0.6482541666666669,24
2024,apr,31,007,Banner,0.4510087792620155,2256
2024,apr,31,157,Scotts Bluff,0.5251565784699344,276
2024,apr,31,165,Sioux,0.4853346200578357,164
2024,apr,31,039,Cuming,0.6193312499999999,24
2024,apr,31,129,Nuckolls,0.6373743263502585,703
2024,apr,31,101,Keith,0.5338837012936636,1860
2024,apr,31,137,Phelps,0.5558740278568842,156
2024,apr,31,181,Webster,0.6631583712176121,899
2024,apr,31,015,Boyd,0.6533996599873061,45
2024,apr,31,171,Thomas,,0
2024,apr,31,089,Holt,0.6081189655172414,87
2024,apr,31,017,Brown,0.3536214285714286,7
2024,apr,31,103,Keya Paha,0.6063552631578948,19
2024,apr,31,077,Greeley,0.6359250000000001,4
2024,apr,31,095,Jefferson,0.641229215416109,501
2024,apr,31,151,Saline,0.6064844537815127,238
2024,apr,31,057,Dundy,0.6023063611866861,2436
2024,apr,31,131,Otoe,0.5705812090204648,121
2024,apr,31,087,Hitchcock,0.675387271980697,4649
2024,apr,31,105,Kimball,0.4051434677640934,4656
2024,apr,31,127,Nemaha,0.5966117647058822,34
2024,apr,31,041,Custer,0.5715055489437667,119
2024,apr,31,143,Polk,0.643485,20
2024,apr,31,045,Dawes,0.5177621680379619,1156
2024,apr,31,179,Wayne,0.5262938990525973,26
2024,apr,31,071,Garfield,0.490405,10
2024,apr,31,013,Box Butte,0.522588858618397,5852
2024,apr,31,173,Thurston,0.5075306451612904,31
2024,apr,31,011,Boone,0.6122599999999999,20
2024,apr,31,145,Red Willow,0.626349058670484,3865
2024,apr,31,149,Rock,0.3746666666666667,3
2024,apr,31,005,Arthur,0.5970500000000001,1
2024,apr,31,085,Hayes,0.5879221344103785,1660
2024,apr,31,097,Johnson,0.6097898734177217,79
2024,apr,31,003,Antelope,0.4880215909090909,44
2024,apr,31,163,Sherman,0.6047694444444445,18
2024,apr,31,161,Sheridan,0.5139000917339744,1655
2024,apr,31,133,Pawnee,0.6470479503797888,96
2024,apr,31,075,Grant,,0
2024,apr,31,021,Burt,0.4835688827180661,15
2024,apr,31,009,Blaine,,0
2024,apr,31,027,Cedar,0.47186500000000003,10
2024,apr,31,169,Thayer,0.6447408115206509,398
2024,apr,31,049,Deuel,0.5668191959854569,5167
2024,apr,31,123,Morrill,0.5366721226389538,1313
2024,apr,31,115,Loup,0.5704,2
2024,apr,31,063,Frontier,0.6024516188152138,1956
2024,apr,31,125,Nance,0.6041840246367048,82
2024,apr,31,107,Knox,0.5678206135551179,56
2024,apr,31,135,Perkins,0.5431947352043273,5507
2024,apr,31,037,Colfax,0.5819319962134658,100
2024,apr,31,023,Butler,0.5307272727272728,55
2024,apr,31,031,Cherry,0.5082439655172416,116
2024,apr,31,183,Wheeler,0.42722,5
2024,apr,31,061,Franklin,0.5977723733891714,359
2024,apr,31,029,Chase,0.5766292695049098,2619
2024,apr,31,059,Fillmore,0.6133206472836341,82
2024,apr,31,185,York,,0
2024,apr,31,035,Clay,0.6420961653838563,104
2024,apr,31,033,Cheyenne,0.5159756793816909,10169
2024,apr,31,069,Garden,0.5083488851490058,2674
2024,apr,31,083,Harlan,0.5635912684896567,1024
2024,apr,31,091,Hooker,,0
2024,apr,31,147,Richardson,0.6372943181818184,44
2024,apr,31,065,Furnas,0.6317693068927829,3054
2024,apr,31,175,Valley,0.5268846153846154,39
2024,apr,31,141,Platte,0.5676212602245945,57
2024,apr,31,121,Merrick,0.6351141070645021,72
2024,apr,31,079,Hall,0.6242333333333334,21
2024,apr,31,081,Hamilton,0.6395458333333337,48
2024,apr,31,093,Howard,0.62589625,40
2024,apr,31,001,Adams,0.5866945065915238,278
2024,apr,31,099,Kearney,0.5922618100198008,290
2024,apr,31,019,Buffalo,0.6185833333333333,186
2024,apr,31,073,Gosper,0.5906194614087135,618
2024,apr,31,047,Dawson,0.6118716607759741,203
2024,apr,37,037,Chatham,0.83875,2
2024,apr,37,115,Madison,0.72465,1
2024,apr,37,087,Haywood,0.567975,2
2024,apr,37,021,Buncombe,0.64485,1
2024,apr,37,089,Henderson,,0
2024,apr,37,175,Transylvania,,0
2024,apr,37,167,Stanly,0.7792,1
2024,apr,37,109,Lincoln,0.8167333333333334,3
2024,apr,37,159,Rowan,0.8279333333333333,3
2024,apr,37,025,Cabarrus,0.7144071428571428,7
2024,apr,37,097,Iredell,0.850664705882353,17
2024,apr,37,071,Gaston,,0
2024,apr,37,179,Union,0.8272833333333334,24
2024,apr,37,119,Mecklenburg,0.72595,1
2024,apr,37,045,Cleveland,0.81285,11
2024,apr,37,005,Alleghany,,0
2024,apr,37,173,Swain,,0
2024,apr,37,011,Avery,,0
2024,apr,37,033,Caswell,,0
2024,apr,37,075,Graham,,0
2024,apr,37,007,Anson,0.8095437500000001,24
2024,apr,37,149,Polk,,0
2024,apr,37,039,Cherokee,,0
2024,apr,37,113,Macon,,0
2024,apr,37,009,Ashe,,0
2024,apr,37,123,Montgomery,0.86055,2
2024,apr,37,043,Clay,,0
2024,apr,37,121,Mitchell,,0
2024,apr,37,199,Yancey,,0
2024,apr,37,189,Watauga,,0
2024,apr,37,099,Jackson,,0
2024,apr,37,161,Rutherford,,0
2024,apr,37,193,Wilkes,,0
2024,apr,37,125,Moore,0.7483022727272727,22
2024,apr,37,153,Richmond,0.6815933333333335,15
2024,apr,37,093,Hoke,0.7298166666666667,3
2024,apr,37,165,Scotland,0.6569575757575761,33
2024,apr,37,155,Robeson,0.7198185714285714,35
2024,apr,37,001,Alamance,0.7880241228070176,18
2024,apr,37,151,Randolph,0.8081861111111112,18
2024,apr,37,081,Guilford,0.7762817209954433,34
2024,apr,37,157,Rockingham,0.7790947368421053,19
2024,apr,37,171,Surry,0.7208913085937501,9
2024,apr,37,057,Davidson,0.82335,1
2024,apr,37,169,Stokes,0.7983500000000001,2
2024,apr,37,067,Forsyth,,0
2024,apr,37,197,Yadkin,0.7716501986754967,5
2024,apr,37,059,Davie,,0
2024,apr,37,027,Caldwell,0.8148583333333334,6
2024,apr,37,003,Alexander,0.78085,1
2024,apr,37,035,Catawba,0.769198076923077,26
2024,apr,37,023,Burke,0.8247500000000001,1
2024,apr,37,111,McDowell,,0
2024,apr,37,029,Camden,0.60815,2
2024,apr,37,139,Pasquotank,0.5973088235294118,17
2024,apr,37,143,Perquimans,0.5123201219512196,3
2024,apr,37,177,Tyrrell,0.6456625,4
2024,apr,37,055,Dare,,0
2024,apr,37,073,Gates,,0
2024,apr,37,053,Currituck,0.6469923076923079,52
2024,apr,37,019,Brunswick,0.765511111111111,9
2024,apr,37,031,Carteret,,0
2024,apr,37,137,Pamlico,,0
2024,apr,37,049,Craven,0.84765,1
2024,apr,37,103,Jones,0.35657500000000003,4
2024,apr,37,085,Harnett,0.7341875000000001,20
2024,apr,37,063,Durham,,0
2024,apr,37,145,Person,,0
2024,apr,37,135,Orange,0.7974416666666667,12
2024,apr,37,181,Vance,0.757825,6
2024,apr,37,077,Granville,0.7755666666666666,9
2024,apr,37,069,Franklin,0.7504617314930992,4
2024,apr,37,101,Johnston,0.6150000000000001,6
2024,apr,37,183,Wake,0.7274083333333334,6
2024,apr,37,105,Lee,0.6909000000000001,2
2024,apr,37,131,Northampton,0.7446516590278228,61
2024,apr,37,083,Halifax,0.7495920634920635,63
2024,apr,37,127,Nash,0.7073833333333334,3
2024,apr,37,065,Edgecombe,0.7404750000000002,20
2024,apr,37,195,Wilson,0.6157954545454545,11
2024,apr,37,163,Sampson,0.7471733333333332,15
2024,apr,37,185,Warren,0.7758284341435839,14
2024,apr,37,187,Washington,0.5856250000000001,2
2024,apr,37,061,Duplin,0.7089178571428573,28
2024,apr,37,091,Hertford,0.7584875000000001,4
2024,apr,37,017,Bladen,0.7206300000000001,5
2024,apr,37,095,Hyde,0.7808,1
2024,apr,37,015,Bertie,0.7462568965517242,29
2024,apr,37,079,Greene,0.6911750000000001,4
2024,apr,37,041,Chowan,0.6588212909441233,7
2024,apr,37,117,Martin,0.576325,4
2024,apr,37,047,Columbus,0.7456000000000002,12
2024,apr,37,191,Wayne,0.6083500000000001,3
2024,apr,37,133,Onslow,0.6193000000000001,1
2024,apr,37,107,Lenoir,0.74075,1
2024,apr,37,129,New Hanover,,0
2024,apr,37,141,Pender,,0
2024,apr,37,051,Cumberland,0.575675,2
2024,apr,37,147,Pitt,0.7041078947368423,19
2024,apr,37,013,Beaufort,0.7756000000000001,13
2025,apr,17,121,Marion,0.6634505628517825,38
2025,apr,17,005,Bond,0.6836737116991644,29
2025,apr,17,083,Jersey,0.6777174418604651,43
2025,apr,17,163,St. Clair,0.6802913810708205,153
2025,apr,17,027,Clinton,0.6956409343684617,74
2025,apr,17,013,Calhoun,0.6951892857142858,56
2025,apr,17,119,Madison,0.6786927579598556,120
2025,apr,17,133,Monroe,0.7220920327925638,70
2025,apr,17,117,Macoupin,0.6484963503649634,137
2025,apr,17,171,Scott,0.5936899999999999,10
2025,apr,17,137,Morgan,0.6671929703286189,148
2025,apr,17,107,Logan,0.5785181818181819,55
2025,apr,17,129,Menard,0.6997864815611997,139
2025,apr,17,167,Sangamon,0.7013720653133276,147
2025,apr,17,021,Christian,0.6567834954778782,82
2025,apr,17,127,Massac,0.6364833333333334,3
2025,apr,17,057,Fulton,0.6363953013140009,217
2025,apr,17,175,Stark,0.54920625,64
2025,apr,17,203,Woodford,0.622128060832444,370
2025,apr,17,179,Tazewell,0.5804124360457358,179
2025,apr,17,123,Marshall,0.6370250729660708,44
2025,apr,17,143,Peoria,0.587152279980007,103
2025,apr,17,001,Adams,0.6431995099492661,241
2025,apr,17,177,Stephenson,0.46991129128794745,284
2025,apr,17,141,Ogle,0.5277172972691266,381
2025,apr,17,201,Winnebago,0.5154952644205238,445
2025,apr,17,007,Boone,0.47359755443714024,389
2025,apr,17,025,Clay,0.690240613519471,54
2025,apr,17,185,Wabash,0.6876166666666667,3
2025,apr,17,009,Brown,0.64808567602512,85
2025,apr,17,151,Pope,0.7911469696969696,33
2025,apr,17,033,Crawford,0.749494501205072,78
2025,apr,17,135,Montgomery,0.6719212790838339,98
2025,apr,17,055,Franklin,0.731715476657513,90
2025,apr,17,023,Clark,0.6344250000000001,32
2025,apr,17,059,Gallatin,,0
2025,apr,17,075,Iroquois,0.5316905537801703,282
2025,apr,17,041,Douglas,0.6802383918459797,101
2025,apr,17,189,Washington,0.7003267140239786,123
2025,apr,17,159,Richland,0.6548038461538462,26
2025,apr,17,065,Hamilton,0.7074014827678333,46
2025,apr,17,193,White,0.6970789473684209,19
2025,apr,17,169,Schuyler,0.6152772049608916,91
2025,apr,17,181,Union,0.7570328589909445,40
2025,apr,17,085,Jo Daviess,0.5091528157906946,170
2025,apr,17,125,Mason,0.5982192981977807,145
2025,apr,17,191,Wayne,0.7132107904889378,100
2025,apr,17,069,Hardin,,0
2025,apr,17,061,Greene,0.6581133928571432,56
2025,apr,17,157,Randolph,0.735068672795174,82
2025,apr,17,149,Pike,0.6337515463917524,97
2025,apr,17,145,Perry,0.7320023529411763,85
2025,apr,17,087,Johnson,0.7458511718750002,23
2025,apr,17,173,Shelby,0.6698985021299986,143
2025,apr,17,051,Fayette,0.6822555877114869,72
2025,apr,17,139,Moultrie,0.627098912841479,43
2025,apr,17,017,Cass,0.6771431559073413,112
2025,apr,17,015,Carroll,0.5282977141660801,209
2025,apr,17,047,Edwards,0.7388765127885216,45
2025,apr,17,079,Jasper,0.6006603448275862,29
2025,apr,17,187,Warren,0.571692105263158,19
2025,apr,17,153,Pulaski,0.7519662790697677,43
2025,apr,17,165,Saline,0.70217,25
2025,apr,17,101,Lawrence,0.7070696649029982,36
2025,apr,17,045,Edgar,0.6551050890077434,50
2025,apr,17,071,Henderson,0.5709406151292896,74
2025,apr,17,199,Williamson,0.7383135023096057,67
2025,apr,17,077,Jackson,0.7634968015746851,316
2025,apr,17,147,Piatt,0.6641320040967357,62
2025,apr,17,053,Ford,0.568339926156081,200
2025,apr,17,019,Champaign,0.6469932209122535,204
2025,apr,17,029,Coles,0.6310212328767125,73
2025,apr,17,035,Cumberland,0.6479170876141552,56
2025,apr,17,183,Vermilion,0.5467857589140519,230
2025,apr,17,115,Macon,0.6868475002925349,136
2025,apr,17,049,Effingham,0.640450577902124,89
2025,apr,17,067,Hancock,0.6151152873808292,129
2025,apr,17,095,Knox,0.5588823809523809,105
2025,apr,17,109,McDonough,0.5814835700496415,58
2025,apr,17,081,Jefferson,0.7151936195163213,102
2025,apr,17,113,McLean,0.5858807425927075,129
2025,apr,17,039,De Witt,0.6158506882676831,95
2025,apr,17,105,Livingston,0.5780948280469946,370
2025,apr,17,003,Alexander,0.784725,6
2025,apr,17,093,Kendall,0.5965975274357602,121
2025,apr,17,031,Cook,0.503659375,16
2025,apr,17,037,DeKalb,0.5193910295610358,946
2025,apr,17,089,Kane,0.528026398703469,199
2025,apr,17,063,Grundy,0.4679902777777778,36
2025,apr,17,111,McHenry,0.5020835015586823,472
2025,apr,17,197,Will,0.5518981789373161,272
2025,apr,17,043,DuPage,0.47908333333333336,6
2025,apr,17,097,Lake,0.4695414686825056,108
2025,apr,17,091,Kankakee,0.5508316821162353,369
2025,apr,17,011,Bureau,0.5500444799488735,271
2025,apr,17,155,Putnam,0.6080369047619048,42
2025,apr,17,099,LaSalle,0.5697459773614154,285
2025,apr,17,131,Mercer,0.5985722222222222,27
2025,apr,17,161,Rock Island,0.4719895833333334,48
2025,apr,17,073,Henry,0.5182313953488374,43
2025,apr,17,103,Lee,0.5187980104400386,179
2025,apr,17,195,Whiteside,0.5273107281259997,224
2025,apr,31,043,Dakota,0.47303928571428583,14
2025,apr,31,051,Dixon,0.4220714285714286,21
2025,apr,31,053,Dodge,0.5174159082290478,45
2025,apr,31,025,Cass,0.5318712210866058,30
2025,apr,31,055,Douglas,0.42926190476190473,21
2025,apr,31,153,Sarpy,0.34563076923076924,13
2025,apr,31,155,Saunders,0.48651401869158895,107
2025,apr,31,177,Washington,0.4966636363636363,33
2025,apr,31,067,Gage,0.6116284386617099,269
2025,apr,31,109,Lancaster,0.548741282824547,138
2025,apr,31,159,Seward,0.5367216666666668,30
2025,apr,31,139,Pierce,0.38501477897574116,74
2025,apr,31,119,Madison,0.452686,25
2025,apr,31,167,Stanton,0.41109590163934423,61
2025,apr,31,117,McPherson,0.34173,10
2025,apr,31,111,Lincoln,0.5122171707007862,646
2025,apr,31,113,Logan,0.5195058823529412,34
2025,apr,31,007,Banner,0.36391482876508713,3134
2025,apr,31,157,Scotts Bluff,0.3417971911156549,517
2025,apr,31,165,Sioux,0.426278964856062,151
2025,apr,31,039,Cuming,0.45952537395111276,11
2025,apr,31,129,Nuckolls,0.541542967916573,553
2025,apr,31,101,Keith,0.4853483835526712,1524
2025,apr,31,137,Phelps,0.6081245647248007,271
2025,apr,31,181,Webster,0.5600943630501676,919
2025,apr,31,015,Boyd,0.43713469387755094,49
2025,apr,31,171,Thomas,,0
2025,apr,31,089,Holt,0.5146774193548386,62
2025,apr,31,017,Brown,,0
2025,apr,31,103,Keya Paha,,0
2025,apr,31,077,Greeley,,0
2025,apr,31,095,Jefferson,0.6290112545039211,507
2025,apr,31,151,Saline,0.5638540950394157,197
2025,apr,31,057,Dundy,0.6208650700330779,2161
2025,apr,31,131,Otoe,0.5883919354838711,124
2025,apr,31,087,Hitchcock,0.6135431138498815,4080
2025,apr,31,105,Kimball,0.30962957062335783,6136
2025,apr,31,127,Nemaha,0.5818596153846155,52
2025,apr,31,041,Custer,0.4835604137559135,161
2025,apr,31,143,Polk,0.6278033333333333,15
2025,apr,31,045,Dawes,0.37720256922418205,944
2025,apr,31,179,Wayne,0.5269766666666666,15
2025,apr,31,071,Garfield,,0
2025,apr,31,013,Box Butte,0.43920645675673714,5687
2025,apr,31,173,Thurston,0.5328666666666667,12
2025,apr,31,011,Boone,0.584225,2
2025,apr,31,145,Red Willow,0.5746845046335243,3646
2025,apr,31,149,Rock,,0
2025,apr,31,005,Arthur,0.53965,4
2025,apr,31,085,Hayes,0.5918608037296601,1955
2025,apr,31,097,Johnson,0.5840612903225805,93
2025,apr,31,003,Antelope,0.5961266129032256,62
2025,apr,31,163,Sherman,0.4211450000000001,10
2025,apr,31,161,Sheridan,0.39683657321029625,1789
2025,apr,31,133,Pawnee,0.5998573168056165,72
2025,apr,31,075,Grant,,0
2025,apr,31,021,Burt,,0
2025,apr,31,009,Blaine,,0
2025,apr,31,027,Cedar,0.37422352941176473,17
2025,apr,31,169,Thayer,0.5798627006003303,404
2025,apr,31,049,Deuel,0.45879908514364065,4145
2025,apr,31,123,Morrill,0.4727369548450322,1373
2025,apr,31,115,Loup,0.2988,2
2025,apr,31,063,Frontier,0.5507171079316835,2065
2025,apr,31,125,Nance,0.5601364204474442,33
2025,apr,31,107,Knox,0.4132880044182622,57
2025,apr,31,135,Perkins,0.5292255714623901,4710
2025,apr,31,037,Colfax,0.48256950283736044,111
2025,apr,31,023,Butler,0.5446194915254238,59
2025,apr,31,031,Cherry,0.37526216216216224,37
2025,apr,31,183,Wheeler,0.45807682926829263,82
2025,apr,31,061,Franklin,0.5250677881245145,421
2025,apr,31,029,Chase,0.6322266918687851,2869
2025,apr,31,059,Fillmore,0.5844770408163269,98
2025,apr,31,185,York,0.6310214285714284,28
2025,apr,31,035,Clay,0.5391912281787791,97
2025,apr,31,033,Cheyenne,0.3970916158981502,10421
2025,apr,31,069,Garden,0.42516678569778776,1965
2025,apr,31,083,Harlan,0.44920836459309005,914
2025,apr,31,091,Hooker,,0
2025,apr,31,147,Richardson,0.6207864870965314,53
2025,apr,31,065,Furnas,0.5583376941681092,2054
2025,apr,31,175,Valley,0.4249275,20
2025,apr,31,141,Platte,0.4624891304347825,23
2025,apr,31,121,Merrick,0.5551670914984528,28
2025,apr,31,079,Hall,0.6497222155578113,43
2025,apr,31,081,Hamilton,0.5778157407407407,54
2025,apr,31,093,Howard,0.4725373134328359,67
2025,apr,31,001,Adams,0.4397027793493636,90
2025,apr,31,099,Kearney,0.5124999301703845,300
2025,apr,31,019,Buffalo,0.5633125261924611,175
2025,apr,31,073,Gosper,0.4976643076289035,439
2025,apr,31,047,Dawson,0.5277260406684584,174
2025,apr,37,037,Chatham,0.81225,24
2025,apr,37,115,Madison,,0
2025,apr,37,087,Haywood,,0
2025,apr,37,021,Buncombe,,0
2025,apr,37,089,Henderson,,0
2025,apr,37,175,Transylvania,,0
2025,apr,37,167,Stanly,0.7063975409836065,12
2025,apr,37,109,Lincoln,0.7683952380952382,42
2025,apr,37,159,Rowan,0.7604939393939394,33
2025,apr,37,025,Cabarrus,0.7341650000000001,10
2025,apr,37,097,Iredell,0.706477777777778,18
2025,apr,37,071,Gaston,0.73805,3
2025,apr,37,179,Union,0.7782621621621622,111
2025,apr,37,119,Mecklenburg,0.7217500000000001,4
2025,apr,37,045,Cleveland,0.7605147058823531,34
2025,apr,37,005,Alleghany,,0
2025,apr,37,173,Swain,,0
2025,apr,37,011,Avery,,0
2025,apr,37,033,Caswell,0.7137281250000002,48
2025,apr,37,075,Graham,,0
2025,apr,37,007,Anson,0.7426907632263665,114
2025,apr,37,149,Polk,,0
2025,apr,37,039,Cherokee,,0
2025,apr,37,113,Macon,,0
2025,apr,37,009,Ashe,,0
2025,apr,37,123,Montgomery,0.7372000000000001,2
2025,apr,37,043,Clay,,0
2025,apr,37,121,Mitchell,,0
2025,apr,37,199,Yancey,,0
2025,apr,37,189,Watauga,,0
2025,apr,37,099,Jackson,,0
2025,apr,37,161,Rutherford,0.8270500000000001,1
2025,apr,37,193,Wilkes,0.63399,5
2025,apr,37,125,Moore,0.6619327272727272,55
2025,apr,37,153,Richmond,0.7414864583333336,48
2025,apr,37,093,Hoke,0.6937695121951218,41
2025,apr,37,165,Scotland,0.6568750000000001,8
2025,apr,37,155,Robeson,0.6879316841205384,56
2025,apr,37,001,Alamance,0.711997027113365,99
2025,apr,37,151,Randolph,0.7616827402891976,28
2025,apr,37,081,Guilford,0.7412579717694505,118
2025,apr,37,157,Rockingham,0.7285989861259339,111
2025,apr,37,171,Surry,0.6455166666666668,12
2025,apr,37,057,Davidson,0.7193222222222222,18
2025,apr,37,169,Stokes,0.7209964285714288,14
2025,apr,37,067,Forsyth,0.6851779069767443,4
2025,apr,37,197,Yadkin,0.6459545454545454,11
2025,apr,37,059,Davie,0.7839611111111111,9
2025,apr,37,027,Caldwell,0.6844833333333334,9
2025,apr,37,003,Alexander,0.6043,3
2025,apr,37,035,Catawba,0.7467100000000001,30
2025,apr,37,023,Burke,0.7070000000000001,1
2025,apr,37,111,McDowell,0.725225,4
2025,apr,37,029,Camden,0.66738,15
2025,apr,37,139,Pasquotank,0.6407403846153846,26
2025,apr,37,143,Perquimans,0.6705619047619048,21
2025,apr,37,177,Tyrrell,0.8260860688285904,7
2025,apr,37,055,Dare,,0
2025,apr,37,073,Gates,0.7250125000000001,12
2025,apr,37,053,Currituck,0.6892937499999999,8
2025,apr,37,019,Brunswick,0.7203624999999999,8
2025,apr,37,031,Carteret,0.7142000000000001,1
2025,apr,37,137,Pamlico,,0
2025,apr,37,049,Craven,,0
2025,apr,37,103,Jones,0.7511413043478263,23
2025,apr,37,085,Harnett,0.6880421052631579,57
2025,apr,37,063,Durham,0.7618795454545455,13
2025,apr,37,145,Person,0.7354139723424936,179
2025,apr,37,135,Orange,0.7541194922408441,161
2025,apr,37,181,Vance,0.7197926604215457,42
2025,apr,37,077,Granville,0.7263193307700582,146
2025,apr,37,069,Franklin,0.7404513896384244,89
2025,apr,37,101,Johnston,0.6798929589097668,57
2025,apr,37,183,Wake,0.6909714809768368,76
2025,apr,37,105,Lee,0.7040639534883724,43
2025,apr,37,131,Northampton,0.7483690703735882,87
2025,apr,37,083,Halifax,0.7208845679012346,81
2025,apr,37,127,Nash,0.6835184210526316,19
2025,apr,37,065,Edgecombe,0.6486700000000001,95
2025,apr,37,195,Wilson,0.6915691176470586,68
2025,apr,37,163,Sampson,0.7139046608903499,119
2025,apr,37,185,Warren,0.7014626096277529,21
2025,apr,37,187,Washington,0.6207625,8
2025,apr,37,061,Duplin,0.7057040983606554,122
2025,apr,37,091,Hertford,0.7693681818181818,33
2025,apr,37,017,Bladen,0.7111274027692935,39
2025,apr,37,095,Hyde,0.6944247126436781,4
2025,apr,37,015,Bertie,0.6780014254143647,54
2025,apr,37,079,Greene,0.5660875000000001,4
2025,apr,37,041,Chowan,0.6872862903225807,62
2025,apr,37,117,Martin,0.6591679802694388,74
2025,apr,37,047,Columbus,0.6842242857142857,35
2025,apr,37,191,Wayne,0.6519299851742033,16
2025,apr,37,133,Onslow,0.7060227272727272,11
2025,apr,37,107,Lenoir,,0
2025,apr,37,129,New Hanover,,0
2025,apr,37,141,Pender,0.7467845583655167,33
2025,apr,37,051,Cumberland,0.7421965909090907,44
2025,apr,37,147,Pitt,0.6939307083647326,79
2025,apr,37,013,Beaufort,0.6007350000000001,10
2010,may,17,121,Marion,0.5616099999999999,5
2010,may,17,005,Bond,0.6001125,4
2010,may,17,083,Jersey,0.7265833333333332,3
2010,may,17,163,St. Clair,0.6151590909090909,22
2010,may,17,027,Clinton,0.62386,20
2010,may,17,013,Calhoun,0.5697333333333333,3
2010,may,17,119,Madison,0.643392857142857,21
2010,may,17,133,Monroe,0.63240625,24
2010,may,17,117,Macoupin,0.6903118937644341,17
2010,may,17,171,Scott,0.6368333333333334,3
2010,may,17,137,Morgan,0.5977553677342824,14
2010,may,17,107,Logan,0.537575,10
2010,may,17,129,Menard,0.599877380952381,42
2010,may,17,167,Sangamon,0.6106266275120295,29
2010,may,17,021,Christian,0.6220595460614152,45
2010,may,17,127,Massac,,0
2010,may,17,057,Fulton,0.6899204545454546,22
2010,may,17,175,Stark,0.6419457668711656,4
2010,may,17,203,Woodford,0.6172670212765957,47
2010,may,17,179,Tazewell,0.5697732517972179,43
2010,may,17,123,Marshall,0.6838695652173913,23
2010,may,17,143,Peoria,0.6621166666666667,21
2010,may,17,001,Adams,0.6273242857142858,35
2010,may,17,177,Stephenson,0.6397550474612026,79
2010,may,17,141,Ogle,0.6103539682539683,126
2010,may,17,201,Winnebago,0.631709612472467,171
2010,may,17,007,Boone,0.6327423076923075,78
2010,may,17,025,Clay,0.6265000000000001,4
2010,may,17,185,Wabash,0.56775,1
2010,may,17,009,Brown,0.6615392857142858,14
2010,may,17,151,Pope,,0
2010,may,17,033,Crawford,0.44825000000000004,1
2010,may,17,135,Montgomery,0.5595499999999999,16
2010,may,17,055,Franklin,0.708625,4
2010,may,17,023,Clark,0.527308695652174,23
2010,may,17,059,Gallatin,0.799075,2
2010,may,17,075,Iroquois,0.5958604340740061,173
2010,may,17,041,Douglas,0.6184833333333334,3
2010,may,17,189,Washington,0.5722850000000003,30
2010,may,17,159,Richland,0.6147750000000001,2
2010,may,17,065,Hamilton,,0
2010,may,17,193,White,0.6414,5
2010,may,17,169,Schuyler,0.6588416666666667,24
2010,may,17,181,Union,,0
2010,may,17,085,Jo Daviess,0.665445,10
2010,may,17,125,Mason,0.5589810360022914,89
2010,may,17,191,Wayne,,0
2010,may,17,069,Hardin,,0
2010,may,17,061,Greene,0.6662482804585443,15
2010,may,17,157,Randolph,0.5969437500000001,8
2010,may,17,149,Pike,0.6656449999999999,60
2010,may,17,145,Perry,0.7457038461538461,13
2010,may,17,087,Johnson,,0
2010,may,17,173,Shelby,0.6216584905660377,53
2010,may,17,051,Fayette,0.6359032258064516,31
2010,may,17,139,Moultrie,0.6501020307354556,18
2010,may,17,017,Cass,0.5643152777777778,36
2010,may,17,015,Carroll,0.6349906250000001,64
2010,may,17,047,Edwards,,0
2010,may,17,079,Jasper,0.5353865489130435,3
2010,may,17,187,Warren,0.6291333333333334,3
2010,may,17,153,Pulaski,,0
2010,may,17,165,Saline,0.6176666666666667,3
2010,may,17,101,Lawrence,0.5929166666666666,3
2010,may,17,045,Edgar,0.6155403846153846,26
2010,may,17,071,Henderson,0.6792764705882354,17
2010,may,17,199,Williamson,,0
2010,may,17,077,Jackson,0.5386500000000001,3
2010,may,17,147,Piatt,0.6293308422791081,25
2010,may,17,053,Ford,0.6768050742878192,64
2010,may,17,019,Champaign,0.5868350102805601,60
2010,may,17,029,Coles,0.6456574018126886,45
2010,may,17,035,Cumberland,0.5529666666666665,36
2010,may,17,183,Vermilion,0.597685863547062,66
2010,may,17,115,Macon,0.6517708333333333,24
2010,may,17,049,Effingham,0.6555923913043479,46
2010,may,17,067,Hancock,0.6129760000000001,25
2010,may,17,095,Knox,0.63535,7
2010,may,17,109,McDonough,0.6466500000000001,7
2010,may,17,081,Jefferson,0.6738125,4
2010,may,17,113,McLean,0.6269125759109312,24
2010,may,17,039,De Witt,0.60225,2
2010,may,17,105,Livingston,0.5991375739644967,169
2010,may,17,003,Alexander,,0
2010,may,17,093,Kendall,0.6223323906705545,68
2010,may,17,031,Cook,0.49299,5
2010,may,17,037,DeKalb,0.6406111335012591,166
2010,may,17,089,Kane,0.6398137723119423,150
2010,may,17,063,Grundy,0.5789031654094828,15
2010,may,17,111,McHenry,0.6721738029547887,178
2010,may,17,197,Will,0.5915434956463246,211
2010,may,17,043,DuPage,0.46815,1
2010,may,17,097,Lake,0.7066638512658228,65
2010,may,17,091,Kankakee,0.6022228868670643,255
2010,may,17,011,Bureau,0.6200596883468836,19
2010,may,17,155,Putnam,0.634216511627907,9
2010,may,17,099,LaSalle,0.6168730823492528,77
2010,may,17,131,Mercer,0.7033364085948158,12
2010,may,17,161,Rock Island,0.6673227042752341,17
2010,may,17,073,Henry,0.632405,20
2010,may,17,103,Lee,0.6196581967213114,61
2010,may,17,195,Whiteside,0.6544406779661018,59
2010,may,31,043,Dakota,0.4479,1
2010,may,31,051,Dixon,0.6073500000000001,1
2010,may,31,053,Dodge,0.48857000000000006,25
2010,may,31,025,Cass,0.5797503072414444,84
2010,may,31,055,Douglas,0.5343111111111111,27
2010,may,31,153,Sarpy,0.4510076923076924,26
2010,may,31,155,Saunders,0.5670739316239316,117
2010,may,31,177,Washington,0.41973125,8
2010,may,31,067,Gage,0.627925820281107,1364
2010,may,31,109,Lancaster,0.617560419524315,305
2010,may,31,159,Seward,0.6242084590620792,82
2010,may,31,139,Pierce,0.66044358974359,39
2010,may,31,119,Madison,0.578482051282051,78
2010,may,31,167,Stanton,0.6122358497676172,32
2010,may,31,117,McPherson,0.3557,1
2010,may,31,111,Lincoln,0.5884593781883127,1676
2010,may,31,113,Logan,0.5777766666666667,30
2010,may,31,007,Banner,0.48871524163716934,2487
2010,may,31,157,Scotts Bluff,0.5317866035214808,589
2010,may,31,165,Sioux,0.5758080529504525,239
2010,may,31,039,Cuming,0.5701815407612659,54
2010,may,31,129,Nuckolls,0.6584298519445557,2682
2010,may,31,101,Keith,0.55255734996074,3857
2010,may,31,137,Phelps,0.6006015296690193,201
2010,may,31,181,Webster,0.6597634893567251,2412
2010,may,31,015,Boyd,0.7621953376205794,311
2010,may,31,171,Thomas,,0
2010,may,31,089,Holt,0.7138648305084742,236
2010,may,31,017,Brown,0.6971,1
2010,may,31,103,Keya Paha,0.8031796743063937,15
2010,may,31,077,Greeley,0.6255657894736841,19
2010,may,31,095,Jefferson,0.6438294878886637,992
2010,may,31,151,Saline,0.5983421058320378,673
2010,may,31,057,Dundy,0.5981947779653716,3100
2010,may,31,131,Otoe,0.5959628849752535,229
2010,may,31,087,Hitchcock,0.6585450721953351,5807
2010,may,31,105,Kimball,0.43001569583332816,5537
2010,may,31,127,Nemaha,0.5686668384831852,142
2010,may,31,041,Custer,0.5886850827859502,363
2010,may,31,143,Polk,0.5709195312499998,64
2010,may,31,045,Dawes,0.580022576106234,3221
2010,may,31,179,Wayne,0.4404666666666666,3
2010,may,31,071,Garfield,0.6470958333333335,12
2010,may,31,013,Box Butte,0.5516021156412023,9052
2010,may,31,173,Thurston,0.6442500000000002,53
2010,may,31,011,Boone,0.6158728571428573,35
2010,may,31,145,Red Willow,0.6804926015183242,4790
2010,may,31,149,Rock,0.70305,8
2010,may,31,005,Arthur,0.5706,1
2010,may,31,085,Hayes,0.6093183661980831,2983
2010,may,31,097,Johnson,0.6480942397809393,144
2010,may,31,003,Antelope,0.651743781375502,64
2010,may,31,163,Sherman,0.7008450785582253,51
2010,may,31,161,Sheridan,0.589633136847474,4806
2010,may,31,133,Pawnee,0.6499330554484378,394
2010,may,31,075,Grant,,0
2010,may,31,021,Burt,0.5973117647058823,17
2010,may,31,009,Blaine,0.561,3
2010,may,31,027,Cedar,0.6840012820512821,39
2010,may,31,169,Thayer,0.6231082046211008,1670
2010,may,31,049,Deuel,0.5741336247335388,6822
2010,may,31,123,Morrill,0.5624261998643495,2167
2010,may,31,115,Loup,0.5453336065573772,61
2010,may,31,063,Frontier,0.6648172169460497,3642
2010,may,31,125,Nance,0.6278048744867873,144
2010,may,31,107,Knox,0.7352091368195677,171
2010,may,31,135,Perkins,0.5600822118969706,8589
2010,may,31,037,Colfax,0.562019827586207,58
2010,may,31,023,Butler,0.560116417910448,67
2010,may,31,031,Cherry,0.6144066389263756,54
2010,may,31,183,Wheeler,0.6463722222222222,9
2010,may,31,061,Franklin,0.6526496040968067,1257
2010,may,31,029,Chase,0.602917684354325,3592
2010,may,31,059,Fillmore,0.6222666815592539,212
2010,may,31,185,York,0.5785675708591673,54
2010,may,31,035,Clay,0.6182635928604999,304
2010,may,31,033,Cheyenne,0.546951386722019,15236
2010,may,31,069,Garden,0.5569413959462606,3903
2010,may,31,083,Harlan,0.6765479580961703,2333
2010,may,31,091,Hooker,0.6658999999999999,2
2010,may,31,147,Richardson,0.5481128412800098,131
2010,may,31,065,Furnas,0.6821217718725602,4446
2010,may,31,175,Valley,0.650299152542373,59
2010,may,31,141,Platte,0.5539284023668637,169
2010,may,31,121,Merrick,0.6378391063337511,42
2010,may,31,079,Hall,0.5579581014414553,51
2010,may,31,081,Hamilton,0.5831522556390979,133
2010,may,31,093,Howard,0.6811323564593301,73
2010,may,31,001,Adams,0.5797607787892587,435
2010,may,31,099,Kearney,0.5908937542075219,541
2010,may,31,019,Buffalo,0.6784619436717665,282
2010,may,31,073,Gosper,0.678571033455246,1013
2010,may,31,047,Dawson,0.5919983566813711,325
2010,may,37,037,Chatham,0.6785119691119692,6
2010,may,37,115,Madison,,0
2010,may,37,087,Haywood,0.81355,1
2010,may,37,021,Buncombe,,0
2010,may,37,089,Henderson,,0
2010,may,37,175,Transylvania,,0
2010,may,37,167,Stanly,0.7158887096774192,31
2010,may,37,109,Lincoln,0.69255,19
2010,may,37,159,Rowan,0.6467166666666667,3
2010,may,37,025,Cabarrus,0.6813125,4
2010,may,37,097,Iredell,0.6656002758620692,15
2010,may,37,071,Gaston,0.6919700000000001,10
2010,may,37,179,Union,0.651296801650761,16
2010,may,37,119,Mecklenburg,0.7286,2
2010,may,37,045,Cleveland,0.6746555555555556,9
2010,may,37,005,Alleghany,,0
2010,may,37,173,Swain,,0
2010,may,37,011,Avery,,0
2010,may,37,033,Caswell,0.671707142857143,14
2010,may,37,075,Graham,,0
2010,may,37,007,Anson,0.6755,3
2010,may,37,149,Polk,0.69655,1
2010,may,37,039,Cherokee,,0
2010,may,37,113,Macon,0.76515,1
2010,may,37,009,Ashe,,0
2010,may,37,123,Montgomery,,0
2010,may,37,043,Clay,,0
2010,may,37,121,Mitchell,,0
2010,may,37,199,Yancey,,0
2010,may,37,189,Watauga,,0
2010,may,37,099,Jackson,0.7661000000000001,3
2010,may,37,161,Rutherford,0.80945,1
2010,may,37,193,Wilkes,,0
2010,may,37,125,Moore,0.5612777777777779,9
2010,may,37,153,Richmond,0.6273500000000001,2
2010,may,37,093,Hoke,0.5775916666666667,6
2010,may,37,165,Scotland,0.5168426573426573,2
2010,may,37,155,Robeson,0.5245374223602486,7
2010,may,37,001,Alamance,0.6497343450041138,43
2010,may,37,151,Randolph,0.7221214285714286,14
2010,may,37,081,Guilford,0.6462210526315788,19
2010,may,37,157,Rockingham,0.6274027797912441,55
2010,may,37,171,Surry,,0
2010,may,37,057,Davidson,0.7097000000000001,3
2010,may,37,169,Stokes,0.7119527777777778,18
2010,may,37,067,Forsyth,0.6309,4
2010,may,37,197,Yadkin,,0
2010,may,37,059,Davie,0.7485333333333334,3
2010,may,37,027,Caldwell,0.75065,1
2010,may,37,003,Alexander,0.6665502915004604,13
2010,may,37,035,Catawba,0.6943785714285714,7
2010,may,37,023,Burke,,0
2010,may,37,111,McDowell,,0
2010,may,37,029,Camden,0.5559100000000001,5
2010,may,37,139,Pasquotank,0.5616069444444444,36
2010,may,37,143,Perquimans,0.5966500000000001,14
2010,may,37,177,Tyrrell,0.5546,1
2010,may,37,055,Dare,,0
2010,may,37,073,Gates,,0
2010,may,37,053,Currituck,,0
2010,may,37,019,Brunswick,,0
2010,may,37,031,Carteret,,0
2010,may,37,137,Pamlico,,0
2010,may,37,049,Craven,,0
2010,may,37,103,Jones,0.6061642857142858,7
2010,may,37,085,Harnett,0.5222,1
2010,may,37,063,Durham,0.6866833333333334,3
2010,may,37,145,Person,0.67580625,16
2010,may,37,135,Orange,0.7276939024390243,26
2010,may,37,181,Vance,0.5698166666666666,3
2010,may,37,077,Granville,0.6374308823529411,68
2010,may,37,069,Franklin,0.7134653846153848,13
2010,may,37,101,Johnston,0.29292500000000005,4
2010,may,37,183,Wake,0.6138107142857143,14
2010,may,37,105,Lee,,0
2010,may,37,131,Northampton,0.5303,1
2010,may,37,083,Halifax,0.5853400000000001,25
2010,may,37,127,Nash,0.7155,2
2010,may,37,065,Edgecombe,0.4728800000000001,15
2010,may,37,195,Wilson,0.6098166666666667,6
2010,may,37,163,Sampson,0.5690272727272728,11
2010,may,37,185,Warren,,0
2010,may,37,187,Washington,0.6009,4
2010,may,37,061,Duplin,,0
2010,may,37,091,Hertford,0.6110450000000001,10
2010,may,37,017,Bladen,0.6332285714285716,7
2010,may,37,095,Hyde,0.5637806122448982,49
2010,may,37,015,Bertie,0.6133233333333332,45
2010,may,37,079,Greene,,0
2010,may,37,041,Chowan,0.544776515151515,66
2010,may,37,117,Martin,0.5528791666666667,24
2010,may,37,047,Columbus,0.477225,2
2010,may,37,191,Wayne,0.4737,3
2010,may,37,133,Onslow,,0
2010,may,37,107,Lenoir,0.5896714285714285,7
2010,may,37,129,New Hanover,,0
2010,may,37,141,Pender,,0
2010,may,37,051,Cumberland,0.520225,6
2010,may,37,147,Pitt,0.42955000000000004,1
2010,may,37,013,Beaufort,0.68125,2
2011,may,17,121,Marion,0.7158382558678523,189
2011,may,17,005,Bond,0.6700383432905951,178
2011,may,17,083,Jersey,0.6687240552752027,67
2011,may,17,163,St. Clair,0.6357112218396458,201
2011,may,17,027,Clinton,0.6173600373529352,198
2011,may,17,013,Calhoun,0.7465600000000001,30
2011,may,17,119,Madison,0.6663227098257126,179
2011,may,17,133,Monroe,0.6492749290113214,213
2011,may,17,117,Macoupin,0.6735039197959157,282
2011,may,17,171,Scott,0.6767370410099844,49
2011,may,17,137,Morgan,0.6706684135857367,190
2011,may,17,107,Logan,0.6663670391378335,70
2011,may,17,129,Menard,0.6633139669007023,149
2011,may,17,167,Sangamon,0.7089302234246813,68
2011,may,17,021,Christian,0.6406909585695958,95
2011,may,17,127,Massac,0.614175,2
2011,may,17,057,Fulton,0.7093624627183637,139
2011,may,17,175,Stark,0.6970790322580646,31
2011,may,17,203,Woodford,0.6838323075967783,224
2011,may,17,179,Tazewell,0.6406162330626763,309
2011,may,17,123,Marshall,0.6975261375784336,85
2011,may,17,143,Peoria,0.6776263414634147,205
2011,may,17,001,Adams,0.6954465630119308,680
2011,may,17,177,Stephenson,0.6430696521973573,296
2011,may,17,141,Ogle,0.6741173968495249,384
2011,may,17,201,Winnebago,0.6480218505761787,463
2011,may,17,007,Boone,0.6089580038017199,402
2011,may,17,025,Clay,0.7021447999999997,250
2011,may,17,185,Wabash,,0
2011,may,17,009,Brown,0.6911374653825485,96
2011,may,17,151,Pope,,0
2011,may,17,033,Crawford,0.67789375,24
2011,may,17,135,Montgomery,0.6251020563239819,184
2011,may,17,055,Franklin,0.624787037037037,27
2011,may,17,023,Clark,0.6958679390449716,41
2011,may,17,059,Gallatin,0.65055,47
2011,may,17,075,Iroquois,0.6528019296385095,518
2011,may,17,041,Douglas,0.5954021020893495,47
2011,may,17,189,Washington,0.6408936693446357,620
2011,may,17,159,Richland,0.6545533333333332,15
2011,may,17,065,Hamilton,0.648099083395943,133
2011,may,17,193,White,0.6965333333333333,3
2011,may,17,169,Schuyler,0.7140682031409343,194
2011,may,17,181,Union,0.7943,2
2011,may,17,085,Jo Daviess,0.6486247510275054,102
2011,may,17,125,Mason,0.6190287782602538,336
2011,may,17,191,Wayne,0.7134164896159773,223
2011,may,17,069,Hardin,,0
2011,may,17,061,Greene,0.6991056012300246,248
2011,may,17,157,Randolph,0.7017055630524917,204
2011,may,17,149,Pike,0.718146063126321,292
2011,may,17,145,Perry,0.6783919647434631,201
2011,may,17,087,Johnson,0.7338333333333334,3
2011,may,17,173,Shelby,0.6703263784190404,248
2011,may,17,051,Fayette,0.6749770570778518,201
2011,may,17,139,Moultrie,0.6659522727272728,44
2011,may,17,017,Cass,0.6452539185209425,96
2011,may,17,015,Carroll,0.6150970005276694,123
2011,may,17,047,Edwards,0.7072458333333334,12
2011,may,17,079,Jasper,0.6348604166666666,48
2011,may,17,187,Warren,0.6523196663352115,38
2011,may,17,153,Pulaski,0.42075,1
2011,may,17,165,Saline,0.6275785714285714,7
2011,may,17,101,Lawrence,0.6523777777777777,9
2011,may,17,045,Edgar,0.6709790222849318,95
2011,may,17,071,Henderson,0.6704336628481714,68
2011,may,17,199,Williamson,0.57115,1
2011,may,17,077,Jackson,0.6477461538461539,26
2011,may,17,147,Piatt,0.6785808389451825,125
2011,may,17,053,Ford,0.6457050161140914,407
2011,may,17,019,Champaign,0.6230520958083837,242
2011,may,17,029,Coles,0.6560828571428573,70
2011,may,17,035,Cumberland,0.6274336734693878,49
2011,may,17,183,Vermilion,0.6353277893931668,155
2011,may,17,115,Macon,0.6497527777777776,72
2011,may,17,049,Effingham,0.6527748805098246,134
2011,may,17,067,Hancock,0.716187066319207,358
2011,may,17,095,Knox,0.6820081481481484,135
2011,may,17,109,McDonough,0.6996663191327764,114
2011,may,17,081,Jefferson,0.6931629250919117,172
2011,may,17,113,McLean,0.6868653197203078,235
2011,may,17,039,De Witt,0.6405358978529604,37
2011,may,17,105,Livingston,0.6724230085463326,596
2011,may,17,003,Alexander,,0
2011,may,17,093,Kendall,0.7114743159001121,110
2011,may,17,031,Cook,0.6820746654360866,9
2011,may,17,037,DeKalb,0.6532929558747561,472
2011,may,17,089,Kane,0.6764069902837762,359
2011,may,17,063,Grundy,0.647468493092992,47
2011,may,17,111,McHenry,0.6734611560483271,768
2011,may,17,197,Will,0.7045171535562994,841
2011,may,17,043,DuPage,0.6127357142857143,7
2011,may,17,097,Lake,0.6882374245102371,111
2011,may,17,091,Kankakee,0.6606372615343882,600
2011,may,17,011,Bureau,0.6928446735791973,343
2011,may,17,155,Putnam,0.7006151064673235,71
2011,may,17,099,LaSalle,0.6777003481008508,301
2011,may,17,131,Mercer,0.697689772727273,44
2011,may,17,161,Rock Island,0.6470220588235297,34
2011,may,17,073,Henry,0.6750566406249999,128
2011,may,17,103,Lee,0.6540505881466877,291
2011,may,17,195,Whiteside,0.6494010964912278,228
2011,may,31,043,Dakota,0.587775,2
2011,may,31,051,Dixon,0.6891499999999999,2
2011,may,31,053,Dodge,0.5411312500000001,16
2011,may,31,025,Cass,0.582462796476556,117
2011,may,31,055,Douglas,0.6305000000000001,8
2011,may,31,153,Sarpy,0.5583856593662628,17
2011,may,31,155,Saunders,0.6128088499858821,100
2011,may,31,177,Washington,0.5202944444444445,9
2011,may,31,067,Gage,0.6043089442923917,1548
2011,may,31,109,Lancaster,0.582558676013321,429
2011,may,31,159,Seward,0.5834616356073212,120
2011,may,31,139,Pierce,0.6156278979027799,50
2011,may,31,119,Madison,0.6065744696632548,55
2011,may,31,167,Stanton,0.6170541666666667,36
2011,may,31,117,McPherson,0.6612250000000001,2
2011,may,31,111,Lincoln,0.5908907374466015,1785
2011,may,31,113,Logan,0.5525190594974133,108
2011,may,31,007,Banner,0.48144036174987687,3768
2011,may,31,157,Scotts Bluff,0.600732677173854,1108
2011,may,31,165,Sioux,0.5713157553635886,495
2011,may,31,039,Cuming,0.5598115384615385,13
2011,may,31,129,Nuckolls,0.6222343408867067,2970
2011,may,31,101,Keith,0.5851919245212102,3333
2011,may,31,137,Phelps,0.5836127928815189,179
2011,may,31,181,Webster,0.6477482557838437,2287
2011,may,31,015,Boyd,0.6606378095502928,257
2011,may,31,171,Thomas,0.49995,1
2011,may,31,089,Holt,0.6215402671755731,262
2011,may,31,017,Brown,,0
2011,may,31,103,Keya Paha,0.5904857142857143,35
2011,may,31,077,Greeley,0.60245,14
2011,may,31,095,Jefferson,0.6322104757659104,998
2011,may,31,151,Saline,0.5870242076411424,731
2011,may,31,057,Dundy,0.585887401463204,2930
2011,may,31,131,Otoe,0.6054822406357226,331
2011,may,31,087,Hitchcock,0.6236489489860018,4711
2011,may,31,105,Kimball,0.4096543569228017,7191
2011,may,31,127,Nemaha,0.6008781120422702,226
2011,may,31,041,Custer,0.5764743513221827,777
2011,may,31,143,Polk,0.5898329787234041,47
2011,may,31,045,Dawes,0.579621533656371,2896
2011,may,31,179,Wayne,0.52588046875,2
2011,may,31,071,Garfield,0.49545,6
2011,may,31,013,Box Butte,0.5900795394898558,10399
2011,may,31,173,Thurston,0.5863050847457627,59
2011,may,31,011,Boone,0.633424461876973,41
2011,may,31,145,Red Willow,0.6106035255559783,4679
2011,may,31,149,Rock,0.6888173076923076,26
2011,may,31,005,Arthur,0.6612,9
2011,may,31,085,Hayes,0.5843436381420034,2505
2011,may,31,097,Johnson,0.645520281332038,386
2011,may,31,003,Antelope,0.5632852941176472,34
2011,may,31,163,Sherman,0.6593357658716826,95
2011,may,31,161,Sheridan,0.5704380109480794,5048
2011,may,31,133,Pawnee,0.6172404870633854,621
2011,may,31,075,Grant,,0
2011,may,31,021,Burt,0.5509836606441477,20
2011,may,31,009,Blaine,0.558775,2
2011,may,31,027,Cedar,0.6095450819672131,61
2011,may,31,169,Thayer,0.5961237128634067,1711
2011,may,31,049,Deuel,0.5898879274422322,7181
2011,may,31,123,Morrill,0.5944806679624657,2475
2011,may,31,115,Loup,0.5909926644182124,12
2011,may,31,063,Frontier,0.6056818339552397,3651
2011,may,31,125,Nance,0.6238712289749051,133
2011,may,31,107,Knox,0.6414012329069254,92
2011,may,31,135,Perkins,0.5644572019510823,8388
2011,may,31,037,Colfax,0.5358159090909091,44
2011,may,31,023,Butler,0.546287187666135,75
2011,may,31,031,Cherry,0.6315842750352894,200
2011,may,31,183,Wheeler,0.53478,10
2011,may,31,061,Franklin,0.6405592308848314,1248
2011,may,31,029,Chase,0.5761932685476536,3034
2011,may,31,059,Fillmore,0.5801709772083466,213
2011,may,31,185,York,0.5532935471792312,48
2011,may,31,035,Clay,0.5906232671112258,400
2011,may,31,033,Cheyenne,0.5356448506362652,16160
2011,may,31,069,Garden,0.5866052885930133,4200
2011,may,31,083,Harlan,0.6022451008024884,2224
2011,may,31,091,Hooker,,0
2011,may,31,147,Richardson,0.6598900291354696,368
2011,may,31,065,Furnas,0.6098880185312434,4274
2011,may,31,175,Valley,0.604693888888889,90
2011,may,31,141,Platte,0.5897614094132156,80
2011,may,31,121,Merrick,0.6325279527559053,127
2011,may,31,079,Hall,0.5870664793410992,87
2011,may,31,081,Hamilton,0.5679258389261744,149
2011,may,31,093,Howard,0.5791120790629576,62
2011,may,31,001,Adams,0.5725198719311568,395
2011,may,31,099,Kearney,0.5554825996741578,516
2011,may,31,019,Buffalo,0.6380692794553446,310
2011,may,31,073,Gosper,0.5585158308819971,751
2011,may,31,047,Dawson,0.6215375370534342,416
2011,may,37,037,Chatham,0.6924187171689247,16
2011,may,37,115,Madison,,0
2011,may,37,087,Haywood,,0
2011,may,37,021,Buncombe,,0
2011,may,37,089,Henderson,,0
2011,may,37,175,Transylvania,,0
2011,may,37,167,Stanly,0.7550733333333334,15
2011,may,37,109,Lincoln,0.675284375,48
2011,may,37,159,Rowan,0.7190875,8
2011,may,37,025,Cabarrus,0.66035,2
2011,may,37,097,Iredell,0.7238181818181818,11
2011,may,37,071,Gaston,0.6529750000000001,2
2011,may,37,179,Union,0.5521695652173912,23
2011,may,37,119,Mecklenburg,0.68615,3
2011,may,37,045,Cleveland,0.6596285714285715,7
2011,may,37,005,Alleghany,,0
2011,may,37,173,Swain,,0
2011,may,37,011,Avery,,0
2011,may,37,033,Caswell,0.6825944444444445,36
2011,may,37,075,Graham,,0
2011,may,37,007,Anson,0.7158576923076925,13
2011,may,37,149,Polk,0.5649000000000001,1
2011,may,37,039,Cherokee,,0
2011,may,37,113,Macon,,0
2011,may,37,009,Ashe,,0
2011,may,37,123,Montgomery,0.6795,8
2011,may,37,043,Clay,,0
2011,may,37,121,Mitchell,,0
2011,may,37,199,Yancey,,0
2011,may,37,189,Watauga,,0
2011,may,37,099,Jackson,,0
2011,may,37,161,Rutherford,0.6694285714285714,7
2011,may,37,193,Wilkes,0.8725875000000001,4
2011,may,37,125,Moore,0.5637000000000001,19
2011,may,37,153,Richmond,0.5760315789473683,19
2011,may,37,093,Hoke,0.6748166666666667,3
2011,may,37,165,Scotland,0.7124,1
2011,may,37,155,Robeson,0.6960500000000001,4
2011,may,37,001,Alamance,0.7080936447072592,128
2011,may,37,151,Randolph,0.6921,26
2011,may,37,081,Guilford,0.7129843750000001,112
2011,may,37,157,Rockingham,0.6669307692307692,78
2011,may,37,171,Surry,0.6770278273809526,7
2011,may,37,057,Davidson,0.6732305555555557,18
2011,may,37,169,Stokes,0.7259214285714286,7
2011,may,37,067,Forsyth,0.6835791666666666,12
2011,may,37,197,Yadkin,0.7544326388888889,3
2011,may,37,059,Davie,0.680308695652174,23
2011,may,37,027,Caldwell,0.7776500000000001,1
2011,may,37,003,Alexander,0.6934875,4
2011,may,37,035,Catawba,0.6902350000000003,20
2011,may,37,023,Burke,0.8181,1
2011,may,37,111,McDowell,,0
2011,may,37,029,Camden,,0
2011,may,37,139,Pasquotank,0.52237,10
2011,may,37,143,Perquimans,0.5746471962616823,11
2011,may,37,177,Tyrrell,,0
2011,may,37,055,Dare,,0
2011,may,37,073,Gates,0.3987,1
2011,may,37,053,Currituck,0.6274166666666666,6
2011,may,37,019,Brunswick,,0
2011,may,37,031,Carteret,0.6075,1
2011,may,37,137,Pamlico,,0
2011,may,37,049,Craven,,0
2011,may,37,103,Jones,0.6282119553666312,12
2011,may,37,085,Harnett,0.553925,2
2011,may,37,063,Durham,0.701154761904762,21
2011,may,37,145,Person,0.6913530303030302,33
2011,may,37,135,Orange,0.7205364597042656,52
2011,may,37,181,Vance,0.69536875,16
2011,may,37,077,Granville,0.6865260606060608,165
2011,may,37,069,Franklin,0.6602190027483315,30
2011,may,37,101,Johnston,0.62,6
2011,may,37,183,Wake,0.626736,9
2011,may,37,105,Lee,0.7631,2
2011,may,37,131,Northampton,0.6512465517241379,29
2011,may,37,083,Halifax,0.5909249999999999,44
2011,may,37,127,Nash,0.6692444816053511,8
2011,may,37,065,Edgecombe,0.579726,25
2011,may,37,195,Wilson,0.6036833333333333,18
2011,may,37,163,Sampson,0.5981367069486405,7
2011,may,37,185,Warren,0.6780700000000002,5
2011,may,37,187,Washington,0.575928813559322,59
2011,may,37,061,Duplin,0.6860444786995515,8
2011,may,37,091,Hertford,0.6125333333333335,42
2011,may,37,017,Bladen,,0
2011,may,37,095,Hyde,0.6298589285714286,28
2011,may,37,015,Bertie,0.6089573584905662,265
2011,may,37,079,Greene,,0
2011,may,37,041,Chowan,0.571355106983447,196
2011,may,37,117,Martin,0.4579428571428572,7
2011,may,37,047,Columbus,,0
2011,may,37,191,Wayne,0.5382750000000001,2
2011,may,37,133,Onslow,0.6463166666666668,9
2011,may,37,107,Lenoir,0.5667688524590164,6
2011,may,37,129,New Hanover,,0
2011,may,37,141,Pender,,0
2011,may,37,051,Cumberland,0.6097022982062781,7
2011,may,37,147,Pitt,0.5504468750000001,32
2011,may,37,013,Beaufort,,0
2012,may,17,121,Marion,0.59675,20
2012,may,17,005,Bond,0.5300785714285714,7
2012,may,17,083,Jersey,0.6083984848484849,33
2012,may,17,163,St. Clair,0.5059618577075099,9
2012,may,17,027,Clinton,0.6164000000000001,2
2012,may,17,013,Calhoun,0.7121363636363637,22
2012,may,17,119,Madison,0.5465062500000001,32
2012,may,17,133,Monroe,0.5881357142857143,7
2012,may,17,117,Macoupin,0.6075689196276385,90
2012,may,17,171,Scott,0.5879303571428572,28
2012,may,17,137,Morgan,0.6205782735180597,70
2012,may,17,107,Logan,0.5974715517241382,58
2012,may,17,129,Menard,0.5829840579710144,69
2012,may,17,167,Sangamon,0.6402729714560618,51
2012,may,17,021,Christian,0.5792634369716324,42
2012,may,17,127,Massac,,0
2012,may,17,057,Fulton,0.6572647482014389,139
2012,may,17,175,Stark,0.6258580000000001,25
2012,may,17,203,Woodford,0.6406193760853911,94
2012,may,17,179,Tazewell,0.5596777291122383,80
2012,may,17,123,Marshall,0.6442229166666669,48
2012,may,17,143,Peoria,0.5729681818181818,44
2012,may,17,001,Adams,0.6403684684684686,333
2012,may,17,177,Stephenson,0.6651915749353301,144
2012,may,17,141,Ogle,0.6351211799550887,309
2012,may,17,201,Winnebago,0.6763323076182992,248
2012,may,17,007,Boone,0.6588087679565163,183
2012,may,17,025,Clay,0.5798444444444446,9
2012,may,17,185,Wabash,0.48078181818181825,11
2012,may,17,009,Brown,0.6347252592926625,61
2012,may,17,151,Pope,,0
2012,may,17,033,Crawford,0.5662333333333334,24
2012,may,17,135,Montgomery,0.582670237951078,67
2012,may,17,055,Franklin,0.5507625,8
2012,may,17,023,Clark,0.6241255813953489,43
2012,may,17,059,Gallatin,0.5081800000000001,5
2012,may,17,075,Iroquois,0.5725910754200962,299
2012,may,17,041,Douglas,0.5870797558309039,33
2012,may,17,189,Washington,0.48342965494791673,19
2012,may,17,159,Richland,0.5418382352941178,17
2012,may,17,065,Hamilton,0.44160000000000005,1
2012,may,17,193,White,0.5338949999999999,30
2012,may,17,169,Schuyler,0.6433654545454548,110
2012,may,17,181,Union,0.8108000000000001,1
2012,may,17,085,Jo Daviess,0.6714538461538463,26
2012,may,17,125,Mason,0.5190455344346384,156
2012,may,17,191,Wayne,0.5709375000000001,8
2012,may,17,069,Hardin,,0
2012,may,17,061,Greene,0.6178592592592593,81
2012,may,17,157,Randolph,0.5200357142857143,14
2012,may,17,149,Pike,0.643655138588387,135
2012,may,17,145,Perry,0.519001851851852,27
2012,may,17,087,Johnson,,0
2012,may,17,173,Shelby,0.5530423809523805,210
2012,may,17,051,Fayette,0.5740032121513944,16
2012,may,17,139,Moultrie,0.5901960248681237,32
2012,may,17,017,Cass,0.6205675000000002,100
2012,may,17,015,Carroll,0.6184687106837825,77
2012,may,17,047,Edwards,0.5230133333333333,15
2012,may,17,079,Jasper,0.5590175000000002,20
2012,may,17,187,Warren,0.6091216649431231,12
2012,may,17,153,Pulaski,0.52185,2
2012,may,17,165,Saline,0.45954999999999996,3
2012,may,17,101,Lawrence,0.5369142857142857,7
2012,may,17,045,Edgar,0.5992727591535902,34
2012,may,17,071,Henderson,0.6782023563589412,31
2012,may,17,199,Williamson,,0
2012,may,17,077,Jackson,0.46014375,16
2012,may,17,147,Piatt,0.5644357142857144,42
2012,may,17,053,Ford,0.5923417368291759,180
2012,may,17,019,Champaign,0.6010106664526189,86
2012,may,17,029,Coles,0.6159585957143393,105
2012,may,17,035,Cumberland,0.5678774895543175,58
2012,may,17,183,Vermilion,0.5895437881043528,111
2012,may,17,115,Macon,0.6127230769230767,26
2012,may,17,049,Effingham,0.5205005623242737,84
2012,may,17,067,Hancock,0.6742261785001138,156
2012,may,17,095,Knox,0.6600284090909091,44
2012,may,17,109,McDonough,0.6406755516572802,43
2012,may,17,081,Jefferson,0.5531456521739132,23
2012,may,17,113,McLean,0.6173327580174929,102
2012,may,17,039,De Witt,0.5254249999999999,12
2012,may,17,105,Livingston,0.6070364939210113,622
2012,may,17,003,Alexander,,0
2012,may,17,093,Kendall,0.6619466288857404,49
2012,may,17,031,Cook,0.58259,5
2012,may,17,037,DeKalb,0.6518283973900518,402
2012,may,17,089,Kane,0.6339642384105958,151
2012,may,17,063,Grundy,0.6580877777777777,45
2012,may,17,111,McHenry,0.6933891447368423,304
2012,may,17,197,Will,0.6630594070684188,592
2012,may,17,043,DuPage,0.5686619300106045,4
2012,may,17,097,Lake,0.7221032049737338,85
2012,may,17,091,Kankakee,0.5755882642542682,371
2012,may,17,011,Bureau,0.6254514202701449,127
2012,may,17,155,Putnam,0.675792857142857,42
2012,may,17,099,LaSalle,0.638265279682871,288
2012,may,17,131,Mercer,0.6981467319891255,35
2012,may,17,161,Rock Island,0.680902380952381,21
2012,may,17,073,Henry,0.6496156862745097,51
2012,may,17,103,Lee,0.6168625024142151,124
2012,may,17,195,Whiteside,0.5897163461538463,104
2012,may,31,043,Dakota,0.705725,2
2012,may,31,051,Dixon,0.6094666666666666,9
2012,may,31,053,Dodge,0.5597666666666667,3
2012,may,31,025,Cass,0.5869540983606558,61
2012,may,31,055,Douglas,0.5898904761904762,21
2012,may,31,153,Sarpy,0.5158400000000001,15
2012,may,31,155,Saunders,0.6080882352941178,68
2012,may,31,177,Washington,0.60315,15
2012,may,31,067,Gage,0.5579086608691723,1230
2012,may,31,109,Lancaster,0.584464132020423,270
2012,may,31,159,Seward,0.6175620967741935,62
2012,may,31,139,Pierce,0.5956062499999999,16
2012,may,31,119,Madison,0.5563660377358493,53
2012,may,31,167,Stanton,0.5320357142857143,5
2012,may,31,117,McPherson,0.5670000000000001,1
2012,may,31,111,Lincoln,0.5396833624830577,1457
2012,may,31,113,Logan,0.5640152414641649,130
2012,may,31,007,Banner,0.4150932389445555,3050
2012,may,31,157,Scotts Bluff,0.4407055175938717,652
2012,may,31,165,Sioux,0.5117005167442413,368
2012,may,31,039,Cuming,0.49210414617006315,17
2012,may,31,129,Nuckolls,0.52621948181846,2321
2012,may,31,101,Keith,0.5617106595760933,3192
2012,may,31,137,Phelps,0.5697889300255464,200
2012,may,31,181,Webster,0.5102577874343897,1810
2012,may,31,015,Boyd,0.6531819077050465,267
2012,may,31,171,Thomas,,0
2012,may,31,089,Holt,0.7203654944454821,273
2012,may,31,017,Brown,0.52995,1
2012,may,31,103,Keya Paha,0.6583108432214088,20
2012,may,31,077,Greeley,0.5608279686333084,6
2012,may,31,095,Jefferson,0.5671498072492747,856
2012,may,31,151,Saline,0.5268374388289025,652
2012,may,31,057,Dundy,0.5350780504850499,2667
2012,may,31,131,Otoe,0.5628963510049912,177
2012,may,31,087,Hitchcock,0.545957710984775,5399
2012,may,31,105,Kimball,0.37511746130311135,6710
2012,may,31,127,Nemaha,0.5388537208870743,85
2012,may,31,041,Custer,0.5837826091250248,537
2012,may,31,143,Polk,0.5684717948717947,39
2012,may,31,045,Dawes,0.5038659762495594,3418
2012,may,31,179,Wayne,0.5070833333333333,3
2012,may,31,071,Garfield,0.4209,1
2012,may,31,013,Box Butte,0.5110226658391608,9752
2012,may,31,173,Thurston,0.6839740740740744,54
2012,may,31,011,Boone,0.5689699999999999,25
2012,may,31,145,Red Willow,0.5352497603665192,5287
2012,may,31,149,Rock,,0
2012,may,31,005,Arthur,0.6049162162162163,37
2012,may,31,085,Hayes,0.5147792132031509,2158
2012,may,31,097,Johnson,0.6156002818403411,209
2012,may,31,003,Antelope,0.6136863636363638,55
2012,may,31,163,Sherman,0.6220609999999999,50
2012,may,31,161,Sheridan,0.5138674694522177,4088
2012,may,31,133,Pawnee,0.561045335112265,334
2012,may,31,075,Grant,0.44267812500000003,16
2012,may,31,021,Burt,0.47525500000000004,30
2012,may,31,009,Blaine,0.6332,1
2012,may,31,027,Cedar,0.565994117647059,17
2012,may,31,169,Thayer,0.5227503688092714,1351
2012,may,31,049,Deuel,0.4831255900079333,6765
2012,may,31,123,Morrill,0.4812152374877788,2373
2012,may,31,115,Loup,0.5698818181818183,11
2012,may,31,063,Frontier,0.5015916401141765,3797
2012,may,31,125,Nance,0.5965949152542374,59
2012,may,31,107,Knox,0.6341946601941748,103
2012,may,31,135,Perkins,0.5041997173011995,6608
2012,may,31,037,Colfax,0.5548699999999998,30
2012,may,31,023,Butler,0.5840489361702128,47
2012,may,31,031,Cherry,0.5415744940202394,104
2012,may,31,183,Wheeler,0.7002801756587202,4
2012,may,31,061,Franklin,0.5497113078405858,812
2012,may,31,029,Chase,0.5516343497071423,2751
2012,may,31,059,Fillmore,0.5630689096961136,164
2012,may,31,185,York,0.5766617021276595,47
2012,may,31,035,Clay,0.5095191344847662,183
2012,may,31,033,Cheyenne,0.46035061597264265,16826
2012,may,31,069,Garden,0.49118399405577734,3806
2012,may,31,083,Harlan,0.5428772384656048,2038
2012,may,31,091,Hooker,,0
2012,may,31,147,Richardson,0.5716802753132716,129
2012,may,31,065,Furnas,0.5647353924295451,4588
2012,may,31,175,Valley,0.6096333333333334,33
2012,may,31,141,Platte,0.5671411290322582,62
2012,may,31,121,Merrick,0.6348410256410256,39
2012,may,31,079,Hall,0.5655903675616171,65
2012,may,31,081,Hamilton,0.5076131355932203,118
2012,may,31,093,Howard,0.5865274760978436,95
2012,may,31,001,Adams,0.4973558744231866,231
2012,may,31,099,Kearney,0.49143538970999573,437
2012,may,31,019,Buffalo,0.6144693121195909,273
2012,may,31,073,Gosper,0.5531811346436547,884
2012,may,31,047,Dawson,0.5376438866883175,220
2012,may,37,037,Chatham,0.76560625,8
2012,may,37,115,Madison,,0
2012,may,37,087,Haywood,,0
2012,may,37,021,Buncombe,0.5787,2
2012,may,37,089,Henderson,0.6571750000000001,2
2012,may,37,175,Transylvania,,0
2012,may,37,167,Stanly,0.7446145833333332,24
2012,may,37,109,Lincoln,0.6549653846153848,26
2012,may,37,159,Rowan,0.7676999999999999,7
2012,may,37,025,Cabarrus,,0
2012,may,37,097,Iredell,0.6945691493863735,38
2012,may,37,071,Gaston,0.682725,2
2012,may,37,179,Union,0.6403784662406226,71
2012,may,37,119,Mecklenburg,0.7027859999999999,4
2012,may,37,045,Cleveland,0.6945178571428572,14
2012,may,37,005,Alleghany,,0
2012,may,37,173,Swain,,0
2012,may,37,011,Avery,,0
2012,may,37,033,Caswell,0.6949841037586505,87
2012,may,37,075,Graham,,0
2012,may,37,007,Anson,0.7104133333333332,45
2012,may,37,149,Polk,0.645325,2
2012,may,37,039,Cherokee,,0
2012,may,37,113,Macon,,0
2012,may,37,009,Ashe,,0
2012,may,37,123,Montgomery,0.7125833333333333,3
2012,may,37,043,Clay,,0
2012,may,37,121,Mitchell,,0
2012,may,37,199,Yancey,,0
2012,may,37,189,Watauga,,0
2012,may,37,099,Jackson,,0
2012,may,37,161,Rutherford,0.6566000000000001,1
2012,may,37,193,Wilkes,0.6466200000000001,5
2012,may,37,125,Moore,0.6436391304347827,23
2012,may,37,153,Richmond,0.6995750000000001,2
2012,may,37,093,Hoke,0.5094535714285715,14
2012,may,37,165,Scotland,0.5910148890784983,10
2012,may,37,155,Robeson,0.5890157432072457,37
2012,may,37,001,Alamance,0.7137788693176489,126
2012,may,37,151,Randolph,0.7244729873717443,20
2012,may,37,081,Guilford,0.706185157646158,64
2012,may,37,157,Rockingham,0.7017900037618414,116
2012,may,37,171,Surry,0.69135,2
2012,may,37,057,Davidson,0.7546125000000001,8
2012,may,37,169,Stokes,0.6097266679447855,11
2012,may,37,067,Forsyth,0.7074416666666666,6
2012,may,37,197,Yadkin,0.6471833333333333,3
2012,may,37,059,Davie,0.6991416666666667,6
2012,may,37,027,Caldwell,,0
2012,may,37,003,Alexander,0.8249893959731545,4
2012,may,37,035,Catawba,0.6997785714285715,14
2012,may,37,023,Burke,0.79645,1
2012,may,37,111,McDowell,,0
2012,may,37,029,Camden,0.49395,1
2012,may,37,139,Pasquotank,0.5427772727272727,22
2012,may,37,143,Perquimans,0.5801556261770245,19
2012,may,37,177,Tyrrell,0.8013,1
2012,may,37,055,Dare,,0
2012,may,37,073,Gates,,0
2012,may,37,053,Currituck,0.55224,15
2012,may,37,019,Brunswick,0.7711312499999999,8
2012,may,37,031,Carteret,,0
2012,may,37,137,Pamlico,,0
2012,may,37,049,Craven,0.6947833333333334,9
2012,may,37,103,Jones,0.64640625,8
2012,may,37,085,Harnett,0.6741250000000001,4
2012,may,37,063,Durham,0.7031225000000001,20
2012,may,37,145,Person,0.7081149257006711,64
2012,may,37,135,Orange,0.7359217088758809,67
2012,may,37,181,Vance,0.6834875,16
2012,may,37,077,Granville,0.6731323529411762,102
2012,may,37,069,Franklin,0.6498436847738827,44
2012,may,37,101,Johnston,0.6246538461538462,13
2012,may,37,183,Wake,0.685470588235294,17
2012,may,37,105,Lee,,0
2012,may,37,131,Northampton,0.5590242696308965,29
2012,may,37,083,Halifax,0.5632630952380953,42
2012,may,37,127,Nash,0.5846260314995566,54
2012,may,37,065,Edgecombe,0.5109607084289932,50
2012,may,37,195,Wilson,0.490275,2
2012,may,37,163,Sampson,0.6046242424242423,66
2012,may,37,185,Warren,0.6503363636363637,11
2012,may,37,187,Washington,0.5495602564102564,39
2012,may,37,061,Duplin,0.6343597826086959,46
2012,may,37,091,Hertford,0.5885507477199573,60
2012,may,37,017,Bladen,0.6277272727272728,11
2012,may,37,095,Hyde,0.6515247191011234,89
2012,may,37,015,Bertie,0.6375479591836728,441
2012,may,37,079,Greene,0.52205,2
2012,may,37,041,Chowan,0.5724870081621166,141
2012,may,37,117,Martin,0.4981937773413088,47
2012,may,37,047,Columbus,0.6852272727272728,11
2012,may,37,191,Wayne,0.5850153846153846,13
2012,may,37,133,Onslow,0.6083200000000001,5
2012,may,37,107,Lenoir,0.5543416666666665,18
2012,may,37,129,New Hanover,0.77075,1
2012,may,37,141,Pender,,0
2012,may,37,051,Cumberland,0.5909166666666666,3
2012,may,37,147,Pitt,0.5072753204799506,39
2012,may,37,013,Beaufort,0.5937576923076923,13
2013,may,17,121,Marion,0.6834139784946237,93
2013,may,17,005,Bond,0.6779385993083006,80
2013,may,17,083,Jersey,0.6264470038037039,63
2013,may,17,163,St. Clair,0.633501700680272,147
2013,may,17,027,Clinton,0.6372916666666667,48
2013,may,17,013,Calhoun,0.7249676470588234,34
2013,may,17,119,Madison,0.6385285941740049,143
2013,may,17,133,Monroe,0.6119820422535212,142
2013,may,17,117,Macoupin,0.6411708546371251,224
2013,may,17,171,Scott,0.6404274647887327,71
2013,may,17,137,Morgan,0.6453500416946876,146
2013,may,17,107,Logan,0.5867047579092157,145
2013,may,17,129,Menard,0.6241382898736204,100
2013,may,17,167,Sangamon,0.6480039785835546,91
2013,may,17,021,Christian,0.6357262659810012,110
2013,may,17,127,Massac,0.7966048701298701,8
2013,may,17,057,Fulton,0.7155813725490195,153
2013,may,17,175,Stark,0.6966650775666723,23
2013,may,17,203,Woodford,0.6472568627450982,204
2013,may,17,179,Tazewell,0.6147474560755468,246
2013,may,17,123,Marshall,0.6764089232153572,66
2013,may,17,143,Peoria,0.6423389380530975,113
2013,may,17,001,Adams,0.7102708901086386,556
2013,may,17,177,Stephenson,0.6254334613556002,269
2013,may,17,141,Ogle,0.6058567140785309,438
2013,may,17,201,Winnebago,0.6413304898191393,430
2013,may,17,007,Boone,0.6436897505649232,229
2013,may,17,025,Clay,0.6859998696744231,249
2013,may,17,185,Wabash,0.5729065217391305,23
2013,may,17,009,Brown,0.7275753149417955,74
2013,may,17,151,Pope,0.7829400000000001,5
2013,may,17,033,Crawford,0.7218786931818187,176
2013,may,17,135,Montgomery,0.6470454209364517,221
2013,may,17,055,Franklin,0.6449831736144386,26
2013,may,17,023,Clark,0.6963035708872654,130
2013,may,17,059,Gallatin,0.5986443143812709,40
2013,may,17,075,Iroquois,0.605091324379757,663
2013,may,17,041,Douglas,0.677896191165599,129
2013,may,17,189,Washington,0.6499879994151897,150
2013,may,17,159,Richland,0.6884437245724875,238
2013,may,17,065,Hamilton,0.676896590909091,44
2013,may,17,193,White,0.6974166666666668,15
2013,may,17,169,Schuyler,0.7262974966797806,157
2013,may,17,181,Union,0.7816000000000001,4
2013,may,17,085,Jo Daviess,0.6942169673072273,131
2013,may,17,125,Mason,0.5671791076539224,218
2013,may,17,191,Wayne,0.6768333333333332,144
2013,may,17,069,Hardin,,0
2013,may,17,061,Greene,0.5988910368768497,139
2013,may,17,157,Randolph,0.651585050564749,61
2013,may,17,149,Pike,0.6821554649988347,253
2013,may,17,145,Perry,0.6797765134748078,92
2013,may,17,087,Johnson,0.7649476277372264,12
2013,may,17,173,Shelby,0.6416656668634194,309
2013,may,17,051,Fayette,0.6612385028995489,177
2013,may,17,139,Moultrie,0.6753972842582111,87
2013,may,17,017,Cass,0.6450353448275865,174
2013,may,17,015,Carroll,0.5621653836780167,117
2013,may,17,047,Edwards,0.6698880952380952,63
2013,may,17,079,Jasper,0.6500037924151701,284
2013,may,17,187,Warren,0.6929658014482826,81
2013,may,17,153,Pulaski,0.6920051422319474,6
2013,may,17,165,Saline,0.6958351916376307,20
2013,may,17,101,Lawrence,0.697875294117647,85
2013,may,17,045,Edgar,0.6769620038097578,64
2013,may,17,071,Henderson,0.5225854274611399,25
2013,may,17,199,Williamson,0.7123033216460603,23
2013,may,17,077,Jackson,0.6400273452814337,15
2013,may,17,147,Piatt,0.6619321336727196,150
2013,may,17,053,Ford,0.6525861771857492,415
2013,may,17,019,Champaign,0.619056127484064,263
2013,may,17,029,Coles,0.7110409616178295,183
2013,may,17,035,Cumberland,0.6362841500849644,144
2013,may,17,183,Vermilion,0.6754451491007092,338
2013,may,17,115,Macon,0.670378409090909,88
2013,may,17,049,Effingham,0.6516724447794946,266
2013,may,17,067,Hancock,0.6631827692307698,325
2013,may,17,095,Knox,0.7031039473684211,76
2013,may,17,109,McDonough,0.7082876010077004,84
2013,may,17,081,Jefferson,0.6557171117939021,68
2013,may,17,113,McLean,0.6422356125474777,238
2013,may,17,039,De Witt,0.6861928790983608,32
2013,may,17,105,Livingston,0.6016193483724119,803
2013,may,17,003,Alexander,0.6058629642365889,12
2013,may,17,093,Kendall,0.5401809894001505,163
2013,may,17,031,Cook,0.6743609175483399,22
2013,may,17,037,DeKalb,0.6220942114146841,568
2013,may,17,089,Kane,0.6009268326449093,265
2013,may,17,063,Grundy,0.5912805454545451,131
2013,may,17,111,McHenry,0.6348581148127471,501
2013,may,17,197,Will,0.6693468773884143,827
2013,may,17,043,DuPage,0.684725,2
2013,may,17,097,Lake,0.6617853591308794,148
2013,may,17,091,Kankakee,0.6189750252200708,575
2013,may,17,011,Bureau,0.6636732247597656,284
2013,may,17,155,Putnam,0.6792199857875014,92
2013,may,17,099,LaSalle,0.6485591479643935,498
2013,may,17,131,Mercer,0.5969490775484678,38
2013,may,17,161,Rock Island,0.542049218079527,43
2013,may,17,073,Henry,0.6012258935769953,120
2013,may,17,103,Lee,0.6062173457745118,206
2013,may,17,195,Whiteside,0.5882920965125715,292
2013,may,31,043,Dakota,0.5237,2
2013,may,31,051,Dixon,0.49658,15
2013,may,31,053,Dodge,0.5682543478260869,23
2013,may,31,025,Cass,0.5995832991749436,75
2013,may,31,055,Douglas,0.6046760000000001,25
2013,may,31,153,Sarpy,0.5797720000000001,25
2013,may,31,155,Saunders,0.6403595744680847,141
2013,may,31,177,Washington,0.5552933333333333,15
2013,may,31,067,Gage,0.6646726909422442,1230
2013,may,31,109,Lancaster,0.6355913587567859,325
2013,may,31,159,Seward,0.6306640871654084,106
2013,may,31,139,Pierce,0.5565821861846992,64
2013,may,31,119,Madison,0.5273837499999999,40
2013,may,31,167,Stanton,0.624240909090909,44
2013,may,31,117,McPherson,0.4870178571428571,28
2013,may,31,111,Lincoln,0.4712337636908155,1573
2013,may,31,113,Logan,0.4955870717634331,55
2013,may,31,007,Banner,0.40043556043585277,2980
2013,may,31,157,Scotts Bluff,0.399226164601337,495
2013,may,31,165,Sioux,0.507752562129267,334
2013,may,31,039,Cuming,0.47792500000000004,8
2013,may,31,129,Nuckolls,0.6034393441723099,2237
2013,may,31,101,Keith,0.44971692263538704,2703
2013,may,31,137,Phelps,0.4785239028181112,193
2013,may,31,181,Webster,0.590030828669612,2017
2013,may,31,015,Boyd,0.5833707167307757,224
2013,may,31,171,Thomas,,0
2013,may,31,089,Holt,0.6067709349593493,246
2013,may,31,017,Brown,0.50783,5
2013,may,31,103,Keya Paha,0.7215125000000001,8
2013,may,31,077,Greeley,0.41598103448275847,29
2013,may,31,095,Jefferson,0.6976415142162925,877
2013,may,31,151,Saline,0.6486636744853699,645
2013,may,31,057,Dundy,0.5249517583705566,3086
2013,may,31,131,Otoe,0.626258306447483,159
2013,may,31,087,Hitchcock,0.5002166796097742,4699
2013,may,31,105,Kimball,0.3225464889936238,4803
2013,may,31,127,Nemaha,0.6835771739130433,138
2013,may,31,041,Custer,0.49610148231658935,189
2013,may,31,143,Polk,0.5340261904761905,63
2013,may,31,045,Dawes,0.42335643757487806,1949
2013,may,31,179,Wayne,0.3443875,4
2013,may,31,071,Garfield,0.4543,8
2013,may,31,013,Box Butte,0.49472746903753523,9063
2013,may,31,173,Thurston,0.5063772727272727,66
2013,may,31,011,Boone,0.5039320512820513,39
2013,may,31,145,Red Willow,0.4843147353245198,4730
2013,may,31,149,Rock,0.6128,1
2013,may,31,005,Arthur,0.4150833333333333,12
2013,may,31,085,Hayes,0.48158793817602874,1797
2013,may,31,097,Johnson,0.6949684354705845,209
2013,may,31,003,Antelope,0.4871664633620688,94
2013,may,31,163,Sherman,0.49921956521739125,23
2013,may,31,161,Sheridan,0.4886088665052177,3333
2013,may,31,133,Pawnee,0.7162317260420376,334
2013,may,31,075,Grant,,0
2013,may,31,021,Burt,0.5326206095207464,25
2013,may,31,009,Blaine,0.42980000000000007,15
2013,may,31,027,Cedar,0.5803639705882352,68
2013,may,31,169,Thayer,0.6421317957725982,1223
2013,may,31,049,Deuel,0.4228905389349096,6251
2013,may,31,123,Morrill,0.48146036522806823,2408
2013,may,31,115,Loup,0.5605377431499686,19
2013,may,31,063,Frontier,0.45925137209883143,2839
2013,may,31,125,Nance,0.5626841463414636,82
2013,may,31,107,Knox,0.6097818896496758,218
2013,may,31,135,Perkins,0.48139453100919805,6572
2013,may,31,037,Colfax,0.5639125000000001,48
2013,may,31,023,Butler,0.577051052631579,95
2013,may,31,031,Cherry,0.5632927083333333,48
2013,may,31,183,Wheeler,0.718996545463233,165
2013,may,31,061,Franklin,0.5781431799699241,1232
2013,may,31,029,Chase,0.5107614949838737,2959
2013,may,31,059,Fillmore,0.6550967435869023,144
2013,may,31,185,York,0.5562424953354986,57
2013,may,31,035,Clay,0.5652727709951905,208
2013,may,31,033,Cheyenne,0.4144090105843769,13501
2013,may,31,069,Garden,0.4397510662353821,3823
2013,may,31,083,Harlan,0.49539578135069284,2418
2013,may,31,091,Hooker,,0
2013,may,31,147,Richardson,0.7154398478260869,172
2013,may,31,065,Furnas,0.49049293810978917,4885
2013,may,31,175,Valley,0.5543860655737706,61
2013,may,31,141,Platte,0.4959898648648649,74
2013,may,31,121,Merrick,0.5860840123197536,85
2013,may,31,079,Hall,0.5842521276595743,47
2013,may,31,081,Hamilton,0.6242162174100834,200
2013,may,31,093,Howard,0.5603017078488371,54
2013,may,31,001,Adams,0.5631042250225433,348
2013,may,31,099,Kearney,0.5285506456602523,564
2013,may,31,019,Buffalo,0.556385128205128,195
2013,may,31,073,Gosper,0.44042013988268913,1098
2013,may,31,047,Dawson,0.5167466718892143,241
2013,may,37,037,Chatham,0.7891195214276059,31
2013,may,37,115,Madison,,0
2013,may,37,087,Haywood,,0
2013,may,37,021,Buncombe,,0
2013,may,37,089,Henderson,,0
2013,may,37,175,Transylvania,,0
2013,may,37,167,Stanly,0.7855932671081678,6
2013,may,37,109,Lincoln,0.7604510794827031,112
2013,may,37,159,Rowan,0.7487695002715916,39
2013,may,37,025,Cabarrus,0.714215,10
2013,may,37,097,Iredell,0.7825019480519482,77
2013,may,37,071,Gaston,0.7108354166666668,24
2013,may,37,179,Union,0.7745260869565216,23
2013,may,37,119,Mecklenburg,0.7051000000000001,1
2013,may,37,045,Cleveland,0.7779462962962962,27
2013,may,37,005,Alleghany,,0
2013,may,37,173,Swain,,0
2013,may,37,011,Avery,,0
2013,may,37,033,Caswell,0.7341088275558604,246
2013,may,37,075,Graham,,0
2013,may,37,007,Anson,0.7684307692307691,26
2013,may,37,149,Polk,0.7222,4
2013,may,37,039,Cherokee,,0
2013,may,37,113,Macon,,0
2013,may,37,009,Ashe,,0
2013,may,37,123,Montgomery,0.6547937500000001,8
2013,may,37,043,Clay,,0
2013,may,37,121,Mitchell,,0
2013,may,37,199,Yancey,,0
2013,may,37,189,Watauga,,0
2013,may,37,099,Jackson,,0
2013,may,37,161,Rutherford,0.80645,1
2013,may,37,193,Wilkes,0.7505083333333333,12
2013,may,37,125,Moore,0.7258049019607844,51
2013,may,37,153,Richmond,0.6779528879099362,25
2013,may,37,093,Hoke,0.694276766537801,38
2013,may,37,165,Scotland,0.6477546164342028,52
2013,may,37,155,Robeson,0.6667797992190385,151
2013,may,37,001,Alamance,0.7449498812249881,374
2013,may,37,151,Randolph,0.7624088068116708,173
2013,may,37,081,Guilford,0.726066823738153,443
2013,may,37,157,Rockingham,0.7141639094427144,314
2013,may,37,171,Surry,0.7482568181818181,22
2013,may,37,057,Davidson,0.7404547914995989,72
2013,may,37,169,Stokes,0.7317760766173692,61
2013,may,37,067,Forsyth,0.7081111111111111,18
2013,may,37,197,Yadkin,0.7077120000000001,25
2013,may,37,059,Davie,0.7996989026807627,84
2013,may,37,027,Caldwell,0.8116500000000001,3
2013,may,37,003,Alexander,0.78334,15
2013,may,37,035,Catawba,0.7598985220147454,58
2013,may,37,023,Burke,0.75464,5
2013,may,37,111,McDowell,,0
2013,may,37,029,Camden,0.5622125,4
2013,may,37,139,Pasquotank,0.6506235294117647,17
2013,may,37,143,Perquimans,0.6815464092041624,27
2013,may,37,177,Tyrrell,0.707175,2
2013,may,37,055,Dare,,0
2013,may,37,073,Gates,0.7816659090909092,22
2013,may,37,053,Currituck,0.7298600000000001,10
2013,may,37,019,Brunswick,0.7202462962962963,27
2013,may,37,031,Carteret,0.62931,5
2013,may,37,137,Pamlico,0.714693203883495,103
2013,may,37,049,Craven,0.570875,2
2013,may,37,103,Jones,0.6455240000000001,25
2013,may,37,085,Harnett,0.6625918456888426,123
2013,may,37,063,Durham,0.7565859362748591,56
2013,may,37,145,Person,0.7298622319523975,212
2013,may,37,135,Orange,0.7513250137789635,181
2013,may,37,181,Vance,0.7535735839182367,67
2013,may,37,077,Granville,0.7520002694604954,408
2013,may,37,069,Franklin,0.7644868093493914,130
2013,may,37,101,Johnston,0.6759623951574005,258
2013,may,37,183,Wake,0.6642059645015519,76
2013,may,37,105,Lee,0.6816543470352857,34
2013,may,37,131,Northampton,0.6933775626728524,44
2013,may,37,083,Halifax,0.6599119047619048,105
2013,may,37,127,Nash,0.6551186286095985,77
2013,may,37,065,Edgecombe,0.6375369190619191,111
2013,may,37,195,Wilson,0.6516290582959641,56
2013,may,37,163,Sampson,0.6687859868842759,240
2013,may,37,185,Warren,0.738515277777778,36
2013,may,37,187,Washington,0.6585432432432433,37
2013,may,37,061,Duplin,0.7208489606332017,190
2013,may,37,091,Hertford,0.6974461059743952,81
2013,may,37,017,Bladen,0.6962026315789476,57
2013,may,37,095,Hyde,0.7881500000000001,2
2013,may,37,015,Bertie,0.7226541222838415,564
2013,may,37,079,Greene,0.6145992857142858,70
2013,may,37,041,Chowan,0.6347544623641974,152
2013,may,37,117,Martin,0.6462205798175453,154
2013,may,37,047,Columbus,0.7157484755142531,76
2013,may,37,191,Wayne,0.6640886429686554,164
2013,may,37,133,Onslow,0.7436614285714285,35
2013,may,37,107,Lenoir,0.5887424802110819,87
2013,may,37,129,New Hanover,0.806125,2
2013,may,37,141,Pender,0.7446075757575757,33
2013,may,37,051,Cumberland,0.6802363013698629,73
2013,may,37,147,Pitt,0.6827891064712744,152
2013,may,37,013,Beaufort,0.588475,6
2014,may,17,121,Marion,0.6013891304347825,37
2014,may,17,005,Bond,0.6202497808939527,23
2014,may,17,083,Jersey,0.5999096774193551,31
2014,may,17,163,St. Clair,0.5992727094972068,36
2014,may,17,027,Clinton,0.5664000000000002,55
2014,may,17,013,Calhoun,0.7398935483870969,31
2014,may,17,119,Madison,0.6211725482101785,68
2014,may,17,133,Monroe,0.5774360504060956,47
2014,may,17,117,Macoupin,0.631384491177616,132
2014,may,17,171,Scott,0.65779158189942,42
2014,may,17,137,Morgan,0.6142024638467101,112
2014,may,17,107,Logan,0.5733666666666666,36
2014,may,17,129,Menard,0.6459078947368418,114
2014,may,17,167,Sangamon,0.6382413451957294,83
2014,may,17,021,Christian,0.6387086401088516,104
2014,may,17,127,Massac,,0
2014,may,17,057,Fulton,0.5752978723404256,47
2014,may,17,175,Stark,0.7014,5
2014,may,17,203,Woodford,0.5966557122022361,90
2014,may,17,179,Tazewell,0.5845103483283738,117
2014,may,17,123,Marshall,0.6897955704838876,41
2014,may,17,143,Peoria,0.631542,25
2014,may,17,001,Adams,0.6477812649164669,419
2014,may,17,177,Stephenson,0.6623484726575288,85
2014,may,17,141,Ogle,0.6312249999999998,142
2014,may,17,201,Winnebago,0.6437564986737399,215
2014,may,17,007,Boone,0.6128976845842559,103
2014,may,17,025,Clay,0.6321022038755457,29
2014,may,17,185,Wabash,0.42278595505617983,3
2014,may,17,009,Brown,0.6508231726528043,63
2014,may,17,151,Pope,,0
2014,may,17,033,Crawford,0.59468,15
2014,may,17,135,Montgomery,0.6133323459928903,176
2014,may,17,055,Franklin,0.51715,2
2014,may,17,023,Clark,0.6461028026399063,89
2014,may,17,059,Gallatin,,0
2014,may,17,075,Iroquois,0.5876624413515129,250
2014,may,17,041,Douglas,0.6413125,44
2014,may,17,189,Washington,0.615716,75
2014,may,17,159,Richland,0.6193470220741359,29
2014,may,17,065,Hamilton,0.617775,22
2014,may,17,193,White,0.5994222222222223,18
2014,may,17,169,Schuyler,0.6574400025214322,81
2014,may,17,181,Union,,0
2014,may,17,085,Jo Daviess,0.6967162039925139,51
2014,may,17,125,Mason,0.5446211214310286,165
2014,may,17,191,Wayne,0.6546386792452832,53
2014,may,17,069,Hardin,,0
2014,may,17,061,Greene,0.6592753399235632,107
2014,may,17,157,Randolph,0.6500669175876775,46
2014,may,17,149,Pike,0.6527069277108435,166
2014,may,17,145,Perry,0.6265715909090909,44
2014,may,17,087,Johnson,,0
2014,may,17,173,Shelby,0.5934017479751961,127
2014,may,17,051,Fayette,0.614986118661543,84
2014,may,17,139,Moultrie,0.6419928571428573,21
2014,may,17,017,Cass,0.6405112397820166,85
2014,may,17,015,Carroll,0.6220327744347723,68
2014,may,17,047,Edwards,0.6040833333333333,36
2014,may,17,079,Jasper,0.6165838709677419,31
2014,may,17,187,Warren,0.56565,4
2014,may,17,153,Pulaski,,0
2014,may,17,165,Saline,,0
2014,may,17,101,Lawrence,0.5476526315789474,19
2014,may,17,045,Edgar,0.6517942868268803,36
2014,may,17,071,Henderson,0.6052416666666667,6
2014,may,17,199,Williamson,,0
2014,may,17,077,Jackson,0.5839733333333333,15
2014,may,17,147,Piatt,0.6590949367088609,79
2014,may,17,053,Ford,0.5776672719272514,136
2014,may,17,019,Champaign,0.6079256978342261,166
2014,may,17,029,Coles,0.6137360294117646,68
2014,may,17,035,Cumberland,0.637351880397437,43
2014,may,17,183,Vermilion,0.6160887333629573,188
2014,may,17,115,Macon,0.6349108695652174,23
2014,may,17,049,Effingham,0.5815656760323307,73
2014,may,17,067,Hancock,0.633072142857143,140
2014,may,17,095,Knox,0.6094128205128205,39
2014,may,17,109,McDonough,0.6222894736842106,19
2014,may,17,081,Jefferson,0.648457142857143,21
2014,may,17,113,McLean,0.536922777268561,73
2014,may,17,039,De Witt,0.563185,10
2014,may,17,105,Livingston,0.5885186430359973,344
2014,may,17,003,Alexander,,0
2014,may,17,093,Kendall,0.6362923728813559,59
2014,may,17,031,Cook,0.62134,10
2014,may,17,037,DeKalb,0.5752970588235293,68
2014,may,17,089,Kane,0.5728208860759493,79
2014,may,17,063,Grundy,0.5963350000000003,50
2014,may,17,111,McHenry,0.6407641938369146,185
2014,may,17,197,Will,0.6965117777351457,452
2014,may,17,043,DuPage,0.6761875,4
2014,may,17,097,Lake,0.6820046654362845,94
2014,may,17,091,Kankakee,0.5844576615014139,303
2014,may,17,011,Bureau,0.6808956896551723,58
2014,may,17,155,Putnam,0.7057463237534275,41
2014,may,17,099,LaSalle,0.6348868055555559,144
2014,may,17,131,Mercer,0.5896285714285714,7
2014,may,17,161,Rock Island,0.6283769230769232,13
2014,may,17,073,Henry,0.6307954545454545,11
2014,may,17,103,Lee,0.6031974999999999,40
2014,may,17,195,Whiteside,0.5950514925373135,67
2014,may,31,043,Dakota,0.455125,2
2014,may,31,051,Dixon,0.5133388888888889,9
2014,may,31,053,Dodge,0.5309409090909092,22
2014,may,31,025,Cass,0.5191141666666667,60
2014,may,31,055,Douglas,0.5265833333333333,12
2014,may,31,153,Sarpy,0.5742428571428572,14
2014,may,31,155,Saunders,0.5980622399040643,123
2014,may,31,177,Washington,0.5303006571973712,19
2014,may,31,067,Gage,0.5697932848633434,1048
2014,may,31,109,Lancaster,0.5854055386807162,293
2014,may,31,159,Seward,0.5930637411737132,135
2014,may,31,139,Pierce,0.6619857142857143,7
2014,may,31,119,Madison,0.536375,8
2014,may,31,167,Stanton,0.48357500000000003,8
2014,may,31,117,McPherson,0.39467857142857143,7
2014,may,31,111,Lincoln,0.492907253025303,1985
2014,may,31,113,Logan,0.3994470588235295,51
2014,may,31,007,Banner,0.5132508166383023,2893
2014,may,31,157,Scotts Bluff,0.580499399461516,583
2014,may,31,165,Sioux,0.6471640548915452,347
2014,may,31,039,Cuming,0.69455,1
2014,may,31,129,Nuckolls,0.5955169378051208,2205
2014,may,31,101,Keith,0.5340109402998625,3607
2014,may,31,137,Phelps,0.5100486270420576,302
2014,may,31,181,Webster,0.5653586176227515,2296
2014,may,31,015,Boyd,0.6260481958762887,194
2014,may,31,171,Thomas,,0
2014,may,31,089,Holt,0.5660860652445554,176
2014,may,31,017,Brown,0.6302633333333334,15
2014,may,31,103,Keya Paha,0.50385,1
2014,may,31,077,Greeley,0.6018375,4
2014,may,31,095,Jefferson,0.5595921587682904,729
2014,may,31,151,Saline,0.5639116702369361,606
2014,may,31,057,Dundy,0.5279663808914491,3069
2014,may,31,131,Otoe,0.6112158792650918,154
2014,may,31,087,Hitchcock,0.5281945141069069,5757
2014,may,31,105,Kimball,0.40086742749853405,5469
2014,may,31,127,Nemaha,0.5401136363636364,55
2014,may,31,041,Custer,0.5413324364756837,620
2014,may,31,143,Polk,0.47867954545454555,22
2014,may,31,045,Dawes,0.6452191935920153,2849
2014,may,31,179,Wayne,0.46398333333333336,6
2014,may,31,071,Garfield,0.43105000000000004,5
2014,may,31,013,Box Butte,0.6230880997303144,9852
2014,may,31,173,Thurston,0.5403393939393941,33
2014,may,31,011,Boone,0.472955,30
2014,may,31,145,Red Willow,0.5537147317194713,5492
2014,may,31,149,Rock,0.5660277777777778,9
2014,may,31,005,Arthur,,0
2014,may,31,085,Hayes,0.5266772191142046,2942
2014,may,31,097,Johnson,0.5815915655143189,160
2014,may,31,003,Antelope,0.46797126926749416,58
2014,may,31,163,Sherman,0.5067347826086956,69
2014,may,31,161,Sheridan,0.6037953361615865,4453
2014,may,31,133,Pawnee,0.603944807439235,253
2014,may,31,075,Grant,,0
2014,may,31,021,Burt,0.42395212085996514,14
2014,may,31,009,Blaine,0.5641973684210526,19
2014,may,31,027,Cedar,0.61455,2
2014,may,31,169,Thayer,0.5475572901203012,1278
2014,may,31,049,Deuel,0.5624116854143415,6962
2014,may,31,123,Morrill,0.5825226493438507,2332
2014,may,31,115,Loup,0.5179382352941178,17
2014,may,31,063,Frontier,0.5541776513715393,4109
2014,may,31,125,Nance,0.5843491666666665,60
2014,may,31,107,Knox,0.5965274904693456,126
2014,may,31,135,Perkins,0.540596126472086,9469
2014,may,31,037,Colfax,0.5690944444444446,63
2014,may,31,023,Butler,0.577606369293521,76
2014,may,31,031,Cherry,0.7165042732601831,133
2014,may,31,183,Wheeler,0.4567552994296578,9
2014,may,31,061,Franklin,0.5041682545419274,1276
2014,may,31,029,Chase,0.5554646706529656,3756
2014,may,31,059,Fillmore,0.5488923268393092,164
2014,may,31,185,York,0.5272931372549019,51
2014,may,31,035,Clay,0.5321170415550089,330
2014,may,31,033,Cheyenne,0.49311363998495145,14984
2014,may,31,069,Garden,0.5542510852370686,3828
2014,may,31,083,Harlan,0.5507910334117092,2863
2014,may,31,091,Hooker,,0
2014,may,31,147,Richardson,0.5655528029638294,122
2014,may,31,065,Furnas,0.6021505149970955,5576
2014,may,31,175,Valley,0.5207547058823528,85
2014,may,31,141,Platte,0.5545301724137931,58
2014,may,31,121,Merrick,0.47804428571428587,35
2014,may,31,079,Hall,0.5576011111111112,45
2014,may,31,081,Hamilton,0.5081131663764199,151
2014,may,31,093,Howard,0.5534767241379311,58
2014,may,31,001,Adams,0.5104090067340065,384
2014,may,31,099,Kearney,0.4992527196828889,660
2014,may,31,019,Buffalo,0.5222162671232875,292
2014,may,31,073,Gosper,0.5599851752560489,1474
2014,may,31,047,Dawson,0.5307192915458033,356
2014,may,37,037,Chatham,,0
2014,may,37,115,Madison,,0
2014,may,37,087,Haywood,,0
2014,may,37,021,Buncombe,,0
2014,may,37,089,Henderson,,0
2014,may,37,175,Transylvania,0.7072,1
2014,may,37,167,Stanly,0.7543125,4
2014,may,37,109,Lincoln,0.668875,4
2014,may,37,159,Rowan,0.7077555555555555,9
2014,may,37,025,Cabarrus,0.7171500000000001,3
2014,may,37,097,Iredell,0.7446755942947703,13
2014,may,37,071,Gaston,0.7675400000000001,5
2014,may,37,179,Union,0.6618470156889495,12
2014,may,37,119,Mecklenburg,,0
2014,may,37,045,Cleveland,0.7576353585657369,34
2014,may,37,005,Alleghany,0.49420000000000003,1
2014,may,37,173,Swain,,0
2014,may,37,011,Avery,,0
2014,may,37,033,Caswell,0.7056294938074164,107
2014,may,37,075,Graham,,0
2014,may,37,007,Anson,0.72507,5
2014,may,37,149,Polk,0.71735,2
2014,may,37,039,Cherokee,,0
2014,may,37,113,Macon,,0
2014,may,37,009,Ashe,,0
2014,may,37,123,Montgomery,0.5637327814569537,2
2014,may,37,043,Clay,,0
2014,may,37,121,Mitchell,,0
2014,may,37,199,Yancey,,0
2014,may,37,189,Watauga,,0
2014,may,37,099,Jackson,,0
2014,may,37,161,Rutherford,0.6115450000000001,10
2014,may,37,193,Wilkes,0.69972,5
2014,may,37,125,Moore,0.5545605542648523,12
2014,may,37,153,Richmond,0.6330734375000001,32
2014,may,37,093,Hoke,0.6046454545454544,11
2014,may,37,165,Scotland,0.626510294117647,34
2014,may,37,155,Robeson,0.595310769230769,65
2014,may,37,001,Alamance,0.7118584463418717,142
2014,may,37,151,Randolph,0.6794178186521053,28
2014,may,37,081,Guilford,0.7091983478011629,99
2014,may,37,157,Rockingham,0.6845848557561214,291
2014,may,37,171,Surry,0.7011750000000001,2
2014,may,37,057,Davidson,0.7612197849654513,70
2014,may,37,169,Stokes,0.7341337837837838,37
2014,may,37,067,Forsyth,0.64905,16
2014,may,37,197,Yadkin,0.6714345679012347,8
2014,may,37,059,Davie,0.8092918503450407,77
2014,may,37,027,Caldwell,0.738,2
2014,may,37,003,Alexander,0.7352500000000001,3
2014,may,37,035,Catawba,0.67052,5
2014,may,37,023,Burke,,0
2014,may,37,111,McDowell,,0
2014,may,37,029,Camden,,0
2014,may,37,139,Pasquotank,0.6186086206896554,29
2014,may,37,143,Perquimans,0.6879433466733368,8
2014,may,37,177,Tyrrell,,0
2014,may,37,055,Dare,,0
2014,may,37,073,Gates,,0
2014,may,37,053,Currituck,0.6770648148148147,27
2014,may,37,019,Brunswick,0.6898264705882353,17
2014,may,37,031,Carteret,,0
2014,may,37,137,Pamlico,,0
2014,may,37,049,Craven,,0
2014,may,37,103,Jones,0.6396250000000001,2
2014,may,37,085,Harnett,0.5515142857142857,7
2014,may,37,063,Durham,0.7231730360934182,17
2014,may,37,145,Person,0.7335666707302206,35
2014,may,37,135,Orange,0.7544812499999999,40
2014,may,37,181,Vance,0.6774309523809523,21
2014,may,37,077,Granville,0.7076717485130232,184
2014,may,37,069,Franklin,0.726275,16
2014,may,37,101,Johnston,0.6557020661157026,12
2014,may,37,183,Wake,0.7042730293663061,8
2014,may,37,105,Lee,0.7266625000000001,4
2014,may,37,131,Northampton,0.5282794117647059,17
2014,may,37,083,Halifax,0.6703800859125454,36
2014,may,37,127,Nash,0.5927714285714286,7
2014,may,37,065,Edgecombe,0.6140396301344967,218
2014,may,37,195,Wilson,0.6618,1
2014,may,37,163,Sampson,0.6335357142857143,42
2014,may,37,185,Warren,0.7041000000000001,6
2014,may,37,187,Washington,0.5923824999999999,20
2014,may,37,061,Duplin,0.6329047619047619,21
2014,may,37,091,Hertford,0.6650596051275156,89
2014,may,37,017,Bladen,,0
2014,may,37,095,Hyde,,0
2014,may,37,015,Bertie,0.6587953247137365,744
2014,may,37,079,Greene,0.6572833333333333,3
2014,may,37,041,Chowan,0.6579880644722526,145
2014,may,37,117,Martin,0.6289775542071916,177
2014,may,37,047,Columbus,0.6265285714285714,14
2014,may,37,191,Wayne,0.6259750000000001,10
2014,may,37,133,Onslow,,0
2014,may,37,107,Lenoir,0.5940636363636363,11
2014,may,37,129,New Hanover,,0
2014,may,37,141,Pender,,0
2014,may,37,051,Cumberland,0.66935,9
2014,may,37,147,Pitt,0.610530384641024,61
2014,may,37,013,Beaufort,,0
2015,may,17,121,Marion,0.6619920325951969,284
2015,may,17,005,Bond,0.6564134020618557,97
2015,may,17,083,Jersey,0.6775395348837207,43
2015,may,17,163,St. Clair,0.6360441407618764,474
2015,may,17,027,Clinton,0.644297786276459,587
2015,may,17,013,Calhoun,0.7659972972972972,37
2015,may,17,119,Madison,0.6464677732474022,151
2015,may,17,133,Monroe,0.6353513824087508,352
2015,may,17,117,Macoupin,0.6881499408929708,130
2015,may,17,171,Scott,0.6485590909090909,55
2015,may,17,137,Morgan,0.6771900852878467,57
2015,may,17,107,Logan,0.6395210229377887,117
2015,may,17,129,Menard,0.6604173918767692,60
2015,may,17,167,Sangamon,0.6849497637881785,73
2015,may,17,021,Christian,0.6811694200604403,56
2015,may,17,127,Massac,,0
2015,may,17,057,Fulton,0.7074139237124416,96
2015,may,17,175,Stark,0.6592952280516742,30
2015,may,17,203,Woodford,0.6898224403642272,184
2015,may,17,179,Tazewell,0.6221070600386485,180
2015,may,17,123,Marshall,0.6610779777467015,65
2015,may,17,143,Peoria,0.6712672342241581,136
2015,may,17,001,Adams,0.7377395312499997,320
2015,may,17,177,Stephenson,0.6685339646285107,223
2015,may,17,141,Ogle,0.6385621116585037,276
2015,may,17,201,Winnebago,0.6749457382125583,351
2015,may,17,007,Boone,0.6589037471116509,169
2015,may,17,025,Clay,0.6750783151756578,328
2015,may,17,185,Wabash,0.5550159574468085,47
2015,may,17,009,Brown,0.7343590021252908,39
2015,may,17,151,Pope,0.7099500000000001,1
2015,may,17,033,Crawford,0.6787074074074075,27
2015,may,17,135,Montgomery,0.653402015620803,192
2015,may,17,055,Franklin,0.6216381395348834,215
2015,may,17,023,Clark,0.6622434426229509,61
2015,may,17,059,Gallatin,0.5721025,20
2015,may,17,075,Iroquois,0.6244146794928741,311
2015,may,17,041,Douglas,0.6945586538461538,52
2015,may,17,189,Washington,0.6190495835499841,819
2015,may,17,159,Richland,0.6478272388059703,134
2015,may,17,065,Hamilton,0.634287214761227,102
2015,may,17,193,White,0.6211722222222226,45
2015,may,17,169,Schuyler,0.7416236842105262,57
2015,may,17,181,Union,0.6183147058823528,17
2015,may,17,085,Jo Daviess,0.7387889289293147,102
2015,may,17,125,Mason,0.6424095319474795,210
2015,may,17,191,Wayne,0.6673685737944087,299
2015,may,17,069,Hardin,,0
2015,may,17,061,Greene,0.7044275423728815,118
2015,may,17,157,Randolph,0.6384702084255499,410
2015,may,17,149,Pike,0.7155388202122683,161
2015,may,17,145,Perry,0.6192836281033454,431
2015,may,17,087,Johnson,0.7815000000000001,1
2015,may,17,173,Shelby,0.65294696272379,163
2015,may,17,051,Fayette,0.6532366946543521,142
2015,may,17,139,Moultrie,0.6618556292906177,43
2015,may,17,017,Cass,0.68709,70
2015,may,17,015,Carroll,0.6379980172224659,144
2015,may,17,047,Edwards,0.5964600356166355,110
2015,may,17,079,Jasper,0.6211035019217864,66
2015,may,17,187,Warren,0.6565097222222224,36
2015,may,17,153,Pulaski,0.6779000000000001,1
2015,may,17,165,Saline,0.6585773714125979,43
2015,may,17,101,Lawrence,0.6355292682926832,82
2015,may,17,045,Edgar,0.6268534377259832,71
2015,may,17,071,Henderson,0.6634510179640718,17
2015,may,17,199,Williamson,0.6960869189511324,15
2015,may,17,077,Jackson,0.6089515615532212,158
2015,may,17,147,Piatt,0.6957132957321454,56
2015,may,17,053,Ford,0.6097694905435875,126
2015,may,17,019,Champaign,0.6619794868753949,151
2015,may,17,029,Coles,0.6180341345692058,83
2015,may,17,035,Cumberland,0.6238074503311261,44
2015,may,17,183,Vermilion,0.6412724538468335,179
2015,may,17,115,Macon,0.6798724727168295,56
2015,may,17,049,Effingham,0.626513314000957,141
2015,may,17,067,Hancock,0.7576975465891603,138
2015,may,17,095,Knox,0.7088734949208247,54
2015,may,17,109,McDonough,0.6905949356913181,37
2015,may,17,081,Jefferson,0.6874754504504502,222
2015,may,17,113,McLean,0.656466433566434,143
2015,may,17,039,De Witt,0.6841523809523808,21
2015,may,17,105,Livingston,0.6234873525694027,413
2015,may,17,003,Alexander,0.465505,10
2015,may,17,093,Kendall,0.625432857215732,77
2015,may,17,031,Cook,0.6405267527675277,3
2015,may,17,037,DeKalb,0.6721200977581999,394
2015,may,17,089,Kane,0.710643472494522,276
2015,may,17,063,Grundy,0.6593072727272725,55
2015,may,17,111,McHenry,0.6890342821356643,320
2015,may,17,197,Will,0.6984549035581209,537
2015,may,17,043,DuPage,0.6440629464285714,3
2015,may,17,097,Lake,0.7258317263694598,62
2015,may,17,091,Kankakee,0.6564530805909161,463
2015,may,17,011,Bureau,0.716154288676263,231
2015,may,17,155,Putnam,0.6821111764705879,85
2015,may,17,099,LaSalle,0.6485906734192449,239
2015,may,17,131,Mercer,0.6417013157894738,38
2015,may,17,161,Rock Island,0.6674777822257806,25
2015,may,17,073,Henry,0.6297408193484699,72
2015,may,17,103,Lee,0.6685975372458384,130
2015,may,17,195,Whiteside,0.6808917777777777,225
2015,may,31,043,Dakota,,0
2015,may,31,051,Dixon,0.6353333333333334,6
2015,may,31,053,Dodge,0.6707913043478261,23
2015,may,31,025,Cass,0.6378259846857268,73
2015,may,31,055,Douglas,0.649327235669595,63
2015,may,31,153,Sarpy,0.5689282608695652,23
2015,may,31,155,Saunders,0.6404558683740816,189
2015,may,31,177,Washington,0.48750386094200576,25
2015,may,31,067,Gage,0.6525949074687707,950
2015,may,31,109,Lancaster,0.6249206799654603,270
2015,may,31,159,Seward,0.6255284704731994,133
2015,may,31,139,Pierce,0.4161,1
2015,may,31,119,Madison,0.37805,1
2015,may,31,167,Stanton,0.6591878378378379,37
2015,may,31,117,McPherson,0.43821904761904745,42
2015,may,31,111,Lincoln,0.5461737157016657,1604
2015,may,31,113,Logan,0.5424540082930202,58
2015,may,31,007,Banner,0.5234618827718999,3291
2015,may,31,157,Scotts Bluff,0.5246517353108964,1041
2015,may,31,165,Sioux,0.5789085682666025,381
2015,may,31,039,Cuming,0.5976192307692307,13
2015,may,31,129,Nuckolls,0.6119035631631419,2002
2015,may,31,101,Keith,0.5976654781237335,3167
2015,may,31,137,Phelps,0.5638359389427516,208
2015,may,31,181,Webster,0.6185686297728924,1508
2015,may,31,015,Boyd,0.6747354743884311,175
2015,may,31,171,Thomas,,0
2015,may,31,089,Holt,0.6394626042126587,151
2015,may,31,017,Brown,0.7346,1
2015,may,31,103,Keya Paha,0.5247494907702104,15
2015,may,31,077,Greeley,0.64065,10
2015,may,31,095,Jefferson,0.6552309769859667,577
2015,may,31,151,Saline,0.6124900741631876,539
2015,may,31,057,Dundy,0.57490321763052,2828
2015,may,31,131,Otoe,0.621655120809752,151
2015,may,31,087,Hitchcock,0.5743134707880397,4870
2015,may,31,105,Kimball,0.4463074133427547,6506
2015,may,31,127,Nemaha,0.6279537974683543,79
2015,may,31,041,Custer,0.5486974627793073,322
2015,may,31,143,Polk,0.5352571761712954,19
2015,may,31,045,Dawes,0.6187319597613508,2661
2015,may,31,179,Wayne,,0
2015,may,31,071,Garfield,0.6885847826086956,23
2015,may,31,013,Box Butte,0.5858575237458745,10131
2015,may,31,173,Thurston,0.6843250000000002,36
2015,may,31,011,Boone,0.5774214285714285,7
2015,may,31,145,Red Willow,0.5705151687208305,4286
2015,may,31,149,Rock,0.6551750000000001,8
2015,may,31,005,Arthur,0.5458985714285713,35
2015,may,31,085,Hayes,0.5270684092286432,2054
2015,may,31,097,Johnson,0.6681695312500002,192
2015,may,31,003,Antelope,0.6982020932617481,66
2015,may,31,163,Sherman,0.6182651785714286,56
2015,may,31,161,Sheridan,0.6265878591137342,4080
2015,may,31,133,Pawnee,0.6718433937779205,349
2015,may,31,075,Grant,,0
2015,may,31,021,Burt,0.6533405507832237,16
2015,may,31,009,Blaine,0.49973124999999996,8
2015,may,31,027,Cedar,0.6386526315789474,19
2015,may,31,169,Thayer,0.6434355502872985,986
2015,may,31,049,Deuel,0.6080033263429486,6399
2015,may,31,123,Morrill,0.5479316408069197,2472
2015,may,31,115,Loup,0.5913583333333334,12
2015,may,31,063,Frontier,0.5810938482941007,3297
2015,may,31,125,Nance,0.6477911764705883,17
2015,may,31,107,Knox,0.6863912790697672,86
2015,may,31,135,Perkins,0.5962689831650821,7985
2015,may,31,037,Colfax,0.6738821428571431,84
2015,may,31,023,Butler,0.6489792207792207,77
2015,may,31,031,Cherry,0.6287942293109546,156
2015,may,31,183,Wheeler,0.544075,4
2015,may,31,061,Franklin,0.5671348371299978,604
2015,may,31,029,Chase,0.5905525510725801,3880
2015,may,31,059,Fillmore,0.691340720255654,288
2015,may,31,185,York,0.5837459417403214,33
2015,may,31,035,Clay,0.6015349582861992,171
2015,may,31,033,Cheyenne,0.5603501241644276,16096
2015,may,31,069,Garden,0.6067580152731219,4042
2015,may,31,083,Harlan,0.5663805950451705,1803
2015,may,31,091,Hooker,,0
2015,may,31,147,Richardson,0.6808984340745382,126
2015,may,31,065,Furnas,0.5994240444202008,4060
2015,may,31,175,Valley,0.6051426470588237,34
2015,may,31,141,Platte,0.5852681818181819,11
2015,may,31,121,Merrick,0.6643425873568218,56
2015,may,31,079,Hall,0.6141949800098829,89
2015,may,31,081,Hamilton,0.6306970619155647,71
2015,may,31,093,Howard,0.5745940480105227,36
2015,may,31,001,Adams,0.5947041847563916,246
2015,may,31,099,Kearney,0.5688432924323649,412
2015,may,31,019,Buffalo,0.64306359066847,237
2015,may,31,073,Gosper,0.5937012878932179,1085
2015,may,31,047,Dawson,0.5912493271031843,202
2015,may,37,037,Chatham,0.748554011065007,18
2015,may,37,115,Madison,,0
2015,may,37,087,Haywood,,0
2015,may,37,021,Buncombe,,0
2015,may,37,089,Henderson,,0
2015,may,37,175,Transylvania,,0
2015,may,37,167,Stanly,0.601775,2
2015,may,37,109,Lincoln,0.6485588235294119,17
2015,may,37,159,Rowan,0.6863333333333334,3
2015,may,37,025,Cabarrus,,0
2015,may,37,097,Iredell,0.7081000000000001,1
2015,may,37,071,Gaston,0.5962384615384615,13
2015,may,37,179,Union,0.6528777777777779,9
2015,may,37,119,Mecklenburg,,0
2015,may,37,045,Cleveland,0.6423041666666666,12
2015,may,37,005,Alleghany,0.5920500000000001,1
2015,may,37,173,Swain,,0
2015,may,37,011,Avery,,0
2015,may,37,033,Caswell,0.7143897256358959,43
2015,may,37,075,Graham,,0
2015,may,37,007,Anson,0.6765333333333334,9
2015,may,37,149,Polk,,0
2015,may,37,039,Cherokee,,0
2015,may,37,113,Macon,,0
2015,may,37,009,Ashe,,0
2015,may,37,123,Montgomery,0.5660450000000001,10
2015,may,37,043,Clay,,0
2015,may,37,121,Mitchell,,0
2015,may,37,199,Yancey,,0
2015,may,37,189,Watauga,,0
2015,may,37,099,Jackson,,0
2015,may,37,161,Rutherford,0.6426384615384616,13
2015,may,37,193,Wilkes,,0
2015,may,37,125,Moore,0.5866136363636364,22
2015,may,37,153,Richmond,0.6235911764705881,17
2015,may,37,093,Hoke,0.5604750000000001,2
2015,may,37,165,Scotland,,0
2015,may,37,155,Robeson,0.5796400195058518,21
2015,may,37,001,Alamance,0.704991680336638,55
2015,may,37,151,Randolph,0.7300666666666668,9
2015,may,37,081,Guilford,0.7100208860759492,79
2015,may,37,157,Rockingham,0.6945156565656565,99
2015,may,37,171,Surry,,0
2015,may,37,057,Davidson,0.6605624999999999,8
2015,may,37,169,Stokes,0.645225,8
2015,may,37,067,Forsyth,0.59935,1
2015,may,37,197,Yadkin,0.6732125000000001,8
2015,may,37,059,Davie,0.6536625,12
2015,may,37,027,Caldwell,0.67195,1
2015,may,37,003,Alexander,0.51617,5
2015,may,37,035,Catawba,0.6404050000000001,10
2015,may,37,023,Burke,0.5887125,4
2015,may,37,111,McDowell,,0
2015,may,37,029,Camden,,0
2015,may,37,139,Pasquotank,0.6341988636363635,44
2015,may,37,143,Perquimans,0.7032586790393013,5
2015,may,37,177,Tyrrell,,0
2015,may,37,055,Dare,0.59855,1
2015,may,37,073,Gates,0.7009,22
2015,may,37,053,Currituck,0.6291211864406779,59
2015,may,37,019,Brunswick,,0
2015,may,37,031,Carteret,,0
2015,may,37,137,Pamlico,,0
2015,may,37,049,Craven,,0
2015,may,37,103,Jones,0.49102500000000004,2
2015,may,37,085,Harnett,0.5979249999999999,6
2015,may,37,063,Durham,0.7308083333333334,12
2015,may,37,145,Person,0.7448685185185184,27
2015,may,37,135,Orange,0.7563433595671424,48
2015,may,37,181,Vance,0.6811580645161289,31
2015,may,37,077,Granville,0.6981648910805245,218
2015,may,37,069,Franklin,0.681587837837838,37
2015,may,37,101,Johnston,0.6236928571428572,28
2015,may,37,183,Wake,0.6838232180514551,28
2015,may,37,105,Lee,0.5482,2
2015,may,37,131,Northampton,0.6351000000000001,16
2015,may,37,083,Halifax,0.6211866071428572,56
2015,may,37,127,Nash,0.6609254341534009,28
2015,may,37,065,Edgecombe,0.591453261065334,176
2015,may,37,195,Wilson,0.5916,4
2015,may,37,163,Sampson,0.6131318604067288,79
2015,may,37,185,Warren,0.6796419999999999,25
2015,may,37,187,Washington,0.5890736842105264,19
2015,may,37,061,Duplin,0.5425384615384616,13
2015,may,37,091,Hertford,0.6960848011663034,115
2015,may,37,017,Bladen,0.688575,2
2015,may,37,095,Hyde,0.6699270270270272,74
2015,may,37,015,Bertie,0.6649036292570183,871
2015,may,37,079,Greene,0.53305,3
2015,may,37,041,Chowan,0.5943315000595971,198
2015,may,37,117,Martin,0.6080338509316772,161
2015,may,37,047,Columbus,0.6145125,4
2015,may,37,191,Wayne,0.6136696934739618,12
2015,may,37,133,Onslow,,0
2015,may,37,107,Lenoir,0.5350149999999999,10
2015,may,37,129,New Hanover,,0
2015,may,37,141,Pender,,0
2015,may,37,051,Cumberland,,0
2015,may,37,147,Pitt,0.5748121408308933,86
2015,may,37,013,Beaufort,0.6295,5
2016,may,17,121,Marion,0.6462214785850687,44
2016,may,17,005,Bond,0.6107167467948715,50
2016,may,17,083,Jersey,0.68059172211571,35
2016,may,17,163,St. Clair,0.6631792344550926,37
2016,may,17,027,Clinton,0.6146017045454547,42
2016,may,17,013,Calhoun,0.7615880952380951,21
2016,may,17,119,Madison,0.6200351277733755,81
2016,may,17,133,Monroe,0.6160301465599134,60
2016,may,17,117,Macoupin,0.6922155776601571,173
2016,may,17,171,Scott,0.676488888888889,9
2016,may,17,137,Morgan,0.6953828358208957,67
2016,may,17,107,Logan,0.6267830172568756,88
2016,may,17,129,Menard,0.6902324126870991,56
2016,may,17,167,Sangamon,0.6936607023607289,68
2016,may,17,021,Christian,0.6824482515299115,64
2016,may,17,127,Massac,0.5932,2
2016,may,17,057,Fulton,0.6865775641025642,78
2016,may,17,175,Stark,0.7083390625000001,32
2016,may,17,203,Woodford,0.6601344484827255,180
2016,may,17,179,Tazewell,0.6232252741697131,152
2016,may,17,123,Marshall,0.6668076923076922,26
2016,may,17,143,Peoria,0.5840924093134178,63
2016,may,17,001,Adams,0.6963710655562676,223
2016,may,17,177,Stephenson,0.6512360212542333,137
2016,may,17,141,Ogle,0.6519910130746098,239
2016,may,17,201,Winnebago,0.6339074290984191,252
2016,may,17,007,Boone,0.6181831441492706,132
2016,may,17,025,Clay,0.5919351891725623,26
2016,may,17,185,Wabash,0.47365,1
2016,may,17,009,Brown,0.7024791666666668,72
2016,may,17,151,Pope,0.6546333333333333,3
2016,may,17,033,Crawford,,0
2016,may,17,135,Montgomery,0.6411444597267729,131
2016,may,17,055,Franklin,0.6333159090909091,22
2016,may,17,023,Clark,0.6718875,24
2016,may,17,059,Gallatin,0.6458725000000001,20
2016,may,17,075,Iroquois,0.6310436750890835,392
2016,may,17,041,Douglas,0.6470522727272726,66
2016,may,17,189,Washington,0.597384090909091,88
2016,may,17,159,Richland,0.46535836820083687,4
2016,may,17,065,Hamilton,0.6646673913043479,23
2016,may,17,193,White,0.6992833333333333,27
2016,may,17,169,Schuyler,0.7127096153846153,52
2016,may,17,181,Union,0.8181,1
2016,may,17,085,Jo Daviess,0.7274905701947652,45
2016,may,17,125,Mason,0.6092427822120868,86
2016,may,17,191,Wayne,0.6802,54
2016,may,17,069,Hardin,,0
2016,may,17,061,Greene,0.6834688679245281,53
2016,may,17,157,Randolph,0.6395840384070293,57
2016,may,17,149,Pike,0.6881733594459585,104
2016,may,17,145,Perry,0.6074791367190587,51
2016,may,17,087,Johnson,0.8097416666666667,6
2016,may,17,173,Shelby,0.6357845864661655,133
2016,may,17,051,Fayette,0.6316230974005638,79
2016,may,17,139,Moultrie,0.653412962962963,27
2016,may,17,017,Cass,0.6856736842105264,76
2016,may,17,015,Carroll,0.6394701444587231,89
2016,may,17,047,Edwards,0.6823227272727274,11
2016,may,17,079,Jasper,0.6486019976324358,15
2016,may,17,187,Warren,0.6301650721178789,38
2016,may,17,153,Pulaski,0.57615,1
2016,may,17,165,Saline,0.7018642857142857,7
2016,may,17,101,Lawrence,0.6460166666666667,3
2016,may,17,045,Edgar,0.7131553432467832,54
2016,may,17,071,Henderson,0.6223371156767704,56
2016,may,17,199,Williamson,0.7292472222222224,18
2016,may,17,077,Jackson,0.5708000000000001,6
2016,may,17,147,Piatt,0.6631616071428572,56
2016,may,17,053,Ford,0.6576003729439703,227
2016,may,17,019,Champaign,0.6266802476919612,88
2016,may,17,029,Coles,0.6816212949101798,74
2016,may,17,035,Cumberland,0.6074416666666667,30
2016,may,17,183,Vermilion,0.6420445336109915,157
2016,may,17,115,Macon,0.6550863736465407,43
2016,may,17,049,Effingham,0.5809245543566098,83
2016,may,17,067,Hancock,0.7220053398058252,103
2016,may,17,095,Knox,0.7015084137515079,33
2016,may,17,109,McDonough,0.7050863636363637,22
2016,may,17,081,Jefferson,0.6689507003741727,41
2016,may,17,113,McLean,0.6488342411649007,127
2016,may,17,039,De Witt,0.6490166666666667,24
2016,may,17,105,Livingston,0.6412413312951851,519
2016,may,17,003,Alexander,,0
2016,may,17,093,Kendall,0.6593036740224544,102
2016,may,17,031,Cook,0.6616285714285715,14
2016,may,17,037,DeKalb,0.6278443571544353,339
2016,may,17,089,Kane,0.6253879149444586,124
2016,may,17,063,Grundy,0.6822919354838712,62
2016,may,17,111,McHenry,0.6561134653732554,262
2016,may,17,197,Will,0.702641305232214,598
2016,may,17,043,DuPage,0.5453125000000001,4
2016,may,17,097,Lake,0.7415044742111442,116
2016,may,17,091,Kankakee,0.6286513913586776,329
2016,may,17,011,Bureau,0.6923930194199823,138
2016,may,17,155,Putnam,0.7041140716231997,51
2016,may,17,099,LaSalle,0.6314582304692209,198
2016,may,17,131,Mercer,0.7550611111111112,9
2016,may,17,161,Rock Island,0.6229800000000001,5
2016,may,17,073,Henry,0.6174000000000001,53
2016,may,17,103,Lee,0.6686773786804798,93
2016,may,17,195,Whiteside,0.673535304866579,147
2016,may,31,043,Dakota,,0
2016,may,31,051,Dixon,0.6869400000000001,5
2016,may,31,053,Dodge,0.657625,20
2016,may,31,025,Cass,0.6205394383246583,35
2016,may,31,055,Douglas,0.5915350000000001,20
2016,may,31,153,Sarpy,0.46304000000000006,5
2016,may,31,155,Saunders,0.655035021417098,90
2016,may,31,177,Washington,0.543475,2
2016,may,31,067,Gage,0.6505032746799445,490
2016,may,31,109,Lancaster,0.619371592922364,174
2016,may,31,159,Seward,0.6608514150943394,106
2016,may,31,139,Pierce,0.6941279411764707,34
2016,may,31,119,Madison,0.6925033333333331,30
2016,may,31,167,Stanton,0.6867722222222222,9
2016,may,31,117,McPherson,0.63496,5
2016,may,31,111,Lincoln,0.613252302180424,1430
2016,may,31,113,Logan,0.5999608194808981,71
2016,may,31,007,Banner,0.5290680236466745,3518
2016,may,31,157,Scotts Bluff,0.6165513472205162,1008
2016,may,31,165,Sioux,0.650221622226157,424
2016,may,31,039,Cuming,0.623,1
2016,may,31,129,Nuckolls,0.6286753706692825,1541
2016,may,31,101,Keith,0.6551800708856186,3451
2016,may,31,137,Phelps,0.6043411770140429,128
2016,may,31,181,Webster,0.6429165940207349,1686
2016,may,31,015,Boyd,0.785544761904762,105
2016,may,31,171,Thomas,,0
2016,may,31,089,Holt,0.7214553023164084,180
2016,may,31,017,Brown,0.6127,2
2016,may,31,103,Keya Paha,0.7610852572145546,4
2016,may,31,077,Greeley,0.6478288227409807,36
2016,may,31,095,Jefferson,0.664990417693594,461
2016,may,31,151,Saline,0.6048807277814892,312
2016,may,31,057,Dundy,0.6915789390205799,2856
2016,may,31,131,Otoe,0.6106527866188124,120
2016,may,31,087,Hitchcock,0.7025901289712253,4811
2016,may,31,105,Kimball,0.4336412597200953,7444
2016,may,31,127,Nemaha,0.6440420289855074,69
2016,may,31,041,Custer,0.6735468977475784,446
2016,may,31,143,Polk,0.6182222222222221,9
2016,may,31,045,Dawes,0.6185015662308586,2893
2016,may,31,179,Wayne,0.5794333333333334,3
2016,may,31,071,Garfield,0.6821136363636364,11
2016,may,31,013,Box Butte,0.6083807761524872,9451
2016,may,31,173,Thurston,0.7074872093023254,43
2016,may,31,011,Boone,0.710131074521123,30
2016,may,31,145,Red Willow,0.7248127931347067,4525
2016,may,31,149,Rock,,0
2016,may,31,005,Arthur,0.7422285714285716,7
2016,may,31,085,Hayes,0.6642492402190026,2111
2016,may,31,097,Johnson,0.636856675025306,173
2016,may,31,003,Antelope,0.7277365041433139,115
2016,may,31,163,Sherman,0.6831384753231492,68
2016,may,31,161,Sheridan,0.6153555703480482,3962
2016,may,31,133,Pawnee,0.6891295829051353,225
2016,may,31,075,Grant,,0
2016,may,31,021,Burt,0.61073,5
2016,may,31,009,Blaine,,0
2016,may,31,027,Cedar,0.6812750000000001,14
2016,may,31,169,Thayer,0.6328347349673842,817
2016,may,31,049,Deuel,0.6383611797079473,7264
2016,may,31,123,Morrill,0.6056797593250643,2460
2016,may,31,115,Loup,0.69825,5
2016,may,31,063,Frontier,0.6906431457146798,3275
2016,may,31,125,Nance,0.6926843714220291,35
2016,may,31,107,Knox,0.70292868852459,61
2016,may,31,135,Perkins,0.6307679253676833,8249
2016,may,31,037,Colfax,0.6697661290322583,31
2016,may,31,023,Butler,0.6342839112398247,51
2016,may,31,031,Cherry,0.678488558126411,126
2016,may,31,183,Wheeler,0.6341915351436135,43
2016,may,31,061,Franklin,0.6529256739415962,795
2016,may,31,029,Chase,0.6846819272822596,3642
2016,may,31,059,Fillmore,0.6403523809523811,126
2016,may,31,185,York,0.5743923076923079,26
2016,may,31,035,Clay,0.5919146139886206,165
2016,may,31,033,Cheyenne,0.588024838176799,16278
2016,may,31,069,Garden,0.6345494470139899,4070
2016,may,31,083,Harlan,0.655921756076567,1844
2016,may,31,091,Hooker,,0
2016,may,31,147,Richardson,0.6481031272078236,107
2016,may,31,065,Furnas,0.7139504396226358,3986
2016,may,31,175,Valley,0.6961384615384614,91
2016,may,31,141,Platte,0.56400625,16
2016,may,31,121,Merrick,0.5738189248509464,62
2016,may,31,079,Hall,0.685108062842745,81
2016,may,31,081,Hamilton,0.6430891683974641,144
2016,may,31,093,Howard,0.6836334136438675,88
2016,may,31,001,Adams,0.5746040599467208,270
2016,may,31,099,Kearney,0.5962043457381884,439
2016,may,31,019,Buffalo,0.7130158415407037,228
2016,may,31,073,Gosper,0.6778570486634684,727
2016,may,31,047,Dawson,0.6755840610196443,244
2016,may,37,037,Chatham,0.7343729386892178,11
2016,may,37,115,Madison,,0
2016,may,37,087,Haywood,,0
2016,may,37,021,Buncombe,,0
2016,may,37,089,Henderson,,0
2016,may,37,175,Transylvania,,0
2016,may,37,167,Stanly,0.6548160714285717,28
2016,may,37,109,Lincoln,0.723525,4
2016,may,37,159,Rowan,0.6399,8
2016,may,37,025,Cabarrus,0.7029500000000002,8
2016,may,37,097,Iredell,0.6300900563229181,147
2016,may,37,071,Gaston,0.7034285714285715,7
2016,may,37,179,Union,0.6969625,4
2016,may,37,119,Mecklenburg,0.6358166666666667,6
2016,may,37,045,Cleveland,0.6987822580645161,31
2016,may,37,005,Alleghany,,0
2016,may,37,173,Swain,,0
2016,may,37,011,Avery,,0
2016,may,37,033,Caswell,0.6956716216216213,37
2016,may,37,075,Graham,,0
2016,may,37,007,Anson,0.6864318181818182,11
2016,may,37,149,Polk,0.54535,1
2016,may,37,039,Cherokee,,0
2016,may,37,113,Macon,,0
2016,may,37,009,Ashe,,0
2016,may,37,123,Montgomery,0.6061875,8
2016,may,37,043,Clay,,0
2016,may,37,121,Mitchell,,0
2016,may,37,199,Yancey,,0
2016,may,37,189,Watauga,,0
2016,may,37,099,Jackson,,0
2016,may,37,161,Rutherford,0.6580812500000002,16
2016,may,37,193,Wilkes,,0
2016,may,37,125,Moore,0.6203091593475534,7
2016,may,37,153,Richmond,0.5294055555555556,9
2016,may,37,093,Hoke,0.58609,5
2016,may,37,165,Scotland,0.6416938596491231,57
2016,may,37,155,Robeson,0.641175,158
2016,may,37,001,Alamance,0.7117204545454547,44
2016,may,37,151,Randolph,0.7303704595669465,18
2016,may,37,081,Guilford,0.6882652928545867,33
2016,may,37,157,Rockingham,0.6749590041308475,36
2016,may,37,171,Surry,0.5595,2
2016,may,37,057,Davidson,0.7605333333333335,6
2016,may,37,169,Stokes,0.7051800000000001,5
2016,may,37,067,Forsyth,0.642,2
2016,may,37,197,Yadkin,0.6811666666666666,3
2016,may,37,059,Davie,,0
2016,may,37,027,Caldwell,,0
2016,may,37,003,Alexander,0.7702685022026432,2
2016,may,37,035,Catawba,0.6853000000000001,3
2016,may,37,023,Burke,,0
2016,may,37,111,McDowell,,0
2016,may,37,029,Camden,0.534,1
2016,may,37,139,Pasquotank,0.6118905660377358,53
2016,may,37,143,Perquimans,0.6527419112549112,17
2016,may,37,177,Tyrrell,0.4527666666666667,3
2016,may,37,055,Dare,0.5378768292682926,41
2016,may,37,073,Gates,0.5347500000000001,4
2016,may,37,053,Currituck,0.7406,1
2016,may,37,019,Brunswick,0.6970500000000001,1
2016,may,37,031,Carteret,0.7736750000000001,2
2016,may,37,137,Pamlico,,0
2016,may,37,049,Craven,,0
2016,may,37,103,Jones,0.7595500000000001,1
2016,may,37,085,Harnett,0.6624921824104235,5
2016,may,37,063,Durham,0.7144058080808081,26
2016,may,37,145,Person,0.7352501020324873,49
2016,may,37,135,Orange,0.7634100113550342,22
2016,may,37,181,Vance,0.7422232338403041,107
2016,may,37,077,Granville,0.743985169906704,277
2016,may,37,069,Franklin,0.7160896252927401,42
2016,may,37,101,Johnston,0.6150928571428571,7
2016,may,37,183,Wake,0.7294312500000001,8
2016,may,37,105,Lee,0.7011138101109742,4
2016,may,37,131,Northampton,0.6602933468913422,7
2016,may,37,083,Halifax,0.6294607702642186,44
2016,may,37,127,Nash,0.5842642770457701,114
2016,may,37,065,Edgecombe,0.6106790535735965,228
2016,may,37,195,Wilson,0.6136863636363636,11
2016,may,37,163,Sampson,0.6364741379310345,29
2016,may,37,185,Warren,0.7229951684224216,31
2016,may,37,187,Washington,0.6065107142857143,14
2016,may,37,061,Duplin,0.6458160058737151,25
2016,may,37,091,Hertford,0.7010768304383789,120
2016,may,37,017,Bladen,,0
2016,may,37,095,Hyde,,0
2016,may,37,015,Bertie,0.647698358606899,683
2016,may,37,079,Greene,0.7401500000000001,1
2016,may,37,041,Chowan,0.6415206295912388,175
2016,may,37,117,Martin,0.6341450000000002,140
2016,may,37,047,Columbus,,0
2016,may,37,191,Wayne,0.671425352112676,7
2016,may,37,133,Onslow,,0
2016,may,37,107,Lenoir,,0
2016,may,37,129,New Hanover,,0
2016,may,37,141,Pender,0.5446,1
2016,may,37,051,Cumberland,0.7535625,4
2016,may,37,147,Pitt,0.6289299999999999,30
2016,may,37,013,Beaufort,,0
2017,may,17,121,Marion,0.6100368659578176,24
2017,may,17,005,Bond,0.5726763157894738,19
2017,may,17,083,Jersey,0.5965334063526836,18
2017,may,17,163,St. Clair,0.52561,15
2017,may,17,027,Clinton,0.5505104651162792,43
2017,may,17,013,Calhoun,0.7393133333333335,15
2017,may,17,119,Madison,0.5880105660377357,37
2017,may,17,133,Monroe,0.5311521739130434,23
2017,may,17,117,Macoupin,0.60951874813533,67
2017,may,17,171,Scott,0.6597833333333334,3
2017,may,17,137,Morgan,0.6484117647058822,34
2017,may,17,107,Logan,0.5791332100511258,37
2017,may,17,129,Menard,0.6575986666666667,75
2017,may,17,167,Sangamon,0.6941585804374079,89
2017,may,17,021,Christian,0.5682792053903346,27
2017,may,17,127,Massac,,0
2017,may,17,057,Fulton,0.6455566666666667,30
2017,may,17,175,Stark,0.7406070196171116,18
2017,may,17,203,Woodford,0.6408254674778562,133
2017,may,17,179,Tazewell,0.6120507201152185,99
2017,may,17,123,Marshall,0.7366325488454707,28
2017,may,17,143,Peoria,0.682557142857143,56
2017,may,17,001,Adams,0.681575632911392,158
2017,may,17,177,Stephenson,0.6701843356543302,168
2017,may,17,141,Ogle,0.6384558486526107,207
2017,may,17,201,Winnebago,0.6447054433307633,128
2017,may,17,007,Boone,0.6531665312693868,135
2017,may,17,025,Clay,0.5791357142857143,7
2017,may,17,185,Wabash,0.5345500000000001,2
2017,may,17,009,Brown,0.6528674792883334,58
2017,may,17,151,Pope,,0
2017,may,17,033,Crawford,0.6717,5
2017,may,17,135,Montgomery,0.5905954545454546,55
2017,may,17,055,Franklin,0.67439,5
2017,may,17,023,Clark,0.653462962962963,27
2017,may,17,059,Gallatin,,0
2017,may,17,075,Iroquois,0.6261941006656288,322
2017,may,17,041,Douglas,0.605845945945946,37
2017,may,17,189,Washington,0.5921408450704224,71
2017,may,17,159,Richland,0.5585442116759333,20
2017,may,17,065,Hamilton,0.6440833333333332,6
2017,may,17,193,White,0.62452,15
2017,may,17,169,Schuyler,0.689225,46
2017,may,17,181,Union,0.720075,4
2017,may,17,085,Jo Daviess,0.6902020561830294,41
2017,may,17,125,Mason,0.5909464124218646,59
2017,may,17,191,Wayne,0.6445184210526315,38
2017,may,17,069,Hardin,,0
2017,may,17,061,Greene,0.5961974137931034,58
2017,may,17,157,Randolph,0.6356293103448277,29
2017,may,17,149,Pike,0.6464192523471491,36
2017,may,17,145,Perry,0.5752459677419356,62
2017,may,17,087,Johnson,,0
2017,may,17,173,Shelby,0.5857040370289218,109
2017,may,17,051,Fayette,0.6169010345491291,41
2017,may,17,139,Moultrie,0.610395664991301,41
2017,may,17,017,Cass,0.6484243421052632,76
2017,may,17,015,Carroll,0.6266210486235386,105
2017,may,17,047,Edwards,0.5872216666666668,30
2017,may,17,079,Jasper,0.5611380274847307,30
2017,may,17,187,Warren,0.6183722222222223,9
2017,may,17,153,Pulaski,0.6362000000000001,2
2017,may,17,165,Saline,0.6993750000000001,2
2017,may,17,101,Lawrence,0.6456250000000001,8
2017,may,17,045,Edgar,0.6641241130920227,26
2017,may,17,071,Henderson,0.7263702935222672,20
2017,may,17,199,Williamson,0.7954357142857144,7
2017,may,17,077,Jackson,0.6023636363636364,11
2017,may,17,147,Piatt,0.6931716168986448,66
2017,may,17,053,Ford,0.6285125730856282,87
2017,may,17,019,Champaign,0.6263281443923114,104
2017,may,17,029,Coles,0.6223819736287556,68
2017,may,17,035,Cumberland,0.5494666666666669,30
2017,may,17,183,Vermilion,0.6382753169326836,150
2017,may,17,115,Macon,0.6570015428091349,52
2017,may,17,049,Effingham,0.5468771276595745,23
2017,may,17,067,Hancock,0.7113086533187056,87
2017,may,17,095,Knox,0.6631193548387097,31
2017,may,17,109,McDonough,0.6584132178497459,22
2017,may,17,081,Jefferson,0.645835930316961,49
2017,may,17,113,McLean,0.6049395604395604,91
2017,may,17,039,De Witt,0.6508140625,32
2017,may,17,105,Livingston,0.6125004389670291,344
2017,may,17,003,Alexander,,0
2017,may,17,093,Kendall,0.6720231707317074,41
2017,may,17,031,Cook,0.64175,4
2017,may,17,037,DeKalb,0.6418233514803038,259
2017,may,17,089,Kane,0.6555087378640779,103
2017,may,17,063,Grundy,0.719356603773585,53
2017,may,17,111,McHenry,0.6867065810031782,221
2017,may,17,197,Will,0.6446358923848607,216
2017,may,17,043,DuPage,0.5392,1
2017,may,17,097,Lake,0.7253493543179982,81
2017,may,17,091,Kankakee,0.6412205818841412,140
2017,may,17,011,Bureau,0.7020676076759065,94
2017,may,17,155,Putnam,0.7556464145558334,56
2017,may,17,099,LaSalle,0.6433187615831831,156
2017,may,17,131,Mercer,0.76415,1
2017,may,17,161,Rock Island,0.5638416666666667,6
2017,may,17,073,Henry,0.6902846153846155,26
2017,may,17,103,Lee,0.6403787955117931,70
2017,may,17,195,Whiteside,0.6530329670329669,91
2017,may,31,043,Dakota,0.60747,5
2017,may,31,051,Dixon,0.7520650000000002,10
2017,may,31,053,Dodge,0.5219080357142857,4
2017,may,31,025,Cass,0.6211685013159933,27
2017,may,31,055,Douglas,0.6176633333333335,15
2017,may,31,153,Sarpy,0.51865,1
2017,may,31,155,Saunders,0.6567126213592229,103
2017,may,31,177,Washington,0.44325,4
2017,may,31,067,Gage,0.6535794345241208,377
2017,may,31,109,Lancaster,0.6596955656352262,95
2017,may,31,159,Seward,0.6061536585365853,41
2017,may,31,139,Pierce,0.73429625,40
2017,may,31,119,Madison,0.6854055555555555,9
2017,may,31,167,Stanton,0.7636153846153847,13
2017,may,31,117,McPherson,0.5653394736842107,19
2017,may,31,111,Lincoln,0.6066118689339818,891
2017,may,31,113,Logan,0.5576500000000001,35
2017,may,31,007,Banner,0.5025396021479485,2779
2017,may,31,157,Scotts Bluff,0.5430456932081699,397
2017,may,31,165,Sioux,0.6224471398855955,251
2017,may,31,039,Cuming,0.53659,5
2017,may,31,129,Nuckolls,0.6355621745822505,1078
2017,may,31,101,Keith,0.6425463796921043,2755
2017,may,31,137,Phelps,0.5982150840593223,140
2017,may,31,181,Webster,0.6542170497665369,1589
2017,may,31,015,Boyd,0.7754756843089388,77
2017,may,31,171,Thomas,,0
2017,may,31,089,Holt,0.7485336601307192,153
2017,may,31,017,Brown,0.7873857142857144,7
2017,may,31,103,Keya Paha,0.49775,1
2017,may,31,077,Greeley,0.7527691435768262,19
2017,may,31,095,Jefferson,0.7068254896175472,360
2017,may,31,151,Saline,0.620232369179618,258
2017,may,31,057,Dundy,0.6606167042402609,2588
2017,may,31,131,Otoe,0.6232912162162163,74
2017,may,31,087,Hitchcock,0.6955391350002462,4413
2017,may,31,105,Kimball,0.43682742662523094,5852
2017,may,31,127,Nemaha,0.6273369013298614,43
2017,may,31,041,Custer,0.6512412481972794,303
2017,may,31,143,Polk,0.5528833333333334,6
2017,may,31,045,Dawes,0.6193897783615957,2055
2017,may,31,179,Wayne,0.7602,1
2017,may,31,071,Garfield,0.709925,4
2017,may,31,013,Box Butte,0.5877729809698828,7598
2017,may,31,173,Thurston,0.7496619047619048,42
2017,may,31,011,Boone,0.6850722222222223,9
2017,may,31,145,Red Willow,0.6922811022031051,4067
2017,may,31,149,Rock,0.2984363636363636,11
2017,may,31,005,Arthur,0.6395833333333333,12
2017,may,31,085,Hayes,0.6498495951184774,1658
2017,may,31,097,Johnson,0.6709500531619823,85
2017,may,31,003,Antelope,0.6125414893617023,47
2017,may,31,163,Sherman,0.7392166666666666,3
2017,may,31,161,Sheridan,0.6165844201115745,2510
2017,may,31,133,Pawnee,0.6747624277456644,173
2017,may,31,075,Grant,,0
2017,may,31,021,Burt,0.5191680000000001,25
2017,may,31,009,Blaine,0.25305,1
2017,may,31,027,Cedar,0.67435,2
2017,may,31,169,Thayer,0.6268255688540267,489
2017,may,31,049,Deuel,0.5859982346720829,5855
2017,may,31,123,Morrill,0.5862270629901798,1735
2017,may,31,115,Loup,0.5366,17
2017,may,31,063,Frontier,0.6785482399680954,2213
2017,may,31,125,Nance,0.7416499999999999,6
2017,may,31,107,Knox,0.6881804878048781,41
2017,may,31,135,Perkins,0.6127788107329855,7006
2017,may,31,037,Colfax,0.6550961344113189,39
2017,may,31,023,Butler,0.6319367647058822,34
2017,may,31,031,Cherry,0.7491458219885456,127
2017,may,31,183,Wheeler,0.6987107142857143,28
2017,may,31,061,Franklin,0.6111285320077303,604
2017,may,31,029,Chase,0.6541815293841551,2864
2017,may,31,059,Fillmore,0.6494901315789473,76
2017,may,31,185,York,0.5794888888888888,9
2017,may,31,035,Clay,0.6106277872316288,143
2017,may,31,033,Cheyenne,0.5510545971050087,13637
2017,may,31,069,Garden,0.5862430549847861,3275
2017,may,31,083,Harlan,0.6411793644366245,1506
2017,may,31,091,Hooker,,0
2017,may,31,147,Richardson,0.6587365384615386,26
2017,may,31,065,Furnas,0.6778625874900951,2767
2017,may,31,175,Valley,0.6762855812220566,27
2017,may,31,141,Platte,0.5805772727272728,11
2017,may,31,121,Merrick,0.5749,4
2017,may,31,079,Hall,0.5920468131868131,72
2017,may,31,081,Hamilton,0.6059770289206339,101
2017,may,31,093,Howard,0.6291305555555556,18
2017,may,31,001,Adams,0.5958066575598996,314
2017,may,31,099,Kearney,0.5395377448416158,617
2017,may,31,019,Buffalo,0.6180894218596146,141
2017,may,31,073,Gosper,0.5931347607015676,555
2017,may,31,047,Dawson,0.5957027149687979,152
2017,may,37,037,Chatham,0.7848,4
2017,may,37,115,Madison,,0
2017,may,37,087,Haywood,,0
2017,may,37,021,Buncombe,,0
2017,may,37,089,Henderson,,0
2017,may,37,175,Transylvania,,0
2017,may,37,167,Stanly,0.7642571428571429,7
2017,may,37,109,Lincoln,0.7224434114607364,43
2017,may,37,159,Rowan,0.7578869565217391,23
2017,may,37,025,Cabarrus,0.7381333333333334,3
2017,may,37,097,Iredell,0.7252884615384614,26
2017,may,37,071,Gaston,0.73089,5
2017,may,37,179,Union,0.6117083333333334,6
2017,may,37,119,Mecklenburg,,0
2017,may,37,045,Cleveland,0.6913600000000002,45
2017,may,37,005,Alleghany,,0
2017,may,37,173,Swain,,0
2017,may,37,011,Avery,,0
2017,may,37,033,Caswell,0.7266804067747542,111
2017,may,37,075,Graham,,0
2017,may,37,007,Anson,0.6406660000000001,25
2017,may,37,149,Polk,,0
2017,may,37,039,Cherokee,0.7111712106299215,32
2017,may,37,113,Macon,,0
2017,may,37,009,Ashe,,0
2017,may,37,123,Montgomery,0.8220833333333335,3
2017,may,37,043,Clay,0.7246,1
2017,may,37,121,Mitchell,,0
2017,may,37,199,Yancey,,0
2017,may,37,189,Watauga,,0
2017,may,37,099,Jackson,,0
2017,may,37,161,Rutherford,0.7375214285714286,7
2017,may,37,193,Wilkes,0.6477,1
2017,may,37,125,Moore,0.6431458333333334,24
2017,may,37,153,Richmond,0.7184557142857143,35
2017,may,37,093,Hoke,0.6539,2
2017,may,37,165,Scotland,0.48169838709677415,31
2017,may,37,155,Robeson,0.5938428571428572,7
2017,may,37,001,Alamance,0.7515340322668261,73
2017,may,37,151,Randolph,0.7471599462365591,9
2017,may,37,081,Guilford,0.7312070735524256,51
2017,may,37,157,Rockingham,0.7099615084852292,157
2017,may,37,171,Surry,,0
2017,may,37,057,Davidson,0.7957000000000001,2
2017,may,37,169,Stokes,0.680443978955573,21
2017,may,37,067,Forsyth,,0
2017,may,37,197,Yadkin,0.7322894255874675,4
2017,may,37,059,Davie,0.7139611111111113,27
2017,may,37,027,Caldwell,0.7613000000000001,1
2017,may,37,003,Alexander,0.7519833333333334,3
2017,may,37,035,Catawba,0.703665242901441,65
2017,may,37,023,Burke,,0
2017,may,37,111,McDowell,0.79205,1
2017,may,37,029,Camden,0.6753,1
2017,may,37,139,Pasquotank,0.5920754901960784,51
2017,may,37,143,Perquimans,0.5911552752293578,6
2017,may,37,177,Tyrrell,0.7737,1
2017,may,37,055,Dare,,0
2017,may,37,073,Gates,0.6690750000000001,2
2017,may,37,053,Currituck,0.5767166666666667,3
2017,may,37,019,Brunswick,,0
2017,may,37,031,Carteret,0.690607142857143,7
2017,may,37,137,Pamlico,,0
2017,may,37,049,Craven,0.640275,4
2017,may,37,103,Jones,0.5761178571428571,28
2017,may,37,085,Harnett,0.5651776785714285,56
2017,may,37,063,Durham,0.6950775862068966,29
2017,may,37,145,Person,0.6883454870851543,258
2017,may,37,135,Orange,0.7196969133858269,51
2017,may,37,181,Vance,0.6840828947368423,38
2017,may,37,077,Granville,0.7278139199700009,325
2017,may,37,069,Franklin,0.7017923728813557,59
2017,may,37,101,Johnston,0.5965934782608696,23
2017,may,37,183,Wake,0.6878075000000001,20
2017,may,37,105,Lee,,0
2017,may,37,131,Northampton,0.6890333333333333,3
2017,may,37,083,Halifax,0.633875,2
2017,may,37,127,Nash,0.6568078125,32
2017,may,37,065,Edgecombe,0.6100353773584907,106
2017,may,37,195,Wilson,0.5762220000000001,25
2017,may,37,163,Sampson,0.6229174278038953,6
2017,may,37,185,Warren,0.7391305555555557,18
2017,may,37,187,Washington,0.5443761194029849,67
2017,may,37,061,Duplin,0.5273583333333335,12
2017,may,37,091,Hertford,0.6734268399154221,59
2017,may,37,017,Bladen,0.6664000000000001,2
2017,may,37,095,Hyde,,0
2017,may,37,015,Bertie,0.6719020648085557,454
2017,may,37,079,Greene,,0
2017,may,37,041,Chowan,0.6253436565640064,145
2017,may,37,117,Martin,0.5995144886363637,176
2017,may,37,047,Columbus,0.5436500000000001,2
2017,may,37,191,Wayne,0.6252914618369987,16
2017,may,37,133,Onslow,0.66055,2
2017,may,37,107,Lenoir,0.534825,2
2017,may,37,129,New Hanover,,0
2017,may,37,141,Pender,0.6113977272727272,22
2017,may,37,051,Cumberland,0.5639041666666667,12
2017,may,37,147,Pitt,0.570021212121212,66
2017,may,37,013,Beaufort,,0
2018,may,17,121,Marion,0.6868777777777778,9
2018,may,17,005,Bond,0.540802047146402,4
2018,may,17,083,Jersey,0.7171903225806452,31
2018,may,17,163,St. Clair,0.6798324932666412,12
2018,may,17,027,Clinton,0.6362846153846154,13
2018,may,17,013,Calhoun,0.7037916666666666,6
2018,may,17,119,Madison,0.561488,25
2018,may,17,133,Monroe,0.6991695538384844,18
2018,may,17,117,Macoupin,0.7308307692307694,65
2018,may,17,171,Scott,0.6521187500000001,8
2018,may,17,137,Morgan,0.6843508771929825,57
2018,may,17,107,Logan,0.6570385714285712,70
2018,may,17,129,Menard,0.673822839506173,81
2018,may,17,167,Sangamon,0.6689826788860279,116
2018,may,17,021,Christian,0.7172233729092643,46
2018,may,17,127,Massac,,0
2018,may,17,057,Fulton,0.6446028594582078,34
2018,may,17,175,Stark,0.7194688894397621,11
2018,may,17,203,Woodford,0.7007951428408831,207
2018,may,17,179,Tazewell,0.6748113815318544,187
2018,may,17,123,Marshall,0.7024311320754718,53
2018,may,17,143,Peoria,0.6882352564102566,78
2018,may,17,001,Adams,0.6756268292682931,164
2018,may,17,177,Stephenson,0.6779882460495109,181
2018,may,17,141,Ogle,0.6667515243902441,164
2018,may,17,201,Winnebago,0.6616598930420822,175
2018,may,17,007,Boone,0.6833026687956202,112
2018,may,17,025,Clay,0.5575687500000001,8
2018,may,17,185,Wabash,,0
2018,may,17,009,Brown,0.6511992857142861,70
2018,may,17,151,Pope,,0
2018,may,17,033,Crawford,,0
2018,may,17,135,Montgomery,0.6827479736983362,44
2018,may,17,055,Franklin,0.608325,2
2018,may,17,023,Clark,0.6876441176470589,17
2018,may,17,059,Gallatin,,0
2018,may,17,075,Iroquois,0.6561695290676062,329
2018,may,17,041,Douglas,0.7604142857142857,35
2018,may,17,189,Washington,0.6802807692307694,13
2018,may,17,159,Richland,,0
2018,may,17,065,Hamilton,0.5704916666666667,6
2018,may,17,193,White,0.5583250000000001,2
2018,may,17,169,Schuyler,0.7017588888888889,45
2018,may,17,181,Union,0.8089000000000001,1
2018,may,17,085,Jo Daviess,0.6808024666995562,40
2018,may,17,125,Mason,0.6371228187919463,149
2018,may,17,191,Wayne,,0
2018,may,17,069,Hardin,,0
2018,may,17,061,Greene,0.6857535714285715,42
2018,may,17,157,Randolph,0.675623980636753,22
2018,may,17,149,Pike,0.6929373015873016,63
2018,may,17,145,Perry,0.677760447761194,67
2018,may,17,087,Johnson,0.7867000000000001,1
2018,may,17,173,Shelby,0.6462500560199946,92
2018,may,17,051,Fayette,0.7191055555555557,9
2018,may,17,139,Moultrie,0.6715973684210528,38
2018,may,17,017,Cass,0.7154944444444444,63
2018,may,17,015,Carroll,0.631955055660668,90
2018,may,17,047,Edwards,,0
2018,may,17,079,Jasper,0.5381785714285715,7
2018,may,17,187,Warren,0.6431131578947369,19
2018,may,17,153,Pulaski,,0
2018,may,17,165,Saline,,0
2018,may,17,101,Lawrence,0.7427,1
2018,may,17,045,Edgar,0.7106000000000001,4
2018,may,17,071,Henderson,0.7176416666666667,6
2018,may,17,199,Williamson,,0
2018,may,17,077,Jackson,0.5843875000000001,4
2018,may,17,147,Piatt,0.71027510373444,29
2018,may,17,053,Ford,0.6370742195551715,121
2018,may,17,019,Champaign,0.6782116176155696,166
2018,may,17,029,Coles,0.6621404363356213,56
2018,may,17,035,Cumberland,0.5853743959469992,26
2018,may,17,183,Vermilion,0.6567965084292842,103
2018,may,17,115,Macon,0.6850721526195899,52
2018,may,17,049,Effingham,0.6238993550834596,26
2018,may,17,067,Hancock,0.6505007527733755,90
2018,may,17,095,Knox,0.6239228299739923,25
2018,may,17,109,McDonough,0.6863829613653413,22
2018,may,17,081,Jefferson,0.6166214285714285,14
2018,may,17,113,McLean,0.6696781914893617,94
2018,may,17,039,De Witt,0.6783613636363636,22
2018,may,17,105,Livingston,0.6456402586223665,407
2018,may,17,003,Alexander,0.28824062500000003,16
2018,may,17,093,Kendall,0.6937561403508772,57
2018,may,17,031,Cook,0.600123076923077,13
2018,may,17,037,DeKalb,0.682313857142857,350
2018,may,17,089,Kane,0.6696487539093045,123
2018,may,17,063,Grundy,0.696916265060241,83
2018,may,17,111,McHenry,0.6997753970693713,230
2018,may,17,197,Will,0.67544730878187,353
2018,may,17,043,DuPage,0.4481142857142858,7
2018,may,17,097,Lake,0.7285153720462544,80
2018,may,17,091,Kankakee,0.6792178584863079,314
2018,may,17,011,Bureau,0.705410535444705,125
2018,may,17,155,Putnam,0.7082230769230767,52
2018,may,17,099,LaSalle,0.6691004525428602,165
2018,may,17,131,Mercer,0.7141303571428571,28
2018,may,17,161,Rock Island,0.6194772727272729,33
2018,may,17,073,Henry,0.6178529902609682,84
2018,may,17,103,Lee,0.6890935527709954,86
2018,may,17,195,Whiteside,0.683518181818182,77
2018,may,31,043,Dakota,0.6352000000000001,3
2018,may,31,051,Dixon,0.5935687500000001,16
2018,may,31,053,Dodge,0.4935980159950785,13
2018,may,31,025,Cass,0.5406981680353761,34
2018,may,31,055,Douglas,0.5778970588235295,17
2018,may,31,153,Sarpy,0.30725,1
2018,may,31,155,Saunders,0.5901009615384616,52
2018,may,31,177,Washington,0.6321404361132366,11
2018,may,31,067,Gage,0.6332219482537321,296
2018,may,31,109,Lancaster,0.6044313063758805,129
2018,may,31,159,Seward,0.6343672727272729,55
2018,may,31,139,Pierce,0.6384211538461539,52
2018,may,31,119,Madison,0.5575264705882353,17
2018,may,31,167,Stanton,0.6102500000000001,24
2018,may,31,117,McPherson,0.5848214285714286,7
2018,may,31,111,Lincoln,0.6015849287623867,1246
2018,may,31,113,Logan,0.6275883788254754,73
2018,may,31,007,Banner,0.5763220255678688,2895
2018,may,31,157,Scotts Bluff,0.595763624763705,549
2018,may,31,165,Sioux,0.6589073476012325,216
2018,may,31,039,Cuming,0.59245,2
2018,may,31,129,Nuckolls,0.5628838232090269,1048
2018,may,31,101,Keith,0.6652149111032043,2657
2018,may,31,137,Phelps,0.5763261537262241,103
2018,may,31,181,Webster,0.5956955246311357,1329
2018,may,31,015,Boyd,0.7358600775193802,129
2018,may,31,171,Thomas,,0
2018,may,31,089,Holt,0.7036414943387324,100
2018,may,31,017,Brown,0.7071925,20
2018,may,31,103,Keya Paha,0.7296515381809339,34
2018,may,31,077,Greeley,0.5924333333333334,15
2018,may,31,095,Jefferson,0.6161075850663645,462
2018,may,31,151,Saline,0.5777289215686271,204
2018,may,31,057,Dundy,0.6194377469203566,2675
2018,may,31,131,Otoe,0.6151251845231231,77
2018,may,31,087,Hitchcock,0.6356182275774575,4865
2018,may,31,105,Kimball,0.4762826629221331,6718
2018,may,31,127,Nemaha,0.6472147588453534,45
2018,may,31,041,Custer,0.6558792540119902,422
2018,may,31,143,Polk,0.38620000000000004,1
2018,may,31,045,Dawes,0.6574899279055726,1908
2018,may,31,179,Wayne,0.5644583333333334,6
2018,may,31,071,Garfield,0.620325,2
2018,may,31,013,Box Butte,0.6296857055274132,7624
2018,may,31,173,Thurston,0.6488648936170213,47
2018,may,31,011,Boone,0.5888200427960057,3
2018,may,31,145,Red Willow,0.6209267779917279,3882
2018,may,31,149,Rock,0.566165,20
2018,may,31,005,Arthur,0.6297119730743765,18
2018,may,31,085,Hayes,0.6397283529198593,2124
2018,may,31,097,Johnson,0.677846151353507,79
2018,may,31,003,Antelope,0.594875,4
2018,may,31,163,Sherman,0.6459343750000001,16
2018,may,31,161,Sheridan,0.6517077451435546,2820
2018,may,31,133,Pawnee,0.6734006431575854,162
2018,may,31,075,Grant,,0
2018,may,31,021,Burt,0.49558333333333343,3
2018,may,31,009,Blaine,0.5825416666666666,12
2018,may,31,027,Cedar,0.7952750000000001,4
2018,may,31,169,Thayer,0.5871350358954529,596
2018,may,31,049,Deuel,0.6452931500801192,5961
2018,may,31,123,Morrill,0.6471325570418865,1853
2018,may,31,115,Loup,0.5924857142857143,7
2018,may,31,063,Frontier,0.6201438706321372,2945
2018,may,31,125,Nance,0.7643757654966393,6
2018,may,31,107,Knox,0.6685975000000001,40
2018,may,31,135,Perkins,0.6581089120106198,6410
2018,may,31,037,Colfax,0.6025359688755021,24
2018,may,31,023,Butler,0.4768125000000001,8
2018,may,31,031,Cherry,0.7199662099611183,128
2018,may,31,183,Wheeler,0.7170454595487067,15
2018,may,31,061,Franklin,0.5696439626191019,461
2018,may,31,029,Chase,0.6532483713712673,2996
2018,may,31,059,Fillmore,0.5881132939925959,109
2018,may,31,185,York,0.5581710526315791,19
2018,may,31,035,Clay,0.5314578592916723,62
2018,may,31,033,Cheyenne,0.596690187522998,13974
2018,may,31,069,Garden,0.6590343699673741,3311
2018,may,31,083,Harlan,0.5835622620126931,1367
2018,may,31,091,Hooker,,0
2018,may,31,147,Richardson,0.6188152219289089,66
2018,may,31,065,Furnas,0.5909291495863349,2920
2018,may,31,175,Valley,0.6723828124999999,32
2018,may,31,141,Platte,0.5967242537313434,12
2018,may,31,121,Merrick,0.33475,1
2018,may,31,079,Hall,0.7157779238223161,41
2018,may,31,081,Hamilton,0.5876397435897436,39
2018,may,31,093,Howard,0.6319928571428572,7
2018,may,31,001,Adams,0.6143450349638677,239
2018,may,31,099,Kearney,0.5551055266747781,323
2018,may,31,019,Buffalo,0.6387565040650403,123
2018,may,31,073,Gosper,0.6001059850896545,684
2018,may,31,047,Dawson,0.600714347905425,164
2018,may,37,037,Chatham,0.6844333333333333,3
2018,may,37,115,Madison,,0
2018,may,37,087,Haywood,,0
2018,may,37,021,Buncombe,,0
2018,may,37,089,Henderson,,0
2018,may,37,175,Transylvania,,0
2018,may,37,167,Stanly,0.7392263380281691,7
2018,may,37,109,Lincoln,0.6877234375000002,32
2018,may,37,159,Rowan,0.7277700000000001,10
2018,may,37,025,Cabarrus,0.7481621293080416,45
2018,may,37,097,Iredell,0.7716279761904765,168
2018,may,37,071,Gaston,0.4511333333333334,3
2018,may,37,179,Union,0.7162383826879273,18
2018,may,37,119,Mecklenburg,,0
2018,may,37,045,Cleveland,0.7096000000000002,20
2018,may,37,005,Alleghany,,0
2018,may,37,173,Swain,,0
2018,may,37,011,Avery,,0
2018,may,37,033,Caswell,0.7473774954326525,25
2018,may,37,075,Graham,,0
2018,may,37,007,Anson,0.7153344468675652,20
2018,may,37,149,Polk,,0
2018,may,37,039,Cherokee,0.7846266666666667,15
2018,may,37,113,Macon,,0
2018,may,37,009,Ashe,,0
2018,may,37,123,Montgomery,0.8625,1
2018,may,37,043,Clay,,0
2018,may,37,121,Mitchell,,0
2018,may,37,199,Yancey,,0
2018,may,37,189,Watauga,,0
2018,may,37,099,Jackson,,0
2018,may,37,161,Rutherford,0.7817333333333334,3
2018,may,37,193,Wilkes,0.7805333333333334,3
2018,may,37,125,Moore,0.6897213500000001,13
2018,may,37,153,Richmond,0.6916333333333333,3
2018,may,37,093,Hoke,,0
2018,may,37,165,Scotland,0.5605,1
2018,may,37,155,Robeson,0.6291249999999999,22
2018,may,37,001,Alamance,0.7267892156862744,51
2018,may,37,151,Randolph,0.69443,10
2018,may,37,081,Guilford,0.7255257973118532,85
2018,may,37,157,Rockingham,0.7206644020170725,132
2018,may,37,171,Surry,,0
2018,may,37,057,Davidson,,0
2018,may,37,169,Stokes,0.666123076923077,13
2018,may,37,067,Forsyth,,0
2018,may,37,197,Yadkin,0.7598,1
2018,may,37,059,Davie,0.7412357142857144,7
2018,may,37,027,Caldwell,,0
2018,may,37,003,Alexander,,0
2018,may,37,035,Catawba,0.6920160066926938,15
2018,may,37,023,Burke,0.7825365178066703,8
2018,may,37,111,McDowell,,0
2018,may,37,029,Camden,0.6340666666666668,9
2018,may,37,139,Pasquotank,0.6056585714285715,35
2018,may,37,143,Perquimans,,0
2018,may,37,177,Tyrrell,,0
2018,may,37,055,Dare,,0
2018,may,37,073,Gates,0.61855,1
2018,may,37,053,Currituck,0.64575,3
2018,may,37,019,Brunswick,0.6576000000000001,1
2018,may,37,031,Carteret,0.70925,2
2018,may,37,137,Pamlico,,0
2018,may,37,049,Craven,0.6206242727272727,7
2018,may,37,103,Jones,0.6659222222222223,9
2018,may,37,085,Harnett,0.5755500000000001,12
2018,may,37,063,Durham,0.78246,10
2018,may,37,145,Person,0.6718841244156777,45
2018,may,37,135,Orange,0.7861473684210527,19
2018,may,37,181,Vance,0.7172799489060657,32
2018,may,37,077,Granville,0.7399140493407801,226
2018,may,37,069,Franklin,0.7388679487179487,39
2018,may,37,101,Johnston,0.6603000000000001,15
2018,may,37,183,Wake,0.63245,13
2018,may,37,105,Lee,0.47340688679245285,7
2018,may,37,131,Northampton,0.6114642857142857,14
2018,may,37,083,Halifax,0.7221375,12
2018,may,37,127,Nash,0.6886941176470588,17
2018,may,37,065,Edgecombe,0.600504761904762,63
2018,may,37,195,Wilson,0.5854884615384616,13
2018,may,37,163,Sampson,0.6544911764705884,17
2018,may,37,185,Warren,0.70399375,8
2018,may,37,187,Washington,0.681809090909091,11
2018,may,37,061,Duplin,0.6371045454545455,11
2018,may,37,091,Hertford,0.7171129985228951,67
2018,may,37,017,Bladen,0.6696454545454547,11
2018,may,37,095,Hyde,0.7293000000000001,2
2018,may,37,015,Bertie,0.6232987274173392,311
2018,may,37,079,Greene,0.6107333333333334,3
2018,may,37,041,Chowan,0.6117161764705882,102
2018,may,37,117,Martin,0.6082019999999999,100
2018,may,37,047,Columbus,0.6848875,8
2018,may,37,191,Wayne,0.7172000000000001,1
2018,may,37,133,Onslow,,0
2018,may,37,107,Lenoir,0.6735653411658382,9
2018,may,37,129,New Hanover,,0
2018,may,37,141,Pender,0.687875,2
2018,may,37,051,Cumberland,0.7567499999999999,3
2018,may,37,147,Pitt,0.6083357142857144,7
2018,may,37,013,Beaufort,0.6453875000000001,4
2019,may,17,121,Marion,0.66058436825054,147
2019,may,17,005,Bond,0.6366368536052441,71
2019,may,17,083,Jersey,0.719368181818182,22
2019,may,17,163,St. Clair,0.6286087224505044,63
2019,may,17,027,Clinton,0.6159694462709,84
2019,may,17,013,Calhoun,0.7757785714285715,7
2019,may,17,119,Madison,0.6222743243243241,37
2019,may,17,133,Monroe,0.5417623622297583,112
2019,may,17,117,Macoupin,0.6664615853658541,82
2019,may,17,171,Scott,0.6978166666666668,6
2019,may,17,137,Morgan,0.6492333854573887,61
2019,may,17,107,Logan,0.5498126760563381,71
2019,may,17,129,Menard,0.6492550000000001,80
2019,may,17,167,Sangamon,0.6520474319013415,87
2019,may,17,021,Christian,0.5694552700206453,37
2019,may,17,127,Massac,0.7169382352941178,17
2019,may,17,057,Fulton,0.6721578313253014,83
2019,may,17,175,Stark,0.6327407407407407,27
2019,may,17,203,Woodford,0.6482757521344356,174
2019,may,17,179,Tazewell,0.5942902654867255,113
2019,may,17,123,Marshall,0.6760356723031014,45
2019,may,17,143,Peoria,0.6273544642857143,56
2019,may,17,001,Adams,0.6696959193809798,226
2019,may,17,177,Stephenson,0.6119697449583327,158
2019,may,17,141,Ogle,0.6196601265518238,165
2019,may,17,201,Winnebago,0.5983871661401494,110
2019,may,17,007,Boone,0.6588253918170235,135
2019,may,17,025,Clay,0.639859746796827,322
2019,may,17,185,Wabash,0.5400280854906684,14
2019,may,17,009,Brown,0.6564791666666666,48
2019,may,17,151,Pope,,0
2019,may,17,033,Crawford,0.6361370625296683,91
2019,may,17,135,Montgomery,0.6399128452506978,82
2019,may,17,055,Franklin,0.7382496174994025,50
2019,may,17,023,Clark,0.6075108452802085,43
2019,may,17,059,Gallatin,0.7494500000000001,1
2019,may,17,075,Iroquois,0.6301207702942918,407
2019,may,17,041,Douglas,0.705964406779661,59
2019,may,17,189,Washington,0.6258793825010883,127
2019,may,17,159,Richland,0.6156343750000001,48
2019,may,17,065,Hamilton,0.6553225000000001,160
2019,may,17,193,White,0.6153890756302521,119
2019,may,17,169,Schuyler,0.6761902777777778,36
2019,may,17,181,Union,0.69335537414966,17
2019,may,17,085,Jo Daviess,0.6617081158956301,25
2019,may,17,125,Mason,0.6102279220779222,77
2019,may,17,191,Wayne,0.6286339057569958,153
2019,may,17,069,Hardin,,0
2019,may,17,061,Greene,0.6520285714285713,35
2019,may,17,157,Randolph,0.6067526785714286,56
2019,may,17,149,Pike,0.694232256025803,90
2019,may,17,145,Perry,0.665867166781768,114
2019,may,17,087,Johnson,0.7864,2
2019,may,17,173,Shelby,0.6773354455824641,123
2019,may,17,051,Fayette,0.6371695594257238,81
2019,may,17,139,Moultrie,0.6214725000000001,20
2019,may,17,017,Cass,0.6392736111111109,72
2019,may,17,015,Carroll,0.5746529170090386,53
2019,may,17,047,Edwards,0.6019652052901697,100
2019,may,17,079,Jasper,0.5665552366040361,68
2019,may,17,187,Warren,0.6027285714285714,14
2019,may,17,153,Pulaski,0.6701711737331956,8
2019,may,17,165,Saline,0.6186000000000001,3
2019,may,17,101,Lawrence,0.6124499911378946,23
2019,may,17,045,Edgar,0.6476583004661169,22
2019,may,17,071,Henderson,0.6567535653166002,35
2019,may,17,199,Williamson,0.7834597630718954,17
2019,may,17,077,Jackson,0.6602794641023887,115
2019,may,17,147,Piatt,0.6406779215089469,87
2019,may,17,053,Ford,0.6024148490800083,118
2019,may,17,019,Champaign,0.6394102739726027,73
2019,may,17,029,Coles,0.6881447916666669,48
2019,may,17,035,Cumberland,0.6117128205128204,39
2019,may,17,183,Vermilion,0.6532243506493508,154
2019,may,17,115,Macon,0.6246961968499708,74
2019,may,17,049,Effingham,0.5921303931451612,63
2019,may,17,067,Hancock,0.6454332287558266,66
2019,may,17,095,Knox,0.6064614285714285,35
2019,may,17,109,McDonough,0.6977892857142857,28
2019,may,17,081,Jefferson,0.6692628115484383,140
2019,may,17,113,McLean,0.6249170915349038,112
2019,may,17,039,De Witt,0.5646683333333332,30
2019,may,17,105,Livingston,0.6146807561654652,378
2019,may,17,003,Alexander,0.5304096153846154,26
2019,may,17,093,Kendall,0.6353543540899634,49
2019,may,17,031,Cook,0.627275,2
2019,may,17,037,DeKalb,0.63295435413024,277
2019,may,17,089,Kane,0.6195153543307083,127
2019,may,17,063,Grundy,0.6236816666666667,30
2019,may,17,111,McHenry,0.6234660036845592,221
2019,may,17,197,Will,0.6412639143444924,252
2019,may,17,043,DuPage,0.34580000000000005,2
2019,may,17,097,Lake,0.6357937500000002,40
2019,may,17,091,Kankakee,0.6336391534522127,323
2019,may,17,011,Bureau,0.6554914292863191,102
2019,may,17,155,Putnam,0.6330720773202702,31
2019,may,17,099,LaSalle,0.6204838379084969,151
2019,may,17,131,Mercer,0.6711977272727273,22
2019,may,17,161,Rock Island,0.5522478139013453,11
2019,may,17,073,Henry,0.5830935101847465,75
2019,may,17,103,Lee,0.6068537480823151,79
2019,may,17,195,Whiteside,0.6832073770491806,61
2019,may,31,043,Dakota,,0
2019,may,31,051,Dixon,0.5617916666666667,6
2019,may,31,053,Dodge,0.49164,5
2019,may,31,025,Cass,0.5236493989481592,17
2019,may,31,055,Douglas,0.5870611111111113,9
2019,may,31,153,Sarpy,0.4664166666666667,3
2019,may,31,155,Saunders,0.6420706007367527,72
2019,may,31,177,Washington,0.47437000000000007,5
2019,may,31,067,Gage,0.6375179072585087,187
2019,may,31,109,Lancaster,0.6107140645099814,84
2019,may,31,159,Seward,0.60355,46
2019,may,31,139,Pierce,0.5805977272727273,22
2019,may,31,119,Madison,0.6821016364619962,15
2019,may,31,167,Stanton,0.6143874001711354,28
2019,may,31,117,McPherson,0.5304782051282052,39
2019,may,31,111,Lincoln,0.5738391863436293,1156
2019,may,31,113,Logan,0.483010774818402,43
2019,may,31,007,Banner,0.44956109975573527,3448
2019,may,31,157,Scotts Bluff,0.4846955577798433,665
2019,may,31,165,Sioux,0.5746514278598706,263
2019,may,31,039,Cuming,0.5642285714285715,7
2019,may,31,129,Nuckolls,0.6417639354117715,794
2019,may,31,101,Keith,0.5835929601764079,2629
2019,may,31,137,Phelps,0.6233820535558169,159
2019,may,31,181,Webster,0.6504846202858943,1071
2019,may,31,015,Boyd,0.6508984096447353,37
2019,may,31,171,Thomas,0.40895000000000004,1
2019,may,31,089,Holt,0.6299930769230769,65
2019,may,31,017,Brown,0.7699055555555555,9
2019,may,31,103,Keya Paha,0.5658155287158,23
2019,may,31,077,Greeley,0.6412833333333334,6
2019,may,31,095,Jefferson,0.7023882464724623,347
2019,may,31,151,Saline,0.6428703844254411,151
2019,may,31,057,Dundy,0.6156022168904831,2410
2019,may,31,131,Otoe,0.6492873223192018,66
2019,may,31,087,Hitchcock,0.6669048120909774,4503
2019,may,31,105,Kimball,0.41314841799771346,6611
2019,may,31,127,Nemaha,0.6202269667051781,39
2019,may,31,041,Custer,0.578127430879881,336
2019,may,31,143,Polk,0.6297660000000002,25
2019,may,31,045,Dawes,0.5191555522742016,1746
2019,may,31,179,Wayne,0.41414375000000003,8
2019,may,31,071,Garfield,0.7020000000000001,1
2019,may,31,013,Box Butte,0.5168148234950657,7469
2019,may,31,173,Thurston,0.4245875,4
2019,may,31,011,Boone,0.5190375,4
2019,may,31,145,Red Willow,0.6598033134862776,3716
2019,may,31,149,Rock,,0
2019,may,31,005,Arthur,0.52755,14
2019,may,31,085,Hayes,0.619561005304692,1900
2019,may,31,097,Johnson,0.6459504222265197,62
2019,may,31,003,Antelope,0.5894843465858441,23
2019,may,31,163,Sherman,0.6459605922192471,51
2019,may,31,161,Sheridan,0.5354970666286006,2659
2019,may,31,133,Pawnee,0.64125626612672,111
2019,may,31,075,Grant,,0
2019,may,31,021,Burt,0.58175,1
2019,may,31,009,Blaine,0.598075,2
2019,may,31,027,Cedar,0.6191666666666668,3
2019,may,31,169,Thayer,0.6767849891668872,550
2019,may,31,049,Deuel,0.5788281334174378,5654
2019,may,31,123,Morrill,0.5449518887986949,1870
2019,may,31,115,Loup,0.6264500000000001,7
2019,may,31,063,Frontier,0.6405576430717496,2752
2019,may,31,125,Nance,0.5546352941176471,17
2019,may,31,107,Knox,0.6212159748395637,78
2019,may,31,135,Perkins,0.590968695353088,6624
2019,may,31,037,Colfax,0.6466666641285314,53
2019,may,31,023,Butler,0.6196216901408451,14
2019,may,31,031,Cherry,0.6289964696689869,195
2019,may,31,183,Wheeler,0.6026657894736842,19
2019,may,31,061,Franklin,0.6309315597092133,298
2019,may,31,029,Chase,0.6127140025594748,2899
2019,may,31,059,Fillmore,0.6875560638533736,54
2019,may,31,185,York,0.7203250000000003,64
2019,may,31,035,Clay,0.6207819596278032,81
2019,may,31,033,Cheyenne,0.5274776263990992,13663
2019,may,31,069,Garden,0.5720621127926511,3415
2019,may,31,083,Harlan,0.6177579407342936,1283
2019,may,31,091,Hooker,,0
2019,may,31,147,Richardson,0.6260237500000002,40
2019,may,31,065,Furnas,0.6609745851796633,2754
2019,may,31,175,Valley,0.6359333333333334,60
2019,may,31,141,Platte,0.5965725465880145,60
2019,may,31,121,Merrick,0.6985999999999999,18
2019,may,31,079,Hall,0.6503169808424415,66
2019,may,31,081,Hamilton,0.5272224676420934,28
2019,may,31,093,Howard,0.5901223573320491,33
2019,may,31,001,Adams,0.576724168395363,169
2019,may,31,099,Kearney,0.5723158682634722,334
2019,may,31,019,Buffalo,0.6077133533283787,223
2019,may,31,073,Gosper,0.6317445848431673,764
2019,may,31,047,Dawson,0.6013515826918265,149
2019,may,37,037,Chatham,0.6688000000000001,1
2019,may,37,115,Madison,,0
2019,may,37,087,Haywood,,0
2019,may,37,021,Buncombe,,0
2019,may,37,089,Henderson,,0
2019,may,37,175,Transylvania,,0
2019,may,37,167,Stanly,0.5971,2
2019,may,37,109,Lincoln,0.6510687500000001,24
2019,may,37,159,Rowan,0.6562125,20
2019,may,37,025,Cabarrus,0.65587,5
2019,may,37,097,Iredell,0.73654,5
2019,may,37,071,Gaston,0.6575500000000001,3
2019,may,37,179,Union,0.6795775000000001,20
2019,may,37,119,Mecklenburg,,0
2019,may,37,045,Cleveland,0.69815,4
2019,may,37,005,Alleghany,,0
2019,may,37,173,Swain,,0
2019,may,37,011,Avery,,0
2019,may,37,033,Caswell,,0
2019,may,37,075,Graham,,0
2019,may,37,007,Anson,,0
2019,may,37,149,Polk,0.68875,2
2019,may,37,039,Cherokee,0.7661277777777779,9
2019,may,37,113,Macon,,0
2019,may,37,009,Ashe,,0
2019,may,37,123,Montgomery,,0
2019,may,37,043,Clay,,0
2019,may,37,121,Mitchell,,0
2019,may,37,199,Yancey,,0
2019,may,37,189,Watauga,,0
2019,may,37,099,Jackson,,0
2019,may,37,161,Rutherford,,0
2019,may,37,193,Wilkes,,0
2019,may,37,125,Moore,0.4965416666666667,6
2019,may,37,153,Richmond,0.6923687500000001,8
2019,may,37,093,Hoke,,0
2019,may,37,165,Scotland,0.6592982758620691,58
2019,may,37,155,Robeson,0.6323666666666666,15
2019,may,37,001,Alamance,0.747855,10
2019,may,37,151,Randolph,0.7277155982905984,3
2019,may,37,081,Guilford,0.6976985997102849,17
2019,may,37,157,Rockingham,0.6928521739130435,23
2019,may,37,171,Surry,0.8181375,4
2019,may,37,057,Davidson,,0
2019,may,37,169,Stokes,,0
2019,may,37,067,Forsyth,,0
2019,may,37,197,Yadkin,,0
2019,may,37,059,Davie,0.7188666666666667,3
2019,may,37,027,Caldwell,,0
2019,may,37,003,Alexander,0.7435222222222222,9
2019,may,37,035,Catawba,0.7387575,20
2019,may,37,023,Burke,,0
2019,may,37,111,McDowell,,0
2019,may,37,029,Camden,0.5935666666666667,3
2019,may,37,139,Pasquotank,0.525755,10
2019,may,37,143,Perquimans,,0
2019,may,37,177,Tyrrell,,0
2019,may,37,055,Dare,,0
2019,may,37,073,Gates,0.464025,2
2019,may,37,053,Currituck,0.6340545454545455,11
2019,may,37,019,Brunswick,,0
2019,may,37,031,Carteret,,0
2019,may,37,137,Pamlico,,0
2019,may,37,049,Craven,0.48345000000000005,1
2019,may,37,103,Jones,0.56275,1
2019,may,37,085,Harnett,0.5080611111111112,9
2019,may,37,063,Durham,,0
2019,may,37,145,Person,0.69621,5
2019,may,37,135,Orange,0.7272875000000001,4
2019,may,37,181,Vance,0.7080000000000002,11
2019,may,37,077,Granville,0.7060714285714287,70
2019,may,37,069,Franklin,0.66426796875,64
2019,may,37,101,Johnston,0.5553531250000001,16
2019,may,37,183,Wake,0.6744625000000001,8
2019,may,37,105,Lee,,0
2019,may,37,131,Northampton,0.66115,2
2019,may,37,083,Halifax,0.6139791666666666,12
2019,may,37,127,Nash,0.5926115384615386,13
2019,may,37,065,Edgecombe,0.563392366524489,80
2019,may,37,195,Wilson,0.4101418167580267,6
2019,may,37,163,Sampson,0.5148569444444444,36
2019,may,37,185,Warren,0.7187333333333333,3
2019,may,37,187,Washington,0.45126250000000007,4
2019,may,37,061,Duplin,0.6056250000000001,2
2019,may,37,091,Hertford,0.6179648949588111,101
2019,may,37,017,Bladen,0.48630833333333334,6
2019,may,37,095,Hyde,,0
2019,may,37,015,Bertie,0.5722833210102064,272
2019,may,37,079,Greene,,0
2019,may,37,041,Chowan,0.506502,100
2019,may,37,117,Martin,0.5483628571428572,70
2019,may,37,047,Columbus,0.668,2
2019,may,37,191,Wayne,0.41960000000000003,6
2019,may,37,133,Onslow,0.60365,1
2019,may,37,107,Lenoir,,0
2019,may,37,129,New Hanover,,0
2019,may,37,141,Pender,,0
2019,may,37,051,Cumberland,0.6044,2
2019,may,37,147,Pitt,0.6057095238095239,21
2019,may,37,013,Beaufort,0.71725,1
2020,may,17,121,Marion,0.6529555555555556,18
2020,may,17,005,Bond,0.6553601230337954,26
2020,may,17,083,Jersey,0.6759242017543861,45
2020,may,17,163,St. Clair,0.6268040071503055,28
2020,may,17,027,Clinton,0.6375753073770493,58
2020,may,17,013,Calhoun,0.7558695652173913,23
2020,may,17,119,Madison,0.6585640328923845,67
2020,may,17,133,Monroe,0.6136771371560596,19
2020,may,17,117,Macoupin,0.6681031321184506,118
2020,may,17,171,Scott,0.6164052631578948,7
2020,may,17,137,Morgan,0.6673186388200857,70
2020,may,17,107,Logan,0.5627785714285715,63
2020,may,17,129,Menard,0.6326830645161291,62
2020,may,17,167,Sangamon,0.6469918367346937,98
2020,may,17,021,Christian,0.6112000000000001,25
2020,may,17,127,Massac,0.7144,1
2020,may,17,057,Fulton,0.7057037878787878,66
2020,may,17,175,Stark,0.6596056603773581,53
2020,may,17,203,Woodford,0.6219097791148108,191
2020,may,17,179,Tazewell,0.5418947154471544,123
2020,may,17,123,Marshall,0.6607015625000001,64
2020,may,17,143,Peoria,0.6153500000000001,64
2020,may,17,001,Adams,0.6967006711409394,149
2020,may,17,177,Stephenson,0.5493802734687349,126
2020,may,17,141,Ogle,0.590124705295401,170
2020,may,17,201,Winnebago,0.56544411169611,182
2020,may,17,007,Boone,0.5686957746478872,71
2020,may,17,025,Clay,0.69435,6
2020,may,17,185,Wabash,0.6278,1
2020,may,17,009,Brown,0.6828112468338919,49
2020,may,17,151,Pope,,0
2020,may,17,033,Crawford,0.6326600000000001,5
2020,may,17,135,Montgomery,0.6374253682072115,78
2020,may,17,055,Franklin,0.713315909090909,22
2020,may,17,023,Clark,0.7025224971639253,28
2020,may,17,059,Gallatin,,0
2020,may,17,075,Iroquois,0.5914711649973643,261
2020,may,17,041,Douglas,0.5882222222222223,9
2020,may,17,189,Washington,0.6554617647058825,17
2020,may,17,159,Richland,0.7490833333333334,3
2020,may,17,065,Hamilton,0.6391500000000001,2
2020,may,17,193,White,0.7584833333333334,3
2020,may,17,169,Schuyler,0.721424285714286,35
2020,may,17,181,Union,,0
2020,may,17,085,Jo Daviess,0.5597466620184766,23
2020,may,17,125,Mason,0.5569985915492957,71
2020,may,17,191,Wayne,0.6685625,4
2020,may,17,069,Hardin,,0
2020,may,17,061,Greene,0.6718574074074076,54
2020,may,17,157,Randolph,0.709886111111111,18
2020,may,17,149,Pike,0.711832052874089,123
2020,may,17,145,Perry,0.66871320754717,53
2020,may,17,087,Johnson,0.7438,1
2020,may,17,173,Shelby,0.6180169972554891,95
2020,may,17,051,Fayette,0.7150254152491496,21
2020,may,17,139,Moultrie,0.6438537735849056,20
2020,may,17,017,Cass,0.6776281914893618,94
2020,may,17,015,Carroll,0.556491979722519,76
2020,may,17,047,Edwards,0.745725,4
2020,may,17,079,Jasper,0.6357595238095238,21
2020,may,17,187,Warren,0.487225,2
2020,may,17,153,Pulaski,,0
2020,may,17,165,Saline,,0
2020,may,17,101,Lawrence,0.5953076923076923,13
2020,may,17,045,Edgar,0.6492174999999999,20
2020,may,17,071,Henderson,0.6683928571428572,7
2020,may,17,199,Williamson,,0
2020,may,17,077,Jackson,0.7572966666666667,15
2020,may,17,147,Piatt,0.5513701409718057,42
2020,may,17,053,Ford,0.624806548011426,161
2020,may,17,019,Champaign,0.6228268292682924,123
2020,may,17,029,Coles,0.6402453391096504,54
2020,may,17,035,Cumberland,0.6210029411764703,34
2020,may,17,183,Vermilion,0.6524098591549296,142
2020,may,17,115,Macon,0.6561408927066755,85
2020,may,17,049,Effingham,0.6507658536585365,41
2020,may,17,067,Hancock,0.6849170109275056,89
2020,may,17,095,Knox,0.6055552631578948,19
2020,may,17,109,McDonough,0.6438912869704237,15
2020,may,17,081,Jefferson,0.72958,5
2020,may,17,113,McLean,0.5585586512027492,116
2020,may,17,039,De Witt,0.617297619047619,21
2020,may,17,105,Livingston,0.5782895253553147,324
2020,may,17,003,Alexander,,0
2020,may,17,093,Kendall,0.6502611178692618,63
2020,may,17,031,Cook,0.65025,1
2020,may,17,037,DeKalb,0.6030811785200336,312
2020,may,17,089,Kane,0.6103329046940115,146
2020,may,17,063,Grundy,0.5906,14
2020,may,17,111,McHenry,0.6301922812031001,192
2020,may,17,197,Will,0.652031518338548,178
2020,may,17,043,DuPage,0.52175,1
2020,may,17,097,Lake,0.6063026668129939,21
2020,may,17,091,Kankakee,0.6369817715136933,174
2020,may,17,011,Bureau,0.650724120156417,188
2020,may,17,155,Putnam,0.5844259615384615,52
2020,may,17,099,LaSalle,0.6278285275025624,184
2020,may,17,131,Mercer,0.628171052631579,19
2020,may,17,161,Rock Island,0.6496666666666667,18
2020,may,17,073,Henry,0.5386957726445152,35
2020,may,17,103,Lee,0.5842890766043506,81
2020,may,17,195,Whiteside,0.6554348101265823,79
2020,may,31,043,Dakota,0.38106,5
2020,may,31,051,Dixon,0.6112923076923078,13
2020,may,31,053,Dodge,0.4556571428571429,7
2020,may,31,025,Cass,0.5489394736842105,19
2020,may,31,055,Douglas,0.5255318181818183,11
2020,may,31,153,Sarpy,0.339925,10
2020,may,31,155,Saunders,0.5130750326831565,77
2020,may,31,177,Washington,0.49150000000000005,1
2020,may,31,067,Gage,0.5510577895794021,131
2020,may,31,109,Lancaster,0.5426073033707864,89
2020,may,31,159,Seward,0.539322,50
2020,may,31,139,Pierce,0.5412687499999999,48
2020,may,31,119,Madison,0.607728125,16
2020,may,31,167,Stanton,0.46130250000000006,20
2020,may,31,117,McPherson,0.4266785714285714,14
2020,may,31,111,Lincoln,0.5318030403320958,735
2020,may,31,113,Logan,0.4752481324701195,80
2020,may,31,007,Banner,0.4674737237149811,2919
2020,may,31,157,Scotts Bluff,0.5069095640086168,436
2020,may,31,165,Sioux,0.5663221775334968,169
2020,may,31,039,Cuming,0.5261296296296296,27
2020,may,31,129,Nuckolls,0.5461945473011101,526
2020,may,31,101,Keith,0.528784317688441,1945
2020,may,31,137,Phelps,0.5681123468563477,181
2020,may,31,181,Webster,0.5695711172226757,985
2020,may,31,015,Boyd,0.6620204545454548,22
2020,may,31,171,Thomas,,0
2020,may,31,089,Holt,0.6436693954719477,83
2020,may,31,017,Brown,0.8351999999999999,2
2020,may,31,103,Keya Paha,0.5307499999999999,9
2020,may,31,077,Greeley,0.5093,5
2020,may,31,095,Jefferson,0.6181550994591991,300
2020,may,31,151,Saline,0.5733616701118676,130
2020,may,31,057,Dundy,0.5334902843017013,2121
2020,may,31,131,Otoe,0.585625,50
2020,may,31,087,Hitchcock,0.5523776705460721,3640
2020,may,31,105,Kimball,0.41104653078456227,5816
2020,may,31,127,Nemaha,0.5685185926953888,63
2020,may,31,041,Custer,0.5650690250741662,194
2020,may,31,143,Polk,0.6713017167381975,12
2020,may,31,045,Dawes,0.5999398294607506,1636
2020,may,31,179,Wayne,0.4336166666666666,6
2020,may,31,071,Garfield,,0
2020,may,31,013,Box Butte,0.5786827014357204,6283
2020,may,31,173,Thurston,0.577796551724138,29
2020,may,31,011,Boone,,0
2020,may,31,145,Red Willow,0.5713006712473991,2881
2020,may,31,149,Rock,0.50917,5
2020,may,31,005,Arthur,0.44364500000000007,10
2020,may,31,085,Hayes,0.5636594044743425,1478
2020,may,31,097,Johnson,0.5714136240908088,74
2020,may,31,003,Antelope,0.5069521444456212,38
2020,may,31,163,Sherman,0.6600919999999999,25
2020,may,31,161,Sheridan,0.5685480191347788,2182
2020,may,31,133,Pawnee,0.5957668164075646,119
2020,may,31,075,Grant,,0
2020,may,31,021,Burt,0.5068000000000001,4
2020,may,31,009,Blaine,0.7391000000000001,1
2020,may,31,027,Cedar,0.5253750000000001,24
2020,may,31,169,Thayer,0.5579216829633864,330
2020,may,31,049,Deuel,0.5516937214388749,4940
2020,may,31,123,Morrill,0.5792081947800041,1751
2020,may,31,115,Loup,0.60455,4
2020,may,31,063,Frontier,0.5848936908897284,1867
2020,may,31,125,Nance,0.5796719221604448,30
2020,may,31,107,Knox,0.678184210526316,38
2020,may,31,135,Perkins,0.5085845684066899,4703
2020,may,31,037,Colfax,0.5327367924528301,53
2020,may,31,023,Butler,0.5270230426912054,27
2020,may,31,031,Cherry,0.5644516915247255,135
2020,may,31,183,Wheeler,0.4580583333333334,6
2020,may,31,061,Franklin,0.5347646674441743,355
2020,may,31,029,Chase,0.5233553789719863,1739
2020,may,31,059,Fillmore,0.5430244458633585,43
2020,may,31,185,York,0.5334099999999999,5
2020,may,31,035,Clay,0.5732232935359383,67
2020,may,31,033,Cheyenne,0.5075550962912779,12520
2020,may,31,069,Garden,0.51644197550789,2615
2020,may,31,083,Harlan,0.526326659080179,893
2020,may,31,091,Hooker,,0
2020,may,31,147,Richardson,0.5971127659574467,47
2020,may,31,065,Furnas,0.5739869413098964,1958
2020,may,31,175,Valley,0.6132204545454546,22
2020,may,31,141,Platte,0.531175,18
2020,may,31,121,Merrick,0.6670711630286495,14
2020,may,31,079,Hall,0.5264515457788347,30
2020,may,31,081,Hamilton,0.557279303941274,90
2020,may,31,093,Howard,0.552606,25
2020,may,31,001,Adams,0.5203359983273529,149
2020,may,31,099,Kearney,0.5153607980614823,280
2020,may,31,019,Buffalo,0.6041133170186529,104
2020,may,31,073,Gosper,0.5681031598653399,377
2020,may,31,047,Dawson,0.5648044886077768,113
2020,may,37,037,Chatham,0.5741999999999999,9
2020,may,37,115,Madison,,0
2020,may,37,087,Haywood,,0
2020,may,37,021,Buncombe,,0
2020,may,37,089,Henderson,0.79645,1
2020,may,37,175,Transylvania,,0
2020,may,37,167,Stanly,0.7487500000000001,3
2020,may,37,109,Lincoln,0.69714290507762,49
2020,may,37,159,Rowan,0.75374375,24
2020,may,37,025,Cabarrus,0.65435,1
2020,may,37,097,Iredell,0.7306978260869564,23
2020,may,37,071,Gaston,0.6571409940209267,13
2020,may,37,179,Union,0.7100500000000001,19
2020,may,37,119,Mecklenburg,0.7704500000000001,1
2020,may,37,045,Cleveland,0.6826852941176472,17
2020,may,37,005,Alleghany,0.7752428571428572,7
2020,may,37,173,Swain,,0
2020,may,37,011,Avery,,0
2020,may,37,033,Caswell,0.7335071428571428,7
2020,may,37,075,Graham,,0
2020,may,37,007,Anson,0.6864500000000001,8
2020,may,37,149,Polk,,0
2020,may,37,039,Cherokee,,0
2020,may,37,113,Macon,,0
2020,may,37,009,Ashe,0.64635,1
2020,may,37,123,Montgomery,0.18075000000000002,1
2020,may,37,043,Clay,,0
2020,may,37,121,Mitchell,,0
2020,may,37,199,Yancey,,0
2020,may,37,189,Watauga,,0
2020,may,37,099,Jackson,,0
2020,may,37,161,Rutherford,0.7624,3
2020,may,37,193,Wilkes,0.6782500000000001,3
2020,may,37,125,Moore,0.6448928844151337,34
2020,may,37,153,Richmond,0.5318111111111111,36
2020,may,37,093,Hoke,,0
2020,may,37,165,Scotland,0.5282233333333334,15
2020,may,37,155,Robeson,0.6439892857142858,42
2020,may,37,001,Alamance,0.7262454545454546,22
2020,may,37,151,Randolph,0.7147002392344498,15
2020,may,37,081,Guilford,0.7068774290627688,19
2020,may,37,157,Rockingham,0.6939948979591838,49
2020,may,37,171,Surry,0.6689,2
2020,may,37,057,Davidson,0.7458131739262869,13
2020,may,37,169,Stokes,0.72095,4
2020,may,37,067,Forsyth,0.74405,1
2020,may,37,197,Yadkin,0.791875,2
2020,may,37,059,Davie,0.61445,1
2020,may,37,027,Caldwell,0.79245,1
2020,may,37,003,Alexander,0.6888166666666667,6
2020,may,37,035,Catawba,0.678085,10
2020,may,37,023,Burke,0.7434875,4
2020,may,37,111,McDowell,,0
2020,may,37,029,Camden,,0
2020,may,37,139,Pasquotank,0.6138611111111111,9
2020,may,37,143,Perquimans,0.5527000000000001,1
2020,may,37,177,Tyrrell,0.664261111111111,9
2020,may,37,055,Dare,,0
2020,may,37,073,Gates,,0
2020,may,37,053,Currituck,0.5777458333333333,12
2020,may,37,019,Brunswick,0.6161000000000001,2
2020,may,37,031,Carteret,,0
2020,may,37,137,Pamlico,,0
2020,may,37,049,Craven,,0
2020,may,37,103,Jones,0.5815552631578949,19
2020,may,37,085,Harnett,0.6147055555555555,9
2020,may,37,063,Durham,0.64956,5
2020,may,37,145,Person,0.6792175000000001,20
2020,may,37,135,Orange,0.6636111111111112,9
2020,may,37,181,Vance,0.7151952380952382,21
2020,may,37,077,Granville,0.7150000000000001,107
2020,may,37,069,Franklin,0.6874367604090577,66
2020,may,37,101,Johnston,0.5906526315789474,19
2020,may,37,183,Wake,0.612839349112426,17
2020,may,37,105,Lee,0.6180305034996614,53
2020,may,37,131,Northampton,0.7215,1
2020,may,37,083,Halifax,0.6509833333333334,6
2020,may,37,127,Nash,0.6255127906976746,43
2020,may,37,065,Edgecombe,0.581221052631579,19
2020,may,37,195,Wilson,0.6106499999999999,10
2020,may,37,163,Sampson,0.5313387931034484,58
2020,may,37,185,Warren,0.7054374999999999,8
2020,may,37,187,Washington,0.261775,2
2020,may,37,061,Duplin,0.56553125,16
2020,may,37,091,Hertford,0.8110666666666667,3
2020,may,37,017,Bladen,0.6615500000000001,2
2020,may,37,095,Hyde,0.5821000000000001,1
2020,may,37,015,Bertie,0.658963888888889,18
2020,may,37,079,Greene,0.5483416666666666,6
2020,may,37,041,Chowan,0.647047666971638,5
2020,may,37,117,Martin,0.531255,10
2020,may,37,047,Columbus,0.6365000000000001,8
2020,may,37,191,Wayne,0.5551166666666667,3
2020,may,37,133,Onslow,,0
2020,may,37,107,Lenoir,0.6254000000000001,3
2020,may,37,129,New Hanover,,0
2020,may,37,141,Pender,0.7666000000000001,1
2020,may,37,051,Cumberland,0.5559611111111111,9
2020,may,37,147,Pitt,0.5564558823529412,17
2020,may,37,013,Beaufort,,0
2021,may,17,121,Marion,0.6243873011519474,15
2021,may,17,005,Bond,0.6568089285714285,28
2021,may,17,083,Jersey,0.5451890070921986,20
2021,may,17,163,St. Clair,0.6200166666666667,6
2021,may,17,027,Clinton,0.6212876162299239,24
2021,may,17,013,Calhoun,0.7184481481481478,27
2021,may,17,119,Madison,0.6501170731707318,41
2021,may,17,133,Monroe,0.6430818181818181,11
2021,may,17,117,Macoupin,0.6770753259383074,130
2021,may,17,171,Scott,0.6242362967157418,14
2021,may,17,137,Morgan,0.6418370695419591,97
2021,may,17,107,Logan,0.6181919092806986,105
2021,may,17,129,Menard,0.6681819999999999,75
2021,may,17,167,Sangamon,0.6855182353539719,156
2021,may,17,021,Christian,0.6340522383953583,80
2021,may,17,127,Massac,0.6714,1
2021,may,17,057,Fulton,0.6866197368421055,114
2021,may,17,175,Stark,0.6784729828699106,33
2021,may,17,203,Woodford,0.6893931016764482,318
2021,may,17,179,Tazewell,0.6492682679118924,197
2021,may,17,123,Marshall,0.6963660377358493,53
2021,may,17,143,Peoria,0.6424619047619048,84
2021,may,17,001,Adams,0.6755464843750003,256
2021,may,17,177,Stephenson,0.6649554723146509,198
2021,may,17,141,Ogle,0.7119004469012251,355
2021,may,17,201,Winnebago,0.6614066331377902,266
2021,may,17,007,Boone,0.6707371906311302,334
2021,may,17,025,Clay,0.603540625,16
2021,may,17,185,Wabash,0.6797666666666666,3
2021,may,17,009,Brown,0.6927309815950919,36
2021,may,17,151,Pope,,0
2021,may,17,033,Crawford,0.628175,8
2021,may,17,135,Montgomery,0.6448083333333334,60
2021,may,17,055,Franklin,0.697655,10
2021,may,17,023,Clark,0.6364192307692309,26
2021,may,17,059,Gallatin,,0
2021,may,17,075,Iroquois,0.6775853833067697,479
2021,may,17,041,Douglas,0.6952835366924159,91
2021,may,17,189,Washington,0.6406107142857144,14
2021,may,17,159,Richland,0.5529666666666667,3
2021,may,17,065,Hamilton,0.683315,10
2021,may,17,193,White,0.7212000000000001,9
2021,may,17,169,Schuyler,0.7063578358208954,81
2021,may,17,181,Union,,0
2021,may,17,085,Jo Daviess,0.6939000000000001,74
2021,may,17,125,Mason,0.6053321088662549,47
2021,may,17,191,Wayne,0.6622257841328414,13
2021,may,17,069,Hardin,,0
2021,may,17,061,Greene,0.6887301843884448,65
2021,may,17,157,Randolph,0.6341856331168831,8
2021,may,17,149,Pike,0.6796172839506172,81
2021,may,17,145,Perry,0.66715,1
2021,may,17,087,Johnson,0.7554500000000001,3
2021,may,17,173,Shelby,0.5890949301060462,114
2021,may,17,051,Fayette,0.6620600000000001,40
2021,may,17,139,Moultrie,0.638492733370598,106
2021,may,17,017,Cass,0.655925242718447,103
2021,may,17,015,Carroll,0.6154882022471909,89
2021,may,17,047,Edwards,0.625646875,16
2021,may,17,079,Jasper,0.621879887868305,33
2021,may,17,187,Warren,0.6222722222222222,9
2021,may,17,153,Pulaski,0.684175,2
2021,may,17,165,Saline,0.7081375,4
2021,may,17,101,Lawrence,0.6490208333333334,12
2021,may,17,045,Edgar,0.6418729353908768,48
2021,may,17,071,Henderson,0.6286950000000001,10
2021,may,17,199,Williamson,0.762575,10
2021,may,17,077,Jackson,0.7918541751012147,8
2021,may,17,147,Piatt,0.6788140214464765,87
2021,may,17,053,Ford,0.6844982006047698,291
2021,may,17,019,Champaign,0.6922950362080322,300
2021,may,17,029,Coles,0.5945537741721308,97
2021,may,17,035,Cumberland,0.578391822364752,29
2021,may,17,183,Vermilion,0.7040032056168729,362
2021,may,17,115,Macon,0.6898756076618235,150
2021,may,17,049,Effingham,0.5878190476190477,42
2021,may,17,067,Hancock,0.6890718354430383,158
2021,may,17,095,Knox,0.7310924242424245,66
2021,may,17,109,McDonough,0.648285,20
2021,may,17,081,Jefferson,0.7293294618834082,10
2021,may,17,113,McLean,0.6354500287478441,157
2021,may,17,039,De Witt,0.6285285714285717,35
2021,may,17,105,Livingston,0.6753757634979437,541
2021,may,17,003,Alexander,,0
2021,may,17,093,Kendall,0.7005368778709994,104
2021,may,17,031,Cook,0.7321705882352942,34
2021,may,17,037,DeKalb,0.6636401607223142,528
2021,may,17,089,Kane,0.6598186053537425,219
2021,may,17,063,Grundy,0.6371892372811704,48
2021,may,17,111,McHenry,0.6780272964150051,333
2021,may,17,197,Will,0.6840160811281568,306
2021,may,17,043,DuPage,0.47147500000000003,2
2021,may,17,097,Lake,0.6765783342832715,56
2021,may,17,091,Kankakee,0.7009593028992784,439
2021,may,17,011,Bureau,0.7143557616582052,240
2021,may,17,155,Putnam,0.6752057852675473,57
2021,may,17,099,LaSalle,0.6791566243344592,382
2021,may,17,131,Mercer,0.6833954545454546,22
2021,may,17,161,Rock Island,0.6663158916849015,22
2021,may,17,073,Henry,0.6674812048948852,63
2021,may,17,103,Lee,0.6634472400105849,155
2021,may,17,195,Whiteside,0.6639480968390137,105
2021,may,31,043,Dakota,0.44607619047619046,5
2021,may,31,051,Dixon,0.5906665887850466,43
2021,may,31,053,Dodge,0.5362928998505233,29
2021,may,31,025,Cass,0.575620625,80
2021,may,31,055,Douglas,0.5126928571428573,28
2021,may,31,153,Sarpy,0.5046185185185185,27
2021,may,31,155,Saunders,0.5852870833333336,120
2021,may,31,177,Washington,0.48621500000000006,20
2021,may,31,067,Gage,0.6140392533386714,277
2021,may,31,109,Lancaster,0.5646536197591258,148
2021,may,31,159,Seward,0.5340039473684212,38
2021,may,31,139,Pierce,0.6138723684210527,38
2021,may,31,119,Madison,0.584675641025641,39
2021,may,31,167,Stanton,0.5073700000000001,5
2021,may,31,117,McPherson,0.5584083333333334,6
2021,may,31,111,Lincoln,0.6125061045165938,697
2021,may,31,113,Logan,0.5908171150662253,48
2021,may,31,007,Banner,0.4489607607489522,3495
2021,may,31,157,Scotts Bluff,0.5299074428371441,679
2021,may,31,165,Sioux,0.6091875714797967,209
2021,may,31,039,Cuming,0.6043026315789476,19
2021,may,31,129,Nuckolls,0.6035641206783534,608
2021,may,31,101,Keith,0.6178848788881253,1702
2021,may,31,137,Phelps,0.5912139487108784,143
2021,may,31,181,Webster,0.6332080958634273,991
2021,may,31,015,Boyd,0.6780979402537171,144
2021,may,31,171,Thomas,,0
2021,may,31,089,Holt,0.5889366387416652,69
2021,may,31,017,Brown,0.6674892857142858,14
2021,may,31,103,Keya Paha,0.674560437881874,20
2021,may,31,077,Greeley,0.47955000000000003,1
2021,may,31,095,Jefferson,0.6358455822307499,357
2021,may,31,151,Saline,0.5517991501363866,214
2021,may,31,057,Dundy,0.6215884321755303,2455
2021,may,31,131,Otoe,0.5896839743589745,78
2021,may,31,087,Hitchcock,0.6385355955537718,3994
2021,may,31,105,Kimball,0.41069421585123034,6756
2021,may,31,127,Nemaha,0.5794752380952382,105
2021,may,31,041,Custer,0.6351223107569719,251
2021,may,31,143,Polk,0.48025714285714294,14
2021,may,31,045,Dawes,0.5890816032672817,1697
2021,may,31,179,Wayne,0.3642166666666667,6
2021,may,31,071,Garfield,0.408775,2
2021,may,31,013,Box Butte,0.5551569264635419,6532
2021,may,31,173,Thurston,0.5725125,4
2021,may,31,011,Boone,0.44720000000000004,1
2021,may,31,145,Red Willow,0.6383556991689106,3379
2021,may,31,149,Rock,,0
2021,may,31,005,Arthur,0.6236500000000001,14
2021,may,31,085,Hayes,0.625605913640081,1511
2021,may,31,097,Johnson,0.6204032051282051,78
2021,may,31,003,Antelope,0.4981078947368422,19
2021,may,31,163,Sherman,0.50771,5
2021,may,31,161,Sheridan,0.5650452858292662,2261
2021,may,31,133,Pawnee,0.6497701265891559,73
2021,may,31,075,Grant,,0
2021,may,31,021,Burt,0.47758333333333336,9
2021,may,31,009,Blaine,,0
2021,may,31,027,Cedar,0.56678125,16
2021,may,31,169,Thayer,0.5991240196556012,326
2021,may,31,049,Deuel,0.596236030456897,4437
2021,may,31,123,Morrill,0.5301236134166596,1781
2021,may,31,115,Loup,0.6439666666666666,12
2021,may,31,063,Frontier,0.6130735348268657,1576
2021,may,31,125,Nance,0.5858246611982881,12
2021,may,31,107,Knox,0.6354454407869847,63
2021,may,31,135,Perkins,0.5802771253188833,5006
2021,may,31,037,Colfax,0.5667067800258286,101
2021,may,31,023,Butler,0.5704372549019608,51
2021,may,31,031,Cherry,0.7066549999999999,70
2021,may,31,183,Wheeler,0.5535595238095239,21
2021,may,31,061,Franklin,0.6198671675016897,372
2021,may,31,029,Chase,0.6057867900296358,2397
2021,may,31,059,Fillmore,0.5710415845172512,82
2021,may,31,185,York,0.5348023809523809,42
2021,may,31,035,Clay,0.557512726529742,114
2021,may,31,033,Cheyenne,0.5080688704566245,12256
2021,may,31,069,Garden,0.5919101247190779,2497
2021,may,31,083,Harlan,0.572854690259059,873
2021,may,31,091,Hooker,0.5360833333333334,6
2021,may,31,147,Richardson,0.5739151785714286,56
2021,may,31,065,Furnas,0.60548738836799,2106
2021,may,31,175,Valley,0.61554,5
2021,may,31,141,Platte,0.5415535031847133,30
2021,may,31,121,Merrick,0.5644245740941051,32
2021,may,31,079,Hall,0.5357739412761151,42
2021,may,31,081,Hamilton,0.5320901858415557,82
2021,may,31,093,Howard,0.5949466666666667,15
2021,may,31,001,Adams,0.5790977217226694,209
2021,may,31,099,Kearney,0.5833338762719539,332
2021,may,31,019,Buffalo,0.6428031169325825,186
2021,may,31,073,Gosper,0.5763234848229621,361
2021,may,31,047,Dawson,0.5892572015725519,92
2021,may,37,037,Chatham,0.6803123036649216,9
2021,may,37,115,Madison,,0
2021,may,37,087,Haywood,,0
2021,may,37,021,Buncombe,,0
2021,may,37,089,Henderson,,0
2021,may,37,175,Transylvania,,0
2021,may,37,167,Stanly,0.770025,4
2021,may,37,109,Lincoln,0.7412138888888891,18
2021,may,37,159,Rowan,0.71041,15
2021,may,37,025,Cabarrus,0.7643722222222222,9
2021,may,37,097,Iredell,0.72230625,8
2021,may,37,071,Gaston,0.5737,1
2021,may,37,179,Union,0.668471111111111,45
2021,may,37,119,Mecklenburg,0.54205,2
2021,may,37,045,Cleveland,0.7287500000000001,3
2021,may,37,005,Alleghany,,0
2021,may,37,173,Swain,,0
2021,may,37,011,Avery,,0
2021,may,37,033,Caswell,0.6530568586187107,21
2021,may,37,075,Graham,,0
2021,may,37,007,Anson,0.69588125,16
2021,may,37,149,Polk,,0
2021,may,37,039,Cherokee,,0
2021,may,37,113,Macon,0.49735,2
2021,may,37,009,Ashe,,0
2021,may,37,123,Montgomery,0.41307096774193547,2
2021,may,37,043,Clay,,0
2021,may,37,121,Mitchell,,0
2021,may,37,199,Yancey,,0
2021,may,37,189,Watauga,,0
2021,may,37,099,Jackson,,0
2021,may,37,161,Rutherford,,0
2021,may,37,193,Wilkes,,0
2021,may,37,125,Moore,0.6697458573404012,35
2021,may,37,153,Richmond,0.5611088336614173,24
2021,may,37,093,Hoke,0.585509066564652,6
2021,may,37,165,Scotland,0.6022619565217393,46
2021,may,37,155,Robeson,0.5843957456166072,68
2021,may,37,001,Alamance,0.7054146144910702,28
2021,may,37,151,Randolph,0.7047001022494886,24
2021,may,37,081,Guilford,0.6607236842105263,19
2021,may,37,157,Rockingham,0.6826189655172415,29
2021,may,37,171,Surry,0.7633000000000001,1
2021,may,37,057,Davidson,0.7133958333333332,12
2021,may,37,169,Stokes,0.7095,1
2021,may,37,067,Forsyth,0.7719700000000002,5
2021,may,37,197,Yadkin,0.6250642857142858,7
2021,may,37,059,Davie,0.7345900000000001,10
2021,may,37,027,Caldwell,0.79695,1
2021,may,37,003,Alexander,0.7736423780487803,4
2021,may,37,035,Catawba,0.7282500000000001,3
2021,may,37,023,Burke,0.64475,1
2021,may,37,111,McDowell,,0
2021,may,37,029,Camden,,0
2021,may,37,139,Pasquotank,0.52988,5
2021,may,37,143,Perquimans,,0
2021,may,37,177,Tyrrell,0.38020000000000004,1
2021,may,37,055,Dare,,0
2021,may,37,073,Gates,0.6102500000000001,1
2021,may,37,053,Currituck,0.5403,18
2021,may,37,019,Brunswick,0.579825,4
2021,may,37,031,Carteret,,0
2021,may,37,137,Pamlico,,0
2021,may,37,049,Craven,0.5670999999999999,3
2021,may,37,103,Jones,,0
2021,may,37,085,Harnett,0.5954158632951402,11
2021,may,37,063,Durham,0.7392833333333334,3
2021,may,37,145,Person,0.6887629032258066,31
2021,may,37,135,Orange,0.7289549133730373,15
2021,may,37,181,Vance,0.7379833333333333,3
2021,may,37,077,Granville,0.6592871794871795,39
2021,may,37,069,Franklin,0.6593625000000001,40
2021,may,37,101,Johnston,0.44855103638368243,19
2021,may,37,183,Wake,0.6918333333333333,3
2021,may,37,105,Lee,0.6802030769230768,29
2021,may,37,131,Northampton,0.65141,10
2021,may,37,083,Halifax,0.6941973684210527,19
2021,may,37,127,Nash,0.5983291666666667,12
2021,may,37,065,Edgecombe,0.68065,1
2021,may,37,195,Wilson,0.6173243399156867,18
2021,may,37,163,Sampson,0.47960052767607153,19
2021,may,37,185,Warren,0.7161000000000001,1
2021,may,37,187,Washington,,0
2021,may,37,061,Duplin,,0
2021,may,37,091,Hertford,,0
2021,may,37,017,Bladen,0.55165,1
2021,may,37,095,Hyde,,0
2021,may,37,015,Bertie,0.5412333333333333,3
2021,may,37,079,Greene,,0
2021,may,37,041,Chowan,,0
2021,may,37,117,Martin,0.44273333333333337,12
2021,may,37,047,Columbus,0.52555,8
2021,may,37,191,Wayne,0.5456264705882353,51
2021,may,37,133,Onslow,,0
2021,may,37,107,Lenoir,,0
2021,may,37,129,New Hanover,,0
2021,may,37,141,Pender,0.5599463414634147,41
2021,may,37,051,Cumberland,0.6058500000000001,3
2021,may,37,147,Pitt,0.6215416666666667,6
2021,may,37,013,Beaufort,0.40645000000000003,1
2022,may,17,121,Marion,0.6828000000000001,1
2022,may,17,005,Bond,0.65805,1
2022,may,17,083,Jersey,0.618905,10
2022,may,17,163,St. Clair,0.6836619028974158,6
2022,may,17,027,Clinton,0.4898625,4
2022,may,17,013,Calhoun,0.6673625000000001,4
2022,may,17,119,Madison,0.6571593749999999,16
2022,may,17,133,Monroe,0.5848554610856769,12
2022,may,17,117,Macoupin,0.6992347809922943,117
2022,may,17,171,Scott,0.60095,1
2022,may,17,137,Morgan,0.7198468055966832,55
2022,may,17,107,Logan,0.6134925373134328,67
2022,may,17,129,Menard,0.6951388888888891,108
2022,may,17,167,Sangamon,0.7375801651821864,123
2022,may,17,021,Christian,0.6686903096520987,119
2022,may,17,127,Massac,0.6281800000000001,5
2022,may,17,057,Fulton,0.7138711538461538,104
2022,may,17,175,Stark,0.7314562500000001,56
2022,may,17,203,Woodford,0.6692186600142549,331
2022,may,17,179,Tazewell,0.6309336111972706,203
2022,may,17,123,Marshall,0.6165900118403248,48
2022,may,17,143,Peoria,0.6809692474405548,96
2022,may,17,001,Adams,0.7314563177633002,164
2022,may,17,177,Stephenson,0.6419809887694821,201
2022,may,17,141,Ogle,0.673405049272545,381
2022,may,17,201,Winnebago,0.6590458788335936,231
2022,may,17,007,Boone,0.6103164258527697,220
2022,may,17,025,Clay,0.59802,5
2022,may,17,185,Wabash,,0
2022,may,17,009,Brown,0.7163358695652172,46
2022,may,17,151,Pope,,0
2022,may,17,033,Crawford,0.377,1
2022,may,17,135,Montgomery,0.5976844827586207,29
2022,may,17,055,Franklin,0.6241375,4
2022,may,17,023,Clark,0.6898850000000001,10
2022,may,17,059,Gallatin,,0
2022,may,17,075,Iroquois,0.65046510318614,337
2022,may,17,041,Douglas,0.5947023809523811,42
2022,may,17,189,Washington,0.64741,5
2022,may,17,159,Richland,0.61427,5
2022,may,17,065,Hamilton,0.6604083333333334,6
2022,may,17,193,White,0.73495,2
2022,may,17,169,Schuyler,0.7238500000000002,33
2022,may,17,181,Union,,0
2022,may,17,085,Jo Daviess,0.6857600814876725,76
2022,may,17,125,Mason,0.6709653965839155,57
2022,may,17,191,Wayne,0.6510448387096773,9
2022,may,17,069,Hardin,,0
2022,may,17,061,Greene,0.7568876707132018,11
2022,may,17,157,Randolph,0.6700875,4
2022,may,17,149,Pike,0.7517749999999997,56
2022,may,17,145,Perry,0.65705,1
2022,may,17,087,Johnson,0.52375,2
2022,may,17,173,Shelby,0.6051625763125764,29
2022,may,17,051,Fayette,,0
2022,may,17,139,Moultrie,0.6571458333333333,36
2022,may,17,017,Cass,0.724019831053902,50
2022,may,17,015,Carroll,0.6492110172813695,123
2022,may,17,047,Edwards,0.6602928571428571,7
2022,may,17,079,Jasper,0.5257388888888889,9
2022,may,17,187,Warren,0.6202181818181818,11
2022,may,17,153,Pulaski,,0
2022,may,17,165,Saline,0.64334375,8
2022,may,17,101,Lawrence,0.7444166666666666,3
2022,may,17,045,Edgar,0.6980378787878788,33
2022,may,17,071,Henderson,0.6941083333333334,18
2022,may,17,199,Williamson,0.6877225,20
2022,may,17,077,Jackson,,0
2022,may,17,147,Piatt,0.7007588109860116,72
2022,may,17,053,Ford,0.6193910915806032,121
2022,may,17,019,Champaign,0.6482308149710537,180
2022,may,17,029,Coles,0.69370375,40
2022,may,17,035,Cumberland,0.6202109174457299,25
2022,may,17,183,Vermilion,0.6937784571116525,100
2022,may,17,115,Macon,0.6985190173823319,150
2022,may,17,049,Effingham,0.6131204422730779,17
2022,may,17,067,Hancock,0.6420391361140629,90
2022,may,17,095,Knox,0.642815,20
2022,may,17,109,McDonough,0.6715704765254088,24
2022,may,17,081,Jefferson,0.6629960112359551,5
2022,may,17,113,McLean,0.6727515186721994,72
2022,may,17,039,De Witt,0.7047897947978862,59
2022,may,17,105,Livingston,0.6547952718527412,407
2022,may,17,003,Alexander,,0
2022,may,17,093,Kendall,0.7072834920082046,103
2022,may,17,031,Cook,0.4397399999999999,5
2022,may,17,037,DeKalb,0.6240782937559793,502
2022,may,17,089,Kane,0.6232618910720302,204
2022,may,17,063,Grundy,0.6293008657037769,44
2022,may,17,111,McHenry,0.6393394514433883,399
2022,may,17,197,Will,0.6785929349035611,214
2022,may,17,043,DuPage,0.49619105140186925,11
2022,may,17,097,Lake,0.5946342105263159,19
2022,may,17,091,Kankakee,0.6435435380850992,255
2022,may,17,011,Bureau,0.697457095194533,146
2022,may,17,155,Putnam,0.7010496546961329,60
2022,may,17,099,LaSalle,0.6476101938232927,334
2022,may,17,131,Mercer,0.7004263157894738,19
2022,may,17,161,Rock Island,0.7095833333333332,15
2022,may,17,073,Henry,0.6468525862068965,58
2022,may,17,103,Lee,0.6382028072137563,144
2022,may,17,195,Whiteside,0.6869978915662648,102
2022,may,31,043,Dakota,0.6669,1
2022,may,31,051,Dixon,0.59751,40
2022,may,31,053,Dodge,0.5932055555555557,27
2022,may,31,025,Cass,0.5707989859171884,66
2022,may,31,055,Douglas,0.62155,21
2022,may,31,153,Sarpy,0.4297568181818182,22
2022,may,31,155,Saunders,0.6227947582955099,91
2022,may,31,177,Washington,0.5261800000000001,10
2022,may,31,067,Gage,0.6235731050949695,331
2022,may,31,109,Lancaster,0.5858035188826362,119
2022,may,31,159,Seward,0.5118516536050157,28
2022,may,31,139,Pierce,0.6363232758620689,58
2022,may,31,119,Madison,0.6261104166666667,24
2022,may,31,167,Stanton,0.4533964285714286,14
2022,may,31,117,McPherson,0.41875,7
2022,may,31,111,Lincoln,0.5065221499956869,648
2022,may,31,113,Logan,0.4573424335378323,69
2022,may,31,007,Banner,0.42413518202752354,3341
2022,may,31,157,Scotts Bluff,0.4721287282340101,690
2022,may,31,165,Sioux,0.5964062571584016,275
2022,may,31,039,Cuming,0.6542187500000001,8
2022,may,31,129,Nuckolls,0.5628196915430155,654
2022,may,31,101,Keith,0.5101750649325526,2470
2022,may,31,137,Phelps,0.6225062329339649,142
2022,may,31,181,Webster,0.5858263760413345,1015
2022,may,31,015,Boyd,0.6300216183791137,111
2022,may,31,171,Thomas,,0
2022,may,31,089,Holt,0.6349143750000003,160
2022,may,31,017,Brown,0.62898125,8
2022,may,31,103,Keya Paha,0.5732178486191615,15
2022,may,31,077,Greeley,,0
2022,may,31,095,Jefferson,0.6415123847118406,482
2022,may,31,151,Saline,0.5742084350187653,209
2022,may,31,057,Dundy,0.4759408618856897,2422
2022,may,31,131,Otoe,0.5851720655926351,63
2022,may,31,087,Hitchcock,0.47651085417025807,4025
2022,may,31,105,Kimball,0.36214505705504063,6806
2022,may,31,127,Nemaha,0.5986701754385966,57
2022,may,31,041,Custer,0.5654736210526318,280
2022,may,31,143,Polk,0.6058283783783783,37
2022,may,31,045,Dawes,0.5692191437784538,1731
2022,may,31,179,Wayne,0.5549000000000001,14
2022,may,31,071,Garfield,0.5307000000000001,2
2022,may,31,013,Box Butte,0.5371174744087024,7297
2022,may,31,173,Thurston,0.6348250000000002,22
2022,may,31,011,Boone,0.6195633333333334,15
2022,may,31,145,Red Willow,0.4878550868619033,3185
2022,may,31,149,Rock,0.4401999999999999,26
2022,may,31,005,Arthur,0.5270735294117648,17
2022,may,31,085,Hayes,0.49042262839140793,1749
2022,may,31,097,Johnson,0.594402945636689,87
2022,may,31,003,Antelope,0.5584448717948718,39
2022,may,31,163,Sherman,0.590521875,32
2022,may,31,161,Sheridan,0.5550875494699024,2580
2022,may,31,133,Pawnee,0.6096664835164836,91
2022,may,31,075,Grant,,0
2022,may,31,021,Burt,,0
2022,may,31,009,Blaine,,0
2022,may,31,027,Cedar,0.6380648148148147,54
2022,may,31,169,Thayer,0.586180643136033,432
2022,may,31,049,Deuel,0.48052019075849817,4774
2022,may,31,123,Morrill,0.5300697576289373,2150
2022,may,31,115,Loup,0.4958214285714285,7
2022,may,31,063,Frontier,0.5370415680851465,1903
2022,may,31,125,Nance,0.487833887283237,20
2022,may,31,107,Knox,0.6321428571428571,91
2022,may,31,135,Perkins,0.45705226876889943,6036
2022,may,31,037,Colfax,0.6212623711340206,97
2022,may,31,023,Butler,0.632976724137931,58
2022,may,31,031,Cherry,0.6483497917274127,95
2022,may,31,183,Wheeler,0.62435,30
2022,may,31,061,Franklin,0.5597456446622221,418
2022,may,31,029,Chase,0.5430981730694276,2848
2022,may,31,059,Fillmore,0.6008342553875847,159
2022,may,31,185,York,0.641347627118644,22
2022,may,31,035,Clay,0.576615281731508,90
2022,may,31,033,Cheyenne,0.46150972999745,12241
2022,may,31,069,Garden,0.4977325915519589,2794
2022,may,31,083,Harlan,0.5433882585225677,1270
2022,may,31,091,Hooker,,0
2022,may,31,147,Richardson,0.6405138429752065,52
2022,may,31,065,Furnas,0.4805462568694302,2210
2022,may,31,175,Valley,0.5766073170731706,41
2022,may,31,141,Platte,0.5973546511627909,43
2022,may,31,121,Merrick,0.557436554515558,34
2022,may,31,079,Hall,0.6626562500000001,48
2022,may,31,081,Hamilton,0.5730474884563931,91
2022,may,31,093,Howard,0.6722480000000001,25
2022,may,31,001,Adams,0.4799833222972111,155
2022,may,31,099,Kearney,0.5367107287322116,375
2022,may,31,019,Buffalo,0.5335477747647154,148
2022,may,31,073,Gosper,0.5387115282732949,666
2022,may,31,047,Dawson,0.5497382539537992,138
2022,may,37,037,Chatham,0.7114669603524229,5
2022,may,37,115,Madison,,0
2022,may,37,087,Haywood,,0
2022,may,37,021,Buncombe,,0
2022,may,37,089,Henderson,,0
2022,may,37,175,Transylvania,,0
2022,may,37,167,Stanly,0.80705,1
2022,may,37,109,Lincoln,,0
2022,may,37,159,Rowan,0.7107958333333334,24
2022,may,37,025,Cabarrus,0.5531166666666667,9
2022,may,37,097,Iredell,0.7127600000000001,40
2022,may,37,071,Gaston,,0
2022,may,37,179,Union,0.7216357156116577,44
2022,may,37,119,Mecklenburg,0.7792250000000001,2
2022,may,37,045,Cleveland,0.7234395833333335,24
2022,may,37,005,Alleghany,0.8277833333333334,3
2022,may,37,173,Swain,,0
2022,may,37,011,Avery,,0
2022,may,37,033,Caswell,0.7792428571428572,7
2022,may,37,075,Graham,,0
2022,may,37,007,Anson,0.751265,10
2022,may,37,149,Polk,,0
2022,may,37,039,Cherokee,,0
2022,may,37,113,Macon,,0
2022,may,37,009,Ashe,,0
2022,may,37,123,Montgomery,0.6755,1
2022,may,37,043,Clay,,0
2022,may,37,121,Mitchell,,0
2022,may,37,199,Yancey,,0
2022,may,37,189,Watauga,,0
2022,may,37,099,Jackson,,0
2022,may,37,161,Rutherford,,0
2022,may,37,193,Wilkes,0.801575,2
2022,may,37,125,Moore,0.6738384030418252,2
2022,may,37,153,Richmond,0.70865,1
2022,may,37,093,Hoke,0.566675,4
2022,may,37,165,Scotland,0.6725078947368421,19
2022,may,37,155,Robeson,0.6797000000000001,1
2022,may,37,001,Alamance,0.67006,15
2022,may,37,151,Randolph,0.7507583333333333,6
2022,may,37,081,Guilford,0.7181025,20
2022,may,37,157,Rockingham,0.6727767441860466,43
2022,may,37,171,Surry,0.7008083333333334,6
2022,may,37,057,Davidson,0.7442000000000001,1
2022,may,37,169,Stokes,0.6257,1
2022,may,37,067,Forsyth,,0
2022,may,37,197,Yadkin,0.65225,1
2022,may,37,059,Davie,0.7287363636363636,11
2022,may,37,027,Caldwell,,0
2022,may,37,003,Alexander,,0
2022,may,37,035,Catawba,0.7100428571428571,7
2022,may,37,023,Burke,,0
2022,may,37,111,McDowell,,0
2022,may,37,029,Camden,0.6563077464788734,71
2022,may,37,139,Pasquotank,0.5677000000000001,7
2022,may,37,143,Perquimans,0.543475,2
2022,may,37,177,Tyrrell,,0
2022,may,37,055,Dare,,0
2022,may,37,073,Gates,,0
2022,may,37,053,Currituck,0.6365750000000001,10
2022,may,37,019,Brunswick,,0
2022,may,37,031,Carteret,0.6047000000000001,3
2022,may,37,137,Pamlico,,0
2022,may,37,049,Craven,,0
2022,may,37,103,Jones,0.4421333333333333,3
2022,may,37,085,Harnett,0.6214899181387333,10
2022,may,37,063,Durham,0.7152375,4
2022,may,37,145,Person,0.7318906250000001,16
2022,may,37,135,Orange,0.7633562500000001,8
2022,may,37,181,Vance,0.7179625000000001,8
2022,may,37,077,Granville,0.7150083333333335,30
2022,may,37,069,Franklin,0.7017111069797091,39
2022,may,37,101,Johnston,0.5568166778410997,25
2022,may,37,183,Wake,0.6502807528409091,20
2022,may,37,105,Lee,0.6438470234113712,6
2022,may,37,131,Northampton,0.7555000000000001,1
2022,may,37,083,Halifax,0.6231636363636364,11
2022,may,37,127,Nash,,0
2022,may,37,065,Edgecombe,0.48610000000000003,8
2022,may,37,195,Wilson,0.5677708333333334,12
2022,may,37,163,Sampson,0.5388544117647059,34
2022,may,37,185,Warren,0.5951833333333334,3
2022,may,37,187,Washington,,0
2022,may,37,061,Duplin,0.600604347826087,23
2022,may,37,091,Hertford,,0
2022,may,37,017,Bladen,0.533665625,16
2022,may,37,095,Hyde,,0
2022,may,37,015,Bertie,0.5226285714285716,14
2022,may,37,079,Greene,,0
2022,may,37,041,Chowan,0.6229777777777777,9
2022,may,37,117,Martin,0.5049399999999999,25
2022,may,37,047,Columbus,0.6237857142857143,7
2022,may,37,191,Wayne,0.5094819054652882,3
2022,may,37,133,Onslow,,0
2022,may,37,107,Lenoir,,0
2022,may,37,129,New Hanover,,0
2022,may,37,141,Pender,,0
2022,may,37,051,Cumberland,0.613575,2
2022,may,37,147,Pitt,0.533325,6
2022,may,37,013,Beaufort,0.6296250000000001,2
2023,may,17,121,Marion,0.6865781249999999,16
2023,may,17,005,Bond,0.626375,2
2023,may,17,083,Jersey,0.6702587407178218,39
2023,may,17,163,St. Clair,0.6203035714285713,14
2023,may,17,027,Clinton,0.6408500000000001,5
2023,may,17,013,Calhoun,0.7412375,36
2023,may,17,119,Madison,0.565904411764706,34
2023,may,17,133,Monroe,0.6329034556087187,17
2023,may,17,117,Macoupin,0.6481367634500423,98
2023,may,17,171,Scott,0.671284892379884,41
2023,may,17,137,Morgan,0.6656550191267642,121
2023,may,17,107,Logan,0.6348177777777779,135
2023,may,17,129,Menard,0.6530617149406882,108
2023,may,17,167,Sangamon,0.6520894599093497,200
2023,may,17,021,Christian,0.6650912834997375,90
2023,may,17,127,Massac,0.8016888888888889,9
2023,may,17,057,Fulton,0.6926990463594597,170
2023,may,17,175,Stark,0.6515938447571492,44
2023,may,17,203,Woodford,0.6751065469117387,470
2023,may,17,179,Tazewell,0.639440507341561,308
2023,may,17,123,Marshall,0.6490270408163266,98
2023,may,17,143,Peoria,0.6558680873316776,90
2023,may,17,001,Adams,0.6757217391304344,184
2023,may,17,177,Stephenson,0.6671817126623374,315
2023,may,17,141,Ogle,0.6701763895870732,438
2023,may,17,201,Winnebago,0.6546220669736945,203
2023,may,17,007,Boone,0.6620464404046071,231
2023,may,17,025,Clay,0.7030363636363638,11
2023,may,17,185,Wabash,,0
2023,may,17,009,Brown,0.6976575,60
2023,may,17,151,Pope,,0
2023,may,17,033,Crawford,0.6871925,20
2023,may,17,135,Montgomery,0.6678442729488223,44
2023,may,17,055,Franklin,,0
2023,may,17,023,Clark,0.692761111111111,9
2023,may,17,059,Gallatin,0.21546428571428572,7
2023,may,17,075,Iroquois,0.6176575083746725,431
2023,may,17,041,Douglas,0.6793233446109235,151
2023,may,17,189,Washington,0.6535875,4
2023,may,17,159,Richland,0.6697500000000001,2
2023,may,17,065,Hamilton,0.7145833333333332,3
2023,may,17,193,White,0.6095214285714287,7
2023,may,17,169,Schuyler,0.6869840579710145,69
2023,may,17,181,Union,0.7668250000000001,2
2023,may,17,085,Jo Daviess,0.6940782680276589,120
2023,may,17,125,Mason,0.6081263180349852,129
2023,may,17,191,Wayne,0.663845,10
2023,may,17,069,Hardin,,0
2023,may,17,061,Greene,0.6513168876026888,85
2023,may,17,157,Randolph,0.6475437412831241,12
2023,may,17,149,Pike,0.6743768595041322,121
2023,may,17,145,Perry,0.8022250000000001,2
2023,may,17,087,Johnson,,0
2023,may,17,173,Shelby,0.6502554945054941,91
2023,may,17,051,Fayette,0.57584,10
2023,may,17,139,Moultrie,0.6756798532731377,105
2023,may,17,017,Cass,0.6855318557935348,150
2023,may,17,015,Carroll,0.6271529930381957,147
2023,may,17,047,Edwards,0.6138590909090911,11
2023,may,17,079,Jasper,0.5955,10
2023,may,17,187,Warren,0.6224903225806452,31
2023,may,17,153,Pulaski,,0
2023,may,17,165,Saline,0.5408875,4
2023,may,17,101,Lawrence,0.7741617647058824,17
2023,may,17,045,Edgar,0.7257603153030716,59
2023,may,17,071,Henderson,0.6502821428571428,28
2023,may,17,199,Williamson,,0
2023,may,17,077,Jackson,0.5408250000000001,2
2023,may,17,147,Piatt,0.7219741737912206,113
2023,may,17,053,Ford,0.5887369348804247,239
2023,may,17,019,Champaign,0.6386613884856183,350
2023,may,17,029,Coles,0.624826605112998,88
2023,may,17,035,Cumberland,0.6062823163138232,54
2023,may,17,183,Vermilion,0.6726004682906342,188
2023,may,17,115,Macon,0.6956428761435737,220
2023,may,17,049,Effingham,0.6026611111111113,36
2023,may,17,067,Hancock,0.6529466925393884,136
2023,may,17,095,Knox,0.622730985915493,71
2023,may,17,109,McDonough,0.6271181983290955,22
2023,may,17,081,Jefferson,0.69603125,16
2023,may,17,113,McLean,0.6596769580949011,202
2023,may,17,039,De Witt,0.6277553846153846,65
2023,may,17,105,Livingston,0.6227600745623598,525
2023,may,17,003,Alexander,,0
2023,may,17,093,Kendall,0.6981054167047424,87
2023,may,17,031,Cook,0.5538888888888889,9
2023,may,17,037,DeKalb,0.6570831898390288,603
2023,may,17,089,Kane,0.6618365688239322,166
2023,may,17,063,Grundy,0.6395707181630995,63
2023,may,17,111,McHenry,0.7024588440840468,429
2023,may,17,197,Will,0.6329964567891173,339
2023,may,17,043,DuPage,,0
2023,may,17,097,Lake,0.7157033898305089,40
2023,may,17,091,Kankakee,0.625137721884452,259
2023,may,17,011,Bureau,0.6977444076008177,200
2023,may,17,155,Putnam,0.6634223913043479,77
2023,may,17,099,LaSalle,0.6563753292248365,465
2023,may,17,131,Mercer,0.6781266666666669,30
2023,may,17,161,Rock Island,0.5705846153846154,26
2023,may,17,073,Henry,0.5932383751045945,99
2023,may,17,103,Lee,0.6518980659378537,162
2023,may,17,195,Whiteside,0.644038483206092,203
2023,may,31,043,Dakota,0.538975,4
2023,may,31,051,Dixon,0.5279117647058823,17
2023,may,31,053,Dodge,0.590631376146789,33
2023,may,31,025,Cass,0.5485590909090909,33
2023,may,31,055,Douglas,0.463036,25
2023,may,31,153,Sarpy,0.43328620689655173,29
2023,may,31,155,Saunders,0.496824104084658,78
2023,may,31,177,Washington,0.5583305555555556,18
2023,may,31,067,Gage,0.6163762303922238,288
2023,may,31,109,Lancaster,0.48644339622641514,53
2023,may,31,159,Seward,0.4835692307692308,13
2023,may,31,139,Pierce,0.6413693181818181,44
2023,may,31,119,Madison,0.5248038461538462,13
2023,may,31,167,Stanton,0.5289906349206349,3
2023,may,31,117,McPherson,0.480202380952381,21
2023,may,31,111,Lincoln,0.5564775225439429,895
2023,may,31,113,Logan,0.49882962962962973,27
2023,may,31,007,Banner,0.4340485678505059,3431
2023,may,31,157,Scotts Bluff,0.5188459186614641,570
2023,may,31,165,Sioux,0.51847734657593,129
2023,may,31,039,Cuming,0.5126038461538461,13
2023,may,31,129,Nuckolls,0.42118412713096276,450
2023,may,31,101,Keith,0.5238620634097383,2137
2023,may,31,137,Phelps,0.5767854554690149,198
2023,may,31,181,Webster,0.47528250302583464,855
2023,may,31,015,Boyd,0.5917070786086792,85
2023,may,31,171,Thomas,0.521525,4
2023,may,31,089,Holt,0.6243189075630251,119
2023,may,31,017,Brown,0.45087,5
2023,may,31,103,Keya Paha,0.6923083333333334,6
2023,may,31,077,Greeley,0.49735,1
2023,may,31,095,Jefferson,0.5884461946769709,484
2023,may,31,151,Saline,0.41865610404034354,133
2023,may,31,057,Dundy,0.6037989479542165,3204
2023,may,31,131,Otoe,0.6081718181818182,110
2023,may,31,087,Hitchcock,0.5849782444608449,4938
2023,may,31,105,Kimball,0.41660925872358073,6751
2023,may,31,127,Nemaha,0.6392385057471264,87
2023,may,31,041,Custer,0.5875860538510709,148
2023,may,31,143,Polk,0.5092351474278545,38
2023,may,31,045,Dawes,0.5560946358833646,1380
2023,may,31,179,Wayne,0.4204437860082305,5
2023,may,31,071,Garfield,0.6894,6
2023,may,31,013,Box Butte,0.5739506323016622,6908
2023,may,31,173,Thurston,0.5552166666666667,3
2023,may,31,011,Boone,0.6006,1
2023,may,31,145,Red Willow,0.5974358943357526,3948
2023,may,31,149,Rock,0.5906,1
2023,may,31,005,Arthur,0.6730568181818183,22
2023,may,31,085,Hayes,0.5880894122229828,2362
2023,may,31,097,Johnson,0.6603908783783782,148
2023,may,31,003,Antelope,0.50385,3
2023,may,31,163,Sherman,0.6044583333333333,6
2023,may,31,161,Sheridan,0.5741063139383396,2250
2023,may,31,133,Pawnee,0.6392869565217391,92
2023,may,31,075,Grant,,0
2023,may,31,021,Burt,0.5723833333333334,6
2023,may,31,009,Blaine,0.53325,4
2023,may,31,027,Cedar,0.7622450000000001,10
2023,may,31,169,Thayer,0.5011541064491776,429
2023,may,31,049,Deuel,0.5589898040361999,4980
2023,may,31,123,Morrill,0.5447016511248436,1745
2023,may,31,115,Loup,,0
2023,may,31,063,Frontier,0.6170491978753887,1974
2023,may,31,125,Nance,0.5420467391304348,46
2023,may,31,107,Knox,0.6464008928571428,56
2023,may,31,135,Perkins,0.5852980064420437,7623
2023,may,31,037,Colfax,0.5307504711425206,50
2023,may,31,023,Butler,0.5616548617350503,40
2023,may,31,031,Cherry,0.7011429899539326,212
2023,may,31,183,Wheeler,0.5773354166666667,24
2023,may,31,061,Franklin,0.5163398317281583,443
2023,may,31,029,Chase,0.6132203787235977,3423
2023,may,31,059,Fillmore,0.45224974204846646,83
2023,may,31,185,York,0.4964266666666667,30
2023,may,31,035,Clay,0.5813374191404522,93
2023,may,31,033,Cheyenne,0.5130561302829686,12352
2023,may,31,069,Garden,0.5425052513854909,2758
2023,may,31,083,Harlan,0.5270768813498412,1350
2023,may,31,091,Hooker,0.46426666666666666,3
2023,may,31,147,Richardson,0.6999442437557819,170
2023,may,31,065,Furnas,0.572988044401615,3618
2023,may,31,175,Valley,0.6029625000000001,8
2023,may,31,141,Platte,0.5321051840822957,16
2023,may,31,121,Merrick,0.5289602358633203,13
2023,may,31,079,Hall,0.5748403846153847,52
2023,may,31,081,Hamilton,0.5130028089887642,89
2023,may,31,093,Howard,0.5769794972182156,20
2023,may,31,001,Adams,0.559739279942185,301
2023,may,31,099,Kearney,0.4762843486461164,328
2023,may,31,019,Buffalo,0.5993658508372082,172
2023,may,31,073,Gosper,0.5923051891769666,891
2023,may,31,047,Dawson,0.5853483991086611,207
2023,may,37,037,Chatham,,0
2023,may,37,115,Madison,,0
2023,may,37,087,Haywood,,0
2023,may,37,021,Buncombe,,0
2023,may,37,089,Henderson,,0
2023,may,37,175,Transylvania,,0
2023,may,37,167,Stanly,0.7736277777777779,9
2023,may,37,109,Lincoln,0.7281750000000001,16
2023,may,37,159,Rowan,0.7656000000000001,7
2023,may,37,025,Cabarrus,0.7986000000000001,1
2023,may,37,097,Iredell,0.7030000000000001,1
2023,may,37,071,Gaston,,0
2023,may,37,179,Union,0.6692350000000001,10
2023,may,37,119,Mecklenburg,0.7674,3
2023,may,37,045,Cleveland,0.699414431088649,29
2023,may,37,005,Alleghany,0.824725,2
2023,may,37,173,Swain,,0
2023,may,37,011,Avery,,0
2023,may,37,033,Caswell,0.7262444444444444,18
2023,may,37,075,Graham,,0
2023,may,37,007,Anson,0.7491159090909091,22
2023,may,37,149,Polk,,0
2023,may,37,039,Cherokee,,0
2023,may,37,113,Macon,,0
2023,may,37,009,Ashe,,0
2023,may,37,123,Montgomery,,0
2023,may,37,043,Clay,,0
2023,may,37,121,Mitchell,,0
2023,may,37,199,Yancey,,0
2023,may,37,189,Watauga,,0
2023,may,37,099,Jackson,,0
2023,may,37,161,Rutherford,,0
2023,may,37,193,Wilkes,,0
2023,may,37,125,Moore,0.6588900000000001,5
2023,may,37,153,Richmond,,0
2023,may,37,093,Hoke,,0
2023,may,37,165,Scotland,0.5943125000000001,8
2023,may,37,155,Robeson,0.62065,5
2023,may,37,001,Alamance,0.6841692307692309,13
2023,may,37,151,Randolph,0.708075,4
2023,may,37,081,Guilford,0.7754785714285715,7
2023,may,37,157,Rockingham,0.6850083333333334,18
2023,may,37,171,Surry,,0
2023,may,37,057,Davidson,0.6796375,8
2023,may,37,169,Stokes,0.7301,2
2023,may,37,067,Forsyth,,0
2023,may,37,197,Yadkin,,0
2023,may,37,059,Davie,,0
2023,may,37,027,Caldwell,0.83345,1
2023,may,37,003,Alexander,0.75525,2
2023,may,37,035,Catawba,0.7849900000000002,10
2023,may,37,023,Burke,,0
2023,may,37,111,McDowell,,0
2023,may,37,029,Camden,0.5811026041666669,96
2023,may,37,139,Pasquotank,0.5968249999999999,6
2023,may,37,143,Perquimans,0.7015875,8
2023,may,37,177,Tyrrell,,0
2023,may,37,055,Dare,,0
2023,may,37,073,Gates,0.6789142857142858,7
2023,may,37,053,Currituck,0.5444625000000001,4
2023,may,37,019,Brunswick,,0
2023,may,37,031,Carteret,,0
2023,may,37,137,Pamlico,,0
2023,may,37,049,Craven,0.49010000000000004,1
2023,may,37,103,Jones,0.5087,1
2023,may,37,085,Harnett,0.6073653816720873,21
2023,may,37,063,Durham,0.7790250000000001,2
2023,may,37,145,Person,0.7504000000000001,11
2023,may,37,135,Orange,0.7422300000000001,5
2023,may,37,181,Vance,0.745925,2
2023,may,37,077,Granville,0.7800736842105264,19
2023,may,37,069,Franklin,0.7001344827586208,58
2023,may,37,101,Johnston,0.565145884289746,26
2023,may,37,183,Wake,0.6629425431711147,19
2023,may,37,105,Lee,0.7350333333333334,6
2023,may,37,131,Northampton,,0
2023,may,37,083,Halifax,0.6049666666666665,9
2023,may,37,127,Nash,0.47716250000000004,4
2023,may,37,065,Edgecombe,0.549088,25
2023,may,37,195,Wilson,0.5882071428571428,7
2023,may,37,163,Sampson,0.5321370370370371,27
2023,may,37,185,Warren,,0
2023,may,37,187,Washington,,0
2023,may,37,061,Duplin,0.5475555555555556,9
2023,may,37,091,Hertford,0.660821875,16
2023,may,37,017,Bladen,0.66603125,8
2023,may,37,095,Hyde,0.46445000000000003,1
2023,may,37,015,Bertie,0.5756344827586208,29
2023,may,37,079,Greene,0.5612089743589744,39
2023,may,37,041,Chowan,0.579275,28
2023,may,37,117,Martin,0.5128572463768115,69
2023,may,37,047,Columbus,0.6368333333333333,3
2023,may,37,191,Wayne,0.5098375,8
2023,may,37,133,Onslow,0.6009166666666667,3
2023,may,37,107,Lenoir,,0
2023,may,37,129,New Hanover,,0
2023,may,37,141,Pender,0.6913416666666666,12
2023,may,37,051,Cumberland,0.5679333333333333,3
2023,may,37,147,Pitt,0.5869179245283018,53
2023,may,37,013,Beaufort,0.62734,5
2024,may,17,121,Marion,0.5575966337129271,32
2024,may,17,005,Bond,0.5731,43
2024,may,17,083,Jersey,0.6796928571428571,21
2024,may,17,163,St. Clair,0.5918676470588236,17
2024,may,17,027,Clinton,0.48983182833439687,51
2024,may,17,013,Calhoun,0.7719083333333332,12
2024,may,17,119,Madison,0.618088475489688,38
2024,may,17,133,Monroe,0.645909090909091,11
2024,may,17,117,Macoupin,0.663584090909091,44
2024,may,17,171,Scott,0.6848916666666667,12
2024,may,17,137,Morgan,0.7039618378240976,78
2024,may,17,107,Logan,0.6397587912087914,91
2024,may,17,129,Menard,0.6908133313611525,113
2024,may,17,167,Sangamon,0.6477243287499999,159
2024,may,17,021,Christian,0.6972885245901639,61
2024,may,17,127,Massac,,0
2024,may,17,057,Fulton,0.7350423144825194,136
2024,may,17,175,Stark,0.6853499398737349,42
2024,may,17,203,Woodford,0.7274592188776474,376
2024,may,17,179,Tazewell,0.6809451800249992,132
2024,may,17,123,Marshall,0.7243315400941218,43
2024,may,17,143,Peoria,0.6828993368192833,62
2024,may,17,001,Adams,0.700628099173554,121
2024,may,17,177,Stephenson,0.7121915130842074,272
2024,may,17,141,Ogle,0.7341252173695544,393
2024,may,17,201,Winnebago,0.7279991585610627,259
2024,may,17,007,Boone,0.7333769541979854,186
2024,may,17,025,Clay,0.6182850000000001,30
2024,may,17,185,Wabash,,0
2024,may,17,009,Brown,0.6854666666666666,42
2024,may,17,151,Pope,,0
2024,may,17,033,Crawford,0.60586,10
2024,may,17,135,Montgomery,0.6788235576923074,104
2024,may,17,055,Franklin,0.5936250000000001,2
2024,may,17,023,Clark,0.6337144067796608,59
2024,may,17,059,Gallatin,0.62775,3
2024,may,17,075,Iroquois,0.6704941457098073,173
2024,may,17,041,Douglas,0.6485876659991572,75
2024,may,17,189,Washington,0.5938057692307694,26
2024,may,17,159,Richland,0.528775,2
2024,may,17,065,Hamilton,0.65875,17
2024,may,17,193,White,0.590640909090909,11
2024,may,17,169,Schuyler,0.750559772913977,67
2024,may,17,181,Union,,0
2024,may,17,085,Jo Daviess,0.7621492821985236,135
2024,may,17,125,Mason,0.6419266901280415,151
2024,may,17,191,Wayne,0.6989289473684209,19
2024,may,17,069,Hardin,,0
2024,may,17,061,Greene,0.7460872093023257,43
2024,may,17,157,Randolph,0.6758256410256411,39
2024,may,17,149,Pike,0.7674938202247191,89
2024,may,17,145,Perry,0.6282664118490205,25
2024,may,17,087,Johnson,0.6646000000000001,2
2024,may,17,173,Shelby,0.6964979591836736,98
2024,may,17,051,Fayette,0.6419367116223722,30
2024,may,17,139,Moultrie,0.6756660000000001,50
2024,may,17,017,Cass,0.7437541666666668,58
2024,may,17,015,Carroll,0.7165787878787879,165
2024,may,17,047,Edwards,0.56315,8
2024,may,17,079,Jasper,0.5741232984851716,37
2024,may,17,187,Warren,0.6894598425863238,24
2024,may,17,153,Pulaski,,0
2024,may,17,165,Saline,0.5923444444444446,9
2024,may,17,101,Lawrence,0.6190100000000001,5
2024,may,17,045,Edgar,0.634478947368421,19
2024,may,17,071,Henderson,0.6733198132210217,43
2024,may,17,199,Williamson,0.6255357142857143,7
2024,may,17,077,Jackson,0.7075702586206897,12
2024,may,17,147,Piatt,0.7130172751598713,88
2024,may,17,053,Ford,0.666281335680195,117
2024,may,17,019,Champaign,0.6374140343862454,79
2024,may,17,029,Coles,0.6414911764705884,51
2024,may,17,035,Cumberland,0.6230225,20
2024,may,17,183,Vermilion,0.7018004339834576,116
2024,may,17,115,Macon,0.672626137761378,96
2024,may,17,049,Effingham,0.611815090655509,58
2024,may,17,067,Hancock,0.7371011627906973,86
2024,may,17,095,Knox,0.7230221796825631,107
2024,may,17,109,McDonough,0.6817400077559462,17
2024,may,17,081,Jefferson,0.6359847222222222,36
2024,may,17,113,McLean,0.6698566877984994,139
2024,may,17,039,De Witt,0.6822387096774194,93
2024,may,17,105,Livingston,0.6576448234487483,286
2024,may,17,003,Alexander,0.6302833333333333,6
2024,may,17,093,Kendall,0.7547671657263272,116
2024,may,17,031,Cook,0.8224124999999999,40
2024,may,17,037,DeKalb,0.7457210098538681,586
2024,may,17,089,Kane,0.7331311800999105,215
2024,may,17,063,Grundy,0.6578942307692307,26
2024,may,17,111,McHenry,0.7587029185155515,376
2024,may,17,197,Will,0.734792485549133,173
2024,may,17,043,DuPage,0.8010047965116279,2
2024,may,17,097,Lake,0.7960292682926826,41
2024,may,17,091,Kankakee,0.6936341299836964,160
2024,may,17,011,Bureau,0.768829832547376,180
2024,may,17,155,Putnam,0.7544384615384616,13
2024,may,17,099,LaSalle,0.7547182066383246,303
2024,may,17,131,Mercer,0.71179,25
2024,may,17,161,Rock Island,0.6817479114321607,26
2024,may,17,073,Henry,0.7240965563626579,75
2024,may,17,103,Lee,0.7532057591809165,117
2024,may,17,195,Whiteside,0.7283072072072071,111
2024,may,31,043,Dakota,0.6183125,4
2024,may,31,051,Dixon,0.6493443586094734,59
2024,may,31,053,Dodge,0.5623336637977994,37
2024,may,31,025,Cass,0.6684921875000004,64
2024,may,31,055,Douglas,0.6460818181818181,33
2024,may,31,153,Sarpy,0.6286583333333333,6
2024,may,31,155,Saunders,0.6671933593749998,128
2024,may,31,177,Washington,0.6657903846153848,26
2024,may,31,067,Gage,0.6841772244381373,309
2024,may,31,109,Lancaster,0.6048643312524904,89
2024,may,31,159,Seward,0.6520416666666667,18
2024,may,31,139,Pierce,0.7164733942687748,96
2024,may,31,119,Madison,0.7160666666666669,39
2024,may,31,167,Stanton,0.7295955093397046,37
2024,may,31,117,McPherson,,0
2024,may,31,111,Lincoln,0.6674613433655207,529
2024,may,31,113,Logan,0.6383625,24
2024,may,31,007,Banner,0.5158144715883111,2256
2024,may,31,157,Scotts Bluff,0.6040720112048067,276
2024,may,31,165,Sioux,0.6595645014701947,164
2024,may,31,039,Cuming,0.6591583333333334,24
2024,may,31,129,Nuckolls,0.6722970715046578,703
2024,may,31,101,Keith,0.6216638726037493,1860
2024,may,31,137,Phelps,0.6101934357686527,156
2024,may,31,181,Webster,0.7068972374125367,899
2024,may,31,015,Boyd,0.7743516773959561,45
2024,may,31,171,Thomas,,0
2024,may,31,089,Holt,0.7139500000000001,87
2024,may,31,017,Brown,0.5760857142857143,7
2024,may,31,103,Keya Paha,0.8083868421052633,19
2024,may,31,077,Greeley,0.6744875,4
2024,may,31,095,Jefferson,0.6919551574679164,501
2024,may,31,151,Saline,0.656472899159664,238
2024,may,31,057,Dundy,0.6566042844558861,2436
2024,may,31,131,Otoe,0.6482951718656863,121
2024,may,31,087,Hitchcock,0.7204265895948878,4649
2024,may,31,105,Kimball,0.4530044331792243,4656
2024,may,31,127,Nemaha,0.6539794117647058,34
2024,may,31,041,Custer,0.6981994545274222,119
2024,may,31,143,Polk,0.6656724999999999,20
2024,may,31,045,Dawes,0.6734613829375588,1156
2024,may,31,179,Wayne,0.6553767641293695,26
2024,may,31,071,Garfield,0.695655,10
2024,may,31,013,Box Butte,0.6304593257331516,5852
2024,may,31,173,Thurston,0.6065225806451614,31
2024,may,31,011,Boone,0.6909700000000001,20
2024,may,31,145,Red Willow,0.6943007521922495,3865
2024,may,31,149,Rock,0.5387666666666667,3
2024,may,31,005,Arthur,0.7632,1
2024,may,31,085,Hayes,0.6786717680895451,1660
2024,may,31,097,Johnson,0.6794556962025315,79
2024,may,31,003,Antelope,0.748096590909091,44
2024,may,31,163,Sherman,0.6416750000000001,18
2024,may,31,161,Sheridan,0.6683054298680132,1655
2024,may,31,133,Pawnee,0.6570050776089827,96
2024,may,31,075,Grant,,0
2024,may,31,021,Burt,0.6997374387455081,15
2024,may,31,009,Blaine,,0
2024,may,31,027,Cedar,0.6263550000000001,10
2024,may,31,169,Thayer,0.695798755911887,398
2024,may,31,049,Deuel,0.6257298714249193,5167
2024,may,31,123,Morrill,0.6142395794823009,1313
2024,may,31,115,Loup,0.7128000000000001,2
2024,may,31,063,Frontier,0.6865836215000986,1956
2024,may,31,125,Nance,0.6756627802906363,82
2024,may,31,107,Knox,0.7496634712190852,56
2024,may,31,135,Perkins,0.6114167958688799,5507
2024,may,31,037,Colfax,0.6895003609040352,100
2024,may,31,023,Butler,0.6120845454545455,55
2024,may,31,031,Cherry,0.7112599137931034,116
2024,may,31,183,Wheeler,0.6674500000000001,5
2024,may,31,061,Franklin,0.6508103388169255,359
2024,may,31,029,Chase,0.6513731745565847,2619
2024,may,31,059,Fillmore,0.6741027744182666,82
2024,may,31,185,York,,0
2024,may,31,035,Clay,0.630589484902309,104
2024,may,31,033,Cheyenne,0.5684143074933053,10169
2024,may,31,069,Garden,0.6013886397739724,2674
2024,may,31,083,Harlan,0.6179146464665926,1024
2024,may,31,091,Hooker,,0
2024,may,31,147,Richardson,0.6711784090909091,44
2024,may,31,065,Furnas,0.6823488005186541,3054
2024,may,31,175,Valley,0.7351256410256412,39
2024,may,31,141,Platte,0.6227382885068627,57
2024,may,31,121,Merrick,0.6457623491663008,72
2024,may,31,079,Hall,0.6188071428571428,21
2024,may,31,081,Hamilton,0.6422614583333334,48
2024,may,31,093,Howard,0.70869,40
2024,may,31,001,Adams,0.6300584712762493,278
2024,may,31,099,Kearney,0.5924655409987253,290
2024,may,31,019,Buffalo,0.7160440860215057,186
2024,may,31,073,Gosper,0.6802042850126336,618
2024,may,31,047,Dawson,0.7065559915333778,203
2024,may,37,037,Chatham,0.8397,2
2024,may,37,115,Madison,0.7569,1
2024,may,37,087,Haywood,0.5526,2
2024,may,37,021,Buncombe,0.75575,1
2024,may,37,089,Henderson,,0
2024,may,37,175,Transylvania,,0
2024,may,37,167,Stanly,0.6132500000000001,1
2024,may,37,109,Lincoln,0.7256333333333335,3
2024,may,37,159,Rowan,0.7616666666666667,3
2024,may,37,025,Cabarrus,0.6287000000000001,7
2024,may,37,097,Iredell,0.7349852941176471,17
2024,may,37,071,Gaston,,0
2024,may,37,179,Union,0.6186416666666666,24
2024,may,37,119,Mecklenburg,0.7468,1
2024,may,37,045,Cleveland,0.7429818181818182,11
2024,may,37,005,Alleghany,,0
2024,may,37,173,Swain,,0
2024,may,37,011,Avery,,0
2024,may,37,033,Caswell,,0
2024,may,37,075,Graham,,0
2024,may,37,007,Anson,0.6890916666666667,24
2024,may,37,149,Polk,,0
2024,may,37,039,Cherokee,,0
2024,may,37,113,Macon,,0
2024,may,37,009,Ashe,,0
2024,may,37,123,Montgomery,0.7881250000000001,2
2024,may,37,043,Clay,,0
2024,may,37,121,Mitchell,,0
2024,may,37,199,Yancey,,0
2024,may,37,189,Watauga,,0
2024,may,37,099,Jackson,,0
2024,may,37,161,Rutherford,,0
2024,may,37,193,Wilkes,,0
2024,may,37,125,Moore,0.6585204545454545,22
2024,may,37,153,Richmond,0.6281633333333334,15
2024,may,37,093,Hoke,0.7195166666666667,3
2024,may,37,165,Scotland,0.7012090909090909,33
2024,may,37,155,Robeson,0.6592414285714285,35
2024,may,37,001,Alamance,0.7382723009446696,18
2024,may,37,151,Randolph,0.7591666666666668,18
2024,may,37,081,Guilford,0.7167739046617595,34
2024,may,37,157,Rockingham,0.7061315789473683,19
2024,may,37,171,Surry,0.7026622314453126,9
2024,may,37,057,Davidson,0.7609,1
2024,may,37,169,Stokes,0.777525,2
2024,may,37,067,Forsyth,,0
2024,may,37,197,Yadkin,0.6836745033112582,5
2024,may,37,059,Davie,,0
2024,may,37,027,Caldwell,0.759975,6
2024,may,37,003,Alexander,0.8367,1
2024,may,37,035,Catawba,0.7233961538461536,26
2024,may,37,023,Burke,0.69575,1
2024,may,37,111,McDowell,,0
2024,may,37,029,Camden,0.6620250000000001,2
2024,may,37,139,Pasquotank,0.5808176470588234,17
2024,may,37,143,Perquimans,0.5123012195121952,3
2024,may,37,177,Tyrrell,0.5847125000000001,4
2024,may,37,055,Dare,,0
2024,may,37,073,Gates,,0
2024,may,37,053,Currituck,0.632404716981132,53
2024,may,37,019,Brunswick,0.7339833333333333,9
2024,may,37,031,Carteret,,0
2024,may,37,137,Pamlico,,0
2024,may,37,049,Craven,0.39915,1
2024,may,37,103,Jones,0.7896375,4
2024,may,37,085,Harnett,0.6789875,20
2024,may,37,063,Durham,,0
2024,may,37,145,Person,,0
2024,may,37,135,Orange,0.7901666666666668,12
2024,may,37,181,Vance,0.7168083333333334,6
2024,may,37,077,Granville,0.735411111111111,9
2024,may,37,069,Franklin,0.6970496235884567,4
2024,may,37,101,Johnston,0.4293833333333334,6
2024,may,37,183,Wake,0.610475,6
2024,may,37,105,Lee,0.6198000000000001,2
2024,may,37,131,Northampton,0.6098271996643213,61
2024,may,37,083,Halifax,0.6428277777777778,63
2024,may,37,127,Nash,0.6126833333333334,3
2024,may,37,065,Edgecombe,0.5657350000000001,20
2024,may,37,195,Wilson,0.557559090909091,11
2024,may,37,163,Sampson,0.6145066666666668,15
2024,may,37,185,Warren,0.7226257631430187,14
2024,may,37,187,Washington,0.509225,2
2024,may,37,061,Duplin,0.6491982142857143,28
2024,may,37,091,Hertford,0.6893125,4
2024,may,37,017,Bladen,0.69002,5
2024,may,37,095,Hyde,0.64425,1
2024,may,37,015,Bertie,0.6540672413793104,29
2024,may,37,079,Greene,0.50705,4
2024,may,37,041,Chowan,0.6510344894026976,7
2024,may,37,117,Martin,0.6052250000000001,4
2024,may,37,047,Columbus,0.7167791666666666,12
2024,may,37,191,Wayne,0.5563166666666667,3
2024,may,37,133,Onslow,0.47000000000000003,1
2024,may,37,107,Lenoir,0.70415,1
2024,may,37,129,New Hanover,,0
2024,may,37,141,Pender,,0
2024,may,37,051,Cumberland,0.6160000000000001,2
2024,may,37,147,Pitt,0.5681131578947367,19
2024,may,37,013,Beaufort,0.5426846153846154,13
2025,may,17,121,Marion,0.6824667135709818,38
2025,may,17,005,Bond,0.7003097144846797,29
2025,may,17,083,Jersey,0.7084511627906976,43
2025,may,17,163,St. Clair,0.6383292407383165,153
2025,may,17,027,Clinton,0.6416001789450498,74
2025,may,17,013,Calhoun,0.7831875,56
2025,may,17,119,Madison,0.6789863749453654,120
2025,may,17,133,Monroe,0.7244017781883261,70
2025,may,17,117,Macoupin,0.6835211678832117,137
2025,may,17,171,Scott,0.7590399999999999,10
2025,may,17,137,Morgan,0.6922412488035736,148
2025,may,17,107,Logan,0.6350509090909089,55
2025,may,17,129,Menard,0.705844063710719,139
2025,may,17,167,Sangamon,0.6965878052368344,147
2025,may,17,021,Christian,0.6583651747738939,82
2025,may,17,127,Massac,0.6305666666666667,3
2025,may,17,057,Fulton,0.7178213864975077,217
2025,may,17,175,Stark,0.7355398437500001,64
2025,may,17,203,Woodford,0.6815036616862326,370
2025,may,17,179,Tazewell,0.6558740490278953,179
2025,may,17,123,Marshall,0.7353110862823787,44
2025,may,17,143,Peoria,0.6673216674997118,103
2025,may,17,001,Adams,0.6849857514660342,241
2025,may,17,177,Stephenson,0.6280211913477998,284
2025,may,17,141,Ogle,0.6961072352511988,381
2025,may,17,201,Winnebago,0.6607603072660322,445
2025,may,17,007,Boone,0.6416735327649961,389
2025,may,17,025,Clay,0.670037252020573,54
2025,may,17,185,Wabash,0.6925,3
2025,may,17,009,Brown,0.7247687130587366,85
2025,may,17,151,Pope,0.830930303030303,33
2025,may,17,033,Crawford,0.6956724719689822,78
2025,may,17,135,Montgomery,0.7086481934755438,98
2025,may,17,055,Franklin,0.7367253759644306,90
2025,may,17,023,Clark,0.7331093749999997,32
2025,may,17,059,Gallatin,,0
2025,may,17,075,Iroquois,0.652068439716312,282
2025,may,17,041,Douglas,0.6992065079860978,101
2025,may,17,189,Washington,0.68119810999325,123
2025,may,17,159,Richland,0.6208923076923075,26
2025,may,17,065,Hamilton,0.7100592572802563,46
2025,may,17,193,White,0.6908157894736842,19
2025,may,17,169,Schuyler,0.7087059375135041,91
2025,may,17,181,Union,0.8158770375161708,40
2025,may,17,085,Jo Daviess,0.6966600060305242,170
2025,may,17,125,Mason,0.6317199498323202,145
2025,may,17,191,Wayne,0.649520681442406,100
2025,may,17,069,Hardin,,0
2025,may,17,061,Greene,0.7104374999999999,56
2025,may,17,157,Randolph,0.7217780235564494,82
2025,may,17,149,Pike,0.7288762886597941,97
2025,may,17,145,Perry,0.7359105882352938,85
2025,may,17,087,Johnson,0.7622274739583337,23
2025,may,17,173,Shelby,0.6506373409371992,143
2025,may,17,051,Fayette,0.7123634934327692,72
2025,may,17,139,Moultrie,0.6505173620144955,43
2025,may,17,017,Cass,0.7380004356982065,112
2025,may,17,015,Carroll,0.7014453988313895,209
2025,may,17,047,Edwards,0.6865494831120221,45
2025,may,17,079,Jasper,0.6202103448275862,29
2025,may,17,187,Warren,0.6501657894736842,19
2025,may,17,153,Pulaski,0.7492662790697675,43
2025,may,17,165,Saline,0.689136,25
2025,may,17,101,Lawrence,0.6872741118669692,36
2025,may,17,045,Edgar,0.6996765865730024,50
2025,may,17,071,Henderson,0.6960612050966326,74
2025,may,17,199,Williamson,0.7482208545540687,67
2025,may,17,077,Jackson,0.7030601454224836,316
2025,may,17,147,Piatt,0.6333621018897844,62
2025,may,17,053,Ford,0.6904725052457427,200
2025,may,17,019,Champaign,0.659550125628141,204
2025,may,17,029,Coles,0.6750541095890413,73
2025,may,17,035,Cumberland,0.6299246182933788,56
2025,may,17,183,Vermilion,0.6817144875810949,230
2025,may,17,115,Macon,0.6878012344956702,136
2025,may,17,049,Effingham,0.6680593037655369,89
2025,may,17,067,Hancock,0.6964816865157936,129
2025,may,17,095,Knox,0.741475714285714,105
2025,may,17,109,McDonough,0.6937900165471593,58
2025,may,17,081,Jefferson,0.7133628109500558,102
2025,may,17,113,McLean,0.6993781554754953,129
2025,may,17,039,De Witt,0.6718555484963997,95
2025,may,17,105,Livingston,0.678893795366837,370
2025,may,17,003,Alexander,0.8018833333333334,6
2025,may,17,093,Kendall,0.6745390658458239,121
2025,may,17,031,Cook,0.6772437500000001,16
2025,may,17,037,DeKalb,0.6829447648345984,946
2025,may,17,089,Kane,0.6422352277989167,199
2025,may,17,063,Grundy,0.568851388888889,36
2025,may,17,111,McHenry,0.6700695964276685,472
2025,may,17,197,Will,0.657417357614169,272
2025,may,17,043,DuPage,0.5816250000000001,6
2025,may,17,097,Lake,0.6719096624812387,108
2025,may,17,091,Kankakee,0.6488332738845339,369
2025,may,17,011,Bureau,0.677926830455054,271
2025,may,17,155,Putnam,0.7275428571428567,42
2025,may,17,099,LaSalle,0.6646377397392963,285
2025,may,17,131,Mercer,0.7082351851851851,27
2025,may,17,161,Rock Island,0.6527885416666667,48
2025,may,17,073,Henry,0.5790604651162792,43
2025,may,17,103,Lee,0.6480301272952058,179
2025,may,17,195,Whiteside,0.6900303862836421,224
2025,may,31,043,Dakota,0.6599392857142857,14
2025,may,31,051,Dixon,0.5660595238095238,21
2025,may,31,053,Dodge,0.6263283845278727,45
2025,may,31,025,Cass,0.5926336403980635,30
2025,may,31,055,Douglas,0.4900595238095237,21
2025,may,31,153,Sarpy,0.38768846153846154,13
2025,may,31,155,Saunders,0.6004934579439252,107
2025,may,31,177,Washington,0.6358257575757574,33
2025,may,31,067,Gage,0.6509143122676583,269
2025,may,31,109,Lancaster,0.6127446228911205,138
2025,may,31,159,Seward,0.6299049999999998,30
2025,may,31,139,Pierce,0.6073556522911049,74
2025,may,31,119,Madison,0.599148,25
2025,may,31,167,Stanton,0.5777049180327869,61
2025,may,31,117,McPherson,0.30549500000000007,10
2025,may,31,111,Lincoln,0.538389488519223,646
2025,may,31,113,Logan,0.5582897058823528,34
2025,may,31,007,Banner,0.4554754749639211,3134
2025,may,31,157,Scotts Bluff,0.46438646554528157,517
2025,may,31,165,Sioux,0.6285330768018489,151
2025,may,31,039,Cuming,0.5936332907697921,11
2025,may,31,129,Nuckolls,0.5731991338708381,553
2025,may,31,101,Keith,0.5464565054048836,1524
2025,may,31,137,Phelps,0.6137347372268105,271
2025,may,31,181,Webster,0.5997116187809013,919
2025,may,31,015,Boyd,0.6533142857142855,49
2025,may,31,171,Thomas,,0
2025,may,31,089,Holt,0.669068548387097,62
2025,may,31,017,Brown,,0
2025,may,31,103,Keya Paha,,0
2025,may,31,077,Greeley,,0
2025,may,31,095,Jefferson,0.6768842407900203,507
2025,may,31,151,Saline,0.6152381250877582,197
2025,may,31,057,Dundy,0.6277366368233896,2161
2025,may,31,131,Otoe,0.655404032258065,124
2025,may,31,087,Hitchcock,0.62290508620956,4080
2025,may,31,105,Kimball,0.37864845531801444,6136
2025,may,31,127,Nemaha,0.5989442307692309,52
2025,may,31,041,Custer,0.60725996764468,161
2025,may,31,143,Polk,0.6431633333333334,15
2025,may,31,045,Dawes,0.5960452893053264,944
2025,may,31,179,Wayne,0.6490000000000001,15
2025,may,31,071,Garfield,,0
2025,may,31,013,Box Butte,0.5939081701722531,5687
2025,may,31,173,Thurston,0.6108916666666667,12
2025,may,31,011,Boone,0.5966750000000001,2
2025,may,31,145,Red Willow,0.5761813535333595,3646
2025,may,31,149,Rock,,0
2025,may,31,005,Arthur,0.6820125000000001,4
2025,may,31,085,Hayes,0.6195641378685367,1955
2025,may,31,097,Johnson,0.6306322580645162,93
2025,may,31,003,Antelope,0.7113709677419359,62
2025,may,31,163,Sherman,0.5848500000000001,10
2025,may,31,161,Sheridan,0.6264351183551439,1789
2025,may,31,133,Pawnee,0.6338708260201842,72
2025,may,31,075,Grant,,0
2025,may,31,021,Burt,,0
2025,may,31,009,Blaine,,0
2025,may,31,027,Cedar,0.5386323529411765,17
2025,may,31,169,Thayer,0.6104885603860946,404
2025,may,31,049,Deuel,0.5154902929036407,4145
2025,may,31,123,Morrill,0.5870360503248961,1373
2025,may,31,115,Loup,0.44515000000000005,2
2025,may,31,063,Frontier,0.6054454232493227,2065
2025,may,31,125,Nance,0.638180439945007,33
2025,may,31,107,Knox,0.6083440648011783,57
2025,may,31,135,Perkins,0.5455972678515375,4710
2025,may,31,037,Colfax,0.6005295317463148,111
2025,may,31,023,Butler,0.6334610169491527,59
2025,may,31,031,Cherry,0.7043783783783786,37
2025,may,31,183,Wheeler,0.42045182926829267,82
2025,may,31,061,Franklin,0.5652620753680302,421
2025,may,31,029,Chase,0.6100602521919213,2869
2025,may,31,059,Fillmore,0.6761255102040817,98
2025,may,31,185,York,0.743044642857143,28
2025,may,31,035,Clay,0.6485810408154845,97
2025,may,31,033,Cheyenne,0.4664838116240434,10421
2025,may,31,069,Garden,0.5104274298114706,1965
2025,may,31,083,Harlan,0.5071658518265914,914
2025,may,31,091,Hooker,,0
2025,may,31,147,Richardson,0.6636707019787825,53
2025,may,31,065,Furnas,0.5375391832885243,2054
2025,may,31,175,Valley,0.5048425000000001,20
2025,may,31,141,Platte,0.5685782608695652,23
2025,may,31,121,Merrick,0.6161623913363785,28
2025,may,31,079,Hall,0.670359393743656,43
2025,may,31,081,Hamilton,0.6703675925925926,54
2025,may,31,093,Howard,0.5833343283582092,67
2025,may,31,001,Adams,0.5001292715700142,90
2025,may,31,099,Kearney,0.5119290457949272,300
2025,may,31,019,Buffalo,0.6214253351508459,175
2025,may,31,073,Gosper,0.5466771508379884,439
2025,may,31,047,Dawson,0.5905500853102722,174
2025,may,37,037,Chatham,0.7332687500000001,24
2025,may,37,115,Madison,,0
2025,may,37,087,Haywood,,0
2025,may,37,021,Buncombe,,0
2025,may,37,089,Henderson,,0
2025,may,37,175,Transylvania,,0
2025,may,37,167,Stanly,0.6736893442622952,12
2025,may,37,109,Lincoln,0.6885261904761907,42
2025,may,37,159,Rowan,0.6540363636363637,33
2025,may,37,025,Cabarrus,0.7394800000000001,10
2025,may,37,097,Iredell,0.7218611111111112,18
2025,may,37,071,Gaston,0.8355666666666668,3
2025,may,37,179,Union,0.5984770270270268,111
2025,may,37,119,Mecklenburg,0.6826749999999999,4
2025,may,37,045,Cleveland,0.7226985294117647,34
2025,may,37,005,Alleghany,,0
2025,may,37,173,Swain,,0
2025,may,37,011,Avery,,0
2025,may,37,033,Caswell,0.760847916666667,48
2025,may,37,075,Graham,,0
2025,may,37,007,Anson,0.6383894882914137,114
2025,may,37,149,Polk,,0
2025,may,37,039,Cherokee,,0
2025,may,37,113,Macon,,0
2025,may,37,009,Ashe,,0
2025,may,37,123,Montgomery,0.7468250000000001,2
2025,may,37,043,Clay,,0
2025,may,37,121,Mitchell,,0
2025,may,37,199,Yancey,,0
2025,may,37,189,Watauga,,0
2025,may,37,099,Jackson,,0
2025,may,37,161,Rutherford,0.78745,1
2025,may,37,193,Wilkes,0.6477999999999999,5
2025,may,37,125,Moore,0.6521436363636364,55
2025,may,37,153,Richmond,0.6168635416666667,48
2025,may,37,093,Hoke,0.5758243902439025,41
2025,may,37,165,Scotland,0.5811125,8
2025,may,37,155,Robeson,0.6312991771746103,56
2025,may,37,001,Alamance,0.703592089605878,99
2025,may,37,151,Randolph,0.7335818471789055,28
2025,may,37,081,Guilford,0.7167769685767098,118
2025,may,37,157,Rockingham,0.7592704642475985,111
2025,may,37,171,Surry,0.7602375,12
2025,may,37,057,Davidson,0.7186277777777776,18
2025,may,37,169,Stokes,0.7904357142857142,14
2025,may,37,067,Forsyth,0.7665833537331702,4
2025,may,37,197,Yadkin,0.6234590909090909,11
2025,may,37,059,Davie,0.7413666666666667,9
2025,may,37,027,Caldwell,0.6934055555555555,9
2025,may,37,003,Alexander,0.6789000000000001,3
2025,may,37,035,Catawba,0.7320433333333334,30
2025,may,37,023,Burke,0.85535,1
2025,may,37,111,McDowell,0.7110375,4
2025,may,37,029,Camden,0.55388,15
2025,may,37,139,Pasquotank,0.5446423076923077,26
2025,may,37,143,Perquimans,0.5570857142857144,21
2025,may,37,177,Tyrrell,0.5829720383851754,7
2025,may,37,055,Dare,,0
2025,may,37,073,Gates,0.7182458333333334,12
2025,may,37,053,Currituck,0.59270625,8
2025,may,37,019,Brunswick,0.7152937500000001,8
2025,may,37,031,Carteret,0.7000000000000001,1
2025,may,37,137,Pamlico,,0
2025,may,37,049,Craven,,0
2025,may,37,103,Jones,0.5259869565217392,23
2025,may,37,085,Harnett,0.6664666666666667,57
2025,may,37,063,Durham,0.7604175788497216,13
2025,may,37,145,Person,0.7455673765132099,179
2025,may,37,135,Orange,0.7634157728119183,161
2025,may,37,181,Vance,0.7228512459016393,42
2025,may,37,077,Granville,0.747980412454291,146
2025,may,37,069,Franklin,0.7070953521316783,89
2025,may,37,101,Johnston,0.5823845860004129,57
2025,may,37,183,Wake,0.6631113850749397,76
2025,may,37,105,Lee,0.643960465116279,43
2025,may,37,131,Northampton,0.6940333188531711,87
2025,may,37,083,Halifax,0.6887574074074074,81
2025,may,37,127,Nash,0.6602210526315789,19
2025,may,37,065,Edgecombe,0.5642836842105261,95
2025,may,37,195,Wilson,0.5838610294117648,68
2025,may,37,163,Sampson,0.6299482422069518,119
2025,may,37,185,Warren,0.7117168388228415,21
2025,may,37,187,Washington,0.593075,8
2025,may,37,061,Duplin,0.6389909836065572,122
2025,may,37,091,Hertford,0.6813075757575758,33
2025,may,37,017,Bladen,0.6559756363266138,39
2025,may,37,095,Hyde,0.7234496168582375,4
2025,may,37,015,Bertie,0.6600640883977903,54
2025,may,37,079,Greene,0.6012875,4
2025,may,37,041,Chowan,0.5654790322580646,62
2025,may,37,117,Martin,0.5576341200806196,74
2025,may,37,047,Columbus,0.6565671428571428,35
2025,may,37,191,Wayne,0.6223893254262417,16
2025,may,37,133,Onslow,0.6094954545454544,11
2025,may,37,107,Lenoir,,0
2025,may,37,129,New Hanover,,0
2025,may,37,141,Pender,0.6807380465927495,33
2025,may,37,051,Cumberland,0.6648363636363638,44
2025,may,37,147,Pitt,0.532887113790505,79
2025,may,37,013,Beaufort,0.6550450000000001,10
