year,state_alpha,county_name,county_code,commodity_desc,short_desc,Value,unit_desc
2010,IA,ADAIR,001,CORN,"CORN, GRAIN - YIELD, MEASURED IN BU / ACRE",139.1,BU / ACRE
2011,IA,ADAIR,001,CORN,"CORN, GRAIN - YIELD, MEASURED IN BU / ACRE",152.8,BU / ACRE
2012,IA,ADAIR,001,CORN,"CORN, GRAIN - YIELD, MEASURED IN BU / ACRE",104.4,BU / ACRE
2013,IA,ADAIR,001,CORN,"CORN, GRAIN - YIELD, MEASURED IN BU / ACRE",137.8,BU / ACRE
2013,IA,ADAIR,001,CORN,"CORN, SILAGE - YIELD, MEASURED IN TONS / ACRE",13.5,TONS / ACRE
2014,IA,ADAIR,001,CORN,"CORN, GRAIN - YIELD, MEASURED IN BU / ACRE",169.3,BU / ACRE
2015,IA,ADAIR,001,CORN,"CORN, GRAIN - YIELD, MEASURED IN BU / ACRE",176.5,BU / ACRE
2016,IA,ADAIR,001,CORN,"CORN, GRAIN - YIELD, MEASURED IN BU / ACRE",190.3,BU / ACRE
2017,IA,ADAIR,001,CORN,"CORN, GRAIN - YIELD, MEASURED IN BU / ACRE",175.2,BU / ACRE
2018,IA,ADAIR,001,CORN,"CORN, GRAIN - YIELD, MEASURED IN BU / ACRE",149.5,BU / ACRE
2019,IA,ADAIR,001,CORN,"CORN, GRAIN - YIELD, MEASURED IN BU / ACRE",176.5,BU / ACRE
2019,IA,ADAIR,001,CORN,"CORN, SILAGE - YIELD, MEASURED IN TONS / ACRE",25.5,TONS / ACRE
2020,IA,ADAIR,001,CORN,"CORN, GRAIN - YIELD, MEASURED IN BU / ACRE",168.7,BU / ACRE
2020,IA,ADAIR,001,CORN,"CORN, SILAGE - YIELD, MEASURED IN TONS / ACRE",19.0,TONS / ACRE
2022,IA,ADAIR,001,CORN,"CORN, GRAIN - YIELD, MEASURED IN BU / ACRE",164.2,BU / ACRE
2024,IA,ADAIR,001,CORN,"CORN, GRAIN - YIELD, MEASURED IN BU / ACRE",211.2,BU / ACRE
2025,IA,ADAIR,001,CORN,"CORN, GRAIN - YIELD, MEASURED IN BU / ACRE",187.0,BU / ACRE
2010,IA,ADAMS,003,CORN,"CORN, GRAIN - YIELD, MEASURED IN BU / ACRE",139.3,BU / ACRE
2011,IA,ADAMS,003,CORN,"CORN, GRAIN - YIELD, MEASURED IN BU / ACRE",151.7,BU / ACRE
2012,IA,ADAMS,003,CORN,"CORN, GRAIN - YIELD, MEASURED IN BU / ACRE",109.8,BU / ACRE
2013,IA,ADAMS,003,CORN,"CORN, GRAIN - YIELD, MEASURED IN BU / ACRE",147.6,BU / ACRE
2013,IA,ADAMS,003,CORN,"CORN, SILAGE - YIELD, MEASURED IN TONS / ACRE",13.5,TONS / ACRE
2014,IA,ADAMS,003,CORN,"CORN, GRAIN - YIELD, MEASURED IN BU / ACRE",169.9,BU / ACRE
2015,IA,ADAMS,003,CORN,"CORN, GRAIN - YIELD, MEASURED IN BU / ACRE",169.6,BU / ACRE
2016,IA,ADAMS,003,CORN,"CORN, GRAIN - YIELD, MEASURED IN BU / ACRE",187.4,BU / ACRE
2017,IA,ADAMS,003,CORN,"CORN, GRAIN - YIELD, MEASURED IN BU / ACRE",179.9,BU / ACRE
2018,IA,ADAMS,003,CORN,"CORN, GRAIN - YIELD, MEASURED IN BU / ACRE",171.6,BU / ACRE
2020,IA,ADAMS,003,CORN,"CORN, GRAIN - YIELD, MEASURED IN BU / ACRE",173.3,BU / ACRE
2010,IA,ALLAMAKEE,005,CORN,"CORN, GRAIN - YIELD, MEASURED IN BU / ACRE",175.8,BU / ACRE
2011,IA,ALLAMAKEE,005,CORN,"CORN, GRAIN - YIELD, MEASURED IN BU / ACRE",173.3,BU / ACRE
2012,IA,ALLAMAKEE,005,CORN,"CORN, GRAIN - YIELD, MEASURED IN BU / ACRE",153.6,BU / ACRE
2013,IA,ALLAMAKEE,005,CORN,"CORN, GRAIN - YIELD, MEASURED IN BU / ACRE",162.1,BU / ACRE
2014,IA,ALLAMAKEE,005,CORN,"CORN, GRAIN - YIELD, MEASURED IN BU / ACRE",175.6,BU / ACRE
2014,IA,ALLAMAKEE,005,CORN,"CORN, SILAGE - YIELD, MEASURED IN TONS / ACRE",25.0,TONS / ACRE
2015,IA,ALLAMAKEE,005,CORN,"CORN, GRAIN - YIELD, MEASURED IN BU / ACRE",175.4,BU / ACRE
2016,IA,ALLAMAKEE,005,CORN,"CORN, GRAIN - YIELD, MEASURED IN BU / ACRE",205.1,BU / ACRE
2016,IA,ALLAMAKEE,005,CORN,"CORN, SILAGE - YIELD, MEASURED IN TONS / ACRE",25.5,TONS / ACRE
2017,IA,ALLAMAKEE,005,CORN,"CORN, GRAIN - YIELD, MEASURED IN BU / ACRE",190.5,BU / ACRE
2018,IA,ALLAMAKEE,005,CORN,"CORN, GRAIN - YIELD, MEASURED IN BU / ACRE",198.4,BU / ACRE
2019,IA,ALLAMAKEE,005,CORN,"CORN, GRAIN - YIELD, MEASURED IN BU / ACRE",187.2,BU / ACRE
2020,IA,ALLAMAKEE,005,CORN,"CORN, GRAIN - YIELD, MEASURED IN BU / ACRE",196.3,BU / ACRE
2020,IA,ALLAMAKEE,005,CORN,"CORN, SILAGE - YIELD, MEASURED IN TONS / ACRE",22.0,TONS / ACRE
2021,IA,ALLAMAKEE,005,CORN,"CORN, GRAIN - YIELD, MEASURED IN BU / ACRE",198.5,BU / ACRE
2021,IA,ALLAMAKEE,005,CORN,"CORN, SILAGE - YIELD, MEASURED IN TONS / ACRE",22.5,TONS / ACRE
2022,IA,ALLAMAKEE,005,CORN,"CORN, GRAIN - YIELD, MEASURED IN BU / ACRE",215.9,BU / ACRE
2022,IA,ALLAMAKEE,005,CORN,"CORN, SILAGE - YIELD, MEASURED IN TONS / ACRE",22.5,TONS / ACRE
2023,IA,ALLAMAKEE,005,CORN,"CORN, GRAIN - YIELD, MEASURED IN BU / ACRE",183.9,BU / ACRE
2023,IA,ALLAMAKEE,005,CORN,"CORN, SILAGE - YIELD, MEASURED IN TONS / ACRE",17.5,TONS / ACRE
2024,IA,ALLAMAKEE,005,CORN,"CORN, GRAIN - YIELD, MEASURED IN BU / ACRE",216.3,BU / ACRE
2025,IA,ALLAMAKEE,005,CORN,"CORN, GRAIN - YIELD, MEASURED IN BU / ACRE",211.1,BU / ACRE
2025,IA,ALLAMAKEE,005,CORN,"CORN, SILAGE - YIELD, MEASURED IN TONS / ACRE",28.0,TONS / ACRE
2010,IA,APPANOOSE,007,CORN,"CORN, GRAIN - YIELD, MEASURED IN BU / ACRE",75.2,BU / ACRE
2011,IA,APPANOOSE,007,CORN,"CORN, GRAIN - YIELD, MEASURED IN BU / ACRE",120.1,BU / ACRE
2012,IA,APPANOOSE,007,CORN,"CORN, GRAIN - YIELD, MEASURED IN BU / ACRE",44.5,BU / ACRE
2013,IA,APPANOOSE,007,CORN,"CORN, GRAIN - YIELD, MEASURED IN BU / ACRE",109.1,BU / ACRE
2014,IA,APPANOOSE,007,CORN,"CORN, GRAIN - YIELD, MEASURED IN BU / ACRE",170.9,BU / ACRE
2015,IA,APPANOOSE,007,CORN,"CORN, GRAIN - YIELD, MEASURED IN BU / ACRE",154.3,BU / ACRE
2015,IA,APPANOOSE,007,CORN,"CORN, SILAGE - YIELD, MEASURED IN TONS / ACRE",14.0,TONS / ACRE
2016,IA,APPANOOSE,007,CORN,"CORN, GRAIN - YIELD, MEASURED IN BU / ACRE",186.3,BU / ACRE
2017,IA,APPANOOSE,007,CORN,"CORN, GRAIN - YIELD, MEASURED IN BU / ACRE",170.0,BU / ACRE
2017,IA,APPANOOSE,007,CORN,"CORN, SILAGE - YIELD, MEASURED IN TONS / ACRE",16.0,TONS / ACRE
2019,IA,APPANOOSE,007,CORN,"CORN, GRAIN - YIELD, MEASURED IN BU / ACRE",166.8,BU / ACRE
2020,IA,APPANOOSE,007,CORN,"CORN, GRAIN - YIELD, MEASURED IN BU / ACRE",143.6,BU / ACRE
2020,IA,APPANOOSE,007,CORN,"CORN, SILAGE - YIELD, MEASURED IN TONS / ACRE",13.0,TONS / ACRE
2021,IA,APPANOOSE,007,CORN,"CORN, GRAIN - YIELD, MEASURED IN BU / ACRE",171.6,BU / ACRE
2021,IA,APPANOOSE,007,CORN,"CORN, SILAGE - YIELD, MEASURED IN TONS / ACRE",13.5,TONS / ACRE
2022,IA,APPANOOSE,007,CORN,"CORN, GRAIN - YIELD, MEASURED IN BU / ACRE",146.1,BU / ACRE
2022,IA,APPANOOSE,007,CORN,"CORN, SILAGE - YIELD, MEASURED IN TONS / ACRE",17.5,TONS / ACRE
2023,IA,APPANOOSE,007,CORN,"CORN, GRAIN - YIELD, MEASURED IN BU / ACRE",172.8,BU / ACRE
2010,IA,AUDUBON,009,CORN,"CORN, GRAIN - YIELD, MEASURED IN BU / ACRE",160.3,BU / ACRE
2011,IA,AUDUBON,009,CORN,"CORN, GRAIN - YIELD, MEASURED IN BU / ACRE",176.6,BU / ACRE
2012,IA,AUDUBON,009,CORN,"CORN, GRAIN - YIELD, MEASURED IN BU / ACRE",114.8,BU / ACRE
2013,IA,AUDUBON,009,CORN,"CORN, GRAIN - YIELD, MEASURED IN BU / ACRE",157.1,BU / ACRE
2014,IA,AUDUBON,009,CORN,"CORN, GRAIN - YIELD, MEASURED IN BU / ACRE",185.5,BU / ACRE
2015,IA,AUDUBON,009,CORN,"CORN, GRAIN - YIELD, MEASURED IN BU / ACRE",189.8,BU / ACRE
2016,IA,AUDUBON,009,CORN,"CORN, GRAIN - YIELD, MEASURED IN BU / ACRE",206.1,BU / ACRE
2017,IA,AUDUBON,009,CORN,"CORN, GRAIN - YIELD, MEASURED IN BU / ACRE",211.2,BU / ACRE
2018,IA,AUDUBON,009,CORN,"CORN, GRAIN - YIELD, MEASURED IN BU / ACRE",180.0,BU / ACRE
2019,IA,AUDUBON,009,CORN,"CORN, GRAIN - YIELD, MEASURED IN BU / ACRE",216.0,BU / ACRE
2020,IA,AUDUBON,009,CORN,"CORN, GRAIN - YIELD, MEASURED IN BU / ACRE",170.8,BU / ACRE
2020,IA,AUDUBON,009,CORN,"CORN, SILAGE - YIELD, MEASURED IN TONS / ACRE",17.0,TONS / ACRE
2021,IA,AUDUBON,009,CORN,"CORN, GRAIN - YIELD, MEASURED IN BU / ACRE",216.0,BU / ACRE
2022,IA,AUDUBON,009,CORN,"CORN, GRAIN - YIELD, MEASURED IN BU / ACRE",197.9,BU / ACRE
2023,IA,AUDUBON,009,CORN,"CORN, GRAIN - YIELD, MEASURED IN BU / ACRE",197.6,BU / ACRE
2024,IA,AUDUBON,009,CORN,"CORN, GRAIN - YIELD, MEASURED IN BU / ACRE",224.2,BU / ACRE
2025,IA,AUDUBON,009,CORN,"CORN, GRAIN - YIELD, MEASURED IN BU / ACRE",224.7,BU / ACRE
2010,IA,BENTON,011,CORN,"CORN, GRAIN - YIELD, MEASURED IN BU / ACRE",179.0,BU / ACRE
2011,IA,BENTON,011,CORN,"CORN, GRAIN - YIELD, MEASURED IN BU / ACRE",157.2,BU / ACRE
2012,IA,BENTON,011,CORN,"CORN, GRAIN - YIELD, MEASURED IN BU / ACRE",129.3,BU / ACRE
2013,IA,BENTON,011,CORN,"CORN, GRAIN - YIELD, MEASURED IN BU / ACRE",163.7,BU / ACRE
2014,IA,BENTON,011,CORN,"CORN, GRAIN - YIELD, MEASURED IN BU / ACRE",185.4,BU / ACRE
2015,IA,BENTON,011,CORN,"CORN, GRAIN - YIELD, MEASURED IN BU / ACRE",187.5,BU / ACRE
2016,IA,BENTON,011,CORN,"CORN, GRAIN - YIELD, MEASURED IN BU / ACRE",199.9,BU / ACRE
2017,IA,BENTON,011,CORN,"CORN, GRAIN - YIELD, MEASURED IN BU / ACRE",215.3,BU / ACRE
2018,IA,BENTON,011,CORN,"CORN, GRAIN - YIELD, MEASURED IN BU / ACRE",214.6,BU / ACRE
2019,IA,BENTON,011,CORN,"CORN, GRAIN - YIELD, MEASURED IN BU / ACRE",197.6,BU / ACRE
2020,IA,BENTON,011,CORN,"CORN, GRAIN - YIELD, MEASURED IN BU / ACRE",144.8,BU / ACRE
2020,IA,BENTON,011,CORN,"CORN, SILAGE - YIELD, MEASURED IN TONS / ACRE",17.5,TONS / ACRE
2021,IA,BENTON,011,CORN,"CORN, GRAIN - YIELD, MEASURED IN BU / ACRE",211.7,BU / ACRE
2021,IA,BENTON,011,CORN,"CORN, SILAGE - YIELD, MEASURED IN TONS / ACRE",19.0,TONS / ACRE
2022,IA,BENTON,011,CORN,"CORN, GRAIN - YIELD, MEASURED IN BU / ACRE",221.7,BU / ACRE
2022,IA,BENTON,011,CORN,"CORN, SILAGE - YIELD, MEASURED IN TONS / ACRE",25.5,TONS / ACRE
2023,IA,BENTON,011,CORN,"CORN, GRAIN - YIELD, MEASURED IN BU / ACRE",199.7,BU / ACRE
2024,IA,BENTON,011,CORN,"CORN, GRAIN - YIELD, MEASURED IN BU / ACRE",238.6,BU / ACRE
2010,IA,BLACK HAWK,013,CORN,"CORN, GRAIN - YIELD, MEASURED IN BU / ACRE",170.4,BU / ACRE
2011,IA,BLACK HAWK,013,CORN,"CORN, GRAIN - YIELD, MEASURED IN BU / ACRE",186.1,BU / ACRE
2012,IA,BLACK HAWK,013,CORN,"CORN, GRAIN - YIELD, MEASURED IN BU / ACRE",126.4,BU / ACRE
2013,IA,BLACK HAWK,013,CORN,"CORN, GRAIN - YIELD, MEASURED IN BU / ACRE",166.1,BU / ACRE
2014,IA,BLACK HAWK,013,CORN,"CORN, GRAIN - YIELD, MEASURED IN BU / ACRE",165.2,BU / ACRE
2015,IA,BLACK HAWK,013,CORN,"CORN, GRAIN - YIELD, MEASURED IN BU / ACRE",192.9,BU / ACRE
2016,IA,BLACK HAWK,013,CORN,"CORN, GRAIN - YIELD, MEASURED IN BU / ACRE",206.4,BU / ACRE
2017,IA,BLACK HAWK,013,CORN,"CORN, GRAIN - YIELD, MEASURED IN BU / ACRE",209.2,BU / ACRE
2018,IA,BLACK HAWK,013,CORN,"CORN, GRAIN - YIELD, MEASURED IN BU / ACRE",206.2,BU / ACRE
2019,IA,BLACK HAWK,013,CORN,"CORN, GRAIN - YIELD, MEASURED IN BU / ACRE",205.1,BU / ACRE
2020,IA,BLACK HAWK,013,CORN,"CORN, GRAIN - YIELD, MEASURED IN BU / ACRE",169.8,BU / ACRE
2020,IA,BLACK HAWK,013,CORN,"CORN, SILAGE - YIELD, MEASURED IN TONS / ACRE",13.5,TONS / ACRE
2021,IA,BLACK HAWK,013,CORN,"CORN, GRAIN - YIELD, MEASURED IN BU / ACRE",193.6,BU / ACRE
2022,IA,BLACK HAWK,013,CORN,"CORN, GRAIN - YIELD, MEASURED IN BU / ACRE",202.4,BU / ACRE
2024,IA,BLACK HAWK,013,CORN,"CORN, GRAIN - YIELD, MEASURED IN BU / ACRE",205.9,BU / ACRE
2025,IA,BLACK HAWK,013,CORN,"CORN, GRAIN - YIELD, MEASURED IN BU / ACRE",207.2,BU / ACRE
2025,IA,BLACK HAWK,013,CORN,"CORN, SILAGE - YIELD, MEASURED IN TONS / ACRE",24.0,TONS / ACRE
2010,IA,BOONE,015,CORN,"CORN, GRAIN - YIELD, MEASURED IN BU / ACRE",162.5,BU / ACRE
2011,IA,BOONE,015,CORN,"CORN, GRAIN - YIELD, MEASURED IN BU / ACRE",182.5,BU / ACRE
2012,IA,BOONE,015,CORN,"CORN, GRAIN - YIELD, MEASURED IN BU / ACRE",147.1,BU / ACRE
2013,IA,BOONE,015,CORN,"CORN, GRAIN - YIELD, MEASURED IN BU / ACRE",154.2,BU / ACRE
2014,IA,BOONE,015,CORN,"CORN, GRAIN - YIELD, MEASURED IN BU / ACRE",180.9,BU / ACRE
2015,IA,BOONE,015,CORN,"CORN, GRAIN - YIELD, MEASURED IN BU / ACRE",192.3,BU / ACRE
2016,IA,BOONE,015,CORN,"CORN, GRAIN - YIELD, MEASURED IN BU / ACRE",208.4,BU / ACRE
2017,IA,BOONE,015,CORN,"CORN, GRAIN - YIELD, MEASURED IN BU / ACRE",192.4,BU / ACRE
2018,IA,BOONE,015,CORN,"CORN, GRAIN - YIELD, MEASURED IN BU / ACRE",193.7,BU / ACRE
2019,IA,BOONE,015,CORN,"CORN, GRAIN - YIELD, MEASURED IN BU / ACRE",194.8,BU / ACRE
2019,IA,BOONE,015,CORN,"CORN, SILAGE - YIELD, MEASURED IN TONS / ACRE",23.0,TONS / ACRE
2020,IA,BOONE,015,CORN,"CORN, GRAIN - YIELD, MEASURED IN BU / ACRE",160.7,BU / ACRE
2021,IA,BOONE,015,CORN,"CORN, GRAIN - YIELD, MEASURED IN BU / ACRE",208.4,BU / ACRE
2022,IA,BOONE,015,CORN,"CORN, GRAIN - YIELD, MEASURED IN BU / ACRE",202.4,BU / ACRE
2023,IA,BOONE,015,CORN,"CORN, GRAIN - YIELD, MEASURED IN BU / ACRE",226.5,BU / ACRE
2024,IA,BOONE,015,CORN,"CORN, GRAIN - YIELD, MEASURED IN BU / ACRE",217.6,BU / ACRE
2025,IA,BOONE,015,CORN,"CORN, GRAIN - YIELD, MEASURED IN BU / ACRE",209.9,BU / ACRE
2010,IA,BREMER,017,CORN,"CORN, GRAIN - YIELD, MEASURED IN BU / ACRE",174.6,BU / ACRE
2011,IA,BREMER,017,CORN,"CORN, GRAIN - YIELD, MEASURED IN BU / ACRE",196.5,BU / ACRE
2011,IA,BREMER,017,CORN,"CORN, SILAGE - YIELD, MEASURED IN TONS / ACRE",28.0,TONS / ACRE
2012,IA,BREMER,017,CORN,"CORN, GRAIN - YIELD, MEASURED IN BU / ACRE",133.3,BU / ACRE
2013,IA,BREMER,017,CORN,"CORN, GRAIN - YIELD, MEASURED IN BU / ACRE",175.1,BU / ACRE
2014,IA,BREMER,017,CORN,"CORN, GRAIN - YIELD, MEASURED IN BU / ACRE",159.0,BU / ACRE
2015,IA,BREMER,017,CORN,"CORN, GRAIN - YIELD, MEASURED IN BU / ACRE",203.1,BU / ACRE
2016,IA,BREMER,017,CORN,"CORN, GRAIN - YIELD, MEASURED IN BU / ACRE",210.6,BU / ACRE
2017,IA,BREMER,017,CORN,"CORN, GRAIN - YIELD, MEASURED IN BU / ACRE",212.7,BU / ACRE
2018,IA,BREMER,017,CORN,"CORN, GRAIN - YIELD, MEASURED IN BU / ACRE",212.4,BU / ACRE
2019,IA,BREMER,017,CORN,"CORN, GRAIN - YIELD, MEASURED IN BU / ACRE",212.5,BU / ACRE
2020,IA,BREMER,017,CORN,"CORN, GRAIN - YIELD, MEASURED IN BU / ACRE",187.6,BU / ACRE
2020,IA,BREMER,017,CORN,"CORN, SILAGE - YIELD, MEASURED IN TONS / ACRE",20.5,TONS / ACRE
2021,IA,BREMER,017,CORN,"CORN, GRAIN - YIELD, MEASURED IN BU / ACRE",200.1,BU / ACRE
2021,IA,BREMER,017,CORN,"CORN, SILAGE - YIELD, MEASURED IN TONS / ACRE",23.0,TONS / ACRE
2022,IA,BREMER,017,CORN,"CORN, GRAIN - YIELD, MEASURED IN BU / ACRE",210.8,BU / ACRE
2022,IA,BREMER,017,CORN,"CORN, SILAGE - YIELD, MEASURED IN TONS / ACRE",24.0,TONS / ACRE
2023,IA,BREMER,017,CORN,"CORN, GRAIN - YIELD, MEASURED IN BU / ACRE",199.9,BU / ACRE
2023,IA,BREMER,017,CORN,"CORN, SILAGE - YIELD, MEASURED IN TONS / ACRE",18.5,TONS / ACRE
2024,IA,BREMER,017,CORN,"CORN, GRAIN - YIELD, MEASURED IN BU / ACRE",205.9,BU / ACRE
2024,IA,BREMER,017,CORN,"CORN, SILAGE - YIELD, MEASURED IN TONS / ACRE",21.0,TONS / ACRE
2025,IA,BREMER,017,CORN,"CORN, GRAIN - YIELD, MEASURED IN BU / ACRE",213.1,BU / ACRE
2025,IA,BREMER,017,CORN,"CORN, SILAGE - YIELD, MEASURED IN TONS / ACRE",23.5,TONS / ACRE
2010,IA,BUCHANAN,019,CORN,"CORN, GRAIN - YIELD, MEASURED IN BU / ACRE",167.5,BU / ACRE
2011,IA,BUCHANAN,019,CORN,"CORN, GRAIN - YIELD, MEASURED IN BU / ACRE",187.0,BU / ACRE
2012,IA,BUCHANAN,019,CORN,"CORN, GRAIN - YIELD, MEASURED IN BU / ACRE",140.4,BU / ACRE
2013,IA,BUCHANAN,019,CORN,"CORN, GRAIN - YIELD, MEASURED IN BU / ACRE",168.8,BU / ACRE
2014,IA,BUCHANAN,019,CORN,"CORN, GRAIN - YIELD, MEASURED IN BU / ACRE",169.3,BU / ACRE
2015,IA,BUCHANAN,019,CORN,"CORN, GRAIN - YIELD, MEASURED IN BU / ACRE",191.6,BU / ACRE
2016,IA,BUCHANAN,019,CORN,"CORN, GRAIN - YIELD, MEASURED IN BU / ACRE",205.6,BU / ACRE
2017,IA,BUCHANAN,019,CORN,"CORN, GRAIN - YIELD, MEASURED IN BU / ACRE",221.3,BU / ACRE
2018,IA,BUCHANAN,019,CORN,"CORN, GRAIN - YIELD, MEASURED IN BU / ACRE",207.1,BU / ACRE
2019,IA,BUCHANAN,019,CORN,"CORN, GRAIN - YIELD, MEASURED IN BU / ACRE",218.9,BU / ACRE
2020,IA,BUCHANAN,019,CORN,"CORN, GRAIN - YIELD, MEASURED IN BU / ACRE",188.3,BU / ACRE
2020,IA,BUCHANAN,019,CORN,"CORN, SILAGE - YIELD, MEASURED IN TONS / ACRE",20.0,TONS / ACRE
2021,IA,BUCHANAN,019,CORN,"CORN, GRAIN - YIELD, MEASURED IN BU / ACRE",209.0,BU / ACRE
2022,IA,BUCHANAN,019,CORN,"CORN, GRAIN - YIELD, MEASURED IN BU / ACRE",209.7,BU / ACRE
2022,IA,BUCHANAN,019,CORN,"CORN, SILAGE - YIELD, MEASURED IN TONS / ACRE",22.0,TONS / ACRE
2023,IA,BUCHANAN,019,CORN,"CORN, GRAIN - YIELD, MEASURED IN BU / ACRE",190.7,BU / ACRE
2024,IA,BUCHANAN,019,CORN,"CORN, GRAIN - YIELD, MEASURED IN BU / ACRE",220.8,BU / ACRE
2025,IA,BUCHANAN,019,CORN,"CORN, GRAIN - YIELD, MEASURED IN BU / ACRE",208.9,BU / ACRE
2025,IA,BUCHANAN,019,CORN,"CORN, SILAGE - YIELD, MEASURED IN TONS / ACRE",23.5,TONS / ACRE
2010,IA,BUENA VISTA,021,CORN,"CORN, GRAIN - YIELD, MEASURED IN BU / ACRE",178.3,BU / ACRE
2011,IA,BUENA VISTA,021,CORN,"CORN, GRAIN - YIELD, MEASURED IN BU / ACRE",180.2,BU / ACRE
2011,IA,BUENA VISTA,021,CORN,"CORN, SILAGE - YIELD, MEASURED IN TONS / ACRE",22.0,TONS / ACRE
2012,IA,BUENA VISTA,021,CORN,"CORN, GRAIN - YIELD, MEASURED IN BU / ACRE",148.2,BU / ACRE
2013,IA,BUENA VISTA,021,CORN,"CORN, GRAIN - YIELD, MEASURED IN BU / ACRE",160.5,BU / ACRE
2014,IA,BUENA VISTA,021,CORN,"CORN, GRAIN - YIELD, MEASURED IN BU / ACRE",172.1,BU / ACRE
2015,IA,BUENA VISTA,021,CORN,"CORN, GRAIN - YIELD, MEASURED IN BU / ACRE",202.7,BU / ACRE
2016,IA,BUENA VISTA,021,CORN,"CORN, GRAIN - YIELD, MEASURED IN BU / ACRE",201.1,BU / ACRE
2017,IA,BUENA VISTA,021,CORN,"CORN, GRAIN - YIELD, MEASURED IN BU / ACRE",187.9,BU / ACRE
2018,IA,BUENA VISTA,021,CORN,"CORN, GRAIN - YIELD, MEASURED IN BU / ACRE",193.1,BU / ACRE
2019,IA,BUENA VISTA,021,CORN,"CORN, GRAIN - YIELD, MEASURED IN BU / ACRE",190.8,BU / ACRE
2020,IA,BUENA VISTA,021,CORN,"CORN, GRAIN - YIELD, MEASURED IN BU / ACRE",183.9,BU / ACRE
2021,IA,BUENA VISTA,021,CORN,"CORN, GRAIN - YIELD, MEASURED IN BU / ACRE",203.9,BU / ACRE
2022,IA,BUENA VISTA,021,CORN,"CORN, GRAIN - YIELD, MEASURED IN BU / ACRE",196.9,BU / ACRE
2023,IA,BUENA VISTA,021,CORN,"CORN, GRAIN - YIELD, MEASURED IN BU / ACRE",212.0,BU / ACRE
2025,IA,BUENA VISTA,021,CORN,"CORN, GRAIN - YIELD, MEASURED IN BU / ACRE",210.0,BU / ACRE
2010,IA,BUTLER,023,CORN,"CORN, GRAIN - YIELD, MEASURED IN BU / ACRE",180.5,BU / ACRE
2011,IA,BUTLER,023,CORN,"CORN, GRAIN - YIELD, MEASURED IN BU / ACRE",186.7,BU / ACRE
2012,IA,BUTLER,023,CORN,"CORN, GRAIN - YIELD, MEASURED IN BU / ACRE",122.0,BU / ACRE
2013,IA,BUTLER,023,CORN,"CORN, GRAIN - YIELD, MEASURED IN BU / ACRE",179.2,BU / ACRE
2014,IA,BUTLER,023,CORN,"CORN, GRAIN - YIELD, MEASURED IN BU / ACRE",167.7,BU / ACRE
2015,IA,BUTLER,023,CORN,"CORN, GRAIN - YIELD, MEASURED IN BU / ACRE",193.3,BU / ACRE
2016,IA,BUTLER,023,CORN,"CORN, GRAIN - YIELD, MEASURED IN BU / ACRE",207.3,BU / ACRE
2017,IA,BUTLER,023,CORN,"CORN, GRAIN - YIELD, MEASURED IN BU / ACRE",211.4,BU / ACRE
2018,IA,BUTLER,023,CORN,"CORN, GRAIN - YIELD, MEASURED IN BU / ACRE",211.3,BU / ACRE
2019,IA,BUTLER,023,CORN,"CORN, GRAIN - YIELD, MEASURED IN BU / ACRE",209.5,BU / ACRE
2020,IA,BUTLER,023,CORN,"CORN, GRAIN - YIELD, MEASURED IN BU / ACRE",192.8,BU / ACRE
2020,IA,BUTLER,023,CORN,"CORN, SILAGE - YIELD, MEASURED IN TONS / ACRE",17.0,TONS / ACRE
2021,IA,BUTLER,023,CORN,"CORN, GRAIN - YIELD, MEASURED IN BU / ACRE",204.5,BU / ACRE
2022,IA,BUTLER,023,CORN,"CORN, GRAIN - YIELD, MEASURED IN BU / ACRE",212.4,BU / ACRE
2022,IA,BUTLER,023,CORN,"CORN, SILAGE - YIELD, MEASURED IN TONS / ACRE",21.5,TONS / ACRE
2023,IA,BUTLER,023,CORN,"CORN, GRAIN - YIELD, MEASURED IN BU / ACRE",183.1,BU / ACRE
2024,IA,BUTLER,023,CORN,"CORN, GRAIN - YIELD, MEASURED IN BU / ACRE",209.8,BU / ACRE
2025,IA,BUTLER,023,CORN,"CORN, GRAIN - YIELD, MEASURED IN BU / ACRE",210.8,BU / ACRE
2010,IA,CALHOUN,025,CORN,"CORN, GRAIN - YIELD, MEASURED IN BU / ACRE",173.3,BU / ACRE
2011,IA,CALHOUN,025,CORN,"CORN, GRAIN - YIELD, MEASURED IN BU / ACRE",181.9,BU / ACRE
2012,IA,CALHOUN,025,CORN,"CORN, GRAIN - YIELD, MEASURED IN BU / ACRE",134.8,BU / ACRE
2013,IA,CALHOUN,025,CORN,"CORN, GRAIN - YIELD, MEASURED IN BU / ACRE",132.6,BU / ACRE
2014,IA,CALHOUN,025,CORN,"CORN, GRAIN - YIELD, MEASURED IN BU / ACRE",189.6,BU / ACRE
2015,IA,CALHOUN,025,CORN,"CORN, GRAIN - YIELD, MEASURED IN BU / ACRE",194.7,BU / ACRE
2016,IA,CALHOUN,025,CORN,"CORN, GRAIN - YIELD, MEASURED IN BU / ACRE",207.3,BU / ACRE
2017,IA,CALHOUN,025,CORN,"CORN, GRAIN - YIELD, MEASURED IN BU / ACRE",195.1,BU / ACRE
2018,IA,CALHOUN,025,CORN,"CORN, GRAIN - YIELD, MEASURED IN BU / ACRE",193.3,BU / ACRE
2019,IA,CALHOUN,025,CORN,"CORN, GRAIN - YIELD, MEASURED IN BU / ACRE",198.8,BU / ACRE
2020,IA,CALHOUN,025,CORN,"CORN, GRAIN - YIELD, MEASURED IN BU / ACRE",159.6,BU / ACRE
2020,IA,CALHOUN,025,CORN,"CORN, SILAGE - YIELD, MEASURED IN TONS / ACRE",19.0,TONS / ACRE
2021,IA,CALHOUN,025,CORN,"CORN, GRAIN - YIELD, MEASURED IN BU / ACRE",217.8,BU / ACRE
2022,IA,CALHOUN,025,CORN,"CORN, GRAIN - YIELD, MEASURED IN BU / ACRE",202.3,BU / ACRE
2023,IA,CALHOUN,025,CORN,"CORN, GRAIN - YIELD, MEASURED IN BU / ACRE",201.6,BU / ACRE
2024,IA,CALHOUN,025,CORN,"CORN, GRAIN - YIELD, MEASURED IN BU / ACRE",228.8,BU / ACRE
2024,IA,CALHOUN,025,CORN,"CORN, SILAGE - YIELD, MEASURED IN TONS / ACRE",21.5,TONS / ACRE
2025,IA,CALHOUN,025,CORN,"CORN, GRAIN - YIELD, MEASURED IN BU / ACRE",214.6,BU / ACRE
2010,IA,CARROLL,027,CORN,"CORN, GRAIN - YIELD, MEASURED IN BU / ACRE",182.0,BU / ACRE
2011,IA,CARROLL,027,CORN,"CORN, GRAIN - YIELD, MEASURED IN BU / ACRE",180.2,BU / ACRE
2011,IA,CARROLL,027,CORN,"CORN, SILAGE - YIELD, MEASURED IN TONS / ACRE",23.0,TONS / ACRE
2012,IA,CARROLL,027,CORN,"CORN, GRAIN - YIELD, MEASURED IN BU / ACRE",105.3,BU / ACRE
2013,IA,CARROLL,027,CORN,"CORN, GRAIN - YIELD, MEASURED IN BU / ACRE",136.5,BU / ACRE
2014,IA,CARROLL,027,CORN,"CORN, GRAIN - YIELD, MEASURED IN BU / ACRE",188.6,BU / ACRE
2015,IA,CARROLL,027,CORN,"CORN, GRAIN - YIELD, MEASURED IN BU / ACRE",195.4,BU / ACRE
2016,IA,CARROLL,027,CORN,"CORN, GRAIN - YIELD, MEASURED IN BU / ACRE",203.1,BU / ACRE
2017,IA,CARROLL,027,CORN,"CORN, GRAIN - YIELD, MEASURED IN BU / ACRE",211.3,BU / ACRE
2018,IA,CARROLL,027,CORN,"CORN, GRAIN - YIELD, MEASURED IN BU / ACRE",208.4,BU / ACRE
2019,IA,CARROLL,027,CORN,"CORN, GRAIN - YIELD, MEASURED IN BU / ACRE",219.7,BU / ACRE
2020,IA,CARROLL,027,CORN,"CORN, GRAIN - YIELD, MEASURED IN BU / ACRE",150.6,BU / ACRE
2021,IA,CARROLL,027,CORN,"CORN, GRAIN - YIELD, MEASURED IN BU / ACRE",218.3,BU / ACRE
2022,IA,CARROLL,027,CORN,"CORN, GRAIN - YIELD, MEASURED IN BU / ACRE",195.7,BU / ACRE
2023,IA,CARROLL,027,CORN,"CORN, GRAIN - YIELD, MEASURED IN BU / ACRE",196.7,BU / ACRE
2024,IA,CARROLL,027,CORN,"CORN, GRAIN - YIELD, MEASURED IN BU / ACRE",240.9,BU / ACRE
2010,IA,CASS,029,CORN,"CORN, GRAIN - YIELD, MEASURED IN BU / ACRE",155.1,BU / ACRE
2011,IA,CASS,029,CORN,"CORN, GRAIN - YIELD, MEASURED IN BU / ACRE",175.2,BU / ACRE
2012,IA,CASS,029,CORN,"CORN, GRAIN - YIELD, MEASURED IN BU / ACRE",120.4,BU / ACRE
2013,IA,CASS,029,CORN,"CORN, GRAIN - YIELD, MEASURED IN BU / ACRE",159.5,BU / ACRE
2013,IA,CASS,029,CORN,"CORN, SILAGE - YIELD, MEASURED IN TONS / ACRE",16.0,TONS / ACRE
2014,IA,CASS,029,CORN,"CORN, GRAIN - YIELD, MEASURED IN BU / ACRE",173.7,BU / ACRE
2015,IA,CASS,029,CORN,"CORN, GRAIN - YIELD, MEASURED IN BU / ACRE",193.7,BU / ACRE
2016,IA,CASS,029,CORN,"CORN, GRAIN - YIELD, MEASURED IN BU / ACRE",195.9,BU / ACRE
2017,IA,CASS,029,CORN,"CORN, GRAIN - YIELD, MEASURED IN BU / ACRE",197.4,BU / ACRE
2018,IA,CASS,029,CORN,"CORN, GRAIN - YIELD, MEASURED IN BU / ACRE",169.5,BU / ACRE
2019,IA,CASS,029,CORN,"CORN, GRAIN - YIELD, MEASURED IN BU / ACRE",200.3,BU / ACRE
2020,IA,CASS,029,CORN,"CORN, GRAIN - YIELD, MEASURED IN BU / ACRE",177.5,BU / ACRE
2020,IA,CASS,029,CORN,"CORN, SILAGE - YIELD, MEASURED IN TONS / ACRE",18.5,TONS / ACRE
2021,IA,CASS,029,CORN,"CORN, GRAIN - YIELD, MEASURED IN BU / ACRE",212.4,BU / ACRE
2022,IA,CASS,029,CORN,"CORN, GRAIN - YIELD, MEASURED IN BU / ACRE",179.2,BU / ACRE
2024,IA,CASS,029,CORN,"CORN, GRAIN - YIELD, MEASURED IN BU / ACRE",217.0,BU / ACRE
2024,IA,CASS,029,CORN,"CORN, SILAGE - YIELD, MEASURED IN TONS / ACRE",27.0,TONS / ACRE
2025,IA,CASS,029,CORN,"CORN, GRAIN - YIELD, MEASURED IN BU / ACRE",188.4,BU / ACRE
2025,IA,CASS,029,CORN,"CORN, SILAGE - YIELD, MEASURED IN TONS / ACRE",26.0,TONS / ACRE
2010,IA,CEDAR,031,CORN,"CORN, GRAIN - YIELD, MEASURED IN BU / ACRE",174.4,BU / ACRE
2011,IA,CEDAR,031,CORN,"CORN, GRAIN - YIELD, MEASURED IN BU / ACRE",184.9,BU / ACRE
2012,IA,CEDAR,031,CORN,"CORN, GRAIN - YIELD, MEASURED IN BU / ACRE",158.9,BU / ACRE
2013,IA,CEDAR,031,CORN,"CORN, GRAIN - YIELD, MEASURED IN BU / ACRE",169.7,BU / ACRE
2014,IA,CEDAR,031,CORN,"CORN, GRAIN - YIELD, MEASURED IN BU / ACRE",184.1,BU / ACRE
2015,IA,CEDAR,031,CORN,"CORN, GRAIN - YIELD, MEASURED IN BU / ACRE",188.8,BU / ACRE
2016,IA,CEDAR,031,CORN,"CORN, GRAIN - YIELD, MEASURED IN BU / ACRE",215.3,BU / ACRE
2017,IA,CEDAR,031,CORN,"CORN, GRAIN - YIELD, MEASURED IN BU / ACRE",222.3,BU / ACRE
2018,IA,CEDAR,031,CORN,"CORN, GRAIN - YIELD, MEASURED IN BU / ACRE",222.3,BU / ACRE
2019,IA,CEDAR,031,CORN,"CORN, GRAIN - YIELD, MEASURED IN BU / ACRE",193.7,BU / ACRE
2020,IA,CEDAR,031,CORN,"CORN, GRAIN - YIELD, MEASURED IN BU / ACRE",153.3,BU / ACRE
2021,IA,CEDAR,031,CORN,"CORN, GRAIN - YIELD, MEASURED IN BU / ACRE",207.1,BU / ACRE
2022,IA,CEDAR,031,CORN,"CORN, GRAIN - YIELD, MEASURED IN BU / ACRE",221.4,BU / ACRE
2023,IA,CEDAR,031,CORN,"CORN, GRAIN - YIELD, MEASURED IN BU / ACRE",205.7,BU / ACRE
2024,IA,CEDAR,031,CORN,"CORN, GRAIN - YIELD, MEASURED IN BU / ACRE",236.2,BU / ACRE
2025,IA,CEDAR,031,CORN,"CORN, GRAIN - YIELD, MEASURED IN BU / ACRE",215.0,BU / ACRE
2010,IA,CERRO GORDO,033,CORN,"CORN, GRAIN - YIELD, MEASURED IN BU / ACRE",173.0,BU / ACRE
2011,IA,CERRO GORDO,033,CORN,"CORN, GRAIN - YIELD, MEASURED IN BU / ACRE",169.3,BU / ACRE
2012,IA,CERRO GORDO,033,CORN,"CORN, GRAIN - YIELD, MEASURED IN BU / ACRE",124.8,BU / ACRE
2013,IA,CERRO GORDO,033,CORN,"CORN, GRAIN - YIELD, MEASURED IN BU / ACRE",163.1,BU / ACRE
2014,IA,CERRO GORDO,033,CORN,"CORN, GRAIN - YIELD, MEASURED IN BU / ACRE",168.3,BU / ACRE
2015,IA,CERRO GORDO,033,CORN,"CORN, GRAIN - YIELD, MEASURED IN BU / ACRE",196.9,BU / ACRE
2016,IA,CERRO GORDO,033,CORN,"CORN, GRAIN - YIELD, MEASURED IN BU / ACRE",193.6,BU / ACRE
2017,IA,CERRO GORDO,033,CORN,"CORN, GRAIN - YIELD, MEASURED IN BU / ACRE",208.9,BU / ACRE
2018,IA,CERRO GORDO,033,CORN,"CORN, GRAIN - YIELD, MEASURED IN BU / ACRE",184.4,BU / ACRE
2019,IA,CERRO GORDO,033,CORN,"CORN, GRAIN - YIELD, MEASURED IN BU / ACRE",191.8,BU / ACRE
2020,IA,CERRO GORDO,033,CORN,"CORN, GRAIN - YIELD, MEASURED IN BU / ACRE",182.5,BU / ACRE
2020,IA,CERRO GORDO,033,CORN,"CORN, SILAGE - YIELD, MEASURED IN TONS / ACRE",22.5,TONS / ACRE
2021,IA,CERRO GORDO,033,CORN,"CORN, GRAIN - YIELD, MEASURED IN BU / ACRE",200.0,BU / ACRE
2022,IA,CERRO GORDO,033,CORN,"CORN, GRAIN - YIELD, MEASURED IN BU / ACRE",216.9,BU / ACRE
2024,IA,CERRO GORDO,033,CORN,"CORN, GRAIN - YIELD, MEASURED IN BU / ACRE",199.7,BU / ACRE
2024,IA,CERRO GORDO,033,CORN,"CORN, SILAGE - YIELD, MEASURED IN TONS / ACRE",23.0,TONS / ACRE
2025,IA,CERRO GORDO,033,CORN,"CORN, GRAIN - YIELD, MEASURED IN BU / ACRE",196.3,BU / ACRE
2025,IA,CERRO GORDO,033,CORN,"CORN, SILAGE - YIELD, MEASURED IN TONS / ACRE",17.5,TONS / ACRE
2010,IA,CHEROKEE,035,CORN,"CORN, GRAIN - YIELD, MEASURED IN BU / ACRE",186.9,BU / ACRE
2011,IA,CHEROKEE,035,CORN,"CORN, GRAIN - YIELD, MEASURED IN BU / ACRE",176.7,BU / ACRE
2012,IA,CHEROKEE,035,CORN,"CORN, GRAIN - YIELD, MEASURED IN BU / ACRE",158.7,BU / ACRE
2013,IA,CHEROKEE,035,CORN,"CORN, GRAIN - YIELD, MEASURED IN BU / ACRE",185.1,BU / ACRE
2014,IA,CHEROKEE,035,CORN,"CORN, GRAIN - YIELD, MEASURED IN BU / ACRE",183.6,BU / ACRE
2015,IA,CHEROKEE,035,CORN,"CORN, GRAIN - YIELD, MEASURED IN BU / ACRE",209.6,BU / ACRE
2016,IA,CHEROKEE,035,CORN,"CORN, GRAIN - YIELD, MEASURED IN BU / ACRE",219.7,BU / ACRE
2017,IA,CHEROKEE,035,CORN,"CORN, GRAIN - YIELD, MEASURED IN BU / ACRE",203.7,BU / ACRE
2018,IA,CHEROKEE,035,CORN,"CORN, GRAIN - YIELD, MEASURED IN BU / ACRE",213.3,BU / ACRE
2019,IA,CHEROKEE,035,CORN,"CORN, GRAIN - YIELD, MEASURED IN BU / ACRE",208.9,BU / ACRE
2020,IA,CHEROKEE,035,CORN,"CORN, GRAIN - YIELD, MEASURED IN BU / ACRE",185.7,BU / ACRE
2020,IA,CHEROKEE,035,CORN,"CORN, SILAGE - YIELD, MEASURED IN TONS / ACRE",21.0,TONS / ACRE
2022,IA,CHEROKEE,035,CORN,"CORN, GRAIN - YIELD, MEASURED IN BU / ACRE",198.7,BU / ACRE
2023,IA,CHEROKEE,035,CORN,"CORN, GRAIN - YIELD, MEASURED IN BU / ACRE",211.7,BU / ACRE
2023,IA,CHEROKEE,035,CORN,"CORN, SILAGE - YIELD, MEASURED IN TONS / ACRE",21.5,TONS / ACRE
2024,IA,CHEROKEE,035,CORN,"CORN, GRAIN - YIELD, MEASURED IN BU / ACRE",207.1,BU / ACRE
2025,IA,CHEROKEE,035,CORN,"CORN, GRAIN - YIELD, MEASURED IN BU / ACRE",225.4,BU / ACRE
2025,IA,CHEROKEE,035,CORN,"CORN, SILAGE - YIELD, MEASURED IN TONS / ACRE",25.0,TONS / ACRE
2010,IA,CHICKASAW,037,CORN,"CORN, GRAIN - YIELD, MEASURED IN BU / ACRE",182.0,BU / ACRE
2011,IA,CHICKASAW,037,CORN,"CORN, GRAIN - YIELD, MEASURED IN BU / ACRE",188.8,BU / ACRE
2011,IA,CHICKASAW,037,CORN,"CORN, SILAGE - YIELD, MEASURED IN TONS / ACRE",26.5,TONS / ACRE
2012,IA,CHICKASAW,037,CORN,"CORN, GRAIN - YIELD, MEASURED IN BU / ACRE",125.8,BU / ACRE
2013,IA,CHICKASAW,037,CORN,"CORN, GRAIN - YIELD, MEASURED IN BU / ACRE",171.8,BU / ACRE
2014,IA,CHICKASAW,037,CORN,"CORN, GRAIN - YIELD, MEASURED IN BU / ACRE",157.6,BU / ACRE
2015,IA,CHICKASAW,037,CORN,"CORN, GRAIN - YIELD, MEASURED IN BU / ACRE",202.8,BU / ACRE
2016,IA,CHICKASAW,037,CORN,"CORN, GRAIN - YIELD, MEASURED IN BU / ACRE",206.6,BU / ACRE
2017,IA,CHICKASAW,037,CORN,"CORN, GRAIN - YIELD, MEASURED IN BU / ACRE",194.4,BU / ACRE
2018,IA,CHICKASAW,037,CORN,"CORN, GRAIN - YIELD, MEASURED IN BU / ACRE",192.9,BU / ACRE
2019,IA,CHICKASAW,037,CORN,"CORN, GRAIN - YIELD, MEASURED IN BU / ACRE",212.1,BU / ACRE
2020,IA,CHICKASAW,037,CORN,"CORN, GRAIN - YIELD, MEASURED IN BU / ACRE",185.7,BU / ACRE
2020,IA,CHICKASAW,037,CORN,"CORN, SILAGE - YIELD, MEASURED IN TONS / ACRE",18.0,TONS / ACRE
2021,IA,CHICKASAW,037,CORN,"CORN, GRAIN - YIELD, MEASURED IN BU / ACRE",208.2,BU / ACRE
2022,IA,CHICKASAW,037,CORN,"CORN, GRAIN - YIELD, MEASURED IN BU / ACRE",214.6,BU / ACRE
2023,IA,CHICKASAW,037,CORN,"CORN, GRAIN - YIELD, MEASURED IN BU / ACRE",198.9,BU / ACRE
2023,IA,CHICKASAW,037,CORN,"CORN, SILAGE - YIELD, MEASURED IN TONS / ACRE",17.5,TONS / ACRE
2024,IA,CHICKASAW,037,CORN,"CORN, GRAIN - YIELD, MEASURED IN BU / ACRE",206.5,BU / ACRE
2025,IA,CHICKASAW,037,CORN,"CORN, GRAIN - YIELD, MEASURED IN BU / ACRE",219.6,BU / ACRE
2010,IA,CLARKE,039,CORN,"CORN, GRAIN - YIELD, MEASURED IN BU / ACRE",84.5,BU / ACRE
2011,IA,CLARKE,039,CORN,"CORN, GRAIN - YIELD, MEASURED IN BU / ACRE",107.7,BU / ACRE
2011,IA,CLARKE,039,CORN,"CORN, SILAGE - YIELD, MEASURED IN TONS / ACRE",18.0,TONS / ACRE
2012,IA,CLARKE,039,CORN,"CORN, GRAIN - YIELD, MEASURED IN BU / ACRE",76.7,BU / ACRE
2013,IA,CLARKE,039,CORN,"CORN, GRAIN - YIELD, MEASURED IN BU / ACRE",126.5,BU / ACRE
2014,IA,CLARKE,039,CORN,"CORN, GRAIN - YIELD, MEASURED IN BU / ACRE",162.2,BU / ACRE
2015,IA,CLARKE,039,CORN,"CORN, GRAIN - YIELD, MEASURED IN BU / ACRE",152.4,BU / ACRE
2016,IA,CLARKE,039,CORN,"CORN, GRAIN - YIELD, MEASURED IN BU / ACRE",163.9,BU / ACRE
2018,IA,CLARKE,039,CORN,"CORN, GRAIN - YIELD, MEASURED IN BU / ACRE",161.8,BU / ACRE
2020,IA,CLARKE,039,CORN,"CORN, GRAIN - YIELD, MEASURED IN BU / ACRE",155.2,BU / ACRE
2020,IA,CLARKE,039,CORN,"CORN, SILAGE - YIELD, MEASURED IN TONS / ACRE",18.0,TONS / ACRE
2022,IA,CLARKE,039,CORN,"CORN, SILAGE - YIELD, MEASURED IN TONS / ACRE",18.5,TONS / ACRE
2024,IA,CLARKE,039,CORN,"CORN, GRAIN - YIELD, MEASURED IN BU / ACRE",183.9,BU / ACRE
2010,IA,CLAY,041,CORN,"CORN, GRAIN - YIELD, MEASURED IN BU / ACRE",177.6,BU / ACRE
2011,IA,CLAY,041,CORN,"CORN, GRAIN - YIELD, MEASURED IN BU / ACRE",185.4,BU / ACRE
2012,IA,CLAY,041,CORN,"CORN, GRAIN - YIELD, MEASURED IN BU / ACRE",170.1,BU / ACRE
2013,IA,CLAY,041,CORN,"CORN, GRAIN - YIELD, MEASURED IN BU / ACRE",167.2,BU / ACRE
2013,IA,CLAY,041,CORN,"CORN, SILAGE - YIELD, MEASURED IN TONS / ACRE",14.5,TONS / ACRE
2014,IA,CLAY,041,CORN,"CORN, GRAIN - YIELD, MEASURED IN BU / ACRE",166.3,BU / ACRE
2015,IA,CLAY,041,CORN,"CORN, GRAIN - YIELD, MEASURED IN BU / ACRE",202.8,BU / ACRE
2015,IA,CLAY,041,CORN,"CORN, SILAGE - YIELD, MEASURED IN TONS / ACRE",27.0,TONS / ACRE
2016,IA,CLAY,041,CORN,"CORN, GRAIN - YIELD, MEASURED IN BU / ACRE",202.0,BU / ACRE
2017,IA,CLAY,041,CORN,"CORN, GRAIN - YIELD, MEASURED IN BU / ACRE",197.3,BU / ACRE
2018,IA,CLAY,041,CORN,"CORN, GRAIN - YIELD, MEASURED IN BU / ACRE",158.5,BU / ACRE
2019,IA,CLAY,041,CORN,"CORN, GRAIN - YIELD, MEASURED IN BU / ACRE",185.5,BU / ACRE
2019,IA,CLAY,041,CORN,"CORN, SILAGE - YIELD, MEASURED IN TONS / ACRE",14.5,TONS / ACRE
2020,IA,CLAY,041,CORN,"CORN, GRAIN - YIELD, MEASURED IN BU / ACRE",168.1,BU / ACRE
2020,IA,CLAY,041,CORN,"CORN, SILAGE - YIELD, MEASURED IN TONS / ACRE",20.0,TONS / ACRE
2021,IA,CLAY,041,CORN,"CORN, GRAIN - YIELD, MEASURED IN BU / ACRE",203.3,BU / ACRE
2021,IA,CLAY,041,CORN,"CORN, SILAGE - YIELD, MEASURED IN TONS / ACRE",19.5,TONS / ACRE
2022,IA,CLAY,041,CORN,"CORN, GRAIN - YIELD, MEASURED IN BU / ACRE",191.4,BU / ACRE
2022,IA,CLAY,041,CORN,"CORN, SILAGE - YIELD, MEASURED IN TONS / ACRE",18.0,TONS / ACRE
2023,IA,CLAY,041,CORN,"CORN, GRAIN - YIELD, MEASURED IN BU / ACRE",203.9,BU / ACRE
2023,IA,CLAY,041,CORN,"CORN, SILAGE - YIELD, MEASURED IN TONS / ACRE",20.5,TONS / ACRE
2024,IA,CLAY,041,CORN,"CORN, GRAIN - YIELD, MEASURED IN BU / ACRE",176.1,BU / ACRE
2024,IA,CLAY,041,CORN,"CORN, SILAGE - YIELD, MEASURED IN TONS / ACRE",26.0,TONS / ACRE
2025,IA,CLAY,041,CORN,"CORN, GRAIN - YIELD, MEASURED IN BU / ACRE",212.1,BU / ACRE
2010,IA,CLAYTON,043,CORN,"CORN, GRAIN - YIELD, MEASURED IN BU / ACRE",176.9,BU / ACRE
2011,IA,CLAYTON,043,CORN,"CORN, GRAIN - YIELD, MEASURED IN BU / ACRE",186.8,BU / ACRE
2012,IA,CLAYTON,043,CORN,"CORN, GRAIN - YIELD, MEASURED IN BU / ACRE",152.9,BU / ACRE
2013,IA,CLAYTON,043,CORN,"CORN, GRAIN - YIELD, MEASURED IN BU / ACRE",181.2,BU / ACRE
2014,IA,CLAYTON,043,CORN,"CORN, GRAIN - YIELD, MEASURED IN BU / ACRE",176.7,BU / ACRE
2015,IA,CLAYTON,043,CORN,"CORN, GRAIN - YIELD, MEASURED IN BU / ACRE",193.2,BU / ACRE
2016,IA,CLAYTON,043,CORN,"CORN, GRAIN - YIELD, MEASURED IN BU / ACRE",210.3,BU / ACRE
2017,IA,CLAYTON,043,CORN,"CORN, GRAIN - YIELD, MEASURED IN BU / ACRE",213.6,BU / ACRE
2018,IA,CLAYTON,043,CORN,"CORN, GRAIN - YIELD, MEASURED IN BU / ACRE",201.5,BU / ACRE
2019,IA,CLAYTON,043,CORN,"CORN, GRAIN - YIELD, MEASURED IN BU / ACRE",197.5,BU / ACRE
2020,IA,CLAYTON,043,CORN,"CORN, GRAIN - YIELD, MEASURED IN BU / ACRE",191.1,BU / ACRE
2020,IA,CLAYTON,043,CORN,"CORN, SILAGE - YIELD, MEASURED IN TONS / ACRE",23.5,TONS / ACRE
2021,IA,CLAYTON,043,CORN,"CORN, GRAIN - YIELD, MEASURED IN BU / ACRE",195.3,BU / ACRE
2022,IA,CLAYTON,043,CORN,"CORN, GRAIN - YIELD, MEASURED IN BU / ACRE",215.4,BU / ACRE
2022,IA,CLAYTON,043,CORN,"CORN, SILAGE - YIELD, MEASURED IN TONS / ACRE",26.5,TONS / ACRE
2023,IA,CLAYTON,043,CORN,"CORN, GRAIN - YIELD, MEASURED IN BU / ACRE",201.1,BU / ACRE
2024,IA,CLAYTON,043,CORN,"CORN, GRAIN - YIELD, MEASURED IN BU / ACRE",220.2,BU / ACRE
2025,IA,CLAYTON,043,CORN,"CORN, GRAIN - YIELD, MEASURED IN BU / ACRE",224.0,BU / ACRE
2010,IA,CLINTON,045,CORN,"CORN, GRAIN - YIELD, MEASURED IN BU / ACRE",171.2,BU / ACRE
2011,IA,CLINTON,045,CORN,"CORN, GRAIN - YIELD, MEASURED IN BU / ACRE",180.0,BU / ACRE
2012,IA,CLINTON,045,CORN,"CORN, GRAIN - YIELD, MEASURED IN BU / ACRE",139.6,BU / ACRE
2013,IA,CLINTON,045,CORN,"CORN, GRAIN - YIELD, MEASURED IN BU / ACRE",185.6,BU / ACRE
2014,IA,CLINTON,045,CORN,"CORN, GRAIN - YIELD, MEASURED IN BU / ACRE",197.0,BU / ACRE
2015,IA,CLINTON,045,CORN,"CORN, GRAIN - YIELD, MEASURED IN BU / ACRE",188.2,BU / ACRE
2016,IA,CLINTON,045,CORN,"CORN, GRAIN - YIELD, MEASURED IN BU / ACRE",213.8,BU / ACRE
2017,IA,CLINTON,045,CORN,"CORN, GRAIN - YIELD, MEASURED IN BU / ACRE",213.3,BU / ACRE
2018,IA,CLINTON,045,CORN,"CORN, GRAIN - YIELD, MEASURED IN BU / ACRE",210.9,BU / ACRE
2019,IA,CLINTON,045,CORN,"CORN, GRAIN - YIELD, MEASURED IN BU / ACRE",196.1,BU / ACRE
2020,IA,CLINTON,045,CORN,"CORN, GRAIN - YIELD, MEASURED IN BU / ACRE",178.4,BU / ACRE
2020,IA,CLINTON,045,CORN,"CORN, SILAGE - YIELD, MEASURED IN TONS / ACRE",19.0,TONS / ACRE
2021,IA,CLINTON,045,CORN,"CORN, GRAIN - YIELD, MEASURED IN BU / ACRE",206.5,BU / ACRE
2022,IA,CLINTON,045,CORN,"CORN, GRAIN - YIELD, MEASURED IN BU / ACRE",225.2,BU / ACRE
2023,IA,CLINTON,045,CORN,"CORN, GRAIN - YIELD, MEASURED IN BU / ACRE",198.0,BU / ACRE
2024,IA,CLINTON,045,CORN,"CORN, GRAIN - YIELD, MEASURED IN BU / ACRE",235.9,BU / ACRE
2025,IA,CLINTON,045,CORN,"CORN, GRAIN - YIELD, MEASURED IN BU / ACRE",220.9,BU / ACRE
2025,IA,CLINTON,045,CORN,"CORN, SILAGE - YIELD, MEASURED IN TONS / ACRE",23.5,TONS / ACRE
2010,IA,CRAWFORD,047,CORN,"CORN, GRAIN - YIELD, MEASURED IN BU / ACRE",185.8,BU / ACRE
2011,IA,CRAWFORD,047,CORN,"CORN, GRAIN - YIELD, MEASURED IN BU / ACRE",181.8,BU / ACRE
2012,IA,CRAWFORD,047,CORN,"CORN, GRAIN - YIELD, MEASURED IN BU / ACRE",131.3,BU / ACRE
2013,IA,CRAWFORD,047,CORN,"CORN, GRAIN - YIELD, MEASURED IN BU / ACRE",157.8,BU / ACRE
2014,IA,CRAWFORD,047,CORN,"CORN, GRAIN - YIELD, MEASURED IN BU / ACRE",183.0,BU / ACRE
2015,IA,CRAWFORD,047,CORN,"CORN, GRAIN - YIELD, MEASURED IN BU / ACRE",199.1,BU / ACRE
2016,IA,CRAWFORD,047,CORN,"CORN, GRAIN - YIELD, MEASURED IN BU / ACRE",213.5,BU / ACRE
2017,IA,CRAWFORD,047,CORN,"CORN, GRAIN - YIELD, MEASURED IN BU / ACRE",221.9,BU / ACRE
2018,IA,CRAWFORD,047,CORN,"CORN, GRAIN - YIELD, MEASURED IN BU / ACRE",214.0,BU / ACRE
2019,IA,CRAWFORD,047,CORN,"CORN, GRAIN - YIELD, MEASURED IN BU / ACRE",234.7,BU / ACRE
2020,IA,CRAWFORD,047,CORN,"CORN, GRAIN - YIELD, MEASURED IN BU / ACRE",181.2,BU / ACRE
2021,IA,CRAWFORD,047,CORN,"CORN, GRAIN - YIELD, MEASURED IN BU / ACRE",218.5,BU / ACRE
2022,IA,CRAWFORD,047,CORN,"CORN, GRAIN - YIELD, MEASURED IN BU / ACRE",216.4,BU / ACRE
2023,IA,CRAWFORD,047,CORN,"CORN, GRAIN - YIELD, MEASURED IN BU / ACRE",187.9,BU / ACRE
2024,IA,CRAWFORD,047,CORN,"CORN, GRAIN - YIELD, MEASURED IN BU / ACRE",214.2,BU / ACRE
2025,IA,CRAWFORD,047,CORN,"CORN, GRAIN - YIELD, MEASURED IN BU / ACRE",224.9,BU / ACRE
2010,IA,DALLAS,049,CORN,"CORN, GRAIN - YIELD, MEASURED IN BU / ACRE",141.9,BU / ACRE
2011,IA,DALLAS,049,CORN,"CORN, GRAIN - YIELD, MEASURED IN BU / ACRE",172.1,BU / ACRE
2012,IA,DALLAS,049,CORN,"CORN, GRAIN - YIELD, MEASURED IN BU / ACRE",129.0,BU / ACRE
2013,IA,DALLAS,049,CORN,"CORN, GRAIN - YIELD, MEASURED IN BU / ACRE",145.3,BU / ACRE
2014,IA,DALLAS,049,CORN,"CORN, GRAIN - YIELD, MEASURED IN BU / ACRE",195.5,BU / ACRE
2014,IA,DALLAS,049,CORN,"CORN, SILAGE - YIELD, MEASURED IN TONS / ACRE",20.0,TONS / ACRE
2015,IA,DALLAS,049,CORN,"CORN, GRAIN - YIELD, MEASURED IN BU / ACRE",182.4,BU / ACRE
2016,IA,DALLAS,049,CORN,"CORN, GRAIN - YIELD, MEASURED IN BU / ACRE",204.0,BU / ACRE
2017,IA,DALLAS,049,CORN,"CORN, GRAIN - YIELD, MEASURED IN BU / ACRE",187.2,BU / ACRE
2018,IA,DALLAS,049,CORN,"CORN, GRAIN - YIELD, MEASURED IN BU / ACRE",174.0,BU / ACRE
2019,IA,DALLAS,049,CORN,"CORN, GRAIN - YIELD, MEASURED IN BU / ACRE",195.0,BU / ACRE
2020,IA,DALLAS,049,CORN,"CORN, GRAIN - YIELD, MEASURED IN BU / ACRE",139.7,BU / ACRE
2021,IA,DALLAS,049,CORN,"CORN, GRAIN - YIELD, MEASURED IN BU / ACRE",209.9,BU / ACRE
2022,IA,DALLAS,049,CORN,"CORN, GRAIN - YIELD, MEASURED IN BU / ACRE",187.2,BU / ACRE
2023,IA,DALLAS,049,CORN,"CORN, GRAIN - YIELD, MEASURED IN BU / ACRE",210.9,BU / ACRE
2025,IA,DALLAS,049,CORN,"CORN, GRAIN - YIELD, MEASURED IN BU / ACRE",213.3,BU / ACRE
2025,IA,DALLAS,049,CORN,"CORN, SILAGE - YIELD, MEASURED IN TONS / ACRE",17.5,TONS / ACRE
2010,IA,DAVIS,051,CORN,"CORN, GRAIN - YIELD, MEASURED IN BU / ACRE",84.0,BU / ACRE
2011,IA,DAVIS,051,CORN,"CORN, GRAIN - YIELD, MEASURED IN BU / ACRE",97.8,BU / ACRE
2012,IA,DAVIS,051,CORN,"CORN, GRAIN - YIELD, MEASURED IN BU / ACRE",52.4,BU / ACRE
2013,IA,DAVIS,051,CORN,"CORN, GRAIN - YIELD, MEASURED IN BU / ACRE",146.7,BU / ACRE
2014,IA,DAVIS,051,CORN,"CORN, GRAIN - YIELD, MEASURED IN BU / ACRE",184.2,BU / ACRE
2015,IA,DAVIS,051,CORN,"CORN, GRAIN - YIELD, MEASURED IN BU / ACRE",142.4,BU / ACRE
2015,IA,DAVIS,051,CORN,"CORN, SILAGE - YIELD, MEASURED IN TONS / ACRE",13.0,TONS / ACRE
2016,IA,DAVIS,051,CORN,"CORN, GRAIN - YIELD, MEASURED IN BU / ACRE",188.7,BU / ACRE
2016,IA,DAVIS,051,CORN,"CORN, SILAGE - YIELD, MEASURED IN TONS / ACRE",19.5,TONS / ACRE
2017,IA,DAVIS,051,CORN,"CORN, GRAIN - YIELD, MEASURED IN BU / ACRE",107.3,BU / ACRE
2019,IA,DAVIS,051,CORN,"CORN, GRAIN - YIELD, MEASURED IN BU / ACRE",160.0,BU / ACRE
2019,IA,DAVIS,051,CORN,"CORN, SILAGE - YIELD, MEASURED IN TONS / ACRE",20.5,TONS / ACRE
2020,IA,DAVIS,051,CORN,"CORN, GRAIN - YIELD, MEASURED IN BU / ACRE",170.0,BU / ACRE
2021,IA,DAVIS,051,CORN,"CORN, GRAIN - YIELD, MEASURED IN BU / ACRE",152.5,BU / ACRE
2021,IA,DAVIS,051,CORN,"CORN, SILAGE - YIELD, MEASURED IN TONS / ACRE",17.5,TONS / ACRE
2022,IA,DAVIS,051,CORN,"CORN, GRAIN - YIELD, MEASURED IN BU / ACRE",154.9,BU / ACRE
2022,IA,DAVIS,051,CORN,"CORN, SILAGE - YIELD, MEASURED IN TONS / ACRE",18.5,TONS / ACRE
2023,IA,DAVIS,051,CORN,"CORN, GRAIN - YIELD, MEASURED IN BU / ACRE",179.8,BU / ACRE
2023,IA,DAVIS,051,CORN,"CORN, SILAGE - YIELD, MEASURED IN TONS / ACRE",17.0,TONS / ACRE
2024,IA,DAVIS,051,CORN,"CORN, GRAIN - YIELD, MEASURED IN BU / ACRE",194.9,BU / ACRE
2025,IA,DAVIS,051,CORN,"CORN, GRAIN - YIELD, MEASURED IN BU / ACRE",192.3,BU / ACRE
2025,IA,DAVIS,051,CORN,"CORN, SILAGE - YIELD, MEASURED IN TONS / ACRE",17.5,TONS / ACRE
2010,IA,DECATUR,053,CORN,"CORN, GRAIN - YIELD, MEASURED IN BU / ACRE",94.3,BU / ACRE
2011,IA,DECATUR,053,CORN,"CORN, GRAIN - YIELD, MEASURED IN BU / ACRE",126.1,BU / ACRE
2012,IA,DECATUR,053,CORN,"CORN, GRAIN - YIELD, MEASURED IN BU / ACRE",61.2,BU / ACRE
2012,IA,DECATUR,053,CORN,"CORN, SILAGE - YIELD, MEASURED IN TONS / ACRE",11.0,TONS / ACRE
2013,IA,DECATUR,053,CORN,"CORN, GRAIN - YIELD, MEASURED IN BU / ACRE",131.2,BU / ACRE
2014,IA,DECATUR,053,CORN,"CORN, GRAIN - YIELD, MEASURED IN BU / ACRE",164.0,BU / ACRE
2015,IA,DECATUR,053,CORN,"CORN, GRAIN - YIELD, MEASURED IN BU / ACRE",162.7,BU / ACRE
2016,IA,DECATUR,053,CORN,"CORN, GRAIN - YIELD, MEASURED IN BU / ACRE",181.1,BU / ACRE
2018,IA,DECATUR,053,CORN,"CORN, GRAIN - YIELD, MEASURED IN BU / ACRE",172.5,BU / ACRE
2020,IA,DECATUR,053,CORN,"CORN, GRAIN - YIELD, MEASURED IN BU / ACRE",159.3,BU / ACRE
2020,IA,DECATUR,053,CORN,"CORN, SILAGE - YIELD, MEASURED IN TONS / ACRE",16.5,TONS / ACRE
2022,IA,DECATUR,053,CORN,"CORN, GRAIN - YIELD, MEASURED IN BU / ACRE",148.7,BU / ACRE
2023,IA,DECATUR,053,CORN,"CORN, GRAIN - YIELD, MEASURED IN BU / ACRE",205.3,BU / ACRE
2024,IA,DECATUR,053,CORN,"CORN, GRAIN - YIELD, MEASURED IN BU / ACRE",172.2,BU / ACRE
2025,IA,DECATUR,053,CORN,"CORN, GRAIN - YIELD, MEASURED IN BU / ACRE",182.9,BU / ACRE
2010,IA,DELAWARE,055,CORN,"CORN, GRAIN - YIELD, MEASURED IN BU / ACRE",175.8,BU / ACRE
2011,IA,DELAWARE,055,CORN,"CORN, GRAIN - YIELD, MEASURED IN BU / ACRE",186.5,BU / ACRE
2012,IA,DELAWARE,055,CORN,"CORN, GRAIN - YIELD, MEASURED IN BU / ACRE",129.8,BU / ACRE
2013,IA,DELAWARE,055,CORN,"CORN, GRAIN - YIELD, MEASURED IN BU / ACRE",184.7,BU / ACRE
2014,IA,DELAWARE,055,CORN,"CORN, GRAIN - YIELD, MEASURED IN BU / ACRE",174.9,BU / ACRE
2015,IA,DELAWARE,055,CORN,"CORN, GRAIN - YIELD, MEASURED IN BU / ACRE",195.8,BU / ACRE
2016,IA,DELAWARE,055,CORN,"CORN, GRAIN - YIELD, MEASURED IN BU / ACRE",202.3,BU / ACRE
2017,IA,DELAWARE,055,CORN,"CORN, GRAIN - YIELD, MEASURED IN BU / ACRE",218.0,BU / ACRE
2018,IA,DELAWARE,055,CORN,"CORN, GRAIN - YIELD, MEASURED IN BU / ACRE",224.8,BU / ACRE
2019,IA,DELAWARE,055,CORN,"CORN, GRAIN - YIELD, MEASURED IN BU / ACRE",204.5,BU / ACRE
2020,IA,DELAWARE,055,CORN,"CORN, GRAIN - YIELD, MEASURED IN BU / ACRE",190.4,BU / ACRE
2020,IA,DELAWARE,055,CORN,"CORN, SILAGE - YIELD, MEASURED IN TONS / ACRE",22.5,TONS / ACRE
2021,IA,DELAWARE,055,CORN,"CORN, GRAIN - YIELD, MEASURED IN BU / ACRE",218.0,BU / ACRE
2021,IA,DELAWARE,055,CORN,"CORN, SILAGE - YIELD, MEASURED IN TONS / ACRE",21.5,TONS / ACRE
2022,IA,DELAWARE,055,CORN,"CORN, GRAIN - YIELD, MEASURED IN BU / ACRE",230.8,BU / ACRE
2022,IA,DELAWARE,055,CORN,"CORN, SILAGE - YIELD, MEASURED IN TONS / ACRE",17.0,TONS / ACRE
2023,IA,DELAWARE,055,CORN,"CORN, GRAIN - YIELD, MEASURED IN BU / ACRE",198.9,BU / ACRE
2023,IA,DELAWARE,055,CORN,"CORN, SILAGE - YIELD, MEASURED IN TONS / ACRE",20.0,TONS / ACRE
2024,IA,DELAWARE,055,CORN,"CORN, GRAIN - YIELD, MEASURED IN BU / ACRE",219.5,BU / ACRE
2025,IA,DELAWARE,055,CORN,"CORN, GRAIN - YIELD, MEASURED IN BU / ACRE",224.1,BU / ACRE
2025,IA,DELAWARE,055,CORN,"CORN, SILAGE - YIELD, MEASURED IN TONS / ACRE",25.5,TONS / ACRE
2010,IA,DES MOINES,057,CORN,"CORN, GRAIN - YIELD, MEASURED IN BU / ACRE",112.1,BU / ACRE
2011,IA,DES MOINES,057,CORN,"CORN, GRAIN - YIELD, MEASURED IN BU / ACRE",146.6,BU / ACRE
2012,IA,DES MOINES,057,CORN,"CORN, GRAIN - YIELD, MEASURED IN BU / ACRE",143.7,BU / ACRE
2013,IA,DES MOINES,057,CORN,"CORN, GRAIN - YIELD, MEASURED IN BU / ACRE",165.4,BU / ACRE
2014,IA,DES MOINES,057,CORN,"CORN, GRAIN - YIELD, MEASURED IN BU / ACRE",199.0,BU / ACRE
2015,IA,DES MOINES,057,CORN,"CORN, GRAIN - YIELD, MEASURED IN BU / ACRE",176.0,BU / ACRE
2016,IA,DES MOINES,057,CORN,"CORN, GRAIN - YIELD, MEASURED IN BU / ACRE",210.0,BU / ACRE
2017,IA,DES MOINES,057,CORN,"CORN, GRAIN - YIELD, MEASURED IN BU / ACRE",200.1,BU / ACRE
2018,IA,DES MOINES,057,CORN,"CORN, GRAIN - YIELD, MEASURED IN BU / ACRE",195.4,BU / ACRE
2018,IA,DES MOINES,057,CORN,"CORN, SILAGE - YIELD, MEASURED IN TONS / ACRE",20.0,TONS / ACRE
2019,IA,DES MOINES,057,CORN,"CORN, GRAIN - YIELD, MEASURED IN BU / ACRE",176.9,BU / ACRE
2020,IA,DES MOINES,057,CORN,"CORN, GRAIN - YIELD, MEASURED IN BU / ACRE",190.2,BU / ACRE
2020,IA,DES MOINES,057,CORN,"CORN, SILAGE - YIELD, MEASURED IN TONS / ACRE",19.0,TONS / ACRE
2022,IA,DES MOINES,057,CORN,"CORN, GRAIN - YIELD, MEASURED IN BU / ACRE",194.8,BU / ACRE
2022,IA,DES MOINES,057,CORN,"CORN, SILAGE - YIELD, MEASURED IN TONS / ACRE",19.5,TONS / ACRE
2023,IA,DES MOINES,057,CORN,"CORN, GRAIN - YIELD, MEASURED IN BU / ACRE",207.9,BU / ACRE
2024,IA,DES MOINES,057,CORN,"CORN, GRAIN - YIELD, MEASURED IN BU / ACRE",221.8,BU / ACRE
2025,IA,DES MOINES,057,CORN,"CORN, GRAIN - YIELD, MEASURED IN BU / ACRE",221.1,BU / ACRE
2025,IA,DES MOINES,057,CORN,"CORN, SILAGE - YIELD, MEASURED IN TONS / ACRE",19.0,TONS / ACRE
2010,IA,DICKINSON,059,CORN,"CORN, GRAIN - YIELD, MEASURED IN BU / ACRE",181.0,BU / ACRE
2011,IA,DICKINSON,059,CORN,"CORN, GRAIN - YIELD, MEASURED IN BU / ACRE",169.3,BU / ACRE
2011,IA,DICKINSON,059,CORN,"CORN, SILAGE - YIELD, MEASURED IN TONS / ACRE",13.5,TONS / ACRE
2012,IA,DICKINSON,059,CORN,"CORN, GRAIN - YIELD, MEASURED IN BU / ACRE",160.9,BU / ACRE
2012,IA,DICKINSON,059,CORN,"CORN, SILAGE - YIELD, MEASURED IN TONS / ACRE",17.5,TONS / ACRE
2013,IA,DICKINSON,059,CORN,"CORN, GRAIN - YIELD, MEASURED IN BU / ACRE",162.4,BU / ACRE
2014,IA,DICKINSON,059,CORN,"CORN, GRAIN - YIELD, MEASURED IN BU / ACRE",157.9,BU / ACRE
2015,IA,DICKINSON,059,CORN,"CORN, GRAIN - YIELD, MEASURED IN BU / ACRE",194.5,BU / ACRE
2016,IA,DICKINSON,059,CORN,"CORN, GRAIN - YIELD, MEASURED IN BU / ACRE",188.0,BU / ACRE
2017,IA,DICKINSON,059,CORN,"CORN, GRAIN - YIELD, MEASURED IN BU / ACRE",196.2,BU / ACRE
2018,IA,DICKINSON,059,CORN,"CORN, GRAIN - YIELD, MEASURED IN BU / ACRE",160.4,BU / ACRE
2019,IA,DICKINSON,059,CORN,"CORN, GRAIN - YIELD, MEASURED IN BU / ACRE",170.0,BU / ACRE
2020,IA,DICKINSON,059,CORN,"CORN, GRAIN - YIELD, MEASURED IN BU / ACRE",182.2,BU / ACRE
2021,IA,DICKINSON,059,CORN,"CORN, GRAIN - YIELD, MEASURED IN BU / ACRE",177.7,BU / ACRE
2021,IA,DICKINSON,059,CORN,"CORN, SILAGE - YIELD, MEASURED IN TONS / ACRE",18.0,TONS / ACRE
2022,IA,DICKINSON,059,CORN,"CORN, GRAIN - YIELD, MEASURED IN BU / ACRE",203.4,BU / ACRE
2023,IA,DICKINSON,059,CORN,"CORN, GRAIN - YIELD, MEASURED IN BU / ACRE",201.3,BU / ACRE
2024,IA,DICKINSON,059,CORN,"CORN, GRAIN - YIELD, MEASURED IN BU / ACRE",160.8,BU / ACRE
2024,IA,DICKINSON,059,CORN,"CORN, SILAGE - YIELD, MEASURED IN TONS / ACRE",22.0,TONS / ACRE
2025,IA,DICKINSON,059,CORN,"CORN, GRAIN - YIELD, MEASURED IN BU / ACRE",220.2,BU / ACRE
2010,IA,DUBUQUE,061,CORN,"CORN, GRAIN - YIELD, MEASURED IN BU / ACRE",170.4,BU / ACRE
2011,IA,DUBUQUE,061,CORN,"CORN, GRAIN - YIELD, MEASURED IN BU / ACRE",185.1,BU / ACRE
2012,IA,DUBUQUE,061,CORN,"CORN, GRAIN - YIELD, MEASURED IN BU / ACRE",149.4,BU / ACRE
2013,IA,DUBUQUE,061,CORN,"CORN, GRAIN - YIELD, MEASURED IN BU / ACRE",196.0,BU / ACRE
2014,IA,DUBUQUE,061,CORN,"CORN, GRAIN - YIELD, MEASURED IN BU / ACRE",184.9,BU / ACRE
2015,IA,DUBUQUE,061,CORN,"CORN, GRAIN - YIELD, MEASURED IN BU / ACRE",197.0,BU / ACRE
2016,IA,DUBUQUE,061,CORN,"CORN, GRAIN - YIELD, MEASURED IN BU / ACRE",211.5,BU / ACRE
2017,IA,DUBUQUE,061,CORN,"CORN, GRAIN - YIELD, MEASURED IN BU / ACRE",215.1,BU / ACRE
2018,IA,DUBUQUE,061,CORN,"CORN, GRAIN - YIELD, MEASURED IN BU / ACRE",211.8,BU / ACRE
2019,IA,DUBUQUE,061,CORN,"CORN, GRAIN - YIELD, MEASURED IN BU / ACRE",216.4,BU / ACRE
2020,IA,DUBUQUE,061,CORN,"CORN, GRAIN - YIELD, MEASURED IN BU / ACRE",197.1,BU / ACRE
2020,IA,DUBUQUE,061,CORN,"CORN, SILAGE - YIELD, MEASURED IN TONS / ACRE",22.0,TONS / ACRE
2021,IA,DUBUQUE,061,CORN,"CORN, GRAIN - YIELD, MEASURED IN BU / ACRE",217.2,BU / ACRE
2022,IA,DUBUQUE,061,CORN,"CORN, GRAIN - YIELD, MEASURED IN BU / ACRE",223.7,BU / ACRE
2022,IA,DUBUQUE,061,CORN,"CORN, SILAGE - YIELD, MEASURED IN TONS / ACRE",23.0,TONS / ACRE
2023,IA,DUBUQUE,061,CORN,"CORN, GRAIN - YIELD, MEASURED IN BU / ACRE",199.5,BU / ACRE
2023,IA,DUBUQUE,061,CORN,"CORN, SILAGE - YIELD, MEASURED IN TONS / ACRE",21.0,TONS / ACRE
2024,IA,DUBUQUE,061,CORN,"CORN, GRAIN - YIELD, MEASURED IN BU / ACRE",221.7,BU / ACRE
2024,IA,DUBUQUE,061,CORN,"CORN, SILAGE - YIELD, MEASURED IN TONS / ACRE",24.0,TONS / ACRE
2025,IA,DUBUQUE,061,CORN,"CORN, GRAIN - YIELD, MEASURED IN BU / ACRE",217.3,BU / ACRE
2025,IA,DUBUQUE,061,CORN,"CORN, SILAGE - YIELD, MEASURED IN TONS / ACRE",27.0,TONS / ACRE
2010,IA,EMMET,063,CORN,"CORN, GRAIN - YIELD, MEASURED IN BU / ACRE",183.1,BU / ACRE
2011,IA,EMMET,063,CORN,"CORN, GRAIN - YIELD, MEASURED IN BU / ACRE",169.6,BU / ACRE
2011,IA,EMMET,063,CORN,"CORN, SILAGE - YIELD, MEASURED IN TONS / ACRE",24.0,TONS / ACRE
2012,IA,EMMET,063,CORN,"CORN, GRAIN - YIELD, MEASURED IN BU / ACRE",166.6,BU / ACRE
2013,IA,EMMET,063,CORN,"CORN, GRAIN - YIELD, MEASURED IN BU / ACRE",166.4,BU / ACRE
2014,IA,EMMET,063,CORN,"CORN, GRAIN - YIELD, MEASURED IN BU / ACRE",165.0,BU / ACRE
2015,IA,EMMET,063,CORN,"CORN, GRAIN - YIELD, MEASURED IN BU / ACRE",203.3,BU / ACRE
2016,IA,EMMET,063,CORN,"CORN, GRAIN - YIELD, MEASURED IN BU / ACRE",198.5,BU / ACRE
2017,IA,EMMET,063,CORN,"CORN, GRAIN - YIELD, MEASURED IN BU / ACRE",210.1,BU / ACRE
2018,IA,EMMET,063,CORN,"CORN, GRAIN - YIELD, MEASURED IN BU / ACRE",155.8,BU / ACRE
2020,IA,EMMET,063,CORN,"CORN, GRAIN - YIELD, MEASURED IN BU / ACRE",186.1,BU / ACRE
2020,IA,EMMET,063,CORN,"CORN, SILAGE - YIELD, MEASURED IN TONS / ACRE",18.5,TONS / ACRE
2021,IA,EMMET,063,CORN,"CORN, GRAIN - YIELD, MEASURED IN BU / ACRE",182.5,BU / ACRE
2022,IA,EMMET,063,CORN,"CORN, GRAIN - YIELD, MEASURED IN BU / ACRE",213.6,BU / ACRE
2025,IA,EMMET,063,CORN,"CORN, GRAIN - YIELD, MEASURED IN BU / ACRE",227.1,BU / ACRE
2010,IA,FAYETTE,065,CORN,"CORN, GRAIN - YIELD, MEASURED IN BU / ACRE",166.5,BU / ACRE
2011,IA,FAYETTE,065,CORN,"CORN, GRAIN - YIELD, MEASURED IN BU / ACRE",186.6,BU / ACRE
2012,IA,FAYETTE,065,CORN,"CORN, GRAIN - YIELD, MEASURED IN BU / ACRE",151.0,BU / ACRE
2013,IA,FAYETTE,065,CORN,"CORN, GRAIN - YIELD, MEASURED IN BU / ACRE",181.2,BU / ACRE
2014,IA,FAYETTE,065,CORN,"CORN, GRAIN - YIELD, MEASURED IN BU / ACRE",170.9,BU / ACRE
2015,IA,FAYETTE,065,CORN,"CORN, GRAIN - YIELD, MEASURED IN BU / ACRE",191.8,BU / ACRE
2016,IA,FAYETTE,065,CORN,"CORN, GRAIN - YIELD, MEASURED IN BU / ACRE",202.5,BU / ACRE
2017,IA,FAYETTE,065,CORN,"CORN, GRAIN - YIELD, MEASURED IN BU / ACRE",207.6,BU / ACRE
2018,IA,FAYETTE,065,CORN,"CORN, GRAIN - YIELD, MEASURED IN BU / ACRE",200.1,BU / ACRE
2019,IA,FAYETTE,065,CORN,"CORN, GRAIN - YIELD, MEASURED IN BU / ACRE",200.5,BU / ACRE
2020,IA,FAYETTE,065,CORN,"CORN, GRAIN - YIELD, MEASURED IN BU / ACRE",180.1,BU / ACRE
2020,IA,FAYETTE,065,CORN,"CORN, SILAGE - YIELD, MEASURED IN TONS / ACRE",21.5,TONS / ACRE
2021,IA,FAYETTE,065,CORN,"CORN, GRAIN - YIELD, MEASURED IN BU / ACRE",205.6,BU / ACRE
2021,IA,FAYETTE,065,CORN,"CORN, SILAGE - YIELD, MEASURED IN TONS / ACRE",23.0,TONS / ACRE
2022,IA,FAYETTE,065,CORN,"CORN, GRAIN - YIELD, MEASURED IN BU / ACRE",209.8,BU / ACRE
2022,IA,FAYETTE,065,CORN,"CORN, SILAGE - YIELD, MEASURED IN TONS / ACRE",24.0,TONS / ACRE
2023,IA,FAYETTE,065,CORN,"CORN, GRAIN - YIELD, MEASURED IN BU / ACRE",205.9,BU / ACRE
2023,IA,FAYETTE,065,CORN,"CORN, SILAGE - YIELD, MEASURED IN TONS / ACRE",21.0,TONS / ACRE
2024,IA,FAYETTE,065,CORN,"CORN, GRAIN - YIELD, MEASURED IN BU / ACRE",201.2,BU / ACRE
2010,IA,FLOYD,067,CORN,"CORN, GRAIN - YIELD, MEASURED IN BU / ACRE",177.8,BU / ACRE
2011,IA,FLOYD,067,CORN,"CORN, GRAIN - YIELD, MEASURED IN BU / ACRE",181.1,BU / ACRE
2012,IA,FLOYD,067,CORN,"CORN, GRAIN - YIELD, MEASURED IN BU / ACRE",123.2,BU / ACRE
2013,IA,FLOYD,067,CORN,"CORN, GRAIN - YIELD, MEASURED IN BU / ACRE",170.0,BU / ACRE
2014,IA,FLOYD,067,CORN,"CORN, GRAIN - YIELD, MEASURED IN BU / ACRE",162.8,BU / ACRE
2015,IA,FLOYD,067,CORN,"CORN, GRAIN - YIELD, MEASURED IN BU / ACRE",196.5,BU / ACRE
2016,IA,FLOYD,067,CORN,"CORN, GRAIN - YIELD, MEASURED IN BU / ACRE",196.3,BU / ACRE
2017,IA,FLOYD,067,CORN,"CORN, GRAIN - YIELD, MEASURED IN BU / ACRE",203.4,BU / ACRE
2018,IA,FLOYD,067,CORN,"CORN, GRAIN - YIELD, MEASURED IN BU / ACRE",184.4,BU / ACRE
2019,IA,FLOYD,067,CORN,"CORN, GRAIN - YIELD, MEASURED IN BU / ACRE",202.9,BU / ACRE
2020,IA,FLOYD,067,CORN,"CORN, GRAIN - YIELD, MEASURED IN BU / ACRE",187.4,BU / ACRE
2020,IA,FLOYD,067,CORN,"CORN, SILAGE - YIELD, MEASURED IN TONS / ACRE",19.5,TONS / ACRE
2021,IA,FLOYD,067,CORN,"CORN, GRAIN - YIELD, MEASURED IN BU / ACRE",204.4,BU / ACRE
2021,IA,FLOYD,067,CORN,"CORN, SILAGE - YIELD, MEASURED IN TONS / ACRE",17.5,TONS / ACRE
2022,IA,FLOYD,067,CORN,"CORN, GRAIN - YIELD, MEASURED IN BU / ACRE",204.6,BU / ACRE
2022,IA,FLOYD,067,CORN,"CORN, SILAGE - YIELD, MEASURED IN TONS / ACRE",23.5,TONS / ACRE
2023,IA,FLOYD,067,CORN,"CORN, GRAIN - YIELD, MEASURED IN BU / ACRE",191.8,BU / ACRE
2023,IA,FLOYD,067,CORN,"CORN, SILAGE - YIELD, MEASURED IN TONS / ACRE",20.5,TONS / ACRE
2024,IA,FLOYD,067,CORN,"CORN, GRAIN - YIELD, MEASURED IN BU / ACRE",210.1,BU / ACRE
2024,IA,FLOYD,067,CORN,"CORN, SILAGE - YIELD, MEASURED IN TONS / ACRE",24.0,TONS / ACRE
2025,IA,FLOYD,067,CORN,"CORN, GRAIN - YIELD, MEASURED IN BU / ACRE",219.1,BU / ACRE
2025,IA,FLOYD,067,CORN,"CORN, SILAGE - YIELD, MEASURED IN TONS / ACRE",25.0,TONS / ACRE
2010,IA,FRANKLIN,069,CORN,"CORN, GRAIN - YIELD, MEASURED IN BU / ACRE",168.0,BU / ACRE
2011,IA,FRANKLIN,069,CORN,"CORN, GRAIN - YIELD, MEASURED IN BU / ACRE",189.7,BU / ACRE
2012,IA,FRANKLIN,069,CORN,"CORN, GRAIN - YIELD, MEASURED IN BU / ACRE",150.0,BU / ACRE
2013,IA,FRANKLIN,069,CORN,"CORN, GRAIN - YIELD, MEASURED IN BU / ACRE",179.6,BU / ACRE
2014,IA,FRANKLIN,069,CORN,"CORN, GRAIN - YIELD, MEASURED IN BU / ACRE",165.8,BU / ACRE
2015,IA,FRANKLIN,069,CORN,"CORN, GRAIN - YIELD, MEASURED IN BU / ACRE",200.2,BU / ACRE
2016,IA,FRANKLIN,069,CORN,"CORN, GRAIN - YIELD, MEASURED IN BU / ACRE",204.8,BU / ACRE
2017,IA,FRANKLIN,069,CORN,"CORN, GRAIN - YIELD, MEASURED IN BU / ACRE",206.1,BU / ACRE
2018,IA,FRANKLIN,069,CORN,"CORN, GRAIN - YIELD, MEASURED IN BU / ACRE",204.3,BU / ACRE
2019,IA,FRANKLIN,069,CORN,"CORN, GRAIN - YIELD, MEASURED IN BU / ACRE",202.7,BU / ACRE
2020,IA,FRANKLIN,069,CORN,"CORN, GRAIN - YIELD, MEASURED IN BU / ACRE",180.1,BU / ACRE
2021,IA,FRANKLIN,069,CORN,"CORN, GRAIN - YIELD, MEASURED IN BU / ACRE",198.9,BU / ACRE
2022,IA,FRANKLIN,069,CORN,"CORN, GRAIN - YIELD, MEASURED IN BU / ACRE",220.1,BU / ACRE
2023,IA,FRANKLIN,069,CORN,"CORN, GRAIN - YIELD, MEASURED IN BU / ACRE",210.5,BU / ACRE
2024,IA,FRANKLIN,069,CORN,"CORN, GRAIN - YIELD, MEASURED IN BU / ACRE",204.9,BU / ACRE
2025,IA,FRANKLIN,069,CORN,"CORN, GRAIN - YIELD, MEASURED IN BU / ACRE",208.5,BU / ACRE
2010,IA,FREMONT,071,CORN,"CORN, GRAIN - YIELD, MEASURED IN BU / ACRE",152.7,BU / ACRE
2011,IA,FREMONT,071,CORN,"CORN, GRAIN - YIELD, MEASURED IN BU / ACRE",155.6,BU / ACRE
2012,IA,FREMONT,071,CORN,"CORN, GRAIN - YIELD, MEASURED IN BU / ACRE",131.2,BU / ACRE
2013,IA,FREMONT,071,CORN,"CORN, GRAIN - YIELD, MEASURED IN BU / ACRE",159.9,BU / ACRE
2013,IA,FREMONT,071,CORN,"CORN, SILAGE - YIELD, MEASURED IN TONS / ACRE",18.0,TONS / ACRE
2014,IA,FREMONT,071,CORN,"CORN, GRAIN - YIELD, MEASURED IN BU / ACRE",191.5,BU / ACRE
2015,IA,FREMONT,071,CORN,"CORN, GRAIN - YIELD, MEASURED IN BU / ACRE",179.9,BU / ACRE
2016,IA,FREMONT,071,CORN,"CORN, GRAIN - YIELD, MEASURED IN BU / ACRE",180.8,BU / ACRE
2017,IA,FREMONT,071,CORN,"CORN, GRAIN - YIELD, MEASURED IN BU / ACRE",204.5,BU / ACRE
2018,IA,FREMONT,071,CORN,"CORN, GRAIN - YIELD, MEASURED IN BU / ACRE",195.1,BU / ACRE
2020,IA,FREMONT,071,CORN,"CORN, GRAIN - YIELD, MEASURED IN BU / ACRE",194.8,BU / ACRE
2021,IA,FREMONT,071,CORN,"CORN, GRAIN - YIELD, MEASURED IN BU / ACRE",206.7,BU / ACRE
2022,IA,FREMONT,071,CORN,"CORN, GRAIN - YIELD, MEASURED IN BU / ACRE",191.6,BU / ACRE
2023,IA,FREMONT,071,CORN,"CORN, GRAIN - YIELD, MEASURED IN BU / ACRE",211.0,BU / ACRE
2024,IA,FREMONT,071,CORN,"CORN, GRAIN - YIELD, MEASURED IN BU / ACRE",231.0,BU / ACRE
2025,IA,FREMONT,071,CORN,"CORN, GRAIN - YIELD, MEASURED IN BU / ACRE",195.8,BU / ACRE
2010,IA,GREENE,073,CORN,"CORN, GRAIN - YIELD, MEASURED IN BU / ACRE",167.3,BU / ACRE
2011,IA,GREENE,073,CORN,"CORN, GRAIN - YIELD, MEASURED IN BU / ACRE",183.4,BU / ACRE
2012,IA,GREENE,073,CORN,"CORN, GRAIN - YIELD, MEASURED IN BU / ACRE",124.6,BU / ACRE
2013,IA,GREENE,073,CORN,"CORN, GRAIN - YIELD, MEASURED IN BU / ACRE",137.9,BU / ACRE
2014,IA,GREENE,073,CORN,"CORN, GRAIN - YIELD, MEASURED IN BU / ACRE",181.2,BU / ACRE
2015,IA,GREENE,073,CORN,"CORN, GRAIN - YIELD, MEASURED IN BU / ACRE",189.0,BU / ACRE
2016,IA,GREENE,073,CORN,"CORN, GRAIN - YIELD, MEASURED IN BU / ACRE",205.5,BU / ACRE
2017,IA,GREENE,073,CORN,"CORN, GRAIN - YIELD, MEASURED IN BU / ACRE",202.2,BU / ACRE
2018,IA,GREENE,073,CORN,"CORN, GRAIN - YIELD, MEASURED IN BU / ACRE",201.3,BU / ACRE
2019,IA,GREENE,073,CORN,"CORN, GRAIN - YIELD, MEASURED IN BU / ACRE",201.4,BU / ACRE
2019,IA,GREENE,073,CORN,"CORN, SILAGE - YIELD, MEASURED IN TONS / ACRE",21.5,TONS / ACRE
2020,IA,GREENE,073,CORN,"CORN, GRAIN - YIELD, MEASURED IN BU / ACRE",153.8,BU / ACRE
2020,IA,GREENE,073,CORN,"CORN, SILAGE - YIELD, MEASURED IN TONS / ACRE",18.5,TONS / ACRE
2021,IA,GREENE,073,CORN,"CORN, GRAIN - YIELD, MEASURED IN BU / ACRE",220.5,BU / ACRE
2022,IA,GREENE,073,CORN,"CORN, GRAIN - YIELD, MEASURED IN BU / ACRE",197.3,BU / ACRE
2023,IA,GREENE,073,CORN,"CORN, GRAIN - YIELD, MEASURED IN BU / ACRE",208.0,BU / ACRE
2024,IA,GREENE,073,CORN,"CORN, GRAIN - YIELD, MEASURED IN BU / ACRE",223.1,BU / ACRE
2025,IA,GREENE,073,CORN,"CORN, GRAIN - YIELD, MEASURED IN BU / ACRE",213.3,BU / ACRE
2010,IA,GRUNDY,075,CORN,"CORN, GRAIN - YIELD, MEASURED IN BU / ACRE",192.9,BU / ACRE
2011,IA,GRUNDY,075,CORN,"CORN, GRAIN - YIELD, MEASURED IN BU / ACRE",172.8,BU / ACRE
2012,IA,GRUNDY,075,CORN,"CORN, GRAIN - YIELD, MEASURED IN BU / ACRE",161.5,BU / ACRE
2013,IA,GRUNDY,075,CORN,"CORN, GRAIN - YIELD, MEASURED IN BU / ACRE",180.8,BU / ACRE
2014,IA,GRUNDY,075,CORN,"CORN, GRAIN - YIELD, MEASURED IN BU / ACRE",182.4,BU / ACRE
2015,IA,GRUNDY,075,CORN,"CORN, GRAIN - YIELD, MEASURED IN BU / ACRE",199.9,BU / ACRE
2016,IA,GRUNDY,075,CORN,"CORN, GRAIN - YIELD, MEASURED IN BU / ACRE",198.5,BU / ACRE
2017,IA,GRUNDY,075,CORN,"CORN, GRAIN - YIELD, MEASURED IN BU / ACRE",217.3,BU / ACRE
2018,IA,GRUNDY,075,CORN,"CORN, GRAIN - YIELD, MEASURED IN BU / ACRE",225.2,BU / ACRE
2019,IA,GRUNDY,075,CORN,"CORN, GRAIN - YIELD, MEASURED IN BU / ACRE",209.8,BU / ACRE
2020,IA,GRUNDY,075,CORN,"CORN, GRAIN - YIELD, MEASURED IN BU / ACRE",182.7,BU / ACRE
2021,IA,GRUNDY,075,CORN,"CORN, GRAIN - YIELD, MEASURED IN BU / ACRE",209.4,BU / ACRE
2022,IA,GRUNDY,075,CORN,"CORN, GRAIN - YIELD, MEASURED IN BU / ACRE",207.5,BU / ACRE
2023,IA,GRUNDY,075,CORN,"CORN, GRAIN - YIELD, MEASURED IN BU / ACRE",212.9,BU / ACRE
2025,IA,GRUNDY,075,CORN,"CORN, GRAIN - YIELD, MEASURED IN BU / ACRE",215.9,BU / ACRE
2010,IA,GUTHRIE,077,CORN,"CORN, GRAIN - YIELD, MEASURED IN BU / ACRE",141.3,BU / ACRE
2011,IA,GUTHRIE,077,CORN,"CORN, GRAIN - YIELD, MEASURED IN BU / ACRE",169.4,BU / ACRE
2012,IA,GUTHRIE,077,CORN,"CORN, GRAIN - YIELD, MEASURED IN BU / ACRE",113.4,BU / ACRE
2013,IA,GUTHRIE,077,CORN,"CORN, GRAIN - YIELD, MEASURED IN BU / ACRE",130.1,BU / ACRE
2014,IA,GUTHRIE,077,CORN,"CORN, GRAIN - YIELD, MEASURED IN BU / ACRE",176.1,BU / ACRE
2015,IA,GUTHRIE,077,CORN,"CORN, GRAIN - YIELD, MEASURED IN BU / ACRE",179.2,BU / ACRE
2016,IA,GUTHRIE,077,CORN,"CORN, GRAIN - YIELD, MEASURED IN BU / ACRE",198.2,BU / ACRE
2017,IA,GUTHRIE,077,CORN,"CORN, GRAIN - YIELD, MEASURED IN BU / ACRE",197.6,BU / ACRE
2018,IA,GUTHRIE,077,CORN,"CORN, GRAIN - YIELD, MEASURED IN BU / ACRE",192.2,BU / ACRE
2019,IA,GUTHRIE,077,CORN,"CORN, GRAIN - YIELD, MEASURED IN BU / ACRE",196.7,BU / ACRE
2020,IA,GUTHRIE,077,CORN,"CORN, GRAIN - YIELD, MEASURED IN BU / ACRE",151.3,BU / ACRE
2021,IA,GUTHRIE,077,CORN,"CORN, GRAIN - YIELD, MEASURED IN BU / ACRE",220.0,BU / ACRE
2022,IA,GUTHRIE,077,CORN,"CORN, GRAIN - YIELD, MEASURED IN BU / ACRE",193.6,BU / ACRE
2010,IA,HAMILTON,079,CORN,"CORN, GRAIN - YIELD, MEASURED IN BU / ACRE",169.6,BU / ACRE
2011,IA,HAMILTON,079,CORN,"CORN, GRAIN - YIELD, MEASURED IN BU / ACRE",180.6,BU / ACRE
2012,IA,HAMILTON,079,CORN,"CORN, GRAIN - YIELD, MEASURED IN BU / ACRE",138.0,BU / ACRE
2013,IA,HAMILTON,079,CORN,"CORN, GRAIN - YIELD, MEASURED IN BU / ACRE",135.0,BU / ACRE
2014,IA,HAMILTON,079,CORN,"CORN, GRAIN - YIELD, MEASURED IN BU / ACRE",173.1,BU / ACRE
2015,IA,HAMILTON,079,CORN,"CORN, GRAIN - YIELD, MEASURED IN BU / ACRE",198.1,BU / ACRE
2016,IA,HAMILTON,079,CORN,"CORN, GRAIN - YIELD, MEASURED IN BU / ACRE",209.0,BU / ACRE
2017,IA,HAMILTON,079,CORN,"CORN, GRAIN - YIELD, MEASURED IN BU / ACRE",194.6,BU / ACRE
2018,IA,HAMILTON,079,CORN,"CORN, GRAIN - YIELD, MEASURED IN BU / ACRE",188.9,BU / ACRE
2019,IA,HAMILTON,079,CORN,"CORN, GRAIN - YIELD, MEASURED IN BU / ACRE",198.2,BU / ACRE
2020,IA,HAMILTON,079,CORN,"CORN, GRAIN - YIELD, MEASURED IN BU / ACRE",166.2,BU / ACRE
2022,IA,HAMILTON,079,CORN,"CORN, GRAIN - YIELD, MEASURED IN BU / ACRE",208.6,BU / ACRE
2023,IA,HAMILTON,079,CORN,"CORN, GRAIN - YIELD, MEASURED IN BU / ACRE",215.5,BU / ACRE
2024,IA,HAMILTON,079,CORN,"CORN, GRAIN - YIELD, MEASURED IN BU / ACRE",212.3,BU / ACRE
2025,IA,HAMILTON,079,CORN,"CORN, GRAIN - YIELD, MEASURED IN BU / ACRE",212.7,BU / ACRE
2010,IA,HANCOCK,081,CORN,"CORN, GRAIN - YIELD, MEASURED IN BU / ACRE",176.9,BU / ACRE
2011,IA,HANCOCK,081,CORN,"CORN, GRAIN - YIELD, MEASURED IN BU / ACRE",179.8,BU / ACRE
2011,IA,HANCOCK,081,CORN,"CORN, SILAGE - YIELD, MEASURED IN TONS / ACRE",20.5,TONS / ACRE
2012,IA,HANCOCK,081,CORN,"CORN, GRAIN - YIELD, MEASURED IN BU / ACRE",143.3,BU / ACRE
2013,IA,HANCOCK,081,CORN,"CORN, GRAIN - YIELD, MEASURED IN BU / ACRE",169.9,BU / ACRE
2014,IA,HANCOCK,081,CORN,"CORN, GRAIN - YIELD, MEASURED IN BU / ACRE",173.9,BU / ACRE
2015,IA,HANCOCK,081,CORN,"CORN, GRAIN - YIELD, MEASURED IN BU / ACRE",201.2,BU / ACRE
2015,IA,HANCOCK,081,CORN,"CORN, SILAGE - YIELD, MEASURED IN TONS / ACRE",22.5,TONS / ACRE
2016,IA,HANCOCK,081,CORN,"CORN, GRAIN - YIELD, MEASURED IN BU / ACRE",200.3,BU / ACRE
2017,IA,HANCOCK,081,CORN,"CORN, GRAIN - YIELD, MEASURED IN BU / ACRE",200.2,BU / ACRE
2017,IA,HANCOCK,081,CORN,"CORN, SILAGE - YIELD, MEASURED IN TONS / ACRE",16.0,TONS / ACRE
2018,IA,HANCOCK,081,CORN,"CORN, GRAIN - YIELD, MEASURED IN BU / ACRE",176.7,BU / ACRE
2019,IA,HANCOCK,081,CORN,"CORN, GRAIN - YIELD, MEASURED IN BU / ACRE",193.3,BU / ACRE
2020,IA,HANCOCK,081,CORN,"CORN, GRAIN - YIELD, MEASURED IN BU / ACRE",200.0,BU / ACRE
2021,IA,HANCOCK,081,CORN,"CORN, GRAIN - YIELD, MEASURED IN BU / ACRE",209.8,BU / ACRE
2022,IA,HANCOCK,081,CORN,"CORN, GRAIN - YIELD, MEASURED IN BU / ACRE",211.5,BU / ACRE
2023,IA,HANCOCK,081,CORN,"CORN, GRAIN - YIELD, MEASURED IN BU / ACRE",204.9,BU / ACRE
2024,IA,HANCOCK,081,CORN,"CORN, GRAIN - YIELD, MEASURED IN BU / ACRE",203.1,BU / ACRE
2025,IA,HANCOCK,081,CORN,"CORN, GRAIN - YIELD, MEASURED IN BU / ACRE",196.3,BU / ACRE
2010,IA,HARDIN,083,CORN,"CORN, GRAIN - YIELD, MEASURED IN BU / ACRE",185.8,BU / ACRE
2011,IA,HARDIN,083,CORN,"CORN, GRAIN - YIELD, MEASURED IN BU / ACRE",186.7,BU / ACRE
2012,IA,HARDIN,083,CORN,"CORN, GRAIN - YIELD, MEASURED IN BU / ACRE",163.6,BU / ACRE
2013,IA,HARDIN,083,CORN,"CORN, GRAIN - YIELD, MEASURED IN BU / ACRE",156.6,BU / ACRE
2014,IA,HARDIN,083,CORN,"CORN, GRAIN - YIELD, MEASURED IN BU / ACRE",166.3,BU / ACRE
2014,IA,HARDIN,083,CORN,"CORN, SILAGE - YIELD, MEASURED IN TONS / ACRE",19.0,TONS / ACRE
2015,IA,HARDIN,083,CORN,"CORN, GRAIN - YIELD, MEASURED IN BU / ACRE",199.3,BU / ACRE
2016,IA,HARDIN,083,CORN,"CORN, GRAIN - YIELD, MEASURED IN BU / ACRE",208.0,BU / ACRE
2017,IA,HARDIN,083,CORN,"CORN, GRAIN - YIELD, MEASURED IN BU / ACRE",213.7,BU / ACRE
2018,IA,HARDIN,083,CORN,"CORN, GRAIN - YIELD, MEASURED IN BU / ACRE",216.6,BU / ACRE
2019,IA,HARDIN,083,CORN,"CORN, GRAIN - YIELD, MEASURED IN BU / ACRE",200.2,BU / ACRE
2020,IA,HARDIN,083,CORN,"CORN, GRAIN - YIELD, MEASURED IN BU / ACRE",155.7,BU / ACRE
2020,IA,HARDIN,083,CORN,"CORN, SILAGE - YIELD, MEASURED IN TONS / ACRE",20.5,TONS / ACRE
2021,IA,HARDIN,083,CORN,"CORN, GRAIN - YIELD, MEASURED IN BU / ACRE",193.2,BU / ACRE
2022,IA,HARDIN,083,CORN,"CORN, GRAIN - YIELD, MEASURED IN BU / ACRE",215.6,BU / ACRE
2023,IA,HARDIN,083,CORN,"CORN, GRAIN - YIELD, MEASURED IN BU / ACRE",213.3,BU / ACRE
2025,IA,HARDIN,083,CORN,"CORN, GRAIN - YIELD, MEASURED IN BU / ACRE",208.7,BU / ACRE
2025,IA,HARDIN,083,CORN,"CORN, SILAGE - YIELD, MEASURED IN TONS / ACRE",22.5,TONS / ACRE
2010,IA,HARRISON,085,CORN,"CORN, GRAIN - YIELD, MEASURED IN BU / ACRE",159.4,BU / ACRE
2011,IA,HARRISON,085,CORN,"CORN, GRAIN - YIELD, MEASURED IN BU / ACRE",169.9,BU / ACRE
2012,IA,HARRISON,085,CORN,"CORN, GRAIN - YIELD, MEASURED IN BU / ACRE",130.9,BU / ACRE
2013,IA,HARRISON,085,CORN,"CORN, GRAIN - YIELD, MEASURED IN BU / ACRE",177.1,BU / ACRE
2014,IA,HARRISON,085,CORN,"CORN, GRAIN - YIELD, MEASURED IN BU / ACRE",161.1,BU / ACRE
2015,IA,HARRISON,085,CORN,"CORN, GRAIN - YIELD, MEASURED IN BU / ACRE",189.5,BU / ACRE
2016,IA,HARRISON,085,CORN,"CORN, GRAIN - YIELD, MEASURED IN BU / ACRE",204.6,BU / ACRE
2017,IA,HARRISON,085,CORN,"CORN, GRAIN - YIELD, MEASURED IN BU / ACRE",193.2,BU / ACRE
2018,IA,HARRISON,085,CORN,"CORN, GRAIN - YIELD, MEASURED IN BU / ACRE",176.0,BU / ACRE
2020,IA,HARRISON,085,CORN,"CORN, GRAIN - YIELD, MEASURED IN BU / ACRE",180.2,BU / ACRE
2020,IA,HARRISON,085,CORN,"CORN, SILAGE - YIELD, MEASURED IN TONS / ACRE",19.0,TONS / ACRE
2022,IA,HARRISON,085,CORN,"CORN, GRAIN - YIELD, MEASURED IN BU / ACRE",172.4,BU / ACRE
2023,IA,HARRISON,085,CORN,"CORN, GRAIN - YIELD, MEASURED IN BU / ACRE",190.3,BU / ACRE
2025,IA,HARRISON,085,CORN,"CORN, GRAIN - YIELD, MEASURED IN BU / ACRE",186.2,BU / ACRE
2010,IA,HENRY,087,CORN,"CORN, GRAIN - YIELD, MEASURED IN BU / ACRE",109.0,BU / ACRE
2011,IA,HENRY,087,CORN,"CORN, GRAIN - YIELD, MEASURED IN BU / ACRE",123.2,BU / ACRE
2011,IA,HENRY,087,CORN,"CORN, SILAGE - YIELD, MEASURED IN TONS / ACRE",12.5,TONS / ACRE
2012,IA,HENRY,087,CORN,"CORN, GRAIN - YIELD, MEASURED IN BU / ACRE",132.0,BU / ACRE
2013,IA,HENRY,087,CORN,"CORN, GRAIN - YIELD, MEASURED IN BU / ACRE",160.4,BU / ACRE
2013,IA,HENRY,087,CORN,"CORN, SILAGE - YIELD, MEASURED IN TONS / ACRE",19.0,TONS / ACRE
2014,IA,HENRY,087,CORN,"CORN, GRAIN - YIELD, MEASURED IN BU / ACRE",196.6,BU / ACRE
2015,IA,HENRY,087,CORN,"CORN, GRAIN - YIELD, MEASURED IN BU / ACRE",178.4,BU / ACRE
2016,IA,HENRY,087,CORN,"CORN, GRAIN - YIELD, MEASURED IN BU / ACRE",199.0,BU / ACRE
2017,IA,HENRY,087,CORN,"CORN, GRAIN - YIELD, MEASURED IN BU / ACRE",196.4,BU / ACRE
2018,IA,HENRY,087,CORN,"CORN, GRAIN - YIELD, MEASURED IN BU / ACRE",189.7,BU / ACRE
2019,IA,HENRY,087,CORN,"CORN, GRAIN - YIELD, MEASURED IN BU / ACRE",164.5,BU / ACRE
2020,IA,HENRY,087,CORN,"CORN, GRAIN - YIELD, MEASURED IN BU / ACRE",172.0,BU / ACRE
2020,IA,HENRY,087,CORN,"CORN, SILAGE - YIELD, MEASURED IN TONS / ACRE",18.0,TONS / ACRE
2021,IA,HENRY,087,CORN,"CORN, GRAIN - YIELD, MEASURED IN BU / ACRE",167.7,BU / ACRE
2022,IA,HENRY,087,CORN,"CORN, GRAIN - YIELD, MEASURED IN BU / ACRE",167.7,BU / ACRE
2023,IA,HENRY,087,CORN,"CORN, GRAIN - YIELD, MEASURED IN BU / ACRE",195.1,BU / ACRE
2024,IA,HENRY,087,CORN,"CORN, GRAIN - YIELD, MEASURED IN BU / ACRE",213.7,BU / ACRE
2025,IA,HENRY,087,CORN,"CORN, GRAIN - YIELD, MEASURED IN BU / ACRE",209.6,BU / ACRE
2010,IA,HOWARD,089,CORN,"CORN, GRAIN - YIELD, MEASURED IN BU / ACRE",191.4,BU / ACRE
2011,IA,HOWARD,089,CORN,"CORN, GRAIN - YIELD, MEASURED IN BU / ACRE",185.8,BU / ACRE
2011,IA,HOWARD,089,CORN,"CORN, SILAGE - YIELD, MEASURED IN TONS / ACRE",25.0,TONS / ACRE
2012,IA,HOWARD,089,CORN,"CORN, GRAIN - YIELD, MEASURED IN BU / ACRE",137.8,BU / ACRE
2013,IA,HOWARD,089,CORN,"CORN, GRAIN - YIELD, MEASURED IN BU / ACRE",159.1,BU / ACRE
2014,IA,HOWARD,089,CORN,"CORN, GRAIN - YIELD, MEASURED IN BU / ACRE",164.4,BU / ACRE
2015,IA,HOWARD,089,CORN,"CORN, GRAIN - YIELD, MEASURED IN BU / ACRE",202.1,BU / ACRE
2016,IA,HOWARD,089,CORN,"CORN, GRAIN - YIELD, MEASURED IN BU / ACRE",202.2,BU / ACRE
2016,IA,HOWARD,089,CORN,"CORN, SILAGE - YIELD, MEASURED IN TONS / ACRE",24.5,TONS / ACRE
2017,IA,HOWARD,089,CORN,"CORN, GRAIN - YIELD, MEASURED IN BU / ACRE",201.7,BU / ACRE
2018,IA,HOWARD,089,CORN,"CORN, GRAIN - YIELD, MEASURED IN BU / ACRE",185.5,BU / ACRE
2019,IA,HOWARD,089,CORN,"CORN, GRAIN - YIELD, MEASURED IN BU / ACRE",194.2,BU / ACRE
2020,IA,HOWARD,089,CORN,"CORN, GRAIN - YIELD, MEASURED IN BU / ACRE",188.6,BU / ACRE
2020,IA,HOWARD,089,CORN,"CORN, SILAGE - YIELD, MEASURED IN TONS / ACRE",22.0,TONS / ACRE
2021,IA,HOWARD,089,CORN,"CORN, GRAIN - YIELD, MEASURED IN BU / ACRE",207.3,BU / ACRE
2022,IA,HOWARD,089,CORN,"CORN, GRAIN - YIELD, MEASURED IN BU / ACRE",217.2,BU / ACRE
2022,IA,HOWARD,089,CORN,"CORN, SILAGE - YIELD, MEASURED IN TONS / ACRE",24.0,TONS / ACRE
2023,IA,HOWARD,089,CORN,"CORN, GRAIN - YIELD, MEASURED IN BU / ACRE",183.9,BU / ACRE
2024,IA,HOWARD,089,CORN,"CORN, GRAIN - YIELD, MEASURED IN BU / ACRE",212.5,BU / ACRE
2024,IA,HOWARD,089,CORN,"CORN, SILAGE - YIELD, MEASURED IN TONS / ACRE",22.0,TONS / ACRE
2025,IA,HOWARD,089,CORN,"CORN, GRAIN - YIELD, MEASURED IN BU / ACRE",233.8,BU / ACRE
2010,IA,HUMBOLDT,091,CORN,"CORN, GRAIN - YIELD, MEASURED IN BU / ACRE",153.2,BU / ACRE
2011,IA,HUMBOLDT,091,CORN,"CORN, GRAIN - YIELD, MEASURED IN BU / ACRE",185.5,BU / ACRE
2011,IA,HUMBOLDT,091,CORN,"CORN, SILAGE - YIELD, MEASURED IN TONS / ACRE",25.0,TONS / ACRE
2012,IA,HUMBOLDT,091,CORN,"CORN, GRAIN - YIELD, MEASURED IN BU / ACRE",146.1,BU / ACRE
2013,IA,HUMBOLDT,091,CORN,"CORN, GRAIN - YIELD, MEASURED IN BU / ACRE",155.4,BU / ACRE
2014,IA,HUMBOLDT,091,CORN,"CORN, GRAIN - YIELD, MEASURED IN BU / ACRE",176.9,BU / ACRE
2015,IA,HUMBOLDT,091,CORN,"CORN, GRAIN - YIELD, MEASURED IN BU / ACRE",194.8,BU / ACRE
2016,IA,HUMBOLDT,091,CORN,"CORN, GRAIN - YIELD, MEASURED IN BU / ACRE",206.1,BU / ACRE
2017,IA,HUMBOLDT,091,CORN,"CORN, GRAIN - YIELD, MEASURED IN BU / ACRE",200.9,BU / ACRE
2018,IA,HUMBOLDT,091,CORN,"CORN, GRAIN - YIELD, MEASURED IN BU / ACRE",162.3,BU / ACRE
2019,IA,HUMBOLDT,091,CORN,"CORN, GRAIN - YIELD, MEASURED IN BU / ACRE",198.7,BU / ACRE
2020,IA,HUMBOLDT,091,CORN,"CORN, GRAIN - YIELD, MEASURED IN BU / ACRE",188.4,BU / ACRE
2020,IA,HUMBOLDT,091,CORN,"CORN, SILAGE - YIELD, MEASURED IN TONS / ACRE",20.5,TONS / ACRE
2021,IA,HUMBOLDT,091,CORN,"CORN, GRAIN - YIELD, MEASURED IN BU / ACRE",205.4,BU / ACRE
2022,IA,HUMBOLDT,091,CORN,"CORN, GRAIN - YIELD, MEASURED IN BU / ACRE",195.5,BU / ACRE
2023,IA,HUMBOLDT,091,CORN,"CORN, GRAIN - YIELD, MEASURED IN BU / ACRE",205.8,BU / ACRE
2024,IA,HUMBOLDT,091,CORN,"CORN, GRAIN - YIELD, MEASURED IN BU / ACRE",205.7,BU / ACRE
2025,IA,HUMBOLDT,091,CORN,"CORN, GRAIN - YIELD, MEASURED IN BU / ACRE",202.5,BU / ACRE
2025,IA,HUMBOLDT,091,CORN,"CORN, SILAGE - YIELD, MEASURED IN TONS / ACRE",22.5,TONS / ACRE
2010,IA,IDA,093,CORN,"CORN, GRAIN - YIELD, MEASURED IN BU / ACRE",191.8,BU / ACRE
2011,IA,IDA,093,CORN,"CORN, GRAIN - YIELD, MEASURED IN BU / ACRE",182.9,BU / ACRE
2012,IA,IDA,093,CORN,"CORN, GRAIN - YIELD, MEASURED IN BU / ACRE",151.4,BU / ACRE
2013,IA,IDA,093,CORN,"CORN, GRAIN - YIELD, MEASURED IN BU / ACRE",177.7,BU / ACRE
2014,IA,IDA,093,CORN,"CORN, GRAIN - YIELD, MEASURED IN BU / ACRE",189.9,BU / ACRE
2015,IA,IDA,093,CORN,"CORN, GRAIN - YIELD, MEASURED IN BU / ACRE",203.1,BU / ACRE
2016,IA,IDA,093,CORN,"CORN, GRAIN - YIELD, MEASURED IN BU / ACRE",216.0,BU / ACRE
2017,IA,IDA,093,CORN,"CORN, GRAIN - YIELD, MEASURED IN BU / ACRE",215.7,BU / ACRE
2018,IA,IDA,093,CORN,"CORN, GRAIN - YIELD, MEASURED IN BU / ACRE",222.2,BU / ACRE
2020,IA,IDA,093,CORN,"CORN, GRAIN - YIELD, MEASURED IN BU / ACRE",188.2,BU / ACRE
2021,IA,IDA,093,CORN,"CORN, GRAIN - YIELD, MEASURED IN BU / ACRE",226.8,BU / ACRE
2022,IA,IDA,093,CORN,"CORN, GRAIN - YIELD, MEASURED IN BU / ACRE",221.2,BU / ACRE
2022,IA,IDA,093,CORN,"CORN, SILAGE - YIELD, MEASURED IN TONS / ACRE",20.5,TONS / ACRE
2023,IA,IDA,093,CORN,"CORN, GRAIN - YIELD, MEASURED IN BU / ACRE",198.0,BU / ACRE
2024,IA,IDA,093,CORN,"CORN, GRAIN - YIELD, MEASURED IN BU / ACRE",221.5,BU / ACRE
2025,IA,IDA,093,CORN,"CORN, GRAIN - YIELD, MEASURED IN BU / ACRE",232.4,BU / ACRE
2010,IA,IOWA,095,CORN,"CORN, GRAIN - YIELD, MEASURED IN BU / ACRE",158.5,BU / ACRE
2011,IA,IOWA,095,CORN,"CORN, GRAIN - YIELD, MEASURED IN BU / ACRE",171.6,BU / ACRE
2011,IA,IOWA,095,CORN,"CORN, SILAGE - YIELD, MEASURED IN TONS / ACRE",18.0,TONS / ACRE
2012,IA,IOWA,095,CORN,"CORN, GRAIN - YIELD, MEASURED IN BU / ACRE",135.7,BU / ACRE
2013,IA,IOWA,095,CORN,"CORN, GRAIN - YIELD, MEASURED IN BU / ACRE",165.9,BU / ACRE
2014,IA,IOWA,095,CORN,"CORN, GRAIN - YIELD, MEASURED IN BU / ACRE",192.1,BU / ACRE
2015,IA,IOWA,095,CORN,"CORN, GRAIN - YIELD, MEASURED IN BU / ACRE",199.3,BU / ACRE
2016,IA,IOWA,095,CORN,"CORN, GRAIN - YIELD, MEASURED IN BU / ACRE",210.6,BU / ACRE
2017,IA,IOWA,095,CORN,"CORN, GRAIN - YIELD, MEASURED IN BU / ACRE",216.7,BU / ACRE
2018,IA,IOWA,095,CORN,"CORN, GRAIN - YIELD, MEASURED IN BU / ACRE",211.7,BU / ACRE
2019,IA,IOWA,095,CORN,"CORN, GRAIN - YIELD, MEASURED IN BU / ACRE",190.6,BU / ACRE
2020,IA,IOWA,095,CORN,"CORN, GRAIN - YIELD, MEASURED IN BU / ACRE",151.1,BU / ACRE
2022,IA,IOWA,095,CORN,"CORN, GRAIN - YIELD, MEASURED IN BU / ACRE",205.9,BU / ACRE
2022,IA,IOWA,095,CORN,"CORN, SILAGE - YIELD, MEASURED IN TONS / ACRE",19.5,TONS / ACRE
2023,IA,IOWA,095,CORN,"CORN, GRAIN - YIELD, MEASURED IN BU / ACRE",213.5,BU / ACRE
2024,IA,IOWA,095,CORN,"CORN, GRAIN - YIELD, MEASURED IN BU / ACRE",219.2,BU / ACRE
2025,IA,IOWA,095,CORN,"CORN, GRAIN - YIELD, MEASURED IN BU / ACRE",220.3,BU / ACRE
2025,IA,IOWA,095,CORN,"CORN, SILAGE - YIELD, MEASURED IN TONS / ACRE",23.0,TONS / ACRE
2010,IA,JACKSON,097,CORN,"CORN, GRAIN - YIELD, MEASURED IN BU / ACRE",157.2,BU / ACRE
2011,IA,JACKSON,097,CORN,"CORN, GRAIN - YIELD, MEASURED IN BU / ACRE",178.3,BU / ACRE
2012,IA,JACKSON,097,CORN,"CORN, GRAIN - YIELD, MEASURED IN BU / ACRE",114.6,BU / ACRE
2013,IA,JACKSON,097,CORN,"CORN, GRAIN - YIELD, MEASURED IN BU / ACRE",173.2,BU / ACRE
2014,IA,JACKSON,097,CORN,"CORN, GRAIN - YIELD, MEASURED IN BU / ACRE",188.9,BU / ACRE
2015,IA,JACKSON,097,CORN,"CORN, GRAIN - YIELD, MEASURED IN BU / ACRE",190.6,BU / ACRE
2016,IA,JACKSON,097,CORN,"CORN, GRAIN - YIELD, MEASURED IN BU / ACRE",202.1,BU / ACRE
2017,IA,JACKSON,097,CORN,"CORN, GRAIN - YIELD, MEASURED IN BU / ACRE",202.1,BU / ACRE
2018,IA,JACKSON,097,CORN,"CORN, GRAIN - YIELD, MEASURED IN BU / ACRE",202.4,BU / ACRE
2019,IA,JACKSON,097,CORN,"CORN, GRAIN - YIELD, MEASURED IN BU / ACRE",185.5,BU / ACRE
2020,IA,JACKSON,097,CORN,"CORN, GRAIN - YIELD, MEASURED IN BU / ACRE",185.6,BU / ACRE
2020,IA,JACKSON,097,CORN,"CORN, SILAGE - YIELD, MEASURED IN TONS / ACRE",18.0,TONS / ACRE
2021,IA,JACKSON,097,CORN,"CORN, GRAIN - YIELD, MEASURED IN BU / ACRE",191.2,BU / ACRE
2022,IA,JACKSON,097,CORN,"CORN, GRAIN - YIELD, MEASURED IN BU / ACRE",219.2,BU / ACRE
2023,IA,JACKSON,097,CORN,"CORN, GRAIN - YIELD, MEASURED IN BU / ACRE",189.6,BU / ACRE
2024,IA,JACKSON,097,CORN,"CORN, GRAIN - YIELD, MEASURED IN BU / ACRE",227.5,BU / ACRE
2024,IA,JACKSON,097,CORN,"CORN, SILAGE - YIELD, MEASURED IN TONS / ACRE",21.5,TONS / ACRE
2025,IA,JACKSON,097,CORN,"CORN, GRAIN - YIELD, MEASURED IN BU / ACRE",213.2,BU / ACRE
2010,IA,JASPER,099,CORN,"CORN, GRAIN - YIELD, MEASURED IN BU / ACRE",152.7,BU / ACRE
2011,IA,JASPER,099,CORN,"CORN, GRAIN - YIELD, MEASURED IN BU / ACRE",171.1,BU / ACRE
2012,IA,JASPER,099,CORN,"CORN, GRAIN - YIELD, MEASURED IN BU / ACRE",150.9,BU / ACRE
2013,IA,JASPER,099,CORN,"CORN, GRAIN - YIELD, MEASURED IN BU / ACRE",158.8,BU / ACRE
2014,IA,JASPER,099,CORN,"CORN, GRAIN - YIELD, MEASURED IN BU / ACRE",191.5,BU / ACRE
2015,IA,JASPER,099,CORN,"CORN, GRAIN - YIELD, MEASURED IN BU / ACRE",198.9,BU / ACRE
2016,IA,JASPER,099,CORN,"CORN, GRAIN - YIELD, MEASURED IN BU / ACRE",214.7,BU / ACRE
2017,IA,JASPER,099,CORN,"CORN, GRAIN - YIELD, MEASURED IN BU / ACRE",204.6,BU / ACRE
2018,IA,JASPER,099,CORN,"CORN, GRAIN - YIELD, MEASURED IN BU / ACRE",218.6,BU / ACRE
2019,IA,JASPER,099,CORN,"CORN, GRAIN - YIELD, MEASURED IN BU / ACRE",209.3,BU / ACRE
2021,IA,JASPER,099,CORN,"CORN, GRAIN - YIELD, MEASURED IN BU / ACRE",221.7,BU / ACRE
2022,IA,JASPER,099,CORN,"CORN, GRAIN - YIELD, MEASURED IN BU / ACRE",203.6,BU / ACRE
2023,IA,JASPER,099,CORN,"CORN, GRAIN - YIELD, MEASURED IN BU / ACRE",218.0,BU / ACRE
2010,IA,JEFFERSON,101,CORN,"CORN, GRAIN - YIELD, MEASURED IN BU / ACRE",98.5,BU / ACRE
2011,IA,JEFFERSON,101,CORN,"CORN, GRAIN - YIELD, MEASURED IN BU / ACRE",112.4,BU / ACRE
2012,IA,JEFFERSON,101,CORN,"CORN, GRAIN - YIELD, MEASURED IN BU / ACRE",102.8,BU / ACRE
2013,IA,JEFFERSON,101,CORN,"CORN, GRAIN - YIELD, MEASURED IN BU / ACRE",145.5,BU / ACRE
2014,IA,JEFFERSON,101,CORN,"CORN, GRAIN - YIELD, MEASURED IN BU / ACRE",200.9,BU / ACRE
2015,IA,JEFFERSON,101,CORN,"CORN, GRAIN - YIELD, MEASURED IN BU / ACRE",168.2,BU / ACRE
2016,IA,JEFFERSON,101,CORN,"CORN, GRAIN - YIELD, MEASURED IN BU / ACRE",197.0,BU / ACRE
2017,IA,JEFFERSON,101,CORN,"CORN, GRAIN - YIELD, MEASURED IN BU / ACRE",165.5,BU / ACRE
2018,IA,JEFFERSON,101,CORN,"CORN, GRAIN - YIELD, MEASURED IN BU / ACRE",198.8,BU / ACRE
2019,IA,JEFFERSON,101,CORN,"CORN, GRAIN - YIELD, MEASURED IN BU / ACRE",162.7,BU / ACRE
2020,IA,JEFFERSON,101,CORN,"CORN, GRAIN - YIELD, MEASURED IN BU / ACRE",167.3,BU / ACRE
2021,IA,JEFFERSON,101,CORN,"CORN, GRAIN - YIELD, MEASURED IN BU / ACRE",163.3,BU / ACRE
2022,IA,JEFFERSON,101,CORN,"CORN, GRAIN - YIELD, MEASURED IN BU / ACRE",178.0,BU / ACRE
2023,IA,JEFFERSON,101,CORN,"CORN, GRAIN - YIELD, MEASURED IN BU / ACRE",195.1,BU / ACRE
2024,IA,JEFFERSON,101,CORN,"CORN, GRAIN - YIELD, MEASURED IN BU / ACRE",203.7,BU / ACRE
2025,IA,JEFFERSON,101,CORN,"CORN, GRAIN - YIELD, MEASURED IN BU / ACRE",199.4,BU / ACRE
2010,IA,JOHNSON,103,CORN,"CORN, GRAIN - YIELD, MEASURED IN BU / ACRE",150.9,BU / ACRE
2011,IA,JOHNSON,103,CORN,"CORN, GRAIN - YIELD, MEASURED IN BU / ACRE",171.9,BU / ACRE
2012,IA,JOHNSON,103,CORN,"CORN, GRAIN - YIELD, MEASURED IN BU / ACRE",132.4,BU / ACRE
2013,IA,JOHNSON,103,CORN,"CORN, GRAIN - YIELD, MEASURED IN BU / ACRE",181.1,BU / ACRE
2014,IA,JOHNSON,103,CORN,"CORN, GRAIN - YIELD, MEASURED IN BU / ACRE",184.6,BU / ACRE
2015,IA,JOHNSON,103,CORN,"CORN, GRAIN - YIELD, MEASURED IN BU / ACRE",187.1,BU / ACRE
2016,IA,JOHNSON,103,CORN,"CORN, GRAIN - YIELD, MEASURED IN BU / ACRE",189.0,BU / ACRE
2017,IA,JOHNSON,103,CORN,"CORN, GRAIN - YIELD, MEASURED IN BU / ACRE",213.1,BU / ACRE
2018,IA,JOHNSON,103,CORN,"CORN, GRAIN - YIELD, MEASURED IN BU / ACRE",212.3,BU / ACRE
2019,IA,JOHNSON,103,CORN,"CORN, GRAIN - YIELD, MEASURED IN BU / ACRE",181.3,BU / ACRE
2020,IA,JOHNSON,103,CORN,"CORN, GRAIN - YIELD, MEASURED IN BU / ACRE",161.8,BU / ACRE
2020,IA,JOHNSON,103,CORN,"CORN, SILAGE - YIELD, MEASURED IN TONS / ACRE",15.5,TONS / ACRE
2022,IA,JOHNSON,103,CORN,"CORN, GRAIN - YIELD, MEASURED IN BU / ACRE",205.2,BU / ACRE
2022,IA,JOHNSON,103,CORN,"CORN, SILAGE - YIELD, MEASURED IN TONS / ACRE",20.5,TONS / ACRE
2023,IA,JOHNSON,103,CORN,"CORN, GRAIN - YIELD, MEASURED IN BU / ACRE",203.1,BU / ACRE
2023,IA,JOHNSON,103,CORN,"CORN, SILAGE - YIELD, MEASURED IN TONS / ACRE",17.5,TONS / ACRE
2024,IA,JOHNSON,103,CORN,"CORN, GRAIN - YIELD, MEASURED IN BU / ACRE",223.1,BU / ACRE
2025,IA,JOHNSON,103,CORN,"CORN, GRAIN - YIELD, MEASURED IN BU / ACRE",209.7,BU / ACRE
2025,IA,JOHNSON,103,CORN,"CORN, SILAGE - YIELD, MEASURED IN TONS / ACRE",22.5,TONS / ACRE
2010,IA,JONES,105,CORN,"CORN, GRAIN - YIELD, MEASURED IN BU / ACRE",168.9,BU / ACRE
2011,IA,JONES,105,CORN,"CORN, GRAIN - YIELD, MEASURED IN BU / ACRE",171.4,BU / ACRE
2012,IA,JONES,105,CORN,"CORN, GRAIN - YIELD, MEASURED IN BU / ACRE",127.3,BU / ACRE
2013,IA,JONES,105,CORN,"CORN, GRAIN - YIELD, MEASURED IN BU / ACRE",179.3,BU / ACRE
2014,IA,JONES,105,CORN,"CORN, GRAIN - YIELD, MEASURED IN BU / ACRE",180.1,BU / ACRE
2014,IA,JONES,105,CORN,"CORN, SILAGE - YIELD, MEASURED IN TONS / ACRE",17.5,TONS / ACRE
2015,IA,JONES,105,CORN,"CORN, GRAIN - YIELD, MEASURED IN BU / ACRE",186.6,BU / ACRE
2016,IA,JONES,105,CORN,"CORN, GRAIN - YIELD, MEASURED IN BU / ACRE",201.3,BU / ACRE
2016,IA,JONES,105,CORN,"CORN, SILAGE - YIELD, MEASURED IN TONS / ACRE",22.5,TONS / ACRE
2017,IA,JONES,105,CORN,"CORN, GRAIN - YIELD, MEASURED IN BU / ACRE",217.0,BU / ACRE
2018,IA,JONES,105,CORN,"CORN, GRAIN - YIELD, MEASURED IN BU / ACRE",208.9,BU / ACRE
2019,IA,JONES,105,CORN,"CORN, GRAIN - YIELD, MEASURED IN BU / ACRE",203.0,BU / ACRE
2020,IA,JONES,105,CORN,"CORN, GRAIN - YIELD, MEASURED IN BU / ACRE",171.6,BU / ACRE
2020,IA,JONES,105,CORN,"CORN, SILAGE - YIELD, MEASURED IN TONS / ACRE",17.5,TONS / ACRE
2022,IA,JONES,105,CORN,"CORN, GRAIN - YIELD, MEASURED IN BU / ACRE",218.2,BU / ACRE
2022,IA,JONES,105,CORN,"CORN, SILAGE - YIELD, MEASURED IN TONS / ACRE",21.5,TONS / ACRE
2023,IA,JONES,105,CORN,"CORN, GRAIN - YIELD, MEASURED IN BU / ACRE",190.7,BU / ACRE
2024,IA,JONES,105,CORN,"CORN, GRAIN - YIELD, MEASURED IN BU / ACRE",233.3,BU / ACRE
2025,IA,JONES,105,CORN,"CORN, GRAIN - YIELD, MEASURED IN BU / ACRE",215.1,BU / ACRE
2025,IA,JONES,105,CORN,"CORN, SILAGE - YIELD, MEASURED IN TONS / ACRE",21.5,TONS / ACRE
2010,IA,KEOKUK,107,CORN,"CORN, GRAIN - YIELD, MEASURED IN BU / ACRE",111.2,BU / ACRE
2011,IA,KEOKUK,107,CORN,"CORN, GRAIN - YIELD, MEASURED IN BU / ACRE",152.4,BU / ACRE
2012,IA,KEOKUK,107,CORN,"CORN, GRAIN - YIELD, MEASURED IN BU / ACRE",113.0,BU / ACRE
2013,IA,KEOKUK,107,CORN,"CORN, GRAIN - YIELD, MEASURED IN BU / ACRE",156.7,BU / ACRE
2014,IA,KEOKUK,107,CORN,"CORN, GRAIN - YIELD, MEASURED IN BU / ACRE",193.2,BU / ACRE
2015,IA,KEOKUK,107,CORN,"CORN, GRAIN - YIELD, MEASURED IN BU / ACRE",181.0,BU / ACRE
2016,IA,KEOKUK,107,CORN,"CORN, GRAIN - YIELD, MEASURED IN BU / ACRE",208.6,BU / ACRE
2017,IA,KEOKUK,107,CORN,"CORN, GRAIN - YIELD, MEASURED IN BU / ACRE",176.4,BU / ACRE
2018,IA,KEOKUK,107,CORN,"CORN, GRAIN - YIELD, MEASURED IN BU / ACRE",203.7,BU / ACRE
2019,IA,KEOKUK,107,CORN,"CORN, GRAIN - YIELD, MEASURED IN BU / ACRE",175.4,BU / ACRE
2020,IA,KEOKUK,107,CORN,"CORN, GRAIN - YIELD, MEASURED IN BU / ACRE",163.5,BU / ACRE
2020,IA,KEOKUK,107,CORN,"CORN, SILAGE - YIELD, MEASURED IN TONS / ACRE",19.0,TONS / ACRE
2021,IA,KEOKUK,107,CORN,"CORN, GRAIN - YIELD, MEASURED IN BU / ACRE",176.5,BU / ACRE
2022,IA,KEOKUK,107,CORN,"CORN, GRAIN - YIELD, MEASURED IN BU / ACRE",170.4,BU / ACRE
2022,IA,KEOKUK,107,CORN,"CORN, SILAGE - YIELD, MEASURED IN TONS / ACRE",19.0,TONS / ACRE
2023,IA,KEOKUK,107,CORN,"CORN, GRAIN - YIELD, MEASURED IN BU / ACRE",211.6,BU / ACRE
2025,IA,KEOKUK,107,CORN,"CORN, GRAIN - YIELD, MEASURED IN BU / ACRE",209.2,BU / ACRE
2010,IA,KOSSUTH,109,CORN,"CORN, GRAIN - YIELD, MEASURED IN BU / ACRE",184.0,BU / ACRE
2011,IA,KOSSUTH,109,CORN,"CORN, GRAIN - YIELD, MEASURED IN BU / ACRE",179.9,BU / ACRE
2012,IA,KOSSUTH,109,CORN,"CORN, GRAIN - YIELD, MEASURED IN BU / ACRE",164.6,BU / ACRE
2013,IA,KOSSUTH,109,CORN,"CORN, GRAIN - YIELD, MEASURED IN BU / ACRE",167.7,BU / ACRE
2014,IA,KOSSUTH,109,CORN,"CORN, GRAIN - YIELD, MEASURED IN BU / ACRE",176.6,BU / ACRE
2015,IA,KOSSUTH,109,CORN,"CORN, GRAIN - YIELD, MEASURED IN BU / ACRE",199.0,BU / ACRE
2016,IA,KOSSUTH,109,CORN,"CORN, GRAIN - YIELD, MEASURED IN BU / ACRE",204.7,BU / ACRE
2017,IA,KOSSUTH,109,CORN,"CORN, GRAIN - YIELD, MEASURED IN BU / ACRE",205.6,BU / ACRE
2018,IA,KOSSUTH,109,CORN,"CORN, GRAIN - YIELD, MEASURED IN BU / ACRE",180.2,BU / ACRE
2019,IA,KOSSUTH,109,CORN,"CORN, GRAIN - YIELD, MEASURED IN BU / ACRE",198.7,BU / ACRE
2020,IA,KOSSUTH,109,CORN,"CORN, GRAIN - YIELD, MEASURED IN BU / ACRE",190.7,BU / ACRE
2020,IA,KOSSUTH,109,CORN,"CORN, SILAGE - YIELD, MEASURED IN TONS / ACRE",21.5,TONS / ACRE
2021,IA,KOSSUTH,109,CORN,"CORN, GRAIN - YIELD, MEASURED IN BU / ACRE",190.7,BU / ACRE
2022,IA,KOSSUTH,109,CORN,"CORN, GRAIN - YIELD, MEASURED IN BU / ACRE",196.8,BU / ACRE
2025,IA,KOSSUTH,109,CORN,"CORN, GRAIN - YIELD, MEASURED IN BU / ACRE",204.6,BU / ACRE
2010,IA,LEE,111,CORN,"CORN, GRAIN - YIELD, MEASURED IN BU / ACRE",103.2,BU / ACRE
2011,IA,LEE,111,CORN,"CORN, GRAIN - YIELD, MEASURED IN BU / ACRE",105.2,BU / ACRE
2012,IA,LEE,111,CORN,"CORN, GRAIN - YIELD, MEASURED IN BU / ACRE",116.0,BU / ACRE
2013,IA,LEE,111,CORN,"CORN, GRAIN - YIELD, MEASURED IN BU / ACRE",144.1,BU / ACRE
2014,IA,LEE,111,CORN,"CORN, GRAIN - YIELD, MEASURED IN BU / ACRE",200.6,BU / ACRE
2015,IA,LEE,111,CORN,"CORN, GRAIN - YIELD, MEASURED IN BU / ACRE",145.1,BU / ACRE
2016,IA,LEE,111,CORN,"CORN, GRAIN - YIELD, MEASURED IN BU / ACRE",194.6,BU / ACRE
2017,IA,LEE,111,CORN,"CORN, GRAIN - YIELD, MEASURED IN BU / ACRE",178.0,BU / ACRE
2018,IA,LEE,111,CORN,"CORN, GRAIN - YIELD, MEASURED IN BU / ACRE",201.3,BU / ACRE
2019,IA,LEE,111,CORN,"CORN, GRAIN - YIELD, MEASURED IN BU / ACRE",172.5,BU / ACRE
2020,IA,LEE,111,CORN,"CORN, GRAIN - YIELD, MEASURED IN BU / ACRE",174.3,BU / ACRE
2020,IA,LEE,111,CORN,"CORN, SILAGE - YIELD, MEASURED IN TONS / ACRE",17.5,TONS / ACRE
2021,IA,LEE,111,CORN,"CORN, GRAIN - YIELD, MEASURED IN BU / ACRE",160.4,BU / ACRE
2022,IA,LEE,111,CORN,"CORN, GRAIN - YIELD, MEASURED IN BU / ACRE",178.2,BU / ACRE
2022,IA,LEE,111,CORN,"CORN, SILAGE - YIELD, MEASURED IN TONS / ACRE",18.5,TONS / ACRE
2023,IA,LEE,111,CORN,"CORN, GRAIN - YIELD, MEASURED IN BU / ACRE",203.7,BU / ACRE
2023,IA,LEE,111,CORN,"CORN, SILAGE - YIELD, MEASURED IN TONS / ACRE",15.5,TONS / ACRE
2024,IA,LEE,111,CORN,"CORN, GRAIN - YIELD, MEASURED IN BU / ACRE",223.3,BU / ACRE
2025,IA,LEE,111,CORN,"CORN, GRAIN - YIELD, MEASURED IN BU / ACRE",198.0,BU / ACRE
2010,IA,LINN,113,CORN,"CORN, GRAIN - YIELD, MEASURED IN BU / ACRE",170.3,BU / ACRE
2011,IA,LINN,113,CORN,"CORN, GRAIN - YIELD, MEASURED IN BU / ACRE",169.1,BU / ACRE
2012,IA,LINN,113,CORN,"CORN, GRAIN - YIELD, MEASURED IN BU / ACRE",124.2,BU / ACRE
2013,IA,LINN,113,CORN,"CORN, GRAIN - YIELD, MEASURED IN BU / ACRE",178.6,BU / ACRE
2014,IA,LINN,113,CORN,"CORN, GRAIN - YIELD, MEASURED IN BU / ACRE",176.1,BU / ACRE
2015,IA,LINN,113,CORN,"CORN, GRAIN - YIELD, MEASURED IN BU / ACRE",189.2,BU / ACRE
2016,IA,LINN,113,CORN,"CORN, GRAIN - YIELD, MEASURED IN BU / ACRE",200.3,BU / ACRE
2017,IA,LINN,113,CORN,"CORN, GRAIN - YIELD, MEASURED IN BU / ACRE",217.4,BU / ACRE
2018,IA,LINN,113,CORN,"CORN, GRAIN - YIELD, MEASURED IN BU / ACRE",215.4,BU / ACRE
2019,IA,LINN,113,CORN,"CORN, GRAIN - YIELD, MEASURED IN BU / ACRE",223.7,BU / ACRE
2020,IA,LINN,113,CORN,"CORN, GRAIN - YIELD, MEASURED IN BU / ACRE",164.9,BU / ACRE
2022,IA,LINN,113,CORN,"CORN, GRAIN - YIELD, MEASURED IN BU / ACRE",215.0,BU / ACRE
2023,IA,LINN,113,CORN,"CORN, GRAIN - YIELD, MEASURED IN BU / ACRE",179.5,BU / ACRE
2024,IA,LINN,113,CORN,"CORN, GRAIN - YIELD, MEASURED IN BU / ACRE",230.1,BU / ACRE
2025,IA,LINN,113,CORN,"CORN, GRAIN - YIELD, MEASURED IN BU / ACRE",216.2,BU / ACRE
2010,IA,LOUISA,115,CORN,"CORN, GRAIN - YIELD, MEASURED IN BU / ACRE",125.1,BU / ACRE
2011,IA,LOUISA,115,CORN,"CORN, GRAIN - YIELD, MEASURED IN BU / ACRE",148.9,BU / ACRE
2012,IA,LOUISA,115,CORN,"CORN, GRAIN - YIELD, MEASURED IN BU / ACRE",162.9,BU / ACRE
2013,IA,LOUISA,115,CORN,"CORN, GRAIN - YIELD, MEASURED IN BU / ACRE",158.5,BU / ACRE
2014,IA,LOUISA,115,CORN,"CORN, GRAIN - YIELD, MEASURED IN BU / ACRE",188.2,BU / ACRE
2015,IA,LOUISA,115,CORN,"CORN, GRAIN - YIELD, MEASURED IN BU / ACRE",181.7,BU / ACRE
2016,IA,LOUISA,115,CORN,"CORN, GRAIN - YIELD, MEASURED IN BU / ACRE",200.2,BU / ACRE
2017,IA,LOUISA,115,CORN,"CORN, GRAIN - YIELD, MEASURED IN BU / ACRE",216.6,BU / ACRE
2018,IA,LOUISA,115,CORN,"CORN, GRAIN - YIELD, MEASURED IN BU / ACRE",196.5,BU / ACRE
2019,IA,LOUISA,115,CORN,"CORN, GRAIN - YIELD, MEASURED IN BU / ACRE",174.6,BU / ACRE
2019,IA,LOUISA,115,CORN,"CORN, SILAGE - YIELD, MEASURED IN TONS / ACRE",20.5,TONS / ACRE
2020,IA,LOUISA,115,CORN,"CORN, GRAIN - YIELD, MEASURED IN BU / ACRE",181.6,BU / ACRE
2021,IA,LOUISA,115,CORN,"CORN, GRAIN - YIELD, MEASURED IN BU / ACRE",189.5,BU / ACRE
2022,IA,LOUISA,115,CORN,"CORN, GRAIN - YIELD, MEASURED IN BU / ACRE",196.3,BU / ACRE
2024,IA,LOUISA,115,CORN,"CORN, GRAIN - YIELD, MEASURED IN BU / ACRE",214.5,BU / ACRE
2010,IA,LUCAS,117,CORN,"CORN, GRAIN - YIELD, MEASURED IN BU / ACRE",71.2,BU / ACRE
2011,IA,LUCAS,117,CORN,"CORN, GRAIN - YIELD, MEASURED IN BU / ACRE",114.9,BU / ACRE
2012,IA,LUCAS,117,CORN,"CORN, GRAIN - YIELD, MEASURED IN BU / ACRE",85.3,BU / ACRE
2013,IA,LUCAS,117,CORN,"CORN, GRAIN - YIELD, MEASURED IN BU / ACRE",117.9,BU / ACRE
2014,IA,LUCAS,117,CORN,"CORN, GRAIN - YIELD, MEASURED IN BU / ACRE",153.7,BU / ACRE
2014,IA,LUCAS,117,CORN,"CORN, SILAGE - YIELD, MEASURED IN TONS / ACRE",15.5,TONS / ACRE
2015,IA,LUCAS,117,CORN,"CORN, GRAIN - YIELD, MEASURED IN BU / ACRE",154.8,BU / ACRE
2015,IA,LUCAS,117,CORN,"CORN, SILAGE - YIELD, MEASURED IN TONS / ACRE",15.5,TONS / ACRE
2016,IA,LUCAS,117,CORN,"CORN, GRAIN - YIELD, MEASURED IN BU / ACRE",174.6,BU / ACRE
2020,IA,LUCAS,117,CORN,"CORN, GRAIN - YIELD, MEASURED IN BU / ACRE",149.2,BU / ACRE
2021,IA,LUCAS,117,CORN,"CORN, GRAIN - YIELD, MEASURED IN BU / ACRE",166.1,BU / ACRE
2021,IA,LUCAS,117,CORN,"CORN, SILAGE - YIELD, MEASURED IN TONS / ACRE",14.5,TONS / ACRE
2022,IA,LUCAS,117,CORN,"CORN, GRAIN - YIELD, MEASURED IN BU / ACRE",139.5,BU / ACRE
2023,IA,LUCAS,117,CORN,"CORN, GRAIN - YIELD, MEASURED IN BU / ACRE",173.9,BU / ACRE
2025,IA,LUCAS,117,CORN,"CORN, GRAIN - YIELD, MEASURED IN BU / ACRE",183.4,BU / ACRE
2025,IA,LUCAS,117,CORN,"CORN, SILAGE - YIELD, MEASURED IN TONS / ACRE",18.0,TONS / ACRE
2010,IA,LYON,119,CORN,"CORN, GRAIN - YIELD, MEASURED IN BU / ACRE",195.2,BU / ACRE
2011,IA,LYON,119,CORN,"CORN, GRAIN - YIELD, MEASURED IN BU / ACRE",185.4,BU / ACRE
2012,IA,LYON,119,CORN,"CORN, GRAIN - YIELD, MEASURED IN BU / ACRE",161.6,BU / ACRE
2013,IA,LYON,119,CORN,"CORN, GRAIN - YIELD, MEASURED IN BU / ACRE",190.5,BU / ACRE
2014,IA,LYON,119,CORN,"CORN, GRAIN - YIELD, MEASURED IN BU / ACRE",172.9,BU / ACRE
2015,IA,LYON,119,CORN,"CORN, GRAIN - YIELD, MEASURED IN BU / ACRE",196.0,BU / ACRE
2016,IA,LYON,119,CORN,"CORN, GRAIN - YIELD, MEASURED IN BU / ACRE",206.9,BU / ACRE
2017,IA,LYON,119,CORN,"CORN, GRAIN - YIELD, MEASURED IN BU / ACRE",218.9,BU / ACRE
2018,IA,LYON,119,CORN,"CORN, GRAIN - YIELD, MEASURED IN BU / ACRE",193.0,BU / ACRE
2019,IA,LYON,119,CORN,"CORN, GRAIN - YIELD, MEASURED IN BU / ACRE",186.5,BU / ACRE
2020,IA,LYON,119,CORN,"CORN, GRAIN - YIELD, MEASURED IN BU / ACRE",197.0,BU / ACRE
2020,IA,LYON,119,CORN,"CORN, SILAGE - YIELD, MEASURED IN TONS / ACRE",22.0,TONS / ACRE
2021,IA,LYON,119,CORN,"CORN, GRAIN - YIELD, MEASURED IN BU / ACRE",216.7,BU / ACRE
2021,IA,LYON,119,CORN,"CORN, SILAGE - YIELD, MEASURED IN TONS / ACRE",24.5,TONS / ACRE
2022,IA,LYON,119,CORN,"CORN, GRAIN - YIELD, MEASURED IN BU / ACRE",190.8,BU / ACRE
2022,IA,LYON,119,CORN,"CORN, SILAGE - YIELD, MEASURED IN TONS / ACRE",23.5,TONS / ACRE
2023,IA,LYON,119,CORN,"CORN, GRAIN - YIELD, MEASURED IN BU / ACRE",200.2,BU / ACRE
2023,IA,LYON,119,CORN,"CORN, SILAGE - YIELD, MEASURED IN TONS / ACRE",21.0,TONS / ACRE
2024,IA,LYON,119,CORN,"CORN, GRAIN - YIELD, MEASURED IN BU / ACRE",198.8,BU / ACRE
2024,IA,LYON,119,CORN,"CORN, SILAGE - YIELD, MEASURED IN TONS / ACRE",21.5,TONS / ACRE
2010,IA,MADISON,121,CORN,"CORN, GRAIN - YIELD, MEASURED IN BU / ACRE",124.6,BU / ACRE
2011,IA,MADISON,121,CORN,"CORN, GRAIN - YIELD, MEASURED IN BU / ACRE",145.1,BU / ACRE
2011,IA,MADISON,121,CORN,"CORN, SILAGE - YIELD, MEASURED IN TONS / ACRE",19.0,TONS / ACRE
2012,IA,MADISON,121,CORN,"CORN, GRAIN - YIELD, MEASURED IN BU / ACRE",101.4,BU / ACRE
2013,IA,MADISON,121,CORN,"CORN, GRAIN - YIELD, MEASURED IN BU / ACRE",140.9,BU / ACRE
2014,IA,MADISON,121,CORN,"CORN, GRAIN - YIELD, MEASURED IN BU / ACRE",171.4,BU / ACRE
2015,IA,MADISON,121,CORN,"CORN, GRAIN - YIELD, MEASURED IN BU / ACRE",169.6,BU / ACRE
2016,IA,MADISON,121,CORN,"CORN, GRAIN - YIELD, MEASURED IN BU / ACRE",185.5,BU / ACRE
2017,IA,MADISON,121,CORN,"CORN, GRAIN - YIELD, MEASURED IN BU / ACRE",173.1,BU / ACRE
2018,IA,MADISON,121,CORN,"CORN, GRAIN - YIELD, MEASURED IN BU / ACRE",167.8,BU / ACRE
2019,IA,MADISON,121,CORN,"CORN, GRAIN - YIELD, MEASURED IN BU / ACRE",175.7,BU / ACRE
2020,IA,MADISON,121,CORN,"CORN, GRAIN - YIELD, MEASURED IN BU / ACRE",172.0,BU / ACRE
2020,IA,MADISON,121,CORN,"CORN, SILAGE - YIELD, MEASURED IN TONS / ACRE",14.5,TONS / ACRE
2021,IA,MADISON,121,CORN,"CORN, GRAIN - YIELD, MEASURED IN BU / ACRE",195.6,BU / ACRE
2022,IA,MADISON,121,CORN,"CORN, GRAIN - YIELD, MEASURED IN BU / ACRE",166.9,BU / ACRE
2023,IA,MADISON,121,CORN,"CORN, GRAIN - YIELD, MEASURED IN BU / ACRE",202.0,BU / ACRE
2025,IA,MADISON,121,CORN,"CORN, GRAIN - YIELD, MEASURED IN BU / ACRE",192.6,BU / ACRE
2010,IA,MAHASKA,123,CORN,"CORN, GRAIN - YIELD, MEASURED IN BU / ACRE",116.6,BU / ACRE
2011,IA,MAHASKA,123,CORN,"CORN, GRAIN - YIELD, MEASURED IN BU / ACRE",165.0,BU / ACRE
2012,IA,MAHASKA,123,CORN,"CORN, GRAIN - YIELD, MEASURED IN BU / ACRE",133.0,BU / ACRE
2013,IA,MAHASKA,123,CORN,"CORN, GRAIN - YIELD, MEASURED IN BU / ACRE",168.6,BU / ACRE
2014,IA,MAHASKA,123,CORN,"CORN, GRAIN - YIELD, MEASURED IN BU / ACRE",189.9,BU / ACRE
2015,IA,MAHASKA,123,CORN,"CORN, GRAIN - YIELD, MEASURED IN BU / ACRE",190.3,BU / ACRE
2016,IA,MAHASKA,123,CORN,"CORN, GRAIN - YIELD, MEASURED IN BU / ACRE",204.7,BU / ACRE
2017,IA,MAHASKA,123,CORN,"CORN, GRAIN - YIELD, MEASURED IN BU / ACRE",177.2,BU / ACRE
2018,IA,MAHASKA,123,CORN,"CORN, GRAIN - YIELD, MEASURED IN BU / ACRE",207.7,BU / ACRE
2019,IA,MAHASKA,123,CORN,"CORN, GRAIN - YIELD, MEASURED IN BU / ACRE",189.9,BU / ACRE
2020,IA,MAHASKA,123,CORN,"CORN, GRAIN - YIELD, MEASURED IN BU / ACRE",180.8,BU / ACRE
2021,IA,MAHASKA,123,CORN,"CORN, GRAIN - YIELD, MEASURED IN BU / ACRE",200.5,BU / ACRE
2021,IA,MAHASKA,123,CORN,"CORN, SILAGE - YIELD, MEASURED IN TONS / ACRE",16.0,TONS / ACRE
2022,IA,MAHASKA,123,CORN,"CORN, GRAIN - YIELD, MEASURED IN BU / ACRE",186.3,BU / ACRE
2023,IA,MAHASKA,123,CORN,"CORN, GRAIN - YIELD, MEASURED IN BU / ACRE",214.9,BU / ACRE
2024,IA,MAHASKA,123,CORN,"CORN, GRAIN - YIELD, MEASURED IN BU / ACRE",222.9,BU / ACRE
2025,IA,MAHASKA,123,CORN,"CORN, GRAIN - YIELD, MEASURED IN BU / ACRE",218.5,BU / ACRE
2025,IA,MAHASKA,123,CORN,"CORN, SILAGE - YIELD, MEASURED IN TONS / ACRE",20.0,TONS / ACRE
2010,IA,MARION,125,CORN,"CORN, GRAIN - YIELD, MEASURED IN BU / ACRE",112.7,BU / ACRE
2011,IA,MARION,125,CORN,"CORN, GRAIN - YIELD, MEASURED IN BU / ACRE",152.6,BU / ACRE
2011,IA,MARION,125,CORN,"CORN, SILAGE - YIELD, MEASURED IN TONS / ACRE",17.5,TONS / ACRE
2012,IA,MARION,125,CORN,"CORN, GRAIN - YIELD, MEASURED IN BU / ACRE",115.1,BU / ACRE
2013,IA,MARION,125,CORN,"CORN, GRAIN - YIELD, MEASURED IN BU / ACRE",156.4,BU / ACRE
2014,IA,MARION,125,CORN,"CORN, GRAIN - YIELD, MEASURED IN BU / ACRE",171.6,BU / ACRE
2015,IA,MARION,125,CORN,"CORN, GRAIN - YIELD, MEASURED IN BU / ACRE",178.1,BU / ACRE
2016,IA,MARION,125,CORN,"CORN, GRAIN - YIELD, MEASURED IN BU / ACRE",198.0,BU / ACRE
2017,IA,MARION,125,CORN,"CORN, GRAIN - YIELD, MEASURED IN BU / ACRE",185.7,BU / ACRE
2018,IA,MARION,125,CORN,"CORN, GRAIN - YIELD, MEASURED IN BU / ACRE",190.2,BU / ACRE
2019,IA,MARION,125,CORN,"CORN, GRAIN - YIELD, MEASURED IN BU / ACRE",170.7,BU / ACRE
2020,IA,MARION,125,CORN,"CORN, SILAGE - YIELD, MEASURED IN TONS / ACRE",14.5,TONS / ACRE
2021,IA,MARION,125,CORN,"CORN, GRAIN - YIELD, MEASURED IN BU / ACRE",199.1,BU / ACRE
2022,IA,MARION,125,CORN,"CORN, GRAIN - YIELD, MEASURED IN BU / ACRE",175.2,BU / ACRE
2023,IA,MARION,125,CORN,"CORN, GRAIN - YIELD, MEASURED IN BU / ACRE",203.7,BU / ACRE
2024,IA,MARION,125,CORN,"CORN, GRAIN - YIELD, MEASURED IN BU / ACRE",218.1,BU / ACRE
2025,IA,MARION,125,CORN,"CORN, GRAIN - YIELD, MEASURED IN BU / ACRE",209.6,BU / ACRE
2010,IA,MARSHALL,127,CORN,"CORN, GRAIN - YIELD, MEASURED IN BU / ACRE",183.3,BU / ACRE
2011,IA,MARSHALL,127,CORN,"CORN, GRAIN - YIELD, MEASURED IN BU / ACRE",166.3,BU / ACRE
2012,IA,MARSHALL,127,CORN,"CORN, GRAIN - YIELD, MEASURED IN BU / ACRE",157.6,BU / ACRE
2013,IA,MARSHALL,127,CORN,"CORN, GRAIN - YIELD, MEASURED IN BU / ACRE",163.2,BU / ACRE
2014,IA,MARSHALL,127,CORN,"CORN, GRAIN - YIELD, MEASURED IN BU / ACRE",190.5,BU / ACRE
2014,IA,MARSHALL,127,CORN,"CORN, SILAGE - YIELD, MEASURED IN TONS / ACRE",26.5,TONS / ACRE
2015,IA,MARSHALL,127,CORN,"CORN, GRAIN - YIELD, MEASURED IN BU / ACRE",194.9,BU / ACRE
2015,IA,MARSHALL,127,CORN,"CORN, SILAGE - YIELD, MEASURED IN TONS / ACRE",27.5,TONS / ACRE
2016,IA,MARSHALL,127,CORN,"CORN, GRAIN - YIELD, MEASURED IN BU / ACRE",211.3,BU / ACRE
2016,IA,MARSHALL,127,CORN,"CORN, SILAGE - YIELD, MEASURED IN TONS / ACRE",25.5,TONS / ACRE
2017,IA,MARSHALL,127,CORN,"CORN, GRAIN - YIELD, MEASURED IN BU / ACRE",222.4,BU / ACRE
2018,IA,MARSHALL,127,CORN,"CORN, GRAIN - YIELD, MEASURED IN BU / ACRE",226.0,BU / ACRE
2019,IA,MARSHALL,127,CORN,"CORN, GRAIN - YIELD, MEASURED IN BU / ACRE",221.9,BU / ACRE
2019,IA,MARSHALL,127,CORN,"CORN, SILAGE - YIELD, MEASURED IN TONS / ACRE",25.5,TONS / ACRE
2020,IA,MARSHALL,127,CORN,"CORN, SILAGE - YIELD, MEASURED IN TONS / ACRE",14.5,TONS / ACRE
2021,IA,MARSHALL,127,CORN,"CORN, GRAIN - YIELD, MEASURED IN BU / ACRE",211.5,BU / ACRE
2021,IA,MARSHALL,127,CORN,"CORN, SILAGE - YIELD, MEASURED IN TONS / ACRE",25.0,TONS / ACRE
2022,IA,MARSHALL,127,CORN,"CORN, GRAIN - YIELD, MEASURED IN BU / ACRE",214.1,BU / ACRE
2022,IA,MARSHALL,127,CORN,"CORN, SILAGE - YIELD, MEASURED IN TONS / ACRE",23.5,TONS / ACRE
2023,IA,MARSHALL,127,CORN,"CORN, GRAIN - YIELD, MEASURED IN BU / ACRE",216.3,BU / ACRE
2023,IA,MARSHALL,127,CORN,"CORN, SILAGE - YIELD, MEASURED IN TONS / ACRE",25.0,TONS / ACRE
2024,IA,MARSHALL,127,CORN,"CORN, GRAIN - YIELD, MEASURED IN BU / ACRE",222.2,BU / ACRE
2024,IA,MARSHALL,127,CORN,"CORN, SILAGE - YIELD, MEASURED IN TONS / ACRE",28.0,TONS / ACRE
2010,IA,MILLS,129,CORN,"CORN, GRAIN - YIELD, MEASURED IN BU / ACRE",160.2,BU / ACRE
2011,IA,MILLS,129,CORN,"CORN, GRAIN - YIELD, MEASURED IN BU / ACRE",155.0,BU / ACRE
2012,IA,MILLS,129,CORN,"CORN, GRAIN - YIELD, MEASURED IN BU / ACRE",128.8,BU / ACRE
2013,IA,MILLS,129,CORN,"CORN, GRAIN - YIELD, MEASURED IN BU / ACRE",171.0,BU / ACRE
2013,IA,MILLS,129,CORN,"CORN, SILAGE - YIELD, MEASURED IN TONS / ACRE",18.0,TONS / ACRE
2014,IA,MILLS,129,CORN,"CORN, GRAIN - YIELD, MEASURED IN BU / ACRE",184.9,BU / ACRE
2016,IA,MILLS,129,CORN,"CORN, GRAIN - YIELD, MEASURED IN BU / ACRE",188.4,BU / ACRE
2017,IA,MILLS,129,CORN,"CORN, GRAIN - YIELD, MEASURED IN BU / ACRE",190.1,BU / ACRE
2019,IA,MILLS,129,CORN,"CORN, GRAIN - YIELD, MEASURED IN BU / ACRE",202.9,BU / ACRE
2020,IA,MILLS,129,CORN,"CORN, GRAIN - YIELD, MEASURED IN BU / ACRE",182.2,BU / ACRE
2021,IA,MILLS,129,CORN,"CORN, GRAIN - YIELD, MEASURED IN BU / ACRE",209.8,BU / ACRE
2022,IA,MILLS,129,CORN,"CORN, GRAIN - YIELD, MEASURED IN BU / ACRE",191.1,BU / ACRE
2023,IA,MILLS,129,CORN,"CORN, GRAIN - YIELD, MEASURED IN BU / ACRE",204.3,BU / ACRE
2024,IA,MILLS,129,CORN,"CORN, GRAIN - YIELD, MEASURED IN BU / ACRE",210.9,BU / ACRE
2025,IA,MILLS,129,CORN,"CORN, GRAIN - YIELD, MEASURED IN BU / ACRE",190.4,BU / ACRE
2010,IA,MITCHELL,131,CORN,"CORN, GRAIN - YIELD, MEASURED IN BU / ACRE",190.5,BU / ACRE
2011,IA,MITCHELL,131,CORN,"CORN, GRAIN - YIELD, MEASURED IN BU / ACRE",180.1,BU / ACRE
2012,IA,MITCHELL,131,CORN,"CORN, GRAIN - YIELD, MEASURED IN BU / ACRE",131.4,BU / ACRE
2013,IA,MITCHELL,131,CORN,"CORN, GRAIN - YIELD, MEASURED IN BU / ACRE",164.1,BU / ACRE
2014,IA,MITCHELL,131,CORN,"CORN, GRAIN - YIELD, MEASURED IN BU / ACRE",175.1,BU / ACRE
2015,IA,MITCHELL,131,CORN,"CORN, GRAIN - YIELD, MEASURED IN BU / ACRE",202.1,BU / ACRE
2016,IA,MITCHELL,131,CORN,"CORN, GRAIN - YIELD, MEASURED IN BU / ACRE",199.1,BU / ACRE
2017,IA,MITCHELL,131,CORN,"CORN, GRAIN - YIELD, MEASURED IN BU / ACRE",213.4,BU / ACRE
2018,IA,MITCHELL,131,CORN,"CORN, GRAIN - YIELD, MEASURED IN BU / ACRE",193.3,BU / ACRE
2019,IA,MITCHELL,131,CORN,"CORN, GRAIN - YIELD, MEASURED IN BU / ACRE",194.5,BU / ACRE
2020,IA,MITCHELL,131,CORN,"CORN, GRAIN - YIELD, MEASURED IN BU / ACRE",203.3,BU / ACRE
2020,IA,MITCHELL,131,CORN,"CORN, SILAGE - YIELD, MEASURED IN TONS / ACRE",20.5,TONS / ACRE
2021,IA,MITCHELL,131,CORN,"CORN, GRAIN - YIELD, MEASURED IN BU / ACRE",203.3,BU / ACRE
2022,IA,MITCHELL,131,CORN,"CORN, GRAIN - YIELD, MEASURED IN BU / ACRE",217.9,BU / ACRE
2022,IA,MITCHELL,131,CORN,"CORN, SILAGE - YIELD, MEASURED IN TONS / ACRE",22.0,TONS / ACRE
2023,IA,MITCHELL,131,CORN,"CORN, GRAIN - YIELD, MEASURED IN BU / ACRE",171.8,BU / ACRE
2024,IA,MITCHELL,131,CORN,"CORN, GRAIN - YIELD, MEASURED IN BU / ACRE",212.8,BU / ACRE
2025,IA,MITCHELL,131,CORN,"CORN, GRAIN - YIELD, MEASURED IN BU / ACRE",215.4,BU / ACRE
2025,IA,MITCHELL,131,CORN,"CORN, SILAGE - YIELD, MEASURED IN TONS / ACRE",18.5,TONS / ACRE
2010,IA,MONONA,133,CORN,"CORN, GRAIN - YIELD, MEASURED IN BU / ACRE",168.7,BU / ACRE
2011,IA,MONONA,133,CORN,"CORN, GRAIN - YIELD, MEASURED IN BU / ACRE",158.3,BU / ACRE
2012,IA,MONONA,133,CORN,"CORN, GRAIN - YIELD, MEASURED IN BU / ACRE",115.1,BU / ACRE
2013,IA,MONONA,133,CORN,"CORN, GRAIN - YIELD, MEASURED IN BU / ACRE",175.2,BU / ACRE
2014,IA,MONONA,133,CORN,"CORN, GRAIN - YIELD, MEASURED IN BU / ACRE",156.6,BU / ACRE
2015,IA,MONONA,133,CORN,"CORN, GRAIN - YIELD, MEASURED IN BU / ACRE",169.0,BU / ACRE
2016,IA,MONONA,133,CORN,"CORN, GRAIN - YIELD, MEASURED IN BU / ACRE",184.5,BU / ACRE
2017,IA,MONONA,133,CORN,"CORN, GRAIN - YIELD, MEASURED IN BU / ACRE",196.0,BU / ACRE
2018,IA,MONONA,133,CORN,"CORN, GRAIN - YIELD, MEASURED IN BU / ACRE",181.4,BU / ACRE
2019,IA,MONONA,133,CORN,"CORN, GRAIN - YIELD, MEASURED IN BU / ACRE",203.9,BU / ACRE
2020,IA,MONONA,133,CORN,"CORN, GRAIN - YIELD, MEASURED IN BU / ACRE",178.4,BU / ACRE
2020,IA,MONONA,133,CORN,"CORN, SILAGE - YIELD, MEASURED IN TONS / ACRE",18.0,TONS / ACRE
2021,IA,MONONA,133,CORN,"CORN, GRAIN - YIELD, MEASURED IN BU / ACRE",197.7,BU / ACRE
2022,IA,MONONA,133,CORN,"CORN, GRAIN - YIELD, MEASURED IN BU / ACRE",168.6,BU / ACRE
2023,IA,MONONA,133,CORN,"CORN, GRAIN - YIELD, MEASURED IN BU / ACRE",165.4,BU / ACRE
2024,IA,MONONA,133,CORN,"CORN, GRAIN - YIELD, MEASURED IN BU / ACRE",192.0,BU / ACRE
2025,IA,MONONA,133,CORN,"CORN, GRAIN - YIELD, MEASURED IN BU / ACRE",203.1,BU / ACRE
2010,IA,MONROE,135,CORN,"CORN, GRAIN - YIELD, MEASURED IN BU / ACRE",77.4,BU / ACRE
2011,IA,MONROE,135,CORN,"CORN, GRAIN - YIELD, MEASURED IN BU / ACRE",112.5,BU / ACRE
2011,IA,MONROE,135,CORN,"CORN, SILAGE - YIELD, MEASURED IN TONS / ACRE",13.5,TONS / ACRE
2012,IA,MONROE,135,CORN,"CORN, GRAIN - YIELD, MEASURED IN BU / ACRE",67.3,BU / ACRE
2012,IA,MONROE,135,CORN,"CORN, SILAGE - YIELD, MEASURED IN TONS / ACRE",13.0,TONS / ACRE
2013,IA,MONROE,135,CORN,"CORN, GRAIN - YIELD, MEASURED IN BU / ACRE",115.3,BU / ACRE
2013,IA,MONROE,135,CORN,"CORN, SILAGE - YIELD, MEASURED IN TONS / ACRE",14.5,TONS / ACRE
2014,IA,MONROE,135,CORN,"CORN, GRAIN - YIELD, MEASURED IN BU / ACRE",175.7,BU / ACRE
2014,IA,MONROE,135,CORN,"CORN, SILAGE - YIELD, MEASURED IN TONS / ACRE",16.0,TONS / ACRE
2015,IA,MONROE,135,CORN,"CORN, SILAGE - YIELD, MEASURED IN TONS / ACRE",20.0,TONS / ACRE
2016,IA,MONROE,135,CORN,"CORN, GRAIN - YIELD, MEASURED IN BU / ACRE",180.0,BU / ACRE
2016,IA,MONROE,135,CORN,"CORN, SILAGE - YIELD, MEASURED IN TONS / ACRE",21.5,TONS / ACRE
2017,IA,MONROE,135,CORN,"CORN, GRAIN - YIELD, MEASURED IN BU / ACRE",169.9,BU / ACRE
2017,IA,MONROE,135,CORN,"CORN, SILAGE - YIELD, MEASURED IN TONS / ACRE",16.0,TONS / ACRE
2018,IA,MONROE,135,CORN,"CORN, GRAIN - YIELD, MEASURED IN BU / ACRE",167.0,BU / ACRE
2018,IA,MONROE,135,CORN,"CORN, SILAGE - YIELD, MEASURED IN TONS / ACRE",18.5,TONS / ACRE
2019,IA,MONROE,135,CORN,"CORN, GRAIN - YIELD, MEASURED IN BU / ACRE",162.3,BU / ACRE
2020,IA,MONROE,135,CORN,"CORN, GRAIN - YIELD, MEASURED IN BU / ACRE",153.8,BU / ACRE
2020,IA,MONROE,135,CORN,"CORN, SILAGE - YIELD, MEASURED IN TONS / ACRE",15.5,TONS / ACRE
2021,IA,MONROE,135,CORN,"CORN, GRAIN - YIELD, MEASURED IN BU / ACRE",166.1,BU / ACRE
2022,IA,MONROE,135,CORN,"CORN, GRAIN - YIELD, MEASURED IN BU / ACRE",145.4,BU / ACRE
2022,IA,MONROE,135,CORN,"CORN, SILAGE - YIELD, MEASURED IN TONS / ACRE",17.0,TONS / ACRE
2023,IA,MONROE,135,CORN,"CORN, GRAIN - YIELD, MEASURED IN BU / ACRE",181.1,BU / ACRE
2023,IA,MONROE,135,CORN,"CORN, SILAGE - YIELD, MEASURED IN TONS / ACRE",18.5,TONS / ACRE
2024,IA,MONROE,135,CORN,"CORN, GRAIN - YIELD, MEASURED IN BU / ACRE",191.7,BU / ACRE
2024,IA,MONROE,135,CORN,"CORN, SILAGE - YIELD, MEASURED IN TONS / ACRE",19.5,TONS / ACRE
2025,IA,MONROE,135,CORN,"CORN, GRAIN - YIELD, MEASURED IN BU / ACRE",186.4,BU / ACRE
2010,IA,MONTGOMERY,137,CORN,"CORN, GRAIN - YIELD, MEASURED IN BU / ACRE",157.0,BU / ACRE
2011,IA,MONTGOMERY,137,CORN,"CORN, GRAIN - YIELD, MEASURED IN BU / ACRE",153.2,BU / ACRE
2012,IA,MONTGOMERY,137,CORN,"CORN, GRAIN - YIELD, MEASURED IN BU / ACRE",132.0,BU / ACRE
2013,IA,MONTGOMERY,137,CORN,"CORN, GRAIN - YIELD, MEASURED IN BU / ACRE",154.0,BU / ACRE
2013,IA,MONTGOMERY,137,CORN,"CORN, SILAGE - YIELD, MEASURED IN TONS / ACRE",17.5,TONS / ACRE
2014,IA,MONTGOMERY,137,CORN,"CORN, GRAIN - YIELD, MEASURED IN BU / ACRE",163.1,BU / ACRE
2015,IA,MONTGOMERY,137,CORN,"CORN, GRAIN - YIELD, MEASURED IN BU / ACRE",185.2,BU / ACRE
2016,IA,MONTGOMERY,137,CORN,"CORN, GRAIN - YIELD, MEASURED IN BU / ACRE",185.5,BU / ACRE
2017,IA,MONTGOMERY,137,CORN,"CORN, GRAIN - YIELD, MEASURED IN BU / ACRE",199.1,BU / ACRE
2018,IA,MONTGOMERY,137,CORN,"CORN, GRAIN - YIELD, MEASURED IN BU / ACRE",191.5,BU / ACRE
2019,IA,MONTGOMERY,137,CORN,"CORN, GRAIN - YIELD, MEASURED IN BU / ACRE",204.8,BU / ACRE
2020,IA,MONTGOMERY,137,CORN,"CORN, GRAIN - YIELD, MEASURED IN BU / ACRE",184.6,BU / ACRE
2020,IA,MONTGOMERY,137,CORN,"CORN, SILAGE - YIELD, MEASURED IN TONS / ACRE",16.5,TONS / ACRE
2021,IA,MONTGOMERY,137,CORN,"CORN, GRAIN - YIELD, MEASURED IN BU / ACRE",204.9,BU / ACRE
2022,IA,MONTGOMERY,137,CORN,"CORN, GRAIN - YIELD, MEASURED IN BU / ACRE",187.8,BU / ACRE
2023,IA,MONTGOMERY,137,CORN,"CORN, GRAIN - YIELD, MEASURED IN BU / ACRE",206.2,BU / ACRE
2024,IA,MONTGOMERY,137,CORN,"CORN, GRAIN - YIELD, MEASURED IN BU / ACRE",215.8,BU / ACRE
2024,IA,MONTGOMERY,137,CORN,"CORN, SILAGE - YIELD, MEASURED IN TONS / ACRE",21.5,TONS / ACRE
2025,IA,MONTGOMERY,137,CORN,"CORN, GRAIN - YIELD, MEASURED IN BU / ACRE",197.6,BU / ACRE
2025,IA,MONTGOMERY,137,CORN,"CORN, SILAGE - YIELD, MEASURED IN TONS / ACRE",18.5,TONS / ACRE
2010,IA,MUSCATINE,139,CORN,"CORN, GRAIN - YIELD, MEASURED IN BU / ACRE",144.8,BU / ACRE
2011,IA,MUSCATINE,139,CORN,"CORN, GRAIN - YIELD, MEASURED IN BU / ACRE",164.6,BU / ACRE
2012,IA,MUSCATINE,139,CORN,"CORN, GRAIN - YIELD, MEASURED IN BU / ACRE",152.6,BU / ACRE
2013,IA,MUSCATINE,139,CORN,"CORN, GRAIN - YIELD, MEASURED IN BU / ACRE",158.3,BU / ACRE
2014,IA,MUSCATINE,139,CORN,"CORN, GRAIN - YIELD, MEASURED IN BU / ACRE",188.1,BU / ACRE
2015,IA,MUSCATINE,139,CORN,"CORN, GRAIN - YIELD, MEASURED IN BU / ACRE",177.7,BU / ACRE
2016,IA,MUSCATINE,139,CORN,"CORN, GRAIN - YIELD, MEASURED IN BU / ACRE",203.0,BU / ACRE
2016,IA,MUSCATINE,139,CORN,"CORN, SILAGE - YIELD, MEASURED IN TONS / ACRE",22.5,TONS / ACRE
2017,IA,MUSCATINE,139,CORN,"CORN, GRAIN - YIELD, MEASURED IN BU / ACRE",206.8,BU / ACRE
2018,IA,MUSCATINE,139,CORN,"CORN, GRAIN - YIELD, MEASURED IN BU / ACRE",209.6,BU / ACRE
2019,IA,MUSCATINE,139,CORN,"CORN, GRAIN - YIELD, MEASURED IN BU / ACRE",173.2,BU / ACRE
2020,IA,MUSCATINE,139,CORN,"CORN, GRAIN - YIELD, MEASURED IN BU / ACRE",172.8,BU / ACRE
2021,IA,MUSCATINE,139,CORN,"CORN, GRAIN - YIELD, MEASURED IN BU / ACRE",204.5,BU / ACRE
2021,IA,MUSCATINE,139,CORN,"CORN, SILAGE - YIELD, MEASURED IN TONS / ACRE",19.0,TONS / ACRE
2022,IA,MUSCATINE,139,CORN,"CORN, GRAIN - YIELD, MEASURED IN BU / ACRE",213.1,BU / ACRE
2022,IA,MUSCATINE,139,CORN,"CORN, SILAGE - YIELD, MEASURED IN TONS / ACRE",25.0,TONS / ACRE
2023,IA,MUSCATINE,139,CORN,"CORN, GRAIN - YIELD, MEASURED IN BU / ACRE",211.9,BU / ACRE
2024,IA,MUSCATINE,139,CORN,"CORN, GRAIN - YIELD, MEASURED IN BU / ACRE",220.4,BU / ACRE
2025,IA,MUSCATINE,139,CORN,"CORN, GRAIN - YIELD, MEASURED IN BU / ACRE",207.1,BU / ACRE
2010,IA,O BRIEN,141,CORN,"CORN, GRAIN - YIELD, MEASURED IN BU / ACRE",190.7,BU / ACRE
2011,IA,O BRIEN,141,CORN,"CORN, GRAIN - YIELD, MEASURED IN BU / ACRE",185.1,BU / ACRE
2012,IA,O BRIEN,141,CORN,"CORN, GRAIN - YIELD, MEASURED IN BU / ACRE",159.8,BU / ACRE
2012,IA,O BRIEN,141,CORN,"CORN, SILAGE - YIELD, MEASURED IN TONS / ACRE",20.0,TONS / ACRE
2013,IA,O BRIEN,141,CORN,"CORN, GRAIN - YIELD, MEASURED IN BU / ACRE",195.3,BU / ACRE
2014,IA,O BRIEN,141,CORN,"CORN, GRAIN - YIELD, MEASURED IN BU / ACRE",180.3,BU / ACRE
2015,IA,O BRIEN,141,CORN,"CORN, GRAIN - YIELD, MEASURED IN BU / ACRE",205.2,BU / ACRE
2016,IA,O BRIEN,141,CORN,"CORN, GRAIN - YIELD, MEASURED IN BU / ACRE",210.7,BU / ACRE
2017,IA,O BRIEN,141,CORN,"CORN, GRAIN - YIELD, MEASURED IN BU / ACRE",213.8,BU / ACRE
2018,IA,O BRIEN,141,CORN,"CORN, GRAIN - YIELD, MEASURED IN BU / ACRE",201.6,BU / ACRE
2019,IA,O BRIEN,141,CORN,"CORN, GRAIN - YIELD, MEASURED IN BU / ACRE",204.9,BU / ACRE
2020,IA,O BRIEN,141,CORN,"CORN, GRAIN - YIELD, MEASURED IN BU / ACRE",199.5,BU / ACRE
2020,IA,O BRIEN,141,CORN,"CORN, SILAGE - YIELD, MEASURED IN TONS / ACRE",21.5,TONS / ACRE
2021,IA,O BRIEN,141,CORN,"CORN, GRAIN - YIELD, MEASURED IN BU / ACRE",213.5,BU / ACRE
2022,IA,O BRIEN,141,CORN,"CORN, GRAIN - YIELD, MEASURED IN BU / ACRE",201.1,BU / ACRE
2022,IA,O BRIEN,141,CORN,"CORN, SILAGE - YIELD, MEASURED IN TONS / ACRE",23.0,TONS / ACRE
2023,IA,O BRIEN,141,CORN,"CORN, GRAIN - YIELD, MEASURED IN BU / ACRE",212.7,BU / ACRE
2023,IA,O BRIEN,141,CORN,"CORN, SILAGE - YIELD, MEASURED IN TONS / ACRE",25.5,TONS / ACRE
2024,IA,O BRIEN,141,CORN,"CORN, GRAIN - YIELD, MEASURED IN BU / ACRE",199.0,BU / ACRE
2024,IA,O BRIEN,141,CORN,"CORN, SILAGE - YIELD, MEASURED IN TONS / ACRE",24.5,TONS / ACRE
2025,IA,O BRIEN,141,CORN,"CORN, GRAIN - YIELD, MEASURED IN BU / ACRE",220.1,BU / ACRE
2010,IA,OSCEOLA,143,CORN,"CORN, GRAIN - YIELD, MEASURED IN BU / ACRE",192.7,BU / ACRE
2011,IA,OSCEOLA,143,CORN,"CORN, GRAIN - YIELD, MEASURED IN BU / ACRE",184.4,BU / ACRE
2012,IA,OSCEOLA,143,CORN,"CORN, GRAIN - YIELD, MEASURED IN BU / ACRE",169.6,BU / ACRE
2013,IA,OSCEOLA,143,CORN,"CORN, GRAIN - YIELD, MEASURED IN BU / ACRE",182.0,BU / ACRE
2014,IA,OSCEOLA,143,CORN,"CORN, GRAIN - YIELD, MEASURED IN BU / ACRE",175.4,BU / ACRE
2015,IA,OSCEOLA,143,CORN,"CORN, GRAIN - YIELD, MEASURED IN BU / ACRE",204.7,BU / ACRE
2016,IA,OSCEOLA,143,CORN,"CORN, GRAIN - YIELD, MEASURED IN BU / ACRE",203.7,BU / ACRE
2017,IA,OSCEOLA,143,CORN,"CORN, GRAIN - YIELD, MEASURED IN BU / ACRE",211.6,BU / ACRE
2018,IA,OSCEOLA,143,CORN,"CORN, GRAIN - YIELD, MEASURED IN BU / ACRE",180.2,BU / ACRE
2019,IA,OSCEOLA,143,CORN,"CORN, GRAIN - YIELD, MEASURED IN BU / ACRE",182.5,BU / ACRE
2020,IA,OSCEOLA,143,CORN,"CORN, GRAIN - YIELD, MEASURED IN BU / ACRE",185.3,BU / ACRE
2021,IA,OSCEOLA,143,CORN,"CORN, GRAIN - YIELD, MEASURED IN BU / ACRE",208.0,BU / ACRE
2022,IA,OSCEOLA,143,CORN,"CORN, GRAIN - YIELD, MEASURED IN BU / ACRE",197.5,BU / ACRE
2023,IA,OSCEOLA,143,CORN,"CORN, GRAIN - YIELD, MEASURED IN BU / ACRE",203.7,BU / ACRE
2025,IA,OSCEOLA,143,CORN,"CORN, GRAIN - YIELD, MEASURED IN BU / ACRE",230.1,BU / ACRE
2010,IA,OTHER (COMBINED) COUNTIES,998,CORN,"CORN, SILAGE - YIELD, MEASURED IN TONS / ACRE",24.5,TONS / ACRE
2010,IA,OTHER (COMBINED) COUNTIES,998,CORN,"CORN, SILAGE - YIELD, MEASURED IN TONS / ACRE",23.0,TONS / ACRE
2010,IA,OTHER (COMBINED) COUNTIES,998,CORN,"CORN, SILAGE - YIELD, MEASURED IN TONS / ACRE",23.5,TONS / ACRE
2010,IA,OTHER (COMBINED) COUNTIES,998,CORN,"CORN, SILAGE - YIELD, MEASURED IN TONS / ACRE",20.0,TONS / ACRE
2010,IA,OTHER (COMBINED) COUNTIES,998,CORN,"CORN, SILAGE - YIELD, MEASURED IN TONS / ACRE",21.5,TONS / ACRE
2010,IA,OTHER (COMBINED) COUNTIES,998,CORN,"CORN, SILAGE - YIELD, MEASURED IN TONS / ACRE",20.0,TONS / ACRE
2010,IA,OTHER (COMBINED) COUNTIES,998,CORN,"CORN, SILAGE - YIELD, MEASURED IN TONS / ACRE",18.5,TONS / ACRE
2010,IA,OTHER (COMBINED) COUNTIES,998,CORN,"CORN, SILAGE - YIELD, MEASURED IN TONS / ACRE",12.0,TONS / ACRE
2010,IA,OTHER (COMBINED) COUNTIES,998,CORN,"CORN, SILAGE - YIELD, MEASURED IN TONS / ACRE",13.5,TONS / ACRE
2011,IA,OTHER (COMBINED) COUNTIES,998,CORN,"CORN, SILAGE - YIELD, MEASURED IN TONS / ACRE",19.5,TONS / ACRE
2011,IA,OTHER (COMBINED) COUNTIES,998,CORN,"CORN, SILAGE - YIELD, MEASURED IN TONS / ACRE",21.0,TONS / ACRE
2011,IA,OTHER (COMBINED) COUNTIES,998,CORN,"CORN, SILAGE - YIELD, MEASURED IN TONS / ACRE",23.5,TONS / ACRE
2011,IA,OTHER (COMBINED) COUNTIES,998,CORN,"CORN, SILAGE - YIELD, MEASURED IN TONS / ACRE",21.0,TONS / ACRE
2011,IA,OTHER (COMBINED) COUNTIES,998,CORN,"CORN, SILAGE - YIELD, MEASURED IN TONS / ACRE",23.0,TONS / ACRE
2011,IA,OTHER (COMBINED) COUNTIES,998,CORN,"CORN, SILAGE - YIELD, MEASURED IN TONS / ACRE",13.0,TONS / ACRE
2011,IA,OTHER (COMBINED) COUNTIES,998,CORN,"CORN, SILAGE - YIELD, MEASURED IN TONS / ACRE",14.0,TONS / ACRE
2012,IA,OTHER (COMBINED) COUNTIES,998,CORN,"CORN, SILAGE - YIELD, MEASURED IN TONS / ACRE",16.5,TONS / ACRE
2012,IA,OTHER (COMBINED) COUNTIES,998,CORN,"CORN, SILAGE - YIELD, MEASURED IN TONS / ACRE",14.0,TONS / ACRE
2012,IA,OTHER (COMBINED) COUNTIES,998,CORN,"CORN, SILAGE - YIELD, MEASURED IN TONS / ACRE",16.0,TONS / ACRE
2012,IA,OTHER (COMBINED) COUNTIES,998,CORN,"CORN, SILAGE - YIELD, MEASURED IN TONS / ACRE",14.0,TONS / ACRE
2012,IA,OTHER (COMBINED) COUNTIES,998,CORN,"CORN, SILAGE - YIELD, MEASURED IN TONS / ACRE",16.0,TONS / ACRE
2012,IA,OTHER (COMBINED) COUNTIES,998,CORN,"CORN, SILAGE - YIELD, MEASURED IN TONS / ACRE",9.6,TONS / ACRE
2012,IA,OTHER (COMBINED) COUNTIES,998,CORN,"CORN, SILAGE - YIELD, MEASURED IN TONS / ACRE",11.0,TONS / ACRE
2013,IA,OTHER (COMBINED) COUNTIES,998,CORN,"CORN, SILAGE - YIELD, MEASURED IN TONS / ACRE",21.5,TONS / ACRE
2013,IA,OTHER (COMBINED) COUNTIES,998,CORN,"CORN, SILAGE - YIELD, MEASURED IN TONS / ACRE",18.5,TONS / ACRE
2013,IA,OTHER (COMBINED) COUNTIES,998,CORN,"CORN, SILAGE - YIELD, MEASURED IN TONS / ACRE",20.5,TONS / ACRE
2013,IA,OTHER (COMBINED) COUNTIES,998,CORN,"CORN, SILAGE - YIELD, MEASURED IN TONS / ACRE",17.0,TONS / ACRE
2013,IA,OTHER (COMBINED) COUNTIES,998,CORN,"CORN, SILAGE - YIELD, MEASURED IN TONS / ACRE",16.0,TONS / ACRE
2013,IA,OTHER (COMBINED) COUNTIES,998,CORN,"CORN, SILAGE - YIELD, MEASURED IN TONS / ACRE",19.0,TONS / ACRE
2013,IA,OTHER (COMBINED) COUNTIES,998,CORN,"CORN, SILAGE - YIELD, MEASURED IN TONS / ACRE",13.5,TONS / ACRE
2013,IA,OTHER (COMBINED) COUNTIES,998,CORN,"CORN, SILAGE - YIELD, MEASURED IN TONS / ACRE",18.5,TONS / ACRE
2014,IA,OTHER (COMBINED) COUNTIES,998,CORN,"CORN, SILAGE - YIELD, MEASURED IN TONS / ACRE",20.5,TONS / ACRE
2014,IA,OTHER (COMBINED) COUNTIES,998,CORN,"CORN, SILAGE - YIELD, MEASURED IN TONS / ACRE",19.5,TONS / ACRE
2014,IA,OTHER (COMBINED) COUNTIES,998,CORN,"CORN, SILAGE - YIELD, MEASURED IN TONS / ACRE",20.0,TONS / ACRE
2014,IA,OTHER (COMBINED) COUNTIES,998,CORN,"CORN, SILAGE - YIELD, MEASURED IN TONS / ACRE",18.5,TONS / ACRE
2014,IA,OTHER (COMBINED) COUNTIES,998,CORN,"CORN, SILAGE - YIELD, MEASURED IN TONS / ACRE",22.0,TONS / ACRE
2014,IA,OTHER (COMBINED) COUNTIES,998,CORN,"CORN, SILAGE - YIELD, MEASURED IN TONS / ACRE",20.5,TONS / ACRE
2014,IA,OTHER (COMBINED) COUNTIES,998,CORN,"CORN, SILAGE - YIELD, MEASURED IN TONS / ACRE",17.0,TONS / ACRE
2015,IA,OTHER (COMBINED) COUNTIES,998,CORN,"CORN, GRAIN - YIELD, MEASURED IN BU / ACRE",172.4,BU / ACRE
2015,IA,OTHER (COMBINED) COUNTIES,998,CORN,"CORN, GRAIN - YIELD, MEASURED IN BU / ACRE",164.0,BU / ACRE
2015,IA,OTHER (COMBINED) COUNTIES,998,CORN,"CORN, SILAGE - YIELD, MEASURED IN TONS / ACRE",26.5,TONS / ACRE
2015,IA,OTHER (COMBINED) COUNTIES,998,CORN,"CORN, SILAGE - YIELD, MEASURED IN TONS / ACRE",24.0,TONS / ACRE
2015,IA,OTHER (COMBINED) COUNTIES,998,CORN,"CORN, SILAGE - YIELD, MEASURED IN TONS / ACRE",24.0,TONS / ACRE
2015,IA,OTHER (COMBINED) COUNTIES,998,CORN,"CORN, SILAGE - YIELD, MEASURED IN TONS / ACRE",24.5,TONS / ACRE
2015,IA,OTHER (COMBINED) COUNTIES,998,CORN,"CORN, SILAGE - YIELD, MEASURED IN TONS / ACRE",21.0,TONS / ACRE
2015,IA,OTHER (COMBINED) COUNTIES,998,CORN,"CORN, SILAGE - YIELD, MEASURED IN TONS / ACRE",22.0,TONS / ACRE
2015,IA,OTHER (COMBINED) COUNTIES,998,CORN,"CORN, SILAGE - YIELD, MEASURED IN TONS / ACRE",24.0,TONS / ACRE
2015,IA,OTHER (COMBINED) COUNTIES,998,CORN,"CORN, SILAGE - YIELD, MEASURED IN TONS / ACRE",17.0,TONS / ACRE
2015,IA,OTHER (COMBINED) COUNTIES,998,CORN,"CORN, SILAGE - YIELD, MEASURED IN TONS / ACRE",16.5,TONS / ACRE
2016,IA,OTHER (COMBINED) COUNTIES,998,CORN,"CORN, SILAGE - YIELD, MEASURED IN TONS / ACRE",26.5,TONS / ACRE
2016,IA,OTHER (COMBINED) COUNTIES,998,CORN,"CORN, SILAGE - YIELD, MEASURED IN TONS / ACRE",23.5,TONS / ACRE
2016,IA,OTHER (COMBINED) COUNTIES,998,CORN,"CORN, SILAGE - YIELD, MEASURED IN TONS / ACRE",23.0,TONS / ACRE
2016,IA,OTHER (COMBINED) COUNTIES,998,CORN,"CORN, SILAGE - YIELD, MEASURED IN TONS / ACRE",24.0,TONS / ACRE
2016,IA,OTHER (COMBINED) COUNTIES,998,CORN,"CORN, SILAGE - YIELD, MEASURED IN TONS / ACRE",23.5,TONS / ACRE
2016,IA,OTHER (COMBINED) COUNTIES,998,CORN,"CORN, SILAGE - YIELD, MEASURED IN TONS / ACRE",19.5,TONS / ACRE
2016,IA,OTHER (COMBINED) COUNTIES,998,CORN,"CORN, SILAGE - YIELD, MEASURED IN TONS / ACRE",21.0,TONS / ACRE
2017,IA,OTHER (COMBINED) COUNTIES,998,CORN,"CORN, GRAIN - YIELD, MEASURED IN BU / ACRE",129.7,BU / ACRE
2017,IA,OTHER (COMBINED) COUNTIES,998,CORN,"CORN, SILAGE - YIELD, MEASURED IN TONS / ACRE",23.5,TONS / ACRE
2017,IA,OTHER (COMBINED) COUNTIES,998,CORN,"CORN, SILAGE - YIELD, MEASURED IN TONS / ACRE",18.0,TONS / ACRE
2017,IA,OTHER (COMBINED) COUNTIES,998,CORN,"CORN, SILAGE - YIELD, MEASURED IN TONS / ACRE",22.0,TONS / ACRE
2017,IA,OTHER (COMBINED) COUNTIES,998,CORN,"CORN, SILAGE - YIELD, MEASURED IN TONS / ACRE",19.0,TONS / ACRE
2017,IA,OTHER (COMBINED) COUNTIES,998,CORN,"CORN, SILAGE - YIELD, MEASURED IN TONS / ACRE",20.5,TONS / ACRE
2017,IA,OTHER (COMBINED) COUNTIES,998,CORN,"CORN, SILAGE - YIELD, MEASURED IN TONS / ACRE",22.5,TONS / ACRE
2017,IA,OTHER (COMBINED) COUNTIES,998,CORN,"CORN, SILAGE - YIELD, MEASURED IN TONS / ACRE",21.0,TONS / ACRE
2017,IA,OTHER (COMBINED) COUNTIES,998,CORN,"CORN, SILAGE - YIELD, MEASURED IN TONS / ACRE",15.0,TONS / ACRE
2017,IA,OTHER (COMBINED) COUNTIES,998,CORN,"CORN, SILAGE - YIELD, MEASURED IN TONS / ACRE",15.5,TONS / ACRE
2018,IA,OTHER (COMBINED) COUNTIES,998,CORN,"CORN, GRAIN - YIELD, MEASURED IN BU / ACRE",196.7,BU / ACRE
2018,IA,OTHER (COMBINED) COUNTIES,998,CORN,"CORN, GRAIN - YIELD, MEASURED IN BU / ACRE",142.6,BU / ACRE
2018,IA,OTHER (COMBINED) COUNTIES,998,CORN,"CORN, GRAIN - YIELD, MEASURED IN BU / ACRE",176.9,BU / ACRE
2018,IA,OTHER (COMBINED) COUNTIES,998,CORN,"CORN, SILAGE - YIELD, MEASURED IN TONS / ACRE",22.0,TONS / ACRE
2018,IA,OTHER (COMBINED) COUNTIES,998,CORN,"CORN, SILAGE - YIELD, MEASURED IN TONS / ACRE",19.5,TONS / ACRE
2018,IA,OTHER (COMBINED) COUNTIES,998,CORN,"CORN, SILAGE - YIELD, MEASURED IN TONS / ACRE",22.5,TONS / ACRE
2018,IA,OTHER (COMBINED) COUNTIES,998,CORN,"CORN, SILAGE - YIELD, MEASURED IN TONS / ACRE",19.5,TONS / ACRE
2018,IA,OTHER (COMBINED) COUNTIES,998,CORN,"CORN, SILAGE - YIELD, MEASURED IN TONS / ACRE",20.5,TONS / ACRE
2018,IA,OTHER (COMBINED) COUNTIES,998,CORN,"CORN, SILAGE - YIELD, MEASURED IN TONS / ACRE",21.0,TONS / ACRE
2018,IA,OTHER (COMBINED) COUNTIES,998,CORN,"CORN, SILAGE - YIELD, MEASURED IN TONS / ACRE",13.5,TONS / ACRE
2018,IA,OTHER (COMBINED) COUNTIES,998,CORN,"CORN, SILAGE - YIELD, MEASURED IN TONS / ACRE",16.5,TONS / ACRE
2018,IA,OTHER (COMBINED) COUNTIES,998,CORN,"CORN, SILAGE - YIELD, MEASURED IN TONS / ACRE",17.0,TONS / ACRE
2019,IA,OTHER (COMBINED) COUNTIES,998,CORN,"CORN, GRAIN - YIELD, MEASURED IN BU / ACRE",191.2,BU / ACRE
2019,IA,OTHER (COMBINED) COUNTIES,998,CORN,"CORN, GRAIN - YIELD, MEASURED IN BU / ACRE",210.0,BU / ACRE
2019,IA,OTHER (COMBINED) COUNTIES,998,CORN,"CORN, GRAIN - YIELD, MEASURED IN BU / ACRE",189.6,BU / ACRE
2019,IA,OTHER (COMBINED) COUNTIES,998,CORN,"CORN, GRAIN - YIELD, MEASURED IN BU / ACRE",152.3,BU / ACRE
2019,IA,OTHER (COMBINED) COUNTIES,998,CORN,"CORN, SILAGE - YIELD, MEASURED IN TONS / ACRE",23.0,TONS / ACRE
2019,IA,OTHER (COMBINED) COUNTIES,998,CORN,"CORN, SILAGE - YIELD, MEASURED IN TONS / ACRE",24.0,TONS / ACRE
2019,IA,OTHER (COMBINED) COUNTIES,998,CORN,"CORN, SILAGE - YIELD, MEASURED IN TONS / ACRE",23.5,TONS / ACRE
2019,IA,OTHER (COMBINED) COUNTIES,998,CORN,"CORN, SILAGE - YIELD, MEASURED IN TONS / ACRE",19.0,TONS / ACRE
2019,IA,OTHER (COMBINED) COUNTIES,998,CORN,"CORN, SILAGE - YIELD, MEASURED IN TONS / ACRE",20.5,TONS / ACRE
2019,IA,OTHER (COMBINED) COUNTIES,998,CORN,"CORN, SILAGE - YIELD, MEASURED IN TONS / ACRE",22.5,TONS / ACRE
2019,IA,OTHER (COMBINED) COUNTIES,998,CORN,"CORN, SILAGE - YIELD, MEASURED IN TONS / ACRE",20.0,TONS / ACRE
2019,IA,OTHER (COMBINED) COUNTIES,998,CORN,"CORN, SILAGE - YIELD, MEASURED IN TONS / ACRE",17.0,TONS / ACRE
2019,IA,OTHER (COMBINED) COUNTIES,998,CORN,"CORN, SILAGE - YIELD, MEASURED IN TONS / ACRE",17.5,TONS / ACRE
2020,IA,OTHER COUNTIES,998,CORN,"CORN, GRAIN - YIELD, MEASURED IN BU / ACRE",175.4,BU / ACRE
2020,IA,OTHER COUNTIES,998,CORN,"CORN, SILAGE - YIELD, MEASURED IN TONS / ACRE",20.0,TONS / ACRE
2021,IA,OTHER COUNTIES,998,CORN,"CORN, GRAIN - YIELD, MEASURED IN BU / ACRE",203.8,BU / ACRE
2021,IA,OTHER COUNTIES,998,CORN,"CORN, SILAGE - YIELD, MEASURED IN TONS / ACRE",20.5,TONS / ACRE
2022,IA,OTHER COUNTIES,998,CORN,"CORN, GRAIN - YIELD, MEASURED IN BU / ACRE",150.2,BU / ACRE
2022,IA,OTHER COUNTIES,998,CORN,"CORN, SILAGE - YIELD, MEASURED IN TONS / ACRE",21.0,TONS / ACRE
2023,IA,OTHER COUNTIES,998,CORN,"CORN, GRAIN - YIELD, MEASURED IN BU / ACRE",198.9,BU / ACRE
2023,IA,OTHER COUNTIES,998,CORN,"CORN, SILAGE - YIELD, MEASURED IN TONS / ACRE",19.0,TONS / ACRE
2024,IA,OTHER COUNTIES,998,CORN,"CORN, GRAIN - YIELD, MEASURED IN BU / ACRE",205.7,BU / ACRE
2024,IA,OTHER COUNTIES,998,CORN,"CORN, SILAGE - YIELD, MEASURED IN TONS / ACRE",23.5,TONS / ACRE
2025,IA,OTHER COUNTIES,998,CORN,"CORN, GRAIN - YIELD, MEASURED IN BU / ACRE",207.8,BU / ACRE
2025,IA,OTHER COUNTIES,998,CORN,"CORN, SILAGE - YIELD, MEASURED IN TONS / ACRE",25.0,TONS / ACRE
2010,IA,PAGE,145,CORN,"CORN, GRAIN - YIELD, MEASURED IN BU / ACRE",150.1,BU / ACRE
2011,IA,PAGE,145,CORN,"CORN, GRAIN - YIELD, MEASURED IN BU / ACRE",136.2,BU / ACRE
2012,IA,PAGE,145,CORN,"CORN, GRAIN - YIELD, MEASURED IN BU / ACRE",116.2,BU / ACRE
2013,IA,PAGE,145,CORN,"CORN, GRAIN - YIELD, MEASURED IN BU / ACRE",154.5,BU / ACRE
2013,IA,PAGE,145,CORN,"CORN, SILAGE - YIELD, MEASURED IN TONS / ACRE",17.5,TONS / ACRE
2014,IA,PAGE,145,CORN,"CORN, GRAIN - YIELD, MEASURED IN BU / ACRE",182.4,BU / ACRE
2015,IA,PAGE,145,CORN,"CORN, GRAIN - YIELD, MEASURED IN BU / ACRE",165.8,BU / ACRE
2016,IA,PAGE,145,CORN,"CORN, GRAIN - YIELD, MEASURED IN BU / ACRE",185.8,BU / ACRE
2017,IA,PAGE,145,CORN,"CORN, GRAIN - YIELD, MEASURED IN BU / ACRE",193.1,BU / ACRE
2018,IA,PAGE,145,CORN,"CORN, GRAIN - YIELD, MEASURED IN BU / ACRE",188.1,BU / ACRE
2019,IA,PAGE,145,CORN,"CORN, GRAIN - YIELD, MEASURED IN BU / ACRE",191.3,BU / ACRE
2020,IA,PAGE,145,CORN,"CORN, GRAIN - YIELD, MEASURED IN BU / ACRE",181.6,BU / ACRE
2020,IA,PAGE,145,CORN,"CORN, SILAGE - YIELD, MEASURED IN TONS / ACRE",19.5,TONS / ACRE
2021,IA,PAGE,145,CORN,"CORN, GRAIN - YIELD, MEASURED IN BU / ACRE",206.9,BU / ACRE
2022,IA,PAGE,145,CORN,"CORN, GRAIN - YIELD, MEASURED IN BU / ACRE",174.5,BU / ACRE
2023,IA,PAGE,145,CORN,"CORN, GRAIN - YIELD, MEASURED IN BU / ACRE",206.6,BU / ACRE
2024,IA,PAGE,145,CORN,"CORN, GRAIN - YIELD, MEASURED IN BU / ACRE",209.1,BU / ACRE
2010,IA,PALO ALTO,147,CORN,"CORN, GRAIN - YIELD, MEASURED IN BU / ACRE",174.0,BU / ACRE
2011,IA,PALO ALTO,147,CORN,"CORN, GRAIN - YIELD, MEASURED IN BU / ACRE",174.6,BU / ACRE
2012,IA,PALO ALTO,147,CORN,"CORN, GRAIN - YIELD, MEASURED IN BU / ACRE",170.6,BU / ACRE
2013,IA,PALO ALTO,147,CORN,"CORN, GRAIN - YIELD, MEASURED IN BU / ACRE",168.8,BU / ACRE
2014,IA,PALO ALTO,147,CORN,"CORN, GRAIN - YIELD, MEASURED IN BU / ACRE",164.6,BU / ACRE
2015,IA,PALO ALTO,147,CORN,"CORN, GRAIN - YIELD, MEASURED IN BU / ACRE",197.5,BU / ACRE
2016,IA,PALO ALTO,147,CORN,"CORN, GRAIN - YIELD, MEASURED IN BU / ACRE",196.0,BU / ACRE
2017,IA,PALO ALTO,147,CORN,"CORN, GRAIN - YIELD, MEASURED IN BU / ACRE",195.4,BU / ACRE
2018,IA,PALO ALTO,147,CORN,"CORN, GRAIN - YIELD, MEASURED IN BU / ACRE",157.9,BU / ACRE
2019,IA,PALO ALTO,147,CORN,"CORN, GRAIN - YIELD, MEASURED IN BU / ACRE",198.3,BU / ACRE
2020,IA,PALO ALTO,147,CORN,"CORN, GRAIN - YIELD, MEASURED IN BU / ACRE",181.1,BU / ACRE
2020,IA,PALO ALTO,147,CORN,"CORN, SILAGE - YIELD, MEASURED IN TONS / ACRE",19.5,TONS / ACRE
2021,IA,PALO ALTO,147,CORN,"CORN, GRAIN - YIELD, MEASURED IN BU / ACRE",190.1,BU / ACRE
2022,IA,PALO ALTO,147,CORN,"CORN, GRAIN - YIELD, MEASURED IN BU / ACRE",195.8,BU / ACRE
2022,IA,PALO ALTO,147,CORN,"CORN, SILAGE - YIELD, MEASURED IN TONS / ACRE",21.0,TONS / ACRE
2023,IA,PALO ALTO,147,CORN,"CORN, GRAIN - YIELD, MEASURED IN BU / ACRE",211.7,BU / ACRE
2024,IA,PALO ALTO,147,CORN,"CORN, GRAIN - YIELD, MEASURED IN BU / ACRE",182.3,BU / ACRE
2025,IA,PALO ALTO,147,CORN,"CORN, GRAIN - YIELD, MEASURED IN BU / ACRE",209.9,BU / ACRE
2010,IA,PLYMOUTH,149,CORN,"CORN, GRAIN - YIELD, MEASURED IN BU / ACRE",184.7,BU / ACRE
2011,IA,PLYMOUTH,149,CORN,"CORN, GRAIN - YIELD, MEASURED IN BU / ACRE",164.5,BU / ACRE
2012,IA,PLYMOUTH,149,CORN,"CORN, GRAIN - YIELD, MEASURED IN BU / ACRE",110.1,BU / ACRE
2013,IA,PLYMOUTH,149,CORN,"CORN, GRAIN - YIELD, MEASURED IN BU / ACRE",188.9,BU / ACRE
2014,IA,PLYMOUTH,149,CORN,"CORN, GRAIN - YIELD, MEASURED IN BU / ACRE",187.3,BU / ACRE
2015,IA,PLYMOUTH,149,CORN,"CORN, GRAIN - YIELD, MEASURED IN BU / ACRE",203.6,BU / ACRE
2016,IA,PLYMOUTH,149,CORN,"CORN, GRAIN - YIELD, MEASURED IN BU / ACRE",209.2,BU / ACRE
2017,IA,PLYMOUTH,149,CORN,"CORN, GRAIN - YIELD, MEASURED IN BU / ACRE",193.0,BU / ACRE
2018,IA,PLYMOUTH,149,CORN,"CORN, GRAIN - YIELD, MEASURED IN BU / ACRE",213.8,BU / ACRE
2019,IA,PLYMOUTH,149,CORN,"CORN, GRAIN - YIELD, MEASURED IN BU / ACRE",217.8,BU / ACRE
2021,IA,PLYMOUTH,149,CORN,"CORN, GRAIN - YIELD, MEASURED IN BU / ACRE",190.9,BU / ACRE
2022,IA,PLYMOUTH,149,CORN,"CORN, GRAIN - YIELD, MEASURED IN BU / ACRE",171.8,BU / ACRE
2023,IA,PLYMOUTH,149,CORN,"CORN, GRAIN - YIELD, MEASURED IN BU / ACRE",205.7,BU / ACRE
2024,IA,PLYMOUTH,149,CORN,"CORN, GRAIN - YIELD, MEASURED IN BU / ACRE",195.6,BU / ACRE
2024,IA,PLYMOUTH,149,CORN,"CORN, SILAGE - YIELD, MEASURED IN TONS / ACRE",20.0,TONS / ACRE
2025,IA,PLYMOUTH,149,CORN,"CORN, SILAGE - YIELD, MEASURED IN TONS / ACRE",27.5,TONS / ACRE
2010,IA,POCAHONTAS,151,CORN,"CORN, GRAIN - YIELD, MEASURED IN BU / ACRE",172.6,BU / ACRE
2011,IA,POCAHONTAS,151,CORN,"CORN, GRAIN - YIELD, MEASURED IN BU / ACRE",181.2,BU / ACRE
2012,IA,POCAHONTAS,151,CORN,"CORN, GRAIN - YIELD, MEASURED IN BU / ACRE",165.3,BU / ACRE
2013,IA,POCAHONTAS,151,CORN,"CORN, GRAIN - YIELD, MEASURED IN BU / ACRE",163.8,BU / ACRE
2014,IA,POCAHONTAS,151,CORN,"CORN, GRAIN - YIELD, MEASURED IN BU / ACRE",174.8,BU / ACRE
2015,IA,POCAHONTAS,151,CORN,"CORN, GRAIN - YIELD, MEASURED IN BU / ACRE",205.5,BU / ACRE
2016,IA,POCAHONTAS,151,CORN,"CORN, GRAIN - YIELD, MEASURED IN BU / ACRE",206.8,BU / ACRE
2017,IA,POCAHONTAS,151,CORN,"CORN, GRAIN - YIELD, MEASURED IN BU / ACRE",190.9,BU / ACRE
2018,IA,POCAHONTAS,151,CORN,"CORN, GRAIN - YIELD, MEASURED IN BU / ACRE",179.2,BU / ACRE
2020,IA,POCAHONTAS,151,CORN,"CORN, GRAIN - YIELD, MEASURED IN BU / ACRE",186.2,BU / ACRE
2020,IA,POCAHONTAS,151,CORN,"CORN, SILAGE - YIELD, MEASURED IN TONS / ACRE",21.5,TONS / ACRE
2021,IA,POCAHONTAS,151,CORN,"CORN, GRAIN - YIELD, MEASURED IN BU / ACRE",213.9,BU / ACRE
2022,IA,POCAHONTAS,151,CORN,"CORN, GRAIN - YIELD, MEASURED IN BU / ACRE",198.2,BU / ACRE
2023,IA,POCAHONTAS,151,CORN,"CORN, GRAIN - YIELD, MEASURED IN BU / ACRE",218.1,BU / ACRE
2024,IA,POCAHONTAS,151,CORN,"CORN, GRAIN - YIELD, MEASURED IN BU / ACRE",203.0,BU / ACRE
2025,IA,POCAHONTAS,151,CORN,"CORN, GRAIN - YIELD, MEASURED IN BU / ACRE",210.2,BU / ACRE
2010,IA,POLK,153,CORN,"CORN, GRAIN - YIELD, MEASURED IN BU / ACRE",139.4,BU / ACRE
2011,IA,POLK,153,CORN,"CORN, GRAIN - YIELD, MEASURED IN BU / ACRE",160.6,BU / ACRE
2012,IA,POLK,153,CORN,"CORN, GRAIN - YIELD, MEASURED IN BU / ACRE",149.1,BU / ACRE
2013,IA,POLK,153,CORN,"CORN, GRAIN - YIELD, MEASURED IN BU / ACRE",143.6,BU / ACRE
2014,IA,POLK,153,CORN,"CORN, GRAIN - YIELD, MEASURED IN BU / ACRE",181.4,BU / ACRE
2015,IA,POLK,153,CORN,"CORN, GRAIN - YIELD, MEASURED IN BU / ACRE",187.0,BU / ACRE
2016,IA,POLK,153,CORN,"CORN, GRAIN - YIELD, MEASURED IN BU / ACRE",199.8,BU / ACRE
2017,IA,POLK,153,CORN,"CORN, GRAIN - YIELD, MEASURED IN BU / ACRE",200.3,BU / ACRE
2018,IA,POLK,153,CORN,"CORN, GRAIN - YIELD, MEASURED IN BU / ACRE",186.2,BU / ACRE
2019,IA,POLK,153,CORN,"CORN, GRAIN - YIELD, MEASURED IN BU / ACRE",196.6,BU / ACRE
2020,IA,POLK,153,CORN,"CORN, GRAIN - YIELD, MEASURED IN BU / ACRE",150.2,BU / ACRE
2021,IA,POLK,153,CORN,"CORN, GRAIN - YIELD, MEASURED IN BU / ACRE",217.5,BU / ACRE
2022,IA,POLK,153,CORN,"CORN, GRAIN - YIELD, MEASURED IN BU / ACRE",188.6,BU / ACRE
2023,IA,POLK,153,CORN,"CORN, GRAIN - YIELD, MEASURED IN BU / ACRE",206.4,BU / ACRE
2024,IA,POLK,153,CORN,"CORN, GRAIN - YIELD, MEASURED IN BU / ACRE",218.0,BU / ACRE
2025,IA,POLK,153,CORN,"CORN, GRAIN - YIELD, MEASURED IN BU / ACRE",203.6,BU / ACRE
2010,IA,POTTAWATTAMIE,155,CORN,"CORN, GRAIN - YIELD, MEASURED IN BU / ACRE",164.8,BU / ACRE
2011,IA,POTTAWATTAMIE,155,CORN,"CORN, GRAIN - YIELD, MEASURED IN BU / ACRE",170.9,BU / ACRE
2012,IA,POTTAWATTAMIE,155,CORN,"CORN, GRAIN - YIELD, MEASURED IN BU / ACRE",131.9,BU / ACRE
2013,IA,POTTAWATTAMIE,155,CORN,"CORN, GRAIN - YIELD, MEASURED IN BU / ACRE",179.4,BU / ACRE
2013,IA,POTTAWATTAMIE,155,CORN,"CORN, SILAGE - YIELD, MEASURED IN TONS / ACRE",21.5,TONS / ACRE
2014,IA,POTTAWATTAMIE,155,CORN,"CORN, GRAIN - YIELD, MEASURED IN BU / ACRE",169.1,BU / ACRE
2015,IA,POTTAWATTAMIE,155,CORN,"CORN, GRAIN - YIELD, MEASURED IN BU / ACRE",204.0,BU / ACRE
2016,IA,POTTAWATTAMIE,155,CORN,"CORN, GRAIN - YIELD, MEASURED IN BU / ACRE",210.4,BU / ACRE
2017,IA,POTTAWATTAMIE,155,CORN,"CORN, GRAIN - YIELD, MEASURED IN BU / ACRE",195.8,BU / ACRE
2019,IA,POTTAWATTAMIE,155,CORN,"CORN, GRAIN - YIELD, MEASURED IN BU / ACRE",208.0,BU / ACRE
2020,IA,POTTAWATTAMIE,155,CORN,"CORN, GRAIN - YIELD, MEASURED IN BU / ACRE",176.3,BU / ACRE
2021,IA,POTTAWATTAMIE,155,CORN,"CORN, GRAIN - YIELD, MEASURED IN BU / ACRE",216.3,BU / ACRE
2022,IA,POTTAWATTAMIE,155,CORN,"CORN, GRAIN - YIELD, MEASURED IN BU / ACRE",195.0,BU / ACRE
2023,IA,POTTAWATTAMIE,155,CORN,"CORN, GRAIN - YIELD, MEASURED IN BU / ACRE",198.5,BU / ACRE
2010,IA,POWESHIEK,157,CORN,"CORN, GRAIN - YIELD, MEASURED IN BU / ACRE",153.2,BU / ACRE
2011,IA,POWESHIEK,157,CORN,"CORN, GRAIN - YIELD, MEASURED IN BU / ACRE",179.0,BU / ACRE
2012,IA,POWESHIEK,157,CORN,"CORN, GRAIN - YIELD, MEASURED IN BU / ACRE",152.3,BU / ACRE
2013,IA,POWESHIEK,157,CORN,"CORN, GRAIN - YIELD, MEASURED IN BU / ACRE",158.5,BU / ACRE
2014,IA,POWESHIEK,157,CORN,"CORN, GRAIN - YIELD, MEASURED IN BU / ACRE",188.4,BU / ACRE
2015,IA,POWESHIEK,157,CORN,"CORN, GRAIN - YIELD, MEASURED IN BU / ACRE",197.8,BU / ACRE
2016,IA,POWESHIEK,157,CORN,"CORN, GRAIN - YIELD, MEASURED IN BU / ACRE",213.2,BU / ACRE
2017,IA,POWESHIEK,157,CORN,"CORN, GRAIN - YIELD, MEASURED IN BU / ACRE",215.1,BU / ACRE
2018,IA,POWESHIEK,157,CORN,"CORN, GRAIN - YIELD, MEASURED IN BU / ACRE",218.7,BU / ACRE
2019,IA,POWESHIEK,157,CORN,"CORN, GRAIN - YIELD, MEASURED IN BU / ACRE",200.3,BU / ACRE
2020,IA,POWESHIEK,157,CORN,"CORN, GRAIN - YIELD, MEASURED IN BU / ACRE",138.2,BU / ACRE
2020,IA,POWESHIEK,157,CORN,"CORN, SILAGE - YIELD, MEASURED IN TONS / ACRE",18.0,TONS / ACRE
2021,IA,POWESHIEK,157,CORN,"CORN, GRAIN - YIELD, MEASURED IN BU / ACRE",201.0,BU / ACRE
2022,IA,POWESHIEK,157,CORN,"CORN, GRAIN - YIELD, MEASURED IN BU / ACRE",193.3,BU / ACRE
2023,IA,POWESHIEK,157,CORN,"CORN, GRAIN - YIELD, MEASURED IN BU / ACRE",204.9,BU / ACRE
2024,IA,POWESHIEK,157,CORN,"CORN, GRAIN - YIELD, MEASURED IN BU / ACRE",223.0,BU / ACRE
2025,IA,POWESHIEK,157,CORN,"CORN, GRAIN - YIELD, MEASURED IN BU / ACRE",217.2,BU / ACRE
2010,IA,RINGGOLD,159,CORN,"CORN, GRAIN - YIELD, MEASURED IN BU / ACRE",94.1,BU / ACRE
2011,IA,RINGGOLD,159,CORN,"CORN, GRAIN - YIELD, MEASURED IN BU / ACRE",118.7,BU / ACRE
2011,IA,RINGGOLD,159,CORN,"CORN, SILAGE - YIELD, MEASURED IN TONS / ACRE",11.5,TONS / ACRE
2012,IA,RINGGOLD,159,CORN,"CORN, GRAIN - YIELD, MEASURED IN BU / ACRE",71.6,BU / ACRE
2013,IA,RINGGOLD,159,CORN,"CORN, GRAIN - YIELD, MEASURED IN BU / ACRE",121.1,BU / ACRE
2014,IA,RINGGOLD,159,CORN,"CORN, GRAIN - YIELD, MEASURED IN BU / ACRE",166.4,BU / ACRE
2015,IA,RINGGOLD,159,CORN,"CORN, GRAIN - YIELD, MEASURED IN BU / ACRE",147.8,BU / ACRE
2016,IA,RINGGOLD,159,CORN,"CORN, GRAIN - YIELD, MEASURED IN BU / ACRE",179.5,BU / ACRE
2017,IA,RINGGOLD,159,CORN,"CORN, GRAIN - YIELD, MEASURED IN BU / ACRE",167.8,BU / ACRE
2017,IA,RINGGOLD,159,CORN,"CORN, SILAGE - YIELD, MEASURED IN TONS / ACRE",13.0,TONS / ACRE
2018,IA,RINGGOLD,159,CORN,"CORN, GRAIN - YIELD, MEASURED IN BU / ACRE",153.3,BU / ACRE
2020,IA,RINGGOLD,159,CORN,"CORN, GRAIN - YIELD, MEASURED IN BU / ACRE",159.1,BU / ACRE
2021,IA,RINGGOLD,159,CORN,"CORN, GRAIN - YIELD, MEASURED IN BU / ACRE",175.8,BU / ACRE
2022,IA,RINGGOLD,159,CORN,"CORN, GRAIN - YIELD, MEASURED IN BU / ACRE",151.8,BU / ACRE
2010,IA,SAC,161,CORN,"CORN, GRAIN - YIELD, MEASURED IN BU / ACRE",189.7,BU / ACRE
2011,IA,SAC,161,CORN,"CORN, GRAIN - YIELD, MEASURED IN BU / ACRE",183.4,BU / ACRE
2012,IA,SAC,161,CORN,"CORN, GRAIN - YIELD, MEASURED IN BU / ACRE",130.7,BU / ACRE
2013,IA,SAC,161,CORN,"CORN, GRAIN - YIELD, MEASURED IN BU / ACRE",142.6,BU / ACRE
2014,IA,SAC,161,CORN,"CORN, GRAIN - YIELD, MEASURED IN BU / ACRE",179.8,BU / ACRE
2015,IA,SAC,161,CORN,"CORN, GRAIN - YIELD, MEASURED IN BU / ACRE",204.8,BU / ACRE
2016,IA,SAC,161,CORN,"CORN, GRAIN - YIELD, MEASURED IN BU / ACRE",214.3,BU / ACRE
2017,IA,SAC,161,CORN,"CORN, GRAIN - YIELD, MEASURED IN BU / ACRE",194.5,BU / ACRE
2018,IA,SAC,161,CORN,"CORN, GRAIN - YIELD, MEASURED IN BU / ACRE",213.5,BU / ACRE
2019,IA,SAC,161,CORN,"CORN, GRAIN - YIELD, MEASURED IN BU / ACRE",220.6,BU / ACRE
2020,IA,SAC,161,CORN,"CORN, GRAIN - YIELD, MEASURED IN BU / ACRE",161.0,BU / ACRE
2021,IA,SAC,161,CORN,"CORN, GRAIN - YIELD, MEASURED IN BU / ACRE",231.0,BU / ACRE
2022,IA,SAC,161,CORN,"CORN, GRAIN - YIELD, MEASURED IN BU / ACRE",212.4,BU / ACRE
2023,IA,SAC,161,CORN,"CORN, GRAIN - YIELD, MEASURED IN BU / ACRE",199.1,BU / ACRE
2024,IA,SAC,161,CORN,"CORN, GRAIN - YIELD, MEASURED IN BU / ACRE",229.1,BU / ACRE
2024,IA,SAC,161,CORN,"CORN, SILAGE - YIELD, MEASURED IN TONS / ACRE",21.5,TONS / ACRE
2025,IA,SAC,161,CORN,"CORN, GRAIN - YIELD, MEASURED IN BU / ACRE",224.3,BU / ACRE
2025,IA,SAC,161,CORN,"CORN, SILAGE - YIELD, MEASURED IN TONS / ACRE",23.5,TONS / ACRE
2010,IA,SCOTT,163,CORN,"CORN, GRAIN - YIELD, MEASURED IN BU / ACRE",151.9,BU / ACRE
2011,IA,SCOTT,163,CORN,"CORN, GRAIN - YIELD, MEASURED IN BU / ACRE",174.2,BU / ACRE
2011,IA,SCOTT,163,CORN,"CORN, SILAGE - YIELD, MEASURED IN TONS / ACRE",22.0,TONS / ACRE
2012,IA,SCOTT,163,CORN,"CORN, GRAIN - YIELD, MEASURED IN BU / ACRE",131.7,BU / ACRE
2013,IA,SCOTT,163,CORN,"CORN, GRAIN - YIELD, MEASURED IN BU / ACRE",167.8,BU / ACRE
2014,IA,SCOTT,163,CORN,"CORN, GRAIN - YIELD, MEASURED IN BU / ACRE",194.5,BU / ACRE
2015,IA,SCOTT,163,CORN,"CORN, GRAIN - YIELD, MEASURED IN BU / ACRE",195.9,BU / ACRE
2016,IA,SCOTT,163,CORN,"CORN, GRAIN - YIELD, MEASURED IN BU / ACRE",216.0,BU / ACRE
2017,IA,SCOTT,163,CORN,"CORN, GRAIN - YIELD, MEASURED IN BU / ACRE",220.0,BU / ACRE
2018,IA,SCOTT,163,CORN,"CORN, GRAIN - YIELD, MEASURED IN BU / ACRE",214.0,BU / ACRE
2019,IA,SCOTT,163,CORN,"CORN, GRAIN - YIELD, MEASURED IN BU / ACRE",189.4,BU / ACRE
2020,IA,SCOTT,163,CORN,"CORN, GRAIN - YIELD, MEASURED IN BU / ACRE",181.3,BU / ACRE
2020,IA,SCOTT,163,CORN,"CORN, SILAGE - YIELD, MEASURED IN TONS / ACRE",15.0,TONS / ACRE
2021,IA,SCOTT,163,CORN,"CORN, GRAIN - YIELD, MEASURED IN BU / ACRE",206.8,BU / ACRE
2022,IA,SCOTT,163,CORN,"CORN, GRAIN - YIELD, MEASURED IN BU / ACRE",216.2,BU / ACRE
2023,IA,SCOTT,163,CORN,"CORN, GRAIN - YIELD, MEASURED IN BU / ACRE",210.1,BU / ACRE
2024,IA,SCOTT,163,CORN,"CORN, GRAIN - YIELD, MEASURED IN BU / ACRE",234.2,BU / ACRE
2025,IA,SCOTT,163,CORN,"CORN, GRAIN - YIELD, MEASURED IN BU / ACRE",224.5,BU / ACRE
2010,IA,SHELBY,165,CORN,"CORN, GRAIN - YIELD, MEASURED IN BU / ACRE",171.6,BU / ACRE
2011,IA,SHELBY,165,CORN,"CORN, GRAIN - YIELD, MEASURED IN BU / ACRE",173.6,BU / ACRE
2012,IA,SHELBY,165,CORN,"CORN, GRAIN - YIELD, MEASURED IN BU / ACRE",137.8,BU / ACRE
2013,IA,SHELBY,165,CORN,"CORN, GRAIN - YIELD, MEASURED IN BU / ACRE",182.6,BU / ACRE
2014,IA,SHELBY,165,CORN,"CORN, GRAIN - YIELD, MEASURED IN BU / ACRE",185.2,BU / ACRE
2015,IA,SHELBY,165,CORN,"CORN, GRAIN - YIELD, MEASURED IN BU / ACRE",195.3,BU / ACRE
2016,IA,SHELBY,165,CORN,"CORN, GRAIN - YIELD, MEASURED IN BU / ACRE",215.3,BU / ACRE
2017,IA,SHELBY,165,CORN,"CORN, GRAIN - YIELD, MEASURED IN BU / ACRE",207.1,BU / ACRE
2018,IA,SHELBY,165,CORN,"CORN, GRAIN - YIELD, MEASURED IN BU / ACRE",189.1,BU / ACRE
2019,IA,SHELBY,165,CORN,"CORN, GRAIN - YIELD, MEASURED IN BU / ACRE",217.3,BU / ACRE
2020,IA,SHELBY,165,CORN,"CORN, GRAIN - YIELD, MEASURED IN BU / ACRE",190.5,BU / ACRE
2022,IA,SHELBY,165,CORN,"CORN, GRAIN - YIELD, MEASURED IN BU / ACRE",209.0,BU / ACRE
2023,IA,SHELBY,165,CORN,"CORN, GRAIN - YIELD, MEASURED IN BU / ACRE",196.0,BU / ACRE
2025,IA,SHELBY,165,CORN,"CORN, SILAGE - YIELD, MEASURED IN TONS / ACRE",24.5,TONS / ACRE
2010,IA,SIOUX,167,CORN,"CORN, GRAIN - YIELD, MEASURED IN BU / ACRE",196.5,BU / ACRE
2011,IA,SIOUX,167,CORN,"CORN, GRAIN - YIELD, MEASURED IN BU / ACRE",177.6,BU / ACRE
2011,IA,SIOUX,167,CORN,"CORN, SILAGE - YIELD, MEASURED IN TONS / ACRE",20.0,TONS / ACRE
2012,IA,SIOUX,167,CORN,"CORN, GRAIN - YIELD, MEASURED IN BU / ACRE",143.2,BU / ACRE
2013,IA,SIOUX,167,CORN,"CORN, GRAIN - YIELD, MEASURED IN BU / ACRE",194.1,BU / ACRE
2014,IA,SIOUX,167,CORN,"CORN, GRAIN - YIELD, MEASURED IN BU / ACRE",187.4,BU / ACRE
2015,IA,SIOUX,167,CORN,"CORN, GRAIN - YIELD, MEASURED IN BU / ACRE",201.9,BU / ACRE
2016,IA,SIOUX,167,CORN,"CORN, GRAIN - YIELD, MEASURED IN BU / ACRE",212.2,BU / ACRE
2017,IA,SIOUX,167,CORN,"CORN, GRAIN - YIELD, MEASURED IN BU / ACRE",220.7,BU / ACRE
2018,IA,SIOUX,167,CORN,"CORN, GRAIN - YIELD, MEASURED IN BU / ACRE",211.9,BU / ACRE
2019,IA,SIOUX,167,CORN,"CORN, GRAIN - YIELD, MEASURED IN BU / ACRE",192.1,BU / ACRE
2020,IA,SIOUX,167,CORN,"CORN, GRAIN - YIELD, MEASURED IN BU / ACRE",201.8,BU / ACRE
2020,IA,SIOUX,167,CORN,"CORN, SILAGE - YIELD, MEASURED IN TONS / ACRE",22.5,TONS / ACRE
2021,IA,SIOUX,167,CORN,"CORN, GRAIN - YIELD, MEASURED IN BU / ACRE",220.6,BU / ACRE
2021,IA,SIOUX,167,CORN,"CORN, SILAGE - YIELD, MEASURED IN TONS / ACRE",22.0,TONS / ACRE
2022,IA,SIOUX,167,CORN,"CORN, GRAIN - YIELD, MEASURED IN BU / ACRE",196.6,BU / ACRE
2022,IA,SIOUX,167,CORN,"CORN, SILAGE - YIELD, MEASURED IN TONS / ACRE",19.0,TONS / ACRE
2023,IA,SIOUX,167,CORN,"CORN, GRAIN - YIELD, MEASURED IN BU / ACRE",211.4,BU / ACRE
2023,IA,SIOUX,167,CORN,"CORN, SILAGE - YIELD, MEASURED IN TONS / ACRE",23.0,TONS / ACRE
2024,IA,SIOUX,167,CORN,"CORN, SILAGE - YIELD, MEASURED IN TONS / ACRE",27.5,TONS / ACRE
2010,IA,STORY,169,CORN,"CORN, GRAIN - YIELD, MEASURED IN BU / ACRE",163.9,BU / ACRE
2011,IA,STORY,169,CORN,"CORN, GRAIN - YIELD, MEASURED IN BU / ACRE",163.2,BU / ACRE
2012,IA,STORY,169,CORN,"CORN, GRAIN - YIELD, MEASURED IN BU / ACRE",157.6,BU / ACRE
2013,IA,STORY,169,CORN,"CORN, GRAIN - YIELD, MEASURED IN BU / ACRE",137.2,BU / ACRE
2014,IA,STORY,169,CORN,"CORN, GRAIN - YIELD, MEASURED IN BU / ACRE",169.9,BU / ACRE
2014,IA,STORY,169,CORN,"CORN, SILAGE - YIELD, MEASURED IN TONS / ACRE",21.5,TONS / ACRE
2015,IA,STORY,169,CORN,"CORN, GRAIN - YIELD, MEASURED IN BU / ACRE",188.0,BU / ACRE
2015,IA,STORY,169,CORN,"CORN, SILAGE - YIELD, MEASURED IN TONS / ACRE",24.0,TONS / ACRE
2016,IA,STORY,169,CORN,"CORN, GRAIN - YIELD, MEASURED IN BU / ACRE",211.9,BU / ACRE
2017,IA,STORY,169,CORN,"CORN, GRAIN - YIELD, MEASURED IN BU / ACRE",200.3,BU / ACRE
2018,IA,STORY,169,CORN,"CORN, GRAIN - YIELD, MEASURED IN BU / ACRE",192.3,BU / ACRE
2019,IA,STORY,169,CORN,"CORN, GRAIN - YIELD, MEASURED IN BU / ACRE",189.3,BU / ACRE
2020,IA,STORY,169,CORN,"CORN, GRAIN - YIELD, MEASURED IN BU / ACRE",148.4,BU / ACRE
2021,IA,STORY,169,CORN,"CORN, GRAIN - YIELD, MEASURED IN BU / ACRE",201.2,BU / ACRE
2022,IA,STORY,169,CORN,"CORN, GRAIN - YIELD, MEASURED IN BU / ACRE",207.1,BU / ACRE
2023,IA,STORY,169,CORN,"CORN, GRAIN - YIELD, MEASURED IN BU / ACRE",211.4,BU / ACRE
2024,IA,STORY,169,CORN,"CORN, GRAIN - YIELD, MEASURED IN BU / ACRE",215.5,BU / ACRE
2024,IA,STORY,169,CORN,"CORN, SILAGE - YIELD, MEASURED IN TONS / ACRE",24.0,TONS / ACRE
2025,IA,STORY,169,CORN,"CORN, GRAIN - YIELD, MEASURED IN BU / ACRE",204.0,BU / ACRE
2010,IA,TAMA,171,CORN,"CORN, GRAIN - YIELD, MEASURED IN BU / ACRE",176.7,BU / ACRE
2011,IA,TAMA,171,CORN,"CORN, GRAIN - YIELD, MEASURED IN BU / ACRE",162.0,BU / ACRE
2012,IA,TAMA,171,CORN,"CORN, GRAIN - YIELD, MEASURED IN BU / ACRE",160.2,BU / ACRE
2013,IA,TAMA,171,CORN,"CORN, GRAIN - YIELD, MEASURED IN BU / ACRE",158.7,BU / ACRE
2014,IA,TAMA,171,CORN,"CORN, GRAIN - YIELD, MEASURED IN BU / ACRE",182.7,BU / ACRE
2015,IA,TAMA,171,CORN,"CORN, GRAIN - YIELD, MEASURED IN BU / ACRE",189.5,BU / ACRE
2016,IA,TAMA,171,CORN,"CORN, GRAIN - YIELD, MEASURED IN BU / ACRE",208.4,BU / ACRE
2017,IA,TAMA,171,CORN,"CORN, GRAIN - YIELD, MEASURED IN BU / ACRE",220.6,BU / ACRE
2018,IA,TAMA,171,CORN,"CORN, GRAIN - YIELD, MEASURED IN BU / ACRE",224.3,BU / ACRE
2019,IA,TAMA,171,CORN,"CORN, GRAIN - YIELD, MEASURED IN BU / ACRE",204.8,BU / ACRE
2020,IA,TAMA,171,CORN,"CORN, GRAIN - YIELD, MEASURED IN BU / ACRE",132.7,BU / ACRE
2020,IA,TAMA,171,CORN,"CORN, SILAGE - YIELD, MEASURED IN TONS / ACRE",14.5,TONS / ACRE
2021,IA,TAMA,171,CORN,"CORN, GRAIN - YIELD, MEASURED IN BU / ACRE",213.9,BU / ACRE
2022,IA,TAMA,171,CORN,"CORN, GRAIN - YIELD, MEASURED IN BU / ACRE",203.3,BU / ACRE
2023,IA,TAMA,171,CORN,"CORN, GRAIN - YIELD, MEASURED IN BU / ACRE",197.4,BU / ACRE
2010,IA,TAYLOR,173,CORN,"CORN, GRAIN - YIELD, MEASURED IN BU / ACRE",122.2,BU / ACRE
2011,IA,TAYLOR,173,CORN,"CORN, GRAIN - YIELD, MEASURED IN BU / ACRE",140.5,BU / ACRE
2012,IA,TAYLOR,173,CORN,"CORN, GRAIN - YIELD, MEASURED IN BU / ACRE",91.7,BU / ACRE
2013,IA,TAYLOR,173,CORN,"CORN, GRAIN - YIELD, MEASURED IN BU / ACRE",136.2,BU / ACRE
2013,IA,TAYLOR,173,CORN,"CORN, SILAGE - YIELD, MEASURED IN TONS / ACRE",16.5,TONS / ACRE
2014,IA,TAYLOR,173,CORN,"CORN, GRAIN - YIELD, MEASURED IN BU / ACRE",178.8,BU / ACRE
2016,IA,TAYLOR,173,CORN,"CORN, GRAIN - YIELD, MEASURED IN BU / ACRE",159.9,BU / ACRE
2017,IA,TAYLOR,173,CORN,"CORN, GRAIN - YIELD, MEASURED IN BU / ACRE",175.0,BU / ACRE
2018,IA,TAYLOR,173,CORN,"CORN, GRAIN - YIELD, MEASURED IN BU / ACRE",154.4,BU / ACRE
2019,IA,TAYLOR,173,CORN,"CORN, GRAIN - YIELD, MEASURED IN BU / ACRE",161.7,BU / ACRE
2020,IA,TAYLOR,173,CORN,"CORN, GRAIN - YIELD, MEASURED IN BU / ACRE",166.2,BU / ACRE
2020,IA,TAYLOR,173,CORN,"CORN, SILAGE - YIELD, MEASURED IN TONS / ACRE",18.5,TONS / ACRE
2021,IA,TAYLOR,173,CORN,"CORN, GRAIN - YIELD, MEASURED IN BU / ACRE",192.0,BU / ACRE
2022,IA,TAYLOR,173,CORN,"CORN, GRAIN - YIELD, MEASURED IN BU / ACRE",172.1,BU / ACRE
2023,IA,TAYLOR,173,CORN,"CORN, GRAIN - YIELD, MEASURED IN BU / ACRE",192.9,BU / ACRE
2024,IA,TAYLOR,173,CORN,"CORN, GRAIN - YIELD, MEASURED IN BU / ACRE",192.7,BU / ACRE
2025,IA,TAYLOR,173,CORN,"CORN, GRAIN - YIELD, MEASURED IN BU / ACRE",176.6,BU / ACRE
2010,IA,UNION,175,CORN,"CORN, GRAIN - YIELD, MEASURED IN BU / ACRE",113.2,BU / ACRE
2011,IA,UNION,175,CORN,"CORN, GRAIN - YIELD, MEASURED IN BU / ACRE",132.6,BU / ACRE
2011,IA,UNION,175,CORN,"CORN, SILAGE - YIELD, MEASURED IN TONS / ACRE",17.5,TONS / ACRE
2012,IA,UNION,175,CORN,"CORN, GRAIN - YIELD, MEASURED IN BU / ACRE",87.3,BU / ACRE
2012,IA,UNION,175,CORN,"CORN, SILAGE - YIELD, MEASURED IN TONS / ACRE",7.9,TONS / ACRE
2013,IA,UNION,175,CORN,"CORN, GRAIN - YIELD, MEASURED IN BU / ACRE",137.0,BU / ACRE
2014,IA,UNION,175,CORN,"CORN, GRAIN - YIELD, MEASURED IN BU / ACRE",176.1,BU / ACRE
2016,IA,UNION,175,CORN,"CORN, GRAIN - YIELD, MEASURED IN BU / ACRE",183.0,BU / ACRE
2017,IA,UNION,175,CORN,"CORN, GRAIN - YIELD, MEASURED IN BU / ACRE",147.9,BU / ACRE
2018,IA,UNION,175,CORN,"CORN, GRAIN - YIELD, MEASURED IN BU / ACRE",155.8,BU / ACRE
2018,IA,UNION,175,CORN,"CORN, SILAGE - YIELD, MEASURED IN TONS / ACRE",17.0,TONS / ACRE
2019,IA,UNION,175,CORN,"CORN, GRAIN - YIELD, MEASURED IN BU / ACRE",168.9,BU / ACRE
2019,IA,UNION,175,CORN,"CORN, SILAGE - YIELD, MEASURED IN TONS / ACRE",16.0,TONS / ACRE
2020,IA,UNION,175,CORN,"CORN, GRAIN - YIELD, MEASURED IN BU / ACRE",179.7,BU / ACRE
2020,IA,UNION,175,CORN,"CORN, SILAGE - YIELD, MEASURED IN TONS / ACRE",15.0,TONS / ACRE
2021,IA,UNION,175,CORN,"CORN, GRAIN - YIELD, MEASURED IN BU / ACRE",185.2,BU / ACRE
2022,IA,UNION,175,CORN,"CORN, GRAIN - YIELD, MEASURED IN BU / ACRE",149.4,BU / ACRE
2022,IA,UNION,175,CORN,"CORN, SILAGE - YIELD, MEASURED IN TONS / ACRE",19.5,TONS / ACRE
2023,IA,UNION,175,CORN,"CORN, GRAIN - YIELD, MEASURED IN BU / ACRE",217.0,BU / ACRE
2025,IA,UNION,175,CORN,"CORN, GRAIN - YIELD, MEASURED IN BU / ACRE",193.1,BU / ACRE
2010,IA,VAN BUREN,177,CORN,"CORN, GRAIN - YIELD, MEASURED IN BU / ACRE",90.8,BU / ACRE
2011,IA,VAN BUREN,177,CORN,"CORN, GRAIN - YIELD, MEASURED IN BU / ACRE",100.9,BU / ACRE
2012,IA,VAN BUREN,177,CORN,"CORN, GRAIN - YIELD, MEASURED IN BU / ACRE",110.3,BU / ACRE
2013,IA,VAN BUREN,177,CORN,"CORN, GRAIN - YIELD, MEASURED IN BU / ACRE",144.1,BU / ACRE
2014,IA,VAN BUREN,177,CORN,"CORN, GRAIN - YIELD, MEASURED IN BU / ACRE",192.2,BU / ACRE
2015,IA,VAN BUREN,177,CORN,"CORN, GRAIN - YIELD, MEASURED IN BU / ACRE",158.3,BU / ACRE
2015,IA,VAN BUREN,177,CORN,"CORN, SILAGE - YIELD, MEASURED IN TONS / ACRE",21.0,TONS / ACRE
2016,IA,VAN BUREN,177,CORN,"CORN, GRAIN - YIELD, MEASURED IN BU / ACRE",189.0,BU / ACRE
2017,IA,VAN BUREN,177,CORN,"CORN, GRAIN - YIELD, MEASURED IN BU / ACRE",128.2,BU / ACRE
2018,IA,VAN BUREN,177,CORN,"CORN, GRAIN - YIELD, MEASURED IN BU / ACRE",180.9,BU / ACRE
2019,IA,VAN BUREN,177,CORN,"CORN, GRAIN - YIELD, MEASURED IN BU / ACRE",171.0,BU / ACRE
2020,IA,VAN BUREN,177,CORN,"CORN, GRAIN - YIELD, MEASURED IN BU / ACRE",153.5,BU / ACRE
2020,IA,VAN BUREN,177,CORN,"CORN, SILAGE - YIELD, MEASURED IN TONS / ACRE",15.5,TONS / ACRE
2021,IA,VAN BUREN,177,CORN,"CORN, GRAIN - YIELD, MEASURED IN BU / ACRE",162.5,BU / ACRE
2021,IA,VAN BUREN,177,CORN,"CORN, SILAGE - YIELD, MEASURED IN TONS / ACRE",15.5,TONS / ACRE
2022,IA,VAN BUREN,177,CORN,"CORN, GRAIN - YIELD, MEASURED IN BU / ACRE",151.9,BU / ACRE
2022,IA,VAN BUREN,177,CORN,"CORN, SILAGE - YIELD, MEASURED IN TONS / ACRE",16.5,TONS / ACRE
2023,IA,VAN BUREN,177,CORN,"CORN, GRAIN - YIELD, MEASURED IN BU / ACRE",189.3,BU / ACRE
2010,IA,WAPELLO,179,CORN,"CORN, GRAIN - YIELD, MEASURED IN BU / ACRE",100.2,BU / ACRE
2011,IA,WAPELLO,179,CORN,"CORN, GRAIN - YIELD, MEASURED IN BU / ACRE",127.3,BU / ACRE
2012,IA,WAPELLO,179,CORN,"CORN, GRAIN - YIELD, MEASURED IN BU / ACRE",92.6,BU / ACRE
2013,IA,WAPELLO,179,CORN,"CORN, GRAIN - YIELD, MEASURED IN BU / ACRE",150.4,BU / ACRE
2014,IA,WAPELLO,179,CORN,"CORN, GRAIN - YIELD, MEASURED IN BU / ACRE",195.2,BU / ACRE
2015,IA,WAPELLO,179,CORN,"CORN, GRAIN - YIELD, MEASURED IN BU / ACRE",159.3,BU / ACRE
2016,IA,WAPELLO,179,CORN,"CORN, GRAIN - YIELD, MEASURED IN BU / ACRE",196.9,BU / ACRE
2017,IA,WAPELLO,179,CORN,"CORN, GRAIN - YIELD, MEASURED IN BU / ACRE",153.0,BU / ACRE
2019,IA,WAPELLO,179,CORN,"CORN, GRAIN - YIELD, MEASURED IN BU / ACRE",176.5,BU / ACRE
2020,IA,WAPELLO,179,CORN,"CORN, GRAIN - YIELD, MEASURED IN BU / ACRE",170.6,BU / ACRE
2021,IA,WAPELLO,179,CORN,"CORN, GRAIN - YIELD, MEASURED IN BU / ACRE",178.0,BU / ACRE
2022,IA,WAPELLO,179,CORN,"CORN, GRAIN - YIELD, MEASURED IN BU / ACRE",170.8,BU / ACRE
2022,IA,WAPELLO,179,CORN,"CORN, SILAGE - YIELD, MEASURED IN TONS / ACRE",18.5,TONS / ACRE
2023,IA,WAPELLO,179,CORN,"CORN, GRAIN - YIELD, MEASURED IN BU / ACRE",202.9,BU / ACRE
2025,IA,WAPELLO,179,CORN,"CORN, GRAIN - YIELD, MEASURED IN BU / ACRE",203.6,BU / ACRE
2010,IA,WARREN,181,CORN,"CORN, GRAIN - YIELD, MEASURED IN BU / ACRE",102.4,BU / ACRE
2011,IA,WARREN,181,CORN,"CORN, GRAIN - YIELD, MEASURED IN BU / ACRE",129.1,BU / ACRE
2012,IA,WARREN,181,CORN,"CORN, GRAIN - YIELD, MEASURED IN BU / ACRE",103.5,BU / ACRE
2013,IA,WARREN,181,CORN,"CORN, GRAIN - YIELD, MEASURED IN BU / ACRE",146.7,BU / ACRE
2014,IA,WARREN,181,CORN,"CORN, GRAIN - YIELD, MEASURED IN BU / ACRE",169.9,BU / ACRE
2015,IA,WARREN,181,CORN,"CORN, GRAIN - YIELD, MEASURED IN BU / ACRE",170.3,BU / ACRE
2016,IA,WARREN,181,CORN,"CORN, GRAIN - YIELD, MEASURED IN BU / ACRE",184.6,BU / ACRE
2017,IA,WARREN,181,CORN,"CORN, GRAIN - YIELD, MEASURED IN BU / ACRE",183.2,BU / ACRE
2018,IA,WARREN,181,CORN,"CORN, GRAIN - YIELD, MEASURED IN BU / ACRE",163.6,BU / ACRE
2020,IA,WARREN,181,CORN,"CORN, GRAIN - YIELD, MEASURED IN BU / ACRE",168.0,BU / ACRE
2020,IA,WARREN,181,CORN,"CORN, SILAGE - YIELD, MEASURED IN TONS / ACRE",15.5,TONS / ACRE
2022,IA,WARREN,181,CORN,"CORN, GRAIN - YIELD, MEASURED IN BU / ACRE",157.8,BU / ACRE
2023,IA,WARREN,181,CORN,"CORN, GRAIN - YIELD, MEASURED IN BU / ACRE",199.2,BU / ACRE
2025,IA,WARREN,181,CORN,"CORN, GRAIN - YIELD, MEASURED IN BU / ACRE",194.3,BU / ACRE
2010,IA,WASHINGTON,183,CORN,"CORN, GRAIN - YIELD, MEASURED IN BU / ACRE",132.5,BU / ACRE
2011,IA,WASHINGTON,183,CORN,"CORN, GRAIN - YIELD, MEASURED IN BU / ACRE",156.3,BU / ACRE
2012,IA,WASHINGTON,183,CORN,"CORN, GRAIN - YIELD, MEASURED IN BU / ACRE",132.1,BU / ACRE
2013,IA,WASHINGTON,183,CORN,"CORN, GRAIN - YIELD, MEASURED IN BU / ACRE",159.0,BU / ACRE
2014,IA,WASHINGTON,183,CORN,"CORN, GRAIN - YIELD, MEASURED IN BU / ACRE",191.3,BU / ACRE
2015,IA,WASHINGTON,183,CORN,"CORN, GRAIN - YIELD, MEASURED IN BU / ACRE",195.0,BU / ACRE
2016,IA,WASHINGTON,183,CORN,"CORN, GRAIN - YIELD, MEASURED IN BU / ACRE",208.2,BU / ACRE
2017,IA,WASHINGTON,183,CORN,"CORN, GRAIN - YIELD, MEASURED IN BU / ACRE",220.4,BU / ACRE
2018,IA,WASHINGTON,183,CORN,"CORN, GRAIN - YIELD, MEASURED IN BU / ACRE",214.3,BU / ACRE
2019,IA,WASHINGTON,183,CORN,"CORN, GRAIN - YIELD, MEASURED IN BU / ACRE",178.9,BU / ACRE
2020,IA,WASHINGTON,183,CORN,"CORN, GRAIN - YIELD, MEASURED IN BU / ACRE",185.4,BU / ACRE
2020,IA,WASHINGTON,183,CORN,"CORN, SILAGE - YIELD, MEASURED IN TONS / ACRE",17.0,TONS / ACRE
2021,IA,WASHINGTON,183,CORN,"CORN, SILAGE - YIELD, MEASURED IN TONS / ACRE",16.0,TONS / ACRE
2022,IA,WASHINGTON,183,CORN,"CORN, GRAIN - YIELD, MEASURED IN BU / ACRE",185.7,BU / ACRE
2022,IA,WASHINGTON,183,CORN,"CORN, SILAGE - YIELD, MEASURED IN TONS / ACRE",21.5,TONS / ACRE
2023,IA,WASHINGTON,183,CORN,"CORN, GRAIN - YIELD, MEASURED IN BU / ACRE",188.3,BU / ACRE
2025,IA,WASHINGTON,183,CORN,"CORN, GRAIN - YIELD, MEASURED IN BU / ACRE",218.6,BU / ACRE
2025,IA,WASHINGTON,183,CORN,"CORN, SILAGE - YIELD, MEASURED IN TONS / ACRE",23.0,TONS / ACRE
2010,IA,WAYNE,185,CORN,"CORN, GRAIN - YIELD, MEASURED IN BU / ACRE",73.1,BU / ACRE
2011,IA,WAYNE,185,CORN,"CORN, GRAIN - YIELD, MEASURED IN BU / ACRE",126.0,BU / ACRE
2012,IA,WAYNE,185,CORN,"CORN, GRAIN - YIELD, MEASURED IN BU / ACRE",55.7,BU / ACRE
2013,IA,WAYNE,185,CORN,"CORN, GRAIN - YIELD, MEASURED IN BU / ACRE",125.1,BU / ACRE
2014,IA,WAYNE,185,CORN,"CORN, GRAIN - YIELD, MEASURED IN BU / ACRE",171.9,BU / ACRE
2015,IA,WAYNE,185,CORN,"CORN, GRAIN - YIELD, MEASURED IN BU / ACRE",158.0,BU / ACRE
2016,IA,WAYNE,185,CORN,"CORN, GRAIN - YIELD, MEASURED IN BU / ACRE",174.5,BU / ACRE
2018,IA,WAYNE,185,CORN,"CORN, GRAIN - YIELD, MEASURED IN BU / ACRE",171.6,BU / ACRE
2019,IA,WAYNE,185,CORN,"CORN, GRAIN - YIELD, MEASURED IN BU / ACRE",151.4,BU / ACRE
2019,IA,WAYNE,185,CORN,"CORN, SILAGE - YIELD, MEASURED IN TONS / ACRE",17.0,TONS / ACRE
2020,IA,WAYNE,185,CORN,"CORN, GRAIN - YIELD, MEASURED IN BU / ACRE",168.8,BU / ACRE
2021,IA,WAYNE,185,CORN,"CORN, GRAIN - YIELD, MEASURED IN BU / ACRE",177.0,BU / ACRE
2022,IA,WAYNE,185,CORN,"CORN, GRAIN - YIELD, MEASURED IN BU / ACRE",170.1,BU / ACRE
2024,IA,WAYNE,185,CORN,"CORN, GRAIN - YIELD, MEASURED IN BU / ACRE",194.8,BU / ACRE
2010,IA,WEBSTER,187,CORN,"CORN, GRAIN - YIELD, MEASURED IN BU / ACRE",168.4,BU / ACRE
2011,IA,WEBSTER,187,CORN,"CORN, GRAIN - YIELD, MEASURED IN BU / ACRE",190.6,BU / ACRE
2012,IA,WEBSTER,187,CORN,"CORN, GRAIN - YIELD, MEASURED IN BU / ACRE",149.2,BU / ACRE
2013,IA,WEBSTER,187,CORN,"CORN, GRAIN - YIELD, MEASURED IN BU / ACRE",137.6,BU / ACRE
2014,IA,WEBSTER,187,CORN,"CORN, GRAIN - YIELD, MEASURED IN BU / ACRE",190.0,BU / ACRE
2015,IA,WEBSTER,187,CORN,"CORN, GRAIN - YIELD, MEASURED IN BU / ACRE",201.0,BU / ACRE
2016,IA,WEBSTER,187,CORN,"CORN, GRAIN - YIELD, MEASURED IN BU / ACRE",200.8,BU / ACRE
2017,IA,WEBSTER,187,CORN,"CORN, GRAIN - YIELD, MEASURED IN BU / ACRE",197.9,BU / ACRE
2018,IA,WEBSTER,187,CORN,"CORN, GRAIN - YIELD, MEASURED IN BU / ACRE",188.1,BU / ACRE
2019,IA,WEBSTER,187,CORN,"CORN, GRAIN - YIELD, MEASURED IN BU / ACRE",202.9,BU / ACRE
2020,IA,WEBSTER,187,CORN,"CORN, GRAIN - YIELD, MEASURED IN BU / ACRE",173.1,BU / ACRE
2020,IA,WEBSTER,187,CORN,"CORN, SILAGE - YIELD, MEASURED IN TONS / ACRE",18.5,TONS / ACRE
2021,IA,WEBSTER,187,CORN,"CORN, GRAIN - YIELD, MEASURED IN BU / ACRE",216.2,BU / ACRE
2022,IA,WEBSTER,187,CORN,"CORN, GRAIN - YIELD, MEASURED IN BU / ACRE",201.5,BU / ACRE
2023,IA,WEBSTER,187,CORN,"CORN, GRAIN - YIELD, MEASURED IN BU / ACRE",212.8,BU / ACRE
2024,IA,WEBSTER,187,CORN,"CORN, GRAIN - YIELD, MEASURED IN BU / ACRE",211.6,BU / ACRE
2024,IA,WEBSTER,187,CORN,"CORN, SILAGE - YIELD, MEASURED IN TONS / ACRE",23.5,TONS / ACRE
2025,IA,WEBSTER,187,CORN,"CORN, GRAIN - YIELD, MEASURED IN BU / ACRE",211.9,BU / ACRE
2010,IA,WINNEBAGO,189,CORN,"CORN, GRAIN - YIELD, MEASURED IN BU / ACRE",184.1,BU / ACRE
2011,IA,WINNEBAGO,189,CORN,"CORN, GRAIN - YIELD, MEASURED IN BU / ACRE",176.6,BU / ACRE
2011,IA,WINNEBAGO,189,CORN,"CORN, SILAGE - YIELD, MEASURED IN TONS / ACRE",24.5,TONS / ACRE
2012,IA,WINNEBAGO,189,CORN,"CORN, GRAIN - YIELD, MEASURED IN BU / ACRE",161.1,BU / ACRE
2013,IA,WINNEBAGO,189,CORN,"CORN, GRAIN - YIELD, MEASURED IN BU / ACRE",149.1,BU / ACRE
2013,IA,WINNEBAGO,189,CORN,"CORN, SILAGE - YIELD, MEASURED IN TONS / ACRE",13.0,TONS / ACRE
2014,IA,WINNEBAGO,189,CORN,"CORN, GRAIN - YIELD, MEASURED IN BU / ACRE",172.7,BU / ACRE
2015,IA,WINNEBAGO,189,CORN,"CORN, GRAIN - YIELD, MEASURED IN BU / ACRE",203.6,BU / ACRE
2016,IA,WINNEBAGO,189,CORN,"CORN, GRAIN - YIELD, MEASURED IN BU / ACRE",197.9,BU / ACRE
2017,IA,WINNEBAGO,189,CORN,"CORN, GRAIN - YIELD, MEASURED IN BU / ACRE",210.7,BU / ACRE
2018,IA,WINNEBAGO,189,CORN,"CORN, GRAIN - YIELD, MEASURED IN BU / ACRE",180.8,BU / ACRE
2018,IA,WINNEBAGO,189,CORN,"CORN, SILAGE - YIELD, MEASURED IN TONS / ACRE",16.5,TONS / ACRE
2019,IA,WINNEBAGO,189,CORN,"CORN, GRAIN - YIELD, MEASURED IN BU / ACRE",198.8,BU / ACRE
2019,IA,WINNEBAGO,189,CORN,"CORN, SILAGE - YIELD, MEASURED IN TONS / ACRE",18.5,TONS / ACRE
2020,IA,WINNEBAGO,189,CORN,"CORN, GRAIN - YIELD, MEASURED IN BU / ACRE",207.1,BU / ACRE
2021,IA,WINNEBAGO,189,CORN,"CORN, GRAIN - YIELD, MEASURED IN BU / ACRE",197.6,BU / ACRE
2021,IA,WINNEBAGO,189,CORN,"CORN, SILAGE - YIELD, MEASURED IN TONS / ACRE",23.0,TONS / ACRE
2022,IA,WINNEBAGO,189,CORN,"CORN, GRAIN - YIELD, MEASURED IN BU / ACRE",217.5,BU / ACRE
2023,IA,WINNEBAGO,189,CORN,"CORN, GRAIN - YIELD, MEASURED IN BU / ACRE",211.3,BU / ACRE
2024,IA,WINNEBAGO,189,CORN,"CORN, GRAIN - YIELD, MEASURED IN BU / ACRE",182.6,BU / ACRE
2025,IA,WINNEBAGO,189,CORN,"CORN, GRAIN - YIELD, MEASURED IN BU / ACRE",205.4,BU / ACRE
2025,IA,WINNEBAGO,189,CORN,"CORN, SILAGE - YIELD, MEASURED IN TONS / ACRE",23.5,TONS / ACRE
2010,IA,WINNESHIEK,191,CORN,"CORN, GRAIN - YIELD, MEASURED IN BU / ACRE",190.5,BU / ACRE
2011,IA,WINNESHIEK,191,CORN,"CORN, GRAIN - YIELD, MEASURED IN BU / ACRE",186.2,BU / ACRE
2012,IA,WINNESHIEK,191,CORN,"CORN, GRAIN - YIELD, MEASURED IN BU / ACRE",140.6,BU / ACRE
2013,IA,WINNESHIEK,191,CORN,"CORN, GRAIN - YIELD, MEASURED IN BU / ACRE",181.8,BU / ACRE
2014,IA,WINNESHIEK,191,CORN,"CORN, GRAIN - YIELD, MEASURED IN BU / ACRE",174.0,BU / ACRE
2014,IA,WINNESHIEK,191,CORN,"CORN, SILAGE - YIELD, MEASURED IN TONS / ACRE",18.5,TONS / ACRE
2015,IA,WINNESHIEK,191,CORN,"CORN, GRAIN - YIELD, MEASURED IN BU / ACRE",185.6,BU / ACRE
2016,IA,WINNESHIEK,191,CORN,"CORN, GRAIN - YIELD, MEASURED IN BU / ACRE",210.7,BU / ACRE
2016,IA,WINNESHIEK,191,CORN,"CORN, SILAGE - YIELD, MEASURED IN TONS / ACRE",26.5,TONS / ACRE
2017,IA,WINNESHIEK,191,CORN,"CORN, GRAIN - YIELD, MEASURED IN BU / ACRE",199.7,BU / ACRE
2018,IA,WINNESHIEK,191,CORN,"CORN, GRAIN - YIELD, MEASURED IN BU / ACRE",198.1,BU / ACRE
2019,IA,WINNESHIEK,191,CORN,"CORN, GRAIN - YIELD, MEASURED IN BU / ACRE",200.4,BU / ACRE
2020,IA,WINNESHIEK,191,CORN,"CORN, GRAIN - YIELD, MEASURED IN BU / ACRE",178.2,BU / ACRE
2020,IA,WINNESHIEK,191,CORN,"CORN, SILAGE - YIELD, MEASURED IN TONS / ACRE",20.0,TONS / ACRE
2021,IA,WINNESHIEK,191,CORN,"CORN, GRAIN - YIELD, MEASURED IN BU / ACRE",199.3,BU / ACRE
2021,IA,WINNESHIEK,191,CORN,"CORN, SILAGE - YIELD, MEASURED IN TONS / ACRE",19.5,TONS / ACRE
2022,IA,WINNESHIEK,191,CORN,"CORN, GRAIN - YIELD, MEASURED IN BU / ACRE",212.4,BU / ACRE
2022,IA,WINNESHIEK,191,CORN,"CORN, SILAGE - YIELD, MEASURED IN TONS / ACRE",21.0,TONS / ACRE
2023,IA,WINNESHIEK,191,CORN,"CORN, GRAIN - YIELD, MEASURED IN BU / ACRE",195.3,BU / ACRE
2023,IA,WINNESHIEK,191,CORN,"CORN, SILAGE - YIELD, MEASURED IN TONS / ACRE",23.0,TONS / ACRE
2024,IA,WINNESHIEK,191,CORN,"CORN, GRAIN - YIELD, MEASURED IN BU / ACRE",212.1,BU / ACRE
2024,IA,WINNESHIEK,191,CORN,"CORN, SILAGE - YIELD, MEASURED IN TONS / ACRE",26.5,TONS / ACRE
2025,IA,WINNESHIEK,191,CORN,"CORN, GRAIN - YIELD, MEASURED IN BU / ACRE",215.1,BU / ACRE
2025,IA,WINNESHIEK,191,CORN,"CORN, SILAGE - YIELD, MEASURED IN TONS / ACRE",22.5,TONS / ACRE
2010,IA,WOODBURY,193,CORN,"CORN, GRAIN - YIELD, MEASURED IN BU / ACRE",164.3,BU / ACRE
2011,IA,WOODBURY,193,CORN,"CORN, GRAIN - YIELD, MEASURED IN BU / ACRE",173.3,BU / ACRE
2012,IA,WOODBURY,193,CORN,"CORN, GRAIN - YIELD, MEASURED IN BU / ACRE",134.8,BU / ACRE
2012,IA,WOODBURY,193,CORN,"CORN, SILAGE - YIELD, MEASURED IN TONS / ACRE",16.0,TONS / ACRE
2013,IA,WOODBURY,193,CORN,"CORN, GRAIN - YIELD, MEASURED IN BU / ACRE",164.2,BU / ACRE
2014,IA,WOODBURY,193,CORN,"CORN, GRAIN - YIELD, MEASURED IN BU / ACRE",177.5,BU / ACRE
2015,IA,WOODBURY,193,CORN,"CORN, GRAIN - YIELD, MEASURED IN BU / ACRE",202.3,BU / ACRE
2016,IA,WOODBURY,193,CORN,"CORN, GRAIN - YIELD, MEASURED IN BU / ACRE",203.7,BU / ACRE
2017,IA,WOODBURY,193,CORN,"CORN, GRAIN - YIELD, MEASURED IN BU / ACRE",200.5,BU / ACRE
2018,IA,WOODBURY,193,CORN,"CORN, GRAIN - YIELD, MEASURED IN BU / ACRE",219.3,BU / ACRE
2019,IA,WOODBURY,193,CORN,"CORN, GRAIN - YIELD, MEASURED IN BU / ACRE",218.2,BU / ACRE
2020,IA,WOODBURY,193,CORN,"CORN, GRAIN - YIELD, MEASURED IN BU / ACRE",191.0,BU / ACRE
2021,IA,WOODBURY,193,CORN,"CORN, GRAIN - YIELD, MEASURED IN BU / ACRE",206.7,BU / ACRE
2022,IA,WOODBURY,193,CORN,"CORN, GRAIN - YIELD, MEASURED IN BU / ACRE",200.2,BU / ACRE
2022,IA,WOODBURY,193,CORN,"CORN, SILAGE - YIELD, MEASURED IN TONS / ACRE",19.0,TONS / ACRE
2023,IA,WOODBURY,193,CORN,"CORN, GRAIN - YIELD, MEASURED IN BU / ACRE",168.3,BU / ACRE
2023,IA,WOODBURY,193,CORN,"CORN, SILAGE - YIELD, MEASURED IN TONS / ACRE",14.0,TONS / ACRE
2024,IA,WOODBURY,193,CORN,"CORN, GRAIN - YIELD, MEASURED IN BU / ACRE",206.4,BU / ACRE
2024,IA,WOODBURY,193,CORN,"CORN, SILAGE - YIELD, MEASURED IN TONS / ACRE",22.5,TONS / ACRE
2025,IA,WOODBURY,193,CORN,"CORN, GRAIN - YIELD, MEASURED IN BU / ACRE",213.7,BU / ACRE
2010,IA,WORTH,195,CORN,"CORN, GRAIN - YIELD, MEASURED IN BU / ACRE",193.2,BU / ACRE
2011,IA,WORTH,195,CORN,"CORN, GRAIN - YIELD, MEASURED IN BU / ACRE",173.0,BU / ACRE
2012,IA,WORTH,195,CORN,"CORN, GRAIN - YIELD, MEASURED IN BU / ACRE",143.1,BU / ACRE
2013,IA,WORTH,195,CORN,"CORN, GRAIN - YIELD, MEASURED IN BU / ACRE",150.7,BU / ACRE
2014,IA,WORTH,195,CORN,"CORN, GRAIN - YIELD, MEASURED IN BU / ACRE",181.5,BU / ACRE
2015,IA,WORTH,195,CORN,"CORN, GRAIN - YIELD, MEASURED IN BU / ACRE",202.1,BU / ACRE
2016,IA,WORTH,195,CORN,"CORN, GRAIN - YIELD, MEASURED IN BU / ACRE",191.5,BU / ACRE
2017,IA,WORTH,195,CORN,"CORN, GRAIN - YIELD, MEASURED IN BU / ACRE",198.5,BU / ACRE
2018,IA,WORTH,195,CORN,"CORN, GRAIN - YIELD, MEASURED IN BU / ACRE",180.0,BU / ACRE
2019,IA,WORTH,195,CORN,"CORN, GRAIN - YIELD, MEASURED IN BU / ACRE",196.5,BU / ACRE
2020,IA,WORTH,195,CORN,"CORN, GRAIN - YIELD, MEASURED IN BU / ACRE",205.7,BU / ACRE
2020,IA,WORTH,195,CORN,"CORN, SILAGE - YIELD, MEASURED IN TONS / ACRE",20.0,TONS / ACRE
2021,IA,WORTH,195,CORN,"CORN, GRAIN - YIELD, MEASURED IN BU / ACRE",207.4,BU / ACRE
2022,IA,WORTH,195,CORN,"CORN, GRAIN - YIELD, MEASURED IN BU / ACRE",219.4,BU / ACRE
2023,IA,WORTH,195,CORN,"CORN, GRAIN - YIELD, MEASURED IN BU / ACRE",187.6,BU / ACRE
2024,IA,WORTH,195,CORN,"CORN, GRAIN - YIELD, MEASURED IN BU / ACRE",198.6,BU / ACRE
2025,IA,WORTH,195,CORN,"CORN, GRAIN - YIELD, MEASURED IN BU / ACRE",201.1,BU / ACRE
2010,IA,WRIGHT,197,CORN,"CORN, GRAIN - YIELD, MEASURED IN BU / ACRE",150.0,BU / ACRE
2011,IA,WRIGHT,197,CORN,"CORN, GRAIN - YIELD, MEASURED IN BU / ACRE",189.9,BU / ACRE
2012,IA,WRIGHT,197,CORN,"CORN, GRAIN - YIELD, MEASURED IN BU / ACRE",153.7,BU / ACRE
2013,IA,WRIGHT,197,CORN,"CORN, GRAIN - YIELD, MEASURED IN BU / ACRE",168.8,BU / ACRE
2014,IA,WRIGHT,197,CORN,"CORN, GRAIN - YIELD, MEASURED IN BU / ACRE",169.4,BU / ACRE
2015,IA,WRIGHT,197,CORN,"CORN, GRAIN - YIELD, MEASURED IN BU / ACRE",198.4,BU / ACRE
2016,IA,WRIGHT,197,CORN,"CORN, GRAIN - YIELD, MEASURED IN BU / ACRE",200.2,BU / ACRE
2017,IA,WRIGHT,197,CORN,"CORN, GRAIN - YIELD, MEASURED IN BU / ACRE",206.9,BU / ACRE
2018,IA,WRIGHT,197,CORN,"CORN, GRAIN - YIELD, MEASURED IN BU / ACRE",180.5,BU / ACRE
2019,IA,WRIGHT,197,CORN,"CORN, GRAIN - YIELD, MEASURED IN BU / ACRE",197.0,BU / ACRE
2020,IA,WRIGHT,197,CORN,"CORN, GRAIN - YIELD, MEASURED IN BU / ACRE",186.0,BU / ACRE
2021,IA,WRIGHT,197,CORN,"CORN, GRAIN - YIELD, MEASURED IN BU / ACRE",192.2,BU / ACRE
2022,IA,WRIGHT,197,CORN,"CORN, GRAIN - YIELD, MEASURED IN BU / ACRE",209.7,BU / ACRE
2023,IA,WRIGHT,197,CORN,"CORN, GRAIN - YIELD, MEASURED IN BU / ACRE",202.5,BU / ACRE
2025,IA,WRIGHT,197,CORN,"CORN, GRAIN - YIELD, MEASURED IN BU / ACRE",190.2,BU / ACRE
