year,state_alpha,county_name,county_code,commodity_desc,short_desc,Value,unit_desc
2010,IA,ADAIR,001,SOYBEANS,"SOYBEANS - YIELD, MEASURED IN BU / ACRE",48.7,BU / ACRE
2011,IA,ADAIR,001,SOYBEANS,"SOYBEANS - YIELD, MEASURED IN BU / ACRE",50.3,BU / ACRE
2012,IA,ADAIR,001,SOYBEANS,"SOYBEANS - YIELD, MEASURED IN BU / ACRE",38.6,BU / ACRE
2013,IA,ADAIR,001,SOYBEANS,"SOYBEANS - YIELD, MEASURED IN BU / ACRE",36.8,BU / ACRE
2014,IA,ADAIR,001,SOYBEANS,"SOYBEANS - YIELD, MEASURED IN BU / ACRE",50.0,BU / ACRE
2015,IA,ADAIR,001,SOYBEANS,"SOYBEANS - YIELD, MEASURED IN BU / ACRE",55.1,BU / ACRE
2016,IA,ADAIR,001,SOYBEANS,"SOYBEANS - YIELD, MEASURED IN BU / ACRE",59.3,BU / ACRE
2017,IA,ADAIR,001,SOYBEANS,"SOYBEANS - YIELD, MEASURED IN BU / ACRE",50.5,BU / ACRE
2018,IA,ADAIR,001,SOYBEANS,"SOYBEANS - YIELD, MEASURED IN BU / ACRE",50.1,BU / ACRE
2019,IA,ADAIR,001,SOYBEANS,"SOYBEANS - YIELD, MEASURED IN BU / ACRE",53.3,BU / ACRE
2020,IA,ADAIR,001,SOYBEANS,"SOYBEANS - YIELD, MEASURED IN BU / ACRE",48.1,BU / ACRE
2022,IA,ADAIR,001,SOYBEANS,"SOYBEANS - YIELD, MEASURED IN BU / ACRE",47.5,BU / ACRE
2024,IA,ADAIR,001,SOYBEANS,"SOYBEANS - YIELD, MEASURED IN BU / ACRE",60.2,BU / ACRE
2025,IA,ADAIR,001,SOYBEANS,"SOYBEANS - YIELD, MEASURED IN BU / ACRE",62.2,BU / ACRE
2010,IA,ADAMS,003,SOYBEANS,"SOYBEANS - YIELD, MEASURED IN BU / ACRE",47.7,BU / ACRE
2011,IA,ADAMS,003,SOYBEANS,"SOYBEANS - YIELD, MEASURED IN BU / ACRE",46.9,BU / ACRE
2012,IA,ADAMS,003,SOYBEANS,"SOYBEANS - YIELD, MEASURED IN BU / ACRE",40.9,BU / ACRE
2013,IA,ADAMS,003,SOYBEANS,"SOYBEANS - YIELD, MEASURED IN BU / ACRE",44.1,BU / ACRE
2014,IA,ADAMS,003,SOYBEANS,"SOYBEANS - YIELD, MEASURED IN BU / ACRE",47.6,BU / ACRE
2015,IA,ADAMS,003,SOYBEANS,"SOYBEANS - YIELD, MEASURED IN BU / ACRE",50.3,BU / ACRE
2016,IA,ADAMS,003,SOYBEANS,"SOYBEANS - YIELD, MEASURED IN BU / ACRE",56.5,BU / ACRE
2017,IA,ADAMS,003,SOYBEANS,"SOYBEANS - YIELD, MEASURED IN BU / ACRE",52.6,BU / ACRE
2018,IA,ADAMS,003,SOYBEANS,"SOYBEANS - YIELD, MEASURED IN BU / ACRE",53.2,BU / ACRE
2010,IA,ALLAMAKEE,005,SOYBEANS,"SOYBEANS - YIELD, MEASURED IN BU / ACRE",52.2,BU / ACRE
2011,IA,ALLAMAKEE,005,SOYBEANS,"SOYBEANS - YIELD, MEASURED IN BU / ACRE",52.1,BU / ACRE
2012,IA,ALLAMAKEE,005,SOYBEANS,"SOYBEANS - YIELD, MEASURED IN BU / ACRE",52.2,BU / ACRE
2013,IA,ALLAMAKEE,005,SOYBEANS,"SOYBEANS - YIELD, MEASURED IN BU / ACRE",50.7,BU / ACRE
2014,IA,ALLAMAKEE,005,SOYBEANS,"SOYBEANS - YIELD, MEASURED IN BU / ACRE",50.6,BU / ACRE
2015,IA,ALLAMAKEE,005,SOYBEANS,"SOYBEANS - YIELD, MEASURED IN BU / ACRE",54.1,BU / ACRE
2016,IA,ALLAMAKEE,005,SOYBEANS,"SOYBEANS - YIELD, MEASURED IN BU / ACRE",56.8,BU / ACRE
2017,IA,ALLAMAKEE,005,SOYBEANS,"SOYBEANS - YIELD, MEASURED IN BU / ACRE",52.6,BU / ACRE
2018,IA,ALLAMAKEE,005,SOYBEANS,"SOYBEANS - YIELD, MEASURED IN BU / ACRE",52.8,BU / ACRE
2020,IA,ALLAMAKEE,005,SOYBEANS,"SOYBEANS - YIELD, MEASURED IN BU / ACRE",58.8,BU / ACRE
2021,IA,ALLAMAKEE,005,SOYBEANS,"SOYBEANS - YIELD, MEASURED IN BU / ACRE",61.9,BU / ACRE
2022,IA,ALLAMAKEE,005,SOYBEANS,"SOYBEANS - YIELD, MEASURED IN BU / ACRE",61.2,BU / ACRE
2023,IA,ALLAMAKEE,005,SOYBEANS,"SOYBEANS - YIELD, MEASURED IN BU / ACRE",52.2,BU / ACRE
2024,IA,ALLAMAKEE,005,SOYBEANS,"SOYBEANS - YIELD, MEASURED IN BU / ACRE",57.1,BU / ACRE
2025,IA,ALLAMAKEE,005,SOYBEANS,"SOYBEANS - YIELD, MEASURED IN BU / ACRE",61.9,BU / ACRE
2010,IA,APPANOOSE,007,SOYBEANS,"SOYBEANS - YIELD, MEASURED IN BU / ACRE",42.6,BU / ACRE
2011,IA,APPANOOSE,007,SOYBEANS,"SOYBEANS - YIELD, MEASURED IN BU / ACRE",43.1,BU / ACRE
2012,IA,APPANOOSE,007,SOYBEANS,"SOYBEANS - YIELD, MEASURED IN BU / ACRE",24.6,BU / ACRE
2013,IA,APPANOOSE,007,SOYBEANS,"SOYBEANS - YIELD, MEASURED IN BU / ACRE",29.5,BU / ACRE
2014,IA,APPANOOSE,007,SOYBEANS,"SOYBEANS - YIELD, MEASURED IN BU / ACRE",46.7,BU / ACRE
2015,IA,APPANOOSE,007,SOYBEANS,"SOYBEANS - YIELD, MEASURED IN BU / ACRE",48.2,BU / ACRE
2016,IA,APPANOOSE,007,SOYBEANS,"SOYBEANS - YIELD, MEASURED IN BU / ACRE",55.9,BU / ACRE
2017,IA,APPANOOSE,007,SOYBEANS,"SOYBEANS - YIELD, MEASURED IN BU / ACRE",50.7,BU / ACRE
2018,IA,APPANOOSE,007,SOYBEANS,"SOYBEANS - YIELD, MEASURED IN BU / ACRE",45.1,BU / ACRE
2020,IA,APPANOOSE,007,SOYBEANS,"SOYBEANS - YIELD, MEASURED IN BU / ACRE",39.1,BU / ACRE
2021,IA,APPANOOSE,007,SOYBEANS,"SOYBEANS - YIELD, MEASURED IN BU / ACRE",57.5,BU / ACRE
2022,IA,APPANOOSE,007,SOYBEANS,"SOYBEANS - YIELD, MEASURED IN BU / ACRE",40.4,BU / ACRE
2023,IA,APPANOOSE,007,SOYBEANS,"SOYBEANS - YIELD, MEASURED IN BU / ACRE",50.7,BU / ACRE
2010,IA,AUDUBON,009,SOYBEANS,"SOYBEANS - YIELD, MEASURED IN BU / ACRE",55.3,BU / ACRE
2011,IA,AUDUBON,009,SOYBEANS,"SOYBEANS - YIELD, MEASURED IN BU / ACRE",55.1,BU / ACRE
2012,IA,AUDUBON,009,SOYBEANS,"SOYBEANS - YIELD, MEASURED IN BU / ACRE",38.7,BU / ACRE
2013,IA,AUDUBON,009,SOYBEANS,"SOYBEANS - YIELD, MEASURED IN BU / ACRE",45.0,BU / ACRE
2014,IA,AUDUBON,009,SOYBEANS,"SOYBEANS - YIELD, MEASURED IN BU / ACRE",55.2,BU / ACRE
2015,IA,AUDUBON,009,SOYBEANS,"SOYBEANS - YIELD, MEASURED IN BU / ACRE",57.8,BU / ACRE
2016,IA,AUDUBON,009,SOYBEANS,"SOYBEANS - YIELD, MEASURED IN BU / ACRE",62.0,BU / ACRE
2017,IA,AUDUBON,009,SOYBEANS,"SOYBEANS - YIELD, MEASURED IN BU / ACRE",57.2,BU / ACRE
2018,IA,AUDUBON,009,SOYBEANS,"SOYBEANS - YIELD, MEASURED IN BU / ACRE",52.3,BU / ACRE
2019,IA,AUDUBON,009,SOYBEANS,"SOYBEANS - YIELD, MEASURED IN BU / ACRE",58.9,BU / ACRE
2020,IA,AUDUBON,009,SOYBEANS,"SOYBEANS - YIELD, MEASURED IN BU / ACRE",48.3,BU / ACRE
2021,IA,AUDUBON,009,SOYBEANS,"SOYBEANS - YIELD, MEASURED IN BU / ACRE",67.3,BU / ACRE
2022,IA,AUDUBON,009,SOYBEANS,"SOYBEANS - YIELD, MEASURED IN BU / ACRE",57.9,BU / ACRE
2023,IA,AUDUBON,009,SOYBEANS,"SOYBEANS - YIELD, MEASURED IN BU / ACRE",53.6,BU / ACRE
2024,IA,AUDUBON,009,SOYBEANS,"SOYBEANS - YIELD, MEASURED IN BU / ACRE",64.6,BU / ACRE
2025,IA,AUDUBON,009,SOYBEANS,"SOYBEANS - YIELD, MEASURED IN BU / ACRE",65.6,BU / ACRE
2010,IA,BENTON,011,SOYBEANS,"SOYBEANS - YIELD, MEASURED IN BU / ACRE",52.7,BU / ACRE
2011,IA,BENTON,011,SOYBEANS,"SOYBEANS - YIELD, MEASURED IN BU / ACRE",57.3,BU / ACRE
2012,IA,BENTON,011,SOYBEANS,"SOYBEANS - YIELD, MEASURED IN BU / ACRE",47.5,BU / ACRE
2013,IA,BENTON,011,SOYBEANS,"SOYBEANS - YIELD, MEASURED IN BU / ACRE",46.6,BU / ACRE
2014,IA,BENTON,011,SOYBEANS,"SOYBEANS - YIELD, MEASURED IN BU / ACRE",52.7,BU / ACRE
2015,IA,BENTON,011,SOYBEANS,"SOYBEANS - YIELD, MEASURED IN BU / ACRE",56.5,BU / ACRE
2016,IA,BENTON,011,SOYBEANS,"SOYBEANS - YIELD, MEASURED IN BU / ACRE",61.1,BU / ACRE
2017,IA,BENTON,011,SOYBEANS,"SOYBEANS - YIELD, MEASURED IN BU / ACRE",57.6,BU / ACRE
2018,IA,BENTON,011,SOYBEANS,"SOYBEANS - YIELD, MEASURED IN BU / ACRE",61.0,BU / ACRE
2019,IA,BENTON,011,SOYBEANS,"SOYBEANS - YIELD, MEASURED IN BU / ACRE",57.9,BU / ACRE
2020,IA,BENTON,011,SOYBEANS,"SOYBEANS - YIELD, MEASURED IN BU / ACRE",56.7,BU / ACRE
2021,IA,BENTON,011,SOYBEANS,"SOYBEANS - YIELD, MEASURED IN BU / ACRE",67.1,BU / ACRE
2022,IA,BENTON,011,SOYBEANS,"SOYBEANS - YIELD, MEASURED IN BU / ACRE",66.1,BU / ACRE
2023,IA,BENTON,011,SOYBEANS,"SOYBEANS - YIELD, MEASURED IN BU / ACRE",54.0,BU / ACRE
2010,IA,BLACK HAWK,013,SOYBEANS,"SOYBEANS - YIELD, MEASURED IN BU / ACRE",52.2,BU / ACRE
2011,IA,BLACK HAWK,013,SOYBEANS,"SOYBEANS - YIELD, MEASURED IN BU / ACRE",55.7,BU / ACRE
2012,IA,BLACK HAWK,013,SOYBEANS,"SOYBEANS - YIELD, MEASURED IN BU / ACRE",44.5,BU / ACRE
2013,IA,BLACK HAWK,013,SOYBEANS,"SOYBEANS - YIELD, MEASURED IN BU / ACRE",47.2,BU / ACRE
2014,IA,BLACK HAWK,013,SOYBEANS,"SOYBEANS - YIELD, MEASURED IN BU / ACRE",49.2,BU / ACRE
2015,IA,BLACK HAWK,013,SOYBEANS,"SOYBEANS - YIELD, MEASURED IN BU / ACRE",56.0,BU / ACRE
2016,IA,BLACK HAWK,013,SOYBEANS,"SOYBEANS - YIELD, MEASURED IN BU / ACRE",61.8,BU / ACRE
2017,IA,BLACK HAWK,013,SOYBEANS,"SOYBEANS - YIELD, MEASURED IN BU / ACRE",59.5,BU / ACRE
2018,IA,BLACK HAWK,013,SOYBEANS,"SOYBEANS - YIELD, MEASURED IN BU / ACRE",58.4,BU / ACRE
2019,IA,BLACK HAWK,013,SOYBEANS,"SOYBEANS - YIELD, MEASURED IN BU / ACRE",51.9,BU / ACRE
2020,IA,BLACK HAWK,013,SOYBEANS,"SOYBEANS - YIELD, MEASURED IN BU / ACRE",54.2,BU / ACRE
2021,IA,BLACK HAWK,013,SOYBEANS,"SOYBEANS - YIELD, MEASURED IN BU / ACRE",60.1,BU / ACRE
2022,IA,BLACK HAWK,013,SOYBEANS,"SOYBEANS - YIELD, MEASURED IN BU / ACRE",64.5,BU / ACRE
2023,IA,BLACK HAWK,013,SOYBEANS,"SOYBEANS - YIELD, MEASURED IN BU / ACRE",51.1,BU / ACRE
2024,IA,BLACK HAWK,013,SOYBEANS,"SOYBEANS - YIELD, MEASURED IN BU / ACRE",57.2,BU / ACRE
2025,IA,BLACK HAWK,013,SOYBEANS,"SOYBEANS - YIELD, MEASURED IN BU / ACRE",62.0,BU / ACRE
2010,IA,BOONE,015,SOYBEANS,"SOYBEANS - YIELD, MEASURED IN BU / ACRE",46.6,BU / ACRE
2011,IA,BOONE,015,SOYBEANS,"SOYBEANS - YIELD, MEASURED IN BU / ACRE",51.2,BU / ACRE
2012,IA,BOONE,015,SOYBEANS,"SOYBEANS - YIELD, MEASURED IN BU / ACRE",45.7,BU / ACRE
2013,IA,BOONE,015,SOYBEANS,"SOYBEANS - YIELD, MEASURED IN BU / ACRE",42.0,BU / ACRE
2014,IA,BOONE,015,SOYBEANS,"SOYBEANS - YIELD, MEASURED IN BU / ACRE",50.2,BU / ACRE
2015,IA,BOONE,015,SOYBEANS,"SOYBEANS - YIELD, MEASURED IN BU / ACRE",53.7,BU / ACRE
2016,IA,BOONE,015,SOYBEANS,"SOYBEANS - YIELD, MEASURED IN BU / ACRE",60.2,BU / ACRE
2017,IA,BOONE,015,SOYBEANS,"SOYBEANS - YIELD, MEASURED IN BU / ACRE",56.7,BU / ACRE
2018,IA,BOONE,015,SOYBEANS,"SOYBEANS - YIELD, MEASURED IN BU / ACRE",54.6,BU / ACRE
2019,IA,BOONE,015,SOYBEANS,"SOYBEANS - YIELD, MEASURED IN BU / ACRE",53.2,BU / ACRE
2020,IA,BOONE,015,SOYBEANS,"SOYBEANS - YIELD, MEASURED IN BU / ACRE",50.9,BU / ACRE
2021,IA,BOONE,015,SOYBEANS,"SOYBEANS - YIELD, MEASURED IN BU / ACRE",64.4,BU / ACRE
2022,IA,BOONE,015,SOYBEANS,"SOYBEANS - YIELD, MEASURED IN BU / ACRE",60.4,BU / ACRE
2023,IA,BOONE,015,SOYBEANS,"SOYBEANS - YIELD, MEASURED IN BU / ACRE",69.1,BU / ACRE
2024,IA,BOONE,015,SOYBEANS,"SOYBEANS - YIELD, MEASURED IN BU / ACRE",66.3,BU / ACRE
2025,IA,BOONE,015,SOYBEANS,"SOYBEANS - YIELD, MEASURED IN BU / ACRE",66.2,BU / ACRE
2010,IA,BREMER,017,SOYBEANS,"SOYBEANS - YIELD, MEASURED IN BU / ACRE",52.7,BU / ACRE
2011,IA,BREMER,017,SOYBEANS,"SOYBEANS - YIELD, MEASURED IN BU / ACRE",56.0,BU / ACRE
2012,IA,BREMER,017,SOYBEANS,"SOYBEANS - YIELD, MEASURED IN BU / ACRE",46.7,BU / ACRE
2013,IA,BREMER,017,SOYBEANS,"SOYBEANS - YIELD, MEASURED IN BU / ACRE",49.9,BU / ACRE
2014,IA,BREMER,017,SOYBEANS,"SOYBEANS - YIELD, MEASURED IN BU / ACRE",48.2,BU / ACRE
2015,IA,BREMER,017,SOYBEANS,"SOYBEANS - YIELD, MEASURED IN BU / ACRE",59.4,BU / ACRE
2016,IA,BREMER,017,SOYBEANS,"SOYBEANS - YIELD, MEASURED IN BU / ACRE",62.1,BU / ACRE
2017,IA,BREMER,017,SOYBEANS,"SOYBEANS - YIELD, MEASURED IN BU / ACRE",56.8,BU / ACRE
2018,IA,BREMER,017,SOYBEANS,"SOYBEANS - YIELD, MEASURED IN BU / ACRE",57.3,BU / ACRE
2019,IA,BREMER,017,SOYBEANS,"SOYBEANS - YIELD, MEASURED IN BU / ACRE",52.5,BU / ACRE
2021,IA,BREMER,017,SOYBEANS,"SOYBEANS - YIELD, MEASURED IN BU / ACRE",62.0,BU / ACRE
2022,IA,BREMER,017,SOYBEANS,"SOYBEANS - YIELD, MEASURED IN BU / ACRE",66.7,BU / ACRE
2023,IA,BREMER,017,SOYBEANS,"SOYBEANS - YIELD, MEASURED IN BU / ACRE",54.5,BU / ACRE
2024,IA,BREMER,017,SOYBEANS,"SOYBEANS - YIELD, MEASURED IN BU / ACRE",56.9,BU / ACRE
2025,IA,BREMER,017,SOYBEANS,"SOYBEANS - YIELD, MEASURED IN BU / ACRE",65.3,BU / ACRE
2010,IA,BUCHANAN,019,SOYBEANS,"SOYBEANS - YIELD, MEASURED IN BU / ACRE",50.5,BU / ACRE
2011,IA,BUCHANAN,019,SOYBEANS,"SOYBEANS - YIELD, MEASURED IN BU / ACRE",55.1,BU / ACRE
2012,IA,BUCHANAN,019,SOYBEANS,"SOYBEANS - YIELD, MEASURED IN BU / ACRE",47.1,BU / ACRE
2013,IA,BUCHANAN,019,SOYBEANS,"SOYBEANS - YIELD, MEASURED IN BU / ACRE",49.2,BU / ACRE
2014,IA,BUCHANAN,019,SOYBEANS,"SOYBEANS - YIELD, MEASURED IN BU / ACRE",49.5,BU / ACRE
2015,IA,BUCHANAN,019,SOYBEANS,"SOYBEANS - YIELD, MEASURED IN BU / ACRE",57.7,BU / ACRE
2016,IA,BUCHANAN,019,SOYBEANS,"SOYBEANS - YIELD, MEASURED IN BU / ACRE",60.2,BU / ACRE
2017,IA,BUCHANAN,019,SOYBEANS,"SOYBEANS - YIELD, MEASURED IN BU / ACRE",55.9,BU / ACRE
2018,IA,BUCHANAN,019,SOYBEANS,"SOYBEANS - YIELD, MEASURED IN BU / ACRE",57.2,BU / ACRE
2019,IA,BUCHANAN,019,SOYBEANS,"SOYBEANS - YIELD, MEASURED IN BU / ACRE",55.2,BU / ACRE
2020,IA,BUCHANAN,019,SOYBEANS,"SOYBEANS - YIELD, MEASURED IN BU / ACRE",56.7,BU / ACRE
2021,IA,BUCHANAN,019,SOYBEANS,"SOYBEANS - YIELD, MEASURED IN BU / ACRE",63.4,BU / ACRE
2022,IA,BUCHANAN,019,SOYBEANS,"SOYBEANS - YIELD, MEASURED IN BU / ACRE",65.0,BU / ACRE
2023,IA,BUCHANAN,019,SOYBEANS,"SOYBEANS - YIELD, MEASURED IN BU / ACRE",51.8,BU / ACRE
2024,IA,BUCHANAN,019,SOYBEANS,"SOYBEANS - YIELD, MEASURED IN BU / ACRE",59.9,BU / ACRE
2025,IA,BUCHANAN,019,SOYBEANS,"SOYBEANS - YIELD, MEASURED IN BU / ACRE",64.2,BU / ACRE
2010,IA,BUENA VISTA,021,SOYBEANS,"SOYBEANS - YIELD, MEASURED IN BU / ACRE",50.4,BU / ACRE
2011,IA,BUENA VISTA,021,SOYBEANS,"SOYBEANS - YIELD, MEASURED IN BU / ACRE",49.3,BU / ACRE
2012,IA,BUENA VISTA,021,SOYBEANS,"SOYBEANS - YIELD, MEASURED IN BU / ACRE",42.8,BU / ACRE
2013,IA,BUENA VISTA,021,SOYBEANS,"SOYBEANS - YIELD, MEASURED IN BU / ACRE",44.9,BU / ACRE
2014,IA,BUENA VISTA,021,SOYBEANS,"SOYBEANS - YIELD, MEASURED IN BU / ACRE",49.1,BU / ACRE
2015,IA,BUENA VISTA,021,SOYBEANS,"SOYBEANS - YIELD, MEASURED IN BU / ACRE",59.6,BU / ACRE
2016,IA,BUENA VISTA,021,SOYBEANS,"SOYBEANS - YIELD, MEASURED IN BU / ACRE",60.2,BU / ACRE
2017,IA,BUENA VISTA,021,SOYBEANS,"SOYBEANS - YIELD, MEASURED IN BU / ACRE",56.5,BU / ACRE
2018,IA,BUENA VISTA,021,SOYBEANS,"SOYBEANS - YIELD, MEASURED IN BU / ACRE",55.5,BU / ACRE
2019,IA,BUENA VISTA,021,SOYBEANS,"SOYBEANS - YIELD, MEASURED IN BU / ACRE",53.5,BU / ACRE
2021,IA,BUENA VISTA,021,SOYBEANS,"SOYBEANS - YIELD, MEASURED IN BU / ACRE",63.8,BU / ACRE
2022,IA,BUENA VISTA,021,SOYBEANS,"SOYBEANS - YIELD, MEASURED IN BU / ACRE",57.2,BU / ACRE
2023,IA,BUENA VISTA,021,SOYBEANS,"SOYBEANS - YIELD, MEASURED IN BU / ACRE",61.1,BU / ACRE
2025,IA,BUENA VISTA,021,SOYBEANS,"SOYBEANS - YIELD, MEASURED IN BU / ACRE",64.0,BU / ACRE
2010,IA,BUTLER,023,SOYBEANS,"SOYBEANS - YIELD, MEASURED IN BU / ACRE",54.5,BU / ACRE
2011,IA,BUTLER,023,SOYBEANS,"SOYBEANS - YIELD, MEASURED IN BU / ACRE",55.3,BU / ACRE
2012,IA,BUTLER,023,SOYBEANS,"SOYBEANS - YIELD, MEASURED IN BU / ACRE",40.0,BU / ACRE
2013,IA,BUTLER,023,SOYBEANS,"SOYBEANS - YIELD, MEASURED IN BU / ACRE",49.4,BU / ACRE
2014,IA,BUTLER,023,SOYBEANS,"SOYBEANS - YIELD, MEASURED IN BU / ACRE",46.3,BU / ACRE
2015,IA,BUTLER,023,SOYBEANS,"SOYBEANS - YIELD, MEASURED IN BU / ACRE",57.7,BU / ACRE
2016,IA,BUTLER,023,SOYBEANS,"SOYBEANS - YIELD, MEASURED IN BU / ACRE",59.9,BU / ACRE
2017,IA,BUTLER,023,SOYBEANS,"SOYBEANS - YIELD, MEASURED IN BU / ACRE",55.9,BU / ACRE
2018,IA,BUTLER,023,SOYBEANS,"SOYBEANS - YIELD, MEASURED IN BU / ACRE",56.1,BU / ACRE
2019,IA,BUTLER,023,SOYBEANS,"SOYBEANS - YIELD, MEASURED IN BU / ACRE",55.0,BU / ACRE
2020,IA,BUTLER,023,SOYBEANS,"SOYBEANS - YIELD, MEASURED IN BU / ACRE",54.2,BU / ACRE
2021,IA,BUTLER,023,SOYBEANS,"SOYBEANS - YIELD, MEASURED IN BU / ACRE",60.8,BU / ACRE
2022,IA,BUTLER,023,SOYBEANS,"SOYBEANS - YIELD, MEASURED IN BU / ACRE",61.6,BU / ACRE
2023,IA,BUTLER,023,SOYBEANS,"SOYBEANS - YIELD, MEASURED IN BU / ACRE",50.9,BU / ACRE
2024,IA,BUTLER,023,SOYBEANS,"SOYBEANS - YIELD, MEASURED IN BU / ACRE",58.3,BU / ACRE
2025,IA,BUTLER,023,SOYBEANS,"SOYBEANS - YIELD, MEASURED IN BU / ACRE",63.3,BU / ACRE
2010,IA,CALHOUN,025,SOYBEANS,"SOYBEANS - YIELD, MEASURED IN BU / ACRE",47.6,BU / ACRE
2011,IA,CALHOUN,025,SOYBEANS,"SOYBEANS - YIELD, MEASURED IN BU / ACRE",51.7,BU / ACRE
2012,IA,CALHOUN,025,SOYBEANS,"SOYBEANS - YIELD, MEASURED IN BU / ACRE",40.3,BU / ACRE
2013,IA,CALHOUN,025,SOYBEANS,"SOYBEANS - YIELD, MEASURED IN BU / ACRE",36.4,BU / ACRE
2014,IA,CALHOUN,025,SOYBEANS,"SOYBEANS - YIELD, MEASURED IN BU / ACRE",51.0,BU / ACRE
2015,IA,CALHOUN,025,SOYBEANS,"SOYBEANS - YIELD, MEASURED IN BU / ACRE",55.2,BU / ACRE
2016,IA,CALHOUN,025,SOYBEANS,"SOYBEANS - YIELD, MEASURED IN BU / ACRE",62.3,BU / ACRE
2017,IA,CALHOUN,025,SOYBEANS,"SOYBEANS - YIELD, MEASURED IN BU / ACRE",57.5,BU / ACRE
2018,IA,CALHOUN,025,SOYBEANS,"SOYBEANS - YIELD, MEASURED IN BU / ACRE",53.1,BU / ACRE
2019,IA,CALHOUN,025,SOYBEANS,"SOYBEANS - YIELD, MEASURED IN BU / ACRE",55.1,BU / ACRE
2020,IA,CALHOUN,025,SOYBEANS,"SOYBEANS - YIELD, MEASURED IN BU / ACRE",47.7,BU / ACRE
2021,IA,CALHOUN,025,SOYBEANS,"SOYBEANS - YIELD, MEASURED IN BU / ACRE",63.5,BU / ACRE
2022,IA,CALHOUN,025,SOYBEANS,"SOYBEANS - YIELD, MEASURED IN BU / ACRE",61.2,BU / ACRE
2023,IA,CALHOUN,025,SOYBEANS,"SOYBEANS - YIELD, MEASURED IN BU / ACRE",57.4,BU / ACRE
2024,IA,CALHOUN,025,SOYBEANS,"SOYBEANS - YIELD, MEASURED IN BU / ACRE",62.6,BU / ACRE
2025,IA,CALHOUN,025,SOYBEANS,"SOYBEANS - YIELD, MEASURED IN BU / ACRE",63.0,BU / ACRE
2010,IA,CARROLL,027,SOYBEANS,"SOYBEANS - YIELD, MEASURED IN BU / ACRE",52.8,BU / ACRE
2011,IA,CARROLL,027,SOYBEANS,"SOYBEANS - YIELD, MEASURED IN BU / ACRE",52.2,BU / ACRE
2012,IA,CARROLL,027,SOYBEANS,"SOYBEANS - YIELD, MEASURED IN BU / ACRE",39.8,BU / ACRE
2013,IA,CARROLL,027,SOYBEANS,"SOYBEANS - YIELD, MEASURED IN BU / ACRE",41.8,BU / ACRE
2014,IA,CARROLL,027,SOYBEANS,"SOYBEANS - YIELD, MEASURED IN BU / ACRE",55.9,BU / ACRE
2015,IA,CARROLL,027,SOYBEANS,"SOYBEANS - YIELD, MEASURED IN BU / ACRE",58.0,BU / ACRE
2016,IA,CARROLL,027,SOYBEANS,"SOYBEANS - YIELD, MEASURED IN BU / ACRE",58.7,BU / ACRE
2017,IA,CARROLL,027,SOYBEANS,"SOYBEANS - YIELD, MEASURED IN BU / ACRE",60.4,BU / ACRE
2018,IA,CARROLL,027,SOYBEANS,"SOYBEANS - YIELD, MEASURED IN BU / ACRE",59.0,BU / ACRE
2019,IA,CARROLL,027,SOYBEANS,"SOYBEANS - YIELD, MEASURED IN BU / ACRE",58.8,BU / ACRE
2020,IA,CARROLL,027,SOYBEANS,"SOYBEANS - YIELD, MEASURED IN BU / ACRE",54.8,BU / ACRE
2021,IA,CARROLL,027,SOYBEANS,"SOYBEANS - YIELD, MEASURED IN BU / ACRE",65.3,BU / ACRE
2022,IA,CARROLL,027,SOYBEANS,"SOYBEANS - YIELD, MEASURED IN BU / ACRE",58.9,BU / ACRE
2023,IA,CARROLL,027,SOYBEANS,"SOYBEANS - YIELD, MEASURED IN BU / ACRE",56.8,BU / ACRE
2024,IA,CARROLL,027,SOYBEANS,"SOYBEANS - YIELD, MEASURED IN BU / ACRE",67.6,BU / ACRE
2010,IA,CASS,029,SOYBEANS,"SOYBEANS - YIELD, MEASURED IN BU / ACRE",53.2,BU / ACRE
2011,IA,CASS,029,SOYBEANS,"SOYBEANS - YIELD, MEASURED IN BU / ACRE",52.4,BU / ACRE
2012,IA,CASS,029,SOYBEANS,"SOYBEANS - YIELD, MEASURED IN BU / ACRE",37.1,BU / ACRE
2013,IA,CASS,029,SOYBEANS,"SOYBEANS - YIELD, MEASURED IN BU / ACRE",44.8,BU / ACRE
2014,IA,CASS,029,SOYBEANS,"SOYBEANS - YIELD, MEASURED IN BU / ACRE",53.8,BU / ACRE
2015,IA,CASS,029,SOYBEANS,"SOYBEANS - YIELD, MEASURED IN BU / ACRE",57.2,BU / ACRE
2016,IA,CASS,029,SOYBEANS,"SOYBEANS - YIELD, MEASURED IN BU / ACRE",59.6,BU / ACRE
2017,IA,CASS,029,SOYBEANS,"SOYBEANS - YIELD, MEASURED IN BU / ACRE",56.9,BU / ACRE
2018,IA,CASS,029,SOYBEANS,"SOYBEANS - YIELD, MEASURED IN BU / ACRE",52.6,BU / ACRE
2019,IA,CASS,029,SOYBEANS,"SOYBEANS - YIELD, MEASURED IN BU / ACRE",56.9,BU / ACRE
2020,IA,CASS,029,SOYBEANS,"SOYBEANS - YIELD, MEASURED IN BU / ACRE",49.3,BU / ACRE
2021,IA,CASS,029,SOYBEANS,"SOYBEANS - YIELD, MEASURED IN BU / ACRE",63.3,BU / ACRE
2022,IA,CASS,029,SOYBEANS,"SOYBEANS - YIELD, MEASURED IN BU / ACRE",51.2,BU / ACRE
2024,IA,CASS,029,SOYBEANS,"SOYBEANS - YIELD, MEASURED IN BU / ACRE",61.1,BU / ACRE
2025,IA,CASS,029,SOYBEANS,"SOYBEANS - YIELD, MEASURED IN BU / ACRE",62.1,BU / ACRE
2010,IA,CEDAR,031,SOYBEANS,"SOYBEANS - YIELD, MEASURED IN BU / ACRE",53.1,BU / ACRE
2011,IA,CEDAR,031,SOYBEANS,"SOYBEANS - YIELD, MEASURED IN BU / ACRE",62.4,BU / ACRE
2012,IA,CEDAR,031,SOYBEANS,"SOYBEANS - YIELD, MEASURED IN BU / ACRE",56.6,BU / ACRE
2013,IA,CEDAR,031,SOYBEANS,"SOYBEANS - YIELD, MEASURED IN BU / ACRE",50.2,BU / ACRE
2014,IA,CEDAR,031,SOYBEANS,"SOYBEANS - YIELD, MEASURED IN BU / ACRE",55.8,BU / ACRE
2015,IA,CEDAR,031,SOYBEANS,"SOYBEANS - YIELD, MEASURED IN BU / ACRE",56.9,BU / ACRE
2016,IA,CEDAR,031,SOYBEANS,"SOYBEANS - YIELD, MEASURED IN BU / ACRE",60.5,BU / ACRE
2017,IA,CEDAR,031,SOYBEANS,"SOYBEANS - YIELD, MEASURED IN BU / ACRE",59.6,BU / ACRE
2018,IA,CEDAR,031,SOYBEANS,"SOYBEANS - YIELD, MEASURED IN BU / ACRE",63.3,BU / ACRE
2020,IA,CEDAR,031,SOYBEANS,"SOYBEANS - YIELD, MEASURED IN BU / ACRE",56.4,BU / ACRE
2021,IA,CEDAR,031,SOYBEANS,"SOYBEANS - YIELD, MEASURED IN BU / ACRE",65.3,BU / ACRE
2022,IA,CEDAR,031,SOYBEANS,"SOYBEANS - YIELD, MEASURED IN BU / ACRE",67.0,BU / ACRE
2023,IA,CEDAR,031,SOYBEANS,"SOYBEANS - YIELD, MEASURED IN BU / ACRE",62.2,BU / ACRE
2024,IA,CEDAR,031,SOYBEANS,"SOYBEANS - YIELD, MEASURED IN BU / ACRE",66.5,BU / ACRE
2025,IA,CEDAR,031,SOYBEANS,"SOYBEANS - YIELD, MEASURED IN BU / ACRE",65.7,BU / ACRE
2010,IA,CERRO GORDO,033,SOYBEANS,"SOYBEANS - YIELD, MEASURED IN BU / ACRE",51.5,BU / ACRE
2011,IA,CERRO GORDO,033,SOYBEANS,"SOYBEANS - YIELD, MEASURED IN BU / ACRE",47.7,BU / ACRE
2012,IA,CERRO GORDO,033,SOYBEANS,"SOYBEANS - YIELD, MEASURED IN BU / ACRE",42.5,BU / ACRE
2013,IA,CERRO GORDO,033,SOYBEANS,"SOYBEANS - YIELD, MEASURED IN BU / ACRE",40.3,BU / ACRE
2014,IA,CERRO GORDO,033,SOYBEANS,"SOYBEANS - YIELD, MEASURED IN BU / ACRE",50.2,BU / ACRE
2015,IA,CERRO GORDO,033,SOYBEANS,"SOYBEANS - YIELD, MEASURED IN BU / ACRE",58.9,BU / ACRE
2016,IA,CERRO GORDO,033,SOYBEANS,"SOYBEANS - YIELD, MEASURED IN BU / ACRE",58.6,BU / ACRE
2017,IA,CERRO GORDO,033,SOYBEANS,"SOYBEANS - YIELD, MEASURED IN BU / ACRE",55.2,BU / ACRE
2018,IA,CERRO GORDO,033,SOYBEANS,"SOYBEANS - YIELD, MEASURED IN BU / ACRE",51.7,BU / ACRE
2019,IA,CERRO GORDO,033,SOYBEANS,"SOYBEANS - YIELD, MEASURED IN BU / ACRE",52.7,BU / ACRE
2020,IA,CERRO GORDO,033,SOYBEANS,"SOYBEANS - YIELD, MEASURED IN BU / ACRE",59.8,BU / ACRE
2021,IA,CERRO GORDO,033,SOYBEANS,"SOYBEANS - YIELD, MEASURED IN BU / ACRE",61.0,BU / ACRE
2022,IA,CERRO GORDO,033,SOYBEANS,"SOYBEANS - YIELD, MEASURED IN BU / ACRE",60.8,BU / ACRE
2025,IA,CERRO GORDO,033,SOYBEANS,"SOYBEANS - YIELD, MEASURED IN BU / ACRE",60.3,BU / ACRE
2010,IA,CHEROKEE,035,SOYBEANS,"SOYBEANS - YIELD, MEASURED IN BU / ACRE",55.7,BU / ACRE
2011,IA,CHEROKEE,035,SOYBEANS,"SOYBEANS - YIELD, MEASURED IN BU / ACRE",52.8,BU / ACRE
2012,IA,CHEROKEE,035,SOYBEANS,"SOYBEANS - YIELD, MEASURED IN BU / ACRE",51.3,BU / ACRE
2013,IA,CHEROKEE,035,SOYBEANS,"SOYBEANS - YIELD, MEASURED IN BU / ACRE",53.7,BU / ACRE
2014,IA,CHEROKEE,035,SOYBEANS,"SOYBEANS - YIELD, MEASURED IN BU / ACRE",55.8,BU / ACRE
2015,IA,CHEROKEE,035,SOYBEANS,"SOYBEANS - YIELD, MEASURED IN BU / ACRE",62.7,BU / ACRE
2016,IA,CHEROKEE,035,SOYBEANS,"SOYBEANS - YIELD, MEASURED IN BU / ACRE",69.6,BU / ACRE
2017,IA,CHEROKEE,035,SOYBEANS,"SOYBEANS - YIELD, MEASURED IN BU / ACRE",62.4,BU / ACRE
2018,IA,CHEROKEE,035,SOYBEANS,"SOYBEANS - YIELD, MEASURED IN BU / ACRE",64.3,BU / ACRE
2019,IA,CHEROKEE,035,SOYBEANS,"SOYBEANS - YIELD, MEASURED IN BU / ACRE",58.8,BU / ACRE
2020,IA,CHEROKEE,035,SOYBEANS,"SOYBEANS - YIELD, MEASURED IN BU / ACRE",57.2,BU / ACRE
2022,IA,CHEROKEE,035,SOYBEANS,"SOYBEANS - YIELD, MEASURED IN BU / ACRE",59.6,BU / ACRE
2023,IA,CHEROKEE,035,SOYBEANS,"SOYBEANS - YIELD, MEASURED IN BU / ACRE",65.9,BU / ACRE
2024,IA,CHEROKEE,035,SOYBEANS,"SOYBEANS - YIELD, MEASURED IN BU / ACRE",60.2,BU / ACRE
2025,IA,CHEROKEE,035,SOYBEANS,"SOYBEANS - YIELD, MEASURED IN BU / ACRE",66.2,BU / ACRE
2010,IA,CHICKASAW,037,SOYBEANS,"SOYBEANS - YIELD, MEASURED IN BU / ACRE",54.0,BU / ACRE
2011,IA,CHICKASAW,037,SOYBEANS,"SOYBEANS - YIELD, MEASURED IN BU / ACRE",51.4,BU / ACRE
2012,IA,CHICKASAW,037,SOYBEANS,"SOYBEANS - YIELD, MEASURED IN BU / ACRE",43.5,BU / ACRE
2013,IA,CHICKASAW,037,SOYBEANS,"SOYBEANS - YIELD, MEASURED IN BU / ACRE",47.2,BU / ACRE
2014,IA,CHICKASAW,037,SOYBEANS,"SOYBEANS - YIELD, MEASURED IN BU / ACRE",46.6,BU / ACRE
2015,IA,CHICKASAW,037,SOYBEANS,"SOYBEANS - YIELD, MEASURED IN BU / ACRE",55.6,BU / ACRE
2016,IA,CHICKASAW,037,SOYBEANS,"SOYBEANS - YIELD, MEASURED IN BU / ACRE",56.0,BU / ACRE
2017,IA,CHICKASAW,037,SOYBEANS,"SOYBEANS - YIELD, MEASURED IN BU / ACRE",50.4,BU / ACRE
2018,IA,CHICKASAW,037,SOYBEANS,"SOYBEANS - YIELD, MEASURED IN BU / ACRE",53.2,BU / ACRE
2019,IA,CHICKASAW,037,SOYBEANS,"SOYBEANS - YIELD, MEASURED IN BU / ACRE",54.5,BU / ACRE
2020,IA,CHICKASAW,037,SOYBEANS,"SOYBEANS - YIELD, MEASURED IN BU / ACRE",55.9,BU / ACRE
2022,IA,CHICKASAW,037,SOYBEANS,"SOYBEANS - YIELD, MEASURED IN BU / ACRE",63.6,BU / ACRE
2023,IA,CHICKASAW,037,SOYBEANS,"SOYBEANS - YIELD, MEASURED IN BU / ACRE",52.0,BU / ACRE
2024,IA,CHICKASAW,037,SOYBEANS,"SOYBEANS - YIELD, MEASURED IN BU / ACRE",58.4,BU / ACRE
2025,IA,CHICKASAW,037,SOYBEANS,"SOYBEANS - YIELD, MEASURED IN BU / ACRE",63.1,BU / ACRE
2010,IA,CLARKE,039,SOYBEANS,"SOYBEANS - YIELD, MEASURED IN BU / ACRE",41.4,BU / ACRE
2011,IA,CLARKE,039,SOYBEANS,"SOYBEANS - YIELD, MEASURED IN BU / ACRE",41.1,BU / ACRE
2012,IA,CLARKE,039,SOYBEANS,"SOYBEANS - YIELD, MEASURED IN BU / ACRE",39.2,BU / ACRE
2013,IA,CLARKE,039,SOYBEANS,"SOYBEANS - YIELD, MEASURED IN BU / ACRE",36.5,BU / ACRE
2014,IA,CLARKE,039,SOYBEANS,"SOYBEANS - YIELD, MEASURED IN BU / ACRE",43.5,BU / ACRE
2015,IA,CLARKE,039,SOYBEANS,"SOYBEANS - YIELD, MEASURED IN BU / ACRE",41.3,BU / ACRE
2016,IA,CLARKE,039,SOYBEANS,"SOYBEANS - YIELD, MEASURED IN BU / ACRE",49.9,BU / ACRE
2018,IA,CLARKE,039,SOYBEANS,"SOYBEANS - YIELD, MEASURED IN BU / ACRE",47.9,BU / ACRE
2020,IA,CLARKE,039,SOYBEANS,"SOYBEANS - YIELD, MEASURED IN BU / ACRE",45.9,BU / ACRE
2021,IA,CLARKE,039,SOYBEANS,"SOYBEANS - YIELD, MEASURED IN BU / ACRE",57.7,BU / ACRE
2022,IA,CLARKE,039,SOYBEANS,"SOYBEANS - YIELD, MEASURED IN BU / ACRE",40.2,BU / ACRE
2010,IA,CLAY,041,SOYBEANS,"SOYBEANS - YIELD, MEASURED IN BU / ACRE",52.7,BU / ACRE
2011,IA,CLAY,041,SOYBEANS,"SOYBEANS - YIELD, MEASURED IN BU / ACRE",51.9,BU / ACRE
2012,IA,CLAY,041,SOYBEANS,"SOYBEANS - YIELD, MEASURED IN BU / ACRE",50.1,BU / ACRE
2013,IA,CLAY,041,SOYBEANS,"SOYBEANS - YIELD, MEASURED IN BU / ACRE",44.4,BU / ACRE
2014,IA,CLAY,041,SOYBEANS,"SOYBEANS - YIELD, MEASURED IN BU / ACRE",47.8,BU / ACRE
2015,IA,CLAY,041,SOYBEANS,"SOYBEANS - YIELD, MEASURED IN BU / ACRE",60.7,BU / ACRE
2016,IA,CLAY,041,SOYBEANS,"SOYBEANS - YIELD, MEASURED IN BU / ACRE",61.9,BU / ACRE
2017,IA,CLAY,041,SOYBEANS,"SOYBEANS - YIELD, MEASURED IN BU / ACRE",57.6,BU / ACRE
2018,IA,CLAY,041,SOYBEANS,"SOYBEANS - YIELD, MEASURED IN BU / ACRE",52.6,BU / ACRE
2019,IA,CLAY,041,SOYBEANS,"SOYBEANS - YIELD, MEASURED IN BU / ACRE",50.9,BU / ACRE
2020,IA,CLAY,041,SOYBEANS,"SOYBEANS - YIELD, MEASURED IN BU / ACRE",50.3,BU / ACRE
2021,IA,CLAY,041,SOYBEANS,"SOYBEANS - YIELD, MEASURED IN BU / ACRE",62.4,BU / ACRE
2022,IA,CLAY,041,SOYBEANS,"SOYBEANS - YIELD, MEASURED IN BU / ACRE",56.9,BU / ACRE
2023,IA,CLAY,041,SOYBEANS,"SOYBEANS - YIELD, MEASURED IN BU / ACRE",62.1,BU / ACRE
2024,IA,CLAY,041,SOYBEANS,"SOYBEANS - YIELD, MEASURED IN BU / ACRE",49.4,BU / ACRE
2025,IA,CLAY,041,SOYBEANS,"SOYBEANS - YIELD, MEASURED IN BU / ACRE",61.9,BU / ACRE
2010,IA,CLAYTON,043,SOYBEANS,"SOYBEANS - YIELD, MEASURED IN BU / ACRE",56.8,BU / ACRE
2011,IA,CLAYTON,043,SOYBEANS,"SOYBEANS - YIELD, MEASURED IN BU / ACRE",59.1,BU / ACRE
2012,IA,CLAYTON,043,SOYBEANS,"SOYBEANS - YIELD, MEASURED IN BU / ACRE",54.7,BU / ACRE
2013,IA,CLAYTON,043,SOYBEANS,"SOYBEANS - YIELD, MEASURED IN BU / ACRE",55.1,BU / ACRE
2014,IA,CLAYTON,043,SOYBEANS,"SOYBEANS - YIELD, MEASURED IN BU / ACRE",51.5,BU / ACRE
2015,IA,CLAYTON,043,SOYBEANS,"SOYBEANS - YIELD, MEASURED IN BU / ACRE",56.8,BU / ACRE
2016,IA,CLAYTON,043,SOYBEANS,"SOYBEANS - YIELD, MEASURED IN BU / ACRE",63.2,BU / ACRE
2017,IA,CLAYTON,043,SOYBEANS,"SOYBEANS - YIELD, MEASURED IN BU / ACRE",59.0,BU / ACRE
2018,IA,CLAYTON,043,SOYBEANS,"SOYBEANS - YIELD, MEASURED IN BU / ACRE",58.8,BU / ACRE
2019,IA,CLAYTON,043,SOYBEANS,"SOYBEANS - YIELD, MEASURED IN BU / ACRE",56.4,BU / ACRE
2020,IA,CLAYTON,043,SOYBEANS,"SOYBEANS - YIELD, MEASURED IN BU / ACRE",60.1,BU / ACRE
2022,IA,CLAYTON,043,SOYBEANS,"SOYBEANS - YIELD, MEASURED IN BU / ACRE",64.5,BU / ACRE
2023,IA,CLAYTON,043,SOYBEANS,"SOYBEANS - YIELD, MEASURED IN BU / ACRE",53.6,BU / ACRE
2010,IA,CLINTON,045,SOYBEANS,"SOYBEANS - YIELD, MEASURED IN BU / ACRE",51.4,BU / ACRE
2011,IA,CLINTON,045,SOYBEANS,"SOYBEANS - YIELD, MEASURED IN BU / ACRE",61.7,BU / ACRE
2012,IA,CLINTON,045,SOYBEANS,"SOYBEANS - YIELD, MEASURED IN BU / ACRE",52.0,BU / ACRE
2013,IA,CLINTON,045,SOYBEANS,"SOYBEANS - YIELD, MEASURED IN BU / ACRE",51.9,BU / ACRE
2014,IA,CLINTON,045,SOYBEANS,"SOYBEANS - YIELD, MEASURED IN BU / ACRE",57.5,BU / ACRE
2015,IA,CLINTON,045,SOYBEANS,"SOYBEANS - YIELD, MEASURED IN BU / ACRE",59.2,BU / ACRE
2016,IA,CLINTON,045,SOYBEANS,"SOYBEANS - YIELD, MEASURED IN BU / ACRE",59.8,BU / ACRE
2017,IA,CLINTON,045,SOYBEANS,"SOYBEANS - YIELD, MEASURED IN BU / ACRE",59.7,BU / ACRE
2018,IA,CLINTON,045,SOYBEANS,"SOYBEANS - YIELD, MEASURED IN BU / ACRE",58.3,BU / ACRE
2019,IA,CLINTON,045,SOYBEANS,"SOYBEANS - YIELD, MEASURED IN BU / ACRE",59.5,BU / ACRE
2020,IA,CLINTON,045,SOYBEANS,"SOYBEANS - YIELD, MEASURED IN BU / ACRE",57.0,BU / ACRE
2021,IA,CLINTON,045,SOYBEANS,"SOYBEANS - YIELD, MEASURED IN BU / ACRE",63.9,BU / ACRE
2022,IA,CLINTON,045,SOYBEANS,"SOYBEANS - YIELD, MEASURED IN BU / ACRE",66.0,BU / ACRE
2023,IA,CLINTON,045,SOYBEANS,"SOYBEANS - YIELD, MEASURED IN BU / ACRE",58.8,BU / ACRE
2024,IA,CLINTON,045,SOYBEANS,"SOYBEANS - YIELD, MEASURED IN BU / ACRE",65.2,BU / ACRE
2025,IA,CLINTON,045,SOYBEANS,"SOYBEANS - YIELD, MEASURED IN BU / ACRE",68.3,BU / ACRE
2010,IA,CRAWFORD,047,SOYBEANS,"SOYBEANS - YIELD, MEASURED IN BU / ACRE",57.0,BU / ACRE
2011,IA,CRAWFORD,047,SOYBEANS,"SOYBEANS - YIELD, MEASURED IN BU / ACRE",53.0,BU / ACRE
2012,IA,CRAWFORD,047,SOYBEANS,"SOYBEANS - YIELD, MEASURED IN BU / ACRE",45.6,BU / ACRE
2013,IA,CRAWFORD,047,SOYBEANS,"SOYBEANS - YIELD, MEASURED IN BU / ACRE",46.4,BU / ACRE
2014,IA,CRAWFORD,047,SOYBEANS,"SOYBEANS - YIELD, MEASURED IN BU / ACRE",55.6,BU / ACRE
2015,IA,CRAWFORD,047,SOYBEANS,"SOYBEANS - YIELD, MEASURED IN BU / ACRE",58.5,BU / ACRE
2016,IA,CRAWFORD,047,SOYBEANS,"SOYBEANS - YIELD, MEASURED IN BU / ACRE",64.3,BU / ACRE
2017,IA,CRAWFORD,047,SOYBEANS,"SOYBEANS - YIELD, MEASURED IN BU / ACRE",61.3,BU / ACRE
2018,IA,CRAWFORD,047,SOYBEANS,"SOYBEANS - YIELD, MEASURED IN BU / ACRE",61.7,BU / ACRE
2019,IA,CRAWFORD,047,SOYBEANS,"SOYBEANS - YIELD, MEASURED IN BU / ACRE",61.9,BU / ACRE
2020,IA,CRAWFORD,047,SOYBEANS,"SOYBEANS - YIELD, MEASURED IN BU / ACRE",54.2,BU / ACRE
2021,IA,CRAWFORD,047,SOYBEANS,"SOYBEANS - YIELD, MEASURED IN BU / ACRE",63.5,BU / ACRE
2022,IA,CRAWFORD,047,SOYBEANS,"SOYBEANS - YIELD, MEASURED IN BU / ACRE",62.8,BU / ACRE
2023,IA,CRAWFORD,047,SOYBEANS,"SOYBEANS - YIELD, MEASURED IN BU / ACRE",53.6,BU / ACRE
2024,IA,CRAWFORD,047,SOYBEANS,"SOYBEANS - YIELD, MEASURED IN BU / ACRE",62.5,BU / ACRE
2025,IA,CRAWFORD,047,SOYBEANS,"SOYBEANS - YIELD, MEASURED IN BU / ACRE",65.6,BU / ACRE
2010,IA,DALLAS,049,SOYBEANS,"SOYBEANS - YIELD, MEASURED IN BU / ACRE",49.8,BU / ACRE
2011,IA,DALLAS,049,SOYBEANS,"SOYBEANS - YIELD, MEASURED IN BU / ACRE",52.2,BU / ACRE
2012,IA,DALLAS,049,SOYBEANS,"SOYBEANS - YIELD, MEASURED IN BU / ACRE",40.1,BU / ACRE
2013,IA,DALLAS,049,SOYBEANS,"SOYBEANS - YIELD, MEASURED IN BU / ACRE",41.7,BU / ACRE
2014,IA,DALLAS,049,SOYBEANS,"SOYBEANS - YIELD, MEASURED IN BU / ACRE",52.5,BU / ACRE
2015,IA,DALLAS,049,SOYBEANS,"SOYBEANS - YIELD, MEASURED IN BU / ACRE",55.1,BU / ACRE
2016,IA,DALLAS,049,SOYBEANS,"SOYBEANS - YIELD, MEASURED IN BU / ACRE",58.7,BU / ACRE
2017,IA,DALLAS,049,SOYBEANS,"SOYBEANS - YIELD, MEASURED IN BU / ACRE",54.6,BU / ACRE
2018,IA,DALLAS,049,SOYBEANS,"SOYBEANS - YIELD, MEASURED IN BU / ACRE",52.8,BU / ACRE
2019,IA,DALLAS,049,SOYBEANS,"SOYBEANS - YIELD, MEASURED IN BU / ACRE",54.4,BU / ACRE
2020,IA,DALLAS,049,SOYBEANS,"SOYBEANS - YIELD, MEASURED IN BU / ACRE",47.1,BU / ACRE
2021,IA,DALLAS,049,SOYBEANS,"SOYBEANS - YIELD, MEASURED IN BU / ACRE",63.6,BU / ACRE
2022,IA,DALLAS,049,SOYBEANS,"SOYBEANS - YIELD, MEASURED IN BU / ACRE",59.8,BU / ACRE
2023,IA,DALLAS,049,SOYBEANS,"SOYBEANS - YIELD, MEASURED IN BU / ACRE",60.8,BU / ACRE
2024,IA,DALLAS,049,SOYBEANS,"SOYBEANS - YIELD, MEASURED IN BU / ACRE",64.5,BU / ACRE
2025,IA,DALLAS,049,SOYBEANS,"SOYBEANS - YIELD, MEASURED IN BU / ACRE",64.4,BU / ACRE
2010,IA,DAVIS,051,SOYBEANS,"SOYBEANS - YIELD, MEASURED IN BU / ACRE",46.6,BU / ACRE
2011,IA,DAVIS,051,SOYBEANS,"SOYBEANS - YIELD, MEASURED IN BU / ACRE",32.8,BU / ACRE
2012,IA,DAVIS,051,SOYBEANS,"SOYBEANS - YIELD, MEASURED IN BU / ACRE",29.3,BU / ACRE
2013,IA,DAVIS,051,SOYBEANS,"SOYBEANS - YIELD, MEASURED IN BU / ACRE",36.8,BU / ACRE
2014,IA,DAVIS,051,SOYBEANS,"SOYBEANS - YIELD, MEASURED IN BU / ACRE",45.7,BU / ACRE
2015,IA,DAVIS,051,SOYBEANS,"SOYBEANS - YIELD, MEASURED IN BU / ACRE",48.9,BU / ACRE
2016,IA,DAVIS,051,SOYBEANS,"SOYBEANS - YIELD, MEASURED IN BU / ACRE",57.4,BU / ACRE
2017,IA,DAVIS,051,SOYBEANS,"SOYBEANS - YIELD, MEASURED IN BU / ACRE",37.6,BU / ACRE
2018,IA,DAVIS,051,SOYBEANS,"SOYBEANS - YIELD, MEASURED IN BU / ACRE",50.2,BU / ACRE
2019,IA,DAVIS,051,SOYBEANS,"SOYBEANS - YIELD, MEASURED IN BU / ACRE",54.6,BU / ACRE
2020,IA,DAVIS,051,SOYBEANS,"SOYBEANS - YIELD, MEASURED IN BU / ACRE",42.0,BU / ACRE
2021,IA,DAVIS,051,SOYBEANS,"SOYBEANS - YIELD, MEASURED IN BU / ACRE",56.7,BU / ACRE
2022,IA,DAVIS,051,SOYBEANS,"SOYBEANS - YIELD, MEASURED IN BU / ACRE",44.6,BU / ACRE
2023,IA,DAVIS,051,SOYBEANS,"SOYBEANS - YIELD, MEASURED IN BU / ACRE",53.4,BU / ACRE
2024,IA,DAVIS,051,SOYBEANS,"SOYBEANS - YIELD, MEASURED IN BU / ACRE",59.1,BU / ACRE
2025,IA,DAVIS,051,SOYBEANS,"SOYBEANS - YIELD, MEASURED IN BU / ACRE",60.6,BU / ACRE
2010,IA,DECATUR,053,SOYBEANS,"SOYBEANS - YIELD, MEASURED IN BU / ACRE",42.9,BU / ACRE
2011,IA,DECATUR,053,SOYBEANS,"SOYBEANS - YIELD, MEASURED IN BU / ACRE",43.7,BU / ACRE
2012,IA,DECATUR,053,SOYBEANS,"SOYBEANS - YIELD, MEASURED IN BU / ACRE",33.8,BU / ACRE
2013,IA,DECATUR,053,SOYBEANS,"SOYBEANS - YIELD, MEASURED IN BU / ACRE",31.6,BU / ACRE
2014,IA,DECATUR,053,SOYBEANS,"SOYBEANS - YIELD, MEASURED IN BU / ACRE",40.2,BU / ACRE
2015,IA,DECATUR,053,SOYBEANS,"SOYBEANS - YIELD, MEASURED IN BU / ACRE",46.4,BU / ACRE
2016,IA,DECATUR,053,SOYBEANS,"SOYBEANS - YIELD, MEASURED IN BU / ACRE",57.2,BU / ACRE
2018,IA,DECATUR,053,SOYBEANS,"SOYBEANS - YIELD, MEASURED IN BU / ACRE",48.0,BU / ACRE
2020,IA,DECATUR,053,SOYBEANS,"SOYBEANS - YIELD, MEASURED IN BU / ACRE",47.4,BU / ACRE
2021,IA,DECATUR,053,SOYBEANS,"SOYBEANS - YIELD, MEASURED IN BU / ACRE",57.0,BU / ACRE
2022,IA,DECATUR,053,SOYBEANS,"SOYBEANS - YIELD, MEASURED IN BU / ACRE",37.9,BU / ACRE
2024,IA,DECATUR,053,SOYBEANS,"SOYBEANS - YIELD, MEASURED IN BU / ACRE",51.2,BU / ACRE
2025,IA,DECATUR,053,SOYBEANS,"SOYBEANS - YIELD, MEASURED IN BU / ACRE",57.0,BU / ACRE
2010,IA,DELAWARE,055,SOYBEANS,"SOYBEANS - YIELD, MEASURED IN BU / ACRE",56.3,BU / ACRE
2011,IA,DELAWARE,055,SOYBEANS,"SOYBEANS - YIELD, MEASURED IN BU / ACRE",57.5,BU / ACRE
2012,IA,DELAWARE,055,SOYBEANS,"SOYBEANS - YIELD, MEASURED IN BU / ACRE",44.5,BU / ACRE
2013,IA,DELAWARE,055,SOYBEANS,"SOYBEANS - YIELD, MEASURED IN BU / ACRE",55.4,BU / ACRE
2014,IA,DELAWARE,055,SOYBEANS,"SOYBEANS - YIELD, MEASURED IN BU / ACRE",49.7,BU / ACRE
2015,IA,DELAWARE,055,SOYBEANS,"SOYBEANS - YIELD, MEASURED IN BU / ACRE",56.8,BU / ACRE
2016,IA,DELAWARE,055,SOYBEANS,"SOYBEANS - YIELD, MEASURED IN BU / ACRE",63.8,BU / ACRE
2017,IA,DELAWARE,055,SOYBEANS,"SOYBEANS - YIELD, MEASURED IN BU / ACRE",63.0,BU / ACRE
2018,IA,DELAWARE,055,SOYBEANS,"SOYBEANS - YIELD, MEASURED IN BU / ACRE",63.9,BU / ACRE
2020,IA,DELAWARE,055,SOYBEANS,"SOYBEANS - YIELD, MEASURED IN BU / ACRE",61.1,BU / ACRE
2021,IA,DELAWARE,055,SOYBEANS,"SOYBEANS - YIELD, MEASURED IN BU / ACRE",66.4,BU / ACRE
2022,IA,DELAWARE,055,SOYBEANS,"SOYBEANS - YIELD, MEASURED IN BU / ACRE",67.4,BU / ACRE
2023,IA,DELAWARE,055,SOYBEANS,"SOYBEANS - YIELD, MEASURED IN BU / ACRE",52.3,BU / ACRE
2024,IA,DELAWARE,055,SOYBEANS,"SOYBEANS - YIELD, MEASURED IN BU / ACRE",60.9,BU / ACRE
2025,IA,DELAWARE,055,SOYBEANS,"SOYBEANS - YIELD, MEASURED IN BU / ACRE",66.1,BU / ACRE
2010,IA,DES MOINES,057,SOYBEANS,"SOYBEANS - YIELD, MEASURED IN BU / ACRE",51.1,BU / ACRE
2011,IA,DES MOINES,057,SOYBEANS,"SOYBEANS - YIELD, MEASURED IN BU / ACRE",52.5,BU / ACRE
2012,IA,DES MOINES,057,SOYBEANS,"SOYBEANS - YIELD, MEASURED IN BU / ACRE",48.0,BU / ACRE
2013,IA,DES MOINES,057,SOYBEANS,"SOYBEANS - YIELD, MEASURED IN BU / ACRE",46.6,BU / ACRE
2014,IA,DES MOINES,057,SOYBEANS,"SOYBEANS - YIELD, MEASURED IN BU / ACRE",54.2,BU / ACRE
2015,IA,DES MOINES,057,SOYBEANS,"SOYBEANS - YIELD, MEASURED IN BU / ACRE",54.5,BU / ACRE
2016,IA,DES MOINES,057,SOYBEANS,"SOYBEANS - YIELD, MEASURED IN BU / ACRE",60.4,BU / ACRE
2017,IA,DES MOINES,057,SOYBEANS,"SOYBEANS - YIELD, MEASURED IN BU / ACRE",59.6,BU / ACRE
2018,IA,DES MOINES,057,SOYBEANS,"SOYBEANS - YIELD, MEASURED IN BU / ACRE",63.8,BU / ACRE
2019,IA,DES MOINES,057,SOYBEANS,"SOYBEANS - YIELD, MEASURED IN BU / ACRE",55.1,BU / ACRE
2020,IA,DES MOINES,057,SOYBEANS,"SOYBEANS - YIELD, MEASURED IN BU / ACRE",60.7,BU / ACRE
2022,IA,DES MOINES,057,SOYBEANS,"SOYBEANS - YIELD, MEASURED IN BU / ACRE",66.9,BU / ACRE
2023,IA,DES MOINES,057,SOYBEANS,"SOYBEANS - YIELD, MEASURED IN BU / ACRE",65.6,BU / ACRE
2025,IA,DES MOINES,057,SOYBEANS,"SOYBEANS - YIELD, MEASURED IN BU / ACRE",67.1,BU / ACRE
2010,IA,DICKINSON,059,SOYBEANS,"SOYBEANS - YIELD, MEASURED IN BU / ACRE",50.2,BU / ACRE
2011,IA,DICKINSON,059,SOYBEANS,"SOYBEANS - YIELD, MEASURED IN BU / ACRE",48.1,BU / ACRE
2012,IA,DICKINSON,059,SOYBEANS,"SOYBEANS - YIELD, MEASURED IN BU / ACRE",48.2,BU / ACRE
2013,IA,DICKINSON,059,SOYBEANS,"SOYBEANS - YIELD, MEASURED IN BU / ACRE",44.7,BU / ACRE
2014,IA,DICKINSON,059,SOYBEANS,"SOYBEANS - YIELD, MEASURED IN BU / ACRE",44.0,BU / ACRE
2015,IA,DICKINSON,059,SOYBEANS,"SOYBEANS - YIELD, MEASURED IN BU / ACRE",56.4,BU / ACRE
2016,IA,DICKINSON,059,SOYBEANS,"SOYBEANS - YIELD, MEASURED IN BU / ACRE",56.1,BU / ACRE
2017,IA,DICKINSON,059,SOYBEANS,"SOYBEANS - YIELD, MEASURED IN BU / ACRE",57.7,BU / ACRE
2018,IA,DICKINSON,059,SOYBEANS,"SOYBEANS - YIELD, MEASURED IN BU / ACRE",49.8,BU / ACRE
2019,IA,DICKINSON,059,SOYBEANS,"SOYBEANS - YIELD, MEASURED IN BU / ACRE",51.3,BU / ACRE
2020,IA,DICKINSON,059,SOYBEANS,"SOYBEANS - YIELD, MEASURED IN BU / ACRE",55.5,BU / ACRE
2021,IA,DICKINSON,059,SOYBEANS,"SOYBEANS - YIELD, MEASURED IN BU / ACRE",56.0,BU / ACRE
2022,IA,DICKINSON,059,SOYBEANS,"SOYBEANS - YIELD, MEASURED IN BU / ACRE",58.8,BU / ACRE
2023,IA,DICKINSON,059,SOYBEANS,"SOYBEANS - YIELD, MEASURED IN BU / ACRE",56.8,BU / ACRE
2024,IA,DICKINSON,059,SOYBEANS,"SOYBEANS - YIELD, MEASURED IN BU / ACRE",46.1,BU / ACRE
2025,IA,DICKINSON,059,SOYBEANS,"SOYBEANS - YIELD, MEASURED IN BU / ACRE",60.8,BU / ACRE
2010,IA,DUBUQUE,061,SOYBEANS,"SOYBEANS - YIELD, MEASURED IN BU / ACRE",54.3,BU / ACRE
2011,IA,DUBUQUE,061,SOYBEANS,"SOYBEANS - YIELD, MEASURED IN BU / ACRE",59.1,BU / ACRE
2012,IA,DUBUQUE,061,SOYBEANS,"SOYBEANS - YIELD, MEASURED IN BU / ACRE",54.2,BU / ACRE
2013,IA,DUBUQUE,061,SOYBEANS,"SOYBEANS - YIELD, MEASURED IN BU / ACRE",57.2,BU / ACRE
2014,IA,DUBUQUE,061,SOYBEANS,"SOYBEANS - YIELD, MEASURED IN BU / ACRE",55.1,BU / ACRE
2015,IA,DUBUQUE,061,SOYBEANS,"SOYBEANS - YIELD, MEASURED IN BU / ACRE",59.1,BU / ACRE
2016,IA,DUBUQUE,061,SOYBEANS,"SOYBEANS - YIELD, MEASURED IN BU / ACRE",57.8,BU / ACRE
2017,IA,DUBUQUE,061,SOYBEANS,"SOYBEANS - YIELD, MEASURED IN BU / ACRE",59.6,BU / ACRE
2018,IA,DUBUQUE,061,SOYBEANS,"SOYBEANS - YIELD, MEASURED IN BU / ACRE",62.0,BU / ACRE
2019,IA,DUBUQUE,061,SOYBEANS,"SOYBEANS - YIELD, MEASURED IN BU / ACRE",60.2,BU / ACRE
2021,IA,DUBUQUE,061,SOYBEANS,"SOYBEANS - YIELD, MEASURED IN BU / ACRE",70.5,BU / ACRE
2022,IA,DUBUQUE,061,SOYBEANS,"SOYBEANS - YIELD, MEASURED IN BU / ACRE",68.6,BU / ACRE
2023,IA,DUBUQUE,061,SOYBEANS,"SOYBEANS - YIELD, MEASURED IN BU / ACRE",57.0,BU / ACRE
2010,IA,EMMET,063,SOYBEANS,"SOYBEANS - YIELD, MEASURED IN BU / ACRE",51.0,BU / ACRE
2011,IA,EMMET,063,SOYBEANS,"SOYBEANS - YIELD, MEASURED IN BU / ACRE",49.7,BU / ACRE
2012,IA,EMMET,063,SOYBEANS,"SOYBEANS - YIELD, MEASURED IN BU / ACRE",46.5,BU / ACRE
2013,IA,EMMET,063,SOYBEANS,"SOYBEANS - YIELD, MEASURED IN BU / ACRE",40.9,BU / ACRE
2014,IA,EMMET,063,SOYBEANS,"SOYBEANS - YIELD, MEASURED IN BU / ACRE",42.3,BU / ACRE
2015,IA,EMMET,063,SOYBEANS,"SOYBEANS - YIELD, MEASURED IN BU / ACRE",58.1,BU / ACRE
2016,IA,EMMET,063,SOYBEANS,"SOYBEANS - YIELD, MEASURED IN BU / ACRE",58.5,BU / ACRE
2017,IA,EMMET,063,SOYBEANS,"SOYBEANS - YIELD, MEASURED IN BU / ACRE",58.9,BU / ACRE
2018,IA,EMMET,063,SOYBEANS,"SOYBEANS - YIELD, MEASURED IN BU / ACRE",46.7,BU / ACRE
2020,IA,EMMET,063,SOYBEANS,"SOYBEANS - YIELD, MEASURED IN BU / ACRE",56.0,BU / ACRE
2021,IA,EMMET,063,SOYBEANS,"SOYBEANS - YIELD, MEASURED IN BU / ACRE",59.6,BU / ACRE
2022,IA,EMMET,063,SOYBEANS,"SOYBEANS - YIELD, MEASURED IN BU / ACRE",62.8,BU / ACRE
2025,IA,EMMET,063,SOYBEANS,"SOYBEANS - YIELD, MEASURED IN BU / ACRE",62.2,BU / ACRE
2010,IA,FAYETTE,065,SOYBEANS,"SOYBEANS - YIELD, MEASURED IN BU / ACRE",52.6,BU / ACRE
2011,IA,FAYETTE,065,SOYBEANS,"SOYBEANS - YIELD, MEASURED IN BU / ACRE",57.9,BU / ACRE
2012,IA,FAYETTE,065,SOYBEANS,"SOYBEANS - YIELD, MEASURED IN BU / ACRE",50.6,BU / ACRE
2013,IA,FAYETTE,065,SOYBEANS,"SOYBEANS - YIELD, MEASURED IN BU / ACRE",50.0,BU / ACRE
2014,IA,FAYETTE,065,SOYBEANS,"SOYBEANS - YIELD, MEASURED IN BU / ACRE",49.5,BU / ACRE
2015,IA,FAYETTE,065,SOYBEANS,"SOYBEANS - YIELD, MEASURED IN BU / ACRE",56.3,BU / ACRE
2016,IA,FAYETTE,065,SOYBEANS,"SOYBEANS - YIELD, MEASURED IN BU / ACRE",62.3,BU / ACRE
2017,IA,FAYETTE,065,SOYBEANS,"SOYBEANS - YIELD, MEASURED IN BU / ACRE",56.3,BU / ACRE
2018,IA,FAYETTE,065,SOYBEANS,"SOYBEANS - YIELD, MEASURED IN BU / ACRE",56.5,BU / ACRE
2019,IA,FAYETTE,065,SOYBEANS,"SOYBEANS - YIELD, MEASURED IN BU / ACRE",55.5,BU / ACRE
2020,IA,FAYETTE,065,SOYBEANS,"SOYBEANS - YIELD, MEASURED IN BU / ACRE",55.9,BU / ACRE
2021,IA,FAYETTE,065,SOYBEANS,"SOYBEANS - YIELD, MEASURED IN BU / ACRE",64.4,BU / ACRE
2022,IA,FAYETTE,065,SOYBEANS,"SOYBEANS - YIELD, MEASURED IN BU / ACRE",63.4,BU / ACRE
2023,IA,FAYETTE,065,SOYBEANS,"SOYBEANS - YIELD, MEASURED IN BU / ACRE",54.5,BU / ACRE
2024,IA,FAYETTE,065,SOYBEANS,"SOYBEANS - YIELD, MEASURED IN BU / ACRE",56.3,BU / ACRE
2010,IA,FLOYD,067,SOYBEANS,"SOYBEANS - YIELD, MEASURED IN BU / ACRE",53.0,BU / ACRE
2011,IA,FLOYD,067,SOYBEANS,"SOYBEANS - YIELD, MEASURED IN BU / ACRE",52.5,BU / ACRE
2012,IA,FLOYD,067,SOYBEANS,"SOYBEANS - YIELD, MEASURED IN BU / ACRE",41.1,BU / ACRE
2013,IA,FLOYD,067,SOYBEANS,"SOYBEANS - YIELD, MEASURED IN BU / ACRE",46.9,BU / ACRE
2014,IA,FLOYD,067,SOYBEANS,"SOYBEANS - YIELD, MEASURED IN BU / ACRE",47.6,BU / ACRE
2015,IA,FLOYD,067,SOYBEANS,"SOYBEANS - YIELD, MEASURED IN BU / ACRE",58.0,BU / ACRE
2016,IA,FLOYD,067,SOYBEANS,"SOYBEANS - YIELD, MEASURED IN BU / ACRE",57.5,BU / ACRE
2017,IA,FLOYD,067,SOYBEANS,"SOYBEANS - YIELD, MEASURED IN BU / ACRE",54.1,BU / ACRE
2018,IA,FLOYD,067,SOYBEANS,"SOYBEANS - YIELD, MEASURED IN BU / ACRE",49.8,BU / ACRE
2019,IA,FLOYD,067,SOYBEANS,"SOYBEANS - YIELD, MEASURED IN BU / ACRE",54.3,BU / ACRE
2020,IA,FLOYD,067,SOYBEANS,"SOYBEANS - YIELD, MEASURED IN BU / ACRE",54.0,BU / ACRE
2022,IA,FLOYD,067,SOYBEANS,"SOYBEANS - YIELD, MEASURED IN BU / ACRE",61.9,BU / ACRE
2023,IA,FLOYD,067,SOYBEANS,"SOYBEANS - YIELD, MEASURED IN BU / ACRE",52.8,BU / ACRE
2024,IA,FLOYD,067,SOYBEANS,"SOYBEANS - YIELD, MEASURED IN BU / ACRE",55.6,BU / ACRE
2025,IA,FLOYD,067,SOYBEANS,"SOYBEANS - YIELD, MEASURED IN BU / ACRE",62.4,BU / ACRE
2010,IA,FRANKLIN,069,SOYBEANS,"SOYBEANS - YIELD, MEASURED IN BU / ACRE",50.3,BU / ACRE
2011,IA,FRANKLIN,069,SOYBEANS,"SOYBEANS - YIELD, MEASURED IN BU / ACRE",52.4,BU / ACRE
2012,IA,FRANKLIN,069,SOYBEANS,"SOYBEANS - YIELD, MEASURED IN BU / ACRE",44.5,BU / ACRE
2013,IA,FRANKLIN,069,SOYBEANS,"SOYBEANS - YIELD, MEASURED IN BU / ACRE",46.0,BU / ACRE
2014,IA,FRANKLIN,069,SOYBEANS,"SOYBEANS - YIELD, MEASURED IN BU / ACRE",47.4,BU / ACRE
2015,IA,FRANKLIN,069,SOYBEANS,"SOYBEANS - YIELD, MEASURED IN BU / ACRE",57.8,BU / ACRE
2016,IA,FRANKLIN,069,SOYBEANS,"SOYBEANS - YIELD, MEASURED IN BU / ACRE",60.5,BU / ACRE
2017,IA,FRANKLIN,069,SOYBEANS,"SOYBEANS - YIELD, MEASURED IN BU / ACRE",57.0,BU / ACRE
2018,IA,FRANKLIN,069,SOYBEANS,"SOYBEANS - YIELD, MEASURED IN BU / ACRE",58.5,BU / ACRE
2019,IA,FRANKLIN,069,SOYBEANS,"SOYBEANS - YIELD, MEASURED IN BU / ACRE",54.1,BU / ACRE
2020,IA,FRANKLIN,069,SOYBEANS,"SOYBEANS - YIELD, MEASURED IN BU / ACRE",55.4,BU / ACRE
2021,IA,FRANKLIN,069,SOYBEANS,"SOYBEANS - YIELD, MEASURED IN BU / ACRE",59.7,BU / ACRE
2022,IA,FRANKLIN,069,SOYBEANS,"SOYBEANS - YIELD, MEASURED IN BU / ACRE",62.8,BU / ACRE
2023,IA,FRANKLIN,069,SOYBEANS,"SOYBEANS - YIELD, MEASURED IN BU / ACRE",59.4,BU / ACRE
2024,IA,FRANKLIN,069,SOYBEANS,"SOYBEANS - YIELD, MEASURED IN BU / ACRE",58.2,BU / ACRE
2025,IA,FRANKLIN,069,SOYBEANS,"SOYBEANS - YIELD, MEASURED IN BU / ACRE",62.4,BU / ACRE
2010,IA,FREMONT,071,SOYBEANS,"SOYBEANS - YIELD, MEASURED IN BU / ACRE",47.0,BU / ACRE
2011,IA,FREMONT,071,SOYBEANS,"SOYBEANS - YIELD, MEASURED IN BU / ACRE",45.1,BU / ACRE
2012,IA,FREMONT,071,SOYBEANS,"SOYBEANS - YIELD, MEASURED IN BU / ACRE",41.4,BU / ACRE
2013,IA,FREMONT,071,SOYBEANS,"SOYBEANS - YIELD, MEASURED IN BU / ACRE",47.9,BU / ACRE
2014,IA,FREMONT,071,SOYBEANS,"SOYBEANS - YIELD, MEASURED IN BU / ACRE",55.5,BU / ACRE
2015,IA,FREMONT,071,SOYBEANS,"SOYBEANS - YIELD, MEASURED IN BU / ACRE",52.1,BU / ACRE
2016,IA,FREMONT,071,SOYBEANS,"SOYBEANS - YIELD, MEASURED IN BU / ACRE",55.5,BU / ACRE
2017,IA,FREMONT,071,SOYBEANS,"SOYBEANS - YIELD, MEASURED IN BU / ACRE",60.1,BU / ACRE
2018,IA,FREMONT,071,SOYBEANS,"SOYBEANS - YIELD, MEASURED IN BU / ACRE",50.6,BU / ACRE
2020,IA,FREMONT,071,SOYBEANS,"SOYBEANS - YIELD, MEASURED IN BU / ACRE",54.8,BU / ACRE
2021,IA,FREMONT,071,SOYBEANS,"SOYBEANS - YIELD, MEASURED IN BU / ACRE",63.1,BU / ACRE
2022,IA,FREMONT,071,SOYBEANS,"SOYBEANS - YIELD, MEASURED IN BU / ACRE",53.4,BU / ACRE
2025,IA,FREMONT,071,SOYBEANS,"SOYBEANS - YIELD, MEASURED IN BU / ACRE",64.1,BU / ACRE
2010,IA,GREENE,073,SOYBEANS,"SOYBEANS - YIELD, MEASURED IN BU / ACRE",48.1,BU / ACRE
2011,IA,GREENE,073,SOYBEANS,"SOYBEANS - YIELD, MEASURED IN BU / ACRE",51.0,BU / ACRE
2012,IA,GREENE,073,SOYBEANS,"SOYBEANS - YIELD, MEASURED IN BU / ACRE",38.3,BU / ACRE
2013,IA,GREENE,073,SOYBEANS,"SOYBEANS - YIELD, MEASURED IN BU / ACRE",36.5,BU / ACRE
2014,IA,GREENE,073,SOYBEANS,"SOYBEANS - YIELD, MEASURED IN BU / ACRE",52.2,BU / ACRE
2015,IA,GREENE,073,SOYBEANS,"SOYBEANS - YIELD, MEASURED IN BU / ACRE",53.6,BU / ACRE
2016,IA,GREENE,073,SOYBEANS,"SOYBEANS - YIELD, MEASURED IN BU / ACRE",63.5,BU / ACRE
2017,IA,GREENE,073,SOYBEANS,"SOYBEANS - YIELD, MEASURED IN BU / ACRE",56.7,BU / ACRE
2018,IA,GREENE,073,SOYBEANS,"SOYBEANS - YIELD, MEASURED IN BU / ACRE",55.5,BU / ACRE
2019,IA,GREENE,073,SOYBEANS,"SOYBEANS - YIELD, MEASURED IN BU / ACRE",54.2,BU / ACRE
2020,IA,GREENE,073,SOYBEANS,"SOYBEANS - YIELD, MEASURED IN BU / ACRE",49.0,BU / ACRE
2021,IA,GREENE,073,SOYBEANS,"SOYBEANS - YIELD, MEASURED IN BU / ACRE",64.1,BU / ACRE
2022,IA,GREENE,073,SOYBEANS,"SOYBEANS - YIELD, MEASURED IN BU / ACRE",59.0,BU / ACRE
2023,IA,GREENE,073,SOYBEANS,"SOYBEANS - YIELD, MEASURED IN BU / ACRE",60.7,BU / ACRE
2024,IA,GREENE,073,SOYBEANS,"SOYBEANS - YIELD, MEASURED IN BU / ACRE",61.8,BU / ACRE
2025,IA,GREENE,073,SOYBEANS,"SOYBEANS - YIELD, MEASURED IN BU / ACRE",63.5,BU / ACRE
2010,IA,GRUNDY,075,SOYBEANS,"SOYBEANS - YIELD, MEASURED IN BU / ACRE",59.6,BU / ACRE
2011,IA,GRUNDY,075,SOYBEANS,"SOYBEANS - YIELD, MEASURED IN BU / ACRE",59.8,BU / ACRE
2012,IA,GRUNDY,075,SOYBEANS,"SOYBEANS - YIELD, MEASURED IN BU / ACRE",54.1,BU / ACRE
2013,IA,GRUNDY,075,SOYBEANS,"SOYBEANS - YIELD, MEASURED IN BU / ACRE",52.6,BU / ACRE
2014,IA,GRUNDY,075,SOYBEANS,"SOYBEANS - YIELD, MEASURED IN BU / ACRE",53.0,BU / ACRE
2015,IA,GRUNDY,075,SOYBEANS,"SOYBEANS - YIELD, MEASURED IN BU / ACRE",60.5,BU / ACRE
2016,IA,GRUNDY,075,SOYBEANS,"SOYBEANS - YIELD, MEASURED IN BU / ACRE",64.8,BU / ACRE
2017,IA,GRUNDY,075,SOYBEANS,"SOYBEANS - YIELD, MEASURED IN BU / ACRE",63.6,BU / ACRE
2018,IA,GRUNDY,075,SOYBEANS,"SOYBEANS - YIELD, MEASURED IN BU / ACRE",61.9,BU / ACRE
2019,IA,GRUNDY,075,SOYBEANS,"SOYBEANS - YIELD, MEASURED IN BU / ACRE",56.3,BU / ACRE
2020,IA,GRUNDY,075,SOYBEANS,"SOYBEANS - YIELD, MEASURED IN BU / ACRE",60.9,BU / ACRE
2021,IA,GRUNDY,075,SOYBEANS,"SOYBEANS - YIELD, MEASURED IN BU / ACRE",66.5,BU / ACRE
2022,IA,GRUNDY,075,SOYBEANS,"SOYBEANS - YIELD, MEASURED IN BU / ACRE",64.9,BU / ACRE
2023,IA,GRUNDY,075,SOYBEANS,"SOYBEANS - YIELD, MEASURED IN BU / ACRE",64.1,BU / ACRE
2025,IA,GRUNDY,075,SOYBEANS,"SOYBEANS - YIELD, MEASURED IN BU / ACRE",67.3,BU / ACRE
2010,IA,GUTHRIE,077,SOYBEANS,"SOYBEANS - YIELD, MEASURED IN BU / ACRE",50.0,BU / ACRE
2011,IA,GUTHRIE,077,SOYBEANS,"SOYBEANS - YIELD, MEASURED IN BU / ACRE",53.2,BU / ACRE
2012,IA,GUTHRIE,077,SOYBEANS,"SOYBEANS - YIELD, MEASURED IN BU / ACRE",37.7,BU / ACRE
2013,IA,GUTHRIE,077,SOYBEANS,"SOYBEANS - YIELD, MEASURED IN BU / ACRE",38.9,BU / ACRE
2014,IA,GUTHRIE,077,SOYBEANS,"SOYBEANS - YIELD, MEASURED IN BU / ACRE",47.8,BU / ACRE
2015,IA,GUTHRIE,077,SOYBEANS,"SOYBEANS - YIELD, MEASURED IN BU / ACRE",54.4,BU / ACRE
2016,IA,GUTHRIE,077,SOYBEANS,"SOYBEANS - YIELD, MEASURED IN BU / ACRE",58.4,BU / ACRE
2017,IA,GUTHRIE,077,SOYBEANS,"SOYBEANS - YIELD, MEASURED IN BU / ACRE",59.2,BU / ACRE
2018,IA,GUTHRIE,077,SOYBEANS,"SOYBEANS - YIELD, MEASURED IN BU / ACRE",52.0,BU / ACRE
2019,IA,GUTHRIE,077,SOYBEANS,"SOYBEANS - YIELD, MEASURED IN BU / ACRE",54.2,BU / ACRE
2020,IA,GUTHRIE,077,SOYBEANS,"SOYBEANS - YIELD, MEASURED IN BU / ACRE",45.5,BU / ACRE
2022,IA,GUTHRIE,077,SOYBEANS,"SOYBEANS - YIELD, MEASURED IN BU / ACRE",58.6,BU / ACRE
2010,IA,HAMILTON,079,SOYBEANS,"SOYBEANS - YIELD, MEASURED IN BU / ACRE",48.1,BU / ACRE
2011,IA,HAMILTON,079,SOYBEANS,"SOYBEANS - YIELD, MEASURED IN BU / ACRE",52.5,BU / ACRE
2012,IA,HAMILTON,079,SOYBEANS,"SOYBEANS - YIELD, MEASURED IN BU / ACRE",45.8,BU / ACRE
2013,IA,HAMILTON,079,SOYBEANS,"SOYBEANS - YIELD, MEASURED IN BU / ACRE",38.0,BU / ACRE
2014,IA,HAMILTON,079,SOYBEANS,"SOYBEANS - YIELD, MEASURED IN BU / ACRE",46.1,BU / ACRE
2015,IA,HAMILTON,079,SOYBEANS,"SOYBEANS - YIELD, MEASURED IN BU / ACRE",54.3,BU / ACRE
2016,IA,HAMILTON,079,SOYBEANS,"SOYBEANS - YIELD, MEASURED IN BU / ACRE",61.0,BU / ACRE
2017,IA,HAMILTON,079,SOYBEANS,"SOYBEANS - YIELD, MEASURED IN BU / ACRE",57.2,BU / ACRE
2018,IA,HAMILTON,079,SOYBEANS,"SOYBEANS - YIELD, MEASURED IN BU / ACRE",49.9,BU / ACRE
2019,IA,HAMILTON,079,SOYBEANS,"SOYBEANS - YIELD, MEASURED IN BU / ACRE",51.4,BU / ACRE
2020,IA,HAMILTON,079,SOYBEANS,"SOYBEANS - YIELD, MEASURED IN BU / ACRE",51.5,BU / ACRE
2021,IA,HAMILTON,079,SOYBEANS,"SOYBEANS - YIELD, MEASURED IN BU / ACRE",62.2,BU / ACRE
2022,IA,HAMILTON,079,SOYBEANS,"SOYBEANS - YIELD, MEASURED IN BU / ACRE",61.3,BU / ACRE
2023,IA,HAMILTON,079,SOYBEANS,"SOYBEANS - YIELD, MEASURED IN BU / ACRE",62.2,BU / ACRE
2024,IA,HAMILTON,079,SOYBEANS,"SOYBEANS - YIELD, MEASURED IN BU / ACRE",58.6,BU / ACRE
2025,IA,HAMILTON,079,SOYBEANS,"SOYBEANS - YIELD, MEASURED IN BU / ACRE",65.1,BU / ACRE
2010,IA,HANCOCK,081,SOYBEANS,"SOYBEANS - YIELD, MEASURED IN BU / ACRE",51.2,BU / ACRE
2011,IA,HANCOCK,081,SOYBEANS,"SOYBEANS - YIELD, MEASURED IN BU / ACRE",50.3,BU / ACRE
2012,IA,HANCOCK,081,SOYBEANS,"SOYBEANS - YIELD, MEASURED IN BU / ACRE",41.4,BU / ACRE
2013,IA,HANCOCK,081,SOYBEANS,"SOYBEANS - YIELD, MEASURED IN BU / ACRE",45.7,BU / ACRE
2014,IA,HANCOCK,081,SOYBEANS,"SOYBEANS - YIELD, MEASURED IN BU / ACRE",47.6,BU / ACRE
2015,IA,HANCOCK,081,SOYBEANS,"SOYBEANS - YIELD, MEASURED IN BU / ACRE",59.6,BU / ACRE
2016,IA,HANCOCK,081,SOYBEANS,"SOYBEANS - YIELD, MEASURED IN BU / ACRE",62.4,BU / ACRE
2017,IA,HANCOCK,081,SOYBEANS,"SOYBEANS - YIELD, MEASURED IN BU / ACRE",57.4,BU / ACRE
2018,IA,HANCOCK,081,SOYBEANS,"SOYBEANS - YIELD, MEASURED IN BU / ACRE",53.2,BU / ACRE
2019,IA,HANCOCK,081,SOYBEANS,"SOYBEANS - YIELD, MEASURED IN BU / ACRE",49.6,BU / ACRE
2020,IA,HANCOCK,081,SOYBEANS,"SOYBEANS - YIELD, MEASURED IN BU / ACRE",60.0,BU / ACRE
2021,IA,HANCOCK,081,SOYBEANS,"SOYBEANS - YIELD, MEASURED IN BU / ACRE",63.5,BU / ACRE
2022,IA,HANCOCK,081,SOYBEANS,"SOYBEANS - YIELD, MEASURED IN BU / ACRE",63.0,BU / ACRE
2023,IA,HANCOCK,081,SOYBEANS,"SOYBEANS - YIELD, MEASURED IN BU / ACRE",60.2,BU / ACRE
2024,IA,HANCOCK,081,SOYBEANS,"SOYBEANS - YIELD, MEASURED IN BU / ACRE",58.2,BU / ACRE
2025,IA,HANCOCK,081,SOYBEANS,"SOYBEANS - YIELD, MEASURED IN BU / ACRE",58.9,BU / ACRE
2010,IA,HARDIN,083,SOYBEANS,"SOYBEANS - YIELD, MEASURED IN BU / ACRE",55.3,BU / ACRE
2011,IA,HARDIN,083,SOYBEANS,"SOYBEANS - YIELD, MEASURED IN BU / ACRE",56.6,BU / ACRE
2012,IA,HARDIN,083,SOYBEANS,"SOYBEANS - YIELD, MEASURED IN BU / ACRE",50.8,BU / ACRE
2013,IA,HARDIN,083,SOYBEANS,"SOYBEANS - YIELD, MEASURED IN BU / ACRE",47.1,BU / ACRE
2014,IA,HARDIN,083,SOYBEANS,"SOYBEANS - YIELD, MEASURED IN BU / ACRE",46.9,BU / ACRE
2015,IA,HARDIN,083,SOYBEANS,"SOYBEANS - YIELD, MEASURED IN BU / ACRE",55.6,BU / ACRE
2016,IA,HARDIN,083,SOYBEANS,"SOYBEANS - YIELD, MEASURED IN BU / ACRE",59.9,BU / ACRE
2017,IA,HARDIN,083,SOYBEANS,"SOYBEANS - YIELD, MEASURED IN BU / ACRE",59.7,BU / ACRE
2018,IA,HARDIN,083,SOYBEANS,"SOYBEANS - YIELD, MEASURED IN BU / ACRE",59.3,BU / ACRE
2019,IA,HARDIN,083,SOYBEANS,"SOYBEANS - YIELD, MEASURED IN BU / ACRE",53.9,BU / ACRE
2020,IA,HARDIN,083,SOYBEANS,"SOYBEANS - YIELD, MEASURED IN BU / ACRE",52.8,BU / ACRE
2021,IA,HARDIN,083,SOYBEANS,"SOYBEANS - YIELD, MEASURED IN BU / ACRE",65.0,BU / ACRE
2022,IA,HARDIN,083,SOYBEANS,"SOYBEANS - YIELD, MEASURED IN BU / ACRE",63.4,BU / ACRE
2023,IA,HARDIN,083,SOYBEANS,"SOYBEANS - YIELD, MEASURED IN BU / ACRE",62.2,BU / ACRE
2025,IA,HARDIN,083,SOYBEANS,"SOYBEANS - YIELD, MEASURED IN BU / ACRE",64.9,BU / ACRE
2010,IA,HARRISON,085,SOYBEANS,"SOYBEANS - YIELD, MEASURED IN BU / ACRE",47.9,BU / ACRE
2011,IA,HARRISON,085,SOYBEANS,"SOYBEANS - YIELD, MEASURED IN BU / ACRE",45.8,BU / ACRE
2012,IA,HARRISON,085,SOYBEANS,"SOYBEANS - YIELD, MEASURED IN BU / ACRE",36.8,BU / ACRE
2013,IA,HARRISON,085,SOYBEANS,"SOYBEANS - YIELD, MEASURED IN BU / ACRE",49.4,BU / ACRE
2014,IA,HARRISON,085,SOYBEANS,"SOYBEANS - YIELD, MEASURED IN BU / ACRE",49.2,BU / ACRE
2015,IA,HARRISON,085,SOYBEANS,"SOYBEANS - YIELD, MEASURED IN BU / ACRE",52.1,BU / ACRE
2016,IA,HARRISON,085,SOYBEANS,"SOYBEANS - YIELD, MEASURED IN BU / ACRE",58.2,BU / ACRE
2017,IA,HARRISON,085,SOYBEANS,"SOYBEANS - YIELD, MEASURED IN BU / ACRE",53.7,BU / ACRE
2018,IA,HARRISON,085,SOYBEANS,"SOYBEANS - YIELD, MEASURED IN BU / ACRE",52.6,BU / ACRE
2020,IA,HARRISON,085,SOYBEANS,"SOYBEANS - YIELD, MEASURED IN BU / ACRE",52.1,BU / ACRE
2022,IA,HARRISON,085,SOYBEANS,"SOYBEANS - YIELD, MEASURED IN BU / ACRE",52.4,BU / ACRE
2023,IA,HARRISON,085,SOYBEANS,"SOYBEANS - YIELD, MEASURED IN BU / ACRE",55.4,BU / ACRE
2010,IA,HENRY,087,SOYBEANS,"SOYBEANS - YIELD, MEASURED IN BU / ACRE",49.7,BU / ACRE
2011,IA,HENRY,087,SOYBEANS,"SOYBEANS - YIELD, MEASURED IN BU / ACRE",44.5,BU / ACRE
2012,IA,HENRY,087,SOYBEANS,"SOYBEANS - YIELD, MEASURED IN BU / ACRE",50.3,BU / ACRE
2013,IA,HENRY,087,SOYBEANS,"SOYBEANS - YIELD, MEASURED IN BU / ACRE",45.3,BU / ACRE
2014,IA,HENRY,087,SOYBEANS,"SOYBEANS - YIELD, MEASURED IN BU / ACRE",56.1,BU / ACRE
2015,IA,HENRY,087,SOYBEANS,"SOYBEANS - YIELD, MEASURED IN BU / ACRE",55.8,BU / ACRE
2016,IA,HENRY,087,SOYBEANS,"SOYBEANS - YIELD, MEASURED IN BU / ACRE",57.2,BU / ACRE
2017,IA,HENRY,087,SOYBEANS,"SOYBEANS - YIELD, MEASURED IN BU / ACRE",60.5,BU / ACRE
2018,IA,HENRY,087,SOYBEANS,"SOYBEANS - YIELD, MEASURED IN BU / ACRE",62.3,BU / ACRE
2019,IA,HENRY,087,SOYBEANS,"SOYBEANS - YIELD, MEASURED IN BU / ACRE",56.9,BU / ACRE
2020,IA,HENRY,087,SOYBEANS,"SOYBEANS - YIELD, MEASURED IN BU / ACRE",54.9,BU / ACRE
2021,IA,HENRY,087,SOYBEANS,"SOYBEANS - YIELD, MEASURED IN BU / ACRE",58.3,BU / ACRE
2022,IA,HENRY,087,SOYBEANS,"SOYBEANS - YIELD, MEASURED IN BU / ACRE",60.3,BU / ACRE
2023,IA,HENRY,087,SOYBEANS,"SOYBEANS - YIELD, MEASURED IN BU / ACRE",63.9,BU / ACRE
2024,IA,HENRY,087,SOYBEANS,"SOYBEANS - YIELD, MEASURED IN BU / ACRE",66.4,BU / ACRE
2025,IA,HENRY,087,SOYBEANS,"SOYBEANS - YIELD, MEASURED IN BU / ACRE",64.8,BU / ACRE
2010,IA,HOWARD,089,SOYBEANS,"SOYBEANS - YIELD, MEASURED IN BU / ACRE",54.7,BU / ACRE
2011,IA,HOWARD,089,SOYBEANS,"SOYBEANS - YIELD, MEASURED IN BU / ACRE",51.4,BU / ACRE
2012,IA,HOWARD,089,SOYBEANS,"SOYBEANS - YIELD, MEASURED IN BU / ACRE",46.4,BU / ACRE
2013,IA,HOWARD,089,SOYBEANS,"SOYBEANS - YIELD, MEASURED IN BU / ACRE",41.2,BU / ACRE
2014,IA,HOWARD,089,SOYBEANS,"SOYBEANS - YIELD, MEASURED IN BU / ACRE",48.7,BU / ACRE
2015,IA,HOWARD,089,SOYBEANS,"SOYBEANS - YIELD, MEASURED IN BU / ACRE",59.9,BU / ACRE
2016,IA,HOWARD,089,SOYBEANS,"SOYBEANS - YIELD, MEASURED IN BU / ACRE",56.4,BU / ACRE
2017,IA,HOWARD,089,SOYBEANS,"SOYBEANS - YIELD, MEASURED IN BU / ACRE",51.6,BU / ACRE
2018,IA,HOWARD,089,SOYBEANS,"SOYBEANS - YIELD, MEASURED IN BU / ACRE",53.7,BU / ACRE
2019,IA,HOWARD,089,SOYBEANS,"SOYBEANS - YIELD, MEASURED IN BU / ACRE",52.1,BU / ACRE
2020,IA,HOWARD,089,SOYBEANS,"SOYBEANS - YIELD, MEASURED IN BU / ACRE",54.5,BU / ACRE
2021,IA,HOWARD,089,SOYBEANS,"SOYBEANS - YIELD, MEASURED IN BU / ACRE",60.3,BU / ACRE
2022,IA,HOWARD,089,SOYBEANS,"SOYBEANS - YIELD, MEASURED IN BU / ACRE",60.9,BU / ACRE
2023,IA,HOWARD,089,SOYBEANS,"SOYBEANS - YIELD, MEASURED IN BU / ACRE",51.0,BU / ACRE
2024,IA,HOWARD,089,SOYBEANS,"SOYBEANS - YIELD, MEASURED IN BU / ACRE",55.2,BU / ACRE
2025,IA,HOWARD,089,SOYBEANS,"SOYBEANS - YIELD, MEASURED IN BU / ACRE",63.0,BU / ACRE
2010,IA,HUMBOLDT,091,SOYBEANS,"SOYBEANS - YIELD, MEASURED IN BU / ACRE",46.0,BU / ACRE
2011,IA,HUMBOLDT,091,SOYBEANS,"SOYBEANS - YIELD, MEASURED IN BU / ACRE",51.8,BU / ACRE
2012,IA,HUMBOLDT,091,SOYBEANS,"SOYBEANS - YIELD, MEASURED IN BU / ACRE",43.0,BU / ACRE
2013,IA,HUMBOLDT,091,SOYBEANS,"SOYBEANS - YIELD, MEASURED IN BU / ACRE",43.9,BU / ACRE
2014,IA,HUMBOLDT,091,SOYBEANS,"SOYBEANS - YIELD, MEASURED IN BU / ACRE",46.4,BU / ACRE
2015,IA,HUMBOLDT,091,SOYBEANS,"SOYBEANS - YIELD, MEASURED IN BU / ACRE",56.6,BU / ACRE
2016,IA,HUMBOLDT,091,SOYBEANS,"SOYBEANS - YIELD, MEASURED IN BU / ACRE",61.0,BU / ACRE
2017,IA,HUMBOLDT,091,SOYBEANS,"SOYBEANS - YIELD, MEASURED IN BU / ACRE",58.0,BU / ACRE
2018,IA,HUMBOLDT,091,SOYBEANS,"SOYBEANS - YIELD, MEASURED IN BU / ACRE",50.4,BU / ACRE
2019,IA,HUMBOLDT,091,SOYBEANS,"SOYBEANS - YIELD, MEASURED IN BU / ACRE",54.9,BU / ACRE
2020,IA,HUMBOLDT,091,SOYBEANS,"SOYBEANS - YIELD, MEASURED IN BU / ACRE",56.9,BU / ACRE
2021,IA,HUMBOLDT,091,SOYBEANS,"SOYBEANS - YIELD, MEASURED IN BU / ACRE",62.4,BU / ACRE
2022,IA,HUMBOLDT,091,SOYBEANS,"SOYBEANS - YIELD, MEASURED IN BU / ACRE",59.0,BU / ACRE
2023,IA,HUMBOLDT,091,SOYBEANS,"SOYBEANS - YIELD, MEASURED IN BU / ACRE",56.9,BU / ACRE
2024,IA,HUMBOLDT,091,SOYBEANS,"SOYBEANS - YIELD, MEASURED IN BU / ACRE",56.7,BU / ACRE
2025,IA,HUMBOLDT,091,SOYBEANS,"SOYBEANS - YIELD, MEASURED IN BU / ACRE",59.4,BU / ACRE
2010,IA,IDA,093,SOYBEANS,"SOYBEANS - YIELD, MEASURED IN BU / ACRE",55.4,BU / ACRE
2011,IA,IDA,093,SOYBEANS,"SOYBEANS - YIELD, MEASURED IN BU / ACRE",53.3,BU / ACRE
2012,IA,IDA,093,SOYBEANS,"SOYBEANS - YIELD, MEASURED IN BU / ACRE",50.9,BU / ACRE
2013,IA,IDA,093,SOYBEANS,"SOYBEANS - YIELD, MEASURED IN BU / ACRE",51.1,BU / ACRE
2014,IA,IDA,093,SOYBEANS,"SOYBEANS - YIELD, MEASURED IN BU / ACRE",55.7,BU / ACRE
2015,IA,IDA,093,SOYBEANS,"SOYBEANS - YIELD, MEASURED IN BU / ACRE",60.2,BU / ACRE
2016,IA,IDA,093,SOYBEANS,"SOYBEANS - YIELD, MEASURED IN BU / ACRE",67.6,BU / ACRE
2017,IA,IDA,093,SOYBEANS,"SOYBEANS - YIELD, MEASURED IN BU / ACRE",62.1,BU / ACRE
2018,IA,IDA,093,SOYBEANS,"SOYBEANS - YIELD, MEASURED IN BU / ACRE",63.8,BU / ACRE
2020,IA,IDA,093,SOYBEANS,"SOYBEANS - YIELD, MEASURED IN BU / ACRE",55.5,BU / ACRE
2021,IA,IDA,093,SOYBEANS,"SOYBEANS - YIELD, MEASURED IN BU / ACRE",65.6,BU / ACRE
2022,IA,IDA,093,SOYBEANS,"SOYBEANS - YIELD, MEASURED IN BU / ACRE",63.1,BU / ACRE
2023,IA,IDA,093,SOYBEANS,"SOYBEANS - YIELD, MEASURED IN BU / ACRE",56.8,BU / ACRE
2024,IA,IDA,093,SOYBEANS,"SOYBEANS - YIELD, MEASURED IN BU / ACRE",63.5,BU / ACRE
2025,IA,IDA,093,SOYBEANS,"SOYBEANS - YIELD, MEASURED IN BU / ACRE",69.6,BU / ACRE
2010,IA,IOWA,095,SOYBEANS,"SOYBEANS - YIELD, MEASURED IN BU / ACRE",52.3,BU / ACRE
2011,IA,IOWA,095,SOYBEANS,"SOYBEANS - YIELD, MEASURED IN BU / ACRE",55.0,BU / ACRE
2012,IA,IOWA,095,SOYBEANS,"SOYBEANS - YIELD, MEASURED IN BU / ACRE",52.7,BU / ACRE
2013,IA,IOWA,095,SOYBEANS,"SOYBEANS - YIELD, MEASURED IN BU / ACRE",43.4,BU / ACRE
2014,IA,IOWA,095,SOYBEANS,"SOYBEANS - YIELD, MEASURED IN BU / ACRE",53.4,BU / ACRE
2015,IA,IOWA,095,SOYBEANS,"SOYBEANS - YIELD, MEASURED IN BU / ACRE",56.2,BU / ACRE
2016,IA,IOWA,095,SOYBEANS,"SOYBEANS - YIELD, MEASURED IN BU / ACRE",57.4,BU / ACRE
2017,IA,IOWA,095,SOYBEANS,"SOYBEANS - YIELD, MEASURED IN BU / ACRE",56.7,BU / ACRE
2018,IA,IOWA,095,SOYBEANS,"SOYBEANS - YIELD, MEASURED IN BU / ACRE",56.0,BU / ACRE
2019,IA,IOWA,095,SOYBEANS,"SOYBEANS - YIELD, MEASURED IN BU / ACRE",52.3,BU / ACRE
2020,IA,IOWA,095,SOYBEANS,"SOYBEANS - YIELD, MEASURED IN BU / ACRE",49.8,BU / ACRE
2022,IA,IOWA,095,SOYBEANS,"SOYBEANS - YIELD, MEASURED IN BU / ACRE",61.6,BU / ACRE
2023,IA,IOWA,095,SOYBEANS,"SOYBEANS - YIELD, MEASURED IN BU / ACRE",58.2,BU / ACRE
2024,IA,IOWA,095,SOYBEANS,"SOYBEANS - YIELD, MEASURED IN BU / ACRE",60.9,BU / ACRE
2010,IA,JACKSON,097,SOYBEANS,"SOYBEANS - YIELD, MEASURED IN BU / ACRE",52.4,BU / ACRE
2011,IA,JACKSON,097,SOYBEANS,"SOYBEANS - YIELD, MEASURED IN BU / ACRE",56.6,BU / ACRE
2012,IA,JACKSON,097,SOYBEANS,"SOYBEANS - YIELD, MEASURED IN BU / ACRE",47.1,BU / ACRE
2013,IA,JACKSON,097,SOYBEANS,"SOYBEANS - YIELD, MEASURED IN BU / ACRE",50.1,BU / ACRE
2014,IA,JACKSON,097,SOYBEANS,"SOYBEANS - YIELD, MEASURED IN BU / ACRE",54.9,BU / ACRE
2015,IA,JACKSON,097,SOYBEANS,"SOYBEANS - YIELD, MEASURED IN BU / ACRE",58.3,BU / ACRE
2016,IA,JACKSON,097,SOYBEANS,"SOYBEANS - YIELD, MEASURED IN BU / ACRE",61.1,BU / ACRE
2017,IA,JACKSON,097,SOYBEANS,"SOYBEANS - YIELD, MEASURED IN BU / ACRE",59.2,BU / ACRE
2018,IA,JACKSON,097,SOYBEANS,"SOYBEANS - YIELD, MEASURED IN BU / ACRE",58.1,BU / ACRE
2020,IA,JACKSON,097,SOYBEANS,"SOYBEANS - YIELD, MEASURED IN BU / ACRE",54.7,BU / ACRE
2022,IA,JACKSON,097,SOYBEANS,"SOYBEANS - YIELD, MEASURED IN BU / ACRE",66.3,BU / ACRE
2024,IA,JACKSON,097,SOYBEANS,"SOYBEANS - YIELD, MEASURED IN BU / ACRE",64.6,BU / ACRE
2010,IA,JASPER,099,SOYBEANS,"SOYBEANS - YIELD, MEASURED IN BU / ACRE",48.3,BU / ACRE
2011,IA,JASPER,099,SOYBEANS,"SOYBEANS - YIELD, MEASURED IN BU / ACRE",54.6,BU / ACRE
2012,IA,JASPER,099,SOYBEANS,"SOYBEANS - YIELD, MEASURED IN BU / ACRE",50.9,BU / ACRE
2013,IA,JASPER,099,SOYBEANS,"SOYBEANS - YIELD, MEASURED IN BU / ACRE",43.2,BU / ACRE
2014,IA,JASPER,099,SOYBEANS,"SOYBEANS - YIELD, MEASURED IN BU / ACRE",54.6,BU / ACRE
2015,IA,JASPER,099,SOYBEANS,"SOYBEANS - YIELD, MEASURED IN BU / ACRE",57.9,BU / ACRE
2016,IA,JASPER,099,SOYBEANS,"SOYBEANS - YIELD, MEASURED IN BU / ACRE",60.3,BU / ACRE
2017,IA,JASPER,099,SOYBEANS,"SOYBEANS - YIELD, MEASURED IN BU / ACRE",60.5,BU / ACRE
2018,IA,JASPER,099,SOYBEANS,"SOYBEANS - YIELD, MEASURED IN BU / ACRE",60.7,BU / ACRE
2019,IA,JASPER,099,SOYBEANS,"SOYBEANS - YIELD, MEASURED IN BU / ACRE",56.5,BU / ACRE
2021,IA,JASPER,099,SOYBEANS,"SOYBEANS - YIELD, MEASURED IN BU / ACRE",67.3,BU / ACRE
2022,IA,JASPER,099,SOYBEANS,"SOYBEANS - YIELD, MEASURED IN BU / ACRE",60.1,BU / ACRE
2023,IA,JASPER,099,SOYBEANS,"SOYBEANS - YIELD, MEASURED IN BU / ACRE",63.8,BU / ACRE
2010,IA,JEFFERSON,101,SOYBEANS,"SOYBEANS - YIELD, MEASURED IN BU / ACRE",46.8,BU / ACRE
2011,IA,JEFFERSON,101,SOYBEANS,"SOYBEANS - YIELD, MEASURED IN BU / ACRE",41.9,BU / ACRE
2012,IA,JEFFERSON,101,SOYBEANS,"SOYBEANS - YIELD, MEASURED IN BU / ACRE",44.0,BU / ACRE
2013,IA,JEFFERSON,101,SOYBEANS,"SOYBEANS - YIELD, MEASURED IN BU / ACRE",41.1,BU / ACRE
2014,IA,JEFFERSON,101,SOYBEANS,"SOYBEANS - YIELD, MEASURED IN BU / ACRE",47.3,BU / ACRE
2015,IA,JEFFERSON,101,SOYBEANS,"SOYBEANS - YIELD, MEASURED IN BU / ACRE",50.1,BU / ACRE
2016,IA,JEFFERSON,101,SOYBEANS,"SOYBEANS - YIELD, MEASURED IN BU / ACRE",55.1,BU / ACRE
2017,IA,JEFFERSON,101,SOYBEANS,"SOYBEANS - YIELD, MEASURED IN BU / ACRE",46.1,BU / ACRE
2018,IA,JEFFERSON,101,SOYBEANS,"SOYBEANS - YIELD, MEASURED IN BU / ACRE",62.0,BU / ACRE
2019,IA,JEFFERSON,101,SOYBEANS,"SOYBEANS - YIELD, MEASURED IN BU / ACRE",53.3,BU / ACRE
2020,IA,JEFFERSON,101,SOYBEANS,"SOYBEANS - YIELD, MEASURED IN BU / ACRE",53.8,BU / ACRE
2021,IA,JEFFERSON,101,SOYBEANS,"SOYBEANS - YIELD, MEASURED IN BU / ACRE",53.9,BU / ACRE
2022,IA,JEFFERSON,101,SOYBEANS,"SOYBEANS - YIELD, MEASURED IN BU / ACRE",50.7,BU / ACRE
2023,IA,JEFFERSON,101,SOYBEANS,"SOYBEANS - YIELD, MEASURED IN BU / ACRE",57.9,BU / ACRE
2024,IA,JEFFERSON,101,SOYBEANS,"SOYBEANS - YIELD, MEASURED IN BU / ACRE",60.5,BU / ACRE
2025,IA,JEFFERSON,101,SOYBEANS,"SOYBEANS - YIELD, MEASURED IN BU / ACRE",62.9,BU / ACRE
2010,IA,JOHNSON,103,SOYBEANS,"SOYBEANS - YIELD, MEASURED IN BU / ACRE",48.9,BU / ACRE
2011,IA,JOHNSON,103,SOYBEANS,"SOYBEANS - YIELD, MEASURED IN BU / ACRE",55.2,BU / ACRE
2012,IA,JOHNSON,103,SOYBEANS,"SOYBEANS - YIELD, MEASURED IN BU / ACRE",47.4,BU / ACRE
2013,IA,JOHNSON,103,SOYBEANS,"SOYBEANS - YIELD, MEASURED IN BU / ACRE",46.3,BU / ACRE
2014,IA,JOHNSON,103,SOYBEANS,"SOYBEANS - YIELD, MEASURED IN BU / ACRE",50.0,BU / ACRE
2015,IA,JOHNSON,103,SOYBEANS,"SOYBEANS - YIELD, MEASURED IN BU / ACRE",55.4,BU / ACRE
2016,IA,JOHNSON,103,SOYBEANS,"SOYBEANS - YIELD, MEASURED IN BU / ACRE",56.1,BU / ACRE
2017,IA,JOHNSON,103,SOYBEANS,"SOYBEANS - YIELD, MEASURED IN BU / ACRE",56.4,BU / ACRE
2018,IA,JOHNSON,103,SOYBEANS,"SOYBEANS - YIELD, MEASURED IN BU / ACRE",59.9,BU / ACRE
2019,IA,JOHNSON,103,SOYBEANS,"SOYBEANS - YIELD, MEASURED IN BU / ACRE",55.5,BU / ACRE
2020,IA,JOHNSON,103,SOYBEANS,"SOYBEANS - YIELD, MEASURED IN BU / ACRE",51.8,BU / ACRE
2022,IA,JOHNSON,103,SOYBEANS,"SOYBEANS - YIELD, MEASURED IN BU / ACRE",62.1,BU / ACRE
2023,IA,JOHNSON,103,SOYBEANS,"SOYBEANS - YIELD, MEASURED IN BU / ACRE",56.5,BU / ACRE
2024,IA,JOHNSON,103,SOYBEANS,"SOYBEANS - YIELD, MEASURED IN BU / ACRE",63.5,BU / ACRE
2025,IA,JOHNSON,103,SOYBEANS,"SOYBEANS - YIELD, MEASURED IN BU / ACRE",66.2,BU / ACRE
2010,IA,JONES,105,SOYBEANS,"SOYBEANS - YIELD, MEASURED IN BU / ACRE",52.6,BU / ACRE
2011,IA,JONES,105,SOYBEANS,"SOYBEANS - YIELD, MEASURED IN BU / ACRE",60.4,BU / ACRE
2012,IA,JONES,105,SOYBEANS,"SOYBEANS - YIELD, MEASURED IN BU / ACRE",51.6,BU / ACRE
2013,IA,JONES,105,SOYBEANS,"SOYBEANS - YIELD, MEASURED IN BU / ACRE",53.5,BU / ACRE
2014,IA,JONES,105,SOYBEANS,"SOYBEANS - YIELD, MEASURED IN BU / ACRE",52.5,BU / ACRE
2015,IA,JONES,105,SOYBEANS,"SOYBEANS - YIELD, MEASURED IN BU / ACRE",55.2,BU / ACRE
2016,IA,JONES,105,SOYBEANS,"SOYBEANS - YIELD, MEASURED IN BU / ACRE",60.4,BU / ACRE
2017,IA,JONES,105,SOYBEANS,"SOYBEANS - YIELD, MEASURED IN BU / ACRE",54.9,BU / ACRE
2018,IA,JONES,105,SOYBEANS,"SOYBEANS - YIELD, MEASURED IN BU / ACRE",60.1,BU / ACRE
2019,IA,JONES,105,SOYBEANS,"SOYBEANS - YIELD, MEASURED IN BU / ACRE",57.2,BU / ACRE
2020,IA,JONES,105,SOYBEANS,"SOYBEANS - YIELD, MEASURED IN BU / ACRE",54.0,BU / ACRE
2021,IA,JONES,105,SOYBEANS,"SOYBEANS - YIELD, MEASURED IN BU / ACRE",64.5,BU / ACRE
2022,IA,JONES,105,SOYBEANS,"SOYBEANS - YIELD, MEASURED IN BU / ACRE",61.7,BU / ACRE
2023,IA,JONES,105,SOYBEANS,"SOYBEANS - YIELD, MEASURED IN BU / ACRE",54.5,BU / ACRE
2024,IA,JONES,105,SOYBEANS,"SOYBEANS - YIELD, MEASURED IN BU / ACRE",63.8,BU / ACRE
2025,IA,JONES,105,SOYBEANS,"SOYBEANS - YIELD, MEASURED IN BU / ACRE",68.6,BU / ACRE
2010,IA,KEOKUK,107,SOYBEANS,"SOYBEANS - YIELD, MEASURED IN BU / ACRE",45.4,BU / ACRE
2011,IA,KEOKUK,107,SOYBEANS,"SOYBEANS - YIELD, MEASURED IN BU / ACRE",50.6,BU / ACRE
2012,IA,KEOKUK,107,SOYBEANS,"SOYBEANS - YIELD, MEASURED IN BU / ACRE",49.1,BU / ACRE
2013,IA,KEOKUK,107,SOYBEANS,"SOYBEANS - YIELD, MEASURED IN BU / ACRE",41.1,BU / ACRE
2014,IA,KEOKUK,107,SOYBEANS,"SOYBEANS - YIELD, MEASURED IN BU / ACRE",52.6,BU / ACRE
2015,IA,KEOKUK,107,SOYBEANS,"SOYBEANS - YIELD, MEASURED IN BU / ACRE",53.4,BU / ACRE
2016,IA,KEOKUK,107,SOYBEANS,"SOYBEANS - YIELD, MEASURED IN BU / ACRE",57.1,BU / ACRE
2017,IA,KEOKUK,107,SOYBEANS,"SOYBEANS - YIELD, MEASURED IN BU / ACRE",51.6,BU / ACRE
2018,IA,KEOKUK,107,SOYBEANS,"SOYBEANS - YIELD, MEASURED IN BU / ACRE",57.7,BU / ACRE
2019,IA,KEOKUK,107,SOYBEANS,"SOYBEANS - YIELD, MEASURED IN BU / ACRE",55.8,BU / ACRE
2020,IA,KEOKUK,107,SOYBEANS,"SOYBEANS - YIELD, MEASURED IN BU / ACRE",51.6,BU / ACRE
2022,IA,KEOKUK,107,SOYBEANS,"SOYBEANS - YIELD, MEASURED IN BU / ACRE",53.1,BU / ACRE
2023,IA,KEOKUK,107,SOYBEANS,"SOYBEANS - YIELD, MEASURED IN BU / ACRE",61.1,BU / ACRE
2024,IA,KEOKUK,107,SOYBEANS,"SOYBEANS - YIELD, MEASURED IN BU / ACRE",63.1,BU / ACRE
2025,IA,KEOKUK,107,SOYBEANS,"SOYBEANS - YIELD, MEASURED IN BU / ACRE",63.7,BU / ACRE
2010,IA,KOSSUTH,109,SOYBEANS,"SOYBEANS - YIELD, MEASURED IN BU / ACRE",52.9,BU / ACRE
2011,IA,KOSSUTH,109,SOYBEANS,"SOYBEANS - YIELD, MEASURED IN BU / ACRE",49.0,BU / ACRE
2012,IA,KOSSUTH,109,SOYBEANS,"SOYBEANS - YIELD, MEASURED IN BU / ACRE",47.6,BU / ACRE
2013,IA,KOSSUTH,109,SOYBEANS,"SOYBEANS - YIELD, MEASURED IN BU / ACRE",42.9,BU / ACRE
2014,IA,KOSSUTH,109,SOYBEANS,"SOYBEANS - YIELD, MEASURED IN BU / ACRE",46.5,BU / ACRE
2015,IA,KOSSUTH,109,SOYBEANS,"SOYBEANS - YIELD, MEASURED IN BU / ACRE",61.0,BU / ACRE
2016,IA,KOSSUTH,109,SOYBEANS,"SOYBEANS - YIELD, MEASURED IN BU / ACRE",63.4,BU / ACRE
2017,IA,KOSSUTH,109,SOYBEANS,"SOYBEANS - YIELD, MEASURED IN BU / ACRE",60.4,BU / ACRE
2018,IA,KOSSUTH,109,SOYBEANS,"SOYBEANS - YIELD, MEASURED IN BU / ACRE",54.2,BU / ACRE
2019,IA,KOSSUTH,109,SOYBEANS,"SOYBEANS - YIELD, MEASURED IN BU / ACRE",57.4,BU / ACRE
2020,IA,KOSSUTH,109,SOYBEANS,"SOYBEANS - YIELD, MEASURED IN BU / ACRE",60.2,BU / ACRE
2021,IA,KOSSUTH,109,SOYBEANS,"SOYBEANS - YIELD, MEASURED IN BU / ACRE",60.4,BU / ACRE
2022,IA,KOSSUTH,109,SOYBEANS,"SOYBEANS - YIELD, MEASURED IN BU / ACRE",56.2,BU / ACRE
2025,IA,KOSSUTH,109,SOYBEANS,"SOYBEANS - YIELD, MEASURED IN BU / ACRE",59.9,BU / ACRE
2010,IA,LEE,111,SOYBEANS,"SOYBEANS - YIELD, MEASURED IN BU / ACRE",49.3,BU / ACRE
2011,IA,LEE,111,SOYBEANS,"SOYBEANS - YIELD, MEASURED IN BU / ACRE",40.6,BU / ACRE
2012,IA,LEE,111,SOYBEANS,"SOYBEANS - YIELD, MEASURED IN BU / ACRE",43.1,BU / ACRE
2013,IA,LEE,111,SOYBEANS,"SOYBEANS - YIELD, MEASURED IN BU / ACRE",39.4,BU / ACRE
2014,IA,LEE,111,SOYBEANS,"SOYBEANS - YIELD, MEASURED IN BU / ACRE",54.5,BU / ACRE
2015,IA,LEE,111,SOYBEANS,"SOYBEANS - YIELD, MEASURED IN BU / ACRE",47.0,BU / ACRE
2016,IA,LEE,111,SOYBEANS,"SOYBEANS - YIELD, MEASURED IN BU / ACRE",61.4,BU / ACRE
2017,IA,LEE,111,SOYBEANS,"SOYBEANS - YIELD, MEASURED IN BU / ACRE",53.5,BU / ACRE
2018,IA,LEE,111,SOYBEANS,"SOYBEANS - YIELD, MEASURED IN BU / ACRE",64.7,BU / ACRE
2019,IA,LEE,111,SOYBEANS,"SOYBEANS - YIELD, MEASURED IN BU / ACRE",54.8,BU / ACRE
2020,IA,LEE,111,SOYBEANS,"SOYBEANS - YIELD, MEASURED IN BU / ACRE",52.1,BU / ACRE
2021,IA,LEE,111,SOYBEANS,"SOYBEANS - YIELD, MEASURED IN BU / ACRE",59.7,BU / ACRE
2022,IA,LEE,111,SOYBEANS,"SOYBEANS - YIELD, MEASURED IN BU / ACRE",54.6,BU / ACRE
2023,IA,LEE,111,SOYBEANS,"SOYBEANS - YIELD, MEASURED IN BU / ACRE",66.1,BU / ACRE
2024,IA,LEE,111,SOYBEANS,"SOYBEANS - YIELD, MEASURED IN BU / ACRE",66.9,BU / ACRE
2025,IA,LEE,111,SOYBEANS,"SOYBEANS - YIELD, MEASURED IN BU / ACRE",63.0,BU / ACRE
2010,IA,LINN,113,SOYBEANS,"SOYBEANS - YIELD, MEASURED IN BU / ACRE",53.8,BU / ACRE
2011,IA,LINN,113,SOYBEANS,"SOYBEANS - YIELD, MEASURED IN BU / ACRE",57.1,BU / ACRE
2012,IA,LINN,113,SOYBEANS,"SOYBEANS - YIELD, MEASURED IN BU / ACRE",46.1,BU / ACRE
2013,IA,LINN,113,SOYBEANS,"SOYBEANS - YIELD, MEASURED IN BU / ACRE",46.2,BU / ACRE
2014,IA,LINN,113,SOYBEANS,"SOYBEANS - YIELD, MEASURED IN BU / ACRE",51.1,BU / ACRE
2015,IA,LINN,113,SOYBEANS,"SOYBEANS - YIELD, MEASURED IN BU / ACRE",56.2,BU / ACRE
2016,IA,LINN,113,SOYBEANS,"SOYBEANS - YIELD, MEASURED IN BU / ACRE",60.0,BU / ACRE
2017,IA,LINN,113,SOYBEANS,"SOYBEANS - YIELD, MEASURED IN BU / ACRE",56.0,BU / ACRE
2018,IA,LINN,113,SOYBEANS,"SOYBEANS - YIELD, MEASURED IN BU / ACRE",57.7,BU / ACRE
2019,IA,LINN,113,SOYBEANS,"SOYBEANS - YIELD, MEASURED IN BU / ACRE",56.5,BU / ACRE
2022,IA,LINN,113,SOYBEANS,"SOYBEANS - YIELD, MEASURED IN BU / ACRE",64.6,BU / ACRE
2023,IA,LINN,113,SOYBEANS,"SOYBEANS - YIELD, MEASURED IN BU / ACRE",48.1,BU / ACRE
2025,IA,LINN,113,SOYBEANS,"SOYBEANS - YIELD, MEASURED IN BU / ACRE",66.4,BU / ACRE
2010,IA,LOUISA,115,SOYBEANS,"SOYBEANS - YIELD, MEASURED IN BU / ACRE",47.7,BU / ACRE
2011,IA,LOUISA,115,SOYBEANS,"SOYBEANS - YIELD, MEASURED IN BU / ACRE",51.1,BU / ACRE
2012,IA,LOUISA,115,SOYBEANS,"SOYBEANS - YIELD, MEASURED IN BU / ACRE",52.3,BU / ACRE
2013,IA,LOUISA,115,SOYBEANS,"SOYBEANS - YIELD, MEASURED IN BU / ACRE",41.9,BU / ACRE
2014,IA,LOUISA,115,SOYBEANS,"SOYBEANS - YIELD, MEASURED IN BU / ACRE",53.8,BU / ACRE
2015,IA,LOUISA,115,SOYBEANS,"SOYBEANS - YIELD, MEASURED IN BU / ACRE",57.5,BU / ACRE
2016,IA,LOUISA,115,SOYBEANS,"SOYBEANS - YIELD, MEASURED IN BU / ACRE",56.4,BU / ACRE
2017,IA,LOUISA,115,SOYBEANS,"SOYBEANS - YIELD, MEASURED IN BU / ACRE",59.0,BU / ACRE
2018,IA,LOUISA,115,SOYBEANS,"SOYBEANS - YIELD, MEASURED IN BU / ACRE",58.1,BU / ACRE
2019,IA,LOUISA,115,SOYBEANS,"SOYBEANS - YIELD, MEASURED IN BU / ACRE",54.3,BU / ACRE
2020,IA,LOUISA,115,SOYBEANS,"SOYBEANS - YIELD, MEASURED IN BU / ACRE",53.3,BU / ACRE
2022,IA,LOUISA,115,SOYBEANS,"SOYBEANS - YIELD, MEASURED IN BU / ACRE",61.4,BU / ACRE
2024,IA,LOUISA,115,SOYBEANS,"SOYBEANS - YIELD, MEASURED IN BU / ACRE",64.4,BU / ACRE
2010,IA,LUCAS,117,SOYBEANS,"SOYBEANS - YIELD, MEASURED IN BU / ACRE",41.8,BU / ACRE
2011,IA,LUCAS,117,SOYBEANS,"SOYBEANS - YIELD, MEASURED IN BU / ACRE",43.1,BU / ACRE
2012,IA,LUCAS,117,SOYBEANS,"SOYBEANS - YIELD, MEASURED IN BU / ACRE",36.0,BU / ACRE
2013,IA,LUCAS,117,SOYBEANS,"SOYBEANS - YIELD, MEASURED IN BU / ACRE",33.4,BU / ACRE
2014,IA,LUCAS,117,SOYBEANS,"SOYBEANS - YIELD, MEASURED IN BU / ACRE",45.8,BU / ACRE
2015,IA,LUCAS,117,SOYBEANS,"SOYBEANS - YIELD, MEASURED IN BU / ACRE",49.1,BU / ACRE
2016,IA,LUCAS,117,SOYBEANS,"SOYBEANS - YIELD, MEASURED IN BU / ACRE",54.4,BU / ACRE
2017,IA,LUCAS,117,SOYBEANS,"SOYBEANS - YIELD, MEASURED IN BU / ACRE",41.4,BU / ACRE
2018,IA,LUCAS,117,SOYBEANS,"SOYBEANS - YIELD, MEASURED IN BU / ACRE",41.5,BU / ACRE
2020,IA,LUCAS,117,SOYBEANS,"SOYBEANS - YIELD, MEASURED IN BU / ACRE",43.8,BU / ACRE
2021,IA,LUCAS,117,SOYBEANS,"SOYBEANS - YIELD, MEASURED IN BU / ACRE",54.1,BU / ACRE
2022,IA,LUCAS,117,SOYBEANS,"SOYBEANS - YIELD, MEASURED IN BU / ACRE",43.1,BU / ACRE
2023,IA,LUCAS,117,SOYBEANS,"SOYBEANS - YIELD, MEASURED IN BU / ACRE",51.7,BU / ACRE
2025,IA,LUCAS,117,SOYBEANS,"SOYBEANS - YIELD, MEASURED IN BU / ACRE",57.2,BU / ACRE
2010,IA,LYON,119,SOYBEANS,"SOYBEANS - YIELD, MEASURED IN BU / ACRE",54.7,BU / ACRE
2011,IA,LYON,119,SOYBEANS,"SOYBEANS - YIELD, MEASURED IN BU / ACRE",53.5,BU / ACRE
2012,IA,LYON,119,SOYBEANS,"SOYBEANS - YIELD, MEASURED IN BU / ACRE",51.8,BU / ACRE
2013,IA,LYON,119,SOYBEANS,"SOYBEANS - YIELD, MEASURED IN BU / ACRE",57.9,BU / ACRE
2014,IA,LYON,119,SOYBEANS,"SOYBEANS - YIELD, MEASURED IN BU / ACRE",53.7,BU / ACRE
2015,IA,LYON,119,SOYBEANS,"SOYBEANS - YIELD, MEASURED IN BU / ACRE",61.1,BU / ACRE
2016,IA,LYON,119,SOYBEANS,"SOYBEANS - YIELD, MEASURED IN BU / ACRE",66.1,BU / ACRE
2017,IA,LYON,119,SOYBEANS,"SOYBEANS - YIELD, MEASURED IN BU / ACRE",63.8,BU / ACRE
2018,IA,LYON,119,SOYBEANS,"SOYBEANS - YIELD, MEASURED IN BU / ACRE",60.6,BU / ACRE
2019,IA,LYON,119,SOYBEANS,"SOYBEANS - YIELD, MEASURED IN BU / ACRE",54.8,BU / ACRE
2020,IA,LYON,119,SOYBEANS,"SOYBEANS - YIELD, MEASURED IN BU / ACRE",60.8,BU / ACRE
2021,IA,LYON,119,SOYBEANS,"SOYBEANS - YIELD, MEASURED IN BU / ACRE",63.6,BU / ACRE
2022,IA,LYON,119,SOYBEANS,"SOYBEANS - YIELD, MEASURED IN BU / ACRE",62.2,BU / ACRE
2010,IA,MADISON,121,SOYBEANS,"SOYBEANS - YIELD, MEASURED IN BU / ACRE",48.6,BU / ACRE
2011,IA,MADISON,121,SOYBEANS,"SOYBEANS - YIELD, MEASURED IN BU / ACRE",46.5,BU / ACRE
2012,IA,MADISON,121,SOYBEANS,"SOYBEANS - YIELD, MEASURED IN BU / ACRE",36.7,BU / ACRE
2013,IA,MADISON,121,SOYBEANS,"SOYBEANS - YIELD, MEASURED IN BU / ACRE",39.1,BU / ACRE
2014,IA,MADISON,121,SOYBEANS,"SOYBEANS - YIELD, MEASURED IN BU / ACRE",46.5,BU / ACRE
2015,IA,MADISON,121,SOYBEANS,"SOYBEANS - YIELD, MEASURED IN BU / ACRE",53.9,BU / ACRE
2016,IA,MADISON,121,SOYBEANS,"SOYBEANS - YIELD, MEASURED IN BU / ACRE",57.1,BU / ACRE
2017,IA,MADISON,121,SOYBEANS,"SOYBEANS - YIELD, MEASURED IN BU / ACRE",52.5,BU / ACRE
2018,IA,MADISON,121,SOYBEANS,"SOYBEANS - YIELD, MEASURED IN BU / ACRE",50.9,BU / ACRE
2019,IA,MADISON,121,SOYBEANS,"SOYBEANS - YIELD, MEASURED IN BU / ACRE",52.3,BU / ACRE
2020,IA,MADISON,121,SOYBEANS,"SOYBEANS - YIELD, MEASURED IN BU / ACRE",51.4,BU / ACRE
2021,IA,MADISON,121,SOYBEANS,"SOYBEANS - YIELD, MEASURED IN BU / ACRE",58.8,BU / ACRE
2022,IA,MADISON,121,SOYBEANS,"SOYBEANS - YIELD, MEASURED IN BU / ACRE",55.4,BU / ACRE
2023,IA,MADISON,121,SOYBEANS,"SOYBEANS - YIELD, MEASURED IN BU / ACRE",61.3,BU / ACRE
2025,IA,MADISON,121,SOYBEANS,"SOYBEANS - YIELD, MEASURED IN BU / ACRE",60.3,BU / ACRE
2010,IA,MAHASKA,123,SOYBEANS,"SOYBEANS - YIELD, MEASURED IN BU / ACRE",47.2,BU / ACRE
2011,IA,MAHASKA,123,SOYBEANS,"SOYBEANS - YIELD, MEASURED IN BU / ACRE",52.7,BU / ACRE
2012,IA,MAHASKA,123,SOYBEANS,"SOYBEANS - YIELD, MEASURED IN BU / ACRE",51.2,BU / ACRE
2013,IA,MAHASKA,123,SOYBEANS,"SOYBEANS - YIELD, MEASURED IN BU / ACRE",44.8,BU / ACRE
2014,IA,MAHASKA,123,SOYBEANS,"SOYBEANS - YIELD, MEASURED IN BU / ACRE",48.9,BU / ACRE
2015,IA,MAHASKA,123,SOYBEANS,"SOYBEANS - YIELD, MEASURED IN BU / ACRE",55.6,BU / ACRE
2016,IA,MAHASKA,123,SOYBEANS,"SOYBEANS - YIELD, MEASURED IN BU / ACRE",59.1,BU / ACRE
2017,IA,MAHASKA,123,SOYBEANS,"SOYBEANS - YIELD, MEASURED IN BU / ACRE",54.4,BU / ACRE
2018,IA,MAHASKA,123,SOYBEANS,"SOYBEANS - YIELD, MEASURED IN BU / ACRE",59.7,BU / ACRE
2019,IA,MAHASKA,123,SOYBEANS,"SOYBEANS - YIELD, MEASURED IN BU / ACRE",53.7,BU / ACRE
2021,IA,MAHASKA,123,SOYBEANS,"SOYBEANS - YIELD, MEASURED IN BU / ACRE",62.0,BU / ACRE
2022,IA,MAHASKA,123,SOYBEANS,"SOYBEANS - YIELD, MEASURED IN BU / ACRE",59.3,BU / ACRE
2023,IA,MAHASKA,123,SOYBEANS,"SOYBEANS - YIELD, MEASURED IN BU / ACRE",62.7,BU / ACRE
2024,IA,MAHASKA,123,SOYBEANS,"SOYBEANS - YIELD, MEASURED IN BU / ACRE",66.7,BU / ACRE
2025,IA,MAHASKA,123,SOYBEANS,"SOYBEANS - YIELD, MEASURED IN BU / ACRE",65.5,BU / ACRE
2010,IA,MARION,125,SOYBEANS,"SOYBEANS - YIELD, MEASURED IN BU / ACRE",46.9,BU / ACRE
2011,IA,MARION,125,SOYBEANS,"SOYBEANS - YIELD, MEASURED IN BU / ACRE",48.8,BU / ACRE
2012,IA,MARION,125,SOYBEANS,"SOYBEANS - YIELD, MEASURED IN BU / ACRE",45.6,BU / ACRE
2013,IA,MARION,125,SOYBEANS,"SOYBEANS - YIELD, MEASURED IN BU / ACRE",45.0,BU / ACRE
2014,IA,MARION,125,SOYBEANS,"SOYBEANS - YIELD, MEASURED IN BU / ACRE",47.0,BU / ACRE
2015,IA,MARION,125,SOYBEANS,"SOYBEANS - YIELD, MEASURED IN BU / ACRE",56.0,BU / ACRE
2016,IA,MARION,125,SOYBEANS,"SOYBEANS - YIELD, MEASURED IN BU / ACRE",56.6,BU / ACRE
2017,IA,MARION,125,SOYBEANS,"SOYBEANS - YIELD, MEASURED IN BU / ACRE",52.9,BU / ACRE
2018,IA,MARION,125,SOYBEANS,"SOYBEANS - YIELD, MEASURED IN BU / ACRE",58.3,BU / ACRE
2019,IA,MARION,125,SOYBEANS,"SOYBEANS - YIELD, MEASURED IN BU / ACRE",54.0,BU / ACRE
2021,IA,MARION,125,SOYBEANS,"SOYBEANS - YIELD, MEASURED IN BU / ACRE",60.6,BU / ACRE
2022,IA,MARION,125,SOYBEANS,"SOYBEANS - YIELD, MEASURED IN BU / ACRE",57.8,BU / ACRE
2023,IA,MARION,125,SOYBEANS,"SOYBEANS - YIELD, MEASURED IN BU / ACRE",56.0,BU / ACRE
2024,IA,MARION,125,SOYBEANS,"SOYBEANS - YIELD, MEASURED IN BU / ACRE",63.6,BU / ACRE
2025,IA,MARION,125,SOYBEANS,"SOYBEANS - YIELD, MEASURED IN BU / ACRE",64.1,BU / ACRE
2010,IA,MARSHALL,127,SOYBEANS,"SOYBEANS - YIELD, MEASURED IN BU / ACRE",57.4,BU / ACRE
2011,IA,MARSHALL,127,SOYBEANS,"SOYBEANS - YIELD, MEASURED IN BU / ACRE",57.0,BU / ACRE
2012,IA,MARSHALL,127,SOYBEANS,"SOYBEANS - YIELD, MEASURED IN BU / ACRE",56.2,BU / ACRE
2013,IA,MARSHALL,127,SOYBEANS,"SOYBEANS - YIELD, MEASURED IN BU / ACRE",46.9,BU / ACRE
2014,IA,MARSHALL,127,SOYBEANS,"SOYBEANS - YIELD, MEASURED IN BU / ACRE",55.1,BU / ACRE
2015,IA,MARSHALL,127,SOYBEANS,"SOYBEANS - YIELD, MEASURED IN BU / ACRE",59.4,BU / ACRE
2016,IA,MARSHALL,127,SOYBEANS,"SOYBEANS - YIELD, MEASURED IN BU / ACRE",62.6,BU / ACRE
2017,IA,MARSHALL,127,SOYBEANS,"SOYBEANS - YIELD, MEASURED IN BU / ACRE",63.5,BU / ACRE
2018,IA,MARSHALL,127,SOYBEANS,"SOYBEANS - YIELD, MEASURED IN BU / ACRE",61.9,BU / ACRE
2019,IA,MARSHALL,127,SOYBEANS,"SOYBEANS - YIELD, MEASURED IN BU / ACRE",60.6,BU / ACRE
2021,IA,MARSHALL,127,SOYBEANS,"SOYBEANS - YIELD, MEASURED IN BU / ACRE",67.1,BU / ACRE
2022,IA,MARSHALL,127,SOYBEANS,"SOYBEANS - YIELD, MEASURED IN BU / ACRE",65.0,BU / ACRE
2023,IA,MARSHALL,127,SOYBEANS,"SOYBEANS - YIELD, MEASURED IN BU / ACRE",61.7,BU / ACRE
2010,IA,MILLS,129,SOYBEANS,"SOYBEANS - YIELD, MEASURED IN BU / ACRE",51.0,BU / ACRE
2011,IA,MILLS,129,SOYBEANS,"SOYBEANS - YIELD, MEASURED IN BU / ACRE",45.4,BU / ACRE
2012,IA,MILLS,129,SOYBEANS,"SOYBEANS - YIELD, MEASURED IN BU / ACRE",38.0,BU / ACRE
2013,IA,MILLS,129,SOYBEANS,"SOYBEANS - YIELD, MEASURED IN BU / ACRE",50.1,BU / ACRE
2014,IA,MILLS,129,SOYBEANS,"SOYBEANS - YIELD, MEASURED IN BU / ACRE",54.5,BU / ACRE
2016,IA,MILLS,129,SOYBEANS,"SOYBEANS - YIELD, MEASURED IN BU / ACRE",56.3,BU / ACRE
2017,IA,MILLS,129,SOYBEANS,"SOYBEANS - YIELD, MEASURED IN BU / ACRE",55.7,BU / ACRE
2020,IA,MILLS,129,SOYBEANS,"SOYBEANS - YIELD, MEASURED IN BU / ACRE",49.3,BU / ACRE
2022,IA,MILLS,129,SOYBEANS,"SOYBEANS - YIELD, MEASURED IN BU / ACRE",52.1,BU / ACRE
2023,IA,MILLS,129,SOYBEANS,"SOYBEANS - YIELD, MEASURED IN BU / ACRE",53.3,BU / ACRE
2024,IA,MILLS,129,SOYBEANS,"SOYBEANS - YIELD, MEASURED IN BU / ACRE",61.1,BU / ACRE
2025,IA,MILLS,129,SOYBEANS,"SOYBEANS - YIELD, MEASURED IN BU / ACRE",62.7,BU / ACRE
2010,IA,MITCHELL,131,SOYBEANS,"SOYBEANS - YIELD, MEASURED IN BU / ACRE",54.2,BU / ACRE
2011,IA,MITCHELL,131,SOYBEANS,"SOYBEANS - YIELD, MEASURED IN BU / ACRE",51.0,BU / ACRE
2012,IA,MITCHELL,131,SOYBEANS,"SOYBEANS - YIELD, MEASURED IN BU / ACRE",42.5,BU / ACRE
2013,IA,MITCHELL,131,SOYBEANS,"SOYBEANS - YIELD, MEASURED IN BU / ACRE",40.8,BU / ACRE
2014,IA,MITCHELL,131,SOYBEANS,"SOYBEANS - YIELD, MEASURED IN BU / ACRE",49.2,BU / ACRE
2015,IA,MITCHELL,131,SOYBEANS,"SOYBEANS - YIELD, MEASURED IN BU / ACRE",59.7,BU / ACRE
2016,IA,MITCHELL,131,SOYBEANS,"SOYBEANS - YIELD, MEASURED IN BU / ACRE",61.0,BU / ACRE
2017,IA,MITCHELL,131,SOYBEANS,"SOYBEANS - YIELD, MEASURED IN BU / ACRE",54.4,BU / ACRE
2018,IA,MITCHELL,131,SOYBEANS,"SOYBEANS - YIELD, MEASURED IN BU / ACRE",55.6,BU / ACRE
2019,IA,MITCHELL,131,SOYBEANS,"SOYBEANS - YIELD, MEASURED IN BU / ACRE",49.8,BU / ACRE
2020,IA,MITCHELL,131,SOYBEANS,"SOYBEANS - YIELD, MEASURED IN BU / ACRE",59.4,BU / ACRE
2021,IA,MITCHELL,131,SOYBEANS,"SOYBEANS - YIELD, MEASURED IN BU / ACRE",62.5,BU / ACRE
2022,IA,MITCHELL,131,SOYBEANS,"SOYBEANS - YIELD, MEASURED IN BU / ACRE",64.6,BU / ACRE
2023,IA,MITCHELL,131,SOYBEANS,"SOYBEANS - YIELD, MEASURED IN BU / ACRE",46.9,BU / ACRE
2024,IA,MITCHELL,131,SOYBEANS,"SOYBEANS - YIELD, MEASURED IN BU / ACRE",62.0,BU / ACRE
2025,IA,MITCHELL,131,SOYBEANS,"SOYBEANS - YIELD, MEASURED IN BU / ACRE",62.4,BU / ACRE
2010,IA,MONONA,133,SOYBEANS,"SOYBEANS - YIELD, MEASURED IN BU / ACRE",48.7,BU / ACRE
2011,IA,MONONA,133,SOYBEANS,"SOYBEANS - YIELD, MEASURED IN BU / ACRE",45.4,BU / ACRE
2012,IA,MONONA,133,SOYBEANS,"SOYBEANS - YIELD, MEASURED IN BU / ACRE",36.3,BU / ACRE
2013,IA,MONONA,133,SOYBEANS,"SOYBEANS - YIELD, MEASURED IN BU / ACRE",52.5,BU / ACRE
2014,IA,MONONA,133,SOYBEANS,"SOYBEANS - YIELD, MEASURED IN BU / ACRE",47.2,BU / ACRE
2015,IA,MONONA,133,SOYBEANS,"SOYBEANS - YIELD, MEASURED IN BU / ACRE",52.4,BU / ACRE
2016,IA,MONONA,133,SOYBEANS,"SOYBEANS - YIELD, MEASURED IN BU / ACRE",56.1,BU / ACRE
2017,IA,MONONA,133,SOYBEANS,"SOYBEANS - YIELD, MEASURED IN BU / ACRE",57.1,BU / ACRE
2018,IA,MONONA,133,SOYBEANS,"SOYBEANS - YIELD, MEASURED IN BU / ACRE",55.3,BU / ACRE
2019,IA,MONONA,133,SOYBEANS,"SOYBEANS - YIELD, MEASURED IN BU / ACRE",55.8,BU / ACRE
2020,IA,MONONA,133,SOYBEANS,"SOYBEANS - YIELD, MEASURED IN BU / ACRE",56.0,BU / ACRE
2021,IA,MONONA,133,SOYBEANS,"SOYBEANS - YIELD, MEASURED IN BU / ACRE",61.8,BU / ACRE
2022,IA,MONONA,133,SOYBEANS,"SOYBEANS - YIELD, MEASURED IN BU / ACRE",48.6,BU / ACRE
2023,IA,MONONA,133,SOYBEANS,"SOYBEANS - YIELD, MEASURED IN BU / ACRE",50.9,BU / ACRE
2024,IA,MONONA,133,SOYBEANS,"SOYBEANS - YIELD, MEASURED IN BU / ACRE",55.2,BU / ACRE
2025,IA,MONONA,133,SOYBEANS,"SOYBEANS - YIELD, MEASURED IN BU / ACRE",62.0,BU / ACRE
2010,IA,MONROE,135,SOYBEANS,"SOYBEANS - YIELD, MEASURED IN BU / ACRE",44.8,BU / ACRE
2011,IA,MONROE,135,SOYBEANS,"SOYBEANS - YIELD, MEASURED IN BU / ACRE",42.4,BU / ACRE
2012,IA,MONROE,135,SOYBEANS,"SOYBEANS - YIELD, MEASURED IN BU / ACRE",32.9,BU / ACRE
2013,IA,MONROE,135,SOYBEANS,"SOYBEANS - YIELD, MEASURED IN BU / ACRE",29.0,BU / ACRE
2014,IA,MONROE,135,SOYBEANS,"SOYBEANS - YIELD, MEASURED IN BU / ACRE",48.9,BU / ACRE
2015,IA,MONROE,135,SOYBEANS,"SOYBEANS - YIELD, MEASURED IN BU / ACRE",50.9,BU / ACRE
2016,IA,MONROE,135,SOYBEANS,"SOYBEANS - YIELD, MEASURED IN BU / ACRE",57.3,BU / ACRE
2017,IA,MONROE,135,SOYBEANS,"SOYBEANS - YIELD, MEASURED IN BU / ACRE",51.0,BU / ACRE
2018,IA,MONROE,135,SOYBEANS,"SOYBEANS - YIELD, MEASURED IN BU / ACRE",50.4,BU / ACRE
2019,IA,MONROE,135,SOYBEANS,"SOYBEANS - YIELD, MEASURED IN BU / ACRE",56.1,BU / ACRE
2020,IA,MONROE,135,SOYBEANS,"SOYBEANS - YIELD, MEASURED IN BU / ACRE",45.4,BU / ACRE
2021,IA,MONROE,135,SOYBEANS,"SOYBEANS - YIELD, MEASURED IN BU / ACRE",59.3,BU / ACRE
2022,IA,MONROE,135,SOYBEANS,"SOYBEANS - YIELD, MEASURED IN BU / ACRE",47.4,BU / ACRE
2023,IA,MONROE,135,SOYBEANS,"SOYBEANS - YIELD, MEASURED IN BU / ACRE",50.9,BU / ACRE
2024,IA,MONROE,135,SOYBEANS,"SOYBEANS - YIELD, MEASURED IN BU / ACRE",56.3,BU / ACRE
2025,IA,MONROE,135,SOYBEANS,"SOYBEANS - YIELD, MEASURED IN BU / ACRE",59.0,BU / ACRE
2010,IA,MONTGOMERY,137,SOYBEANS,"SOYBEANS - YIELD, MEASURED IN BU / ACRE",49.7,BU / ACRE
2011,IA,MONTGOMERY,137,SOYBEANS,"SOYBEANS - YIELD, MEASURED IN BU / ACRE",45.9,BU / ACRE
2012,IA,MONTGOMERY,137,SOYBEANS,"SOYBEANS - YIELD, MEASURED IN BU / ACRE",42.6,BU / ACRE
2013,IA,MONTGOMERY,137,SOYBEANS,"SOYBEANS - YIELD, MEASURED IN BU / ACRE",45.9,BU / ACRE
2014,IA,MONTGOMERY,137,SOYBEANS,"SOYBEANS - YIELD, MEASURED IN BU / ACRE",50.0,BU / ACRE
2015,IA,MONTGOMERY,137,SOYBEANS,"SOYBEANS - YIELD, MEASURED IN BU / ACRE",51.0,BU / ACRE
2016,IA,MONTGOMERY,137,SOYBEANS,"SOYBEANS - YIELD, MEASURED IN BU / ACRE",57.8,BU / ACRE
2017,IA,MONTGOMERY,137,SOYBEANS,"SOYBEANS - YIELD, MEASURED IN BU / ACRE",56.2,BU / ACRE
2018,IA,MONTGOMERY,137,SOYBEANS,"SOYBEANS - YIELD, MEASURED IN BU / ACRE",51.8,BU / ACRE
2019,IA,MONTGOMERY,137,SOYBEANS,"SOYBEANS - YIELD, MEASURED IN BU / ACRE",58.3,BU / ACRE
2020,IA,MONTGOMERY,137,SOYBEANS,"SOYBEANS - YIELD, MEASURED IN BU / ACRE",49.2,BU / ACRE
2021,IA,MONTGOMERY,137,SOYBEANS,"SOYBEANS - YIELD, MEASURED IN BU / ACRE",63.0,BU / ACRE
2022,IA,MONTGOMERY,137,SOYBEANS,"SOYBEANS - YIELD, MEASURED IN BU / ACRE",54.8,BU / ACRE
2023,IA,MONTGOMERY,137,SOYBEANS,"SOYBEANS - YIELD, MEASURED IN BU / ACRE",54.6,BU / ACRE
2024,IA,MONTGOMERY,137,SOYBEANS,"SOYBEANS - YIELD, MEASURED IN BU / ACRE",61.6,BU / ACRE
2025,IA,MONTGOMERY,137,SOYBEANS,"SOYBEANS - YIELD, MEASURED IN BU / ACRE",62.7,BU / ACRE
2010,IA,MUSCATINE,139,SOYBEANS,"SOYBEANS - YIELD, MEASURED IN BU / ACRE",48.9,BU / ACRE
2011,IA,MUSCATINE,139,SOYBEANS,"SOYBEANS - YIELD, MEASURED IN BU / ACRE",56.7,BU / ACRE
2012,IA,MUSCATINE,139,SOYBEANS,"SOYBEANS - YIELD, MEASURED IN BU / ACRE",52.1,BU / ACRE
2013,IA,MUSCATINE,139,SOYBEANS,"SOYBEANS - YIELD, MEASURED IN BU / ACRE",47.1,BU / ACRE
2014,IA,MUSCATINE,139,SOYBEANS,"SOYBEANS - YIELD, MEASURED IN BU / ACRE",56.7,BU / ACRE
2015,IA,MUSCATINE,139,SOYBEANS,"SOYBEANS - YIELD, MEASURED IN BU / ACRE",56.2,BU / ACRE
2016,IA,MUSCATINE,139,SOYBEANS,"SOYBEANS - YIELD, MEASURED IN BU / ACRE",60.8,BU / ACRE
2017,IA,MUSCATINE,139,SOYBEANS,"SOYBEANS - YIELD, MEASURED IN BU / ACRE",60.3,BU / ACRE
2018,IA,MUSCATINE,139,SOYBEANS,"SOYBEANS - YIELD, MEASURED IN BU / ACRE",61.7,BU / ACRE
2019,IA,MUSCATINE,139,SOYBEANS,"SOYBEANS - YIELD, MEASURED IN BU / ACRE",55.2,BU / ACRE
2020,IA,MUSCATINE,139,SOYBEANS,"SOYBEANS - YIELD, MEASURED IN BU / ACRE",55.6,BU / ACRE
2021,IA,MUSCATINE,139,SOYBEANS,"SOYBEANS - YIELD, MEASURED IN BU / ACRE",62.6,BU / ACRE
2022,IA,MUSCATINE,139,SOYBEANS,"SOYBEANS - YIELD, MEASURED IN BU / ACRE",65.5,BU / ACRE
2023,IA,MUSCATINE,139,SOYBEANS,"SOYBEANS - YIELD, MEASURED IN BU / ACRE",62.4,BU / ACRE
2024,IA,MUSCATINE,139,SOYBEANS,"SOYBEANS - YIELD, MEASURED IN BU / ACRE",62.6,BU / ACRE
2025,IA,MUSCATINE,139,SOYBEANS,"SOYBEANS - YIELD, MEASURED IN BU / ACRE",67.3,BU / ACRE
2010,IA,O BRIEN,141,SOYBEANS,"SOYBEANS - YIELD, MEASURED IN BU / ACRE",52.9,BU / ACRE
2011,IA,O BRIEN,141,SOYBEANS,"SOYBEANS - YIELD, MEASURED IN BU / ACRE",55.4,BU / ACRE
2012,IA,O BRIEN,141,SOYBEANS,"SOYBEANS - YIELD, MEASURED IN BU / ACRE",50.5,BU / ACRE
2013,IA,O BRIEN,141,SOYBEANS,"SOYBEANS - YIELD, MEASURED IN BU / ACRE",57.3,BU / ACRE
2014,IA,O BRIEN,141,SOYBEANS,"SOYBEANS - YIELD, MEASURED IN BU / ACRE",55.7,BU / ACRE
2015,IA,O BRIEN,141,SOYBEANS,"SOYBEANS - YIELD, MEASURED IN BU / ACRE",62.6,BU / ACRE
2016,IA,O BRIEN,141,SOYBEANS,"SOYBEANS - YIELD, MEASURED IN BU / ACRE",63.9,BU / ACRE
2017,IA,O BRIEN,141,SOYBEANS,"SOYBEANS - YIELD, MEASURED IN BU / ACRE",62.3,BU / ACRE
2018,IA,O BRIEN,141,SOYBEANS,"SOYBEANS - YIELD, MEASURED IN BU / ACRE",59.9,BU / ACRE
2019,IA,O BRIEN,141,SOYBEANS,"SOYBEANS - YIELD, MEASURED IN BU / ACRE",56.0,BU / ACRE
2020,IA,O BRIEN,141,SOYBEANS,"SOYBEANS - YIELD, MEASURED IN BU / ACRE",62.0,BU / ACRE
2021,IA,O BRIEN,141,SOYBEANS,"SOYBEANS - YIELD, MEASURED IN BU / ACRE",66.4,BU / ACRE
2022,IA,O BRIEN,141,SOYBEANS,"SOYBEANS - YIELD, MEASURED IN BU / ACRE",59.4,BU / ACRE
2023,IA,O BRIEN,141,SOYBEANS,"SOYBEANS - YIELD, MEASURED IN BU / ACRE",65.4,BU / ACRE
2024,IA,O BRIEN,141,SOYBEANS,"SOYBEANS - YIELD, MEASURED IN BU / ACRE",56.4,BU / ACRE
2025,IA,O BRIEN,141,SOYBEANS,"SOYBEANS - YIELD, MEASURED IN BU / ACRE",63.7,BU / ACRE
2010,IA,OSCEOLA,143,SOYBEANS,"SOYBEANS - YIELD, MEASURED IN BU / ACRE",52.7,BU / ACRE
2011,IA,OSCEOLA,143,SOYBEANS,"SOYBEANS - YIELD, MEASURED IN BU / ACRE",51.6,BU / ACRE
2012,IA,OSCEOLA,143,SOYBEANS,"SOYBEANS - YIELD, MEASURED IN BU / ACRE",50.4,BU / ACRE
2013,IA,OSCEOLA,143,SOYBEANS,"SOYBEANS - YIELD, MEASURED IN BU / ACRE",49.0,BU / ACRE
2014,IA,OSCEOLA,143,SOYBEANS,"SOYBEANS - YIELD, MEASURED IN BU / ACRE",52.2,BU / ACRE
2015,IA,OSCEOLA,143,SOYBEANS,"SOYBEANS - YIELD, MEASURED IN BU / ACRE",59.8,BU / ACRE
2016,IA,OSCEOLA,143,SOYBEANS,"SOYBEANS - YIELD, MEASURED IN BU / ACRE",56.1,BU / ACRE
2017,IA,OSCEOLA,143,SOYBEANS,"SOYBEANS - YIELD, MEASURED IN BU / ACRE",59.7,BU / ACRE
2018,IA,OSCEOLA,143,SOYBEANS,"SOYBEANS - YIELD, MEASURED IN BU / ACRE",57.2,BU / ACRE
2019,IA,OSCEOLA,143,SOYBEANS,"SOYBEANS - YIELD, MEASURED IN BU / ACRE",50.5,BU / ACRE
2021,IA,OSCEOLA,143,SOYBEANS,"SOYBEANS - YIELD, MEASURED IN BU / ACRE",62.9,BU / ACRE
2022,IA,OSCEOLA,143,SOYBEANS,"SOYBEANS - YIELD, MEASURED IN BU / ACRE",56.3,BU / ACRE
2023,IA,OSCEOLA,143,SOYBEANS,"SOYBEANS - YIELD, MEASURED IN BU / ACRE",61.9,BU / ACRE
2025,IA,OSCEOLA,143,SOYBEANS,"SOYBEANS - YIELD, MEASURED IN BU / ACRE",64.6,BU / ACRE
2015,IA,OTHER (COMBINED) COUNTIES,998,SOYBEANS,"SOYBEANS - YIELD, MEASURED IN BU / ACRE",48.1,BU / ACRE
2017,IA,OTHER (COMBINED) COUNTIES,998,SOYBEANS,"SOYBEANS - YIELD, MEASURED IN BU / ACRE",45.0,BU / ACRE
2018,IA,OTHER (COMBINED) COUNTIES,998,SOYBEANS,"SOYBEANS - YIELD, MEASURED IN BU / ACRE",52.1,BU / ACRE
2019,IA,OTHER (COMBINED) COUNTIES,998,SOYBEANS,"SOYBEANS - YIELD, MEASURED IN BU / ACRE",54.0,BU / ACRE
2019,IA,OTHER (COMBINED) COUNTIES,998,SOYBEANS,"SOYBEANS - YIELD, MEASURED IN BU / ACRE",56.4,BU / ACRE
2019,IA,OTHER (COMBINED) COUNTIES,998,SOYBEANS,"SOYBEANS - YIELD, MEASURED IN BU / ACRE",55.9,BU / ACRE
2019,IA,OTHER (COMBINED) COUNTIES,998,SOYBEANS,"SOYBEANS - YIELD, MEASURED IN BU / ACRE",55.2,BU / ACRE
2019,IA,OTHER (COMBINED) COUNTIES,998,SOYBEANS,"SOYBEANS - YIELD, MEASURED IN BU / ACRE",55.8,BU / ACRE
2019,IA,OTHER (COMBINED) COUNTIES,998,SOYBEANS,"SOYBEANS - YIELD, MEASURED IN BU / ACRE",50.1,BU / ACRE
2020,IA,OTHER COUNTIES,998,SOYBEANS,"SOYBEANS - YIELD, MEASURED IN BU / ACRE",56.6,BU / ACRE
2021,IA,OTHER COUNTIES,998,SOYBEANS,"SOYBEANS - YIELD, MEASURED IN BU / ACRE",63.2,BU / ACRE
2022,IA,OTHER COUNTIES,998,SOYBEANS,"SOYBEANS - YIELD, MEASURED IN BU / ACRE",47.9,BU / ACRE
2023,IA,OTHER COUNTIES,998,SOYBEANS,"SOYBEANS - YIELD, MEASURED IN BU / ACRE",58.4,BU / ACRE
2024,IA,OTHER COUNTIES,998,SOYBEANS,"SOYBEANS - YIELD, MEASURED IN BU / ACRE",59.3,BU / ACRE
2025,IA,OTHER COUNTIES,998,SOYBEANS,"SOYBEANS - YIELD, MEASURED IN BU / ACRE",63.8,BU / ACRE
2010,IA,PAGE,145,SOYBEANS,"SOYBEANS - YIELD, MEASURED IN BU / ACRE",47.8,BU / ACRE
2011,IA,PAGE,145,SOYBEANS,"SOYBEANS - YIELD, MEASURED IN BU / ACRE",37.8,BU / ACRE
2012,IA,PAGE,145,SOYBEANS,"SOYBEANS - YIELD, MEASURED IN BU / ACRE",45.8,BU / ACRE
2013,IA,PAGE,145,SOYBEANS,"SOYBEANS - YIELD, MEASURED IN BU / ACRE",44.4,BU / ACRE
2014,IA,PAGE,145,SOYBEANS,"SOYBEANS - YIELD, MEASURED IN BU / ACRE",54.7,BU / ACRE
2015,IA,PAGE,145,SOYBEANS,"SOYBEANS - YIELD, MEASURED IN BU / ACRE",49.8,BU / ACRE
2016,IA,PAGE,145,SOYBEANS,"SOYBEANS - YIELD, MEASURED IN BU / ACRE",57.5,BU / ACRE
2017,IA,PAGE,145,SOYBEANS,"SOYBEANS - YIELD, MEASURED IN BU / ACRE",55.4,BU / ACRE
2018,IA,PAGE,145,SOYBEANS,"SOYBEANS - YIELD, MEASURED IN BU / ACRE",50.5,BU / ACRE
2019,IA,PAGE,145,SOYBEANS,"SOYBEANS - YIELD, MEASURED IN BU / ACRE",55.9,BU / ACRE
2020,IA,PAGE,145,SOYBEANS,"SOYBEANS - YIELD, MEASURED IN BU / ACRE",52.4,BU / ACRE
2021,IA,PAGE,145,SOYBEANS,"SOYBEANS - YIELD, MEASURED IN BU / ACRE",62.6,BU / ACRE
2022,IA,PAGE,145,SOYBEANS,"SOYBEANS - YIELD, MEASURED IN BU / ACRE",54.0,BU / ACRE
2023,IA,PAGE,145,SOYBEANS,"SOYBEANS - YIELD, MEASURED IN BU / ACRE",57.2,BU / ACRE
2024,IA,PAGE,145,SOYBEANS,"SOYBEANS - YIELD, MEASURED IN BU / ACRE",59.9,BU / ACRE
2010,IA,PALO ALTO,147,SOYBEANS,"SOYBEANS - YIELD, MEASURED IN BU / ACRE",48.6,BU / ACRE
2011,IA,PALO ALTO,147,SOYBEANS,"SOYBEANS - YIELD, MEASURED IN BU / ACRE",50.4,BU / ACRE
2012,IA,PALO ALTO,147,SOYBEANS,"SOYBEANS - YIELD, MEASURED IN BU / ACRE",49.1,BU / ACRE
2013,IA,PALO ALTO,147,SOYBEANS,"SOYBEANS - YIELD, MEASURED IN BU / ACRE",40.1,BU / ACRE
2014,IA,PALO ALTO,147,SOYBEANS,"SOYBEANS - YIELD, MEASURED IN BU / ACRE",45.7,BU / ACRE
2015,IA,PALO ALTO,147,SOYBEANS,"SOYBEANS - YIELD, MEASURED IN BU / ACRE",59.5,BU / ACRE
2016,IA,PALO ALTO,147,SOYBEANS,"SOYBEANS - YIELD, MEASURED IN BU / ACRE",59.7,BU / ACRE
2017,IA,PALO ALTO,147,SOYBEANS,"SOYBEANS - YIELD, MEASURED IN BU / ACRE",57.8,BU / ACRE
2018,IA,PALO ALTO,147,SOYBEANS,"SOYBEANS - YIELD, MEASURED IN BU / ACRE",48.8,BU / ACRE
2019,IA,PALO ALTO,147,SOYBEANS,"SOYBEANS - YIELD, MEASURED IN BU / ACRE",55.6,BU / ACRE
2021,IA,PALO ALTO,147,SOYBEANS,"SOYBEANS - YIELD, MEASURED IN BU / ACRE",61.6,BU / ACRE
2022,IA,PALO ALTO,147,SOYBEANS,"SOYBEANS - YIELD, MEASURED IN BU / ACRE",57.9,BU / ACRE
2023,IA,PALO ALTO,147,SOYBEANS,"SOYBEANS - YIELD, MEASURED IN BU / ACRE",59.2,BU / ACRE
2024,IA,PALO ALTO,147,SOYBEANS,"SOYBEANS - YIELD, MEASURED IN BU / ACRE",53.7,BU / ACRE
2025,IA,PALO ALTO,147,SOYBEANS,"SOYBEANS - YIELD, MEASURED IN BU / ACRE",59.4,BU / ACRE
2010,IA,PLYMOUTH,149,SOYBEANS,"SOYBEANS - YIELD, MEASURED IN BU / ACRE",55.7,BU / ACRE
2011,IA,PLYMOUTH,149,SOYBEANS,"SOYBEANS - YIELD, MEASURED IN BU / ACRE",50.7,BU / ACRE
2012,IA,PLYMOUTH,149,SOYBEANS,"SOYBEANS - YIELD, MEASURED IN BU / ACRE",36.8,BU / ACRE
2013,IA,PLYMOUTH,149,SOYBEANS,"SOYBEANS - YIELD, MEASURED IN BU / ACRE",54.2,BU / ACRE
2014,IA,PLYMOUTH,149,SOYBEANS,"SOYBEANS - YIELD, MEASURED IN BU / ACRE",56.7,BU / ACRE
2015,IA,PLYMOUTH,149,SOYBEANS,"SOYBEANS - YIELD, MEASURED IN BU / ACRE",60.1,BU / ACRE
2016,IA,PLYMOUTH,149,SOYBEANS,"SOYBEANS - YIELD, MEASURED IN BU / ACRE",66.1,BU / ACRE
2017,IA,PLYMOUTH,149,SOYBEANS,"SOYBEANS - YIELD, MEASURED IN BU / ACRE",59.6,BU / ACRE
2018,IA,PLYMOUTH,149,SOYBEANS,"SOYBEANS - YIELD, MEASURED IN BU / ACRE",61.3,BU / ACRE
2022,IA,PLYMOUTH,149,SOYBEANS,"SOYBEANS - YIELD, MEASURED IN BU / ACRE",47.8,BU / ACRE
2023,IA,PLYMOUTH,149,SOYBEANS,"SOYBEANS - YIELD, MEASURED IN BU / ACRE",60.1,BU / ACRE
2010,IA,POCAHONTAS,151,SOYBEANS,"SOYBEANS - YIELD, MEASURED IN BU / ACRE",46.9,BU / ACRE
2011,IA,POCAHONTAS,151,SOYBEANS,"SOYBEANS - YIELD, MEASURED IN BU / ACRE",50.3,BU / ACRE
2012,IA,POCAHONTAS,151,SOYBEANS,"SOYBEANS - YIELD, MEASURED IN BU / ACRE",45.9,BU / ACRE
2013,IA,POCAHONTAS,151,SOYBEANS,"SOYBEANS - YIELD, MEASURED IN BU / ACRE",41.1,BU / ACRE
2014,IA,POCAHONTAS,151,SOYBEANS,"SOYBEANS - YIELD, MEASURED IN BU / ACRE",47.8,BU / ACRE
2015,IA,POCAHONTAS,151,SOYBEANS,"SOYBEANS - YIELD, MEASURED IN BU / ACRE",58.0,BU / ACRE
2016,IA,POCAHONTAS,151,SOYBEANS,"SOYBEANS - YIELD, MEASURED IN BU / ACRE",60.6,BU / ACRE
2017,IA,POCAHONTAS,151,SOYBEANS,"SOYBEANS - YIELD, MEASURED IN BU / ACRE",58.2,BU / ACRE
2018,IA,POCAHONTAS,151,SOYBEANS,"SOYBEANS - YIELD, MEASURED IN BU / ACRE",49.7,BU / ACRE
2020,IA,POCAHONTAS,151,SOYBEANS,"SOYBEANS - YIELD, MEASURED IN BU / ACRE",54.6,BU / ACRE
2021,IA,POCAHONTAS,151,SOYBEANS,"SOYBEANS - YIELD, MEASURED IN BU / ACRE",65.0,BU / ACRE
2022,IA,POCAHONTAS,151,SOYBEANS,"SOYBEANS - YIELD, MEASURED IN BU / ACRE",56.5,BU / ACRE
2023,IA,POCAHONTAS,151,SOYBEANS,"SOYBEANS - YIELD, MEASURED IN BU / ACRE",62.0,BU / ACRE
2024,IA,POCAHONTAS,151,SOYBEANS,"SOYBEANS - YIELD, MEASURED IN BU / ACRE",58.1,BU / ACRE
2025,IA,POCAHONTAS,151,SOYBEANS,"SOYBEANS - YIELD, MEASURED IN BU / ACRE",62.8,BU / ACRE
2010,IA,POLK,153,SOYBEANS,"SOYBEANS - YIELD, MEASURED IN BU / ACRE",46.1,BU / ACRE
2011,IA,POLK,153,SOYBEANS,"SOYBEANS - YIELD, MEASURED IN BU / ACRE",52.8,BU / ACRE
2012,IA,POLK,153,SOYBEANS,"SOYBEANS - YIELD, MEASURED IN BU / ACRE",49.7,BU / ACRE
2013,IA,POLK,153,SOYBEANS,"SOYBEANS - YIELD, MEASURED IN BU / ACRE",42.6,BU / ACRE
2014,IA,POLK,153,SOYBEANS,"SOYBEANS - YIELD, MEASURED IN BU / ACRE",49.8,BU / ACRE
2015,IA,POLK,153,SOYBEANS,"SOYBEANS - YIELD, MEASURED IN BU / ACRE",52.4,BU / ACRE
2016,IA,POLK,153,SOYBEANS,"SOYBEANS - YIELD, MEASURED IN BU / ACRE",55.2,BU / ACRE
2017,IA,POLK,153,SOYBEANS,"SOYBEANS - YIELD, MEASURED IN BU / ACRE",57.1,BU / ACRE
2018,IA,POLK,153,SOYBEANS,"SOYBEANS - YIELD, MEASURED IN BU / ACRE",53.4,BU / ACRE
2019,IA,POLK,153,SOYBEANS,"SOYBEANS - YIELD, MEASURED IN BU / ACRE",51.0,BU / ACRE
2020,IA,POLK,153,SOYBEANS,"SOYBEANS - YIELD, MEASURED IN BU / ACRE",50.2,BU / ACRE
2021,IA,POLK,153,SOYBEANS,"SOYBEANS - YIELD, MEASURED IN BU / ACRE",64.6,BU / ACRE
2022,IA,POLK,153,SOYBEANS,"SOYBEANS - YIELD, MEASURED IN BU / ACRE",54.1,BU / ACRE
2023,IA,POLK,153,SOYBEANS,"SOYBEANS - YIELD, MEASURED IN BU / ACRE",61.2,BU / ACRE
2024,IA,POLK,153,SOYBEANS,"SOYBEANS - YIELD, MEASURED IN BU / ACRE",61.7,BU / ACRE
2025,IA,POLK,153,SOYBEANS,"SOYBEANS - YIELD, MEASURED IN BU / ACRE",64.7,BU / ACRE
2010,IA,POTTAWATTAMIE,155,SOYBEANS,"SOYBEANS - YIELD, MEASURED IN BU / ACRE",52.3,BU / ACRE
2011,IA,POTTAWATTAMIE,155,SOYBEANS,"SOYBEANS - YIELD, MEASURED IN BU / ACRE",52.6,BU / ACRE
2012,IA,POTTAWATTAMIE,155,SOYBEANS,"SOYBEANS - YIELD, MEASURED IN BU / ACRE",34.6,BU / ACRE
2013,IA,POTTAWATTAMIE,155,SOYBEANS,"SOYBEANS - YIELD, MEASURED IN BU / ACRE",52.1,BU / ACRE
2014,IA,POTTAWATTAMIE,155,SOYBEANS,"SOYBEANS - YIELD, MEASURED IN BU / ACRE",51.2,BU / ACRE
2015,IA,POTTAWATTAMIE,155,SOYBEANS,"SOYBEANS - YIELD, MEASURED IN BU / ACRE",58.5,BU / ACRE
2016,IA,POTTAWATTAMIE,155,SOYBEANS,"SOYBEANS - YIELD, MEASURED IN BU / ACRE",60.6,BU / ACRE
2017,IA,POTTAWATTAMIE,155,SOYBEANS,"SOYBEANS - YIELD, MEASURED IN BU / ACRE",57.0,BU / ACRE
2019,IA,POTTAWATTAMIE,155,SOYBEANS,"SOYBEANS - YIELD, MEASURED IN BU / ACRE",58.5,BU / ACRE
2020,IA,POTTAWATTAMIE,155,SOYBEANS,"SOYBEANS - YIELD, MEASURED IN BU / ACRE",48.0,BU / ACRE
2021,IA,POTTAWATTAMIE,155,SOYBEANS,"SOYBEANS - YIELD, MEASURED IN BU / ACRE",64.4,BU / ACRE
2022,IA,POTTAWATTAMIE,155,SOYBEANS,"SOYBEANS - YIELD, MEASURED IN BU / ACRE",51.0,BU / ACRE
2024,IA,POTTAWATTAMIE,155,SOYBEANS,"SOYBEANS - YIELD, MEASURED IN BU / ACRE",62.2,BU / ACRE
2010,IA,POWESHIEK,157,SOYBEANS,"SOYBEANS - YIELD, MEASURED IN BU / ACRE",51.3,BU / ACRE
2011,IA,POWESHIEK,157,SOYBEANS,"SOYBEANS - YIELD, MEASURED IN BU / ACRE",56.5,BU / ACRE
2012,IA,POWESHIEK,157,SOYBEANS,"SOYBEANS - YIELD, MEASURED IN BU / ACRE",52.7,BU / ACRE
2013,IA,POWESHIEK,157,SOYBEANS,"SOYBEANS - YIELD, MEASURED IN BU / ACRE",43.4,BU / ACRE
2014,IA,POWESHIEK,157,SOYBEANS,"SOYBEANS - YIELD, MEASURED IN BU / ACRE",50.7,BU / ACRE
2015,IA,POWESHIEK,157,SOYBEANS,"SOYBEANS - YIELD, MEASURED IN BU / ACRE",56.3,BU / ACRE
2016,IA,POWESHIEK,157,SOYBEANS,"SOYBEANS - YIELD, MEASURED IN BU / ACRE",57.5,BU / ACRE
2017,IA,POWESHIEK,157,SOYBEANS,"SOYBEANS - YIELD, MEASURED IN BU / ACRE",56.6,BU / ACRE
2018,IA,POWESHIEK,157,SOYBEANS,"SOYBEANS - YIELD, MEASURED IN BU / ACRE",58.2,BU / ACRE
2019,IA,POWESHIEK,157,SOYBEANS,"SOYBEANS - YIELD, MEASURED IN BU / ACRE",53.4,BU / ACRE
2020,IA,POWESHIEK,157,SOYBEANS,"SOYBEANS - YIELD, MEASURED IN BU / ACRE",54.8,BU / ACRE
2022,IA,POWESHIEK,157,SOYBEANS,"SOYBEANS - YIELD, MEASURED IN BU / ACRE",60.4,BU / ACRE
2023,IA,POWESHIEK,157,SOYBEANS,"SOYBEANS - YIELD, MEASURED IN BU / ACRE",59.5,BU / ACRE
2024,IA,POWESHIEK,157,SOYBEANS,"SOYBEANS - YIELD, MEASURED IN BU / ACRE",61.6,BU / ACRE
2025,IA,POWESHIEK,157,SOYBEANS,"SOYBEANS - YIELD, MEASURED IN BU / ACRE",62.8,BU / ACRE
2010,IA,RINGGOLD,159,SOYBEANS,"SOYBEANS - YIELD, MEASURED IN BU / ACRE",43.9,BU / ACRE
2011,IA,RINGGOLD,159,SOYBEANS,"SOYBEANS - YIELD, MEASURED IN BU / ACRE",43.7,BU / ACRE
2012,IA,RINGGOLD,159,SOYBEANS,"SOYBEANS - YIELD, MEASURED IN BU / ACRE",36.9,BU / ACRE
2013,IA,RINGGOLD,159,SOYBEANS,"SOYBEANS - YIELD, MEASURED IN BU / ACRE",33.8,BU / ACRE
2014,IA,RINGGOLD,159,SOYBEANS,"SOYBEANS - YIELD, MEASURED IN BU / ACRE",46.1,BU / ACRE
2015,IA,RINGGOLD,159,SOYBEANS,"SOYBEANS - YIELD, MEASURED IN BU / ACRE",43.2,BU / ACRE
2016,IA,RINGGOLD,159,SOYBEANS,"SOYBEANS - YIELD, MEASURED IN BU / ACRE",51.7,BU / ACRE
2017,IA,RINGGOLD,159,SOYBEANS,"SOYBEANS - YIELD, MEASURED IN BU / ACRE",48.8,BU / ACRE
2018,IA,RINGGOLD,159,SOYBEANS,"SOYBEANS - YIELD, MEASURED IN BU / ACRE",47.2,BU / ACRE
2020,IA,RINGGOLD,159,SOYBEANS,"SOYBEANS - YIELD, MEASURED IN BU / ACRE",50.6,BU / ACRE
2021,IA,RINGGOLD,159,SOYBEANS,"SOYBEANS - YIELD, MEASURED IN BU / ACRE",54.0,BU / ACRE
2022,IA,RINGGOLD,159,SOYBEANS,"SOYBEANS - YIELD, MEASURED IN BU / ACRE",41.8,BU / ACRE
2010,IA,SAC,161,SOYBEANS,"SOYBEANS - YIELD, MEASURED IN BU / ACRE",54.5,BU / ACRE
2011,IA,SAC,161,SOYBEANS,"SOYBEANS - YIELD, MEASURED IN BU / ACRE",51.2,BU / ACRE
2012,IA,SAC,161,SOYBEANS,"SOYBEANS - YIELD, MEASURED IN BU / ACRE",43.6,BU / ACRE
2013,IA,SAC,161,SOYBEANS,"SOYBEANS - YIELD, MEASURED IN BU / ACRE",42.6,BU / ACRE
2014,IA,SAC,161,SOYBEANS,"SOYBEANS - YIELD, MEASURED IN BU / ACRE",55.2,BU / ACRE
2015,IA,SAC,161,SOYBEANS,"SOYBEANS - YIELD, MEASURED IN BU / ACRE",60.7,BU / ACRE
2016,IA,SAC,161,SOYBEANS,"SOYBEANS - YIELD, MEASURED IN BU / ACRE",63.3,BU / ACRE
2017,IA,SAC,161,SOYBEANS,"SOYBEANS - YIELD, MEASURED IN BU / ACRE",57.8,BU / ACRE
2018,IA,SAC,161,SOYBEANS,"SOYBEANS - YIELD, MEASURED IN BU / ACRE",60.7,BU / ACRE
2019,IA,SAC,161,SOYBEANS,"SOYBEANS - YIELD, MEASURED IN BU / ACRE",59.3,BU / ACRE
2020,IA,SAC,161,SOYBEANS,"SOYBEANS - YIELD, MEASURED IN BU / ACRE",47.1,BU / ACRE
2022,IA,SAC,161,SOYBEANS,"SOYBEANS - YIELD, MEASURED IN BU / ACRE",61.3,BU / ACRE
2023,IA,SAC,161,SOYBEANS,"SOYBEANS - YIELD, MEASURED IN BU / ACRE",58.1,BU / ACRE
2024,IA,SAC,161,SOYBEANS,"SOYBEANS - YIELD, MEASURED IN BU / ACRE",64.0,BU / ACRE
2025,IA,SAC,161,SOYBEANS,"SOYBEANS - YIELD, MEASURED IN BU / ACRE",66.3,BU / ACRE
2010,IA,SCOTT,163,SOYBEANS,"SOYBEANS - YIELD, MEASURED IN BU / ACRE",52.4,BU / ACRE
2011,IA,SCOTT,163,SOYBEANS,"SOYBEANS - YIELD, MEASURED IN BU / ACRE",64.0,BU / ACRE
2012,IA,SCOTT,163,SOYBEANS,"SOYBEANS - YIELD, MEASURED IN BU / ACRE",49.7,BU / ACRE
2013,IA,SCOTT,163,SOYBEANS,"SOYBEANS - YIELD, MEASURED IN BU / ACRE",54.2,BU / ACRE
2014,IA,SCOTT,163,SOYBEANS,"SOYBEANS - YIELD, MEASURED IN BU / ACRE",59.7,BU / ACRE
2015,IA,SCOTT,163,SOYBEANS,"SOYBEANS - YIELD, MEASURED IN BU / ACRE",61.1,BU / ACRE
2016,IA,SCOTT,163,SOYBEANS,"SOYBEANS - YIELD, MEASURED IN BU / ACRE",64.4,BU / ACRE
2017,IA,SCOTT,163,SOYBEANS,"SOYBEANS - YIELD, MEASURED IN BU / ACRE",63.4,BU / ACRE
2018,IA,SCOTT,163,SOYBEANS,"SOYBEANS - YIELD, MEASURED IN BU / ACRE",63.7,BU / ACRE
2019,IA,SCOTT,163,SOYBEANS,"SOYBEANS - YIELD, MEASURED IN BU / ACRE",60.5,BU / ACRE
2020,IA,SCOTT,163,SOYBEANS,"SOYBEANS - YIELD, MEASURED IN BU / ACRE",61.0,BU / ACRE
2021,IA,SCOTT,163,SOYBEANS,"SOYBEANS - YIELD, MEASURED IN BU / ACRE",68.1,BU / ACRE
2022,IA,SCOTT,163,SOYBEANS,"SOYBEANS - YIELD, MEASURED IN BU / ACRE",69.1,BU / ACRE
2023,IA,SCOTT,163,SOYBEANS,"SOYBEANS - YIELD, MEASURED IN BU / ACRE",66.3,BU / ACRE
2024,IA,SCOTT,163,SOYBEANS,"SOYBEANS - YIELD, MEASURED IN BU / ACRE",70.1,BU / ACRE
2025,IA,SCOTT,163,SOYBEANS,"SOYBEANS - YIELD, MEASURED IN BU / ACRE",67.7,BU / ACRE
2010,IA,SHELBY,165,SOYBEANS,"SOYBEANS - YIELD, MEASURED IN BU / ACRE",55.4,BU / ACRE
2011,IA,SHELBY,165,SOYBEANS,"SOYBEANS - YIELD, MEASURED IN BU / ACRE",51.2,BU / ACRE
2012,IA,SHELBY,165,SOYBEANS,"SOYBEANS - YIELD, MEASURED IN BU / ACRE",43.5,BU / ACRE
2013,IA,SHELBY,165,SOYBEANS,"SOYBEANS - YIELD, MEASURED IN BU / ACRE",51.3,BU / ACRE
2014,IA,SHELBY,165,SOYBEANS,"SOYBEANS - YIELD, MEASURED IN BU / ACRE",55.3,BU / ACRE
2015,IA,SHELBY,165,SOYBEANS,"SOYBEANS - YIELD, MEASURED IN BU / ACRE",57.2,BU / ACRE
2016,IA,SHELBY,165,SOYBEANS,"SOYBEANS - YIELD, MEASURED IN BU / ACRE",60.5,BU / ACRE
2017,IA,SHELBY,165,SOYBEANS,"SOYBEANS - YIELD, MEASURED IN BU / ACRE",58.2,BU / ACRE
2018,IA,SHELBY,165,SOYBEANS,"SOYBEANS - YIELD, MEASURED IN BU / ACRE",57.8,BU / ACRE
2019,IA,SHELBY,165,SOYBEANS,"SOYBEANS - YIELD, MEASURED IN BU / ACRE",58.7,BU / ACRE
2020,IA,SHELBY,165,SOYBEANS,"SOYBEANS - YIELD, MEASURED IN BU / ACRE",52.8,BU / ACRE
2022,IA,SHELBY,165,SOYBEANS,"SOYBEANS - YIELD, MEASURED IN BU / ACRE",58.0,BU / ACRE
2023,IA,SHELBY,165,SOYBEANS,"SOYBEANS - YIELD, MEASURED IN BU / ACRE",53.3,BU / ACRE
2024,IA,SHELBY,165,SOYBEANS,"SOYBEANS - YIELD, MEASURED IN BU / ACRE",63.8,BU / ACRE
2010,IA,SIOUX,167,SOYBEANS,"SOYBEANS - YIELD, MEASURED IN BU / ACRE",57.0,BU / ACRE
2011,IA,SIOUX,167,SOYBEANS,"SOYBEANS - YIELD, MEASURED IN BU / ACRE",55.7,BU / ACRE
2012,IA,SIOUX,167,SOYBEANS,"SOYBEANS - YIELD, MEASURED IN BU / ACRE",48.2,BU / ACRE
2013,IA,SIOUX,167,SOYBEANS,"SOYBEANS - YIELD, MEASURED IN BU / ACRE",61.2,BU / ACRE
2014,IA,SIOUX,167,SOYBEANS,"SOYBEANS - YIELD, MEASURED IN BU / ACRE",60.4,BU / ACRE
2015,IA,SIOUX,167,SOYBEANS,"SOYBEANS - YIELD, MEASURED IN BU / ACRE",64.1,BU / ACRE
2016,IA,SIOUX,167,SOYBEANS,"SOYBEANS - YIELD, MEASURED IN BU / ACRE",65.8,BU / ACRE
2017,IA,SIOUX,167,SOYBEANS,"SOYBEANS - YIELD, MEASURED IN BU / ACRE",65.2,BU / ACRE
2018,IA,SIOUX,167,SOYBEANS,"SOYBEANS - YIELD, MEASURED IN BU / ACRE",65.8,BU / ACRE
2019,IA,SIOUX,167,SOYBEANS,"SOYBEANS - YIELD, MEASURED IN BU / ACRE",60.8,BU / ACRE
2021,IA,SIOUX,167,SOYBEANS,"SOYBEANS - YIELD, MEASURED IN BU / ACRE",70.5,BU / ACRE
2022,IA,SIOUX,167,SOYBEANS,"SOYBEANS - YIELD, MEASURED IN BU / ACRE",62.9,BU / ACRE
2010,IA,STORY,169,SOYBEANS,"SOYBEANS - YIELD, MEASURED IN BU / ACRE",48.4,BU / ACRE
2011,IA,STORY,169,SOYBEANS,"SOYBEANS - YIELD, MEASURED IN BU / ACRE",51.7,BU / ACRE
2012,IA,STORY,169,SOYBEANS,"SOYBEANS - YIELD, MEASURED IN BU / ACRE",48.9,BU / ACRE
2013,IA,STORY,169,SOYBEANS,"SOYBEANS - YIELD, MEASURED IN BU / ACRE",40.4,BU / ACRE
2014,IA,STORY,169,SOYBEANS,"SOYBEANS - YIELD, MEASURED IN BU / ACRE",46.9,BU / ACRE
2015,IA,STORY,169,SOYBEANS,"SOYBEANS - YIELD, MEASURED IN BU / ACRE",51.0,BU / ACRE
2016,IA,STORY,169,SOYBEANS,"SOYBEANS - YIELD, MEASURED IN BU / ACRE",58.4,BU / ACRE
2017,IA,STORY,169,SOYBEANS,"SOYBEANS - YIELD, MEASURED IN BU / ACRE",57.9,BU / ACRE
2018,IA,STORY,169,SOYBEANS,"SOYBEANS - YIELD, MEASURED IN BU / ACRE",52.8,BU / ACRE
2019,IA,STORY,169,SOYBEANS,"SOYBEANS - YIELD, MEASURED IN BU / ACRE",50.0,BU / ACRE
2020,IA,STORY,169,SOYBEANS,"SOYBEANS - YIELD, MEASURED IN BU / ACRE",52.2,BU / ACRE
2021,IA,STORY,169,SOYBEANS,"SOYBEANS - YIELD, MEASURED IN BU / ACRE",63.6,BU / ACRE
2022,IA,STORY,169,SOYBEANS,"SOYBEANS - YIELD, MEASURED IN BU / ACRE",60.0,BU / ACRE
2023,IA,STORY,169,SOYBEANS,"SOYBEANS - YIELD, MEASURED IN BU / ACRE",64.1,BU / ACRE
2024,IA,STORY,169,SOYBEANS,"SOYBEANS - YIELD, MEASURED IN BU / ACRE",63.2,BU / ACRE
2025,IA,STORY,169,SOYBEANS,"SOYBEANS - YIELD, MEASURED IN BU / ACRE",63.6,BU / ACRE
2010,IA,TAMA,171,SOYBEANS,"SOYBEANS - YIELD, MEASURED IN BU / ACRE",55.4,BU / ACRE
2011,IA,TAMA,171,SOYBEANS,"SOYBEANS - YIELD, MEASURED IN BU / ACRE",57.9,BU / ACRE
2012,IA,TAMA,171,SOYBEANS,"SOYBEANS - YIELD, MEASURED IN BU / ACRE",52.7,BU / ACRE
2013,IA,TAMA,171,SOYBEANS,"SOYBEANS - YIELD, MEASURED IN BU / ACRE",46.6,BU / ACRE
2014,IA,TAMA,171,SOYBEANS,"SOYBEANS - YIELD, MEASURED IN BU / ACRE",53.4,BU / ACRE
2015,IA,TAMA,171,SOYBEANS,"SOYBEANS - YIELD, MEASURED IN BU / ACRE",57.9,BU / ACRE
2016,IA,TAMA,171,SOYBEANS,"SOYBEANS - YIELD, MEASURED IN BU / ACRE",63.5,BU / ACRE
2017,IA,TAMA,171,SOYBEANS,"SOYBEANS - YIELD, MEASURED IN BU / ACRE",59.5,BU / ACRE
2018,IA,TAMA,171,SOYBEANS,"SOYBEANS - YIELD, MEASURED IN BU / ACRE",60.1,BU / ACRE
2019,IA,TAMA,171,SOYBEANS,"SOYBEANS - YIELD, MEASURED IN BU / ACRE",53.4,BU / ACRE
2020,IA,TAMA,171,SOYBEANS,"SOYBEANS - YIELD, MEASURED IN BU / ACRE",56.2,BU / ACRE
2021,IA,TAMA,171,SOYBEANS,"SOYBEANS - YIELD, MEASURED IN BU / ACRE",66.3,BU / ACRE
2022,IA,TAMA,171,SOYBEANS,"SOYBEANS - YIELD, MEASURED IN BU / ACRE",61.4,BU / ACRE
2023,IA,TAMA,171,SOYBEANS,"SOYBEANS - YIELD, MEASURED IN BU / ACRE",56.1,BU / ACRE
2010,IA,TAYLOR,173,SOYBEANS,"SOYBEANS - YIELD, MEASURED IN BU / ACRE",46.7,BU / ACRE
2011,IA,TAYLOR,173,SOYBEANS,"SOYBEANS - YIELD, MEASURED IN BU / ACRE",38.6,BU / ACRE
2012,IA,TAYLOR,173,SOYBEANS,"SOYBEANS - YIELD, MEASURED IN BU / ACRE",39.4,BU / ACRE
2013,IA,TAYLOR,173,SOYBEANS,"SOYBEANS - YIELD, MEASURED IN BU / ACRE",37.2,BU / ACRE
2014,IA,TAYLOR,173,SOYBEANS,"SOYBEANS - YIELD, MEASURED IN BU / ACRE",50.7,BU / ACRE
2016,IA,TAYLOR,173,SOYBEANS,"SOYBEANS - YIELD, MEASURED IN BU / ACRE",51.6,BU / ACRE
2017,IA,TAYLOR,173,SOYBEANS,"SOYBEANS - YIELD, MEASURED IN BU / ACRE",52.8,BU / ACRE
2019,IA,TAYLOR,173,SOYBEANS,"SOYBEANS - YIELD, MEASURED IN BU / ACRE",49.9,BU / ACRE
2020,IA,TAYLOR,173,SOYBEANS,"SOYBEANS - YIELD, MEASURED IN BU / ACRE",47.0,BU / ACRE
2021,IA,TAYLOR,173,SOYBEANS,"SOYBEANS - YIELD, MEASURED IN BU / ACRE",61.3,BU / ACRE
2022,IA,TAYLOR,173,SOYBEANS,"SOYBEANS - YIELD, MEASURED IN BU / ACRE",52.9,BU / ACRE
2023,IA,TAYLOR,173,SOYBEANS,"SOYBEANS - YIELD, MEASURED IN BU / ACRE",54.7,BU / ACRE
2024,IA,TAYLOR,173,SOYBEANS,"SOYBEANS - YIELD, MEASURED IN BU / ACRE",61.6,BU / ACRE
2025,IA,TAYLOR,173,SOYBEANS,"SOYBEANS - YIELD, MEASURED IN BU / ACRE",60.6,BU / ACRE
2010,IA,UNION,175,SOYBEANS,"SOYBEANS - YIELD, MEASURED IN BU / ACRE",48.1,BU / ACRE
2011,IA,UNION,175,SOYBEANS,"SOYBEANS - YIELD, MEASURED IN BU / ACRE",53.0,BU / ACRE
2012,IA,UNION,175,SOYBEANS,"SOYBEANS - YIELD, MEASURED IN BU / ACRE",33.1,BU / ACRE
2013,IA,UNION,175,SOYBEANS,"SOYBEANS - YIELD, MEASURED IN BU / ACRE",37.6,BU / ACRE
2014,IA,UNION,175,SOYBEANS,"SOYBEANS - YIELD, MEASURED IN BU / ACRE",49.5,BU / ACRE
2015,IA,UNION,175,SOYBEANS,"SOYBEANS - YIELD, MEASURED IN BU / ACRE",46.7,BU / ACRE
2016,IA,UNION,175,SOYBEANS,"SOYBEANS - YIELD, MEASURED IN BU / ACRE",56.0,BU / ACRE
2017,IA,UNION,175,SOYBEANS,"SOYBEANS - YIELD, MEASURED IN BU / ACRE",44.5,BU / ACRE
2018,IA,UNION,175,SOYBEANS,"SOYBEANS - YIELD, MEASURED IN BU / ACRE",48.6,BU / ACRE
2019,IA,UNION,175,SOYBEANS,"SOYBEANS - YIELD, MEASURED IN BU / ACRE",53.7,BU / ACRE
2020,IA,UNION,175,SOYBEANS,"SOYBEANS - YIELD, MEASURED IN BU / ACRE",52.1,BU / ACRE
2021,IA,UNION,175,SOYBEANS,"SOYBEANS - YIELD, MEASURED IN BU / ACRE",61.9,BU / ACRE
2022,IA,UNION,175,SOYBEANS,"SOYBEANS - YIELD, MEASURED IN BU / ACRE",41.4,BU / ACRE
2023,IA,UNION,175,SOYBEANS,"SOYBEANS - YIELD, MEASURED IN BU / ACRE",59.9,BU / ACRE
2025,IA,UNION,175,SOYBEANS,"SOYBEANS - YIELD, MEASURED IN BU / ACRE",60.6,BU / ACRE
2010,IA,VAN BUREN,177,SOYBEANS,"SOYBEANS - YIELD, MEASURED IN BU / ACRE",48.0,BU / ACRE
2011,IA,VAN BUREN,177,SOYBEANS,"SOYBEANS - YIELD, MEASURED IN BU / ACRE",35.2,BU / ACRE
2012,IA,VAN BUREN,177,SOYBEANS,"SOYBEANS - YIELD, MEASURED IN BU / ACRE",42.0,BU / ACRE
2013,IA,VAN BUREN,177,SOYBEANS,"SOYBEANS - YIELD, MEASURED IN BU / ACRE",40.7,BU / ACRE
2014,IA,VAN BUREN,177,SOYBEANS,"SOYBEANS - YIELD, MEASURED IN BU / ACRE",49.4,BU / ACRE
2015,IA,VAN BUREN,177,SOYBEANS,"SOYBEANS - YIELD, MEASURED IN BU / ACRE",46.1,BU / ACRE
2016,IA,VAN BUREN,177,SOYBEANS,"SOYBEANS - YIELD, MEASURED IN BU / ACRE",56.6,BU / ACRE
2017,IA,VAN BUREN,177,SOYBEANS,"SOYBEANS - YIELD, MEASURED IN BU / ACRE",36.6,BU / ACRE
2018,IA,VAN BUREN,177,SOYBEANS,"SOYBEANS - YIELD, MEASURED IN BU / ACRE",54.2,BU / ACRE
2019,IA,VAN BUREN,177,SOYBEANS,"SOYBEANS - YIELD, MEASURED IN BU / ACRE",53.9,BU / ACRE
2020,IA,VAN BUREN,177,SOYBEANS,"SOYBEANS - YIELD, MEASURED IN BU / ACRE",44.2,BU / ACRE
2021,IA,VAN BUREN,177,SOYBEANS,"SOYBEANS - YIELD, MEASURED IN BU / ACRE",53.0,BU / ACRE
2022,IA,VAN BUREN,177,SOYBEANS,"SOYBEANS - YIELD, MEASURED IN BU / ACRE",43.6,BU / ACRE
2023,IA,VAN BUREN,177,SOYBEANS,"SOYBEANS - YIELD, MEASURED IN BU / ACRE",59.3,BU / ACRE
2024,IA,VAN BUREN,177,SOYBEANS,"SOYBEANS - YIELD, MEASURED IN BU / ACRE",61.4,BU / ACRE
2010,IA,WAPELLO,179,SOYBEANS,"SOYBEANS - YIELD, MEASURED IN BU / ACRE",45.6,BU / ACRE
2011,IA,WAPELLO,179,SOYBEANS,"SOYBEANS - YIELD, MEASURED IN BU / ACRE",42.6,BU / ACRE
2012,IA,WAPELLO,179,SOYBEANS,"SOYBEANS - YIELD, MEASURED IN BU / ACRE",42.2,BU / ACRE
2013,IA,WAPELLO,179,SOYBEANS,"SOYBEANS - YIELD, MEASURED IN BU / ACRE",41.4,BU / ACRE
2014,IA,WAPELLO,179,SOYBEANS,"SOYBEANS - YIELD, MEASURED IN BU / ACRE",48.7,BU / ACRE
2015,IA,WAPELLO,179,SOYBEANS,"SOYBEANS - YIELD, MEASURED IN BU / ACRE",48.5,BU / ACRE
2016,IA,WAPELLO,179,SOYBEANS,"SOYBEANS - YIELD, MEASURED IN BU / ACRE",58.1,BU / ACRE
2017,IA,WAPELLO,179,SOYBEANS,"SOYBEANS - YIELD, MEASURED IN BU / ACRE",45.0,BU / ACRE
2018,IA,WAPELLO,179,SOYBEANS,"SOYBEANS - YIELD, MEASURED IN BU / ACRE",60.2,BU / ACRE
2019,IA,WAPELLO,179,SOYBEANS,"SOYBEANS - YIELD, MEASURED IN BU / ACRE",55.5,BU / ACRE
2020,IA,WAPELLO,179,SOYBEANS,"SOYBEANS - YIELD, MEASURED IN BU / ACRE",52.0,BU / ACRE
2021,IA,WAPELLO,179,SOYBEANS,"SOYBEANS - YIELD, MEASURED IN BU / ACRE",59.0,BU / ACRE
2022,IA,WAPELLO,179,SOYBEANS,"SOYBEANS - YIELD, MEASURED IN BU / ACRE",53.7,BU / ACRE
2023,IA,WAPELLO,179,SOYBEANS,"SOYBEANS - YIELD, MEASURED IN BU / ACRE",61.7,BU / ACRE
2025,IA,WAPELLO,179,SOYBEANS,"SOYBEANS - YIELD, MEASURED IN BU / ACRE",65.7,BU / ACRE
2010,IA,WARREN,181,SOYBEANS,"SOYBEANS - YIELD, MEASURED IN BU / ACRE",48.4,BU / ACRE
2011,IA,WARREN,181,SOYBEANS,"SOYBEANS - YIELD, MEASURED IN BU / ACRE",45.5,BU / ACRE
2012,IA,WARREN,181,SOYBEANS,"SOYBEANS - YIELD, MEASURED IN BU / ACRE",43.3,BU / ACRE
2013,IA,WARREN,181,SOYBEANS,"SOYBEANS - YIELD, MEASURED IN BU / ACRE",42.5,BU / ACRE
2014,IA,WARREN,181,SOYBEANS,"SOYBEANS - YIELD, MEASURED IN BU / ACRE",46.6,BU / ACRE
2015,IA,WARREN,181,SOYBEANS,"SOYBEANS - YIELD, MEASURED IN BU / ACRE",53.6,BU / ACRE
2016,IA,WARREN,181,SOYBEANS,"SOYBEANS - YIELD, MEASURED IN BU / ACRE",54.3,BU / ACRE
2017,IA,WARREN,181,SOYBEANS,"SOYBEANS - YIELD, MEASURED IN BU / ACRE",49.9,BU / ACRE
2018,IA,WARREN,181,SOYBEANS,"SOYBEANS - YIELD, MEASURED IN BU / ACRE",52.0,BU / ACRE
2019,IA,WARREN,181,SOYBEANS,"SOYBEANS - YIELD, MEASURED IN BU / ACRE",52.3,BU / ACRE
2020,IA,WARREN,181,SOYBEANS,"SOYBEANS - YIELD, MEASURED IN BU / ACRE",49.5,BU / ACRE
2022,IA,WARREN,181,SOYBEANS,"SOYBEANS - YIELD, MEASURED IN BU / ACRE",50.2,BU / ACRE
2023,IA,WARREN,181,SOYBEANS,"SOYBEANS - YIELD, MEASURED IN BU / ACRE",57.9,BU / ACRE
2025,IA,WARREN,181,SOYBEANS,"SOYBEANS - YIELD, MEASURED IN BU / ACRE",60.4,BU / ACRE
2010,IA,WASHINGTON,183,SOYBEANS,"SOYBEANS - YIELD, MEASURED IN BU / ACRE",46.9,BU / ACRE
2011,IA,WASHINGTON,183,SOYBEANS,"SOYBEANS - YIELD, MEASURED IN BU / ACRE",55.5,BU / ACRE
2012,IA,WASHINGTON,183,SOYBEANS,"SOYBEANS - YIELD, MEASURED IN BU / ACRE",51.6,BU / ACRE
2013,IA,WASHINGTON,183,SOYBEANS,"SOYBEANS - YIELD, MEASURED IN BU / ACRE",45.1,BU / ACRE
2014,IA,WASHINGTON,183,SOYBEANS,"SOYBEANS - YIELD, MEASURED IN BU / ACRE",54.0,BU / ACRE
2015,IA,WASHINGTON,183,SOYBEANS,"SOYBEANS - YIELD, MEASURED IN BU / ACRE",58.9,BU / ACRE
2016,IA,WASHINGTON,183,SOYBEANS,"SOYBEANS - YIELD, MEASURED IN BU / ACRE",55.8,BU / ACRE
2017,IA,WASHINGTON,183,SOYBEANS,"SOYBEANS - YIELD, MEASURED IN BU / ACRE",61.7,BU / ACRE
2018,IA,WASHINGTON,183,SOYBEANS,"SOYBEANS - YIELD, MEASURED IN BU / ACRE",61.5,BU / ACRE
2019,IA,WASHINGTON,183,SOYBEANS,"SOYBEANS - YIELD, MEASURED IN BU / ACRE",54.7,BU / ACRE
2020,IA,WASHINGTON,183,SOYBEANS,"SOYBEANS - YIELD, MEASURED IN BU / ACRE",53.2,BU / ACRE
2022,IA,WASHINGTON,183,SOYBEANS,"SOYBEANS - YIELD, MEASURED IN BU / ACRE",57.2,BU / ACRE
2023,IA,WASHINGTON,183,SOYBEANS,"SOYBEANS - YIELD, MEASURED IN BU / ACRE",60.1,BU / ACRE
2025,IA,WASHINGTON,183,SOYBEANS,"SOYBEANS - YIELD, MEASURED IN BU / ACRE",65.4,BU / ACRE
2010,IA,WAYNE,185,SOYBEANS,"SOYBEANS - YIELD, MEASURED IN BU / ACRE",42.6,BU / ACRE
2011,IA,WAYNE,185,SOYBEANS,"SOYBEANS - YIELD, MEASURED IN BU / ACRE",45.1,BU / ACRE
2012,IA,WAYNE,185,SOYBEANS,"SOYBEANS - YIELD, MEASURED IN BU / ACRE",28.1,BU / ACRE
2013,IA,WAYNE,185,SOYBEANS,"SOYBEANS - YIELD, MEASURED IN BU / ACRE",33.2,BU / ACRE
2014,IA,WAYNE,185,SOYBEANS,"SOYBEANS - YIELD, MEASURED IN BU / ACRE",45.8,BU / ACRE
2015,IA,WAYNE,185,SOYBEANS,"SOYBEANS - YIELD, MEASURED IN BU / ACRE",45.0,BU / ACRE
2016,IA,WAYNE,185,SOYBEANS,"SOYBEANS - YIELD, MEASURED IN BU / ACRE",54.2,BU / ACRE
2018,IA,WAYNE,185,SOYBEANS,"SOYBEANS - YIELD, MEASURED IN BU / ACRE",49.0,BU / ACRE
2019,IA,WAYNE,185,SOYBEANS,"SOYBEANS - YIELD, MEASURED IN BU / ACRE",52.5,BU / ACRE
2020,IA,WAYNE,185,SOYBEANS,"SOYBEANS - YIELD, MEASURED IN BU / ACRE",44.6,BU / ACRE
2021,IA,WAYNE,185,SOYBEANS,"SOYBEANS - YIELD, MEASURED IN BU / ACRE",57.1,BU / ACRE
2024,IA,WAYNE,185,SOYBEANS,"SOYBEANS - YIELD, MEASURED IN BU / ACRE",56.6,BU / ACRE
2010,IA,WEBSTER,187,SOYBEANS,"SOYBEANS - YIELD, MEASURED IN BU / ACRE",45.5,BU / ACRE
2011,IA,WEBSTER,187,SOYBEANS,"SOYBEANS - YIELD, MEASURED IN BU / ACRE",51.9,BU / ACRE
2012,IA,WEBSTER,187,SOYBEANS,"SOYBEANS - YIELD, MEASURED IN BU / ACRE",46.7,BU / ACRE
2013,IA,WEBSTER,187,SOYBEANS,"SOYBEANS - YIELD, MEASURED IN BU / ACRE",39.1,BU / ACRE
2014,IA,WEBSTER,187,SOYBEANS,"SOYBEANS - YIELD, MEASURED IN BU / ACRE",52.4,BU / ACRE
2015,IA,WEBSTER,187,SOYBEANS,"SOYBEANS - YIELD, MEASURED IN BU / ACRE",54.9,BU / ACRE
2016,IA,WEBSTER,187,SOYBEANS,"SOYBEANS - YIELD, MEASURED IN BU / ACRE",58.4,BU / ACRE
2017,IA,WEBSTER,187,SOYBEANS,"SOYBEANS - YIELD, MEASURED IN BU / ACRE",57.9,BU / ACRE
2018,IA,WEBSTER,187,SOYBEANS,"SOYBEANS - YIELD, MEASURED IN BU / ACRE",51.1,BU / ACRE
2019,IA,WEBSTER,187,SOYBEANS,"SOYBEANS - YIELD, MEASURED IN BU / ACRE",49.1,BU / ACRE
2020,IA,WEBSTER,187,SOYBEANS,"SOYBEANS - YIELD, MEASURED IN BU / ACRE",50.4,BU / ACRE
2021,IA,WEBSTER,187,SOYBEANS,"SOYBEANS - YIELD, MEASURED IN BU / ACRE",64.6,BU / ACRE
2022,IA,WEBSTER,187,SOYBEANS,"SOYBEANS - YIELD, MEASURED IN BU / ACRE",57.5,BU / ACRE
2023,IA,WEBSTER,187,SOYBEANS,"SOYBEANS - YIELD, MEASURED IN BU / ACRE",60.0,BU / ACRE
2024,IA,WEBSTER,187,SOYBEANS,"SOYBEANS - YIELD, MEASURED IN BU / ACRE",59.8,BU / ACRE
2025,IA,WEBSTER,187,SOYBEANS,"SOYBEANS - YIELD, MEASURED IN BU / ACRE",61.5,BU / ACRE
2010,IA,WINNEBAGO,189,SOYBEANS,"SOYBEANS - YIELD, MEASURED IN BU / ACRE",51.5,BU / ACRE
2011,IA,WINNEBAGO,189,SOYBEANS,"SOYBEANS - YIELD, MEASURED IN BU / ACRE",47.3,BU / ACRE
2012,IA,WINNEBAGO,189,SOYBEANS,"SOYBEANS - YIELD, MEASURED IN BU / ACRE",47.7,BU / ACRE
2013,IA,WINNEBAGO,189,SOYBEANS,"SOYBEANS - YIELD, MEASURED IN BU / ACRE",38.8,BU / ACRE
2014,IA,WINNEBAGO,189,SOYBEANS,"SOYBEANS - YIELD, MEASURED IN BU / ACRE",47.6,BU / ACRE
2015,IA,WINNEBAGO,189,SOYBEANS,"SOYBEANS - YIELD, MEASURED IN BU / ACRE",59.4,BU / ACRE
2016,IA,WINNEBAGO,189,SOYBEANS,"SOYBEANS - YIELD, MEASURED IN BU / ACRE",62.5,BU / ACRE
2017,IA,WINNEBAGO,189,SOYBEANS,"SOYBEANS - YIELD, MEASURED IN BU / ACRE",59.9,BU / ACRE
2018,IA,WINNEBAGO,189,SOYBEANS,"SOYBEANS - YIELD, MEASURED IN BU / ACRE",51.8,BU / ACRE
2019,IA,WINNEBAGO,189,SOYBEANS,"SOYBEANS - YIELD, MEASURED IN BU / ACRE",54.2,BU / ACRE
2020,IA,WINNEBAGO,189,SOYBEANS,"SOYBEANS - YIELD, MEASURED IN BU / ACRE",60.8,BU / ACRE
2021,IA,WINNEBAGO,189,SOYBEANS,"SOYBEANS - YIELD, MEASURED IN BU / ACRE",61.6,BU / ACRE
2022,IA,WINNEBAGO,189,SOYBEANS,"SOYBEANS - YIELD, MEASURED IN BU / ACRE",64.4,BU / ACRE
2023,IA,WINNEBAGO,189,SOYBEANS,"SOYBEANS - YIELD, MEASURED IN BU / ACRE",60.7,BU / ACRE
2024,IA,WINNEBAGO,189,SOYBEANS,"SOYBEANS - YIELD, MEASURED IN BU / ACRE",53.8,BU / ACRE
2025,IA,WINNEBAGO,189,SOYBEANS,"SOYBEANS - YIELD, MEASURED IN BU / ACRE",59.9,BU / ACRE
2010,IA,WINNESHIEK,191,SOYBEANS,"SOYBEANS - YIELD, MEASURED IN BU / ACRE",55.1,BU / ACRE
2011,IA,WINNESHIEK,191,SOYBEANS,"SOYBEANS - YIELD, MEASURED IN BU / ACRE",52.5,BU / ACRE
2012,IA,WINNESHIEK,191,SOYBEANS,"SOYBEANS - YIELD, MEASURED IN BU / ACRE",44.9,BU / ACRE
2013,IA,WINNESHIEK,191,SOYBEANS,"SOYBEANS - YIELD, MEASURED IN BU / ACRE",48.9,BU / ACRE
2014,IA,WINNESHIEK,191,SOYBEANS,"SOYBEANS - YIELD, MEASURED IN BU / ACRE",50.1,BU / ACRE
2015,IA,WINNESHIEK,191,SOYBEANS,"SOYBEANS - YIELD, MEASURED IN BU / ACRE",55.6,BU / ACRE
2016,IA,WINNESHIEK,191,SOYBEANS,"SOYBEANS - YIELD, MEASURED IN BU / ACRE",58.4,BU / ACRE
2017,IA,WINNESHIEK,191,SOYBEANS,"SOYBEANS - YIELD, MEASURED IN BU / ACRE",54.6,BU / ACRE
2018,IA,WINNESHIEK,191,SOYBEANS,"SOYBEANS - YIELD, MEASURED IN BU / ACRE",51.7,BU / ACRE
2019,IA,WINNESHIEK,191,SOYBEANS,"SOYBEANS - YIELD, MEASURED IN BU / ACRE",55.6,BU / ACRE
2020,IA,WINNESHIEK,191,SOYBEANS,"SOYBEANS - YIELD, MEASURED IN BU / ACRE",53.6,BU / ACRE
2021,IA,WINNESHIEK,191,SOYBEANS,"SOYBEANS - YIELD, MEASURED IN BU / ACRE",61.8,BU / ACRE
2022,IA,WINNESHIEK,191,SOYBEANS,"SOYBEANS - YIELD, MEASURED IN BU / ACRE",66.3,BU / ACRE
2023,IA,WINNESHIEK,191,SOYBEANS,"SOYBEANS - YIELD, MEASURED IN BU / ACRE",52.6,BU / ACRE
2024,IA,WINNESHIEK,191,SOYBEANS,"SOYBEANS - YIELD, MEASURED IN BU / ACRE",55.0,BU / ACRE
2010,IA,WOODBURY,193,SOYBEANS,"SOYBEANS - YIELD, MEASURED IN BU / ACRE",50.4,BU / ACRE
2011,IA,WOODBURY,193,SOYBEANS,"SOYBEANS - YIELD, MEASURED IN BU / ACRE",46.8,BU / ACRE
2012,IA,WOODBURY,193,SOYBEANS,"SOYBEANS - YIELD, MEASURED IN BU / ACRE",42.4,BU / ACRE
2013,IA,WOODBURY,193,SOYBEANS,"SOYBEANS - YIELD, MEASURED IN BU / ACRE",49.0,BU / ACRE
2014,IA,WOODBURY,193,SOYBEANS,"SOYBEANS - YIELD, MEASURED IN BU / ACRE",51.8,BU / ACRE
2015,IA,WOODBURY,193,SOYBEANS,"SOYBEANS - YIELD, MEASURED IN BU / ACRE",56.4,BU / ACRE
2016,IA,WOODBURY,193,SOYBEANS,"SOYBEANS - YIELD, MEASURED IN BU / ACRE",61.2,BU / ACRE
2017,IA,WOODBURY,193,SOYBEANS,"SOYBEANS - YIELD, MEASURED IN BU / ACRE",58.1,BU / ACRE
2018,IA,WOODBURY,193,SOYBEANS,"SOYBEANS - YIELD, MEASURED IN BU / ACRE",59.5,BU / ACRE
2019,IA,WOODBURY,193,SOYBEANS,"SOYBEANS - YIELD, MEASURED IN BU / ACRE",56.8,BU / ACRE
2020,IA,WOODBURY,193,SOYBEANS,"SOYBEANS - YIELD, MEASURED IN BU / ACRE",56.6,BU / ACRE
2022,IA,WOODBURY,193,SOYBEANS,"SOYBEANS - YIELD, MEASURED IN BU / ACRE",56.4,BU / ACRE
2023,IA,WOODBURY,193,SOYBEANS,"SOYBEANS - YIELD, MEASURED IN BU / ACRE",44.8,BU / ACRE
2024,IA,WOODBURY,193,SOYBEANS,"SOYBEANS - YIELD, MEASURED IN BU / ACRE",58.8,BU / ACRE
2025,IA,WOODBURY,193,SOYBEANS,"SOYBEANS - YIELD, MEASURED IN BU / ACRE",64.4,BU / ACRE
2010,IA,WORTH,195,SOYBEANS,"SOYBEANS - YIELD, MEASURED IN BU / ACRE",52.7,BU / ACRE
2011,IA,WORTH,195,SOYBEANS,"SOYBEANS - YIELD, MEASURED IN BU / ACRE",47.8,BU / ACRE
2012,IA,WORTH,195,SOYBEANS,"SOYBEANS - YIELD, MEASURED IN BU / ACRE",45.6,BU / ACRE
2013,IA,WORTH,195,SOYBEANS,"SOYBEANS - YIELD, MEASURED IN BU / ACRE",41.1,BU / ACRE
2014,IA,WORTH,195,SOYBEANS,"SOYBEANS - YIELD, MEASURED IN BU / ACRE",49.8,BU / ACRE
2015,IA,WORTH,195,SOYBEANS,"SOYBEANS - YIELD, MEASURED IN BU / ACRE",59.4,BU / ACRE
2016,IA,WORTH,195,SOYBEANS,"SOYBEANS - YIELD, MEASURED IN BU / ACRE",58.2,BU / ACRE
2017,IA,WORTH,195,SOYBEANS,"SOYBEANS - YIELD, MEASURED IN BU / ACRE",54.8,BU / ACRE
2018,IA,WORTH,195,SOYBEANS,"SOYBEANS - YIELD, MEASURED IN BU / ACRE",53.7,BU / ACRE
2019,IA,WORTH,195,SOYBEANS,"SOYBEANS - YIELD, MEASURED IN BU / ACRE",51.0,BU / ACRE
2020,IA,WORTH,195,SOYBEANS,"SOYBEANS - YIELD, MEASURED IN BU / ACRE",58.2,BU / ACRE
2021,IA,WORTH,195,SOYBEANS,"SOYBEANS - YIELD, MEASURED IN BU / ACRE",60.1,BU / ACRE
2022,IA,WORTH,195,SOYBEANS,"SOYBEANS - YIELD, MEASURED IN BU / ACRE",62.0,BU / ACRE
2023,IA,WORTH,195,SOYBEANS,"SOYBEANS - YIELD, MEASURED IN BU / ACRE",51.0,BU / ACRE
2024,IA,WORTH,195,SOYBEANS,"SOYBEANS - YIELD, MEASURED IN BU / ACRE",56.6,BU / ACRE
2025,IA,WORTH,195,SOYBEANS,"SOYBEANS - YIELD, MEASURED IN BU / ACRE",58.0,BU / ACRE
2010,IA,WRIGHT,197,SOYBEANS,"SOYBEANS - YIELD, MEASURED IN BU / ACRE",41.7,BU / ACRE
2011,IA,WRIGHT,197,SOYBEANS,"SOYBEANS - YIELD, MEASURED IN BU / ACRE",53.5,BU / ACRE
2012,IA,WRIGHT,197,SOYBEANS,"SOYBEANS - YIELD, MEASURED IN BU / ACRE",45.4,BU / ACRE
2013,IA,WRIGHT,197,SOYBEANS,"SOYBEANS - YIELD, MEASURED IN BU / ACRE",43.5,BU / ACRE
2014,IA,WRIGHT,197,SOYBEANS,"SOYBEANS - YIELD, MEASURED IN BU / ACRE",42.7,BU / ACRE
2015,IA,WRIGHT,197,SOYBEANS,"SOYBEANS - YIELD, MEASURED IN BU / ACRE",59.0,BU / ACRE
2016,IA,WRIGHT,197,SOYBEANS,"SOYBEANS - YIELD, MEASURED IN BU / ACRE",58.8,BU / ACRE
2017,IA,WRIGHT,197,SOYBEANS,"SOYBEANS - YIELD, MEASURED IN BU / ACRE",57.9,BU / ACRE
2018,IA,WRIGHT,197,SOYBEANS,"SOYBEANS - YIELD, MEASURED IN BU / ACRE",52.6,BU / ACRE
2019,IA,WRIGHT,197,SOYBEANS,"SOYBEANS - YIELD, MEASURED IN BU / ACRE",54.1,BU / ACRE
2020,IA,WRIGHT,197,SOYBEANS,"SOYBEANS - YIELD, MEASURED IN BU / ACRE",55.9,BU / ACRE
2021,IA,WRIGHT,197,SOYBEANS,"SOYBEANS - YIELD, MEASURED IN BU / ACRE",61.0,BU / ACRE
2022,IA,WRIGHT,197,SOYBEANS,"SOYBEANS - YIELD, MEASURED IN BU / ACRE",60.6,BU / ACRE
2023,IA,WRIGHT,197,SOYBEANS,"SOYBEANS - YIELD, MEASURED IN BU / ACRE",60.8,BU / ACRE
2024,IA,WRIGHT,197,SOYBEANS,"SOYBEANS - YIELD, MEASURED IN BU / ACRE",55.5,BU / ACRE
2025,IA,WRIGHT,197,SOYBEANS,"SOYBEANS - YIELD, MEASURED IN BU / ACRE",59.0,BU / ACRE
2010,IL,ADAMS,001,SOYBEANS,"SOYBEANS - YIELD, MEASURED IN BU / ACRE",48.7,BU / ACRE
2011,IL,ADAMS,001,SOYBEANS,"SOYBEANS - YIELD, MEASURED IN BU / ACRE",41.4,BU / ACRE
2012,IL,ADAMS,001,SOYBEANS,"SOYBEANS - YIELD, MEASURED IN BU / ACRE",40.7,BU / ACRE
2013,IL,ADAMS,001,SOYBEANS,"SOYBEANS - YIELD, MEASURED IN BU / ACRE",43.6,BU / ACRE
2014,IL,ADAMS,001,SOYBEANS,"SOYBEANS - YIELD, MEASURED IN BU / ACRE",50.7,BU / ACRE
2015,IL,ADAMS,001,SOYBEANS,"SOYBEANS - YIELD, MEASURED IN BU / ACRE",52.1,BU / ACRE
2016,IL,ADAMS,001,SOYBEANS,"SOYBEANS - YIELD, MEASURED IN BU / ACRE",56.8,BU / ACRE
2017,IL,ADAMS,001,SOYBEANS,"SOYBEANS - YIELD, MEASURED IN BU / ACRE",55.9,BU / ACRE
2018,IL,ADAMS,001,SOYBEANS,"SOYBEANS - YIELD, MEASURED IN BU / ACRE",59.3,BU / ACRE
2019,IL,ADAMS,001,SOYBEANS,"SOYBEANS - YIELD, MEASURED IN BU / ACRE",49.8,BU / ACRE
2020,IL,ADAMS,001,SOYBEANS,"SOYBEANS - YIELD, MEASURED IN BU / ACRE",54.8,BU / ACRE
2022,IL,ADAMS,001,SOYBEANS,"SOYBEANS - YIELD, MEASURED IN BU / ACRE",61.2,BU / ACRE
2023,IL,ADAMS,001,SOYBEANS,"SOYBEANS - YIELD, MEASURED IN BU / ACRE",60.7,BU / ACRE
2010,IL,ALEXANDER,003,SOYBEANS,"SOYBEANS - YIELD, MEASURED IN BU / ACRE",39.8,BU / ACRE
2011,IL,ALEXANDER,003,SOYBEANS,"SOYBEANS - YIELD, MEASURED IN BU / ACRE",35.1,BU / ACRE
2016,IL,ALEXANDER,003,SOYBEANS,"SOYBEANS - YIELD, MEASURED IN BU / ACRE",38.4,BU / ACRE
2017,IL,ALEXANDER,003,SOYBEANS,"SOYBEANS - YIELD, MEASURED IN BU / ACRE",42.3,BU / ACRE
2020,IL,ALEXANDER,003,SOYBEANS,"SOYBEANS - YIELD, MEASURED IN BU / ACRE",48.7,BU / ACRE
2021,IL,ALEXANDER,003,SOYBEANS,"SOYBEANS - YIELD, MEASURED IN BU / ACRE",58.5,BU / ACRE
2022,IL,ALEXANDER,003,SOYBEANS,"SOYBEANS - YIELD, MEASURED IN BU / ACRE",51.3,BU / ACRE
2025,IL,ALEXANDER,003,SOYBEANS,"SOYBEANS - YIELD, MEASURED IN BU / ACRE",40.8,BU / ACRE
2010,IL,BOND,005,SOYBEANS,"SOYBEANS - YIELD, MEASURED IN BU / ACRE",49.9,BU / ACRE
2011,IL,BOND,005,SOYBEANS,"SOYBEANS - YIELD, MEASURED IN BU / ACRE",35.8,BU / ACRE
2012,IL,BOND,005,SOYBEANS,"SOYBEANS - YIELD, MEASURED IN BU / ACRE",31.0,BU / ACRE
2014,IL,BOND,005,SOYBEANS,"SOYBEANS - YIELD, MEASURED IN BU / ACRE",50.2,BU / ACRE
2015,IL,BOND,005,SOYBEANS,"SOYBEANS - YIELD, MEASURED IN BU / ACRE",48.5,BU / ACRE
2017,IL,BOND,005,SOYBEANS,"SOYBEANS - YIELD, MEASURED IN BU / ACRE",54.5,BU / ACRE
2018,IL,BOND,005,SOYBEANS,"SOYBEANS - YIELD, MEASURED IN BU / ACRE",67.0,BU / ACRE
2019,IL,BOND,005,SOYBEANS,"SOYBEANS - YIELD, MEASURED IN BU / ACRE",51.7,BU / ACRE
2020,IL,BOND,005,SOYBEANS,"SOYBEANS - YIELD, MEASURED IN BU / ACRE",59.0,BU / ACRE
2021,IL,BOND,005,SOYBEANS,"SOYBEANS - YIELD, MEASURED IN BU / ACRE",65.0,BU / ACRE
2022,IL,BOND,005,SOYBEANS,"SOYBEANS - YIELD, MEASURED IN BU / ACRE",58.6,BU / ACRE
2023,IL,BOND,005,SOYBEANS,"SOYBEANS - YIELD, MEASURED IN BU / ACRE",57.3,BU / ACRE
2025,IL,BOND,005,SOYBEANS,"SOYBEANS - YIELD, MEASURED IN BU / ACRE",52.9,BU / ACRE
2010,IL,BOONE,007,SOYBEANS,"SOYBEANS - YIELD, MEASURED IN BU / ACRE",58.1,BU / ACRE
2011,IL,BOONE,007,SOYBEANS,"SOYBEANS - YIELD, MEASURED IN BU / ACRE",59.5,BU / ACRE
2012,IL,BOONE,007,SOYBEANS,"SOYBEANS - YIELD, MEASURED IN BU / ACRE",43.9,BU / ACRE
2013,IL,BOONE,007,SOYBEANS,"SOYBEANS - YIELD, MEASURED IN BU / ACRE",52.5,BU / ACRE
2014,IL,BOONE,007,SOYBEANS,"SOYBEANS - YIELD, MEASURED IN BU / ACRE",57.4,BU / ACRE
2015,IL,BOONE,007,SOYBEANS,"SOYBEANS - YIELD, MEASURED IN BU / ACRE",58.1,BU / ACRE
2016,IL,BOONE,007,SOYBEANS,"SOYBEANS - YIELD, MEASURED IN BU / ACRE",62.3,BU / ACRE
2017,IL,BOONE,007,SOYBEANS,"SOYBEANS - YIELD, MEASURED IN BU / ACRE",47.4,BU / ACRE
2018,IL,BOONE,007,SOYBEANS,"SOYBEANS - YIELD, MEASURED IN BU / ACRE",60.3,BU / ACRE
2019,IL,BOONE,007,SOYBEANS,"SOYBEANS - YIELD, MEASURED IN BU / ACRE",50.0,BU / ACRE
2020,IL,BOONE,007,SOYBEANS,"SOYBEANS - YIELD, MEASURED IN BU / ACRE",53.0,BU / ACRE
2021,IL,BOONE,007,SOYBEANS,"SOYBEANS - YIELD, MEASURED IN BU / ACRE",69.2,BU / ACRE
2022,IL,BOONE,007,SOYBEANS,"SOYBEANS - YIELD, MEASURED IN BU / ACRE",62.2,BU / ACRE
2023,IL,BOONE,007,SOYBEANS,"SOYBEANS - YIELD, MEASURED IN BU / ACRE",59.6,BU / ACRE
2024,IL,BOONE,007,SOYBEANS,"SOYBEANS - YIELD, MEASURED IN BU / ACRE",62.9,BU / ACRE
2025,IL,BOONE,007,SOYBEANS,"SOYBEANS - YIELD, MEASURED IN BU / ACRE",66.2,BU / ACRE
2010,IL,BROWN,009,SOYBEANS,"SOYBEANS - YIELD, MEASURED IN BU / ACRE",48.1,BU / ACRE
2011,IL,BROWN,009,SOYBEANS,"SOYBEANS - YIELD, MEASURED IN BU / ACRE",38.8,BU / ACRE
2012,IL,BROWN,009,SOYBEANS,"SOYBEANS - YIELD, MEASURED IN BU / ACRE",37.4,BU / ACRE
2013,IL,BROWN,009,SOYBEANS,"SOYBEANS - YIELD, MEASURED IN BU / ACRE",48.1,BU / ACRE
2014,IL,BROWN,009,SOYBEANS,"SOYBEANS - YIELD, MEASURED IN BU / ACRE",51.0,BU / ACRE
2015,IL,BROWN,009,SOYBEANS,"SOYBEANS - YIELD, MEASURED IN BU / ACRE",49.0,BU / ACRE
2016,IL,BROWN,009,SOYBEANS,"SOYBEANS - YIELD, MEASURED IN BU / ACRE",52.0,BU / ACRE
2017,IL,BROWN,009,SOYBEANS,"SOYBEANS - YIELD, MEASURED IN BU / ACRE",57.1,BU / ACRE
2018,IL,BROWN,009,SOYBEANS,"SOYBEANS - YIELD, MEASURED IN BU / ACRE",60.3,BU / ACRE
2019,IL,BROWN,009,SOYBEANS,"SOYBEANS - YIELD, MEASURED IN BU / ACRE",56.2,BU / ACRE
2020,IL,BROWN,009,SOYBEANS,"SOYBEANS - YIELD, MEASURED IN BU / ACRE",61.4,BU / ACRE
2021,IL,BROWN,009,SOYBEANS,"SOYBEANS - YIELD, MEASURED IN BU / ACRE",59.4,BU / ACRE
2022,IL,BROWN,009,SOYBEANS,"SOYBEANS - YIELD, MEASURED IN BU / ACRE",64.4,BU / ACRE
2023,IL,BROWN,009,SOYBEANS,"SOYBEANS - YIELD, MEASURED IN BU / ACRE",62.4,BU / ACRE
2024,IL,BROWN,009,SOYBEANS,"SOYBEANS - YIELD, MEASURED IN BU / ACRE",60.6,BU / ACRE
2010,IL,BUREAU,011,SOYBEANS,"SOYBEANS - YIELD, MEASURED IN BU / ACRE",55.0,BU / ACRE
2011,IL,BUREAU,011,SOYBEANS,"SOYBEANS - YIELD, MEASURED IN BU / ACRE",58.1,BU / ACRE
2012,IL,BUREAU,011,SOYBEANS,"SOYBEANS - YIELD, MEASURED IN BU / ACRE",55.0,BU / ACRE
2013,IL,BUREAU,011,SOYBEANS,"SOYBEANS - YIELD, MEASURED IN BU / ACRE",56.3,BU / ACRE
2014,IL,BUREAU,011,SOYBEANS,"SOYBEANS - YIELD, MEASURED IN BU / ACRE",59.9,BU / ACRE
2015,IL,BUREAU,011,SOYBEANS,"SOYBEANS - YIELD, MEASURED IN BU / ACRE",60.2,BU / ACRE
2016,IL,BUREAU,011,SOYBEANS,"SOYBEANS - YIELD, MEASURED IN BU / ACRE",64.2,BU / ACRE
2017,IL,BUREAU,011,SOYBEANS,"SOYBEANS - YIELD, MEASURED IN BU / ACRE",59.1,BU / ACRE
2018,IL,BUREAU,011,SOYBEANS,"SOYBEANS - YIELD, MEASURED IN BU / ACRE",68.5,BU / ACRE
2019,IL,BUREAU,011,SOYBEANS,"SOYBEANS - YIELD, MEASURED IN BU / ACRE",57.4,BU / ACRE
2020,IL,BUREAU,011,SOYBEANS,"SOYBEANS - YIELD, MEASURED IN BU / ACRE",64.8,BU / ACRE
2021,IL,BUREAU,011,SOYBEANS,"SOYBEANS - YIELD, MEASURED IN BU / ACRE",66.4,BU / ACRE
2022,IL,BUREAU,011,SOYBEANS,"SOYBEANS - YIELD, MEASURED IN BU / ACRE",67.5,BU / ACRE
2023,IL,BUREAU,011,SOYBEANS,"SOYBEANS - YIELD, MEASURED IN BU / ACRE",66.9,BU / ACRE
2024,IL,BUREAU,011,SOYBEANS,"SOYBEANS - YIELD, MEASURED IN BU / ACRE",72.9,BU / ACRE
2025,IL,BUREAU,011,SOYBEANS,"SOYBEANS - YIELD, MEASURED IN BU / ACRE",71.8,BU / ACRE
2010,IL,CALHOUN,013,SOYBEANS,"SOYBEANS - YIELD, MEASURED IN BU / ACRE",50.3,BU / ACRE
2011,IL,CALHOUN,013,SOYBEANS,"SOYBEANS - YIELD, MEASURED IN BU / ACRE",43.6,BU / ACRE
2012,IL,CALHOUN,013,SOYBEANS,"SOYBEANS - YIELD, MEASURED IN BU / ACRE",41.4,BU / ACRE
2014,IL,CALHOUN,013,SOYBEANS,"SOYBEANS - YIELD, MEASURED IN BU / ACRE",47.4,BU / ACRE
2015,IL,CALHOUN,013,SOYBEANS,"SOYBEANS - YIELD, MEASURED IN BU / ACRE",55.2,BU / ACRE
2017,IL,CALHOUN,013,SOYBEANS,"SOYBEANS - YIELD, MEASURED IN BU / ACRE",53.6,BU / ACRE
2018,IL,CALHOUN,013,SOYBEANS,"SOYBEANS - YIELD, MEASURED IN BU / ACRE",58.6,BU / ACRE
2019,IL,CALHOUN,013,SOYBEANS,"SOYBEANS - YIELD, MEASURED IN BU / ACRE",46.9,BU / ACRE
2020,IL,CALHOUN,013,SOYBEANS,"SOYBEANS - YIELD, MEASURED IN BU / ACRE",54.1,BU / ACRE
2022,IL,CALHOUN,013,SOYBEANS,"SOYBEANS - YIELD, MEASURED IN BU / ACRE",57.8,BU / ACRE
2023,IL,CALHOUN,013,SOYBEANS,"SOYBEANS - YIELD, MEASURED IN BU / ACRE",59.7,BU / ACRE
2025,IL,CALHOUN,013,SOYBEANS,"SOYBEANS - YIELD, MEASURED IN BU / ACRE",56.8,BU / ACRE
2010,IL,CARROLL,015,SOYBEANS,"SOYBEANS - YIELD, MEASURED IN BU / ACRE",58.9,BU / ACRE
2011,IL,CARROLL,015,SOYBEANS,"SOYBEANS - YIELD, MEASURED IN BU / ACRE",63.7,BU / ACRE
2012,IL,CARROLL,015,SOYBEANS,"SOYBEANS - YIELD, MEASURED IN BU / ACRE",59.0,BU / ACRE
2013,IL,CARROLL,015,SOYBEANS,"SOYBEANS - YIELD, MEASURED IN BU / ACRE",57.9,BU / ACRE
2014,IL,CARROLL,015,SOYBEANS,"SOYBEANS - YIELD, MEASURED IN BU / ACRE",60.4,BU / ACRE
2015,IL,CARROLL,015,SOYBEANS,"SOYBEANS - YIELD, MEASURED IN BU / ACRE",63.6,BU / ACRE
2016,IL,CARROLL,015,SOYBEANS,"SOYBEANS - YIELD, MEASURED IN BU / ACRE",69.0,BU / ACRE
2017,IL,CARROLL,015,SOYBEANS,"SOYBEANS - YIELD, MEASURED IN BU / ACRE",64.3,BU / ACRE
2018,IL,CARROLL,015,SOYBEANS,"SOYBEANS - YIELD, MEASURED IN BU / ACRE",68.9,BU / ACRE
2019,IL,CARROLL,015,SOYBEANS,"SOYBEANS - YIELD, MEASURED IN BU / ACRE",64.7,BU / ACRE
2020,IL,CARROLL,015,SOYBEANS,"SOYBEANS - YIELD, MEASURED IN BU / ACRE",68.1,BU / ACRE
2021,IL,CARROLL,015,SOYBEANS,"SOYBEANS - YIELD, MEASURED IN BU / ACRE",68.6,BU / ACRE
2022,IL,CARROLL,015,SOYBEANS,"SOYBEANS - YIELD, MEASURED IN BU / ACRE",68.9,BU / ACRE
2023,IL,CARROLL,015,SOYBEANS,"SOYBEANS - YIELD, MEASURED IN BU / ACRE",70.4,BU / ACRE
2024,IL,CARROLL,015,SOYBEANS,"SOYBEANS - YIELD, MEASURED IN BU / ACRE",70.3,BU / ACRE
2025,IL,CARROLL,015,SOYBEANS,"SOYBEANS - YIELD, MEASURED IN BU / ACRE",71.0,BU / ACRE
2010,IL,CASS,017,SOYBEANS,"SOYBEANS - YIELD, MEASURED IN BU / ACRE",53.3,BU / ACRE
2011,IL,CASS,017,SOYBEANS,"SOYBEANS - YIELD, MEASURED IN BU / ACRE",50.4,BU / ACRE
2012,IL,CASS,017,SOYBEANS,"SOYBEANS - YIELD, MEASURED IN BU / ACRE",39.5,BU / ACRE
2013,IL,CASS,017,SOYBEANS,"SOYBEANS - YIELD, MEASURED IN BU / ACRE",52.6,BU / ACRE
2014,IL,CASS,017,SOYBEANS,"SOYBEANS - YIELD, MEASURED IN BU / ACRE",53.5,BU / ACRE
2015,IL,CASS,017,SOYBEANS,"SOYBEANS - YIELD, MEASURED IN BU / ACRE",60.0,BU / ACRE
2016,IL,CASS,017,SOYBEANS,"SOYBEANS - YIELD, MEASURED IN BU / ACRE",62.4,BU / ACRE
2017,IL,CASS,017,SOYBEANS,"SOYBEANS - YIELD, MEASURED IN BU / ACRE",62.9,BU / ACRE
2018,IL,CASS,017,SOYBEANS,"SOYBEANS - YIELD, MEASURED IN BU / ACRE",71.9,BU / ACRE
2020,IL,CASS,017,SOYBEANS,"SOYBEANS - YIELD, MEASURED IN BU / ACRE",63.0,BU / ACRE
2021,IL,CASS,017,SOYBEANS,"SOYBEANS - YIELD, MEASURED IN BU / ACRE",68.4,BU / ACRE
2022,IL,CASS,017,SOYBEANS,"SOYBEANS - YIELD, MEASURED IN BU / ACRE",64.6,BU / ACRE
2023,IL,CASS,017,SOYBEANS,"SOYBEANS - YIELD, MEASURED IN BU / ACRE",60.7,BU / ACRE
2010,IL,CHAMPAIGN,019,SOYBEANS,"SOYBEANS - YIELD, MEASURED IN BU / ACRE",56.2,BU / ACRE
2011,IL,CHAMPAIGN,019,SOYBEANS,"SOYBEANS - YIELD, MEASURED IN BU / ACRE",51.6,BU / ACRE
2012,IL,CHAMPAIGN,019,SOYBEANS,"SOYBEANS - YIELD, MEASURED IN BU / ACRE",47.1,BU / ACRE
2013,IL,CHAMPAIGN,019,SOYBEANS,"SOYBEANS - YIELD, MEASURED IN BU / ACRE",53.6,BU / ACRE
2014,IL,CHAMPAIGN,019,SOYBEANS,"SOYBEANS - YIELD, MEASURED IN BU / ACRE",63.8,BU / ACRE
2015,IL,CHAMPAIGN,019,SOYBEANS,"SOYBEANS - YIELD, MEASURED IN BU / ACRE",64.0,BU / ACRE
2016,IL,CHAMPAIGN,019,SOYBEANS,"SOYBEANS - YIELD, MEASURED IN BU / ACRE",67.7,BU / ACRE
2017,IL,CHAMPAIGN,019,SOYBEANS,"SOYBEANS - YIELD, MEASURED IN BU / ACRE",64.3,BU / ACRE
2018,IL,CHAMPAIGN,019,SOYBEANS,"SOYBEANS - YIELD, MEASURED IN BU / ACRE",67.9,BU / ACRE
2019,IL,CHAMPAIGN,019,SOYBEANS,"SOYBEANS - YIELD, MEASURED IN BU / ACRE",52.8,BU / ACRE
2020,IL,CHAMPAIGN,019,SOYBEANS,"SOYBEANS - YIELD, MEASURED IN BU / ACRE",66.1,BU / ACRE
2021,IL,CHAMPAIGN,019,SOYBEANS,"SOYBEANS - YIELD, MEASURED IN BU / ACRE",75.3,BU / ACRE
2022,IL,CHAMPAIGN,019,SOYBEANS,"SOYBEANS - YIELD, MEASURED IN BU / ACRE",69.4,BU / ACRE
2023,IL,CHAMPAIGN,019,SOYBEANS,"SOYBEANS - YIELD, MEASURED IN BU / ACRE",72.2,BU / ACRE
2010,IL,CHRISTIAN,021,SOYBEANS,"SOYBEANS - YIELD, MEASURED IN BU / ACRE",60.5,BU / ACRE
2011,IL,CHRISTIAN,021,SOYBEANS,"SOYBEANS - YIELD, MEASURED IN BU / ACRE",52.4,BU / ACRE
2012,IL,CHRISTIAN,021,SOYBEANS,"SOYBEANS - YIELD, MEASURED IN BU / ACRE",55.8,BU / ACRE
2013,IL,CHRISTIAN,021,SOYBEANS,"SOYBEANS - YIELD, MEASURED IN BU / ACRE",56.7,BU / ACRE
2014,IL,CHRISTIAN,021,SOYBEANS,"SOYBEANS - YIELD, MEASURED IN BU / ACRE",58.0,BU / ACRE
2015,IL,CHRISTIAN,021,SOYBEANS,"SOYBEANS - YIELD, MEASURED IN BU / ACRE",60.2,BU / ACRE
2016,IL,CHRISTIAN,021,SOYBEANS,"SOYBEANS - YIELD, MEASURED IN BU / ACRE",62.9,BU / ACRE
2017,IL,CHRISTIAN,021,SOYBEANS,"SOYBEANS - YIELD, MEASURED IN BU / ACRE",65.6,BU / ACRE
2018,IL,CHRISTIAN,021,SOYBEANS,"SOYBEANS - YIELD, MEASURED IN BU / ACRE",73.6,BU / ACRE
2020,IL,CHRISTIAN,021,SOYBEANS,"SOYBEANS - YIELD, MEASURED IN BU / ACRE",65.9,BU / ACRE
2021,IL,CHRISTIAN,021,SOYBEANS,"SOYBEANS - YIELD, MEASURED IN BU / ACRE",71.2,BU / ACRE
2022,IL,CHRISTIAN,021,SOYBEANS,"SOYBEANS - YIELD, MEASURED IN BU / ACRE",69.5,BU / ACRE
2023,IL,CHRISTIAN,021,SOYBEANS,"SOYBEANS - YIELD, MEASURED IN BU / ACRE",67.1,BU / ACRE
2010,IL,CLARK,023,SOYBEANS,"SOYBEANS - YIELD, MEASURED IN BU / ACRE",49.4,BU / ACRE
2011,IL,CLARK,023,SOYBEANS,"SOYBEANS - YIELD, MEASURED IN BU / ACRE",44.9,BU / ACRE
2012,IL,CLARK,023,SOYBEANS,"SOYBEANS - YIELD, MEASURED IN BU / ACRE",38.3,BU / ACRE
2013,IL,CLARK,023,SOYBEANS,"SOYBEANS - YIELD, MEASURED IN BU / ACRE",48.9,BU / ACRE
2014,IL,CLARK,023,SOYBEANS,"SOYBEANS - YIELD, MEASURED IN BU / ACRE",57.2,BU / ACRE
2015,IL,CLARK,023,SOYBEANS,"SOYBEANS - YIELD, MEASURED IN BU / ACRE",60.1,BU / ACRE
2017,IL,CLARK,023,SOYBEANS,"SOYBEANS - YIELD, MEASURED IN BU / ACRE",56.5,BU / ACRE
2018,IL,CLARK,023,SOYBEANS,"SOYBEANS - YIELD, MEASURED IN BU / ACRE",64.1,BU / ACRE
2020,IL,CLARK,023,SOYBEANS,"SOYBEANS - YIELD, MEASURED IN BU / ACRE",58.4,BU / ACRE
2021,IL,CLARK,023,SOYBEANS,"SOYBEANS - YIELD, MEASURED IN BU / ACRE",65.5,BU / ACRE
2022,IL,CLARK,023,SOYBEANS,"SOYBEANS - YIELD, MEASURED IN BU / ACRE",61.3,BU / ACRE
2023,IL,CLARK,023,SOYBEANS,"SOYBEANS - YIELD, MEASURED IN BU / ACRE",63.3,BU / ACRE
2024,IL,CLARK,023,SOYBEANS,"SOYBEANS - YIELD, MEASURED IN BU / ACRE",63.3,BU / ACRE
2025,IL,CLARK,023,SOYBEANS,"SOYBEANS - YIELD, MEASURED IN BU / ACRE",61.3,BU / ACRE
2010,IL,CLAY,025,SOYBEANS,"SOYBEANS - YIELD, MEASURED IN BU / ACRE",44.2,BU / ACRE
2011,IL,CLAY,025,SOYBEANS,"SOYBEANS - YIELD, MEASURED IN BU / ACRE",31.9,BU / ACRE
2012,IL,CLAY,025,SOYBEANS,"SOYBEANS - YIELD, MEASURED IN BU / ACRE",22.6,BU / ACRE
2013,IL,CLAY,025,SOYBEANS,"SOYBEANS - YIELD, MEASURED IN BU / ACRE",40.7,BU / ACRE
2014,IL,CLAY,025,SOYBEANS,"SOYBEANS - YIELD, MEASURED IN BU / ACRE",48.2,BU / ACRE
2015,IL,CLAY,025,SOYBEANS,"SOYBEANS - YIELD, MEASURED IN BU / ACRE",46.1,BU / ACRE
2016,IL,CLAY,025,SOYBEANS,"SOYBEANS - YIELD, MEASURED IN BU / ACRE",52.5,BU / ACRE
2017,IL,CLAY,025,SOYBEANS,"SOYBEANS - YIELD, MEASURED IN BU / ACRE",44.3,BU / ACRE
2018,IL,CLAY,025,SOYBEANS,"SOYBEANS - YIELD, MEASURED IN BU / ACRE",58.5,BU / ACRE
2019,IL,CLAY,025,SOYBEANS,"SOYBEANS - YIELD, MEASURED IN BU / ACRE",40.5,BU / ACRE
2020,IL,CLAY,025,SOYBEANS,"SOYBEANS - YIELD, MEASURED IN BU / ACRE",52.4,BU / ACRE
2021,IL,CLAY,025,SOYBEANS,"SOYBEANS - YIELD, MEASURED IN BU / ACRE",59.2,BU / ACRE
2022,IL,CLAY,025,SOYBEANS,"SOYBEANS - YIELD, MEASURED IN BU / ACRE",57.3,BU / ACRE
2023,IL,CLAY,025,SOYBEANS,"SOYBEANS - YIELD, MEASURED IN BU / ACRE",54.4,BU / ACRE
2024,IL,CLAY,025,SOYBEANS,"SOYBEANS - YIELD, MEASURED IN BU / ACRE",54.0,BU / ACRE
2025,IL,CLAY,025,SOYBEANS,"SOYBEANS - YIELD, MEASURED IN BU / ACRE",45.0,BU / ACRE
2010,IL,CLINTON,027,SOYBEANS,"SOYBEANS - YIELD, MEASURED IN BU / ACRE",49.8,BU / ACRE
2011,IL,CLINTON,027,SOYBEANS,"SOYBEANS - YIELD, MEASURED IN BU / ACRE",34.0,BU / ACRE
2012,IL,CLINTON,027,SOYBEANS,"SOYBEANS - YIELD, MEASURED IN BU / ACRE",27.5,BU / ACRE
2013,IL,CLINTON,027,SOYBEANS,"SOYBEANS - YIELD, MEASURED IN BU / ACRE",39.8,BU / ACRE
2014,IL,CLINTON,027,SOYBEANS,"SOYBEANS - YIELD, MEASURED IN BU / ACRE",51.6,BU / ACRE
2015,IL,CLINTON,027,SOYBEANS,"SOYBEANS - YIELD, MEASURED IN BU / ACRE",48.0,BU / ACRE
2016,IL,CLINTON,027,SOYBEANS,"SOYBEANS - YIELD, MEASURED IN BU / ACRE",54.1,BU / ACRE
2017,IL,CLINTON,027,SOYBEANS,"SOYBEANS - YIELD, MEASURED IN BU / ACRE",50.8,BU / ACRE
2018,IL,CLINTON,027,SOYBEANS,"SOYBEANS - YIELD, MEASURED IN BU / ACRE",60.1,BU / ACRE
2019,IL,CLINTON,027,SOYBEANS,"SOYBEANS - YIELD, MEASURED IN BU / ACRE",51.9,BU / ACRE
2020,IL,CLINTON,027,SOYBEANS,"SOYBEANS - YIELD, MEASURED IN BU / ACRE",52.5,BU / ACRE
2021,IL,CLINTON,027,SOYBEANS,"SOYBEANS - YIELD, MEASURED IN BU / ACRE",63.6,BU / ACRE
2022,IL,CLINTON,027,SOYBEANS,"SOYBEANS - YIELD, MEASURED IN BU / ACRE",54.6,BU / ACRE
2023,IL,CLINTON,027,SOYBEANS,"SOYBEANS - YIELD, MEASURED IN BU / ACRE",49.4,BU / ACRE
2024,IL,CLINTON,027,SOYBEANS,"SOYBEANS - YIELD, MEASURED IN BU / ACRE",56.0,BU / ACRE
2010,IL,COLES,029,SOYBEANS,"SOYBEANS - YIELD, MEASURED IN BU / ACRE",58.0,BU / ACRE
2011,IL,COLES,029,SOYBEANS,"SOYBEANS - YIELD, MEASURED IN BU / ACRE",46.4,BU / ACRE
2012,IL,COLES,029,SOYBEANS,"SOYBEANS - YIELD, MEASURED IN BU / ACRE",44.3,BU / ACRE
2013,IL,COLES,029,SOYBEANS,"SOYBEANS - YIELD, MEASURED IN BU / ACRE",57.1,BU / ACRE
2014,IL,COLES,029,SOYBEANS,"SOYBEANS - YIELD, MEASURED IN BU / ACRE",60.4,BU / ACRE
2015,IL,COLES,029,SOYBEANS,"SOYBEANS - YIELD, MEASURED IN BU / ACRE",62.3,BU / ACRE
2016,IL,COLES,029,SOYBEANS,"SOYBEANS - YIELD, MEASURED IN BU / ACRE",62.6,BU / ACRE
2017,IL,COLES,029,SOYBEANS,"SOYBEANS - YIELD, MEASURED IN BU / ACRE",64.3,BU / ACRE
2018,IL,COLES,029,SOYBEANS,"SOYBEANS - YIELD, MEASURED IN BU / ACRE",74.9,BU / ACRE
2019,IL,COLES,029,SOYBEANS,"SOYBEANS - YIELD, MEASURED IN BU / ACRE",63.7,BU / ACRE
2020,IL,COLES,029,SOYBEANS,"SOYBEANS - YIELD, MEASURED IN BU / ACRE",66.6,BU / ACRE
2023,IL,COLES,029,SOYBEANS,"SOYBEANS - YIELD, MEASURED IN BU / ACRE",71.3,BU / ACRE
2024,IL,COLES,029,SOYBEANS,"SOYBEANS - YIELD, MEASURED IN BU / ACRE",71.2,BU / ACRE
2021,IL,COOK,031,SOYBEANS,"SOYBEANS - YIELD, MEASURED IN BU / ACRE",45.8,BU / ACRE
2024,IL,COOK,031,SOYBEANS,"SOYBEANS - YIELD, MEASURED IN BU / ACRE",42.9,BU / ACRE
2010,IL,CRAWFORD,033,SOYBEANS,"SOYBEANS - YIELD, MEASURED IN BU / ACRE",45.5,BU / ACRE
2011,IL,CRAWFORD,033,SOYBEANS,"SOYBEANS - YIELD, MEASURED IN BU / ACRE",42.2,BU / ACRE
2012,IL,CRAWFORD,033,SOYBEANS,"SOYBEANS - YIELD, MEASURED IN BU / ACRE",30.2,BU / ACRE
2013,IL,CRAWFORD,033,SOYBEANS,"SOYBEANS - YIELD, MEASURED IN BU / ACRE",47.5,BU / ACRE
2014,IL,CRAWFORD,033,SOYBEANS,"SOYBEANS - YIELD, MEASURED IN BU / ACRE",50.2,BU / ACRE
2015,IL,CRAWFORD,033,SOYBEANS,"SOYBEANS - YIELD, MEASURED IN BU / ACRE",51.0,BU / ACRE
2016,IL,CRAWFORD,033,SOYBEANS,"SOYBEANS - YIELD, MEASURED IN BU / ACRE",56.4,BU / ACRE
2017,IL,CRAWFORD,033,SOYBEANS,"SOYBEANS - YIELD, MEASURED IN BU / ACRE",52.7,BU / ACRE
2018,IL,CRAWFORD,033,SOYBEANS,"SOYBEANS - YIELD, MEASURED IN BU / ACRE",63.0,BU / ACRE
2019,IL,CRAWFORD,033,SOYBEANS,"SOYBEANS - YIELD, MEASURED IN BU / ACRE",49.5,BU / ACRE
2020,IL,CRAWFORD,033,SOYBEANS,"SOYBEANS - YIELD, MEASURED IN BU / ACRE",56.3,BU / ACRE
2021,IL,CRAWFORD,033,SOYBEANS,"SOYBEANS - YIELD, MEASURED IN BU / ACRE",65.0,BU / ACRE
2022,IL,CRAWFORD,033,SOYBEANS,"SOYBEANS - YIELD, MEASURED IN BU / ACRE",61.8,BU / ACRE
2023,IL,CRAWFORD,033,SOYBEANS,"SOYBEANS - YIELD, MEASURED IN BU / ACRE",60.8,BU / ACRE
2024,IL,CRAWFORD,033,SOYBEANS,"SOYBEANS - YIELD, MEASURED IN BU / ACRE",58.2,BU / ACRE
2025,IL,CRAWFORD,033,SOYBEANS,"SOYBEANS - YIELD, MEASURED IN BU / ACRE",55.2,BU / ACRE
2010,IL,CUMBERLAND,035,SOYBEANS,"SOYBEANS - YIELD, MEASURED IN BU / ACRE",49.9,BU / ACRE
2011,IL,CUMBERLAND,035,SOYBEANS,"SOYBEANS - YIELD, MEASURED IN BU / ACRE",45.6,BU / ACRE
2012,IL,CUMBERLAND,035,SOYBEANS,"SOYBEANS - YIELD, MEASURED IN BU / ACRE",43.3,BU / ACRE
2013,IL,CUMBERLAND,035,SOYBEANS,"SOYBEANS - YIELD, MEASURED IN BU / ACRE",49.9,BU / ACRE
2014,IL,CUMBERLAND,035,SOYBEANS,"SOYBEANS - YIELD, MEASURED IN BU / ACRE",55.0,BU / ACRE
2015,IL,CUMBERLAND,035,SOYBEANS,"SOYBEANS - YIELD, MEASURED IN BU / ACRE",58.6,BU / ACRE
2016,IL,CUMBERLAND,035,SOYBEANS,"SOYBEANS - YIELD, MEASURED IN BU / ACRE",59.0,BU / ACRE
2017,IL,CUMBERLAND,035,SOYBEANS,"SOYBEANS - YIELD, MEASURED IN BU / ACRE",54.1,BU / ACRE
2018,IL,CUMBERLAND,035,SOYBEANS,"SOYBEANS - YIELD, MEASURED IN BU / ACRE",67.2,BU / ACRE
2019,IL,CUMBERLAND,035,SOYBEANS,"SOYBEANS - YIELD, MEASURED IN BU / ACRE",50.6,BU / ACRE
2020,IL,CUMBERLAND,035,SOYBEANS,"SOYBEANS - YIELD, MEASURED IN BU / ACRE",56.5,BU / ACRE
2022,IL,CUMBERLAND,035,SOYBEANS,"SOYBEANS - YIELD, MEASURED IN BU / ACRE",67.2,BU / ACRE
2023,IL,CUMBERLAND,035,SOYBEANS,"SOYBEANS - YIELD, MEASURED IN BU / ACRE",64.4,BU / ACRE
2010,IL,DE KALB,037,SOYBEANS,"SOYBEANS - YIELD, MEASURED IN BU / ACRE",57.3,BU / ACRE
2011,IL,DE KALB,037,SOYBEANS,"SOYBEANS - YIELD, MEASURED IN BU / ACRE",60.4,BU / ACRE
2012,IL,DE KALB,037,SOYBEANS,"SOYBEANS - YIELD, MEASURED IN BU / ACRE",51.5,BU / ACRE
2013,IL,DE KALB,037,SOYBEANS,"SOYBEANS - YIELD, MEASURED IN BU / ACRE",59.6,BU / ACRE
2014,IL,DE KALB,037,SOYBEANS,"SOYBEANS - YIELD, MEASURED IN BU / ACRE",60.0,BU / ACRE
2015,IL,DE KALB,037,SOYBEANS,"SOYBEANS - YIELD, MEASURED IN BU / ACRE",61.2,BU / ACRE
2016,IL,DE KALB,037,SOYBEANS,"SOYBEANS - YIELD, MEASURED IN BU / ACRE",67.5,BU / ACRE
2017,IL,DE KALB,037,SOYBEANS,"SOYBEANS - YIELD, MEASURED IN BU / ACRE",53.6,BU / ACRE
2018,IL,DE KALB,037,SOYBEANS,"SOYBEANS - YIELD, MEASURED IN BU / ACRE",61.1,BU / ACRE
2019,IL,DE KALB,037,SOYBEANS,"SOYBEANS - YIELD, MEASURED IN BU / ACRE",55.6,BU / ACRE
2020,IL,DE KALB,037,SOYBEANS,"SOYBEANS - YIELD, MEASURED IN BU / ACRE",59.0,BU / ACRE
2021,IL,DE KALB,037,SOYBEANS,"SOYBEANS - YIELD, MEASURED IN BU / ACRE",63.9,BU / ACRE
2022,IL,DE KALB,037,SOYBEANS,"SOYBEANS - YIELD, MEASURED IN BU / ACRE",64.9,BU / ACRE
2023,IL,DE KALB,037,SOYBEANS,"SOYBEANS - YIELD, MEASURED IN BU / ACRE",64.8,BU / ACRE
2025,IL,DE KALB,037,SOYBEANS,"SOYBEANS - YIELD, MEASURED IN BU / ACRE",71.2,BU / ACRE
2010,IL,DE WITT,039,SOYBEANS,"SOYBEANS - YIELD, MEASURED IN BU / ACRE",59.7,BU / ACRE
2011,IL,DE WITT,039,SOYBEANS,"SOYBEANS - YIELD, MEASURED IN BU / ACRE",56.0,BU / ACRE
2012,IL,DE WITT,039,SOYBEANS,"SOYBEANS - YIELD, MEASURED IN BU / ACRE",55.6,BU / ACRE
2014,IL,DE WITT,039,SOYBEANS,"SOYBEANS - YIELD, MEASURED IN BU / ACRE",63.5,BU / ACRE
2015,IL,DE WITT,039,SOYBEANS,"SOYBEANS - YIELD, MEASURED IN BU / ACRE",63.4,BU / ACRE
2016,IL,DE WITT,039,SOYBEANS,"SOYBEANS - YIELD, MEASURED IN BU / ACRE",62.1,BU / ACRE
2017,IL,DE WITT,039,SOYBEANS,"SOYBEANS - YIELD, MEASURED IN BU / ACRE",65.9,BU / ACRE
2018,IL,DE WITT,039,SOYBEANS,"SOYBEANS - YIELD, MEASURED IN BU / ACRE",75.0,BU / ACRE
2020,IL,DE WITT,039,SOYBEANS,"SOYBEANS - YIELD, MEASURED IN BU / ACRE",66.4,BU / ACRE
2021,IL,DE WITT,039,SOYBEANS,"SOYBEANS - YIELD, MEASURED IN BU / ACRE",70.7,BU / ACRE
2022,IL,DE WITT,039,SOYBEANS,"SOYBEANS - YIELD, MEASURED IN BU / ACRE",68.0,BU / ACRE
2010,IL,DOUGLAS,041,SOYBEANS,"SOYBEANS - YIELD, MEASURED IN BU / ACRE",57.4,BU / ACRE
2011,IL,DOUGLAS,041,SOYBEANS,"SOYBEANS - YIELD, MEASURED IN BU / ACRE",50.2,BU / ACRE
2012,IL,DOUGLAS,041,SOYBEANS,"SOYBEANS - YIELD, MEASURED IN BU / ACRE",45.5,BU / ACRE
2013,IL,DOUGLAS,041,SOYBEANS,"SOYBEANS - YIELD, MEASURED IN BU / ACRE",52.1,BU / ACRE
2014,IL,DOUGLAS,041,SOYBEANS,"SOYBEANS - YIELD, MEASURED IN BU / ACRE",65.8,BU / ACRE
2015,IL,DOUGLAS,041,SOYBEANS,"SOYBEANS - YIELD, MEASURED IN BU / ACRE",67.0,BU / ACRE
2016,IL,DOUGLAS,041,SOYBEANS,"SOYBEANS - YIELD, MEASURED IN BU / ACRE",67.4,BU / ACRE
2017,IL,DOUGLAS,041,SOYBEANS,"SOYBEANS - YIELD, MEASURED IN BU / ACRE",63.7,BU / ACRE
2018,IL,DOUGLAS,041,SOYBEANS,"SOYBEANS - YIELD, MEASURED IN BU / ACRE",78.1,BU / ACRE
2019,IL,DOUGLAS,041,SOYBEANS,"SOYBEANS - YIELD, MEASURED IN BU / ACRE",62.4,BU / ACRE
2020,IL,DOUGLAS,041,SOYBEANS,"SOYBEANS - YIELD, MEASURED IN BU / ACRE",67.1,BU / ACRE
2022,IL,DOUGLAS,041,SOYBEANS,"SOYBEANS - YIELD, MEASURED IN BU / ACRE",69.0,BU / ACRE
2023,IL,DOUGLAS,041,SOYBEANS,"SOYBEANS - YIELD, MEASURED IN BU / ACRE",68.1,BU / ACRE
2024,IL,DOUGLAS,041,SOYBEANS,"SOYBEANS - YIELD, MEASURED IN BU / ACRE",70.0,BU / ACRE
2025,IL,DOUGLAS,041,SOYBEANS,"SOYBEANS - YIELD, MEASURED IN BU / ACRE",69.7,BU / ACRE
2010,IL,EDGAR,045,SOYBEANS,"SOYBEANS - YIELD, MEASURED IN BU / ACRE",53.9,BU / ACRE
2011,IL,EDGAR,045,SOYBEANS,"SOYBEANS - YIELD, MEASURED IN BU / ACRE",53.8,BU / ACRE
2012,IL,EDGAR,045,SOYBEANS,"SOYBEANS - YIELD, MEASURED IN BU / ACRE",38.9,BU / ACRE
2013,IL,EDGAR,045,SOYBEANS,"SOYBEANS - YIELD, MEASURED IN BU / ACRE",57.8,BU / ACRE
2014,IL,EDGAR,045,SOYBEANS,"SOYBEANS - YIELD, MEASURED IN BU / ACRE",61.4,BU / ACRE
2015,IL,EDGAR,045,SOYBEANS,"SOYBEANS - YIELD, MEASURED IN BU / ACRE",58.2,BU / ACRE
2016,IL,EDGAR,045,SOYBEANS,"SOYBEANS - YIELD, MEASURED IN BU / ACRE",65.0,BU / ACRE
2017,IL,EDGAR,045,SOYBEANS,"SOYBEANS - YIELD, MEASURED IN BU / ACRE",64.7,BU / ACRE
2018,IL,EDGAR,045,SOYBEANS,"SOYBEANS - YIELD, MEASURED IN BU / ACRE",69.5,BU / ACRE
2019,IL,EDGAR,045,SOYBEANS,"SOYBEANS - YIELD, MEASURED IN BU / ACRE",59.5,BU / ACRE
2020,IL,EDGAR,045,SOYBEANS,"SOYBEANS - YIELD, MEASURED IN BU / ACRE",61.0,BU / ACRE
2021,IL,EDGAR,045,SOYBEANS,"SOYBEANS - YIELD, MEASURED IN BU / ACRE",70.8,BU / ACRE
2022,IL,EDGAR,045,SOYBEANS,"SOYBEANS - YIELD, MEASURED IN BU / ACRE",67.9,BU / ACRE
2023,IL,EDGAR,045,SOYBEANS,"SOYBEANS - YIELD, MEASURED IN BU / ACRE",66.2,BU / ACRE
2024,IL,EDGAR,045,SOYBEANS,"SOYBEANS - YIELD, MEASURED IN BU / ACRE",71.2,BU / ACRE
2010,IL,EDWARDS,047,SOYBEANS,"SOYBEANS - YIELD, MEASURED IN BU / ACRE",45.2,BU / ACRE
2011,IL,EDWARDS,047,SOYBEANS,"SOYBEANS - YIELD, MEASURED IN BU / ACRE",43.5,BU / ACRE
2012,IL,EDWARDS,047,SOYBEANS,"SOYBEANS - YIELD, MEASURED IN BU / ACRE",36.1,BU / ACRE
2013,IL,EDWARDS,047,SOYBEANS,"SOYBEANS - YIELD, MEASURED IN BU / ACRE",43.7,BU / ACRE
2014,IL,EDWARDS,047,SOYBEANS,"SOYBEANS - YIELD, MEASURED IN BU / ACRE",53.0,BU / ACRE
2016,IL,EDWARDS,047,SOYBEANS,"SOYBEANS - YIELD, MEASURED IN BU / ACRE",47.7,BU / ACRE
2017,IL,EDWARDS,047,SOYBEANS,"SOYBEANS - YIELD, MEASURED IN BU / ACRE",55.6,BU / ACRE
2018,IL,EDWARDS,047,SOYBEANS,"SOYBEANS - YIELD, MEASURED IN BU / ACRE",44.1,BU / ACRE
2020,IL,EDWARDS,047,SOYBEANS,"SOYBEANS - YIELD, MEASURED IN BU / ACRE",54.7,BU / ACRE
2021,IL,EDWARDS,047,SOYBEANS,"SOYBEANS - YIELD, MEASURED IN BU / ACRE",63.1,BU / ACRE
2022,IL,EDWARDS,047,SOYBEANS,"SOYBEANS - YIELD, MEASURED IN BU / ACRE",53.5,BU / ACRE
2023,IL,EDWARDS,047,SOYBEANS,"SOYBEANS - YIELD, MEASURED IN BU / ACRE",55.7,BU / ACRE
2010,IL,EFFINGHAM,049,SOYBEANS,"SOYBEANS - YIELD, MEASURED IN BU / ACRE",49.8,BU / ACRE
2011,IL,EFFINGHAM,049,SOYBEANS,"SOYBEANS - YIELD, MEASURED IN BU / ACRE",43.8,BU / ACRE
2012,IL,EFFINGHAM,049,SOYBEANS,"SOYBEANS - YIELD, MEASURED IN BU / ACRE",42.0,BU / ACRE
2013,IL,EFFINGHAM,049,SOYBEANS,"SOYBEANS - YIELD, MEASURED IN BU / ACRE",46.0,BU / ACRE
2014,IL,EFFINGHAM,049,SOYBEANS,"SOYBEANS - YIELD, MEASURED IN BU / ACRE",58.8,BU / ACRE
2015,IL,EFFINGHAM,049,SOYBEANS,"SOYBEANS - YIELD, MEASURED IN BU / ACRE",52.8,BU / ACRE
2016,IL,EFFINGHAM,049,SOYBEANS,"SOYBEANS - YIELD, MEASURED IN BU / ACRE",58.2,BU / ACRE
2017,IL,EFFINGHAM,049,SOYBEANS,"SOYBEANS - YIELD, MEASURED IN BU / ACRE",55.3,BU / ACRE
2018,IL,EFFINGHAM,049,SOYBEANS,"SOYBEANS - YIELD, MEASURED IN BU / ACRE",72.1,BU / ACRE
2019,IL,EFFINGHAM,049,SOYBEANS,"SOYBEANS - YIELD, MEASURED IN BU / ACRE",51.5,BU / ACRE
2020,IL,EFFINGHAM,049,SOYBEANS,"SOYBEANS - YIELD, MEASURED IN BU / ACRE",57.9,BU / ACRE
2021,IL,EFFINGHAM,049,SOYBEANS,"SOYBEANS - YIELD, MEASURED IN BU / ACRE",64.7,BU / ACRE
2022,IL,EFFINGHAM,049,SOYBEANS,"SOYBEANS - YIELD, MEASURED IN BU / ACRE",59.9,BU / ACRE
2023,IL,EFFINGHAM,049,SOYBEANS,"SOYBEANS - YIELD, MEASURED IN BU / ACRE",59.3,BU / ACRE
2024,IL,EFFINGHAM,049,SOYBEANS,"SOYBEANS - YIELD, MEASURED IN BU / ACRE",55.7,BU / ACRE
2025,IL,EFFINGHAM,049,SOYBEANS,"SOYBEANS - YIELD, MEASURED IN BU / ACRE",54.4,BU / ACRE
2010,IL,FAYETTE,051,SOYBEANS,"SOYBEANS - YIELD, MEASURED IN BU / ACRE",49.7,BU / ACRE
2011,IL,FAYETTE,051,SOYBEANS,"SOYBEANS - YIELD, MEASURED IN BU / ACRE",40.9,BU / ACRE
2012,IL,FAYETTE,051,SOYBEANS,"SOYBEANS - YIELD, MEASURED IN BU / ACRE",35.6,BU / ACRE
2013,IL,FAYETTE,051,SOYBEANS,"SOYBEANS - YIELD, MEASURED IN BU / ACRE",44.3,BU / ACRE
2014,IL,FAYETTE,051,SOYBEANS,"SOYBEANS - YIELD, MEASURED IN BU / ACRE",49.8,BU / ACRE
2015,IL,FAYETTE,051,SOYBEANS,"SOYBEANS - YIELD, MEASURED IN BU / ACRE",50.4,BU / ACRE
2016,IL,FAYETTE,051,SOYBEANS,"SOYBEANS - YIELD, MEASURED IN BU / ACRE",55.6,BU / ACRE
2017,IL,FAYETTE,051,SOYBEANS,"SOYBEANS - YIELD, MEASURED IN BU / ACRE",53.5,BU / ACRE
2018,IL,FAYETTE,051,SOYBEANS,"SOYBEANS - YIELD, MEASURED IN BU / ACRE",59.5,BU / ACRE
2019,IL,FAYETTE,051,SOYBEANS,"SOYBEANS - YIELD, MEASURED IN BU / ACRE",48.9,BU / ACRE
2020,IL,FAYETTE,051,SOYBEANS,"SOYBEANS - YIELD, MEASURED IN BU / ACRE",54.4,BU / ACRE
2021,IL,FAYETTE,051,SOYBEANS,"SOYBEANS - YIELD, MEASURED IN BU / ACRE",63.5,BU / ACRE
2023,IL,FAYETTE,051,SOYBEANS,"SOYBEANS - YIELD, MEASURED IN BU / ACRE",56.0,BU / ACRE
2024,IL,FAYETTE,051,SOYBEANS,"SOYBEANS - YIELD, MEASURED IN BU / ACRE",53.8,BU / ACRE
2010,IL,FORD,053,SOYBEANS,"SOYBEANS - YIELD, MEASURED IN BU / ACRE",47.0,BU / ACRE
2011,IL,FORD,053,SOYBEANS,"SOYBEANS - YIELD, MEASURED IN BU / ACRE",44.1,BU / ACRE
2012,IL,FORD,053,SOYBEANS,"SOYBEANS - YIELD, MEASURED IN BU / ACRE",41.3,BU / ACRE
2013,IL,FORD,053,SOYBEANS,"SOYBEANS - YIELD, MEASURED IN BU / ACRE",48.7,BU / ACRE
2014,IL,FORD,053,SOYBEANS,"SOYBEANS - YIELD, MEASURED IN BU / ACRE",58.3,BU / ACRE
2015,IL,FORD,053,SOYBEANS,"SOYBEANS - YIELD, MEASURED IN BU / ACRE",58.6,BU / ACRE
2016,IL,FORD,053,SOYBEANS,"SOYBEANS - YIELD, MEASURED IN BU / ACRE",60.5,BU / ACRE
2017,IL,FORD,053,SOYBEANS,"SOYBEANS - YIELD, MEASURED IN BU / ACRE",62.4,BU / ACRE
2018,IL,FORD,053,SOYBEANS,"SOYBEANS - YIELD, MEASURED IN BU / ACRE",60.7,BU / ACRE
2019,IL,FORD,053,SOYBEANS,"SOYBEANS - YIELD, MEASURED IN BU / ACRE",52.6,BU / ACRE
2020,IL,FORD,053,SOYBEANS,"SOYBEANS - YIELD, MEASURED IN BU / ACRE",56.3,BU / ACRE
2021,IL,FORD,053,SOYBEANS,"SOYBEANS - YIELD, MEASURED IN BU / ACRE",66.7,BU / ACRE
2022,IL,FORD,053,SOYBEANS,"SOYBEANS - YIELD, MEASURED IN BU / ACRE",66.7,BU / ACRE
2023,IL,FORD,053,SOYBEANS,"SOYBEANS - YIELD, MEASURED IN BU / ACRE",70.7,BU / ACRE
2010,IL,FRANKLIN,055,SOYBEANS,"SOYBEANS - YIELD, MEASURED IN BU / ACRE",36.6,BU / ACRE
2011,IL,FRANKLIN,055,SOYBEANS,"SOYBEANS - YIELD, MEASURED IN BU / ACRE",31.8,BU / ACRE
2012,IL,FRANKLIN,055,SOYBEANS,"SOYBEANS - YIELD, MEASURED IN BU / ACRE",27.9,BU / ACRE
2013,IL,FRANKLIN,055,SOYBEANS,"SOYBEANS - YIELD, MEASURED IN BU / ACRE",41.4,BU / ACRE
2014,IL,FRANKLIN,055,SOYBEANS,"SOYBEANS - YIELD, MEASURED IN BU / ACRE",44.4,BU / ACRE
2015,IL,FRANKLIN,055,SOYBEANS,"SOYBEANS - YIELD, MEASURED IN BU / ACRE",45.9,BU / ACRE
2016,IL,FRANKLIN,055,SOYBEANS,"SOYBEANS - YIELD, MEASURED IN BU / ACRE",45.2,BU / ACRE
2017,IL,FRANKLIN,055,SOYBEANS,"SOYBEANS - YIELD, MEASURED IN BU / ACRE",46.4,BU / ACRE
2018,IL,FRANKLIN,055,SOYBEANS,"SOYBEANS - YIELD, MEASURED IN BU / ACRE",47.5,BU / ACRE
2019,IL,FRANKLIN,055,SOYBEANS,"SOYBEANS - YIELD, MEASURED IN BU / ACRE",38.9,BU / ACRE
2020,IL,FRANKLIN,055,SOYBEANS,"SOYBEANS - YIELD, MEASURED IN BU / ACRE",51.2,BU / ACRE
2021,IL,FRANKLIN,055,SOYBEANS,"SOYBEANS - YIELD, MEASURED IN BU / ACRE",53.3,BU / ACRE
2022,IL,FRANKLIN,055,SOYBEANS,"SOYBEANS - YIELD, MEASURED IN BU / ACRE",47.0,BU / ACRE
2023,IL,FRANKLIN,055,SOYBEANS,"SOYBEANS - YIELD, MEASURED IN BU / ACRE",50.1,BU / ACRE
2024,IL,FRANKLIN,055,SOYBEANS,"SOYBEANS - YIELD, MEASURED IN BU / ACRE",47.1,BU / ACRE
2025,IL,FRANKLIN,055,SOYBEANS,"SOYBEANS - YIELD, MEASURED IN BU / ACRE",43.6,BU / ACRE
2010,IL,FULTON,057,SOYBEANS,"SOYBEANS - YIELD, MEASURED IN BU / ACRE",49.1,BU / ACRE
2011,IL,FULTON,057,SOYBEANS,"SOYBEANS - YIELD, MEASURED IN BU / ACRE",50.0,BU / ACRE
2012,IL,FULTON,057,SOYBEANS,"SOYBEANS - YIELD, MEASURED IN BU / ACRE",45.8,BU / ACRE
2013,IL,FULTON,057,SOYBEANS,"SOYBEANS - YIELD, MEASURED IN BU / ACRE",51.4,BU / ACRE
2014,IL,FULTON,057,SOYBEANS,"SOYBEANS - YIELD, MEASURED IN BU / ACRE",52.5,BU / ACRE
2015,IL,FULTON,057,SOYBEANS,"SOYBEANS - YIELD, MEASURED IN BU / ACRE",56.0,BU / ACRE
2016,IL,FULTON,057,SOYBEANS,"SOYBEANS - YIELD, MEASURED IN BU / ACRE",56.4,BU / ACRE
2017,IL,FULTON,057,SOYBEANS,"SOYBEANS - YIELD, MEASURED IN BU / ACRE",60.1,BU / ACRE
2018,IL,FULTON,057,SOYBEANS,"SOYBEANS - YIELD, MEASURED IN BU / ACRE",62.4,BU / ACRE
2019,IL,FULTON,057,SOYBEANS,"SOYBEANS - YIELD, MEASURED IN BU / ACRE",53.9,BU / ACRE
2020,IL,FULTON,057,SOYBEANS,"SOYBEANS - YIELD, MEASURED IN BU / ACRE",58.4,BU / ACRE
2021,IL,FULTON,057,SOYBEANS,"SOYBEANS - YIELD, MEASURED IN BU / ACRE",65.5,BU / ACRE
2022,IL,FULTON,057,SOYBEANS,"SOYBEANS - YIELD, MEASURED IN BU / ACRE",62.5,BU / ACRE
2023,IL,FULTON,057,SOYBEANS,"SOYBEANS - YIELD, MEASURED IN BU / ACRE",63.0,BU / ACRE
2024,IL,FULTON,057,SOYBEANS,"SOYBEANS - YIELD, MEASURED IN BU / ACRE",62.4,BU / ACRE
2025,IL,FULTON,057,SOYBEANS,"SOYBEANS - YIELD, MEASURED IN BU / ACRE",62.7,BU / ACRE
2010,IL,GALLATIN,059,SOYBEANS,"SOYBEANS - YIELD, MEASURED IN BU / ACRE",40.4,BU / ACRE
2011,IL,GALLATIN,059,SOYBEANS,"SOYBEANS - YIELD, MEASURED IN BU / ACRE",42.0,BU / ACRE
2012,IL,GALLATIN,059,SOYBEANS,"SOYBEANS - YIELD, MEASURED IN BU / ACRE",35.8,BU / ACRE
2013,IL,GALLATIN,059,SOYBEANS,"SOYBEANS - YIELD, MEASURED IN BU / ACRE",48.0,BU / ACRE
2014,IL,GALLATIN,059,SOYBEANS,"SOYBEANS - YIELD, MEASURED IN BU / ACRE",49.9,BU / ACRE
2015,IL,GALLATIN,059,SOYBEANS,"SOYBEANS - YIELD, MEASURED IN BU / ACRE",51.6,BU / ACRE
2016,IL,GALLATIN,059,SOYBEANS,"SOYBEANS - YIELD, MEASURED IN BU / ACRE",48.4,BU / ACRE
2017,IL,GALLATIN,059,SOYBEANS,"SOYBEANS - YIELD, MEASURED IN BU / ACRE",54.5,BU / ACRE
2018,IL,GALLATIN,059,SOYBEANS,"SOYBEANS - YIELD, MEASURED IN BU / ACRE",50.0,BU / ACRE
2019,IL,GALLATIN,059,SOYBEANS,"SOYBEANS - YIELD, MEASURED IN BU / ACRE",47.5,BU / ACRE
2020,IL,GALLATIN,059,SOYBEANS,"SOYBEANS - YIELD, MEASURED IN BU / ACRE",57.6,BU / ACRE
2021,IL,GALLATIN,059,SOYBEANS,"SOYBEANS - YIELD, MEASURED IN BU / ACRE",62.5,BU / ACRE
2022,IL,GALLATIN,059,SOYBEANS,"SOYBEANS - YIELD, MEASURED IN BU / ACRE",55.3,BU / ACRE
2010,IL,GREENE,061,SOYBEANS,"SOYBEANS - YIELD, MEASURED IN BU / ACRE",54.0,BU / ACRE
2011,IL,GREENE,061,SOYBEANS,"SOYBEANS - YIELD, MEASURED IN BU / ACRE",48.3,BU / ACRE
2012,IL,GREENE,061,SOYBEANS,"SOYBEANS - YIELD, MEASURED IN BU / ACRE",48.8,BU / ACRE
2013,IL,GREENE,061,SOYBEANS,"SOYBEANS - YIELD, MEASURED IN BU / ACRE",49.5,BU / ACRE
2014,IL,GREENE,061,SOYBEANS,"SOYBEANS - YIELD, MEASURED IN BU / ACRE",53.7,BU / ACRE
2015,IL,GREENE,061,SOYBEANS,"SOYBEANS - YIELD, MEASURED IN BU / ACRE",55.9,BU / ACRE
2016,IL,GREENE,061,SOYBEANS,"SOYBEANS - YIELD, MEASURED IN BU / ACRE",62.5,BU / ACRE
2017,IL,GREENE,061,SOYBEANS,"SOYBEANS - YIELD, MEASURED IN BU / ACRE",63.9,BU / ACRE
2018,IL,GREENE,061,SOYBEANS,"SOYBEANS - YIELD, MEASURED IN BU / ACRE",70.1,BU / ACRE
2019,IL,GREENE,061,SOYBEANS,"SOYBEANS - YIELD, MEASURED IN BU / ACRE",60.7,BU / ACRE
2020,IL,GREENE,061,SOYBEANS,"SOYBEANS - YIELD, MEASURED IN BU / ACRE",65.2,BU / ACRE
2022,IL,GREENE,061,SOYBEANS,"SOYBEANS - YIELD, MEASURED IN BU / ACRE",66.6,BU / ACRE
2023,IL,GREENE,061,SOYBEANS,"SOYBEANS - YIELD, MEASURED IN BU / ACRE",66.4,BU / ACRE
2024,IL,GREENE,061,SOYBEANS,"SOYBEANS - YIELD, MEASURED IN BU / ACRE",70.5,BU / ACRE
2025,IL,GREENE,061,SOYBEANS,"SOYBEANS - YIELD, MEASURED IN BU / ACRE",68.6,BU / ACRE
2010,IL,GRUNDY,063,SOYBEANS,"SOYBEANS - YIELD, MEASURED IN BU / ACRE",47.4,BU / ACRE
2011,IL,GRUNDY,063,SOYBEANS,"SOYBEANS - YIELD, MEASURED IN BU / ACRE",49.8,BU / ACRE
2012,IL,GRUNDY,063,SOYBEANS,"SOYBEANS - YIELD, MEASURED IN BU / ACRE",43.9,BU / ACRE
2013,IL,GRUNDY,063,SOYBEANS,"SOYBEANS - YIELD, MEASURED IN BU / ACRE",57.5,BU / ACRE
2014,IL,GRUNDY,063,SOYBEANS,"SOYBEANS - YIELD, MEASURED IN BU / ACRE",58.3,BU / ACRE
2015,IL,GRUNDY,063,SOYBEANS,"SOYBEANS - YIELD, MEASURED IN BU / ACRE",53.2,BU / ACRE
2016,IL,GRUNDY,063,SOYBEANS,"SOYBEANS - YIELD, MEASURED IN BU / ACRE",58.0,BU / ACRE
2017,IL,GRUNDY,063,SOYBEANS,"SOYBEANS - YIELD, MEASURED IN BU / ACRE",57.3,BU / ACRE
2018,IL,GRUNDY,063,SOYBEANS,"SOYBEANS - YIELD, MEASURED IN BU / ACRE",58.5,BU / ACRE
2019,IL,GRUNDY,063,SOYBEANS,"SOYBEANS - YIELD, MEASURED IN BU / ACRE",49.0,BU / ACRE
2020,IL,GRUNDY,063,SOYBEANS,"SOYBEANS - YIELD, MEASURED IN BU / ACRE",56.2,BU / ACRE
2021,IL,GRUNDY,063,SOYBEANS,"SOYBEANS - YIELD, MEASURED IN BU / ACRE",59.5,BU / ACRE
2022,IL,GRUNDY,063,SOYBEANS,"SOYBEANS - YIELD, MEASURED IN BU / ACRE",63.1,BU / ACRE
2023,IL,GRUNDY,063,SOYBEANS,"SOYBEANS - YIELD, MEASURED IN BU / ACRE",60.6,BU / ACRE
2010,IL,HAMILTON,065,SOYBEANS,"SOYBEANS - YIELD, MEASURED IN BU / ACRE",37.1,BU / ACRE
2011,IL,HAMILTON,065,SOYBEANS,"SOYBEANS - YIELD, MEASURED IN BU / ACRE",32.9,BU / ACRE
2012,IL,HAMILTON,065,SOYBEANS,"SOYBEANS - YIELD, MEASURED IN BU / ACRE",28.2,BU / ACRE
2013,IL,HAMILTON,065,SOYBEANS,"SOYBEANS - YIELD, MEASURED IN BU / ACRE",42.3,BU / ACRE
2014,IL,HAMILTON,065,SOYBEANS,"SOYBEANS - YIELD, MEASURED IN BU / ACRE",46.0,BU / ACRE
2016,IL,HAMILTON,065,SOYBEANS,"SOYBEANS - YIELD, MEASURED IN BU / ACRE",46.1,BU / ACRE
2017,IL,HAMILTON,065,SOYBEANS,"SOYBEANS - YIELD, MEASURED IN BU / ACRE",51.3,BU / ACRE
2018,IL,HAMILTON,065,SOYBEANS,"SOYBEANS - YIELD, MEASURED IN BU / ACRE",51.2,BU / ACRE
2020,IL,HAMILTON,065,SOYBEANS,"SOYBEANS - YIELD, MEASURED IN BU / ACRE",51.8,BU / ACRE
2022,IL,HAMILTON,065,SOYBEANS,"SOYBEANS - YIELD, MEASURED IN BU / ACRE",50.2,BU / ACRE
2010,IL,HANCOCK,067,SOYBEANS,"SOYBEANS - YIELD, MEASURED IN BU / ACRE",49.5,BU / ACRE
2011,IL,HANCOCK,067,SOYBEANS,"SOYBEANS - YIELD, MEASURED IN BU / ACRE",45.5,BU / ACRE
2012,IL,HANCOCK,067,SOYBEANS,"SOYBEANS - YIELD, MEASURED IN BU / ACRE",48.7,BU / ACRE
2013,IL,HANCOCK,067,SOYBEANS,"SOYBEANS - YIELD, MEASURED IN BU / ACRE",47.7,BU / ACRE
2014,IL,HANCOCK,067,SOYBEANS,"SOYBEANS - YIELD, MEASURED IN BU / ACRE",52.1,BU / ACRE
2015,IL,HANCOCK,067,SOYBEANS,"SOYBEANS - YIELD, MEASURED IN BU / ACRE",56.2,BU / ACRE
2016,IL,HANCOCK,067,SOYBEANS,"SOYBEANS - YIELD, MEASURED IN BU / ACRE",63.7,BU / ACRE
2017,IL,HANCOCK,067,SOYBEANS,"SOYBEANS - YIELD, MEASURED IN BU / ACRE",66.1,BU / ACRE
2018,IL,HANCOCK,067,SOYBEANS,"SOYBEANS - YIELD, MEASURED IN BU / ACRE",69.8,BU / ACRE
2020,IL,HANCOCK,067,SOYBEANS,"SOYBEANS - YIELD, MEASURED IN BU / ACRE",66.6,BU / ACRE
2021,IL,HANCOCK,067,SOYBEANS,"SOYBEANS - YIELD, MEASURED IN BU / ACRE",67.3,BU / ACRE
2022,IL,HANCOCK,067,SOYBEANS,"SOYBEANS - YIELD, MEASURED IN BU / ACRE",67.6,BU / ACRE
2023,IL,HANCOCK,067,SOYBEANS,"SOYBEANS - YIELD, MEASURED IN BU / ACRE",65.0,BU / ACRE
2024,IL,HANCOCK,067,SOYBEANS,"SOYBEANS - YIELD, MEASURED IN BU / ACRE",64.3,BU / ACRE
2010,IL,HARDIN,069,SOYBEANS,"SOYBEANS - YIELD, MEASURED IN BU / ACRE",21.0,BU / ACRE
2015,IL,HARDIN,069,SOYBEANS,"SOYBEANS - YIELD, MEASURED IN BU / ACRE",43.3,BU / ACRE
2016,IL,HARDIN,069,SOYBEANS,"SOYBEANS - YIELD, MEASURED IN BU / ACRE",39.8,BU / ACRE
2018,IL,HARDIN,069,SOYBEANS,"SOYBEANS - YIELD, MEASURED IN BU / ACRE",43.3,BU / ACRE
2019,IL,HARDIN,069,SOYBEANS,"SOYBEANS - YIELD, MEASURED IN BU / ACRE",44.8,BU / ACRE
2020,IL,HARDIN,069,SOYBEANS,"SOYBEANS - YIELD, MEASURED IN BU / ACRE",50.8,BU / ACRE
2021,IL,HARDIN,069,SOYBEANS,"SOYBEANS - YIELD, MEASURED IN BU / ACRE",50.6,BU / ACRE
2010,IL,HENDERSON,071,SOYBEANS,"SOYBEANS - YIELD, MEASURED IN BU / ACRE",49.3,BU / ACRE
2011,IL,HENDERSON,071,SOYBEANS,"SOYBEANS - YIELD, MEASURED IN BU / ACRE",55.3,BU / ACRE
2012,IL,HENDERSON,071,SOYBEANS,"SOYBEANS - YIELD, MEASURED IN BU / ACRE",55.4,BU / ACRE
2013,IL,HENDERSON,071,SOYBEANS,"SOYBEANS - YIELD, MEASURED IN BU / ACRE",51.9,BU / ACRE
2014,IL,HENDERSON,071,SOYBEANS,"SOYBEANS - YIELD, MEASURED IN BU / ACRE",52.7,BU / ACRE
2015,IL,HENDERSON,071,SOYBEANS,"SOYBEANS - YIELD, MEASURED IN BU / ACRE",57.3,BU / ACRE
2016,IL,HENDERSON,071,SOYBEANS,"SOYBEANS - YIELD, MEASURED IN BU / ACRE",57.8,BU / ACRE
2017,IL,HENDERSON,071,SOYBEANS,"SOYBEANS - YIELD, MEASURED IN BU / ACRE",61.6,BU / ACRE
2018,IL,HENDERSON,071,SOYBEANS,"SOYBEANS - YIELD, MEASURED IN BU / ACRE",60.2,BU / ACRE
2020,IL,HENDERSON,071,SOYBEANS,"SOYBEANS - YIELD, MEASURED IN BU / ACRE",62.1,BU / ACRE
2021,IL,HENDERSON,071,SOYBEANS,"SOYBEANS - YIELD, MEASURED IN BU / ACRE",66.6,BU / ACRE
2022,IL,HENDERSON,071,SOYBEANS,"SOYBEANS - YIELD, MEASURED IN BU / ACRE",67.2,BU / ACRE
2023,IL,HENDERSON,071,SOYBEANS,"SOYBEANS - YIELD, MEASURED IN BU / ACRE",66.0,BU / ACRE
2025,IL,HENDERSON,071,SOYBEANS,"SOYBEANS - YIELD, MEASURED IN BU / ACRE",69.6,BU / ACRE
2010,IL,HENRY,073,SOYBEANS,"SOYBEANS - YIELD, MEASURED IN BU / ACRE",56.6,BU / ACRE
2011,IL,HENRY,073,SOYBEANS,"SOYBEANS - YIELD, MEASURED IN BU / ACRE",60.6,BU / ACRE
2012,IL,HENRY,073,SOYBEANS,"SOYBEANS - YIELD, MEASURED IN BU / ACRE",50.9,BU / ACRE
2013,IL,HENRY,073,SOYBEANS,"SOYBEANS - YIELD, MEASURED IN BU / ACRE",55.2,BU / ACRE
2014,IL,HENRY,073,SOYBEANS,"SOYBEANS - YIELD, MEASURED IN BU / ACRE",57.2,BU / ACRE
2015,IL,HENRY,073,SOYBEANS,"SOYBEANS - YIELD, MEASURED IN BU / ACRE",59.4,BU / ACRE
2016,IL,HENRY,073,SOYBEANS,"SOYBEANS - YIELD, MEASURED IN BU / ACRE",61.4,BU / ACRE
2017,IL,HENRY,073,SOYBEANS,"SOYBEANS - YIELD, MEASURED IN BU / ACRE",58.9,BU / ACRE
2018,IL,HENRY,073,SOYBEANS,"SOYBEANS - YIELD, MEASURED IN BU / ACRE",63.2,BU / ACRE
2019,IL,HENRY,073,SOYBEANS,"SOYBEANS - YIELD, MEASURED IN BU / ACRE",52.6,BU / ACRE
2020,IL,HENRY,073,SOYBEANS,"SOYBEANS - YIELD, MEASURED IN BU / ACRE",62.3,BU / ACRE
2021,IL,HENRY,073,SOYBEANS,"SOYBEANS - YIELD, MEASURED IN BU / ACRE",68.1,BU / ACRE
2022,IL,HENRY,073,SOYBEANS,"SOYBEANS - YIELD, MEASURED IN BU / ACRE",66.8,BU / ACRE
2023,IL,HENRY,073,SOYBEANS,"SOYBEANS - YIELD, MEASURED IN BU / ACRE",65.2,BU / ACRE
2010,IL,IROQUOIS,075,SOYBEANS,"SOYBEANS - YIELD, MEASURED IN BU / ACRE",46.1,BU / ACRE
2011,IL,IROQUOIS,075,SOYBEANS,"SOYBEANS - YIELD, MEASURED IN BU / ACRE",45.0,BU / ACRE
2012,IL,IROQUOIS,075,SOYBEANS,"SOYBEANS - YIELD, MEASURED IN BU / ACRE",44.7,BU / ACRE
2013,IL,IROQUOIS,075,SOYBEANS,"SOYBEANS - YIELD, MEASURED IN BU / ACRE",49.2,BU / ACRE
2014,IL,IROQUOIS,075,SOYBEANS,"SOYBEANS - YIELD, MEASURED IN BU / ACRE",57.1,BU / ACRE
2015,IL,IROQUOIS,075,SOYBEANS,"SOYBEANS - YIELD, MEASURED IN BU / ACRE",52.1,BU / ACRE
2016,IL,IROQUOIS,075,SOYBEANS,"SOYBEANS - YIELD, MEASURED IN BU / ACRE",59.1,BU / ACRE
2017,IL,IROQUOIS,075,SOYBEANS,"SOYBEANS - YIELD, MEASURED IN BU / ACRE",57.1,BU / ACRE
2018,IL,IROQUOIS,075,SOYBEANS,"SOYBEANS - YIELD, MEASURED IN BU / ACRE",55.3,BU / ACRE
2019,IL,IROQUOIS,075,SOYBEANS,"SOYBEANS - YIELD, MEASURED IN BU / ACRE",45.3,BU / ACRE
2020,IL,IROQUOIS,075,SOYBEANS,"SOYBEANS - YIELD, MEASURED IN BU / ACRE",60.0,BU / ACRE
2021,IL,IROQUOIS,075,SOYBEANS,"SOYBEANS - YIELD, MEASURED IN BU / ACRE",57.9,BU / ACRE
2022,IL,IROQUOIS,075,SOYBEANS,"SOYBEANS - YIELD, MEASURED IN BU / ACRE",63.8,BU / ACRE
2023,IL,IROQUOIS,075,SOYBEANS,"SOYBEANS - YIELD, MEASURED IN BU / ACRE",65.6,BU / ACRE
2024,IL,IROQUOIS,075,SOYBEANS,"SOYBEANS - YIELD, MEASURED IN BU / ACRE",65.3,BU / ACRE
2025,IL,IROQUOIS,075,SOYBEANS,"SOYBEANS - YIELD, MEASURED IN BU / ACRE",67.1,BU / ACRE
2010,IL,JACKSON,077,SOYBEANS,"SOYBEANS - YIELD, MEASURED IN BU / ACRE",41.6,BU / ACRE
2011,IL,JACKSON,077,SOYBEANS,"SOYBEANS - YIELD, MEASURED IN BU / ACRE",34.6,BU / ACRE
2012,IL,JACKSON,077,SOYBEANS,"SOYBEANS - YIELD, MEASURED IN BU / ACRE",32.2,BU / ACRE
2013,IL,JACKSON,077,SOYBEANS,"SOYBEANS - YIELD, MEASURED IN BU / ACRE",39.5,BU / ACRE
2014,IL,JACKSON,077,SOYBEANS,"SOYBEANS - YIELD, MEASURED IN BU / ACRE",46.9,BU / ACRE
2017,IL,JACKSON,077,SOYBEANS,"SOYBEANS - YIELD, MEASURED IN BU / ACRE",50.1,BU / ACRE
2018,IL,JACKSON,077,SOYBEANS,"SOYBEANS - YIELD, MEASURED IN BU / ACRE",48.9,BU / ACRE
2019,IL,JACKSON,077,SOYBEANS,"SOYBEANS - YIELD, MEASURED IN BU / ACRE",39.6,BU / ACRE
2020,IL,JACKSON,077,SOYBEANS,"SOYBEANS - YIELD, MEASURED IN BU / ACRE",52.2,BU / ACRE
2021,IL,JACKSON,077,SOYBEANS,"SOYBEANS - YIELD, MEASURED IN BU / ACRE",49.9,BU / ACRE
2022,IL,JACKSON,077,SOYBEANS,"SOYBEANS - YIELD, MEASURED IN BU / ACRE",51.1,BU / ACRE
2024,IL,JACKSON,077,SOYBEANS,"SOYBEANS - YIELD, MEASURED IN BU / ACRE",51.0,BU / ACRE
2025,IL,JACKSON,077,SOYBEANS,"SOYBEANS - YIELD, MEASURED IN BU / ACRE",41.1,BU / ACRE
2010,IL,JASPER,079,SOYBEANS,"SOYBEANS - YIELD, MEASURED IN BU / ACRE",46.7,BU / ACRE
2011,IL,JASPER,079,SOYBEANS,"SOYBEANS - YIELD, MEASURED IN BU / ACRE",41.9,BU / ACRE
2012,IL,JASPER,079,SOYBEANS,"SOYBEANS - YIELD, MEASURED IN BU / ACRE",39.3,BU / ACRE
2013,IL,JASPER,079,SOYBEANS,"SOYBEANS - YIELD, MEASURED IN BU / ACRE",41.1,BU / ACRE
2014,IL,JASPER,079,SOYBEANS,"SOYBEANS - YIELD, MEASURED IN BU / ACRE",55.3,BU / ACRE
2015,IL,JASPER,079,SOYBEANS,"SOYBEANS - YIELD, MEASURED IN BU / ACRE",53.1,BU / ACRE
2016,IL,JASPER,079,SOYBEANS,"SOYBEANS - YIELD, MEASURED IN BU / ACRE",58.1,BU / ACRE
2017,IL,JASPER,079,SOYBEANS,"SOYBEANS - YIELD, MEASURED IN BU / ACRE",54.6,BU / ACRE
2018,IL,JASPER,079,SOYBEANS,"SOYBEANS - YIELD, MEASURED IN BU / ACRE",60.7,BU / ACRE
2019,IL,JASPER,079,SOYBEANS,"SOYBEANS - YIELD, MEASURED IN BU / ACRE",53.9,BU / ACRE
2020,IL,JASPER,079,SOYBEANS,"SOYBEANS - YIELD, MEASURED IN BU / ACRE",54.5,BU / ACRE
2022,IL,JASPER,079,SOYBEANS,"SOYBEANS - YIELD, MEASURED IN BU / ACRE",55.8,BU / ACRE
2023,IL,JASPER,079,SOYBEANS,"SOYBEANS - YIELD, MEASURED IN BU / ACRE",61.7,BU / ACRE
2025,IL,JASPER,079,SOYBEANS,"SOYBEANS - YIELD, MEASURED IN BU / ACRE",53.1,BU / ACRE
2010,IL,JEFFERSON,081,SOYBEANS,"SOYBEANS - YIELD, MEASURED IN BU / ACRE",39.9,BU / ACRE
2011,IL,JEFFERSON,081,SOYBEANS,"SOYBEANS - YIELD, MEASURED IN BU / ACRE",29.0,BU / ACRE
2012,IL,JEFFERSON,081,SOYBEANS,"SOYBEANS - YIELD, MEASURED IN BU / ACRE",27.0,BU / ACRE
2013,IL,JEFFERSON,081,SOYBEANS,"SOYBEANS - YIELD, MEASURED IN BU / ACRE",38.6,BU / ACRE
2014,IL,JEFFERSON,081,SOYBEANS,"SOYBEANS - YIELD, MEASURED IN BU / ACRE",45.5,BU / ACRE
2015,IL,JEFFERSON,081,SOYBEANS,"SOYBEANS - YIELD, MEASURED IN BU / ACRE",42.1,BU / ACRE
2016,IL,JEFFERSON,081,SOYBEANS,"SOYBEANS - YIELD, MEASURED IN BU / ACRE",48.4,BU / ACRE
2017,IL,JEFFERSON,081,SOYBEANS,"SOYBEANS - YIELD, MEASURED IN BU / ACRE",40.9,BU / ACRE
2018,IL,JEFFERSON,081,SOYBEANS,"SOYBEANS - YIELD, MEASURED IN BU / ACRE",51.4,BU / ACRE
2019,IL,JEFFERSON,081,SOYBEANS,"SOYBEANS - YIELD, MEASURED IN BU / ACRE",37.4,BU / ACRE
2020,IL,JEFFERSON,081,SOYBEANS,"SOYBEANS - YIELD, MEASURED IN BU / ACRE",47.6,BU / ACRE
2021,IL,JEFFERSON,081,SOYBEANS,"SOYBEANS - YIELD, MEASURED IN BU / ACRE",47.7,BU / ACRE
2022,IL,JEFFERSON,081,SOYBEANS,"SOYBEANS - YIELD, MEASURED IN BU / ACRE",48.1,BU / ACRE
2023,IL,JEFFERSON,081,SOYBEANS,"SOYBEANS - YIELD, MEASURED IN BU / ACRE",48.5,BU / ACRE
2024,IL,JEFFERSON,081,SOYBEANS,"SOYBEANS - YIELD, MEASURED IN BU / ACRE",46.6,BU / ACRE
2025,IL,JEFFERSON,081,SOYBEANS,"SOYBEANS - YIELD, MEASURED IN BU / ACRE",39.8,BU / ACRE
2010,IL,JERSEY,083,SOYBEANS,"SOYBEANS - YIELD, MEASURED IN BU / ACRE",52.2,BU / ACRE
2011,IL,JERSEY,083,SOYBEANS,"SOYBEANS - YIELD, MEASURED IN BU / ACRE",46.7,BU / ACRE
2012,IL,JERSEY,083,SOYBEANS,"SOYBEANS - YIELD, MEASURED IN BU / ACRE",44.4,BU / ACRE
2013,IL,JERSEY,083,SOYBEANS,"SOYBEANS - YIELD, MEASURED IN BU / ACRE",52.3,BU / ACRE
2014,IL,JERSEY,083,SOYBEANS,"SOYBEANS - YIELD, MEASURED IN BU / ACRE",50.7,BU / ACRE
2015,IL,JERSEY,083,SOYBEANS,"SOYBEANS - YIELD, MEASURED IN BU / ACRE",53.7,BU / ACRE
2016,IL,JERSEY,083,SOYBEANS,"SOYBEANS - YIELD, MEASURED IN BU / ACRE",55.3,BU / ACRE
2017,IL,JERSEY,083,SOYBEANS,"SOYBEANS - YIELD, MEASURED IN BU / ACRE",56.9,BU / ACRE
2019,IL,JERSEY,083,SOYBEANS,"SOYBEANS - YIELD, MEASURED IN BU / ACRE",60.1,BU / ACRE
2020,IL,JERSEY,083,SOYBEANS,"SOYBEANS - YIELD, MEASURED IN BU / ACRE",65.3,BU / ACRE
2022,IL,JERSEY,083,SOYBEANS,"SOYBEANS - YIELD, MEASURED IN BU / ACRE",63.2,BU / ACRE
2023,IL,JERSEY,083,SOYBEANS,"SOYBEANS - YIELD, MEASURED IN BU / ACRE",64.0,BU / ACRE
2024,IL,JERSEY,083,SOYBEANS,"SOYBEANS - YIELD, MEASURED IN BU / ACRE",63.7,BU / ACRE
2010,IL,JO DAVIESS,085,SOYBEANS,"SOYBEANS - YIELD, MEASURED IN BU / ACRE",55.1,BU / ACRE
2011,IL,JO DAVIESS,085,SOYBEANS,"SOYBEANS - YIELD, MEASURED IN BU / ACRE",60.9,BU / ACRE
2012,IL,JO DAVIESS,085,SOYBEANS,"SOYBEANS - YIELD, MEASURED IN BU / ACRE",35.5,BU / ACRE
2013,IL,JO DAVIESS,085,SOYBEANS,"SOYBEANS - YIELD, MEASURED IN BU / ACRE",49.7,BU / ACRE
2014,IL,JO DAVIESS,085,SOYBEANS,"SOYBEANS - YIELD, MEASURED IN BU / ACRE",55.8,BU / ACRE
2015,IL,JO DAVIESS,085,SOYBEANS,"SOYBEANS - YIELD, MEASURED IN BU / ACRE",55.3,BU / ACRE
2016,IL,JO DAVIESS,085,SOYBEANS,"SOYBEANS - YIELD, MEASURED IN BU / ACRE",60.6,BU / ACRE
2017,IL,JO DAVIESS,085,SOYBEANS,"SOYBEANS - YIELD, MEASURED IN BU / ACRE",53.4,BU / ACRE
2019,IL,JO DAVIESS,085,SOYBEANS,"SOYBEANS - YIELD, MEASURED IN BU / ACRE",55.6,BU / ACRE
2020,IL,JO DAVIESS,085,SOYBEANS,"SOYBEANS - YIELD, MEASURED IN BU / ACRE",59.1,BU / ACRE
2021,IL,JO DAVIESS,085,SOYBEANS,"SOYBEANS - YIELD, MEASURED IN BU / ACRE",58.7,BU / ACRE
2022,IL,JO DAVIESS,085,SOYBEANS,"SOYBEANS - YIELD, MEASURED IN BU / ACRE",62.6,BU / ACRE
2023,IL,JO DAVIESS,085,SOYBEANS,"SOYBEANS - YIELD, MEASURED IN BU / ACRE",55.2,BU / ACRE
2024,IL,JO DAVIESS,085,SOYBEANS,"SOYBEANS - YIELD, MEASURED IN BU / ACRE",54.0,BU / ACRE
2025,IL,JO DAVIESS,085,SOYBEANS,"SOYBEANS - YIELD, MEASURED IN BU / ACRE",63.6,BU / ACRE
2010,IL,JOHNSON,087,SOYBEANS,"SOYBEANS - YIELD, MEASURED IN BU / ACRE",31.3,BU / ACRE
2011,IL,JOHNSON,087,SOYBEANS,"SOYBEANS - YIELD, MEASURED IN BU / ACRE",37.0,BU / ACRE
2014,IL,JOHNSON,087,SOYBEANS,"SOYBEANS - YIELD, MEASURED IN BU / ACRE",40.0,BU / ACRE
2015,IL,JOHNSON,087,SOYBEANS,"SOYBEANS - YIELD, MEASURED IN BU / ACRE",41.3,BU / ACRE
2017,IL,JOHNSON,087,SOYBEANS,"SOYBEANS - YIELD, MEASURED IN BU / ACRE",48.0,BU / ACRE
2020,IL,JOHNSON,087,SOYBEANS,"SOYBEANS - YIELD, MEASURED IN BU / ACRE",45.8,BU / ACRE
2021,IL,JOHNSON,087,SOYBEANS,"SOYBEANS - YIELD, MEASURED IN BU / ACRE",43.8,BU / ACRE
2022,IL,JOHNSON,087,SOYBEANS,"SOYBEANS - YIELD, MEASURED IN BU / ACRE",45.1,BU / ACRE
2025,IL,JOHNSON,087,SOYBEANS,"SOYBEANS - YIELD, MEASURED IN BU / ACRE",34.0,BU / ACRE
2010,IL,KANE,089,SOYBEANS,"SOYBEANS - YIELD, MEASURED IN BU / ACRE",56.8,BU / ACRE
2011,IL,KANE,089,SOYBEANS,"SOYBEANS - YIELD, MEASURED IN BU / ACRE",57.5,BU / ACRE
2012,IL,KANE,089,SOYBEANS,"SOYBEANS - YIELD, MEASURED IN BU / ACRE",46.5,BU / ACRE
2013,IL,KANE,089,SOYBEANS,"SOYBEANS - YIELD, MEASURED IN BU / ACRE",57.0,BU / ACRE
2014,IL,KANE,089,SOYBEANS,"SOYBEANS - YIELD, MEASURED IN BU / ACRE",57.1,BU / ACRE
2015,IL,KANE,089,SOYBEANS,"SOYBEANS - YIELD, MEASURED IN BU / ACRE",57.4,BU / ACRE
2016,IL,KANE,089,SOYBEANS,"SOYBEANS - YIELD, MEASURED IN BU / ACRE",64.5,BU / ACRE
2017,IL,KANE,089,SOYBEANS,"SOYBEANS - YIELD, MEASURED IN BU / ACRE",53.6,BU / ACRE
2018,IL,KANE,089,SOYBEANS,"SOYBEANS - YIELD, MEASURED IN BU / ACRE",58.9,BU / ACRE
2019,IL,KANE,089,SOYBEANS,"SOYBEANS - YIELD, MEASURED IN BU / ACRE",50.3,BU / ACRE
2020,IL,KANE,089,SOYBEANS,"SOYBEANS - YIELD, MEASURED IN BU / ACRE",56.0,BU / ACRE
2021,IL,KANE,089,SOYBEANS,"SOYBEANS - YIELD, MEASURED IN BU / ACRE",67.7,BU / ACRE
2022,IL,KANE,089,SOYBEANS,"SOYBEANS - YIELD, MEASURED IN BU / ACRE",64.4,BU / ACRE
2023,IL,KANE,089,SOYBEANS,"SOYBEANS - YIELD, MEASURED IN BU / ACRE",60.8,BU / ACRE
2024,IL,KANE,089,SOYBEANS,"SOYBEANS - YIELD, MEASURED IN BU / ACRE",63.7,BU / ACRE
2025,IL,KANE,089,SOYBEANS,"SOYBEANS - YIELD, MEASURED IN BU / ACRE",64.6,BU / ACRE
2010,IL,KANKAKEE,091,SOYBEANS,"SOYBEANS - YIELD, MEASURED IN BU / ACRE",45.1,BU / ACRE
2011,IL,KANKAKEE,091,SOYBEANS,"SOYBEANS - YIELD, MEASURED IN BU / ACRE",48.1,BU / ACRE
2012,IL,KANKAKEE,091,SOYBEANS,"SOYBEANS - YIELD, MEASURED IN BU / ACRE",43.8,BU / ACRE
2013,IL,KANKAKEE,091,SOYBEANS,"SOYBEANS - YIELD, MEASURED IN BU / ACRE",47.0,BU / ACRE
2014,IL,KANKAKEE,091,SOYBEANS,"SOYBEANS - YIELD, MEASURED IN BU / ACRE",53.5,BU / ACRE
2015,IL,KANKAKEE,091,SOYBEANS,"SOYBEANS - YIELD, MEASURED IN BU / ACRE",45.6,BU / ACRE
2016,IL,KANKAKEE,091,SOYBEANS,"SOYBEANS - YIELD, MEASURED IN BU / ACRE",55.8,BU / ACRE
2017,IL,KANKAKEE,091,SOYBEANS,"SOYBEANS - YIELD, MEASURED IN BU / ACRE",52.2,BU / ACRE
2018,IL,KANKAKEE,091,SOYBEANS,"SOYBEANS - YIELD, MEASURED IN BU / ACRE",54.2,BU / ACRE
2019,IL,KANKAKEE,091,SOYBEANS,"SOYBEANS - YIELD, MEASURED IN BU / ACRE",52.3,BU / ACRE
2020,IL,KANKAKEE,091,SOYBEANS,"SOYBEANS - YIELD, MEASURED IN BU / ACRE",54.8,BU / ACRE
2021,IL,KANKAKEE,091,SOYBEANS,"SOYBEANS - YIELD, MEASURED IN BU / ACRE",61.7,BU / ACRE
2022,IL,KANKAKEE,091,SOYBEANS,"SOYBEANS - YIELD, MEASURED IN BU / ACRE",59.7,BU / ACRE
2023,IL,KANKAKEE,091,SOYBEANS,"SOYBEANS - YIELD, MEASURED IN BU / ACRE",60.8,BU / ACRE
2010,IL,KENDALL,093,SOYBEANS,"SOYBEANS - YIELD, MEASURED IN BU / ACRE",51.7,BU / ACRE
2011,IL,KENDALL,093,SOYBEANS,"SOYBEANS - YIELD, MEASURED IN BU / ACRE",54.4,BU / ACRE
2012,IL,KENDALL,093,SOYBEANS,"SOYBEANS - YIELD, MEASURED IN BU / ACRE",43.5,BU / ACRE
2013,IL,KENDALL,093,SOYBEANS,"SOYBEANS - YIELD, MEASURED IN BU / ACRE",51.8,BU / ACRE
2017,IL,KENDALL,093,SOYBEANS,"SOYBEANS - YIELD, MEASURED IN BU / ACRE",58.9,BU / ACRE
2018,IL,KENDALL,093,SOYBEANS,"SOYBEANS - YIELD, MEASURED IN BU / ACRE",60.8,BU / ACRE
2019,IL,KENDALL,093,SOYBEANS,"SOYBEANS - YIELD, MEASURED IN BU / ACRE",57.4,BU / ACRE
2020,IL,KENDALL,093,SOYBEANS,"SOYBEANS - YIELD, MEASURED IN BU / ACRE",57.5,BU / ACRE
2021,IL,KENDALL,093,SOYBEANS,"SOYBEANS - YIELD, MEASURED IN BU / ACRE",66.3,BU / ACRE
2023,IL,KENDALL,093,SOYBEANS,"SOYBEANS - YIELD, MEASURED IN BU / ACRE",61.3,BU / ACRE
2010,IL,KNOX,095,SOYBEANS,"SOYBEANS - YIELD, MEASURED IN BU / ACRE",58.7,BU / ACRE
2011,IL,KNOX,095,SOYBEANS,"SOYBEANS - YIELD, MEASURED IN BU / ACRE",61.9,BU / ACRE
2012,IL,KNOX,095,SOYBEANS,"SOYBEANS - YIELD, MEASURED IN BU / ACRE",55.9,BU / ACRE
2013,IL,KNOX,095,SOYBEANS,"SOYBEANS - YIELD, MEASURED IN BU / ACRE",56.6,BU / ACRE
2014,IL,KNOX,095,SOYBEANS,"SOYBEANS - YIELD, MEASURED IN BU / ACRE",57.1,BU / ACRE
2015,IL,KNOX,095,SOYBEANS,"SOYBEANS - YIELD, MEASURED IN BU / ACRE",63.2,BU / ACRE
2016,IL,KNOX,095,SOYBEANS,"SOYBEANS - YIELD, MEASURED IN BU / ACRE",63.6,BU / ACRE
2017,IL,KNOX,095,SOYBEANS,"SOYBEANS - YIELD, MEASURED IN BU / ACRE",63.7,BU / ACRE
2018,IL,KNOX,095,SOYBEANS,"SOYBEANS - YIELD, MEASURED IN BU / ACRE",64.1,BU / ACRE
2019,IL,KNOX,095,SOYBEANS,"SOYBEANS - YIELD, MEASURED IN BU / ACRE",55.9,BU / ACRE
2020,IL,KNOX,095,SOYBEANS,"SOYBEANS - YIELD, MEASURED IN BU / ACRE",63.9,BU / ACRE
2021,IL,KNOX,095,SOYBEANS,"SOYBEANS - YIELD, MEASURED IN BU / ACRE",68.4,BU / ACRE
2022,IL,KNOX,095,SOYBEANS,"SOYBEANS - YIELD, MEASURED IN BU / ACRE",67.0,BU / ACRE
2023,IL,KNOX,095,SOYBEANS,"SOYBEANS - YIELD, MEASURED IN BU / ACRE",64.1,BU / ACRE
2024,IL,KNOX,095,SOYBEANS,"SOYBEANS - YIELD, MEASURED IN BU / ACRE",67.6,BU / ACRE
2025,IL,KNOX,095,SOYBEANS,"SOYBEANS - YIELD, MEASURED IN BU / ACRE",69.0,BU / ACRE
2010,IL,LA SALLE,099,SOYBEANS,"SOYBEANS - YIELD, MEASURED IN BU / ACRE",52.1,BU / ACRE
2011,IL,LA SALLE,099,SOYBEANS,"SOYBEANS - YIELD, MEASURED IN BU / ACRE",59.3,BU / ACRE
2012,IL,LA SALLE,099,SOYBEANS,"SOYBEANS - YIELD, MEASURED IN BU / ACRE",49.6,BU / ACRE
2013,IL,LA SALLE,099,SOYBEANS,"SOYBEANS - YIELD, MEASURED IN BU / ACRE",55.5,BU / ACRE
2014,IL,LA SALLE,099,SOYBEANS,"SOYBEANS - YIELD, MEASURED IN BU / ACRE",60.4,BU / ACRE
2015,IL,LA SALLE,099,SOYBEANS,"SOYBEANS - YIELD, MEASURED IN BU / ACRE",58.1,BU / ACRE
2016,IL,LA SALLE,099,SOYBEANS,"SOYBEANS - YIELD, MEASURED IN BU / ACRE",61.2,BU / ACRE
2017,IL,LA SALLE,099,SOYBEANS,"SOYBEANS - YIELD, MEASURED IN BU / ACRE",60.8,BU / ACRE
2018,IL,LA SALLE,099,SOYBEANS,"SOYBEANS - YIELD, MEASURED IN BU / ACRE",67.1,BU / ACRE
2019,IL,LA SALLE,099,SOYBEANS,"SOYBEANS - YIELD, MEASURED IN BU / ACRE",55.4,BU / ACRE
2020,IL,LA SALLE,099,SOYBEANS,"SOYBEANS - YIELD, MEASURED IN BU / ACRE",59.3,BU / ACRE
2022,IL,LA SALLE,099,SOYBEANS,"SOYBEANS - YIELD, MEASURED IN BU / ACRE",65.7,BU / ACRE
2023,IL,LA SALLE,099,SOYBEANS,"SOYBEANS - YIELD, MEASURED IN BU / ACRE",64.8,BU / ACRE
2024,IL,LA SALLE,099,SOYBEANS,"SOYBEANS - YIELD, MEASURED IN BU / ACRE",67.0,BU / ACRE
2025,IL,LA SALLE,099,SOYBEANS,"SOYBEANS - YIELD, MEASURED IN BU / ACRE",71.0,BU / ACRE
2010,IL,LAKE,097,SOYBEANS,"SOYBEANS - YIELD, MEASURED IN BU / ACRE",49.7,BU / ACRE
2012,IL,LAKE,097,SOYBEANS,"SOYBEANS - YIELD, MEASURED IN BU / ACRE",40.0,BU / ACRE
2014,IL,LAKE,097,SOYBEANS,"SOYBEANS - YIELD, MEASURED IN BU / ACRE",45.0,BU / ACRE
2015,IL,LAKE,097,SOYBEANS,"SOYBEANS - YIELD, MEASURED IN BU / ACRE",44.0,BU / ACRE
2016,IL,LAKE,097,SOYBEANS,"SOYBEANS - YIELD, MEASURED IN BU / ACRE",52.5,BU / ACRE
2018,IL,LAKE,097,SOYBEANS,"SOYBEANS - YIELD, MEASURED IN BU / ACRE",41.3,BU / ACRE
2019,IL,LAKE,097,SOYBEANS,"SOYBEANS - YIELD, MEASURED IN BU / ACRE",48.2,BU / ACRE
2020,IL,LAKE,097,SOYBEANS,"SOYBEANS - YIELD, MEASURED IN BU / ACRE",51.8,BU / ACRE
2021,IL,LAKE,097,SOYBEANS,"SOYBEANS - YIELD, MEASURED IN BU / ACRE",50.3,BU / ACRE
2022,IL,LAKE,097,SOYBEANS,"SOYBEANS - YIELD, MEASURED IN BU / ACRE",57.3,BU / ACRE
2023,IL,LAKE,097,SOYBEANS,"SOYBEANS - YIELD, MEASURED IN BU / ACRE",53.4,BU / ACRE
2024,IL,LAKE,097,SOYBEANS,"SOYBEANS - YIELD, MEASURED IN BU / ACRE",51.3,BU / ACRE
2025,IL,LAKE,097,SOYBEANS,"SOYBEANS - YIELD, MEASURED IN BU / ACRE",60.0,BU / ACRE
2010,IL,LAWRENCE,101,SOYBEANS,"SOYBEANS - YIELD, MEASURED IN BU / ACRE",44.7,BU / ACRE
2011,IL,LAWRENCE,101,SOYBEANS,"SOYBEANS - YIELD, MEASURED IN BU / ACRE",44.7,BU / ACRE
2012,IL,LAWRENCE,101,SOYBEANS,"SOYBEANS - YIELD, MEASURED IN BU / ACRE",34.6,BU / ACRE
2013,IL,LAWRENCE,101,SOYBEANS,"SOYBEANS - YIELD, MEASURED IN BU / ACRE",41.8,BU / ACRE
2014,IL,LAWRENCE,101,SOYBEANS,"SOYBEANS - YIELD, MEASURED IN BU / ACRE",45.1,BU / ACRE
2015,IL,LAWRENCE,101,SOYBEANS,"SOYBEANS - YIELD, MEASURED IN BU / ACRE",50.8,BU / ACRE
2017,IL,LAWRENCE,101,SOYBEANS,"SOYBEANS - YIELD, MEASURED IN BU / ACRE",51.0,BU / ACRE
2018,IL,LAWRENCE,101,SOYBEANS,"SOYBEANS - YIELD, MEASURED IN BU / ACRE",54.1,BU / ACRE
2019,IL,LAWRENCE,101,SOYBEANS,"SOYBEANS - YIELD, MEASURED IN BU / ACRE",47.8,BU / ACRE
2020,IL,LAWRENCE,101,SOYBEANS,"SOYBEANS - YIELD, MEASURED IN BU / ACRE",57.9,BU / ACRE
2021,IL,LAWRENCE,101,SOYBEANS,"SOYBEANS - YIELD, MEASURED IN BU / ACRE",60.4,BU / ACRE
2022,IL,LAWRENCE,101,SOYBEANS,"SOYBEANS - YIELD, MEASURED IN BU / ACRE",58.0,BU / ACRE
2023,IL,LAWRENCE,101,SOYBEANS,"SOYBEANS - YIELD, MEASURED IN BU / ACRE",60.8,BU / ACRE
2024,IL,LAWRENCE,101,SOYBEANS,"SOYBEANS - YIELD, MEASURED IN BU / ACRE",56.3,BU / ACRE
2025,IL,LAWRENCE,101,SOYBEANS,"SOYBEANS - YIELD, MEASURED IN BU / ACRE",54.7,BU / ACRE
2010,IL,LEE,103,SOYBEANS,"SOYBEANS - YIELD, MEASURED IN BU / ACRE",56.2,BU / ACRE
2011,IL,LEE,103,SOYBEANS,"SOYBEANS - YIELD, MEASURED IN BU / ACRE",59.6,BU / ACRE
2012,IL,LEE,103,SOYBEANS,"SOYBEANS - YIELD, MEASURED IN BU / ACRE",52.5,BU / ACRE
2013,IL,LEE,103,SOYBEANS,"SOYBEANS - YIELD, MEASURED IN BU / ACRE",53.8,BU / ACRE
2014,IL,LEE,103,SOYBEANS,"SOYBEANS - YIELD, MEASURED IN BU / ACRE",59.1,BU / ACRE
2015,IL,LEE,103,SOYBEANS,"SOYBEANS - YIELD, MEASURED IN BU / ACRE",60.5,BU / ACRE
2016,IL,LEE,103,SOYBEANS,"SOYBEANS - YIELD, MEASURED IN BU / ACRE",60.8,BU / ACRE
2017,IL,LEE,103,SOYBEANS,"SOYBEANS - YIELD, MEASURED IN BU / ACRE",59.4,BU / ACRE
2018,IL,LEE,103,SOYBEANS,"SOYBEANS - YIELD, MEASURED IN BU / ACRE",63.7,BU / ACRE
2019,IL,LEE,103,SOYBEANS,"SOYBEANS - YIELD, MEASURED IN BU / ACRE",59.7,BU / ACRE
2020,IL,LEE,103,SOYBEANS,"SOYBEANS - YIELD, MEASURED IN BU / ACRE",64.7,BU / ACRE
2021,IL,LEE,103,SOYBEANS,"SOYBEANS - YIELD, MEASURED IN BU / ACRE",67.6,BU / ACRE
2022,IL,LEE,103,SOYBEANS,"SOYBEANS - YIELD, MEASURED IN BU / ACRE",66.8,BU / ACRE
2023,IL,LEE,103,SOYBEANS,"SOYBEANS - YIELD, MEASURED IN BU / ACRE",64.7,BU / ACRE
2010,IL,LIVINGSTON,105,SOYBEANS,"SOYBEANS - YIELD, MEASURED IN BU / ACRE",51.1,BU / ACRE
2011,IL,LIVINGSTON,105,SOYBEANS,"SOYBEANS - YIELD, MEASURED IN BU / ACRE",51.7,BU / ACRE
2012,IL,LIVINGSTON,105,SOYBEANS,"SOYBEANS - YIELD, MEASURED IN BU / ACRE",41.2,BU / ACRE
2013,IL,LIVINGSTON,105,SOYBEANS,"SOYBEANS - YIELD, MEASURED IN BU / ACRE",56.3,BU / ACRE
2014,IL,LIVINGSTON,105,SOYBEANS,"SOYBEANS - YIELD, MEASURED IN BU / ACRE",58.6,BU / ACRE
2015,IL,LIVINGSTON,105,SOYBEANS,"SOYBEANS - YIELD, MEASURED IN BU / ACRE",59.5,BU / ACRE
2016,IL,LIVINGSTON,105,SOYBEANS,"SOYBEANS - YIELD, MEASURED IN BU / ACRE",60.6,BU / ACRE
2017,IL,LIVINGSTON,105,SOYBEANS,"SOYBEANS - YIELD, MEASURED IN BU / ACRE",58.8,BU / ACRE
2018,IL,LIVINGSTON,105,SOYBEANS,"SOYBEANS - YIELD, MEASURED IN BU / ACRE",61.0,BU / ACRE
2019,IL,LIVINGSTON,105,SOYBEANS,"SOYBEANS - YIELD, MEASURED IN BU / ACRE",56.9,BU / ACRE
2020,IL,LIVINGSTON,105,SOYBEANS,"SOYBEANS - YIELD, MEASURED IN BU / ACRE",56.0,BU / ACRE
2021,IL,LIVINGSTON,105,SOYBEANS,"SOYBEANS - YIELD, MEASURED IN BU / ACRE",66.0,BU / ACRE
2022,IL,LIVINGSTON,105,SOYBEANS,"SOYBEANS - YIELD, MEASURED IN BU / ACRE",63.5,BU / ACRE
2023,IL,LIVINGSTON,105,SOYBEANS,"SOYBEANS - YIELD, MEASURED IN BU / ACRE",67.7,BU / ACRE
2024,IL,LIVINGSTON,105,SOYBEANS,"SOYBEANS - YIELD, MEASURED IN BU / ACRE",69.3,BU / ACRE
2025,IL,LIVINGSTON,105,SOYBEANS,"SOYBEANS - YIELD, MEASURED IN BU / ACRE",69.8,BU / ACRE
2010,IL,LOGAN,107,SOYBEANS,"SOYBEANS - YIELD, MEASURED IN BU / ACRE",57.6,BU / ACRE
2011,IL,LOGAN,107,SOYBEANS,"SOYBEANS - YIELD, MEASURED IN BU / ACRE",55.2,BU / ACRE
2012,IL,LOGAN,107,SOYBEANS,"SOYBEANS - YIELD, MEASURED IN BU / ACRE",47.3,BU / ACRE
2013,IL,LOGAN,107,SOYBEANS,"SOYBEANS - YIELD, MEASURED IN BU / ACRE",57.6,BU / ACRE
2014,IL,LOGAN,107,SOYBEANS,"SOYBEANS - YIELD, MEASURED IN BU / ACRE",63.8,BU / ACRE
2015,IL,LOGAN,107,SOYBEANS,"SOYBEANS - YIELD, MEASURED IN BU / ACRE",56.6,BU / ACRE
2016,IL,LOGAN,107,SOYBEANS,"SOYBEANS - YIELD, MEASURED IN BU / ACRE",66.6,BU / ACRE
2017,IL,LOGAN,107,SOYBEANS,"SOYBEANS - YIELD, MEASURED IN BU / ACRE",64.7,BU / ACRE
2018,IL,LOGAN,107,SOYBEANS,"SOYBEANS - YIELD, MEASURED IN BU / ACRE",70.1,BU / ACRE
2020,IL,LOGAN,107,SOYBEANS,"SOYBEANS - YIELD, MEASURED IN BU / ACRE",68.7,BU / ACRE
2022,IL,LOGAN,107,SOYBEANS,"SOYBEANS - YIELD, MEASURED IN BU / ACRE",71.8,BU / ACRE
2023,IL,LOGAN,107,SOYBEANS,"SOYBEANS - YIELD, MEASURED IN BU / ACRE",68.4,BU / ACRE
2024,IL,LOGAN,107,SOYBEANS,"SOYBEANS - YIELD, MEASURED IN BU / ACRE",74.0,BU / ACRE
2010,IL,MACON,115,SOYBEANS,"SOYBEANS - YIELD, MEASURED IN BU / ACRE",60.4,BU / ACRE
2011,IL,MACON,115,SOYBEANS,"SOYBEANS - YIELD, MEASURED IN BU / ACRE",46.7,BU / ACRE
2012,IL,MACON,115,SOYBEANS,"SOYBEANS - YIELD, MEASURED IN BU / ACRE",44.8,BU / ACRE
2013,IL,MACON,115,SOYBEANS,"SOYBEANS - YIELD, MEASURED IN BU / ACRE",56.5,BU / ACRE
2014,IL,MACON,115,SOYBEANS,"SOYBEANS - YIELD, MEASURED IN BU / ACRE",67.4,BU / ACRE
2015,IL,MACON,115,SOYBEANS,"SOYBEANS - YIELD, MEASURED IN BU / ACRE",67.4,BU / ACRE
2016,IL,MACON,115,SOYBEANS,"SOYBEANS - YIELD, MEASURED IN BU / ACRE",68.2,BU / ACRE
2017,IL,MACON,115,SOYBEANS,"SOYBEANS - YIELD, MEASURED IN BU / ACRE",66.2,BU / ACRE
2018,IL,MACON,115,SOYBEANS,"SOYBEANS - YIELD, MEASURED IN BU / ACRE",75.2,BU / ACRE
2019,IL,MACON,115,SOYBEANS,"SOYBEANS - YIELD, MEASURED IN BU / ACRE",63.8,BU / ACRE
2020,IL,MACON,115,SOYBEANS,"SOYBEANS - YIELD, MEASURED IN BU / ACRE",66.2,BU / ACRE
2021,IL,MACON,115,SOYBEANS,"SOYBEANS - YIELD, MEASURED IN BU / ACRE",74.4,BU / ACRE
2022,IL,MACON,115,SOYBEANS,"SOYBEANS - YIELD, MEASURED IN BU / ACRE",73.8,BU / ACRE
2024,IL,MACON,115,SOYBEANS,"SOYBEANS - YIELD, MEASURED IN BU / ACRE",77.8,BU / ACRE
2025,IL,MACON,115,SOYBEANS,"SOYBEANS - YIELD, MEASURED IN BU / ACRE",75.9,BU / ACRE
2010,IL,MACOUPIN,117,SOYBEANS,"SOYBEANS - YIELD, MEASURED IN BU / ACRE",55.3,BU / ACRE
2011,IL,MACOUPIN,117,SOYBEANS,"SOYBEANS - YIELD, MEASURED IN BU / ACRE",40.2,BU / ACRE
2012,IL,MACOUPIN,117,SOYBEANS,"SOYBEANS - YIELD, MEASURED IN BU / ACRE",46.0,BU / ACRE
2013,IL,MACOUPIN,117,SOYBEANS,"SOYBEANS - YIELD, MEASURED IN BU / ACRE",49.1,BU / ACRE
2014,IL,MACOUPIN,117,SOYBEANS,"SOYBEANS - YIELD, MEASURED IN BU / ACRE",58.0,BU / ACRE
2015,IL,MACOUPIN,117,SOYBEANS,"SOYBEANS - YIELD, MEASURED IN BU / ACRE",55.0,BU / ACRE
2016,IL,MACOUPIN,117,SOYBEANS,"SOYBEANS - YIELD, MEASURED IN BU / ACRE",63.4,BU / ACRE
2017,IL,MACOUPIN,117,SOYBEANS,"SOYBEANS - YIELD, MEASURED IN BU / ACRE",61.3,BU / ACRE
2018,IL,MACOUPIN,117,SOYBEANS,"SOYBEANS - YIELD, MEASURED IN BU / ACRE",69.7,BU / ACRE
2019,IL,MACOUPIN,117,SOYBEANS,"SOYBEANS - YIELD, MEASURED IN BU / ACRE",58.3,BU / ACRE
2020,IL,MACOUPIN,117,SOYBEANS,"SOYBEANS - YIELD, MEASURED IN BU / ACRE",67.4,BU / ACRE
2021,IL,MACOUPIN,117,SOYBEANS,"SOYBEANS - YIELD, MEASURED IN BU / ACRE",70.8,BU / ACRE
2022,IL,MACOUPIN,117,SOYBEANS,"SOYBEANS - YIELD, MEASURED IN BU / ACRE",65.1,BU / ACRE
2023,IL,MACOUPIN,117,SOYBEANS,"SOYBEANS - YIELD, MEASURED IN BU / ACRE",63.7,BU / ACRE
2024,IL,MACOUPIN,117,SOYBEANS,"SOYBEANS - YIELD, MEASURED IN BU / ACRE",65.1,BU / ACRE
2025,IL,MACOUPIN,117,SOYBEANS,"SOYBEANS - YIELD, MEASURED IN BU / ACRE",64.7,BU / ACRE
2010,IL,MADISON,119,SOYBEANS,"SOYBEANS - YIELD, MEASURED IN BU / ACRE",50.1,BU / ACRE
2011,IL,MADISON,119,SOYBEANS,"SOYBEANS - YIELD, MEASURED IN BU / ACRE",34.8,BU / ACRE
2012,IL,MADISON,119,SOYBEANS,"SOYBEANS - YIELD, MEASURED IN BU / ACRE",36.4,BU / ACRE
2013,IL,MADISON,119,SOYBEANS,"SOYBEANS - YIELD, MEASURED IN BU / ACRE",43.2,BU / ACRE
2014,IL,MADISON,119,SOYBEANS,"SOYBEANS - YIELD, MEASURED IN BU / ACRE",52.7,BU / ACRE
2015,IL,MADISON,119,SOYBEANS,"SOYBEANS - YIELD, MEASURED IN BU / ACRE",55.1,BU / ACRE
2016,IL,MADISON,119,SOYBEANS,"SOYBEANS - YIELD, MEASURED IN BU / ACRE",54.7,BU / ACRE
2017,IL,MADISON,119,SOYBEANS,"SOYBEANS - YIELD, MEASURED IN BU / ACRE",56.7,BU / ACRE
2018,IL,MADISON,119,SOYBEANS,"SOYBEANS - YIELD, MEASURED IN BU / ACRE",62.5,BU / ACRE
2019,IL,MADISON,119,SOYBEANS,"SOYBEANS - YIELD, MEASURED IN BU / ACRE",56.6,BU / ACRE
2020,IL,MADISON,119,SOYBEANS,"SOYBEANS - YIELD, MEASURED IN BU / ACRE",58.5,BU / ACRE
2021,IL,MADISON,119,SOYBEANS,"SOYBEANS - YIELD, MEASURED IN BU / ACRE",61.0,BU / ACRE
2022,IL,MADISON,119,SOYBEANS,"SOYBEANS - YIELD, MEASURED IN BU / ACRE",59.6,BU / ACRE
2023,IL,MADISON,119,SOYBEANS,"SOYBEANS - YIELD, MEASURED IN BU / ACRE",55.9,BU / ACRE
2024,IL,MADISON,119,SOYBEANS,"SOYBEANS - YIELD, MEASURED IN BU / ACRE",53.9,BU / ACRE
2025,IL,MADISON,119,SOYBEANS,"SOYBEANS - YIELD, MEASURED IN BU / ACRE",60.3,BU / ACRE
2010,IL,MARION,121,SOYBEANS,"SOYBEANS - YIELD, MEASURED IN BU / ACRE",47.3,BU / ACRE
2011,IL,MARION,121,SOYBEANS,"SOYBEANS - YIELD, MEASURED IN BU / ACRE",38.0,BU / ACRE
2012,IL,MARION,121,SOYBEANS,"SOYBEANS - YIELD, MEASURED IN BU / ACRE",27.7,BU / ACRE
2013,IL,MARION,121,SOYBEANS,"SOYBEANS - YIELD, MEASURED IN BU / ACRE",42.5,BU / ACRE
2014,IL,MARION,121,SOYBEANS,"SOYBEANS - YIELD, MEASURED IN BU / ACRE",50.6,BU / ACRE
2015,IL,MARION,121,SOYBEANS,"SOYBEANS - YIELD, MEASURED IN BU / ACRE",48.1,BU / ACRE
2016,IL,MARION,121,SOYBEANS,"SOYBEANS - YIELD, MEASURED IN BU / ACRE",53.3,BU / ACRE
2017,IL,MARION,121,SOYBEANS,"SOYBEANS - YIELD, MEASURED IN BU / ACRE",45.9,BU / ACRE
2018,IL,MARION,121,SOYBEANS,"SOYBEANS - YIELD, MEASURED IN BU / ACRE",60.5,BU / ACRE
2019,IL,MARION,121,SOYBEANS,"SOYBEANS - YIELD, MEASURED IN BU / ACRE",46.5,BU / ACRE
2020,IL,MARION,121,SOYBEANS,"SOYBEANS - YIELD, MEASURED IN BU / ACRE",54.9,BU / ACRE
2021,IL,MARION,121,SOYBEANS,"SOYBEANS - YIELD, MEASURED IN BU / ACRE",60.1,BU / ACRE
2022,IL,MARION,121,SOYBEANS,"SOYBEANS - YIELD, MEASURED IN BU / ACRE",54.3,BU / ACRE
2023,IL,MARION,121,SOYBEANS,"SOYBEANS - YIELD, MEASURED IN BU / ACRE",57.5,BU / ACRE
2024,IL,MARION,121,SOYBEANS,"SOYBEANS - YIELD, MEASURED IN BU / ACRE",52.0,BU / ACRE
2025,IL,MARION,121,SOYBEANS,"SOYBEANS - YIELD, MEASURED IN BU / ACRE",43.2,BU / ACRE
2010,IL,MARSHALL,123,SOYBEANS,"SOYBEANS - YIELD, MEASURED IN BU / ACRE",53.2,BU / ACRE
2011,IL,MARSHALL,123,SOYBEANS,"SOYBEANS - YIELD, MEASURED IN BU / ACRE",55.9,BU / ACRE
2012,IL,MARSHALL,123,SOYBEANS,"SOYBEANS - YIELD, MEASURED IN BU / ACRE",45.0,BU / ACRE
2013,IL,MARSHALL,123,SOYBEANS,"SOYBEANS - YIELD, MEASURED IN BU / ACRE",54.0,BU / ACRE
2014,IL,MARSHALL,123,SOYBEANS,"SOYBEANS - YIELD, MEASURED IN BU / ACRE",60.5,BU / ACRE
2015,IL,MARSHALL,123,SOYBEANS,"SOYBEANS - YIELD, MEASURED IN BU / ACRE",60.1,BU / ACRE
2016,IL,MARSHALL,123,SOYBEANS,"SOYBEANS - YIELD, MEASURED IN BU / ACRE",63.3,BU / ACRE
2017,IL,MARSHALL,123,SOYBEANS,"SOYBEANS - YIELD, MEASURED IN BU / ACRE",60.1,BU / ACRE
2018,IL,MARSHALL,123,SOYBEANS,"SOYBEANS - YIELD, MEASURED IN BU / ACRE",65.5,BU / ACRE
2019,IL,MARSHALL,123,SOYBEANS,"SOYBEANS - YIELD, MEASURED IN BU / ACRE",53.8,BU / ACRE
2020,IL,MARSHALL,123,SOYBEANS,"SOYBEANS - YIELD, MEASURED IN BU / ACRE",63.1,BU / ACRE
2022,IL,MARSHALL,123,SOYBEANS,"SOYBEANS - YIELD, MEASURED IN BU / ACRE",64.1,BU / ACRE
2023,IL,MARSHALL,123,SOYBEANS,"SOYBEANS - YIELD, MEASURED IN BU / ACRE",68.8,BU / ACRE
2025,IL,MARSHALL,123,SOYBEANS,"SOYBEANS - YIELD, MEASURED IN BU / ACRE",73.5,BU / ACRE
2010,IL,MASON,125,SOYBEANS,"SOYBEANS - YIELD, MEASURED IN BU / ACRE",48.7,BU / ACRE
2011,IL,MASON,125,SOYBEANS,"SOYBEANS - YIELD, MEASURED IN BU / ACRE",44.3,BU / ACRE
2012,IL,MASON,125,SOYBEANS,"SOYBEANS - YIELD, MEASURED IN BU / ACRE",36.8,BU / ACRE
2013,IL,MASON,125,SOYBEANS,"SOYBEANS - YIELD, MEASURED IN BU / ACRE",50.4,BU / ACRE
2014,IL,MASON,125,SOYBEANS,"SOYBEANS - YIELD, MEASURED IN BU / ACRE",53.2,BU / ACRE
2015,IL,MASON,125,SOYBEANS,"SOYBEANS - YIELD, MEASURED IN BU / ACRE",51.4,BU / ACRE
2016,IL,MASON,125,SOYBEANS,"SOYBEANS - YIELD, MEASURED IN BU / ACRE",59.2,BU / ACRE
2017,IL,MASON,125,SOYBEANS,"SOYBEANS - YIELD, MEASURED IN BU / ACRE",62.1,BU / ACRE
2019,IL,MASON,125,SOYBEANS,"SOYBEANS - YIELD, MEASURED IN BU / ACRE",55.4,BU / ACRE
2020,IL,MASON,125,SOYBEANS,"SOYBEANS - YIELD, MEASURED IN BU / ACRE",61.2,BU / ACRE
2021,IL,MASON,125,SOYBEANS,"SOYBEANS - YIELD, MEASURED IN BU / ACRE",64.7,BU / ACRE
2022,IL,MASON,125,SOYBEANS,"SOYBEANS - YIELD, MEASURED IN BU / ACRE",62.6,BU / ACRE
2023,IL,MASON,125,SOYBEANS,"SOYBEANS - YIELD, MEASURED IN BU / ACRE",68.1,BU / ACRE
2024,IL,MASON,125,SOYBEANS,"SOYBEANS - YIELD, MEASURED IN BU / ACRE",67.0,BU / ACRE
2025,IL,MASON,125,SOYBEANS,"SOYBEANS - YIELD, MEASURED IN BU / ACRE",68.5,BU / ACRE
2010,IL,MASSAC,127,SOYBEANS,"SOYBEANS - YIELD, MEASURED IN BU / ACRE",33.3,BU / ACRE
2011,IL,MASSAC,127,SOYBEANS,"SOYBEANS - YIELD, MEASURED IN BU / ACRE",39.3,BU / ACRE
2012,IL,MASSAC,127,SOYBEANS,"SOYBEANS - YIELD, MEASURED IN BU / ACRE",31.3,BU / ACRE
2013,IL,MASSAC,127,SOYBEANS,"SOYBEANS - YIELD, MEASURED IN BU / ACRE",50.4,BU / ACRE
2014,IL,MASSAC,127,SOYBEANS,"SOYBEANS - YIELD, MEASURED IN BU / ACRE",45.3,BU / ACRE
2015,IL,MASSAC,127,SOYBEANS,"SOYBEANS - YIELD, MEASURED IN BU / ACRE",50.2,BU / ACRE
2016,IL,MASSAC,127,SOYBEANS,"SOYBEANS - YIELD, MEASURED IN BU / ACRE",47.5,BU / ACRE
2019,IL,MASSAC,127,SOYBEANS,"SOYBEANS - YIELD, MEASURED IN BU / ACRE",43.5,BU / ACRE
2020,IL,MASSAC,127,SOYBEANS,"SOYBEANS - YIELD, MEASURED IN BU / ACRE",51.6,BU / ACRE
2021,IL,MASSAC,127,SOYBEANS,"SOYBEANS - YIELD, MEASURED IN BU / ACRE",52.5,BU / ACRE
2022,IL,MASSAC,127,SOYBEANS,"SOYBEANS - YIELD, MEASURED IN BU / ACRE",50.0,BU / ACRE
2023,IL,MASSAC,127,SOYBEANS,"SOYBEANS - YIELD, MEASURED IN BU / ACRE",50.3,BU / ACRE
2024,IL,MASSAC,127,SOYBEANS,"SOYBEANS - YIELD, MEASURED IN BU / ACRE",49.5,BU / ACRE
2025,IL,MASSAC,127,SOYBEANS,"SOYBEANS - YIELD, MEASURED IN BU / ACRE",49.4,BU / ACRE
2010,IL,MCDONOUGH,109,SOYBEANS,"SOYBEANS - YIELD, MEASURED IN BU / ACRE",53.1,BU / ACRE
2011,IL,MCDONOUGH,109,SOYBEANS,"SOYBEANS - YIELD, MEASURED IN BU / ACRE",58.5,BU / ACRE
2012,IL,MCDONOUGH,109,SOYBEANS,"SOYBEANS - YIELD, MEASURED IN BU / ACRE",50.0,BU / ACRE
2013,IL,MCDONOUGH,109,SOYBEANS,"SOYBEANS - YIELD, MEASURED IN BU / ACRE",54.5,BU / ACRE
2014,IL,MCDONOUGH,109,SOYBEANS,"SOYBEANS - YIELD, MEASURED IN BU / ACRE",54.4,BU / ACRE
2015,IL,MCDONOUGH,109,SOYBEANS,"SOYBEANS - YIELD, MEASURED IN BU / ACRE",59.7,BU / ACRE
2016,IL,MCDONOUGH,109,SOYBEANS,"SOYBEANS - YIELD, MEASURED IN BU / ACRE",62.5,BU / ACRE
2017,IL,MCDONOUGH,109,SOYBEANS,"SOYBEANS - YIELD, MEASURED IN BU / ACRE",64.7,BU / ACRE
2018,IL,MCDONOUGH,109,SOYBEANS,"SOYBEANS - YIELD, MEASURED IN BU / ACRE",69.3,BU / ACRE
2019,IL,MCDONOUGH,109,SOYBEANS,"SOYBEANS - YIELD, MEASURED IN BU / ACRE",60.2,BU / ACRE
2020,IL,MCDONOUGH,109,SOYBEANS,"SOYBEANS - YIELD, MEASURED IN BU / ACRE",65.1,BU / ACRE
2022,IL,MCDONOUGH,109,SOYBEANS,"SOYBEANS - YIELD, MEASURED IN BU / ACRE",66.3,BU / ACRE
2023,IL,MCDONOUGH,109,SOYBEANS,"SOYBEANS - YIELD, MEASURED IN BU / ACRE",67.8,BU / ACRE
2010,IL,MCHENRY,111,SOYBEANS,"SOYBEANS - YIELD, MEASURED IN BU / ACRE",56.5,BU / ACRE
2011,IL,MCHENRY,111,SOYBEANS,"SOYBEANS - YIELD, MEASURED IN BU / ACRE",50.6,BU / ACRE
2012,IL,MCHENRY,111,SOYBEANS,"SOYBEANS - YIELD, MEASURED IN BU / ACRE",42.2,BU / ACRE
2013,IL,MCHENRY,111,SOYBEANS,"SOYBEANS - YIELD, MEASURED IN BU / ACRE",49.9,BU / ACRE
2014,IL,MCHENRY,111,SOYBEANS,"SOYBEANS - YIELD, MEASURED IN BU / ACRE",56.0,BU / ACRE
2015,IL,MCHENRY,111,SOYBEANS,"SOYBEANS - YIELD, MEASURED IN BU / ACRE",55.9,BU / ACRE
2016,IL,MCHENRY,111,SOYBEANS,"SOYBEANS - YIELD, MEASURED IN BU / ACRE",59.1,BU / ACRE
2017,IL,MCHENRY,111,SOYBEANS,"SOYBEANS - YIELD, MEASURED IN BU / ACRE",47.2,BU / ACRE
2018,IL,MCHENRY,111,SOYBEANS,"SOYBEANS - YIELD, MEASURED IN BU / ACRE",58.9,BU / ACRE
2020,IL,MCHENRY,111,SOYBEANS,"SOYBEANS - YIELD, MEASURED IN BU / ACRE",52.5,BU / ACRE
2025,IL,MCHENRY,111,SOYBEANS,"SOYBEANS - YIELD, MEASURED IN BU / ACRE",66.0,BU / ACRE
2010,IL,MCLEAN,113,SOYBEANS,"SOYBEANS - YIELD, MEASURED IN BU / ACRE",58.5,BU / ACRE
2011,IL,MCLEAN,113,SOYBEANS,"SOYBEANS - YIELD, MEASURED IN BU / ACRE",56.0,BU / ACRE
2012,IL,MCLEAN,113,SOYBEANS,"SOYBEANS - YIELD, MEASURED IN BU / ACRE",52.3,BU / ACRE
2013,IL,MCLEAN,113,SOYBEANS,"SOYBEANS - YIELD, MEASURED IN BU / ACRE",57.7,BU / ACRE
2014,IL,MCLEAN,113,SOYBEANS,"SOYBEANS - YIELD, MEASURED IN BU / ACRE",63.2,BU / ACRE
2015,IL,MCLEAN,113,SOYBEANS,"SOYBEANS - YIELD, MEASURED IN BU / ACRE",64.6,BU / ACRE
2016,IL,MCLEAN,113,SOYBEANS,"SOYBEANS - YIELD, MEASURED IN BU / ACRE",63.8,BU / ACRE
2017,IL,MCLEAN,113,SOYBEANS,"SOYBEANS - YIELD, MEASURED IN BU / ACRE",66.8,BU / ACRE
2018,IL,MCLEAN,113,SOYBEANS,"SOYBEANS - YIELD, MEASURED IN BU / ACRE",67.5,BU / ACRE
2019,IL,MCLEAN,113,SOYBEANS,"SOYBEANS - YIELD, MEASURED IN BU / ACRE",61.0,BU / ACRE
2020,IL,MCLEAN,113,SOYBEANS,"SOYBEANS - YIELD, MEASURED IN BU / ACRE",63.9,BU / ACRE
2021,IL,MCLEAN,113,SOYBEANS,"SOYBEANS - YIELD, MEASURED IN BU / ACRE",67.4,BU / ACRE
2022,IL,MCLEAN,113,SOYBEANS,"SOYBEANS - YIELD, MEASURED IN BU / ACRE",68.8,BU / ACRE
2023,IL,MCLEAN,113,SOYBEANS,"SOYBEANS - YIELD, MEASURED IN BU / ACRE",71.8,BU / ACRE
2024,IL,MCLEAN,113,SOYBEANS,"SOYBEANS - YIELD, MEASURED IN BU / ACRE",74.2,BU / ACRE
2025,IL,MCLEAN,113,SOYBEANS,"SOYBEANS - YIELD, MEASURED IN BU / ACRE",74.0,BU / ACRE
2010,IL,MENARD,129,SOYBEANS,"SOYBEANS - YIELD, MEASURED IN BU / ACRE",54.2,BU / ACRE
2011,IL,MENARD,129,SOYBEANS,"SOYBEANS - YIELD, MEASURED IN BU / ACRE",51.2,BU / ACRE
2012,IL,MENARD,129,SOYBEANS,"SOYBEANS - YIELD, MEASURED IN BU / ACRE",41.1,BU / ACRE
2014,IL,MENARD,129,SOYBEANS,"SOYBEANS - YIELD, MEASURED IN BU / ACRE",60.2,BU / ACRE
2015,IL,MENARD,129,SOYBEANS,"SOYBEANS - YIELD, MEASURED IN BU / ACRE",60.0,BU / ACRE
2016,IL,MENARD,129,SOYBEANS,"SOYBEANS - YIELD, MEASURED IN BU / ACRE",63.6,BU / ACRE
2017,IL,MENARD,129,SOYBEANS,"SOYBEANS - YIELD, MEASURED IN BU / ACRE",63.9,BU / ACRE
2018,IL,MENARD,129,SOYBEANS,"SOYBEANS - YIELD, MEASURED IN BU / ACRE",68.6,BU / ACRE
2019,IL,MENARD,129,SOYBEANS,"SOYBEANS - YIELD, MEASURED IN BU / ACRE",62.0,BU / ACRE
2020,IL,MENARD,129,SOYBEANS,"SOYBEANS - YIELD, MEASURED IN BU / ACRE",67.3,BU / ACRE
2021,IL,MENARD,129,SOYBEANS,"SOYBEANS - YIELD, MEASURED IN BU / ACRE",66.4,BU / ACRE
2022,IL,MENARD,129,SOYBEANS,"SOYBEANS - YIELD, MEASURED IN BU / ACRE",67.9,BU / ACRE
2023,IL,MENARD,129,SOYBEANS,"SOYBEANS - YIELD, MEASURED IN BU / ACRE",67.2,BU / ACRE
2010,IL,MERCER,131,SOYBEANS,"SOYBEANS - YIELD, MEASURED IN BU / ACRE",52.9,BU / ACRE
2011,IL,MERCER,131,SOYBEANS,"SOYBEANS - YIELD, MEASURED IN BU / ACRE",52.9,BU / ACRE
2012,IL,MERCER,131,SOYBEANS,"SOYBEANS - YIELD, MEASURED IN BU / ACRE",56.1,BU / ACRE
2013,IL,MERCER,131,SOYBEANS,"SOYBEANS - YIELD, MEASURED IN BU / ACRE",48.3,BU / ACRE
2014,IL,MERCER,131,SOYBEANS,"SOYBEANS - YIELD, MEASURED IN BU / ACRE",57.0,BU / ACRE
2015,IL,MERCER,131,SOYBEANS,"SOYBEANS - YIELD, MEASURED IN BU / ACRE",59.3,BU / ACRE
2016,IL,MERCER,131,SOYBEANS,"SOYBEANS - YIELD, MEASURED IN BU / ACRE",59.9,BU / ACRE
2017,IL,MERCER,131,SOYBEANS,"SOYBEANS - YIELD, MEASURED IN BU / ACRE",60.0,BU / ACRE
2018,IL,MERCER,131,SOYBEANS,"SOYBEANS - YIELD, MEASURED IN BU / ACRE",63.2,BU / ACRE
2019,IL,MERCER,131,SOYBEANS,"SOYBEANS - YIELD, MEASURED IN BU / ACRE",51.9,BU / ACRE
2020,IL,MERCER,131,SOYBEANS,"SOYBEANS - YIELD, MEASURED IN BU / ACRE",59.4,BU / ACRE
2022,IL,MERCER,131,SOYBEANS,"SOYBEANS - YIELD, MEASURED IN BU / ACRE",65.0,BU / ACRE
2023,IL,MERCER,131,SOYBEANS,"SOYBEANS - YIELD, MEASURED IN BU / ACRE",65.1,BU / ACRE
2010,IL,MONROE,133,SOYBEANS,"SOYBEANS - YIELD, MEASURED IN BU / ACRE",45.1,BU / ACRE
2011,IL,MONROE,133,SOYBEANS,"SOYBEANS - YIELD, MEASURED IN BU / ACRE",34.1,BU / ACRE
2012,IL,MONROE,133,SOYBEANS,"SOYBEANS - YIELD, MEASURED IN BU / ACRE",39.5,BU / ACRE
2013,IL,MONROE,133,SOYBEANS,"SOYBEANS - YIELD, MEASURED IN BU / ACRE",33.4,BU / ACRE
2014,IL,MONROE,133,SOYBEANS,"SOYBEANS - YIELD, MEASURED IN BU / ACRE",46.8,BU / ACRE
2015,IL,MONROE,133,SOYBEANS,"SOYBEANS - YIELD, MEASURED IN BU / ACRE",44.7,BU / ACRE
2016,IL,MONROE,133,SOYBEANS,"SOYBEANS - YIELD, MEASURED IN BU / ACRE",48.4,BU / ACRE
2017,IL,MONROE,133,SOYBEANS,"SOYBEANS - YIELD, MEASURED IN BU / ACRE",43.4,BU / ACRE
2018,IL,MONROE,133,SOYBEANS,"SOYBEANS - YIELD, MEASURED IN BU / ACRE",54.1,BU / ACRE
2019,IL,MONROE,133,SOYBEANS,"SOYBEANS - YIELD, MEASURED IN BU / ACRE",47.2,BU / ACRE
2020,IL,MONROE,133,SOYBEANS,"SOYBEANS - YIELD, MEASURED IN BU / ACRE",55.7,BU / ACRE
2021,IL,MONROE,133,SOYBEANS,"SOYBEANS - YIELD, MEASURED IN BU / ACRE",56.3,BU / ACRE
2022,IL,MONROE,133,SOYBEANS,"SOYBEANS - YIELD, MEASURED IN BU / ACRE",53.1,BU / ACRE
2023,IL,MONROE,133,SOYBEANS,"SOYBEANS - YIELD, MEASURED IN BU / ACRE",46.5,BU / ACRE
2024,IL,MONROE,133,SOYBEANS,"SOYBEANS - YIELD, MEASURED IN BU / ACRE",51.9,BU / ACRE
2025,IL,MONROE,133,SOYBEANS,"SOYBEANS - YIELD, MEASURED IN BU / ACRE",46.9,BU / ACRE
2010,IL,MONTGOMERY,135,SOYBEANS,"SOYBEANS - YIELD, MEASURED IN BU / ACRE",55.5,BU / ACRE
2011,IL,MONTGOMERY,135,SOYBEANS,"SOYBEANS - YIELD, MEASURED IN BU / ACRE",44.2,BU / ACRE
2012,IL,MONTGOMERY,135,SOYBEANS,"SOYBEANS - YIELD, MEASURED IN BU / ACRE",42.5,BU / ACRE
2013,IL,MONTGOMERY,135,SOYBEANS,"SOYBEANS - YIELD, MEASURED IN BU / ACRE",50.0,BU / ACRE
2014,IL,MONTGOMERY,135,SOYBEANS,"SOYBEANS - YIELD, MEASURED IN BU / ACRE",57.4,BU / ACRE
2015,IL,MONTGOMERY,135,SOYBEANS,"SOYBEANS - YIELD, MEASURED IN BU / ACRE",56.6,BU / ACRE
2016,IL,MONTGOMERY,135,SOYBEANS,"SOYBEANS - YIELD, MEASURED IN BU / ACRE",61.5,BU / ACRE
2017,IL,MONTGOMERY,135,SOYBEANS,"SOYBEANS - YIELD, MEASURED IN BU / ACRE",61.9,BU / ACRE
2018,IL,MONTGOMERY,135,SOYBEANS,"SOYBEANS - YIELD, MEASURED IN BU / ACRE",73.0,BU / ACRE
2019,IL,MONTGOMERY,135,SOYBEANS,"SOYBEANS - YIELD, MEASURED IN BU / ACRE",61.5,BU / ACRE
2020,IL,MONTGOMERY,135,SOYBEANS,"SOYBEANS - YIELD, MEASURED IN BU / ACRE",63.2,BU / ACRE
2022,IL,MONTGOMERY,135,SOYBEANS,"SOYBEANS - YIELD, MEASURED IN BU / ACRE",68.6,BU / ACRE
2023,IL,MONTGOMERY,135,SOYBEANS,"SOYBEANS - YIELD, MEASURED IN BU / ACRE",64.9,BU / ACRE
2024,IL,MONTGOMERY,135,SOYBEANS,"SOYBEANS - YIELD, MEASURED IN BU / ACRE",63.6,BU / ACRE
2010,IL,MORGAN,137,SOYBEANS,"SOYBEANS - YIELD, MEASURED IN BU / ACRE",54.1,BU / ACRE
2011,IL,MORGAN,137,SOYBEANS,"SOYBEANS - YIELD, MEASURED IN BU / ACRE",50.6,BU / ACRE
2012,IL,MORGAN,137,SOYBEANS,"SOYBEANS - YIELD, MEASURED IN BU / ACRE",46.4,BU / ACRE
2013,IL,MORGAN,137,SOYBEANS,"SOYBEANS - YIELD, MEASURED IN BU / ACRE",56.1,BU / ACRE
2014,IL,MORGAN,137,SOYBEANS,"SOYBEANS - YIELD, MEASURED IN BU / ACRE",59.2,BU / ACRE
2015,IL,MORGAN,137,SOYBEANS,"SOYBEANS - YIELD, MEASURED IN BU / ACRE",58.1,BU / ACRE
2016,IL,MORGAN,137,SOYBEANS,"SOYBEANS - YIELD, MEASURED IN BU / ACRE",60.4,BU / ACRE
2017,IL,MORGAN,137,SOYBEANS,"SOYBEANS - YIELD, MEASURED IN BU / ACRE",60.2,BU / ACRE
2018,IL,MORGAN,137,SOYBEANS,"SOYBEANS - YIELD, MEASURED IN BU / ACRE",79.8,BU / ACRE
2019,IL,MORGAN,137,SOYBEANS,"SOYBEANS - YIELD, MEASURED IN BU / ACRE",64.1,BU / ACRE
2020,IL,MORGAN,137,SOYBEANS,"SOYBEANS - YIELD, MEASURED IN BU / ACRE",62.9,BU / ACRE
2022,IL,MORGAN,137,SOYBEANS,"SOYBEANS - YIELD, MEASURED IN BU / ACRE",70.0,BU / ACRE
2023,IL,MORGAN,137,SOYBEANS,"SOYBEANS - YIELD, MEASURED IN BU / ACRE",68.0,BU / ACRE
2024,IL,MORGAN,137,SOYBEANS,"SOYBEANS - YIELD, MEASURED IN BU / ACRE",72.8,BU / ACRE
2010,IL,MOULTRIE,139,SOYBEANS,"SOYBEANS - YIELD, MEASURED IN BU / ACRE",62.8,BU / ACRE
2011,IL,MOULTRIE,139,SOYBEANS,"SOYBEANS - YIELD, MEASURED IN BU / ACRE",48.4,BU / ACRE
2012,IL,MOULTRIE,139,SOYBEANS,"SOYBEANS - YIELD, MEASURED IN BU / ACRE",45.5,BU / ACRE
2013,IL,MOULTRIE,139,SOYBEANS,"SOYBEANS - YIELD, MEASURED IN BU / ACRE",57.0,BU / ACRE
2014,IL,MOULTRIE,139,SOYBEANS,"SOYBEANS - YIELD, MEASURED IN BU / ACRE",63.6,BU / ACRE
2015,IL,MOULTRIE,139,SOYBEANS,"SOYBEANS - YIELD, MEASURED IN BU / ACRE",64.8,BU / ACRE
2016,IL,MOULTRIE,139,SOYBEANS,"SOYBEANS - YIELD, MEASURED IN BU / ACRE",68.5,BU / ACRE
2017,IL,MOULTRIE,139,SOYBEANS,"SOYBEANS - YIELD, MEASURED IN BU / ACRE",66.4,BU / ACRE
2018,IL,MOULTRIE,139,SOYBEANS,"SOYBEANS - YIELD, MEASURED IN BU / ACRE",75.9,BU / ACRE
2019,IL,MOULTRIE,139,SOYBEANS,"SOYBEANS - YIELD, MEASURED IN BU / ACRE",59.3,BU / ACRE
2020,IL,MOULTRIE,139,SOYBEANS,"SOYBEANS - YIELD, MEASURED IN BU / ACRE",65.0,BU / ACRE
2021,IL,MOULTRIE,139,SOYBEANS,"SOYBEANS - YIELD, MEASURED IN BU / ACRE",72.4,BU / ACRE
2022,IL,MOULTRIE,139,SOYBEANS,"SOYBEANS - YIELD, MEASURED IN BU / ACRE",65.7,BU / ACRE
2023,IL,MOULTRIE,139,SOYBEANS,"SOYBEANS - YIELD, MEASURED IN BU / ACRE",72.5,BU / ACRE
2025,IL,MOULTRIE,139,SOYBEANS,"SOYBEANS - YIELD, MEASURED IN BU / ACRE",66.5,BU / ACRE
2010,IL,OGLE,141,SOYBEANS,"SOYBEANS - YIELD, MEASURED IN BU / ACRE",56.6,BU / ACRE
2011,IL,OGLE,141,SOYBEANS,"SOYBEANS - YIELD, MEASURED IN BU / ACRE",59.9,BU / ACRE
2012,IL,OGLE,141,SOYBEANS,"SOYBEANS - YIELD, MEASURED IN BU / ACRE",50.8,BU / ACRE
2013,IL,OGLE,141,SOYBEANS,"SOYBEANS - YIELD, MEASURED IN BU / ACRE",54.2,BU / ACRE
2014,IL,OGLE,141,SOYBEANS,"SOYBEANS - YIELD, MEASURED IN BU / ACRE",60.2,BU / ACRE
2015,IL,OGLE,141,SOYBEANS,"SOYBEANS - YIELD, MEASURED IN BU / ACRE",60.2,BU / ACRE
2016,IL,OGLE,141,SOYBEANS,"SOYBEANS - YIELD, MEASURED IN BU / ACRE",65.6,BU / ACRE
2017,IL,OGLE,141,SOYBEANS,"SOYBEANS - YIELD, MEASURED IN BU / ACRE",55.0,BU / ACRE
2018,IL,OGLE,141,SOYBEANS,"SOYBEANS - YIELD, MEASURED IN BU / ACRE",64.3,BU / ACRE
2019,IL,OGLE,141,SOYBEANS,"SOYBEANS - YIELD, MEASURED IN BU / ACRE",59.9,BU / ACRE
2020,IL,OGLE,141,SOYBEANS,"SOYBEANS - YIELD, MEASURED IN BU / ACRE",61.9,BU / ACRE
2021,IL,OGLE,141,SOYBEANS,"SOYBEANS - YIELD, MEASURED IN BU / ACRE",61.8,BU / ACRE
2022,IL,OGLE,141,SOYBEANS,"SOYBEANS - YIELD, MEASURED IN BU / ACRE",67.6,BU / ACRE
2023,IL,OGLE,141,SOYBEANS,"SOYBEANS - YIELD, MEASURED IN BU / ACRE",61.8,BU / ACRE
2010,IL,OTHER (COMBINED) COUNTIES,998,SOYBEANS,"SOYBEANS - YIELD, MEASURED IN BU / ACRE",50.0,BU / ACRE
2011,IL,OTHER (COMBINED) COUNTIES,998,SOYBEANS,"SOYBEANS - YIELD, MEASURED IN BU / ACRE",41.7,BU / ACRE
2011,IL,OTHER (COMBINED) COUNTIES,998,SOYBEANS,"SOYBEANS - YIELD, MEASURED IN BU / ACRE",36.1,BU / ACRE
2012,IL,OTHER (COMBINED) COUNTIES,998,SOYBEANS,"SOYBEANS - YIELD, MEASURED IN BU / ACRE",42.1,BU / ACRE
2012,IL,OTHER (COMBINED) COUNTIES,998,SOYBEANS,"SOYBEANS - YIELD, MEASURED IN BU / ACRE",32.6,BU / ACRE
2012,IL,OTHER (COMBINED) COUNTIES,998,SOYBEANS,"SOYBEANS - YIELD, MEASURED IN BU / ACRE",33.0,BU / ACRE
2013,IL,OTHER (COMBINED) COUNTIES,998,SOYBEANS,"SOYBEANS - YIELD, MEASURED IN BU / ACRE",42.5,BU / ACRE
2013,IL,OTHER (COMBINED) COUNTIES,998,SOYBEANS,"SOYBEANS - YIELD, MEASURED IN BU / ACRE",56.4,BU / ACRE
2013,IL,OTHER (COMBINED) COUNTIES,998,SOYBEANS,"SOYBEANS - YIELD, MEASURED IN BU / ACRE",40.5,BU / ACRE
2013,IL,OTHER (COMBINED) COUNTIES,998,SOYBEANS,"SOYBEANS - YIELD, MEASURED IN BU / ACRE",44.0,BU / ACRE
2013,IL,OTHER (COMBINED) COUNTIES,998,SOYBEANS,"SOYBEANS - YIELD, MEASURED IN BU / ACRE",40.3,BU / ACRE
2014,IL,OTHER (COMBINED) COUNTIES,998,SOYBEANS,"SOYBEANS - YIELD, MEASURED IN BU / ACRE",57.0,BU / ACRE
2014,IL,OTHER (COMBINED) COUNTIES,998,SOYBEANS,"SOYBEANS - YIELD, MEASURED IN BU / ACRE",43.1,BU / ACRE
2014,IL,OTHER (COMBINED) COUNTIES,998,SOYBEANS,"SOYBEANS - YIELD, MEASURED IN BU / ACRE",42.4,BU / ACRE
2015,IL,OTHER (COMBINED) COUNTIES,998,SOYBEANS,"SOYBEANS - YIELD, MEASURED IN BU / ACRE",51.7,BU / ACRE
2015,IL,OTHER (COMBINED) COUNTIES,998,SOYBEANS,"SOYBEANS - YIELD, MEASURED IN BU / ACRE",43.6,BU / ACRE
2015,IL,OTHER (COMBINED) COUNTIES,998,SOYBEANS,"SOYBEANS - YIELD, MEASURED IN BU / ACRE",49.9,BU / ACRE
2016,IL,OTHER (COMBINED) COUNTIES,998,SOYBEANS,"SOYBEANS - YIELD, MEASURED IN BU / ACRE",58.6,BU / ACRE
2016,IL,OTHER (COMBINED) COUNTIES,998,SOYBEANS,"SOYBEANS - YIELD, MEASURED IN BU / ACRE",57.5,BU / ACRE
2016,IL,OTHER (COMBINED) COUNTIES,998,SOYBEANS,"SOYBEANS - YIELD, MEASURED IN BU / ACRE",57.1,BU / ACRE
2016,IL,OTHER (COMBINED) COUNTIES,998,SOYBEANS,"SOYBEANS - YIELD, MEASURED IN BU / ACRE",44.1,BU / ACRE
2017,IL,OTHER (COMBINED) COUNTIES,998,SOYBEANS,"SOYBEANS - YIELD, MEASURED IN BU / ACRE",43.7,BU / ACRE
2017,IL,OTHER (COMBINED) COUNTIES,998,SOYBEANS,"SOYBEANS - YIELD, MEASURED IN BU / ACRE",48.2,BU / ACRE
2018,IL,OTHER (COMBINED) COUNTIES,998,SOYBEANS,"SOYBEANS - YIELD, MEASURED IN BU / ACRE",59.3,BU / ACRE
2018,IL,OTHER (COMBINED) COUNTIES,998,SOYBEANS,"SOYBEANS - YIELD, MEASURED IN BU / ACRE",47.6,BU / ACRE
2018,IL,OTHER (COMBINED) COUNTIES,998,SOYBEANS,"SOYBEANS - YIELD, MEASURED IN BU / ACRE",63.6,BU / ACRE
2018,IL,OTHER (COMBINED) COUNTIES,998,SOYBEANS,"SOYBEANS - YIELD, MEASURED IN BU / ACRE",65.7,BU / ACRE
2018,IL,OTHER (COMBINED) COUNTIES,998,SOYBEANS,"SOYBEANS - YIELD, MEASURED IN BU / ACRE",46.5,BU / ACRE
2018,IL,OTHER (COMBINED) COUNTIES,998,SOYBEANS,"SOYBEANS - YIELD, MEASURED IN BU / ACRE",49.9,BU / ACRE
2019,IL,OTHER (COMBINED) COUNTIES,998,SOYBEANS,"SOYBEANS - YIELD, MEASURED IN BU / ACRE",55.3,BU / ACRE
2019,IL,OTHER (COMBINED) COUNTIES,998,SOYBEANS,"SOYBEANS - YIELD, MEASURED IN BU / ACRE",49.3,BU / ACRE
2019,IL,OTHER (COMBINED) COUNTIES,998,SOYBEANS,"SOYBEANS - YIELD, MEASURED IN BU / ACRE",57.0,BU / ACRE
2019,IL,OTHER (COMBINED) COUNTIES,998,SOYBEANS,"SOYBEANS - YIELD, MEASURED IN BU / ACRE",62.2,BU / ACRE
2019,IL,OTHER (COMBINED) COUNTIES,998,SOYBEANS,"SOYBEANS - YIELD, MEASURED IN BU / ACRE",58.3,BU / ACRE
2019,IL,OTHER (COMBINED) COUNTIES,998,SOYBEANS,"SOYBEANS - YIELD, MEASURED IN BU / ACRE",59.2,BU / ACRE
2019,IL,OTHER (COMBINED) COUNTIES,998,SOYBEANS,"SOYBEANS - YIELD, MEASURED IN BU / ACRE",44.5,BU / ACRE
2019,IL,OTHER (COMBINED) COUNTIES,998,SOYBEANS,"SOYBEANS - YIELD, MEASURED IN BU / ACRE",39.1,BU / ACRE
2019,IL,OTHER (COMBINED) COUNTIES,998,SOYBEANS,"SOYBEANS - YIELD, MEASURED IN BU / ACRE",44.5,BU / ACRE
2020,IL,OTHER COUNTIES,998,SOYBEANS,"SOYBEANS - YIELD, MEASURED IN BU / ACRE",60.9,BU / ACRE
2021,IL,OTHER COUNTIES,998,SOYBEANS,"SOYBEANS - YIELD, MEASURED IN BU / ACRE",65.6,BU / ACRE
2022,IL,OTHER COUNTIES,998,SOYBEANS,"SOYBEANS - YIELD, MEASURED IN BU / ACRE",60.6,BU / ACRE
2023,IL,OTHER COUNTIES,998,SOYBEANS,"SOYBEANS - YIELD, MEASURED IN BU / ACRE",60.7,BU / ACRE
2024,IL,OTHER COUNTIES,998,SOYBEANS,"SOYBEANS - YIELD, MEASURED IN BU / ACRE",64.6,BU / ACRE
2025,IL,OTHER COUNTIES,998,SOYBEANS,"SOYBEANS - YIELD, MEASURED IN BU / ACRE",63.6,BU / ACRE
2010,IL,PEORIA,143,SOYBEANS,"SOYBEANS - YIELD, MEASURED IN BU / ACRE",54.8,BU / ACRE
2011,IL,PEORIA,143,SOYBEANS,"SOYBEANS - YIELD, MEASURED IN BU / ACRE",58.0,BU / ACRE
2012,IL,PEORIA,143,SOYBEANS,"SOYBEANS - YIELD, MEASURED IN BU / ACRE",54.1,BU / ACRE
2013,IL,PEORIA,143,SOYBEANS,"SOYBEANS - YIELD, MEASURED IN BU / ACRE",51.0,BU / ACRE
2014,IL,PEORIA,143,SOYBEANS,"SOYBEANS - YIELD, MEASURED IN BU / ACRE",57.3,BU / ACRE
2015,IL,PEORIA,143,SOYBEANS,"SOYBEANS - YIELD, MEASURED IN BU / ACRE",60.7,BU / ACRE
2016,IL,PEORIA,143,SOYBEANS,"SOYBEANS - YIELD, MEASURED IN BU / ACRE",60.0,BU / ACRE
2017,IL,PEORIA,143,SOYBEANS,"SOYBEANS - YIELD, MEASURED IN BU / ACRE",63.9,BU / ACRE
2018,IL,PEORIA,143,SOYBEANS,"SOYBEANS - YIELD, MEASURED IN BU / ACRE",66.6,BU / ACRE
2019,IL,PEORIA,143,SOYBEANS,"SOYBEANS - YIELD, MEASURED IN BU / ACRE",55.4,BU / ACRE
2020,IL,PEORIA,143,SOYBEANS,"SOYBEANS - YIELD, MEASURED IN BU / ACRE",65.2,BU / ACRE
2021,IL,PEORIA,143,SOYBEANS,"SOYBEANS - YIELD, MEASURED IN BU / ACRE",69.7,BU / ACRE
2022,IL,PEORIA,143,SOYBEANS,"SOYBEANS - YIELD, MEASURED IN BU / ACRE",64.0,BU / ACRE
2023,IL,PEORIA,143,SOYBEANS,"SOYBEANS - YIELD, MEASURED IN BU / ACRE",70.7,BU / ACRE
2024,IL,PEORIA,143,SOYBEANS,"SOYBEANS - YIELD, MEASURED IN BU / ACRE",69.2,BU / ACRE
2025,IL,PEORIA,143,SOYBEANS,"SOYBEANS - YIELD, MEASURED IN BU / ACRE",71.6,BU / ACRE
2010,IL,PERRY,145,SOYBEANS,"SOYBEANS - YIELD, MEASURED IN BU / ACRE",42.6,BU / ACRE
2011,IL,PERRY,145,SOYBEANS,"SOYBEANS - YIELD, MEASURED IN BU / ACRE",33.8,BU / ACRE
2012,IL,PERRY,145,SOYBEANS,"SOYBEANS - YIELD, MEASURED IN BU / ACRE",22.8,BU / ACRE
2013,IL,PERRY,145,SOYBEANS,"SOYBEANS - YIELD, MEASURED IN BU / ACRE",34.0,BU / ACRE
2014,IL,PERRY,145,SOYBEANS,"SOYBEANS - YIELD, MEASURED IN BU / ACRE",41.0,BU / ACRE
2015,IL,PERRY,145,SOYBEANS,"SOYBEANS - YIELD, MEASURED IN BU / ACRE",42.9,BU / ACRE
2016,IL,PERRY,145,SOYBEANS,"SOYBEANS - YIELD, MEASURED IN BU / ACRE",48.0,BU / ACRE
2017,IL,PERRY,145,SOYBEANS,"SOYBEANS - YIELD, MEASURED IN BU / ACRE",42.7,BU / ACRE
2018,IL,PERRY,145,SOYBEANS,"SOYBEANS - YIELD, MEASURED IN BU / ACRE",52.5,BU / ACRE
2019,IL,PERRY,145,SOYBEANS,"SOYBEANS - YIELD, MEASURED IN BU / ACRE",35.6,BU / ACRE
2020,IL,PERRY,145,SOYBEANS,"SOYBEANS - YIELD, MEASURED IN BU / ACRE",48.2,BU / ACRE
2021,IL,PERRY,145,SOYBEANS,"SOYBEANS - YIELD, MEASURED IN BU / ACRE",53.2,BU / ACRE
2022,IL,PERRY,145,SOYBEANS,"SOYBEANS - YIELD, MEASURED IN BU / ACRE",43.4,BU / ACRE
2023,IL,PERRY,145,SOYBEANS,"SOYBEANS - YIELD, MEASURED IN BU / ACRE",48.3,BU / ACRE
2024,IL,PERRY,145,SOYBEANS,"SOYBEANS - YIELD, MEASURED IN BU / ACRE",51.1,BU / ACRE
2025,IL,PERRY,145,SOYBEANS,"SOYBEANS - YIELD, MEASURED IN BU / ACRE",35.0,BU / ACRE
2010,IL,PIATT,147,SOYBEANS,"SOYBEANS - YIELD, MEASURED IN BU / ACRE",63.3,BU / ACRE
2011,IL,PIATT,147,SOYBEANS,"SOYBEANS - YIELD, MEASURED IN BU / ACRE",53.0,BU / ACRE
2012,IL,PIATT,147,SOYBEANS,"SOYBEANS - YIELD, MEASURED IN BU / ACRE",51.4,BU / ACRE
2013,IL,PIATT,147,SOYBEANS,"SOYBEANS - YIELD, MEASURED IN BU / ACRE",58.2,BU / ACRE
2014,IL,PIATT,147,SOYBEANS,"SOYBEANS - YIELD, MEASURED IN BU / ACRE",69.3,BU / ACRE
2015,IL,PIATT,147,SOYBEANS,"SOYBEANS - YIELD, MEASURED IN BU / ACRE",73.1,BU / ACRE
2016,IL,PIATT,147,SOYBEANS,"SOYBEANS - YIELD, MEASURED IN BU / ACRE",71.3,BU / ACRE
2017,IL,PIATT,147,SOYBEANS,"SOYBEANS - YIELD, MEASURED IN BU / ACRE",69.4,BU / ACRE
2018,IL,PIATT,147,SOYBEANS,"SOYBEANS - YIELD, MEASURED IN BU / ACRE",77.4,BU / ACRE
2020,IL,PIATT,147,SOYBEANS,"SOYBEANS - YIELD, MEASURED IN BU / ACRE",71.7,BU / ACRE
2021,IL,PIATT,147,SOYBEANS,"SOYBEANS - YIELD, MEASURED IN BU / ACRE",77.3,BU / ACRE
2022,IL,PIATT,147,SOYBEANS,"SOYBEANS - YIELD, MEASURED IN BU / ACRE",74.2,BU / ACRE
2023,IL,PIATT,147,SOYBEANS,"SOYBEANS - YIELD, MEASURED IN BU / ACRE",74.2,BU / ACRE
2024,IL,PIATT,147,SOYBEANS,"SOYBEANS - YIELD, MEASURED IN BU / ACRE",77.6,BU / ACRE
2025,IL,PIATT,147,SOYBEANS,"SOYBEANS - YIELD, MEASURED IN BU / ACRE",72.9,BU / ACRE
2010,IL,PIKE,149,SOYBEANS,"SOYBEANS - YIELD, MEASURED IN BU / ACRE",52.9,BU / ACRE
2011,IL,PIKE,149,SOYBEANS,"SOYBEANS - YIELD, MEASURED IN BU / ACRE",44.5,BU / ACRE
2012,IL,PIKE,149,SOYBEANS,"SOYBEANS - YIELD, MEASURED IN BU / ACRE",44.4,BU / ACRE
2013,IL,PIKE,149,SOYBEANS,"SOYBEANS - YIELD, MEASURED IN BU / ACRE",45.3,BU / ACRE
2014,IL,PIKE,149,SOYBEANS,"SOYBEANS - YIELD, MEASURED IN BU / ACRE",50.4,BU / ACRE
2015,IL,PIKE,149,SOYBEANS,"SOYBEANS - YIELD, MEASURED IN BU / ACRE",47.7,BU / ACRE
2016,IL,PIKE,149,SOYBEANS,"SOYBEANS - YIELD, MEASURED IN BU / ACRE",58.1,BU / ACRE
2017,IL,PIKE,149,SOYBEANS,"SOYBEANS - YIELD, MEASURED IN BU / ACRE",57.7,BU / ACRE
2018,IL,PIKE,149,SOYBEANS,"SOYBEANS - YIELD, MEASURED IN BU / ACRE",61.2,BU / ACRE
2020,IL,PIKE,149,SOYBEANS,"SOYBEANS - YIELD, MEASURED IN BU / ACRE",62.1,BU / ACRE
2023,IL,PIKE,149,SOYBEANS,"SOYBEANS - YIELD, MEASURED IN BU / ACRE",59.9,BU / ACRE
2024,IL,PIKE,149,SOYBEANS,"SOYBEANS - YIELD, MEASURED IN BU / ACRE",63.8,BU / ACRE
2010,IL,POPE,151,SOYBEANS,"SOYBEANS - YIELD, MEASURED IN BU / ACRE",27.1,BU / ACRE
2015,IL,POPE,151,SOYBEANS,"SOYBEANS - YIELD, MEASURED IN BU / ACRE",48.2,BU / ACRE
2016,IL,POPE,151,SOYBEANS,"SOYBEANS - YIELD, MEASURED IN BU / ACRE",35.1,BU / ACRE
2017,IL,POPE,151,SOYBEANS,"SOYBEANS - YIELD, MEASURED IN BU / ACRE",44.6,BU / ACRE
2020,IL,POPE,151,SOYBEANS,"SOYBEANS - YIELD, MEASURED IN BU / ACRE",53.1,BU / ACRE
2024,IL,POPE,151,SOYBEANS,"SOYBEANS - YIELD, MEASURED IN BU / ACRE",47.9,BU / ACRE
2025,IL,POPE,151,SOYBEANS,"SOYBEANS - YIELD, MEASURED IN BU / ACRE",35.9,BU / ACRE
2010,IL,PULASKI,153,SOYBEANS,"SOYBEANS - YIELD, MEASURED IN BU / ACRE",39.1,BU / ACRE
2011,IL,PULASKI,153,SOYBEANS,"SOYBEANS - YIELD, MEASURED IN BU / ACRE",40.4,BU / ACRE
2012,IL,PULASKI,153,SOYBEANS,"SOYBEANS - YIELD, MEASURED IN BU / ACRE",37.0,BU / ACRE
2013,IL,PULASKI,153,SOYBEANS,"SOYBEANS - YIELD, MEASURED IN BU / ACRE",45.1,BU / ACRE
2014,IL,PULASKI,153,SOYBEANS,"SOYBEANS - YIELD, MEASURED IN BU / ACRE",46.6,BU / ACRE
2015,IL,PULASKI,153,SOYBEANS,"SOYBEANS - YIELD, MEASURED IN BU / ACRE",46.1,BU / ACRE
2016,IL,PULASKI,153,SOYBEANS,"SOYBEANS - YIELD, MEASURED IN BU / ACRE",44.4,BU / ACRE
2017,IL,PULASKI,153,SOYBEANS,"SOYBEANS - YIELD, MEASURED IN BU / ACRE",44.5,BU / ACRE
2018,IL,PULASKI,153,SOYBEANS,"SOYBEANS - YIELD, MEASURED IN BU / ACRE",48.2,BU / ACRE
2019,IL,PULASKI,153,SOYBEANS,"SOYBEANS - YIELD, MEASURED IN BU / ACRE",43.2,BU / ACRE
2020,IL,PULASKI,153,SOYBEANS,"SOYBEANS - YIELD, MEASURED IN BU / ACRE",54.8,BU / ACRE
2021,IL,PULASKI,153,SOYBEANS,"SOYBEANS - YIELD, MEASURED IN BU / ACRE",56.8,BU / ACRE
2022,IL,PULASKI,153,SOYBEANS,"SOYBEANS - YIELD, MEASURED IN BU / ACRE",53.5,BU / ACRE
2023,IL,PULASKI,153,SOYBEANS,"SOYBEANS - YIELD, MEASURED IN BU / ACRE",50.4,BU / ACRE
2025,IL,PULASKI,153,SOYBEANS,"SOYBEANS - YIELD, MEASURED IN BU / ACRE",43.5,BU / ACRE
2010,IL,PUTNAM,155,SOYBEANS,"SOYBEANS - YIELD, MEASURED IN BU / ACRE",51.5,BU / ACRE
2011,IL,PUTNAM,155,SOYBEANS,"SOYBEANS - YIELD, MEASURED IN BU / ACRE",57.5,BU / ACRE
2012,IL,PUTNAM,155,SOYBEANS,"SOYBEANS - YIELD, MEASURED IN BU / ACRE",52.9,BU / ACRE
2013,IL,PUTNAM,155,SOYBEANS,"SOYBEANS - YIELD, MEASURED IN BU / ACRE",56.3,BU / ACRE
2014,IL,PUTNAM,155,SOYBEANS,"SOYBEANS - YIELD, MEASURED IN BU / ACRE",59.7,BU / ACRE
2015,IL,PUTNAM,155,SOYBEANS,"SOYBEANS - YIELD, MEASURED IN BU / ACRE",60.0,BU / ACRE
2016,IL,PUTNAM,155,SOYBEANS,"SOYBEANS - YIELD, MEASURED IN BU / ACRE",63.3,BU / ACRE
2017,IL,PUTNAM,155,SOYBEANS,"SOYBEANS - YIELD, MEASURED IN BU / ACRE",57.2,BU / ACRE
2020,IL,PUTNAM,155,SOYBEANS,"SOYBEANS - YIELD, MEASURED IN BU / ACRE",61.8,BU / ACRE
2021,IL,PUTNAM,155,SOYBEANS,"SOYBEANS - YIELD, MEASURED IN BU / ACRE",62.2,BU / ACRE
2022,IL,PUTNAM,155,SOYBEANS,"SOYBEANS - YIELD, MEASURED IN BU / ACRE",64.6,BU / ACRE
2023,IL,PUTNAM,155,SOYBEANS,"SOYBEANS - YIELD, MEASURED IN BU / ACRE",64.6,BU / ACRE
2025,IL,PUTNAM,155,SOYBEANS,"SOYBEANS - YIELD, MEASURED IN BU / ACRE",64.5,BU / ACRE
2010,IL,RANDOLPH,157,SOYBEANS,"SOYBEANS - YIELD, MEASURED IN BU / ACRE",43.2,BU / ACRE
2011,IL,RANDOLPH,157,SOYBEANS,"SOYBEANS - YIELD, MEASURED IN BU / ACRE",35.6,BU / ACRE
2012,IL,RANDOLPH,157,SOYBEANS,"SOYBEANS - YIELD, MEASURED IN BU / ACRE",34.7,BU / ACRE
2013,IL,RANDOLPH,157,SOYBEANS,"SOYBEANS - YIELD, MEASURED IN BU / ACRE",39.4,BU / ACRE
2014,IL,RANDOLPH,157,SOYBEANS,"SOYBEANS - YIELD, MEASURED IN BU / ACRE",45.4,BU / ACRE
2015,IL,RANDOLPH,157,SOYBEANS,"SOYBEANS - YIELD, MEASURED IN BU / ACRE",41.7,BU / ACRE
2016,IL,RANDOLPH,157,SOYBEANS,"SOYBEANS - YIELD, MEASURED IN BU / ACRE",50.0,BU / ACRE
2017,IL,RANDOLPH,157,SOYBEANS,"SOYBEANS - YIELD, MEASURED IN BU / ACRE",44.4,BU / ACRE
2018,IL,RANDOLPH,157,SOYBEANS,"SOYBEANS - YIELD, MEASURED IN BU / ACRE",52.1,BU / ACRE
2019,IL,RANDOLPH,157,SOYBEANS,"SOYBEANS - YIELD, MEASURED IN BU / ACRE",41.6,BU / ACRE
2020,IL,RANDOLPH,157,SOYBEANS,"SOYBEANS - YIELD, MEASURED IN BU / ACRE",53.4,BU / ACRE
2021,IL,RANDOLPH,157,SOYBEANS,"SOYBEANS - YIELD, MEASURED IN BU / ACRE",55.3,BU / ACRE
2022,IL,RANDOLPH,157,SOYBEANS,"SOYBEANS - YIELD, MEASURED IN BU / ACRE",50.3,BU / ACRE
2023,IL,RANDOLPH,157,SOYBEANS,"SOYBEANS - YIELD, MEASURED IN BU / ACRE",50.8,BU / ACRE
2024,IL,RANDOLPH,157,SOYBEANS,"SOYBEANS - YIELD, MEASURED IN BU / ACRE",50.3,BU / ACRE
2025,IL,RANDOLPH,157,SOYBEANS,"SOYBEANS - YIELD, MEASURED IN BU / ACRE",43.0,BU / ACRE
2010,IL,RICHLAND,159,SOYBEANS,"SOYBEANS - YIELD, MEASURED IN BU / ACRE",43.5,BU / ACRE
2011,IL,RICHLAND,159,SOYBEANS,"SOYBEANS - YIELD, MEASURED IN BU / ACRE",35.6,BU / ACRE
2012,IL,RICHLAND,159,SOYBEANS,"SOYBEANS - YIELD, MEASURED IN BU / ACRE",27.0,BU / ACRE
2013,IL,RICHLAND,159,SOYBEANS,"SOYBEANS - YIELD, MEASURED IN BU / ACRE",37.2,BU / ACRE
2014,IL,RICHLAND,159,SOYBEANS,"SOYBEANS - YIELD, MEASURED IN BU / ACRE",51.9,BU / ACRE
2015,IL,RICHLAND,159,SOYBEANS,"SOYBEANS - YIELD, MEASURED IN BU / ACRE",48.0,BU / ACRE
2016,IL,RICHLAND,159,SOYBEANS,"SOYBEANS - YIELD, MEASURED IN BU / ACRE",51.8,BU / ACRE
2017,IL,RICHLAND,159,SOYBEANS,"SOYBEANS - YIELD, MEASURED IN BU / ACRE",48.8,BU / ACRE
2018,IL,RICHLAND,159,SOYBEANS,"SOYBEANS - YIELD, MEASURED IN BU / ACRE",56.3,BU / ACRE
2020,IL,RICHLAND,159,SOYBEANS,"SOYBEANS - YIELD, MEASURED IN BU / ACRE",54.0,BU / ACRE
2022,IL,RICHLAND,159,SOYBEANS,"SOYBEANS - YIELD, MEASURED IN BU / ACRE",56.1,BU / ACRE
2023,IL,RICHLAND,159,SOYBEANS,"SOYBEANS - YIELD, MEASURED IN BU / ACRE",58.7,BU / ACRE
2024,IL,RICHLAND,159,SOYBEANS,"SOYBEANS - YIELD, MEASURED IN BU / ACRE",55.3,BU / ACRE
2025,IL,RICHLAND,159,SOYBEANS,"SOYBEANS - YIELD, MEASURED IN BU / ACRE",45.3,BU / ACRE
2010,IL,ROCK ISLAND,161,SOYBEANS,"SOYBEANS - YIELD, MEASURED IN BU / ACRE",49.9,BU / ACRE
2011,IL,ROCK ISLAND,161,SOYBEANS,"SOYBEANS - YIELD, MEASURED IN BU / ACRE",59.4,BU / ACRE
2012,IL,ROCK ISLAND,161,SOYBEANS,"SOYBEANS - YIELD, MEASURED IN BU / ACRE",50.3,BU / ACRE
2013,IL,ROCK ISLAND,161,SOYBEANS,"SOYBEANS - YIELD, MEASURED IN BU / ACRE",46.7,BU / ACRE
2014,IL,ROCK ISLAND,161,SOYBEANS,"SOYBEANS - YIELD, MEASURED IN BU / ACRE",55.3,BU / ACRE
2015,IL,ROCK ISLAND,161,SOYBEANS,"SOYBEANS - YIELD, MEASURED IN BU / ACRE",58.2,BU / ACRE
2016,IL,ROCK ISLAND,161,SOYBEANS,"SOYBEANS - YIELD, MEASURED IN BU / ACRE",58.0,BU / ACRE
2017,IL,ROCK ISLAND,161,SOYBEANS,"SOYBEANS - YIELD, MEASURED IN BU / ACRE",58.6,BU / ACRE
2018,IL,ROCK ISLAND,161,SOYBEANS,"SOYBEANS - YIELD, MEASURED IN BU / ACRE",60.5,BU / ACRE
2020,IL,ROCK ISLAND,161,SOYBEANS,"SOYBEANS - YIELD, MEASURED IN BU / ACRE",61.3,BU / ACRE
2021,IL,ROCK ISLAND,161,SOYBEANS,"SOYBEANS - YIELD, MEASURED IN BU / ACRE",64.6,BU / ACRE
2022,IL,ROCK ISLAND,161,SOYBEANS,"SOYBEANS - YIELD, MEASURED IN BU / ACRE",66.3,BU / ACRE
2023,IL,ROCK ISLAND,161,SOYBEANS,"SOYBEANS - YIELD, MEASURED IN BU / ACRE",63.5,BU / ACRE
2025,IL,ROCK ISLAND,161,SOYBEANS,"SOYBEANS - YIELD, MEASURED IN BU / ACRE",70.4,BU / ACRE
2010,IL,SALINE,165,SOYBEANS,"SOYBEANS - YIELD, MEASURED IN BU / ACRE",39.1,BU / ACRE
2011,IL,SALINE,165,SOYBEANS,"SOYBEANS - YIELD, MEASURED IN BU / ACRE",36.7,BU / ACRE
2012,IL,SALINE,165,SOYBEANS,"SOYBEANS - YIELD, MEASURED IN BU / ACRE",29.9,BU / ACRE
2013,IL,SALINE,165,SOYBEANS,"SOYBEANS - YIELD, MEASURED IN BU / ACRE",47.0,BU / ACRE
2014,IL,SALINE,165,SOYBEANS,"SOYBEANS - YIELD, MEASURED IN BU / ACRE",46.3,BU / ACRE
2016,IL,SALINE,165,SOYBEANS,"SOYBEANS - YIELD, MEASURED IN BU / ACRE",46.8,BU / ACRE
2017,IL,SALINE,165,SOYBEANS,"SOYBEANS - YIELD, MEASURED IN BU / ACRE",49.9,BU / ACRE
2018,IL,SALINE,165,SOYBEANS,"SOYBEANS - YIELD, MEASURED IN BU / ACRE",49.4,BU / ACRE
2020,IL,SALINE,165,SOYBEANS,"SOYBEANS - YIELD, MEASURED IN BU / ACRE",59.0,BU / ACRE
2021,IL,SALINE,165,SOYBEANS,"SOYBEANS - YIELD, MEASURED IN BU / ACRE",59.2,BU / ACRE
2022,IL,SALINE,165,SOYBEANS,"SOYBEANS - YIELD, MEASURED IN BU / ACRE",52.8,BU / ACRE
2023,IL,SALINE,165,SOYBEANS,"SOYBEANS - YIELD, MEASURED IN BU / ACRE",55.3,BU / ACRE
2010,IL,SANGAMON,167,SOYBEANS,"SOYBEANS - YIELD, MEASURED IN BU / ACRE",60.4,BU / ACRE
2011,IL,SANGAMON,167,SOYBEANS,"SOYBEANS - YIELD, MEASURED IN BU / ACRE",56.1,BU / ACRE
2012,IL,SANGAMON,167,SOYBEANS,"SOYBEANS - YIELD, MEASURED IN BU / ACRE",49.5,BU / ACRE
2013,IL,SANGAMON,167,SOYBEANS,"SOYBEANS - YIELD, MEASURED IN BU / ACRE",57.0,BU / ACRE
2014,IL,SANGAMON,167,SOYBEANS,"SOYBEANS - YIELD, MEASURED IN BU / ACRE",63.3,BU / ACRE
2015,IL,SANGAMON,167,SOYBEANS,"SOYBEANS - YIELD, MEASURED IN BU / ACRE",60.7,BU / ACRE
2016,IL,SANGAMON,167,SOYBEANS,"SOYBEANS - YIELD, MEASURED IN BU / ACRE",66.2,BU / ACRE
2017,IL,SANGAMON,167,SOYBEANS,"SOYBEANS - YIELD, MEASURED IN BU / ACRE",70.3,BU / ACRE
2018,IL,SANGAMON,167,SOYBEANS,"SOYBEANS - YIELD, MEASURED IN BU / ACRE",80.4,BU / ACRE
2019,IL,SANGAMON,167,SOYBEANS,"SOYBEANS - YIELD, MEASURED IN BU / ACRE",65.5,BU / ACRE
2020,IL,SANGAMON,167,SOYBEANS,"SOYBEANS - YIELD, MEASURED IN BU / ACRE",68.8,BU / ACRE
2021,IL,SANGAMON,167,SOYBEANS,"SOYBEANS - YIELD, MEASURED IN BU / ACRE",72.1,BU / ACRE
2022,IL,SANGAMON,167,SOYBEANS,"SOYBEANS - YIELD, MEASURED IN BU / ACRE",72.7,BU / ACRE
2023,IL,SANGAMON,167,SOYBEANS,"SOYBEANS - YIELD, MEASURED IN BU / ACRE",72.1,BU / ACRE
2024,IL,SANGAMON,167,SOYBEANS,"SOYBEANS - YIELD, MEASURED IN BU / ACRE",77.3,BU / ACRE
2025,IL,SANGAMON,167,SOYBEANS,"SOYBEANS - YIELD, MEASURED IN BU / ACRE",71.5,BU / ACRE
2010,IL,SCHUYLER,169,SOYBEANS,"SOYBEANS - YIELD, MEASURED IN BU / ACRE",48.6,BU / ACRE
2011,IL,SCHUYLER,169,SOYBEANS,"SOYBEANS - YIELD, MEASURED IN BU / ACRE",45.1,BU / ACRE
2012,IL,SCHUYLER,169,SOYBEANS,"SOYBEANS - YIELD, MEASURED IN BU / ACRE",37.0,BU / ACRE
2013,IL,SCHUYLER,169,SOYBEANS,"SOYBEANS - YIELD, MEASURED IN BU / ACRE",49.8,BU / ACRE
2014,IL,SCHUYLER,169,SOYBEANS,"SOYBEANS - YIELD, MEASURED IN BU / ACRE",52.4,BU / ACRE
2015,IL,SCHUYLER,169,SOYBEANS,"SOYBEANS - YIELD, MEASURED IN BU / ACRE",53.2,BU / ACRE
2016,IL,SCHUYLER,169,SOYBEANS,"SOYBEANS - YIELD, MEASURED IN BU / ACRE",56.9,BU / ACRE
2017,IL,SCHUYLER,169,SOYBEANS,"SOYBEANS - YIELD, MEASURED IN BU / ACRE",58.6,BU / ACRE
2018,IL,SCHUYLER,169,SOYBEANS,"SOYBEANS - YIELD, MEASURED IN BU / ACRE",59.9,BU / ACRE
2020,IL,SCHUYLER,169,SOYBEANS,"SOYBEANS - YIELD, MEASURED IN BU / ACRE",58.1,BU / ACRE
2021,IL,SCHUYLER,169,SOYBEANS,"SOYBEANS - YIELD, MEASURED IN BU / ACRE",63.2,BU / ACRE
2022,IL,SCHUYLER,169,SOYBEANS,"SOYBEANS - YIELD, MEASURED IN BU / ACRE",63.1,BU / ACRE
2023,IL,SCHUYLER,169,SOYBEANS,"SOYBEANS - YIELD, MEASURED IN BU / ACRE",60.4,BU / ACRE
2010,IL,SCOTT,171,SOYBEANS,"SOYBEANS - YIELD, MEASURED IN BU / ACRE",52.3,BU / ACRE
2011,IL,SCOTT,171,SOYBEANS,"SOYBEANS - YIELD, MEASURED IN BU / ACRE",44.4,BU / ACRE
2012,IL,SCOTT,171,SOYBEANS,"SOYBEANS - YIELD, MEASURED IN BU / ACRE",43.5,BU / ACRE
2013,IL,SCOTT,171,SOYBEANS,"SOYBEANS - YIELD, MEASURED IN BU / ACRE",53.3,BU / ACRE
2014,IL,SCOTT,171,SOYBEANS,"SOYBEANS - YIELD, MEASURED IN BU / ACRE",54.6,BU / ACRE
2015,IL,SCOTT,171,SOYBEANS,"SOYBEANS - YIELD, MEASURED IN BU / ACRE",50.7,BU / ACRE
2016,IL,SCOTT,171,SOYBEANS,"SOYBEANS - YIELD, MEASURED IN BU / ACRE",57.9,BU / ACRE
2017,IL,SCOTT,171,SOYBEANS,"SOYBEANS - YIELD, MEASURED IN BU / ACRE",62.9,BU / ACRE
2020,IL,SCOTT,171,SOYBEANS,"SOYBEANS - YIELD, MEASURED IN BU / ACRE",65.1,BU / ACRE
2021,IL,SCOTT,171,SOYBEANS,"SOYBEANS - YIELD, MEASURED IN BU / ACRE",64.9,BU / ACRE
2022,IL,SCOTT,171,SOYBEANS,"SOYBEANS - YIELD, MEASURED IN BU / ACRE",72.1,BU / ACRE
2023,IL,SCOTT,171,SOYBEANS,"SOYBEANS - YIELD, MEASURED IN BU / ACRE",61.8,BU / ACRE
2010,IL,SHELBY,173,SOYBEANS,"SOYBEANS - YIELD, MEASURED IN BU / ACRE",55.4,BU / ACRE
2011,IL,SHELBY,173,SOYBEANS,"SOYBEANS - YIELD, MEASURED IN BU / ACRE",43.7,BU / ACRE
2012,IL,SHELBY,173,SOYBEANS,"SOYBEANS - YIELD, MEASURED IN BU / ACRE",46.1,BU / ACRE
2013,IL,SHELBY,173,SOYBEANS,"SOYBEANS - YIELD, MEASURED IN BU / ACRE",49.0,BU / ACRE
2014,IL,SHELBY,173,SOYBEANS,"SOYBEANS - YIELD, MEASURED IN BU / ACRE",56.5,BU / ACRE
2015,IL,SHELBY,173,SOYBEANS,"SOYBEANS - YIELD, MEASURED IN BU / ACRE",59.6,BU / ACRE
2016,IL,SHELBY,173,SOYBEANS,"SOYBEANS - YIELD, MEASURED IN BU / ACRE",57.5,BU / ACRE
2017,IL,SHELBY,173,SOYBEANS,"SOYBEANS - YIELD, MEASURED IN BU / ACRE",61.0,BU / ACRE
2018,IL,SHELBY,173,SOYBEANS,"SOYBEANS - YIELD, MEASURED IN BU / ACRE",70.4,BU / ACRE
2019,IL,SHELBY,173,SOYBEANS,"SOYBEANS - YIELD, MEASURED IN BU / ACRE",56.2,BU / ACRE
2020,IL,SHELBY,173,SOYBEANS,"SOYBEANS - YIELD, MEASURED IN BU / ACRE",60.4,BU / ACRE
2021,IL,SHELBY,173,SOYBEANS,"SOYBEANS - YIELD, MEASURED IN BU / ACRE",67.3,BU / ACRE
2022,IL,SHELBY,173,SOYBEANS,"SOYBEANS - YIELD, MEASURED IN BU / ACRE",67.1,BU / ACRE
2023,IL,SHELBY,173,SOYBEANS,"SOYBEANS - YIELD, MEASURED IN BU / ACRE",63.2,BU / ACRE
2025,IL,SHELBY,173,SOYBEANS,"SOYBEANS - YIELD, MEASURED IN BU / ACRE",57.9,BU / ACRE
2010,IL,ST CLAIR,163,SOYBEANS,"SOYBEANS - YIELD, MEASURED IN BU / ACRE",50.0,BU / ACRE
2011,IL,ST CLAIR,163,SOYBEANS,"SOYBEANS - YIELD, MEASURED IN BU / ACRE",35.8,BU / ACRE
2012,IL,ST CLAIR,163,SOYBEANS,"SOYBEANS - YIELD, MEASURED IN BU / ACRE",31.6,BU / ACRE
2013,IL,ST CLAIR,163,SOYBEANS,"SOYBEANS - YIELD, MEASURED IN BU / ACRE",39.8,BU / ACRE
2014,IL,ST CLAIR,163,SOYBEANS,"SOYBEANS - YIELD, MEASURED IN BU / ACRE",49.2,BU / ACRE
2015,IL,ST CLAIR,163,SOYBEANS,"SOYBEANS - YIELD, MEASURED IN BU / ACRE",45.8,BU / ACRE
2016,IL,ST CLAIR,163,SOYBEANS,"SOYBEANS - YIELD, MEASURED IN BU / ACRE",52.4,BU / ACRE
2017,IL,ST CLAIR,163,SOYBEANS,"SOYBEANS - YIELD, MEASURED IN BU / ACRE",50.9,BU / ACRE
2018,IL,ST CLAIR,163,SOYBEANS,"SOYBEANS - YIELD, MEASURED IN BU / ACRE",56.0,BU / ACRE
2019,IL,ST CLAIR,163,SOYBEANS,"SOYBEANS - YIELD, MEASURED IN BU / ACRE",53.2,BU / ACRE
2020,IL,ST CLAIR,163,SOYBEANS,"SOYBEANS - YIELD, MEASURED IN BU / ACRE",52.7,BU / ACRE
2021,IL,ST CLAIR,163,SOYBEANS,"SOYBEANS - YIELD, MEASURED IN BU / ACRE",59.6,BU / ACRE
2022,IL,ST CLAIR,163,SOYBEANS,"SOYBEANS - YIELD, MEASURED IN BU / ACRE",53.6,BU / ACRE
2023,IL,ST CLAIR,163,SOYBEANS,"SOYBEANS - YIELD, MEASURED IN BU / ACRE",51.0,BU / ACRE
2024,IL,ST CLAIR,163,SOYBEANS,"SOYBEANS - YIELD, MEASURED IN BU / ACRE",54.9,BU / ACRE
2025,IL,ST CLAIR,163,SOYBEANS,"SOYBEANS - YIELD, MEASURED IN BU / ACRE",42.5,BU / ACRE
2010,IL,STARK,175,SOYBEANS,"SOYBEANS - YIELD, MEASURED IN BU / ACRE",58.2,BU / ACRE
2011,IL,STARK,175,SOYBEANS,"SOYBEANS - YIELD, MEASURED IN BU / ACRE",59.5,BU / ACRE
2012,IL,STARK,175,SOYBEANS,"SOYBEANS - YIELD, MEASURED IN BU / ACRE",51.0,BU / ACRE
2013,IL,STARK,175,SOYBEANS,"SOYBEANS - YIELD, MEASURED IN BU / ACRE",57.2,BU / ACRE
2014,IL,STARK,175,SOYBEANS,"SOYBEANS - YIELD, MEASURED IN BU / ACRE",57.9,BU / ACRE
2015,IL,STARK,175,SOYBEANS,"SOYBEANS - YIELD, MEASURED IN BU / ACRE",62.6,BU / ACRE
2016,IL,STARK,175,SOYBEANS,"SOYBEANS - YIELD, MEASURED IN BU / ACRE",65.2,BU / ACRE
2017,IL,STARK,175,SOYBEANS,"SOYBEANS - YIELD, MEASURED IN BU / ACRE",64.6,BU / ACRE
2019,IL,STARK,175,SOYBEANS,"SOYBEANS - YIELD, MEASURED IN BU / ACRE",58.8,BU / ACRE
2020,IL,STARK,175,SOYBEANS,"SOYBEANS - YIELD, MEASURED IN BU / ACRE",63.0,BU / ACRE
2021,IL,STARK,175,SOYBEANS,"SOYBEANS - YIELD, MEASURED IN BU / ACRE",70.1,BU / ACRE
2022,IL,STARK,175,SOYBEANS,"SOYBEANS - YIELD, MEASURED IN BU / ACRE",70.8,BU / ACRE
2023,IL,STARK,175,SOYBEANS,"SOYBEANS - YIELD, MEASURED IN BU / ACRE",71.7,BU / ACRE
2025,IL,STARK,175,SOYBEANS,"SOYBEANS - YIELD, MEASURED IN BU / ACRE",74.7,BU / ACRE
2010,IL,STEPHENSON,177,SOYBEANS,"SOYBEANS - YIELD, MEASURED IN BU / ACRE",56.1,BU / ACRE
2011,IL,STEPHENSON,177,SOYBEANS,"SOYBEANS - YIELD, MEASURED IN BU / ACRE",60.3,BU / ACRE
2012,IL,STEPHENSON,177,SOYBEANS,"SOYBEANS - YIELD, MEASURED IN BU / ACRE",43.2,BU / ACRE
2013,IL,STEPHENSON,177,SOYBEANS,"SOYBEANS - YIELD, MEASURED IN BU / ACRE",55.8,BU / ACRE
2014,IL,STEPHENSON,177,SOYBEANS,"SOYBEANS - YIELD, MEASURED IN BU / ACRE",57.2,BU / ACRE
2015,IL,STEPHENSON,177,SOYBEANS,"SOYBEANS - YIELD, MEASURED IN BU / ACRE",59.9,BU / ACRE
2016,IL,STEPHENSON,177,SOYBEANS,"SOYBEANS - YIELD, MEASURED IN BU / ACRE",66.3,BU / ACRE
2017,IL,STEPHENSON,177,SOYBEANS,"SOYBEANS - YIELD, MEASURED IN BU / ACRE",59.2,BU / ACRE
2018,IL,STEPHENSON,177,SOYBEANS,"SOYBEANS - YIELD, MEASURED IN BU / ACRE",63.3,BU / ACRE
2019,IL,STEPHENSON,177,SOYBEANS,"SOYBEANS - YIELD, MEASURED IN BU / ACRE",56.4,BU / ACRE
2020,IL,STEPHENSON,177,SOYBEANS,"SOYBEANS - YIELD, MEASURED IN BU / ACRE",64.1,BU / ACRE
2021,IL,STEPHENSON,177,SOYBEANS,"SOYBEANS - YIELD, MEASURED IN BU / ACRE",64.5,BU / ACRE
2022,IL,STEPHENSON,177,SOYBEANS,"SOYBEANS - YIELD, MEASURED IN BU / ACRE",62.3,BU / ACRE
2023,IL,STEPHENSON,177,SOYBEANS,"SOYBEANS - YIELD, MEASURED IN BU / ACRE",62.5,BU / ACRE
2024,IL,STEPHENSON,177,SOYBEANS,"SOYBEANS - YIELD, MEASURED IN BU / ACRE",66.3,BU / ACRE
2025,IL,STEPHENSON,177,SOYBEANS,"SOYBEANS - YIELD, MEASURED IN BU / ACRE",71.7,BU / ACRE
2010,IL,TAZEWELL,179,SOYBEANS,"SOYBEANS - YIELD, MEASURED IN BU / ACRE",58.1,BU / ACRE
2011,IL,TAZEWELL,179,SOYBEANS,"SOYBEANS - YIELD, MEASURED IN BU / ACRE",57.3,BU / ACRE
2012,IL,TAZEWELL,179,SOYBEANS,"SOYBEANS - YIELD, MEASURED IN BU / ACRE",51.5,BU / ACRE
2013,IL,TAZEWELL,179,SOYBEANS,"SOYBEANS - YIELD, MEASURED IN BU / ACRE",54.6,BU / ACRE
2014,IL,TAZEWELL,179,SOYBEANS,"SOYBEANS - YIELD, MEASURED IN BU / ACRE",61.0,BU / ACRE
2015,IL,TAZEWELL,179,SOYBEANS,"SOYBEANS - YIELD, MEASURED IN BU / ACRE",60.4,BU / ACRE
2016,IL,TAZEWELL,179,SOYBEANS,"SOYBEANS - YIELD, MEASURED IN BU / ACRE",65.0,BU / ACRE
2017,IL,TAZEWELL,179,SOYBEANS,"SOYBEANS - YIELD, MEASURED IN BU / ACRE",66.8,BU / ACRE
2018,IL,TAZEWELL,179,SOYBEANS,"SOYBEANS - YIELD, MEASURED IN BU / ACRE",72.1,BU / ACRE
2019,IL,TAZEWELL,179,SOYBEANS,"SOYBEANS - YIELD, MEASURED IN BU / ACRE",63.8,BU / ACRE
2020,IL,TAZEWELL,179,SOYBEANS,"SOYBEANS - YIELD, MEASURED IN BU / ACRE",63.8,BU / ACRE
2021,IL,TAZEWELL,179,SOYBEANS,"SOYBEANS - YIELD, MEASURED IN BU / ACRE",70.8,BU / ACRE
2022,IL,TAZEWELL,179,SOYBEANS,"SOYBEANS - YIELD, MEASURED IN BU / ACRE",71.0,BU / ACRE
2023,IL,TAZEWELL,179,SOYBEANS,"SOYBEANS - YIELD, MEASURED IN BU / ACRE",74.7,BU / ACRE
2024,IL,TAZEWELL,179,SOYBEANS,"SOYBEANS - YIELD, MEASURED IN BU / ACRE",74.9,BU / ACRE
2025,IL,TAZEWELL,179,SOYBEANS,"SOYBEANS - YIELD, MEASURED IN BU / ACRE",76.3,BU / ACRE
2010,IL,UNION,181,SOYBEANS,"SOYBEANS - YIELD, MEASURED IN BU / ACRE",32.8,BU / ACRE
2011,IL,UNION,181,SOYBEANS,"SOYBEANS - YIELD, MEASURED IN BU / ACRE",36.1,BU / ACRE
2012,IL,UNION,181,SOYBEANS,"SOYBEANS - YIELD, MEASURED IN BU / ACRE",30.5,BU / ACRE
2013,IL,UNION,181,SOYBEANS,"SOYBEANS - YIELD, MEASURED IN BU / ACRE",46.2,BU / ACRE
2016,IL,UNION,181,SOYBEANS,"SOYBEANS - YIELD, MEASURED IN BU / ACRE",43.8,BU / ACRE
2017,IL,UNION,181,SOYBEANS,"SOYBEANS - YIELD, MEASURED IN BU / ACRE",51.6,BU / ACRE
2019,IL,UNION,181,SOYBEANS,"SOYBEANS - YIELD, MEASURED IN BU / ACRE",34.0,BU / ACRE
2020,IL,UNION,181,SOYBEANS,"SOYBEANS - YIELD, MEASURED IN BU / ACRE",50.2,BU / ACRE
2021,IL,UNION,181,SOYBEANS,"SOYBEANS - YIELD, MEASURED IN BU / ACRE",44.5,BU / ACRE
2022,IL,UNION,181,SOYBEANS,"SOYBEANS - YIELD, MEASURED IN BU / ACRE",48.0,BU / ACRE
2023,IL,UNION,181,SOYBEANS,"SOYBEANS - YIELD, MEASURED IN BU / ACRE",45.3,BU / ACRE
2010,IL,VERMILION,183,SOYBEANS,"SOYBEANS - YIELD, MEASURED IN BU / ACRE",55.2,BU / ACRE
2011,IL,VERMILION,183,SOYBEANS,"SOYBEANS - YIELD, MEASURED IN BU / ACRE",44.9,BU / ACRE
2012,IL,VERMILION,183,SOYBEANS,"SOYBEANS - YIELD, MEASURED IN BU / ACRE",46.6,BU / ACRE
2013,IL,VERMILION,183,SOYBEANS,"SOYBEANS - YIELD, MEASURED IN BU / ACRE",54.2,BU / ACRE
2014,IL,VERMILION,183,SOYBEANS,"SOYBEANS - YIELD, MEASURED IN BU / ACRE",62.6,BU / ACRE
2015,IL,VERMILION,183,SOYBEANS,"SOYBEANS - YIELD, MEASURED IN BU / ACRE",61.2,BU / ACRE
2016,IL,VERMILION,183,SOYBEANS,"SOYBEANS - YIELD, MEASURED IN BU / ACRE",64.6,BU / ACRE
2017,IL,VERMILION,183,SOYBEANS,"SOYBEANS - YIELD, MEASURED IN BU / ACRE",64.9,BU / ACRE
2018,IL,VERMILION,183,SOYBEANS,"SOYBEANS - YIELD, MEASURED IN BU / ACRE",71.7,BU / ACRE
2020,IL,VERMILION,183,SOYBEANS,"SOYBEANS - YIELD, MEASURED IN BU / ACRE",61.8,BU / ACRE
2021,IL,VERMILION,183,SOYBEANS,"SOYBEANS - YIELD, MEASURED IN BU / ACRE",67.4,BU / ACRE
2022,IL,VERMILION,183,SOYBEANS,"SOYBEANS - YIELD, MEASURED IN BU / ACRE",67.6,BU / ACRE
2023,IL,VERMILION,183,SOYBEANS,"SOYBEANS - YIELD, MEASURED IN BU / ACRE",68.4,BU / ACRE
2024,IL,VERMILION,183,SOYBEANS,"SOYBEANS - YIELD, MEASURED IN BU / ACRE",70.6,BU / ACRE
2025,IL,VERMILION,183,SOYBEANS,"SOYBEANS - YIELD, MEASURED IN BU / ACRE",69.4,BU / ACRE
2010,IL,WABASH,185,SOYBEANS,"SOYBEANS - YIELD, MEASURED IN BU / ACRE",44.6,BU / ACRE
2011,IL,WABASH,185,SOYBEANS,"SOYBEANS - YIELD, MEASURED IN BU / ACRE",45.6,BU / ACRE
2012,IL,WABASH,185,SOYBEANS,"SOYBEANS - YIELD, MEASURED IN BU / ACRE",41.1,BU / ACRE
2013,IL,WABASH,185,SOYBEANS,"SOYBEANS - YIELD, MEASURED IN BU / ACRE",46.7,BU / ACRE
2014,IL,WABASH,185,SOYBEANS,"SOYBEANS - YIELD, MEASURED IN BU / ACRE",51.8,BU / ACRE
2015,IL,WABASH,185,SOYBEANS,"SOYBEANS - YIELD, MEASURED IN BU / ACRE",49.1,BU / ACRE
2016,IL,WABASH,185,SOYBEANS,"SOYBEANS - YIELD, MEASURED IN BU / ACRE",55.2,BU / ACRE
2017,IL,WABASH,185,SOYBEANS,"SOYBEANS - YIELD, MEASURED IN BU / ACRE",54.4,BU / ACRE
2020,IL,WABASH,185,SOYBEANS,"SOYBEANS - YIELD, MEASURED IN BU / ACRE",54.5,BU / ACRE
2021,IL,WABASH,185,SOYBEANS,"SOYBEANS - YIELD, MEASURED IN BU / ACRE",60.8,BU / ACRE
2022,IL,WABASH,185,SOYBEANS,"SOYBEANS - YIELD, MEASURED IN BU / ACRE",58.1,BU / ACRE
2023,IL,WABASH,185,SOYBEANS,"SOYBEANS - YIELD, MEASURED IN BU / ACRE",60.2,BU / ACRE
2024,IL,WABASH,185,SOYBEANS,"SOYBEANS - YIELD, MEASURED IN BU / ACRE",53.3,BU / ACRE
2025,IL,WABASH,185,SOYBEANS,"SOYBEANS - YIELD, MEASURED IN BU / ACRE",51.6,BU / ACRE
2010,IL,WARREN,187,SOYBEANS,"SOYBEANS - YIELD, MEASURED IN BU / ACRE",55.2,BU / ACRE
2011,IL,WARREN,187,SOYBEANS,"SOYBEANS - YIELD, MEASURED IN BU / ACRE",58.8,BU / ACRE
2012,IL,WARREN,187,SOYBEANS,"SOYBEANS - YIELD, MEASURED IN BU / ACRE",57.2,BU / ACRE
2013,IL,WARREN,187,SOYBEANS,"SOYBEANS - YIELD, MEASURED IN BU / ACRE",54.7,BU / ACRE
2014,IL,WARREN,187,SOYBEANS,"SOYBEANS - YIELD, MEASURED IN BU / ACRE",57.5,BU / ACRE
2015,IL,WARREN,187,SOYBEANS,"SOYBEANS - YIELD, MEASURED IN BU / ACRE",60.5,BU / ACRE
2016,IL,WARREN,187,SOYBEANS,"SOYBEANS - YIELD, MEASURED IN BU / ACRE",62.6,BU / ACRE
2017,IL,WARREN,187,SOYBEANS,"SOYBEANS - YIELD, MEASURED IN BU / ACRE",63.3,BU / ACRE
2018,IL,WARREN,187,SOYBEANS,"SOYBEANS - YIELD, MEASURED IN BU / ACRE",67.5,BU / ACRE
2019,IL,WARREN,187,SOYBEANS,"SOYBEANS - YIELD, MEASURED IN BU / ACRE",58.5,BU / ACRE
2020,IL,WARREN,187,SOYBEANS,"SOYBEANS - YIELD, MEASURED IN BU / ACRE",66.6,BU / ACRE
2022,IL,WARREN,187,SOYBEANS,"SOYBEANS - YIELD, MEASURED IN BU / ACRE",64.5,BU / ACRE
2010,IL,WASHINGTON,189,SOYBEANS,"SOYBEANS - YIELD, MEASURED IN BU / ACRE",45.7,BU / ACRE
2011,IL,WASHINGTON,189,SOYBEANS,"SOYBEANS - YIELD, MEASURED IN BU / ACRE",31.2,BU / ACRE
2012,IL,WASHINGTON,189,SOYBEANS,"SOYBEANS - YIELD, MEASURED IN BU / ACRE",22.2,BU / ACRE
2013,IL,WASHINGTON,189,SOYBEANS,"SOYBEANS - YIELD, MEASURED IN BU / ACRE",36.8,BU / ACRE
2014,IL,WASHINGTON,189,SOYBEANS,"SOYBEANS - YIELD, MEASURED IN BU / ACRE",47.8,BU / ACRE
2015,IL,WASHINGTON,189,SOYBEANS,"SOYBEANS - YIELD, MEASURED IN BU / ACRE",43.5,BU / ACRE
2016,IL,WASHINGTON,189,SOYBEANS,"SOYBEANS - YIELD, MEASURED IN BU / ACRE",48.8,BU / ACRE
2017,IL,WASHINGTON,189,SOYBEANS,"SOYBEANS - YIELD, MEASURED IN BU / ACRE",48.3,BU / ACRE
2018,IL,WASHINGTON,189,SOYBEANS,"SOYBEANS - YIELD, MEASURED IN BU / ACRE",57.4,BU / ACRE
2019,IL,WASHINGTON,189,SOYBEANS,"SOYBEANS - YIELD, MEASURED IN BU / ACRE",43.9,BU / ACRE
2020,IL,WASHINGTON,189,SOYBEANS,"SOYBEANS - YIELD, MEASURED IN BU / ACRE",51.8,BU / ACRE
2021,IL,WASHINGTON,189,SOYBEANS,"SOYBEANS - YIELD, MEASURED IN BU / ACRE",58.7,BU / ACRE
2022,IL,WASHINGTON,189,SOYBEANS,"SOYBEANS - YIELD, MEASURED IN BU / ACRE",50.5,BU / ACRE
2023,IL,WASHINGTON,189,SOYBEANS,"SOYBEANS - YIELD, MEASURED IN BU / ACRE",48.4,BU / ACRE
2024,IL,WASHINGTON,189,SOYBEANS,"SOYBEANS - YIELD, MEASURED IN BU / ACRE",55.2,BU / ACRE
2025,IL,WASHINGTON,189,SOYBEANS,"SOYBEANS - YIELD, MEASURED IN BU / ACRE",38.8,BU / ACRE
2010,IL,WAYNE,191,SOYBEANS,"SOYBEANS - YIELD, MEASURED IN BU / ACRE",44.2,BU / ACRE
2011,IL,WAYNE,191,SOYBEANS,"SOYBEANS - YIELD, MEASURED IN BU / ACRE",34.9,BU / ACRE
2012,IL,WAYNE,191,SOYBEANS,"SOYBEANS - YIELD, MEASURED IN BU / ACRE",27.2,BU / ACRE
2013,IL,WAYNE,191,SOYBEANS,"SOYBEANS - YIELD, MEASURED IN BU / ACRE",42.3,BU / ACRE
2014,IL,WAYNE,191,SOYBEANS,"SOYBEANS - YIELD, MEASURED IN BU / ACRE",51.1,BU / ACRE
2015,IL,WAYNE,191,SOYBEANS,"SOYBEANS - YIELD, MEASURED IN BU / ACRE",44.1,BU / ACRE
2016,IL,WAYNE,191,SOYBEANS,"SOYBEANS - YIELD, MEASURED IN BU / ACRE",48.3,BU / ACRE
2017,IL,WAYNE,191,SOYBEANS,"SOYBEANS - YIELD, MEASURED IN BU / ACRE",47.5,BU / ACRE
2018,IL,WAYNE,191,SOYBEANS,"SOYBEANS - YIELD, MEASURED IN BU / ACRE",52.9,BU / ACRE
2019,IL,WAYNE,191,SOYBEANS,"SOYBEANS - YIELD, MEASURED IN BU / ACRE",43.4,BU / ACRE
2020,IL,WAYNE,191,SOYBEANS,"SOYBEANS - YIELD, MEASURED IN BU / ACRE",52.0,BU / ACRE
2022,IL,WAYNE,191,SOYBEANS,"SOYBEANS - YIELD, MEASURED IN BU / ACRE",56.4,BU / ACRE
2023,IL,WAYNE,191,SOYBEANS,"SOYBEANS - YIELD, MEASURED IN BU / ACRE",56.9,BU / ACRE
2024,IL,WAYNE,191,SOYBEANS,"SOYBEANS - YIELD, MEASURED IN BU / ACRE",49.6,BU / ACRE
2025,IL,WAYNE,191,SOYBEANS,"SOYBEANS - YIELD, MEASURED IN BU / ACRE",50.3,BU / ACRE
2010,IL,WHITE,193,SOYBEANS,"SOYBEANS - YIELD, MEASURED IN BU / ACRE",46.0,BU / ACRE
2011,IL,WHITE,193,SOYBEANS,"SOYBEANS - YIELD, MEASURED IN BU / ACRE",41.0,BU / ACRE
2012,IL,WHITE,193,SOYBEANS,"SOYBEANS - YIELD, MEASURED IN BU / ACRE",36.8,BU / ACRE
2013,IL,WHITE,193,SOYBEANS,"SOYBEANS - YIELD, MEASURED IN BU / ACRE",44.4,BU / ACRE
2014,IL,WHITE,193,SOYBEANS,"SOYBEANS - YIELD, MEASURED IN BU / ACRE",49.7,BU / ACRE
2015,IL,WHITE,193,SOYBEANS,"SOYBEANS - YIELD, MEASURED IN BU / ACRE",47.7,BU / ACRE
2016,IL,WHITE,193,SOYBEANS,"SOYBEANS - YIELD, MEASURED IN BU / ACRE",47.0,BU / ACRE
2017,IL,WHITE,193,SOYBEANS,"SOYBEANS - YIELD, MEASURED IN BU / ACRE",52.8,BU / ACRE
2018,IL,WHITE,193,SOYBEANS,"SOYBEANS - YIELD, MEASURED IN BU / ACRE",53.0,BU / ACRE
2019,IL,WHITE,193,SOYBEANS,"SOYBEANS - YIELD, MEASURED IN BU / ACRE",46.6,BU / ACRE
2020,IL,WHITE,193,SOYBEANS,"SOYBEANS - YIELD, MEASURED IN BU / ACRE",55.0,BU / ACRE
2021,IL,WHITE,193,SOYBEANS,"SOYBEANS - YIELD, MEASURED IN BU / ACRE",63.4,BU / ACRE
2022,IL,WHITE,193,SOYBEANS,"SOYBEANS - YIELD, MEASURED IN BU / ACRE",54.5,BU / ACRE
2023,IL,WHITE,193,SOYBEANS,"SOYBEANS - YIELD, MEASURED IN BU / ACRE",60.1,BU / ACRE
2024,IL,WHITE,193,SOYBEANS,"SOYBEANS - YIELD, MEASURED IN BU / ACRE",54.9,BU / ACRE
2010,IL,WHITESIDE,195,SOYBEANS,"SOYBEANS - YIELD, MEASURED IN BU / ACRE",51.9,BU / ACRE
2011,IL,WHITESIDE,195,SOYBEANS,"SOYBEANS - YIELD, MEASURED IN BU / ACRE",54.6,BU / ACRE
2012,IL,WHITESIDE,195,SOYBEANS,"SOYBEANS - YIELD, MEASURED IN BU / ACRE",52.8,BU / ACRE
2013,IL,WHITESIDE,195,SOYBEANS,"SOYBEANS - YIELD, MEASURED IN BU / ACRE",50.5,BU / ACRE
2014,IL,WHITESIDE,195,SOYBEANS,"SOYBEANS - YIELD, MEASURED IN BU / ACRE",58.7,BU / ACRE
2015,IL,WHITESIDE,195,SOYBEANS,"SOYBEANS - YIELD, MEASURED IN BU / ACRE",60.7,BU / ACRE
2016,IL,WHITESIDE,195,SOYBEANS,"SOYBEANS - YIELD, MEASURED IN BU / ACRE",60.8,BU / ACRE
2017,IL,WHITESIDE,195,SOYBEANS,"SOYBEANS - YIELD, MEASURED IN BU / ACRE",58.7,BU / ACRE
2018,IL,WHITESIDE,195,SOYBEANS,"SOYBEANS - YIELD, MEASURED IN BU / ACRE",62.7,BU / ACRE
2021,IL,WHITESIDE,195,SOYBEANS,"SOYBEANS - YIELD, MEASURED IN BU / ACRE",67.0,BU / ACRE
2022,IL,WHITESIDE,195,SOYBEANS,"SOYBEANS - YIELD, MEASURED IN BU / ACRE",66.4,BU / ACRE
2023,IL,WHITESIDE,195,SOYBEANS,"SOYBEANS - YIELD, MEASURED IN BU / ACRE",61.4,BU / ACRE
2024,IL,WHITESIDE,195,SOYBEANS,"SOYBEANS - YIELD, MEASURED IN BU / ACRE",70.1,BU / ACRE
2025,IL,WHITESIDE,195,SOYBEANS,"SOYBEANS - YIELD, MEASURED IN BU / ACRE",71.7,BU / ACRE
2010,IL,WILL,197,SOYBEANS,"SOYBEANS - YIELD, MEASURED IN BU / ACRE",47.0,BU / ACRE
2011,IL,WILL,197,SOYBEANS,"SOYBEANS - YIELD, MEASURED IN BU / ACRE",51.1,BU / ACRE
2012,IL,WILL,197,SOYBEANS,"SOYBEANS - YIELD, MEASURED IN BU / ACRE",43.8,BU / ACRE
2013,IL,WILL,197,SOYBEANS,"SOYBEANS - YIELD, MEASURED IN BU / ACRE",46.7,BU / ACRE
2014,IL,WILL,197,SOYBEANS,"SOYBEANS - YIELD, MEASURED IN BU / ACRE",56.4,BU / ACRE
2015,IL,WILL,197,SOYBEANS,"SOYBEANS - YIELD, MEASURED IN BU / ACRE",49.8,BU / ACRE
2016,IL,WILL,197,SOYBEANS,"SOYBEANS - YIELD, MEASURED IN BU / ACRE",55.2,BU / ACRE
2017,IL,WILL,197,SOYBEANS,"SOYBEANS - YIELD, MEASURED IN BU / ACRE",50.9,BU / ACRE
2018,IL,WILL,197,SOYBEANS,"SOYBEANS - YIELD, MEASURED IN BU / ACRE",57.8,BU / ACRE
2019,IL,WILL,197,SOYBEANS,"SOYBEANS - YIELD, MEASURED IN BU / ACRE",47.8,BU / ACRE
2020,IL,WILL,197,SOYBEANS,"SOYBEANS - YIELD, MEASURED IN BU / ACRE",54.5,BU / ACRE
2021,IL,WILL,197,SOYBEANS,"SOYBEANS - YIELD, MEASURED IN BU / ACRE",58.4,BU / ACRE
2022,IL,WILL,197,SOYBEANS,"SOYBEANS - YIELD, MEASURED IN BU / ACRE",57.2,BU / ACRE
2023,IL,WILL,197,SOYBEANS,"SOYBEANS - YIELD, MEASURED IN BU / ACRE",57.7,BU / ACRE
2024,IL,WILL,197,SOYBEANS,"SOYBEANS - YIELD, MEASURED IN BU / ACRE",54.9,BU / ACRE
2010,IL,WILLIAMSON,199,SOYBEANS,"SOYBEANS - YIELD, MEASURED IN BU / ACRE",34.8,BU / ACRE
2011,IL,WILLIAMSON,199,SOYBEANS,"SOYBEANS - YIELD, MEASURED IN BU / ACRE",31.9,BU / ACRE
2012,IL,WILLIAMSON,199,SOYBEANS,"SOYBEANS - YIELD, MEASURED IN BU / ACRE",29.5,BU / ACRE
2013,IL,WILLIAMSON,199,SOYBEANS,"SOYBEANS - YIELD, MEASURED IN BU / ACRE",43.5,BU / ACRE
2014,IL,WILLIAMSON,199,SOYBEANS,"SOYBEANS - YIELD, MEASURED IN BU / ACRE",42.0,BU / ACRE
2015,IL,WILLIAMSON,199,SOYBEANS,"SOYBEANS - YIELD, MEASURED IN BU / ACRE",46.0,BU / ACRE
2016,IL,WILLIAMSON,199,SOYBEANS,"SOYBEANS - YIELD, MEASURED IN BU / ACRE",42.5,BU / ACRE
2017,IL,WILLIAMSON,199,SOYBEANS,"SOYBEANS - YIELD, MEASURED IN BU / ACRE",47.2,BU / ACRE
2018,IL,WILLIAMSON,199,SOYBEANS,"SOYBEANS - YIELD, MEASURED IN BU / ACRE",45.6,BU / ACRE
2020,IL,WILLIAMSON,199,SOYBEANS,"SOYBEANS - YIELD, MEASURED IN BU / ACRE",52.8,BU / ACRE
2022,IL,WILLIAMSON,199,SOYBEANS,"SOYBEANS - YIELD, MEASURED IN BU / ACRE",45.9,BU / ACRE
2023,IL,WILLIAMSON,199,SOYBEANS,"SOYBEANS - YIELD, MEASURED IN BU / ACRE",49.9,BU / ACRE
2024,IL,WILLIAMSON,199,SOYBEANS,"SOYBEANS - YIELD, MEASURED IN BU / ACRE",43.0,BU / ACRE
2025,IL,WILLIAMSON,199,SOYBEANS,"SOYBEANS - YIELD, MEASURED IN BU / ACRE",36.9,BU / ACRE
2010,IL,WINNEBAGO,201,SOYBEANS,"SOYBEANS - YIELD, MEASURED IN BU / ACRE",54.8,BU / ACRE
2011,IL,WINNEBAGO,201,SOYBEANS,"SOYBEANS - YIELD, MEASURED IN BU / ACRE",52.5,BU / ACRE
2012,IL,WINNEBAGO,201,SOYBEANS,"SOYBEANS - YIELD, MEASURED IN BU / ACRE",39.4,BU / ACRE
2013,IL,WINNEBAGO,201,SOYBEANS,"SOYBEANS - YIELD, MEASURED IN BU / ACRE",52.7,BU / ACRE
2014,IL,WINNEBAGO,201,SOYBEANS,"SOYBEANS - YIELD, MEASURED IN BU / ACRE",52.6,BU / ACRE
2015,IL,WINNEBAGO,201,SOYBEANS,"SOYBEANS - YIELD, MEASURED IN BU / ACRE",54.9,BU / ACRE
2016,IL,WINNEBAGO,201,SOYBEANS,"SOYBEANS - YIELD, MEASURED IN BU / ACRE",58.7,BU / ACRE
2017,IL,WINNEBAGO,201,SOYBEANS,"SOYBEANS - YIELD, MEASURED IN BU / ACRE",47.2,BU / ACRE
2018,IL,WINNEBAGO,201,SOYBEANS,"SOYBEANS - YIELD, MEASURED IN BU / ACRE",56.4,BU / ACRE
2019,IL,WINNEBAGO,201,SOYBEANS,"SOYBEANS - YIELD, MEASURED IN BU / ACRE",55.8,BU / ACRE
2020,IL,WINNEBAGO,201,SOYBEANS,"SOYBEANS - YIELD, MEASURED IN BU / ACRE",56.7,BU / ACRE
2021,IL,WINNEBAGO,201,SOYBEANS,"SOYBEANS - YIELD, MEASURED IN BU / ACRE",56.9,BU / ACRE
2022,IL,WINNEBAGO,201,SOYBEANS,"SOYBEANS - YIELD, MEASURED IN BU / ACRE",62.8,BU / ACRE
2023,IL,WINNEBAGO,201,SOYBEANS,"SOYBEANS - YIELD, MEASURED IN BU / ACRE",52.4,BU / ACRE
2024,IL,WINNEBAGO,201,SOYBEANS,"SOYBEANS - YIELD, MEASURED IN BU / ACRE",59.8,BU / ACRE
2025,IL,WINNEBAGO,201,SOYBEANS,"SOYBEANS - YIELD, MEASURED IN BU / ACRE",65.9,BU / ACRE
2010,IL,WOODFORD,203,SOYBEANS,"SOYBEANS - YIELD, MEASURED IN BU / ACRE",56.1,BU / ACRE
2011,IL,WOODFORD,203,SOYBEANS,"SOYBEANS - YIELD, MEASURED IN BU / ACRE",60.5,BU / ACRE
2012,IL,WOODFORD,203,SOYBEANS,"SOYBEANS - YIELD, MEASURED IN BU / ACRE",46.5,BU / ACRE
2013,IL,WOODFORD,203,SOYBEANS,"SOYBEANS - YIELD, MEASURED IN BU / ACRE",56.9,BU / ACRE
2014,IL,WOODFORD,203,SOYBEANS,"SOYBEANS - YIELD, MEASURED IN BU / ACRE",61.4,BU / ACRE
2015,IL,WOODFORD,203,SOYBEANS,"SOYBEANS - YIELD, MEASURED IN BU / ACRE",63.4,BU / ACRE
2016,IL,WOODFORD,203,SOYBEANS,"SOYBEANS - YIELD, MEASURED IN BU / ACRE",67.0,BU / ACRE
2017,IL,WOODFORD,203,SOYBEANS,"SOYBEANS - YIELD, MEASURED IN BU / ACRE",60.4,BU / ACRE
2018,IL,WOODFORD,203,SOYBEANS,"SOYBEANS - YIELD, MEASURED IN BU / ACRE",64.7,BU / ACRE
2019,IL,WOODFORD,203,SOYBEANS,"SOYBEANS - YIELD, MEASURED IN BU / ACRE",61.4,BU / ACRE
2020,IL,WOODFORD,203,SOYBEANS,"SOYBEANS - YIELD, MEASURED IN BU / ACRE",63.3,BU / ACRE
2021,IL,WOODFORD,203,SOYBEANS,"SOYBEANS - YIELD, MEASURED IN BU / ACRE",68.1,BU / ACRE
2022,IL,WOODFORD,203,SOYBEANS,"SOYBEANS - YIELD, MEASURED IN BU / ACRE",69.1,BU / ACRE
2023,IL,WOODFORD,203,SOYBEANS,"SOYBEANS - YIELD, MEASURED IN BU / ACRE",67.4,BU / ACRE
2024,IL,WOODFORD,203,SOYBEANS,"SOYBEANS - YIELD, MEASURED IN BU / ACRE",74.4,BU / ACRE
2025,IL,WOODFORD,203,SOYBEANS,"SOYBEANS - YIELD, MEASURED IN BU / ACRE",72.4,BU / ACRE
2010,NE,ADAMS,001,SOYBEANS,"SOYBEANS - YIELD, MEASURED IN BU / ACRE",58.9,BU / ACRE
2010,NE,ADAMS,001,SOYBEANS,"SOYBEANS, IRRIGATED - YIELD, MEASURED IN BU / ACRE",62.0,BU / ACRE
2010,NE,ADAMS,001,SOYBEANS,"SOYBEANS, NON-IRRIGATED - YIELD, MEASURED IN BU / ACRE",46.7,BU / ACRE
2011,NE,ADAMS,001,SOYBEANS,"SOYBEANS - YIELD, MEASURED IN BU / ACRE",65.7,BU / ACRE
2011,NE,ADAMS,001,SOYBEANS,"SOYBEANS, IRRIGATED - YIELD, MEASURED IN BU / ACRE",67.4,BU / ACRE
2011,NE,ADAMS,001,SOYBEANS,"SOYBEANS, NON-IRRIGATED - YIELD, MEASURED IN BU / ACRE",58.4,BU / ACRE
2012,NE,ADAMS,001,SOYBEANS,"SOYBEANS - YIELD, MEASURED IN BU / ACRE",56.8,BU / ACRE
2012,NE,ADAMS,001,SOYBEANS,"SOYBEANS, IRRIGATED - YIELD, MEASURED IN BU / ACRE",66.0,BU / ACRE
2012,NE,ADAMS,001,SOYBEANS,"SOYBEANS, NON-IRRIGATED - YIELD, MEASURED IN BU / ACRE",22.6,BU / ACRE
2013,NE,ADAMS,001,SOYBEANS,"SOYBEANS - YIELD, MEASURED IN BU / ACRE",57.0,BU / ACRE
2013,NE,ADAMS,001,SOYBEANS,"SOYBEANS, IRRIGATED - YIELD, MEASURED IN BU / ACRE",60.4,BU / ACRE
2013,NE,ADAMS,001,SOYBEANS,"SOYBEANS, NON-IRRIGATED - YIELD, MEASURED IN BU / ACRE",40.5,BU / ACRE
2014,NE,ADAMS,001,SOYBEANS,"SOYBEANS - YIELD, MEASURED IN BU / ACRE",55.9,BU / ACRE
2014,NE,ADAMS,001,SOYBEANS,"SOYBEANS, IRRIGATED - YIELD, MEASURED IN BU / ACRE",59.1,BU / ACRE
2014,NE,ADAMS,001,SOYBEANS,"SOYBEANS, NON-IRRIGATED - YIELD, MEASURED IN BU / ACRE",37.9,BU / ACRE
2015,NE,ADAMS,001,SOYBEANS,"SOYBEANS - YIELD, MEASURED IN BU / ACRE",66.0,BU / ACRE
2015,NE,ADAMS,001,SOYBEANS,"SOYBEANS, IRRIGATED - YIELD, MEASURED IN BU / ACRE",69.7,BU / ACRE
2015,NE,ADAMS,001,SOYBEANS,"SOYBEANS, NON-IRRIGATED - YIELD, MEASURED IN BU / ACRE",44.3,BU / ACRE
2016,NE,ADAMS,001,SOYBEANS,"SOYBEANS - YIELD, MEASURED IN BU / ACRE",65.2,BU / ACRE
2016,NE,ADAMS,001,SOYBEANS,"SOYBEANS, IRRIGATED - YIELD, MEASURED IN BU / ACRE",69.8,BU / ACRE
2016,NE,ADAMS,001,SOYBEANS,"SOYBEANS, NON-IRRIGATED - YIELD, MEASURED IN BU / ACRE",41.9,BU / ACRE
2017,NE,ADAMS,001,SOYBEANS,"SOYBEANS - YIELD, MEASURED IN BU / ACRE",66.2,BU / ACRE
2018,NE,ADAMS,001,SOYBEANS,"SOYBEANS - YIELD, MEASURED IN BU / ACRE",66.0,BU / ACRE
2019,NE,ADAMS,001,SOYBEANS,"SOYBEANS - YIELD, MEASURED IN BU / ACRE",62.4,BU / ACRE
2020,NE,ADAMS,001,SOYBEANS,"SOYBEANS - YIELD, MEASURED IN BU / ACRE",63.0,BU / ACRE
2021,NE,ADAMS,001,SOYBEANS,"SOYBEANS - YIELD, MEASURED IN BU / ACRE",71.1,BU / ACRE
2022,NE,ADAMS,001,SOYBEANS,"SOYBEANS - YIELD, MEASURED IN BU / ACRE",62.7,BU / ACRE
2023,NE,ADAMS,001,SOYBEANS,"SOYBEANS - YIELD, MEASURED IN BU / ACRE",62.0,BU / ACRE
2024,NE,ADAMS,001,SOYBEANS,"SOYBEANS - YIELD, MEASURED IN BU / ACRE",67.7,BU / ACRE
2010,NE,ANTELOPE,003,SOYBEANS,"SOYBEANS - YIELD, MEASURED IN BU / ACRE",56.3,BU / ACRE
2010,NE,ANTELOPE,003,SOYBEANS,"SOYBEANS, IRRIGATED - YIELD, MEASURED IN BU / ACRE",60.0,BU / ACRE
2010,NE,ANTELOPE,003,SOYBEANS,"SOYBEANS, NON-IRRIGATED - YIELD, MEASURED IN BU / ACRE",41.6,BU / ACRE
2011,NE,ANTELOPE,003,SOYBEANS,"SOYBEANS - YIELD, MEASURED IN BU / ACRE",53.4,BU / ACRE
2011,NE,ANTELOPE,003,SOYBEANS,"SOYBEANS, IRRIGATED - YIELD, MEASURED IN BU / ACRE",56.5,BU / ACRE
2011,NE,ANTELOPE,003,SOYBEANS,"SOYBEANS, NON-IRRIGATED - YIELD, MEASURED IN BU / ACRE",41.7,BU / ACRE
2012,NE,ANTELOPE,003,SOYBEANS,"SOYBEANS - YIELD, MEASURED IN BU / ACRE",52.5,BU / ACRE
2012,NE,ANTELOPE,003,SOYBEANS,"SOYBEANS, IRRIGATED - YIELD, MEASURED IN BU / ACRE",61.2,BU / ACRE
2012,NE,ANTELOPE,003,SOYBEANS,"SOYBEANS, NON-IRRIGATED - YIELD, MEASURED IN BU / ACRE",17.8,BU / ACRE
2013,NE,ANTELOPE,003,SOYBEANS,"SOYBEANS - YIELD, MEASURED IN BU / ACRE",56.1,BU / ACRE
2013,NE,ANTELOPE,003,SOYBEANS,"SOYBEANS, IRRIGATED - YIELD, MEASURED IN BU / ACRE",60.6,BU / ACRE
2013,NE,ANTELOPE,003,SOYBEANS,"SOYBEANS, NON-IRRIGATED - YIELD, MEASURED IN BU / ACRE",38.0,BU / ACRE
2014,NE,ANTELOPE,003,SOYBEANS,"SOYBEANS - YIELD, MEASURED IN BU / ACRE",57.7,BU / ACRE
2014,NE,ANTELOPE,003,SOYBEANS,"SOYBEANS, IRRIGATED - YIELD, MEASURED IN BU / ACRE",59.0,BU / ACRE
2014,NE,ANTELOPE,003,SOYBEANS,"SOYBEANS, NON-IRRIGATED - YIELD, MEASURED IN BU / ACRE",51.7,BU / ACRE
2015,NE,ANTELOPE,003,SOYBEANS,"SOYBEANS - YIELD, MEASURED IN BU / ACRE",61.7,BU / ACRE
2015,NE,ANTELOPE,003,SOYBEANS,"SOYBEANS, IRRIGATED - YIELD, MEASURED IN BU / ACRE",63.5,BU / ACRE
2015,NE,ANTELOPE,003,SOYBEANS,"SOYBEANS, NON-IRRIGATED - YIELD, MEASURED IN BU / ACRE",53.4,BU / ACRE
2016,NE,ANTELOPE,003,SOYBEANS,"SOYBEANS - YIELD, MEASURED IN BU / ACRE",63.7,BU / ACRE
2016,NE,ANTELOPE,003,SOYBEANS,"SOYBEANS, IRRIGATED - YIELD, MEASURED IN BU / ACRE",66.7,BU / ACRE
2016,NE,ANTELOPE,003,SOYBEANS,"SOYBEANS, NON-IRRIGATED - YIELD, MEASURED IN BU / ACRE",50.7,BU / ACRE
2017,NE,ANTELOPE,003,SOYBEANS,"SOYBEANS - YIELD, MEASURED IN BU / ACRE",60.1,BU / ACRE
2017,NE,ANTELOPE,003,SOYBEANS,"SOYBEANS, IRRIGATED - YIELD, MEASURED IN BU / ACRE",63.6,BU / ACRE
2017,NE,ANTELOPE,003,SOYBEANS,"SOYBEANS, NON-IRRIGATED - YIELD, MEASURED IN BU / ACRE",44.0,BU / ACRE
2018,NE,ANTELOPE,003,SOYBEANS,"SOYBEANS - YIELD, MEASURED IN BU / ACRE",59.6,BU / ACRE
2020,NE,ANTELOPE,003,SOYBEANS,"SOYBEANS - YIELD, MEASURED IN BU / ACRE",64.4,BU / ACRE
2023,NE,ANTELOPE,003,SOYBEANS,"SOYBEANS - YIELD, MEASURED IN BU / ACRE",59.6,BU / ACRE
2024,NE,ANTELOPE,003,SOYBEANS,"SOYBEANS - YIELD, MEASURED IN BU / ACRE",61.5,BU / ACRE
2010,NE,BOONE,011,SOYBEANS,"SOYBEANS - YIELD, MEASURED IN BU / ACRE",54.9,BU / ACRE
2010,NE,BOONE,011,SOYBEANS,"SOYBEANS, IRRIGATED - YIELD, MEASURED IN BU / ACRE",58.2,BU / ACRE
2010,NE,BOONE,011,SOYBEANS,"SOYBEANS, NON-IRRIGATED - YIELD, MEASURED IN BU / ACRE",48.3,BU / ACRE
2011,NE,BOONE,011,SOYBEANS,"SOYBEANS - YIELD, MEASURED IN BU / ACRE",54.4,BU / ACRE
2011,NE,BOONE,011,SOYBEANS,"SOYBEANS, IRRIGATED - YIELD, MEASURED IN BU / ACRE",56.7,BU / ACRE
2011,NE,BOONE,011,SOYBEANS,"SOYBEANS, NON-IRRIGATED - YIELD, MEASURED IN BU / ACRE",50.3,BU / ACRE
2012,NE,BOONE,011,SOYBEANS,"SOYBEANS - YIELD, MEASURED IN BU / ACRE",43.9,BU / ACRE
2012,NE,BOONE,011,SOYBEANS,"SOYBEANS, IRRIGATED - YIELD, MEASURED IN BU / ACRE",56.6,BU / ACRE
2012,NE,BOONE,011,SOYBEANS,"SOYBEANS, NON-IRRIGATED - YIELD, MEASURED IN BU / ACRE",18.7,BU / ACRE
2013,NE,BOONE,011,SOYBEANS,"SOYBEANS - YIELD, MEASURED IN BU / ACRE",58.1,BU / ACRE
2013,NE,BOONE,011,SOYBEANS,"SOYBEANS, IRRIGATED - YIELD, MEASURED IN BU / ACRE",63.4,BU / ACRE
2013,NE,BOONE,011,SOYBEANS,"SOYBEANS, NON-IRRIGATED - YIELD, MEASURED IN BU / ACRE",47.6,BU / ACRE
2014,NE,BOONE,011,SOYBEANS,"SOYBEANS - YIELD, MEASURED IN BU / ACRE",57.8,BU / ACRE
2014,NE,BOONE,011,SOYBEANS,"SOYBEANS, IRRIGATED - YIELD, MEASURED IN BU / ACRE",59.5,BU / ACRE
2014,NE,BOONE,011,SOYBEANS,"SOYBEANS, NON-IRRIGATED - YIELD, MEASURED IN BU / ACRE",54.1,BU / ACRE
2015,NE,BOONE,011,SOYBEANS,"SOYBEANS - YIELD, MEASURED IN BU / ACRE",58.5,BU / ACRE
2015,NE,BOONE,011,SOYBEANS,"SOYBEANS, IRRIGATED - YIELD, MEASURED IN BU / ACRE",62.3,BU / ACRE
2015,NE,BOONE,011,SOYBEANS,"SOYBEANS, NON-IRRIGATED - YIELD, MEASURED IN BU / ACRE",50.8,BU / ACRE
2016,NE,BOONE,011,SOYBEANS,"SOYBEANS - YIELD, MEASURED IN BU / ACRE",66.1,BU / ACRE
2016,NE,BOONE,011,SOYBEANS,"SOYBEANS, IRRIGATED - YIELD, MEASURED IN BU / ACRE",68.5,BU / ACRE
2016,NE,BOONE,011,SOYBEANS,"SOYBEANS, NON-IRRIGATED - YIELD, MEASURED IN BU / ACRE",61.1,BU / ACRE
2017,NE,BOONE,011,SOYBEANS,"SOYBEANS - YIELD, MEASURED IN BU / ACRE",61.8,BU / ACRE
2017,NE,BOONE,011,SOYBEANS,"SOYBEANS, IRRIGATED - YIELD, MEASURED IN BU / ACRE",65.1,BU / ACRE
2017,NE,BOONE,011,SOYBEANS,"SOYBEANS, NON-IRRIGATED - YIELD, MEASURED IN BU / ACRE",55.2,BU / ACRE
2018,NE,BOONE,011,SOYBEANS,"SOYBEANS - YIELD, MEASURED IN BU / ACRE",64.0,BU / ACRE
2018,NE,BOONE,011,SOYBEANS,"SOYBEANS, IRRIGATED - YIELD, MEASURED IN BU / ACRE",64.8,BU / ACRE
2018,NE,BOONE,011,SOYBEANS,"SOYBEANS, NON-IRRIGATED - YIELD, MEASURED IN BU / ACRE",62.4,BU / ACRE
2020,NE,BOONE,011,SOYBEANS,"SOYBEANS - YIELD, MEASURED IN BU / ACRE",64.1,BU / ACRE
2022,NE,BOONE,011,SOYBEANS,"SOYBEANS - YIELD, MEASURED IN BU / ACRE",55.4,BU / ACRE
2023,NE,BOONE,011,SOYBEANS,"SOYBEANS - YIELD, MEASURED IN BU / ACRE",52.3,BU / ACRE
2010,NE,BOYD,015,SOYBEANS,"SOYBEANS - YIELD, MEASURED IN BU / ACRE",48.3,BU / ACRE
2010,NE,BOYD,015,SOYBEANS,"SOYBEANS, IRRIGATED - YIELD, MEASURED IN BU / ACRE",52.0,BU / ACRE
2010,NE,BOYD,015,SOYBEANS,"SOYBEANS, NON-IRRIGATED - YIELD, MEASURED IN BU / ACRE",48.0,BU / ACRE
2011,NE,BOYD,015,SOYBEANS,"SOYBEANS - YIELD, MEASURED IN BU / ACRE",44.1,BU / ACRE
2011,NE,BOYD,015,SOYBEANS,"SOYBEANS, IRRIGATED - YIELD, MEASURED IN BU / ACRE",59.1,BU / ACRE
2011,NE,BOYD,015,SOYBEANS,"SOYBEANS, NON-IRRIGATED - YIELD, MEASURED IN BU / ACRE",43.3,BU / ACRE
2012,NE,BOYD,015,SOYBEANS,"SOYBEANS - YIELD, MEASURED IN BU / ACRE",17.3,BU / ACRE
2012,NE,BOYD,015,SOYBEANS,"SOYBEANS, IRRIGATED - YIELD, MEASURED IN BU / ACRE",59.8,BU / ACRE
2012,NE,BOYD,015,SOYBEANS,"SOYBEANS, NON-IRRIGATED - YIELD, MEASURED IN BU / ACRE",14.0,BU / ACRE
2013,NE,BOYD,015,SOYBEANS,"SOYBEANS - YIELD, MEASURED IN BU / ACRE",45.3,BU / ACRE
2014,NE,BOYD,015,SOYBEANS,"SOYBEANS - YIELD, MEASURED IN BU / ACRE",49.6,BU / ACRE
2015,NE,BOYD,015,SOYBEANS,"SOYBEANS - YIELD, MEASURED IN BU / ACRE",50.5,BU / ACRE
2017,NE,BOYD,015,SOYBEANS,"SOYBEANS - YIELD, MEASURED IN BU / ACRE",56.7,BU / ACRE
2018,NE,BOYD,015,SOYBEANS,"SOYBEANS - YIELD, MEASURED IN BU / ACRE",60.9,BU / ACRE
2020,NE,BOYD,015,SOYBEANS,"SOYBEANS - YIELD, MEASURED IN BU / ACRE",46.7,BU / ACRE
2021,NE,BOYD,015,SOYBEANS,"SOYBEANS - YIELD, MEASURED IN BU / ACRE",42.0,BU / ACRE
2022,NE,BOYD,015,SOYBEANS,"SOYBEANS - YIELD, MEASURED IN BU / ACRE",30.0,BU / ACRE
2023,NE,BOYD,015,SOYBEANS,"SOYBEANS - YIELD, MEASURED IN BU / ACRE",44.6,BU / ACRE
2024,NE,BOYD,015,SOYBEANS,"SOYBEANS - YIELD, MEASURED IN BU / ACRE",47.2,BU / ACRE
2025,NE,BOYD,015,SOYBEANS,"SOYBEANS - YIELD, MEASURED IN BU / ACRE",47.8,BU / ACRE
2010,NE,BROWN,017,SOYBEANS,"SOYBEANS - YIELD, MEASURED IN BU / ACRE",50.9,BU / ACRE
2010,NE,BROWN,017,SOYBEANS,"SOYBEANS, IRRIGATED - YIELD, MEASURED IN BU / ACRE",52.0,BU / ACRE
2010,NE,BROWN,017,SOYBEANS,"SOYBEANS, NON-IRRIGATED - YIELD, MEASURED IN BU / ACRE",26.0,BU / ACRE
2011,NE,BROWN,017,SOYBEANS,"SOYBEANS - YIELD, MEASURED IN BU / ACRE",50.9,BU / ACRE
2012,NE,BROWN,017,SOYBEANS,"SOYBEANS - YIELD, MEASURED IN BU / ACRE",56.0,BU / ACRE
2013,NE,BROWN,017,SOYBEANS,"SOYBEANS - YIELD, MEASURED IN BU / ACRE",50.7,BU / ACRE
2014,NE,BROWN,017,SOYBEANS,"SOYBEANS - YIELD, MEASURED IN BU / ACRE",58.7,BU / ACRE
2016,NE,BROWN,017,SOYBEANS,"SOYBEANS - YIELD, MEASURED IN BU / ACRE",60.4,BU / ACRE
2017,NE,BROWN,017,SOYBEANS,"SOYBEANS - YIELD, MEASURED IN BU / ACRE",61.1,BU / ACRE
2019,NE,BROWN,017,SOYBEANS,"SOYBEANS - YIELD, MEASURED IN BU / ACRE",56.0,BU / ACRE
2021,NE,BROWN,017,SOYBEANS,"SOYBEANS - YIELD, MEASURED IN BU / ACRE",74.6,BU / ACRE
2024,NE,BROWN,017,SOYBEANS,"SOYBEANS - YIELD, MEASURED IN BU / ACRE",64.9,BU / ACRE
2010,NE,BUFFALO,019,SOYBEANS,"SOYBEANS - YIELD, MEASURED IN BU / ACRE",61.8,BU / ACRE
2010,NE,BUFFALO,019,SOYBEANS,"SOYBEANS, IRRIGATED - YIELD, MEASURED IN BU / ACRE",64.0,BU / ACRE
2010,NE,BUFFALO,019,SOYBEANS,"SOYBEANS, NON-IRRIGATED - YIELD, MEASURED IN BU / ACRE",52.8,BU / ACRE
2011,NE,BUFFALO,019,SOYBEANS,"SOYBEANS - YIELD, MEASURED IN BU / ACRE",62.5,BU / ACRE
2011,NE,BUFFALO,019,SOYBEANS,"SOYBEANS, IRRIGATED - YIELD, MEASURED IN BU / ACRE",65.7,BU / ACRE
2011,NE,BUFFALO,019,SOYBEANS,"SOYBEANS, NON-IRRIGATED - YIELD, MEASURED IN BU / ACRE",51.0,BU / ACRE
2012,NE,BUFFALO,019,SOYBEANS,"SOYBEANS - YIELD, MEASURED IN BU / ACRE",55.1,BU / ACRE
2012,NE,BUFFALO,019,SOYBEANS,"SOYBEANS, IRRIGATED - YIELD, MEASURED IN BU / ACRE",65.5,BU / ACRE
2012,NE,BUFFALO,019,SOYBEANS,"SOYBEANS, NON-IRRIGATED - YIELD, MEASURED IN BU / ACRE",12.5,BU / ACRE
2013,NE,BUFFALO,019,SOYBEANS,"SOYBEANS - YIELD, MEASURED IN BU / ACRE",57.3,BU / ACRE
2013,NE,BUFFALO,019,SOYBEANS,"SOYBEANS, IRRIGATED - YIELD, MEASURED IN BU / ACRE",66.2,BU / ACRE
2013,NE,BUFFALO,019,SOYBEANS,"SOYBEANS, NON-IRRIGATED - YIELD, MEASURED IN BU / ACRE",26.0,BU / ACRE
2014,NE,BUFFALO,019,SOYBEANS,"SOYBEANS - YIELD, MEASURED IN BU / ACRE",58.9,BU / ACRE
2014,NE,BUFFALO,019,SOYBEANS,"SOYBEANS, IRRIGATED - YIELD, MEASURED IN BU / ACRE",64.1,BU / ACRE
2014,NE,BUFFALO,019,SOYBEANS,"SOYBEANS, NON-IRRIGATED - YIELD, MEASURED IN BU / ACRE",37.8,BU / ACRE
2015,NE,BUFFALO,019,SOYBEANS,"SOYBEANS - YIELD, MEASURED IN BU / ACRE",64.7,BU / ACRE
2015,NE,BUFFALO,019,SOYBEANS,"SOYBEANS, IRRIGATED - YIELD, MEASURED IN BU / ACRE",69.1,BU / ACRE
2015,NE,BUFFALO,019,SOYBEANS,"SOYBEANS, NON-IRRIGATED - YIELD, MEASURED IN BU / ACRE",46.1,BU / ACRE
2016,NE,BUFFALO,019,SOYBEANS,"SOYBEANS - YIELD, MEASURED IN BU / ACRE",67.4,BU / ACRE
2016,NE,BUFFALO,019,SOYBEANS,"SOYBEANS, IRRIGATED - YIELD, MEASURED IN BU / ACRE",72.3,BU / ACRE
2016,NE,BUFFALO,019,SOYBEANS,"SOYBEANS, NON-IRRIGATED - YIELD, MEASURED IN BU / ACRE",47.1,BU / ACRE
2017,NE,BUFFALO,019,SOYBEANS,"SOYBEANS - YIELD, MEASURED IN BU / ACRE",67.4,BU / ACRE
2017,NE,BUFFALO,019,SOYBEANS,"SOYBEANS, IRRIGATED - YIELD, MEASURED IN BU / ACRE",71.6,BU / ACRE
2017,NE,BUFFALO,019,SOYBEANS,"SOYBEANS, NON-IRRIGATED - YIELD, MEASURED IN BU / ACRE",49.9,BU / ACRE
2018,NE,BUFFALO,019,SOYBEANS,"SOYBEANS - YIELD, MEASURED IN BU / ACRE",69.6,BU / ACRE
2020,NE,BUFFALO,019,SOYBEANS,"SOYBEANS - YIELD, MEASURED IN BU / ACRE",64.8,BU / ACRE
2022,NE,BUFFALO,019,SOYBEANS,"SOYBEANS - YIELD, MEASURED IN BU / ACRE",51.5,BU / ACRE
2023,NE,BUFFALO,019,SOYBEANS,"SOYBEANS - YIELD, MEASURED IN BU / ACRE",55.5,BU / ACRE
2024,NE,BUFFALO,019,SOYBEANS,"SOYBEANS - YIELD, MEASURED IN BU / ACRE",65.2,BU / ACRE
2025,NE,BUFFALO,019,SOYBEANS,"SOYBEANS - YIELD, MEASURED IN BU / ACRE",72.3,BU / ACRE
2010,NE,BURT,021,SOYBEANS,"SOYBEANS - YIELD, MEASURED IN BU / ACRE",51.1,BU / ACRE
2010,NE,BURT,021,SOYBEANS,"SOYBEANS, IRRIGATED - YIELD, MEASURED IN BU / ACRE",52.7,BU / ACRE
2010,NE,BURT,021,SOYBEANS,"SOYBEANS, NON-IRRIGATED - YIELD, MEASURED IN BU / ACRE",50.7,BU / ACRE
2011,NE,BURT,021,SOYBEANS,"SOYBEANS - YIELD, MEASURED IN BU / ACRE",48.4,BU / ACRE
2012,NE,BURT,021,SOYBEANS,"SOYBEANS - YIELD, MEASURED IN BU / ACRE",33.9,BU / ACRE
2012,NE,BURT,021,SOYBEANS,"SOYBEANS, IRRIGATED - YIELD, MEASURED IN BU / ACRE",50.2,BU / ACRE
2012,NE,BURT,021,SOYBEANS,"SOYBEANS, NON-IRRIGATED - YIELD, MEASURED IN BU / ACRE",29.9,BU / ACRE
2013,NE,BURT,021,SOYBEANS,"SOYBEANS - YIELD, MEASURED IN BU / ACRE",56.7,BU / ACRE
2013,NE,BURT,021,SOYBEANS,"SOYBEANS, IRRIGATED - YIELD, MEASURED IN BU / ACRE",60.6,BU / ACRE
2013,NE,BURT,021,SOYBEANS,"SOYBEANS, NON-IRRIGATED - YIELD, MEASURED IN BU / ACRE",55.7,BU / ACRE
2014,NE,BURT,021,SOYBEANS,"SOYBEANS - YIELD, MEASURED IN BU / ACRE",46.7,BU / ACRE
2014,NE,BURT,021,SOYBEANS,"SOYBEANS, IRRIGATED - YIELD, MEASURED IN BU / ACRE",48.2,BU / ACRE
2014,NE,BURT,021,SOYBEANS,"SOYBEANS, NON-IRRIGATED - YIELD, MEASURED IN BU / ACRE",46.3,BU / ACRE
2015,NE,BURT,021,SOYBEANS,"SOYBEANS - YIELD, MEASURED IN BU / ACRE",56.3,BU / ACRE
2016,NE,BURT,021,SOYBEANS,"SOYBEANS - YIELD, MEASURED IN BU / ACRE",60.2,BU / ACRE
2017,NE,BURT,021,SOYBEANS,"SOYBEANS - YIELD, MEASURED IN BU / ACRE",55.6,BU / ACRE
2018,NE,BURT,021,SOYBEANS,"SOYBEANS - YIELD, MEASURED IN BU / ACRE",55.4,BU / ACRE
2019,NE,BURT,021,SOYBEANS,"SOYBEANS - YIELD, MEASURED IN BU / ACRE",53.5,BU / ACRE
2020,NE,BURT,021,SOYBEANS,"SOYBEANS - YIELD, MEASURED IN BU / ACRE",52.1,BU / ACRE
2021,NE,BURT,021,SOYBEANS,"SOYBEANS - YIELD, MEASURED IN BU / ACRE",64.7,BU / ACRE
2022,NE,BURT,021,SOYBEANS,"SOYBEANS - YIELD, MEASURED IN BU / ACRE",43.3,BU / ACRE
2023,NE,BURT,021,SOYBEANS,"SOYBEANS - YIELD, MEASURED IN BU / ACRE",48.0,BU / ACRE
2024,NE,BURT,021,SOYBEANS,"SOYBEANS - YIELD, MEASURED IN BU / ACRE",56.9,BU / ACRE
2025,NE,BURT,021,SOYBEANS,"SOYBEANS - YIELD, MEASURED IN BU / ACRE",66.2,BU / ACRE
2010,NE,BUTLER,023,SOYBEANS,"SOYBEANS - YIELD, MEASURED IN BU / ACRE",54.2,BU / ACRE
2010,NE,BUTLER,023,SOYBEANS,"SOYBEANS, IRRIGATED - YIELD, MEASURED IN BU / ACRE",59.9,BU / ACRE
2010,NE,BUTLER,023,SOYBEANS,"SOYBEANS, NON-IRRIGATED - YIELD, MEASURED IN BU / ACRE",50.4,BU / ACRE
2011,NE,BUTLER,023,SOYBEANS,"SOYBEANS - YIELD, MEASURED IN BU / ACRE",55.8,BU / ACRE
2011,NE,BUTLER,023,SOYBEANS,"SOYBEANS, IRRIGATED - YIELD, MEASURED IN BU / ACRE",60.2,BU / ACRE
2011,NE,BUTLER,023,SOYBEANS,"SOYBEANS, NON-IRRIGATED - YIELD, MEASURED IN BU / ACRE",53.0,BU / ACRE
2012,NE,BUTLER,023,SOYBEANS,"SOYBEANS - YIELD, MEASURED IN BU / ACRE",39.9,BU / ACRE
2012,NE,BUTLER,023,SOYBEANS,"SOYBEANS, IRRIGATED - YIELD, MEASURED IN BU / ACRE",59.4,BU / ACRE
2012,NE,BUTLER,023,SOYBEANS,"SOYBEANS, NON-IRRIGATED - YIELD, MEASURED IN BU / ACRE",27.0,BU / ACRE
2013,NE,BUTLER,023,SOYBEANS,"SOYBEANS - YIELD, MEASURED IN BU / ACRE",53.0,BU / ACRE
2013,NE,BUTLER,023,SOYBEANS,"SOYBEANS, IRRIGATED - YIELD, MEASURED IN BU / ACRE",60.6,BU / ACRE
2013,NE,BUTLER,023,SOYBEANS,"SOYBEANS, NON-IRRIGATED - YIELD, MEASURED IN BU / ACRE",48.0,BU / ACRE
2014,NE,BUTLER,023,SOYBEANS,"SOYBEANS - YIELD, MEASURED IN BU / ACRE",55.7,BU / ACRE
2015,NE,BUTLER,023,SOYBEANS,"SOYBEANS - YIELD, MEASURED IN BU / ACRE",61.1,BU / ACRE
2015,NE,BUTLER,023,SOYBEANS,"SOYBEANS, IRRIGATED - YIELD, MEASURED IN BU / ACRE",65.6,BU / ACRE
2015,NE,BUTLER,023,SOYBEANS,"SOYBEANS, NON-IRRIGATED - YIELD, MEASURED IN BU / ACRE",57.7,BU / ACRE
2016,NE,BUTLER,023,SOYBEANS,"SOYBEANS - YIELD, MEASURED IN BU / ACRE",59.8,BU / ACRE
2016,NE,BUTLER,023,SOYBEANS,"SOYBEANS, IRRIGATED - YIELD, MEASURED IN BU / ACRE",65.5,BU / ACRE
2016,NE,BUTLER,023,SOYBEANS,"SOYBEANS, NON-IRRIGATED - YIELD, MEASURED IN BU / ACRE",55.6,BU / ACRE
2017,NE,BUTLER,023,SOYBEANS,"SOYBEANS - YIELD, MEASURED IN BU / ACRE",56.8,BU / ACRE
2017,NE,BUTLER,023,SOYBEANS,"SOYBEANS, IRRIGATED - YIELD, MEASURED IN BU / ACRE",61.9,BU / ACRE
2017,NE,BUTLER,023,SOYBEANS,"SOYBEANS, NON-IRRIGATED - YIELD, MEASURED IN BU / ACRE",52.7,BU / ACRE
2018,NE,BUTLER,023,SOYBEANS,"SOYBEANS - YIELD, MEASURED IN BU / ACRE",56.0,BU / ACRE
2019,NE,BUTLER,023,SOYBEANS,"SOYBEANS - YIELD, MEASURED IN BU / ACRE",55.3,BU / ACRE
2020,NE,BUTLER,023,SOYBEANS,"SOYBEANS - YIELD, MEASURED IN BU / ACRE",57.7,BU / ACRE
2021,NE,BUTLER,023,SOYBEANS,"SOYBEANS - YIELD, MEASURED IN BU / ACRE",62.2,BU / ACRE
2022,NE,BUTLER,023,SOYBEANS,"SOYBEANS - YIELD, MEASURED IN BU / ACRE",43.7,BU / ACRE
2023,NE,BUTLER,023,SOYBEANS,"SOYBEANS - YIELD, MEASURED IN BU / ACRE",45.0,BU / ACRE
2024,NE,BUTLER,023,SOYBEANS,"SOYBEANS - YIELD, MEASURED IN BU / ACRE",54.3,BU / ACRE
2025,NE,BUTLER,023,SOYBEANS,"SOYBEANS - YIELD, MEASURED IN BU / ACRE",69.0,BU / ACRE
2010,NE,CASS,025,SOYBEANS,"SOYBEANS - YIELD, MEASURED IN BU / ACRE",48.1,BU / ACRE
2011,NE,CASS,025,SOYBEANS,"SOYBEANS - YIELD, MEASURED IN BU / ACRE",52.2,BU / ACRE
2012,NE,CASS,025,SOYBEANS,"SOYBEANS - YIELD, MEASURED IN BU / ACRE",29.3,BU / ACRE
2013,NE,CASS,025,SOYBEANS,"SOYBEANS - YIELD, MEASURED IN BU / ACRE",46.5,BU / ACRE
2013,NE,CASS,025,SOYBEANS,"SOYBEANS, IRRIGATED - YIELD, MEASURED IN BU / ACRE",61.3,BU / ACRE
2013,NE,CASS,025,SOYBEANS,"SOYBEANS, NON-IRRIGATED - YIELD, MEASURED IN BU / ACRE",46.3,BU / ACRE
2014,NE,CASS,025,SOYBEANS,"SOYBEANS - YIELD, MEASURED IN BU / ACRE",49.7,BU / ACRE
2015,NE,CASS,025,SOYBEANS,"SOYBEANS - YIELD, MEASURED IN BU / ACRE",53.7,BU / ACRE
2016,NE,CASS,025,SOYBEANS,"SOYBEANS - YIELD, MEASURED IN BU / ACRE",57.7,BU / ACRE
2017,NE,CASS,025,SOYBEANS,"SOYBEANS - YIELD, MEASURED IN BU / ACRE",52.1,BU / ACRE
2018,NE,CASS,025,SOYBEANS,"SOYBEANS - YIELD, MEASURED IN BU / ACRE",55.7,BU / ACRE
2019,NE,CASS,025,SOYBEANS,"SOYBEANS - YIELD, MEASURED IN BU / ACRE",52.5,BU / ACRE
2020,NE,CASS,025,SOYBEANS,"SOYBEANS - YIELD, MEASURED IN BU / ACRE",52.3,BU / ACRE
2022,NE,CASS,025,SOYBEANS,"SOYBEANS - YIELD, MEASURED IN BU / ACRE",38.9,BU / ACRE
2023,NE,CASS,025,SOYBEANS,"SOYBEANS - YIELD, MEASURED IN BU / ACRE",58.6,BU / ACRE
2024,NE,CASS,025,SOYBEANS,"SOYBEANS - YIELD, MEASURED IN BU / ACRE",54.6,BU / ACRE
2025,NE,CASS,025,SOYBEANS,"SOYBEANS - YIELD, MEASURED IN BU / ACRE",65.6,BU / ACRE
2010,NE,CEDAR,027,SOYBEANS,"SOYBEANS - YIELD, MEASURED IN BU / ACRE",55.1,BU / ACRE
2010,NE,CEDAR,027,SOYBEANS,"SOYBEANS, IRRIGATED - YIELD, MEASURED IN BU / ACRE",57.0,BU / ACRE
2010,NE,CEDAR,027,SOYBEANS,"SOYBEANS, NON-IRRIGATED - YIELD, MEASURED IN BU / ACRE",53.9,BU / ACRE
2011,NE,CEDAR,027,SOYBEANS,"SOYBEANS - YIELD, MEASURED IN BU / ACRE",50.2,BU / ACRE
2011,NE,CEDAR,027,SOYBEANS,"SOYBEANS, IRRIGATED - YIELD, MEASURED IN BU / ACRE",55.0,BU / ACRE
2011,NE,CEDAR,027,SOYBEANS,"SOYBEANS, NON-IRRIGATED - YIELD, MEASURED IN BU / ACRE",47.6,BU / ACRE
2012,NE,CEDAR,027,SOYBEANS,"SOYBEANS - YIELD, MEASURED IN BU / ACRE",30.9,BU / ACRE
2012,NE,CEDAR,027,SOYBEANS,"SOYBEANS, IRRIGATED - YIELD, MEASURED IN BU / ACRE",51.5,BU / ACRE
2012,NE,CEDAR,027,SOYBEANS,"SOYBEANS, NON-IRRIGATED - YIELD, MEASURED IN BU / ACRE",17.9,BU / ACRE
2013,NE,CEDAR,027,SOYBEANS,"SOYBEANS - YIELD, MEASURED IN BU / ACRE",56.0,BU / ACRE
2013,NE,CEDAR,027,SOYBEANS,"SOYBEANS, IRRIGATED - YIELD, MEASURED IN BU / ACRE",62.1,BU / ACRE
2013,NE,CEDAR,027,SOYBEANS,"SOYBEANS, NON-IRRIGATED - YIELD, MEASURED IN BU / ACRE",51.8,BU / ACRE
2014,NE,CEDAR,027,SOYBEANS,"SOYBEANS - YIELD, MEASURED IN BU / ACRE",54.5,BU / ACRE
2014,NE,CEDAR,027,SOYBEANS,"SOYBEANS, IRRIGATED - YIELD, MEASURED IN BU / ACRE",56.3,BU / ACRE
2014,NE,CEDAR,027,SOYBEANS,"SOYBEANS, NON-IRRIGATED - YIELD, MEASURED IN BU / ACRE",53.1,BU / ACRE
2015,NE,CEDAR,027,SOYBEANS,"SOYBEANS - YIELD, MEASURED IN BU / ACRE",59.0,BU / ACRE
2015,NE,CEDAR,027,SOYBEANS,"SOYBEANS, IRRIGATED - YIELD, MEASURED IN BU / ACRE",62.4,BU / ACRE
2015,NE,CEDAR,027,SOYBEANS,"SOYBEANS, NON-IRRIGATED - YIELD, MEASURED IN BU / ACRE",56.3,BU / ACRE
2016,NE,CEDAR,027,SOYBEANS,"SOYBEANS - YIELD, MEASURED IN BU / ACRE",58.3,BU / ACRE
2016,NE,CEDAR,027,SOYBEANS,"SOYBEANS, IRRIGATED - YIELD, MEASURED IN BU / ACRE",63.5,BU / ACRE
2016,NE,CEDAR,027,SOYBEANS,"SOYBEANS, NON-IRRIGATED - YIELD, MEASURED IN BU / ACRE",54.3,BU / ACRE
2017,NE,CEDAR,027,SOYBEANS,"SOYBEANS - YIELD, MEASURED IN BU / ACRE",55.9,BU / ACRE
2017,NE,CEDAR,027,SOYBEANS,"SOYBEANS, IRRIGATED - YIELD, MEASURED IN BU / ACRE",63.2,BU / ACRE
2017,NE,CEDAR,027,SOYBEANS,"SOYBEANS, NON-IRRIGATED - YIELD, MEASURED IN BU / ACRE",49.9,BU / ACRE
2018,NE,CEDAR,027,SOYBEANS,"SOYBEANS - YIELD, MEASURED IN BU / ACRE",60.0,BU / ACRE
2018,NE,CEDAR,027,SOYBEANS,"SOYBEANS, IRRIGATED - YIELD, MEASURED IN BU / ACRE",63.6,BU / ACRE
2018,NE,CEDAR,027,SOYBEANS,"SOYBEANS, NON-IRRIGATED - YIELD, MEASURED IN BU / ACRE",57.0,BU / ACRE
2019,NE,CEDAR,027,SOYBEANS,"SOYBEANS - YIELD, MEASURED IN BU / ACRE",60.4,BU / ACRE
2020,NE,CEDAR,027,SOYBEANS,"SOYBEANS - YIELD, MEASURED IN BU / ACRE",57.1,BU / ACRE
2021,NE,CEDAR,027,SOYBEANS,"SOYBEANS - YIELD, MEASURED IN BU / ACRE",61.3,BU / ACRE
2022,NE,CEDAR,027,SOYBEANS,"SOYBEANS - YIELD, MEASURED IN BU / ACRE",53.2,BU / ACRE
2023,NE,CEDAR,027,SOYBEANS,"SOYBEANS - YIELD, MEASURED IN BU / ACRE",57.3,BU / ACRE
2010,NE,CHASE,029,SOYBEANS,"SOYBEANS - YIELD, MEASURED IN BU / ACRE",61.5,BU / ACRE
2011,NE,CHASE,029,SOYBEANS,"SOYBEANS - YIELD, MEASURED IN BU / ACRE",45.8,BU / ACRE
2012,NE,CHASE,029,SOYBEANS,"SOYBEANS - YIELD, MEASURED IN BU / ACRE",61.9,BU / ACRE
2014,NE,CHASE,029,SOYBEANS,"SOYBEANS - YIELD, MEASURED IN BU / ACRE",64.4,BU / ACRE
2016,NE,CHASE,029,SOYBEANS,"SOYBEANS - YIELD, MEASURED IN BU / ACRE",63.7,BU / ACRE
2020,NE,CHASE,029,SOYBEANS,"SOYBEANS - YIELD, MEASURED IN BU / ACRE",68.9,BU / ACRE
2021,NE,CHASE,029,SOYBEANS,"SOYBEANS - YIELD, MEASURED IN BU / ACRE",66.7,BU / ACRE
2023,NE,CHASE,029,SOYBEANS,"SOYBEANS - YIELD, MEASURED IN BU / ACRE",56.3,BU / ACRE
2024,NE,CHASE,029,SOYBEANS,"SOYBEANS - YIELD, MEASURED IN BU / ACRE",56.1,BU / ACRE
2011,NE,CHEYENNE,033,SOYBEANS,"SOYBEANS - YIELD, MEASURED IN BU / ACRE",40.4,BU / ACRE
2013,NE,CHEYENNE,033,SOYBEANS,"SOYBEANS - YIELD, MEASURED IN BU / ACRE",38.6,BU / ACRE
2015,NE,CHEYENNE,033,SOYBEANS,"SOYBEANS - YIELD, MEASURED IN BU / ACRE",34.9,BU / ACRE
2016,NE,CHEYENNE,033,SOYBEANS,"SOYBEANS - YIELD, MEASURED IN BU / ACRE",46.9,BU / ACRE
2010,NE,CLAY,035,SOYBEANS,"SOYBEANS - YIELD, MEASURED IN BU / ACRE",59.2,BU / ACRE
2010,NE,CLAY,035,SOYBEANS,"SOYBEANS, IRRIGATED - YIELD, MEASURED IN BU / ACRE",63.1,BU / ACRE
2010,NE,CLAY,035,SOYBEANS,"SOYBEANS, NON-IRRIGATED - YIELD, MEASURED IN BU / ACRE",46.0,BU / ACRE
2011,NE,CLAY,035,SOYBEANS,"SOYBEANS - YIELD, MEASURED IN BU / ACRE",65.3,BU / ACRE
2011,NE,CLAY,035,SOYBEANS,"SOYBEANS, IRRIGATED - YIELD, MEASURED IN BU / ACRE",68.1,BU / ACRE
2011,NE,CLAY,035,SOYBEANS,"SOYBEANS, NON-IRRIGATED - YIELD, MEASURED IN BU / ACRE",55.2,BU / ACRE
2012,NE,CLAY,035,SOYBEANS,"SOYBEANS - YIELD, MEASURED IN BU / ACRE",54.6,BU / ACRE
2012,NE,CLAY,035,SOYBEANS,"SOYBEANS, IRRIGATED - YIELD, MEASURED IN BU / ACRE",63.5,BU / ACRE
2012,NE,CLAY,035,SOYBEANS,"SOYBEANS, NON-IRRIGATED - YIELD, MEASURED IN BU / ACRE",22.7,BU / ACRE
2013,NE,CLAY,035,SOYBEANS,"SOYBEANS - YIELD, MEASURED IN BU / ACRE",43.6,BU / ACRE
2013,NE,CLAY,035,SOYBEANS,"SOYBEANS, IRRIGATED - YIELD, MEASURED IN BU / ACRE",47.3,BU / ACRE
2013,NE,CLAY,035,SOYBEANS,"SOYBEANS, NON-IRRIGATED - YIELD, MEASURED IN BU / ACRE",31.0,BU / ACRE
2014,NE,CLAY,035,SOYBEANS,"SOYBEANS - YIELD, MEASURED IN BU / ACRE",60.5,BU / ACRE
2014,NE,CLAY,035,SOYBEANS,"SOYBEANS, IRRIGATED - YIELD, MEASURED IN BU / ACRE",64.0,BU / ACRE
2014,NE,CLAY,035,SOYBEANS,"SOYBEANS, NON-IRRIGATED - YIELD, MEASURED IN BU / ACRE",46.4,BU / ACRE
2015,NE,CLAY,035,SOYBEANS,"SOYBEANS - YIELD, MEASURED IN BU / ACRE",64.5,BU / ACRE
2015,NE,CLAY,035,SOYBEANS,"SOYBEANS, IRRIGATED - YIELD, MEASURED IN BU / ACRE",68.5,BU / ACRE
2015,NE,CLAY,035,SOYBEANS,"SOYBEANS, NON-IRRIGATED - YIELD, MEASURED IN BU / ACRE",47.7,BU / ACRE
2016,NE,CLAY,035,SOYBEANS,"SOYBEANS - YIELD, MEASURED IN BU / ACRE",65.7,BU / ACRE
2016,NE,CLAY,035,SOYBEANS,"SOYBEANS, IRRIGATED - YIELD, MEASURED IN BU / ACRE",69.7,BU / ACRE
2016,NE,CLAY,035,SOYBEANS,"SOYBEANS, NON-IRRIGATED - YIELD, MEASURED IN BU / ACRE",49.2,BU / ACRE
2017,NE,CLAY,035,SOYBEANS,"SOYBEANS - YIELD, MEASURED IN BU / ACRE",65.6,BU / ACRE
2017,NE,CLAY,035,SOYBEANS,"SOYBEANS, IRRIGATED - YIELD, MEASURED IN BU / ACRE",68.2,BU / ACRE
2017,NE,CLAY,035,SOYBEANS,"SOYBEANS, NON-IRRIGATED - YIELD, MEASURED IN BU / ACRE",54.4,BU / ACRE
2018,NE,CLAY,035,SOYBEANS,"SOYBEANS - YIELD, MEASURED IN BU / ACRE",65.0,BU / ACRE
2018,NE,CLAY,035,SOYBEANS,"SOYBEANS, IRRIGATED - YIELD, MEASURED IN BU / ACRE",67.9,BU / ACRE
2018,NE,CLAY,035,SOYBEANS,"SOYBEANS, NON-IRRIGATED - YIELD, MEASURED IN BU / ACRE",51.2,BU / ACRE
2020,NE,CLAY,035,SOYBEANS,"SOYBEANS - YIELD, MEASURED IN BU / ACRE",69.9,BU / ACRE
2021,NE,CLAY,035,SOYBEANS,"SOYBEANS - YIELD, MEASURED IN BU / ACRE",70.0,BU / ACRE
2022,NE,CLAY,035,SOYBEANS,"SOYBEANS - YIELD, MEASURED IN BU / ACRE",59.9,BU / ACRE
2023,NE,CLAY,035,SOYBEANS,"SOYBEANS - YIELD, MEASURED IN BU / ACRE",55.8,BU / ACRE
2024,NE,CLAY,035,SOYBEANS,"SOYBEANS - YIELD, MEASURED IN BU / ACRE",63.0,BU / ACRE
2025,NE,CLAY,035,SOYBEANS,"SOYBEANS - YIELD, MEASURED IN BU / ACRE",74.9,BU / ACRE
2010,NE,COLFAX,037,SOYBEANS,"SOYBEANS - YIELD, MEASURED IN BU / ACRE",51.8,BU / ACRE
2010,NE,COLFAX,037,SOYBEANS,"SOYBEANS, IRRIGATED - YIELD, MEASURED IN BU / ACRE",60.0,BU / ACRE
2010,NE,COLFAX,037,SOYBEANS,"SOYBEANS, NON-IRRIGATED - YIELD, MEASURED IN BU / ACRE",47.9,BU / ACRE
2011,NE,COLFAX,037,SOYBEANS,"SOYBEANS - YIELD, MEASURED IN BU / ACRE",52.8,BU / ACRE
2011,NE,COLFAX,037,SOYBEANS,"SOYBEANS, IRRIGATED - YIELD, MEASURED IN BU / ACRE",59.0,BU / ACRE
2011,NE,COLFAX,037,SOYBEANS,"SOYBEANS, NON-IRRIGATED - YIELD, MEASURED IN BU / ACRE",50.1,BU / ACRE
2012,NE,COLFAX,037,SOYBEANS,"SOYBEANS - YIELD, MEASURED IN BU / ACRE",31.7,BU / ACRE
2012,NE,COLFAX,037,SOYBEANS,"SOYBEANS, IRRIGATED - YIELD, MEASURED IN BU / ACRE",53.2,BU / ACRE
2012,NE,COLFAX,037,SOYBEANS,"SOYBEANS, NON-IRRIGATED - YIELD, MEASURED IN BU / ACRE",21.8,BU / ACRE
2013,NE,COLFAX,037,SOYBEANS,"SOYBEANS - YIELD, MEASURED IN BU / ACRE",54.5,BU / ACRE
2013,NE,COLFAX,037,SOYBEANS,"SOYBEANS, IRRIGATED - YIELD, MEASURED IN BU / ACRE",62.1,BU / ACRE
2013,NE,COLFAX,037,SOYBEANS,"SOYBEANS, NON-IRRIGATED - YIELD, MEASURED IN BU / ACRE",51.0,BU / ACRE
2014,NE,COLFAX,037,SOYBEANS,"SOYBEANS - YIELD, MEASURED IN BU / ACRE",55.9,BU / ACRE
2015,NE,COLFAX,037,SOYBEANS,"SOYBEANS - YIELD, MEASURED IN BU / ACRE",62.0,BU / ACRE
2015,NE,COLFAX,037,SOYBEANS,"SOYBEANS, IRRIGATED - YIELD, MEASURED IN BU / ACRE",66.6,BU / ACRE
2015,NE,COLFAX,037,SOYBEANS,"SOYBEANS, NON-IRRIGATED - YIELD, MEASURED IN BU / ACRE",59.8,BU / ACRE
2016,NE,COLFAX,037,SOYBEANS,"SOYBEANS - YIELD, MEASURED IN BU / ACRE",62.8,BU / ACRE
2016,NE,COLFAX,037,SOYBEANS,"SOYBEANS, IRRIGATED - YIELD, MEASURED IN BU / ACRE",64.2,BU / ACRE
2016,NE,COLFAX,037,SOYBEANS,"SOYBEANS, NON-IRRIGATED - YIELD, MEASURED IN BU / ACRE",62.2,BU / ACRE
2017,NE,COLFAX,037,SOYBEANS,"SOYBEANS - YIELD, MEASURED IN BU / ACRE",55.0,BU / ACRE
2017,NE,COLFAX,037,SOYBEANS,"SOYBEANS, IRRIGATED - YIELD, MEASURED IN BU / ACRE",59.7,BU / ACRE
2017,NE,COLFAX,037,SOYBEANS,"SOYBEANS, NON-IRRIGATED - YIELD, MEASURED IN BU / ACRE",52.6,BU / ACRE
2018,NE,COLFAX,037,SOYBEANS,"SOYBEANS - YIELD, MEASURED IN BU / ACRE",55.4,BU / ACRE
2019,NE,COLFAX,037,SOYBEANS,"SOYBEANS - YIELD, MEASURED IN BU / ACRE",60.1,BU / ACRE
2020,NE,COLFAX,037,SOYBEANS,"SOYBEANS - YIELD, MEASURED IN BU / ACRE",53.1,BU / ACRE
2021,NE,COLFAX,037,SOYBEANS,"SOYBEANS - YIELD, MEASURED IN BU / ACRE",68.7,BU / ACRE
2022,NE,COLFAX,037,SOYBEANS,"SOYBEANS - YIELD, MEASURED IN BU / ACRE",43.2,BU / ACRE
2023,NE,COLFAX,037,SOYBEANS,"SOYBEANS - YIELD, MEASURED IN BU / ACRE",44.1,BU / ACRE
2024,NE,COLFAX,037,SOYBEANS,"SOYBEANS - YIELD, MEASURED IN BU / ACRE",57.6,BU / ACRE
2010,NE,CUMING,039,SOYBEANS,"SOYBEANS - YIELD, MEASURED IN BU / ACRE",55.7,BU / ACRE
2011,NE,CUMING,039,SOYBEANS,"SOYBEANS - YIELD, MEASURED IN BU / ACRE",52.8,BU / ACRE
2011,NE,CUMING,039,SOYBEANS,"SOYBEANS, IRRIGATED - YIELD, MEASURED IN BU / ACRE",58.1,BU / ACRE
2011,NE,CUMING,039,SOYBEANS,"SOYBEANS, NON-IRRIGATED - YIELD, MEASURED IN BU / ACRE",52.0,BU / ACRE
2012,NE,CUMING,039,SOYBEANS,"SOYBEANS - YIELD, MEASURED IN BU / ACRE",30.1,BU / ACRE
2013,NE,CUMING,039,SOYBEANS,"SOYBEANS - YIELD, MEASURED IN BU / ACRE",60.8,BU / ACRE
2014,NE,CUMING,039,SOYBEANS,"SOYBEANS - YIELD, MEASURED IN BU / ACRE",51.8,BU / ACRE
2015,NE,CUMING,039,SOYBEANS,"SOYBEANS - YIELD, MEASURED IN BU / ACRE",59.6,BU / ACRE
2015,NE,CUMING,039,SOYBEANS,"SOYBEANS, IRRIGATED - YIELD, MEASURED IN BU / ACRE",64.9,BU / ACRE
2015,NE,CUMING,039,SOYBEANS,"SOYBEANS, NON-IRRIGATED - YIELD, MEASURED IN BU / ACRE",58.7,BU / ACRE
2016,NE,CUMING,039,SOYBEANS,"SOYBEANS - YIELD, MEASURED IN BU / ACRE",62.3,BU / ACRE
2016,NE,CUMING,039,SOYBEANS,"SOYBEANS, IRRIGATED - YIELD, MEASURED IN BU / ACRE",62.7,BU / ACRE
2016,NE,CUMING,039,SOYBEANS,"SOYBEANS, NON-IRRIGATED - YIELD, MEASURED IN BU / ACRE",62.2,BU / ACRE
2017,NE,CUMING,039,SOYBEANS,"SOYBEANS - YIELD, MEASURED IN BU / ACRE",60.6,BU / ACRE
2018,NE,CUMING,039,SOYBEANS,"SOYBEANS - YIELD, MEASURED IN BU / ACRE",58.6,BU / ACRE
2019,NE,CUMING,039,SOYBEANS,"SOYBEANS - YIELD, MEASURED IN BU / ACRE",62.2,BU / ACRE
2020,NE,CUMING,039,SOYBEANS,"SOYBEANS - YIELD, MEASURED IN BU / ACRE",51.7,BU / ACRE
2021,NE,CUMING,039,SOYBEANS,"SOYBEANS - YIELD, MEASURED IN BU / ACRE",66.7,BU / ACRE
2022,NE,CUMING,039,SOYBEANS,"SOYBEANS - YIELD, MEASURED IN BU / ACRE",46.8,BU / ACRE
2023,NE,CUMING,039,SOYBEANS,"SOYBEANS - YIELD, MEASURED IN BU / ACRE",42.4,BU / ACRE
2024,NE,CUMING,039,SOYBEANS,"SOYBEANS - YIELD, MEASURED IN BU / ACRE",58.0,BU / ACRE
2025,NE,CUMING,039,SOYBEANS,"SOYBEANS - YIELD, MEASURED IN BU / ACRE",69.0,BU / ACRE
2010,NE,CUSTER,041,SOYBEANS,"SOYBEANS - YIELD, MEASURED IN BU / ACRE",55.8,BU / ACRE
2010,NE,CUSTER,041,SOYBEANS,"SOYBEANS, IRRIGATED - YIELD, MEASURED IN BU / ACRE",59.0,BU / ACRE
2010,NE,CUSTER,041,SOYBEANS,"SOYBEANS, NON-IRRIGATED - YIELD, MEASURED IN BU / ACRE",46.2,BU / ACRE
2011,NE,CUSTER,041,SOYBEANS,"SOYBEANS - YIELD, MEASURED IN BU / ACRE",54.4,BU / ACRE
2011,NE,CUSTER,041,SOYBEANS,"SOYBEANS, IRRIGATED - YIELD, MEASURED IN BU / ACRE",58.6,BU / ACRE
2011,NE,CUSTER,041,SOYBEANS,"SOYBEANS, NON-IRRIGATED - YIELD, MEASURED IN BU / ACRE",41.8,BU / ACRE
2012,NE,CUSTER,041,SOYBEANS,"SOYBEANS - YIELD, MEASURED IN BU / ACRE",49.5,BU / ACRE
2012,NE,CUSTER,041,SOYBEANS,"SOYBEANS, IRRIGATED - YIELD, MEASURED IN BU / ACRE",62.2,BU / ACRE
2012,NE,CUSTER,041,SOYBEANS,"SOYBEANS, NON-IRRIGATED - YIELD, MEASURED IN BU / ACRE",11.2,BU / ACRE
2013,NE,CUSTER,041,SOYBEANS,"SOYBEANS - YIELD, MEASURED IN BU / ACRE",57.1,BU / ACRE
2013,NE,CUSTER,041,SOYBEANS,"SOYBEANS, IRRIGATED - YIELD, MEASURED IN BU / ACRE",64.5,BU / ACRE
2013,NE,CUSTER,041,SOYBEANS,"SOYBEANS, NON-IRRIGATED - YIELD, MEASURED IN BU / ACRE",35.0,BU / ACRE
2014,NE,CUSTER,041,SOYBEANS,"SOYBEANS - YIELD, MEASURED IN BU / ACRE",50.1,BU / ACRE
2014,NE,CUSTER,041,SOYBEANS,"SOYBEANS, IRRIGATED - YIELD, MEASURED IN BU / ACRE",56.0,BU / ACRE
2014,NE,CUSTER,041,SOYBEANS,"SOYBEANS, NON-IRRIGATED - YIELD, MEASURED IN BU / ACRE",29.4,BU / ACRE
2015,NE,CUSTER,041,SOYBEANS,"SOYBEANS - YIELD, MEASURED IN BU / ACRE",61.3,BU / ACRE
2015,NE,CUSTER,041,SOYBEANS,"SOYBEANS, IRRIGATED - YIELD, MEASURED IN BU / ACRE",65.3,BU / ACRE
2015,NE,CUSTER,041,SOYBEANS,"SOYBEANS, NON-IRRIGATED - YIELD, MEASURED IN BU / ACRE",47.3,BU / ACRE
2016,NE,CUSTER,041,SOYBEANS,"SOYBEANS - YIELD, MEASURED IN BU / ACRE",63.6,BU / ACRE
2016,NE,CUSTER,041,SOYBEANS,"SOYBEANS, IRRIGATED - YIELD, MEASURED IN BU / ACRE",68.3,BU / ACRE
2016,NE,CUSTER,041,SOYBEANS,"SOYBEANS, NON-IRRIGATED - YIELD, MEASURED IN BU / ACRE",47.3,BU / ACRE
2017,NE,CUSTER,041,SOYBEANS,"SOYBEANS - YIELD, MEASURED IN BU / ACRE",46.8,BU / ACRE
2018,NE,CUSTER,041,SOYBEANS,"SOYBEANS - YIELD, MEASURED IN BU / ACRE",63.4,BU / ACRE
2020,NE,CUSTER,041,SOYBEANS,"SOYBEANS - YIELD, MEASURED IN BU / ACRE",61.9,BU / ACRE
2023,NE,CUSTER,041,SOYBEANS,"SOYBEANS - YIELD, MEASURED IN BU / ACRE",53.1,BU / ACRE
2024,NE,CUSTER,041,SOYBEANS,"SOYBEANS - YIELD, MEASURED IN BU / ACRE",57.1,BU / ACRE
2010,NE,DAKOTA,043,SOYBEANS,"SOYBEANS - YIELD, MEASURED IN BU / ACRE",53.3,BU / ACRE
2011,NE,DAKOTA,043,SOYBEANS,"SOYBEANS - YIELD, MEASURED IN BU / ACRE",41.9,BU / ACRE
2012,NE,DAKOTA,043,SOYBEANS,"SOYBEANS - YIELD, MEASURED IN BU / ACRE",28.7,BU / ACRE
2013,NE,DAKOTA,043,SOYBEANS,"SOYBEANS - YIELD, MEASURED IN BU / ACRE",54.1,BU / ACRE
2013,NE,DAKOTA,043,SOYBEANS,"SOYBEANS, IRRIGATED - YIELD, MEASURED IN BU / ACRE",61.7,BU / ACRE
2013,NE,DAKOTA,043,SOYBEANS,"SOYBEANS, NON-IRRIGATED - YIELD, MEASURED IN BU / ACRE",52.7,BU / ACRE
2014,NE,DAKOTA,043,SOYBEANS,"SOYBEANS - YIELD, MEASURED IN BU / ACRE",54.6,BU / ACRE
2014,NE,DAKOTA,043,SOYBEANS,"SOYBEANS, IRRIGATED - YIELD, MEASURED IN BU / ACRE",63.6,BU / ACRE
2014,NE,DAKOTA,043,SOYBEANS,"SOYBEANS, NON-IRRIGATED - YIELD, MEASURED IN BU / ACRE",53.0,BU / ACRE
2016,NE,DAKOTA,043,SOYBEANS,"SOYBEANS - YIELD, MEASURED IN BU / ACRE",58.8,BU / ACRE
2020,NE,DAKOTA,043,SOYBEANS,"SOYBEANS - YIELD, MEASURED IN BU / ACRE",58.3,BU / ACRE
2021,NE,DAKOTA,043,SOYBEANS,"SOYBEANS - YIELD, MEASURED IN BU / ACRE",58.6,BU / ACRE
2022,NE,DAKOTA,043,SOYBEANS,"SOYBEANS - YIELD, MEASURED IN BU / ACRE",49.4,BU / ACRE
2023,NE,DAKOTA,043,SOYBEANS,"SOYBEANS - YIELD, MEASURED IN BU / ACRE",52.7,BU / ACRE
2010,NE,DAWSON,047,SOYBEANS,"SOYBEANS - YIELD, MEASURED IN BU / ACRE",61.1,BU / ACRE
2010,NE,DAWSON,047,SOYBEANS,"SOYBEANS, IRRIGATED - YIELD, MEASURED IN BU / ACRE",62.1,BU / ACRE
2010,NE,DAWSON,047,SOYBEANS,"SOYBEANS, NON-IRRIGATED - YIELD, MEASURED IN BU / ACRE",47.3,BU / ACRE
2011,NE,DAWSON,047,SOYBEANS,"SOYBEANS - YIELD, MEASURED IN BU / ACRE",62.4,BU / ACRE
2011,NE,DAWSON,047,SOYBEANS,"SOYBEANS, IRRIGATED - YIELD, MEASURED IN BU / ACRE",63.7,BU / ACRE
2011,NE,DAWSON,047,SOYBEANS,"SOYBEANS, NON-IRRIGATED - YIELD, MEASURED IN BU / ACRE",45.9,BU / ACRE
2012,NE,DAWSON,047,SOYBEANS,"SOYBEANS - YIELD, MEASURED IN BU / ACRE",61.3,BU / ACRE
2012,NE,DAWSON,047,SOYBEANS,"SOYBEANS, IRRIGATED - YIELD, MEASURED IN BU / ACRE",64.7,BU / ACRE
2012,NE,DAWSON,047,SOYBEANS,"SOYBEANS, NON-IRRIGATED - YIELD, MEASURED IN BU / ACRE",12.9,BU / ACRE
2013,NE,DAWSON,047,SOYBEANS,"SOYBEANS - YIELD, MEASURED IN BU / ACRE",60.7,BU / ACRE
2014,NE,DAWSON,047,SOYBEANS,"SOYBEANS - YIELD, MEASURED IN BU / ACRE",62.5,BU / ACRE
2015,NE,DAWSON,047,SOYBEANS,"SOYBEANS - YIELD, MEASURED IN BU / ACRE",72.2,BU / ACRE
2016,NE,DAWSON,047,SOYBEANS,"SOYBEANS - YIELD, MEASURED IN BU / ACRE",70.7,BU / ACRE
2017,NE,DAWSON,047,SOYBEANS,"SOYBEANS - YIELD, MEASURED IN BU / ACRE",66.8,BU / ACRE
2018,NE,DAWSON,047,SOYBEANS,"SOYBEANS - YIELD, MEASURED IN BU / ACRE",72.2,BU / ACRE
2019,NE,DAWSON,047,SOYBEANS,"SOYBEANS - YIELD, MEASURED IN BU / ACRE",66.8,BU / ACRE
2020,NE,DAWSON,047,SOYBEANS,"SOYBEANS - YIELD, MEASURED IN BU / ACRE",67.2,BU / ACRE
2021,NE,DAWSON,047,SOYBEANS,"SOYBEANS - YIELD, MEASURED IN BU / ACRE",73.8,BU / ACRE
2022,NE,DAWSON,047,SOYBEANS,"SOYBEANS - YIELD, MEASURED IN BU / ACRE",60.9,BU / ACRE
2023,NE,DAWSON,047,SOYBEANS,"SOYBEANS - YIELD, MEASURED IN BU / ACRE",63.6,BU / ACRE
2024,NE,DAWSON,047,SOYBEANS,"SOYBEANS - YIELD, MEASURED IN BU / ACRE",67.0,BU / ACRE
2020,NE,DEUEL,049,SOYBEANS,"SOYBEANS - YIELD, MEASURED IN BU / ACRE",27.6,BU / ACRE
2010,NE,DIXON,051,SOYBEANS,"SOYBEANS - YIELD, MEASURED IN BU / ACRE",53.9,BU / ACRE
2011,NE,DIXON,051,SOYBEANS,"SOYBEANS - YIELD, MEASURED IN BU / ACRE",38.7,BU / ACRE
2012,NE,DIXON,051,SOYBEANS,"SOYBEANS - YIELD, MEASURED IN BU / ACRE",25.1,BU / ACRE
2013,NE,DIXON,051,SOYBEANS,"SOYBEANS - YIELD, MEASURED IN BU / ACRE",54.2,BU / ACRE
2014,NE,DIXON,051,SOYBEANS,"SOYBEANS - YIELD, MEASURED IN BU / ACRE",53.1,BU / ACRE
2015,NE,DIXON,051,SOYBEANS,"SOYBEANS - YIELD, MEASURED IN BU / ACRE",59.5,BU / ACRE
2016,NE,DIXON,051,SOYBEANS,"SOYBEANS - YIELD, MEASURED IN BU / ACRE",59.6,BU / ACRE
2017,NE,DIXON,051,SOYBEANS,"SOYBEANS - YIELD, MEASURED IN BU / ACRE",55.8,BU / ACRE
2020,NE,DIXON,051,SOYBEANS,"SOYBEANS - YIELD, MEASURED IN BU / ACRE",56.1,BU / ACRE
2025,NE,DIXON,051,SOYBEANS,"SOYBEANS - YIELD, MEASURED IN BU / ACRE",63.9,BU / ACRE
2010,NE,DODGE,053,SOYBEANS,"SOYBEANS - YIELD, MEASURED IN BU / ACRE",52.8,BU / ACRE
2010,NE,DODGE,053,SOYBEANS,"SOYBEANS, IRRIGATED - YIELD, MEASURED IN BU / ACRE",55.4,BU / ACRE
2010,NE,DODGE,053,SOYBEANS,"SOYBEANS, NON-IRRIGATED - YIELD, MEASURED IN BU / ACRE",51.1,BU / ACRE
2011,NE,DODGE,053,SOYBEANS,"SOYBEANS - YIELD, MEASURED IN BU / ACRE",52.7,BU / ACRE
2011,NE,DODGE,053,SOYBEANS,"SOYBEANS, IRRIGATED - YIELD, MEASURED IN BU / ACRE",55.1,BU / ACRE
2011,NE,DODGE,053,SOYBEANS,"SOYBEANS, NON-IRRIGATED - YIELD, MEASURED IN BU / ACRE",51.3,BU / ACRE
2012,NE,DODGE,053,SOYBEANS,"SOYBEANS - YIELD, MEASURED IN BU / ACRE",38.9,BU / ACRE
2012,NE,DODGE,053,SOYBEANS,"SOYBEANS, IRRIGATED - YIELD, MEASURED IN BU / ACRE",55.3,BU / ACRE
2012,NE,DODGE,053,SOYBEANS,"SOYBEANS, NON-IRRIGATED - YIELD, MEASURED IN BU / ACRE",29.3,BU / ACRE
2013,NE,DODGE,053,SOYBEANS,"SOYBEANS - YIELD, MEASURED IN BU / ACRE",54.1,BU / ACRE
2013,NE,DODGE,053,SOYBEANS,"SOYBEANS, IRRIGATED - YIELD, MEASURED IN BU / ACRE",58.3,BU / ACRE
2013,NE,DODGE,053,SOYBEANS,"SOYBEANS, NON-IRRIGATED - YIELD, MEASURED IN BU / ACRE",51.9,BU / ACRE
2014,NE,DODGE,053,SOYBEANS,"SOYBEANS - YIELD, MEASURED IN BU / ACRE",51.1,BU / ACRE
2014,NE,DODGE,053,SOYBEANS,"SOYBEANS, IRRIGATED - YIELD, MEASURED IN BU / ACRE",55.3,BU / ACRE
2014,NE,DODGE,053,SOYBEANS,"SOYBEANS, NON-IRRIGATED - YIELD, MEASURED IN BU / ACRE",48.5,BU / ACRE
2015,NE,DODGE,053,SOYBEANS,"SOYBEANS - YIELD, MEASURED IN BU / ACRE",60.3,BU / ACRE
2016,NE,DODGE,053,SOYBEANS,"SOYBEANS - YIELD, MEASURED IN BU / ACRE",59.7,BU / ACRE
2017,NE,DODGE,053,SOYBEANS,"SOYBEANS - YIELD, MEASURED IN BU / ACRE",60.7,BU / ACRE
2018,NE,DODGE,053,SOYBEANS,"SOYBEANS - YIELD, MEASURED IN BU / ACRE",57.3,BU / ACRE
2018,NE,DODGE,053,SOYBEANS,"SOYBEANS, IRRIGATED - YIELD, MEASURED IN BU / ACRE",59.1,BU / ACRE
2018,NE,DODGE,053,SOYBEANS,"SOYBEANS, NON-IRRIGATED - YIELD, MEASURED IN BU / ACRE",56.0,BU / ACRE
2019,NE,DODGE,053,SOYBEANS,"SOYBEANS - YIELD, MEASURED IN BU / ACRE",63.4,BU / ACRE
2020,NE,DODGE,053,SOYBEANS,"SOYBEANS - YIELD, MEASURED IN BU / ACRE",53.8,BU / ACRE
2021,NE,DODGE,053,SOYBEANS,"SOYBEANS - YIELD, MEASURED IN BU / ACRE",64.0,BU / ACRE
2022,NE,DODGE,053,SOYBEANS,"SOYBEANS - YIELD, MEASURED IN BU / ACRE",45.7,BU / ACRE
2023,NE,DODGE,053,SOYBEANS,"SOYBEANS - YIELD, MEASURED IN BU / ACRE",51.1,BU / ACRE
2010,NE,DOUGLAS,055,SOYBEANS,"SOYBEANS - YIELD, MEASURED IN BU / ACRE",48.8,BU / ACRE
2010,NE,DOUGLAS,055,SOYBEANS,"SOYBEANS, IRRIGATED - YIELD, MEASURED IN BU / ACRE",48.0,BU / ACRE
2010,NE,DOUGLAS,055,SOYBEANS,"SOYBEANS, NON-IRRIGATED - YIELD, MEASURED IN BU / ACRE",49.0,BU / ACRE
2011,NE,DOUGLAS,055,SOYBEANS,"SOYBEANS - YIELD, MEASURED IN BU / ACRE",49.2,BU / ACRE
2011,NE,DOUGLAS,055,SOYBEANS,"SOYBEANS, IRRIGATED - YIELD, MEASURED IN BU / ACRE",52.0,BU / ACRE
2011,NE,DOUGLAS,055,SOYBEANS,"SOYBEANS, NON-IRRIGATED - YIELD, MEASURED IN BU / ACRE",48.6,BU / ACRE
2012,NE,DOUGLAS,055,SOYBEANS,"SOYBEANS - YIELD, MEASURED IN BU / ACRE",30.4,BU / ACRE
2012,NE,DOUGLAS,055,SOYBEANS,"SOYBEANS, IRRIGATED - YIELD, MEASURED IN BU / ACRE",48.0,BU / ACRE
2012,NE,DOUGLAS,055,SOYBEANS,"SOYBEANS, NON-IRRIGATED - YIELD, MEASURED IN BU / ACRE",26.8,BU / ACRE
2013,NE,DOUGLAS,055,SOYBEANS,"SOYBEANS - YIELD, MEASURED IN BU / ACRE",47.7,BU / ACRE
2013,NE,DOUGLAS,055,SOYBEANS,"SOYBEANS, IRRIGATED - YIELD, MEASURED IN BU / ACRE",61.6,BU / ACRE
2013,NE,DOUGLAS,055,SOYBEANS,"SOYBEANS, NON-IRRIGATED - YIELD, MEASURED IN BU / ACRE",45.2,BU / ACRE
2014,NE,DOUGLAS,055,SOYBEANS,"SOYBEANS - YIELD, MEASURED IN BU / ACRE",52.3,BU / ACRE
2014,NE,DOUGLAS,055,SOYBEANS,"SOYBEANS, IRRIGATED - YIELD, MEASURED IN BU / ACRE",58.5,BU / ACRE
2014,NE,DOUGLAS,055,SOYBEANS,"SOYBEANS, NON-IRRIGATED - YIELD, MEASURED IN BU / ACRE",50.8,BU / ACRE
2015,NE,DOUGLAS,055,SOYBEANS,"SOYBEANS - YIELD, MEASURED IN BU / ACRE",56.1,BU / ACRE
2015,NE,DOUGLAS,055,SOYBEANS,"SOYBEANS, IRRIGATED - YIELD, MEASURED IN BU / ACRE",57.5,BU / ACRE
2015,NE,DOUGLAS,055,SOYBEANS,"SOYBEANS, NON-IRRIGATED - YIELD, MEASURED IN BU / ACRE",55.7,BU / ACRE
2016,NE,DOUGLAS,055,SOYBEANS,"SOYBEANS - YIELD, MEASURED IN BU / ACRE",61.2,BU / ACRE
2016,NE,DOUGLAS,055,SOYBEANS,"SOYBEANS, IRRIGATED - YIELD, MEASURED IN BU / ACRE",66.0,BU / ACRE
2016,NE,DOUGLAS,055,SOYBEANS,"SOYBEANS, NON-IRRIGATED - YIELD, MEASURED IN BU / ACRE",60.1,BU / ACRE
2017,NE,DOUGLAS,055,SOYBEANS,"SOYBEANS - YIELD, MEASURED IN BU / ACRE",54.2,BU / ACRE
2017,NE,DOUGLAS,055,SOYBEANS,"SOYBEANS, IRRIGATED - YIELD, MEASURED IN BU / ACRE",61.7,BU / ACRE
2017,NE,DOUGLAS,055,SOYBEANS,"SOYBEANS, NON-IRRIGATED - YIELD, MEASURED IN BU / ACRE",52.0,BU / ACRE
2018,NE,DOUGLAS,055,SOYBEANS,"SOYBEANS - YIELD, MEASURED IN BU / ACRE",59.6,BU / ACRE
2018,NE,DOUGLAS,055,SOYBEANS,"SOYBEANS, IRRIGATED - YIELD, MEASURED IN BU / ACRE",63.0,BU / ACRE
2018,NE,DOUGLAS,055,SOYBEANS,"SOYBEANS, NON-IRRIGATED - YIELD, MEASURED IN BU / ACRE",58.4,BU / ACRE
2019,NE,DOUGLAS,055,SOYBEANS,"SOYBEANS - YIELD, MEASURED IN BU / ACRE",53.4,BU / ACRE
2020,NE,DOUGLAS,055,SOYBEANS,"SOYBEANS - YIELD, MEASURED IN BU / ACRE",52.6,BU / ACRE
2021,NE,DOUGLAS,055,SOYBEANS,"SOYBEANS - YIELD, MEASURED IN BU / ACRE",59.0,BU / ACRE
2022,NE,DOUGLAS,055,SOYBEANS,"SOYBEANS - YIELD, MEASURED IN BU / ACRE",43.0,BU / ACRE
2023,NE,DOUGLAS,055,SOYBEANS,"SOYBEANS - YIELD, MEASURED IN BU / ACRE",41.4,BU / ACRE
2024,NE,DOUGLAS,055,SOYBEANS,"SOYBEANS - YIELD, MEASURED IN BU / ACRE",58.4,BU / ACRE
2025,NE,DOUGLAS,055,SOYBEANS,"SOYBEANS - YIELD, MEASURED IN BU / ACRE",61.8,BU / ACRE
2010,NE,DUNDY,057,SOYBEANS,"SOYBEANS - YIELD, MEASURED IN BU / ACRE",66.1,BU / ACRE
2012,NE,DUNDY,057,SOYBEANS,"SOYBEANS - YIELD, MEASURED IN BU / ACRE",62.8,BU / ACRE
2014,NE,DUNDY,057,SOYBEANS,"SOYBEANS - YIELD, MEASURED IN BU / ACRE",68.8,BU / ACRE
2016,NE,DUNDY,057,SOYBEANS,"SOYBEANS - YIELD, MEASURED IN BU / ACRE",61.9,BU / ACRE
2020,NE,DUNDY,057,SOYBEANS,"SOYBEANS - YIELD, MEASURED IN BU / ACRE",52.8,BU / ACRE
2010,NE,FILLMORE,059,SOYBEANS,"SOYBEANS - YIELD, MEASURED IN BU / ACRE",54.8,BU / ACRE
2010,NE,FILLMORE,059,SOYBEANS,"SOYBEANS, IRRIGATED - YIELD, MEASURED IN BU / ACRE",61.7,BU / ACRE
2010,NE,FILLMORE,059,SOYBEANS,"SOYBEANS, NON-IRRIGATED - YIELD, MEASURED IN BU / ACRE",37.9,BU / ACRE
2011,NE,FILLMORE,059,SOYBEANS,"SOYBEANS - YIELD, MEASURED IN BU / ACRE",63.8,BU / ACRE
2011,NE,FILLMORE,059,SOYBEANS,"SOYBEANS, IRRIGATED - YIELD, MEASURED IN BU / ACRE",68.9,BU / ACRE
2011,NE,FILLMORE,059,SOYBEANS,"SOYBEANS, NON-IRRIGATED - YIELD, MEASURED IN BU / ACRE",51.3,BU / ACRE
2012,NE,FILLMORE,059,SOYBEANS,"SOYBEANS - YIELD, MEASURED IN BU / ACRE",52.4,BU / ACRE
2012,NE,FILLMORE,059,SOYBEANS,"SOYBEANS, IRRIGATED - YIELD, MEASURED IN BU / ACRE",65.1,BU / ACRE
2012,NE,FILLMORE,059,SOYBEANS,"SOYBEANS, NON-IRRIGATED - YIELD, MEASURED IN BU / ACRE",22.1,BU / ACRE
2013,NE,FILLMORE,059,SOYBEANS,"SOYBEANS - YIELD, MEASURED IN BU / ACRE",57.7,BU / ACRE
2013,NE,FILLMORE,059,SOYBEANS,"SOYBEANS, IRRIGATED - YIELD, MEASURED IN BU / ACRE",65.2,BU / ACRE
2013,NE,FILLMORE,059,SOYBEANS,"SOYBEANS, NON-IRRIGATED - YIELD, MEASURED IN BU / ACRE",38.1,BU / ACRE
2014,NE,FILLMORE,059,SOYBEANS,"SOYBEANS - YIELD, MEASURED IN BU / ACRE",61.4,BU / ACRE
2014,NE,FILLMORE,059,SOYBEANS,"SOYBEANS, IRRIGATED - YIELD, MEASURED IN BU / ACRE",65.4,BU / ACRE
2014,NE,FILLMORE,059,SOYBEANS,"SOYBEANS, NON-IRRIGATED - YIELD, MEASURED IN BU / ACRE",49.7,BU / ACRE
2015,NE,FILLMORE,059,SOYBEANS,"SOYBEANS - YIELD, MEASURED IN BU / ACRE",62.3,BU / ACRE
2015,NE,FILLMORE,059,SOYBEANS,"SOYBEANS, IRRIGATED - YIELD, MEASURED IN BU / ACRE",66.8,BU / ACRE
2015,NE,FILLMORE,059,SOYBEANS,"SOYBEANS, NON-IRRIGATED - YIELD, MEASURED IN BU / ACRE",48.8,BU / ACRE
2016,NE,FILLMORE,059,SOYBEANS,"SOYBEANS - YIELD, MEASURED IN BU / ACRE",66.1,BU / ACRE
2016,NE,FILLMORE,059,SOYBEANS,"SOYBEANS, IRRIGATED - YIELD, MEASURED IN BU / ACRE",71.3,BU / ACRE
2016,NE,FILLMORE,059,SOYBEANS,"SOYBEANS, NON-IRRIGATED - YIELD, MEASURED IN BU / ACRE",50.9,BU / ACRE
2017,NE,FILLMORE,059,SOYBEANS,"SOYBEANS - YIELD, MEASURED IN BU / ACRE",64.3,BU / ACRE
2017,NE,FILLMORE,059,SOYBEANS,"SOYBEANS, IRRIGATED - YIELD, MEASURED IN BU / ACRE",69.7,BU / ACRE
2017,NE,FILLMORE,059,SOYBEANS,"SOYBEANS, NON-IRRIGATED - YIELD, MEASURED IN BU / ACRE",48.3,BU / ACRE
2018,NE,FILLMORE,059,SOYBEANS,"SOYBEANS - YIELD, MEASURED IN BU / ACRE",61.8,BU / ACRE
2019,NE,FILLMORE,059,SOYBEANS,"SOYBEANS - YIELD, MEASURED IN BU / ACRE",62.5,BU / ACRE
2020,NE,FILLMORE,059,SOYBEANS,"SOYBEANS - YIELD, MEASURED IN BU / ACRE",68.3,BU / ACRE
2022,NE,FILLMORE,059,SOYBEANS,"SOYBEANS - YIELD, MEASURED IN BU / ACRE",64.2,BU / ACRE
2023,NE,FILLMORE,059,SOYBEANS,"SOYBEANS - YIELD, MEASURED IN BU / ACRE",57.7,BU / ACRE
2024,NE,FILLMORE,059,SOYBEANS,"SOYBEANS - YIELD, MEASURED IN BU / ACRE",68.0,BU / ACRE
2025,NE,FILLMORE,059,SOYBEANS,"SOYBEANS - YIELD, MEASURED IN BU / ACRE",71.0,BU / ACRE
2010,NE,FRANKLIN,061,SOYBEANS,"SOYBEANS - YIELD, MEASURED IN BU / ACRE",57.0,BU / ACRE
2010,NE,FRANKLIN,061,SOYBEANS,"SOYBEANS, IRRIGATED - YIELD, MEASURED IN BU / ACRE",60.0,BU / ACRE
2010,NE,FRANKLIN,061,SOYBEANS,"SOYBEANS, NON-IRRIGATED - YIELD, MEASURED IN BU / ACRE",49.6,BU / ACRE
2011,NE,FRANKLIN,061,SOYBEANS,"SOYBEANS - YIELD, MEASURED IN BU / ACRE",60.1,BU / ACRE
2012,NE,FRANKLIN,061,SOYBEANS,"SOYBEANS - YIELD, MEASURED IN BU / ACRE",49.0,BU / ACRE
2012,NE,FRANKLIN,061,SOYBEANS,"SOYBEANS, IRRIGATED - YIELD, MEASURED IN BU / ACRE",60.6,BU / ACRE
2012,NE,FRANKLIN,061,SOYBEANS,"SOYBEANS, NON-IRRIGATED - YIELD, MEASURED IN BU / ACRE",26.7,BU / ACRE
2013,NE,FRANKLIN,061,SOYBEANS,"SOYBEANS - YIELD, MEASURED IN BU / ACRE",47.2,BU / ACRE
2014,NE,FRANKLIN,061,SOYBEANS,"SOYBEANS - YIELD, MEASURED IN BU / ACRE",53.8,BU / ACRE
2014,NE,FRANKLIN,061,SOYBEANS,"SOYBEANS, IRRIGATED - YIELD, MEASURED IN BU / ACRE",61.7,BU / ACRE
2014,NE,FRANKLIN,061,SOYBEANS,"SOYBEANS, NON-IRRIGATED - YIELD, MEASURED IN BU / ACRE",37.1,BU / ACRE
2015,NE,FRANKLIN,061,SOYBEANS,"SOYBEANS - YIELD, MEASURED IN BU / ACRE",57.0,BU / ACRE
2015,NE,FRANKLIN,061,SOYBEANS,"SOYBEANS, IRRIGATED - YIELD, MEASURED IN BU / ACRE",67.6,BU / ACRE
2015,NE,FRANKLIN,061,SOYBEANS,"SOYBEANS, NON-IRRIGATED - YIELD, MEASURED IN BU / ACRE",36.2,BU / ACRE
2016,NE,FRANKLIN,061,SOYBEANS,"SOYBEANS - YIELD, MEASURED IN BU / ACRE",60.7,BU / ACRE
2016,NE,FRANKLIN,061,SOYBEANS,"SOYBEANS, IRRIGATED - YIELD, MEASURED IN BU / ACRE",69.5,BU / ACRE
2016,NE,FRANKLIN,061,SOYBEANS,"SOYBEANS, NON-IRRIGATED - YIELD, MEASURED IN BU / ACRE",43.5,BU / ACRE
2020,NE,FRANKLIN,061,SOYBEANS,"SOYBEANS - YIELD, MEASURED IN BU / ACRE",59.7,BU / ACRE
2021,NE,FRANKLIN,061,SOYBEANS,"SOYBEANS - YIELD, MEASURED IN BU / ACRE",71.4,BU / ACRE
2022,NE,FRANKLIN,061,SOYBEANS,"SOYBEANS - YIELD, MEASURED IN BU / ACRE",47.2,BU / ACRE
2023,NE,FRANKLIN,061,SOYBEANS,"SOYBEANS - YIELD, MEASURED IN BU / ACRE",51.6,BU / ACRE
2024,NE,FRANKLIN,061,SOYBEANS,"SOYBEANS - YIELD, MEASURED IN BU / ACRE",64.2,BU / ACRE
2025,NE,FRANKLIN,061,SOYBEANS,"SOYBEANS - YIELD, MEASURED IN BU / ACRE",66.2,BU / ACRE
2010,NE,FRONTIER,063,SOYBEANS,"SOYBEANS - YIELD, MEASURED IN BU / ACRE",53.0,BU / ACRE
2011,NE,FRONTIER,063,SOYBEANS,"SOYBEANS - YIELD, MEASURED IN BU / ACRE",51.4,BU / ACRE
2012,NE,FRONTIER,063,SOYBEANS,"SOYBEANS - YIELD, MEASURED IN BU / ACRE",40.3,BU / ACRE
2013,NE,FRONTIER,063,SOYBEANS,"SOYBEANS - YIELD, MEASURED IN BU / ACRE",45.1,BU / ACRE
2015,NE,FRONTIER,063,SOYBEANS,"SOYBEANS - YIELD, MEASURED IN BU / ACRE",57.3,BU / ACRE
2016,NE,FRONTIER,063,SOYBEANS,"SOYBEANS - YIELD, MEASURED IN BU / ACRE",59.1,BU / ACRE
2020,NE,FRONTIER,063,SOYBEANS,"SOYBEANS - YIELD, MEASURED IN BU / ACRE",56.1,BU / ACRE
2023,NE,FRONTIER,063,SOYBEANS,"SOYBEANS - YIELD, MEASURED IN BU / ACRE",54.7,BU / ACRE
2010,NE,FURNAS,065,SOYBEANS,"SOYBEANS - YIELD, MEASURED IN BU / ACRE",53.8,BU / ACRE
2010,NE,FURNAS,065,SOYBEANS,"SOYBEANS, IRRIGATED - YIELD, MEASURED IN BU / ACRE",64.3,BU / ACRE
2010,NE,FURNAS,065,SOYBEANS,"SOYBEANS, NON-IRRIGATED - YIELD, MEASURED IN BU / ACRE",39.0,BU / ACRE
2011,NE,FURNAS,065,SOYBEANS,"SOYBEANS - YIELD, MEASURED IN BU / ACRE",55.6,BU / ACRE
2011,NE,FURNAS,065,SOYBEANS,"SOYBEANS, IRRIGATED - YIELD, MEASURED IN BU / ACRE",66.7,BU / ACRE
2011,NE,FURNAS,065,SOYBEANS,"SOYBEANS, NON-IRRIGATED - YIELD, MEASURED IN BU / ACRE",38.4,BU / ACRE
2012,NE,FURNAS,065,SOYBEANS,"SOYBEANS - YIELD, MEASURED IN BU / ACRE",37.4,BU / ACRE
2012,NE,FURNAS,065,SOYBEANS,"SOYBEANS, IRRIGATED - YIELD, MEASURED IN BU / ACRE",57.7,BU / ACRE
2012,NE,FURNAS,065,SOYBEANS,"SOYBEANS, NON-IRRIGATED - YIELD, MEASURED IN BU / ACRE",9.1,BU / ACRE
2013,NE,FURNAS,065,SOYBEANS,"SOYBEANS - YIELD, MEASURED IN BU / ACRE",35.2,BU / ACRE
2014,NE,FURNAS,065,SOYBEANS,"SOYBEANS - YIELD, MEASURED IN BU / ACRE",47.8,BU / ACRE
2014,NE,FURNAS,065,SOYBEANS,"SOYBEANS, IRRIGATED - YIELD, MEASURED IN BU / ACRE",59.3,BU / ACRE
2014,NE,FURNAS,065,SOYBEANS,"SOYBEANS, NON-IRRIGATED - YIELD, MEASURED IN BU / ACRE",34.8,BU / ACRE
2015,NE,FURNAS,065,SOYBEANS,"SOYBEANS - YIELD, MEASURED IN BU / ACRE",57.8,BU / ACRE
2015,NE,FURNAS,065,SOYBEANS,"SOYBEANS, IRRIGATED - YIELD, MEASURED IN BU / ACRE",69.2,BU / ACRE
2015,NE,FURNAS,065,SOYBEANS,"SOYBEANS, NON-IRRIGATED - YIELD, MEASURED IN BU / ACRE",41.6,BU / ACRE
2016,NE,FURNAS,065,SOYBEANS,"SOYBEANS - YIELD, MEASURED IN BU / ACRE",57.1,BU / ACRE
2016,NE,FURNAS,065,SOYBEANS,"SOYBEANS, IRRIGATED - YIELD, MEASURED IN BU / ACRE",70.1,BU / ACRE
2016,NE,FURNAS,065,SOYBEANS,"SOYBEANS, NON-IRRIGATED - YIELD, MEASURED IN BU / ACRE",42.8,BU / ACRE
2017,NE,FURNAS,065,SOYBEANS,"SOYBEANS - YIELD, MEASURED IN BU / ACRE",50.9,BU / ACRE
2020,NE,FURNAS,065,SOYBEANS,"SOYBEANS - YIELD, MEASURED IN BU / ACRE",47.3,BU / ACRE
2021,NE,FURNAS,065,SOYBEANS,"SOYBEANS - YIELD, MEASURED IN BU / ACRE",51.6,BU / ACRE
2022,NE,FURNAS,065,SOYBEANS,"SOYBEANS - YIELD, MEASURED IN BU / ACRE",37.5,BU / ACRE
2023,NE,FURNAS,065,SOYBEANS,"SOYBEANS - YIELD, MEASURED IN BU / ACRE",42.3,BU / ACRE
2024,NE,FURNAS,065,SOYBEANS,"SOYBEANS - YIELD, MEASURED IN BU / ACRE",64.4,BU / ACRE
2025,NE,FURNAS,065,SOYBEANS,"SOYBEANS - YIELD, MEASURED IN BU / ACRE",57.1,BU / ACRE
2010,NE,GAGE,067,SOYBEANS,"SOYBEANS - YIELD, MEASURED IN BU / ACRE",42.0,BU / ACRE
2010,NE,GAGE,067,SOYBEANS,"SOYBEANS, IRRIGATED - YIELD, MEASURED IN BU / ACRE",52.5,BU / ACRE
2010,NE,GAGE,067,SOYBEANS,"SOYBEANS, NON-IRRIGATED - YIELD, MEASURED IN BU / ACRE",39.5,BU / ACRE
2011,NE,GAGE,067,SOYBEANS,"SOYBEANS - YIELD, MEASURED IN BU / ACRE",46.5,BU / ACRE
2011,NE,GAGE,067,SOYBEANS,"SOYBEANS, IRRIGATED - YIELD, MEASURED IN BU / ACRE",57.1,BU / ACRE
2011,NE,GAGE,067,SOYBEANS,"SOYBEANS, NON-IRRIGATED - YIELD, MEASURED IN BU / ACRE",44.0,BU / ACRE
2012,NE,GAGE,067,SOYBEANS,"SOYBEANS - YIELD, MEASURED IN BU / ACRE",32.6,BU / ACRE
2013,NE,GAGE,067,SOYBEANS,"SOYBEANS - YIELD, MEASURED IN BU / ACRE",52.0,BU / ACRE
2013,NE,GAGE,067,SOYBEANS,"SOYBEANS, IRRIGATED - YIELD, MEASURED IN BU / ACRE",63.0,BU / ACRE
2013,NE,GAGE,067,SOYBEANS,"SOYBEANS, NON-IRRIGATED - YIELD, MEASURED IN BU / ACRE",49.4,BU / ACRE
2014,NE,GAGE,067,SOYBEANS,"SOYBEANS - YIELD, MEASURED IN BU / ACRE",47.8,BU / ACRE
2014,NE,GAGE,067,SOYBEANS,"SOYBEANS, IRRIGATED - YIELD, MEASURED IN BU / ACRE",61.3,BU / ACRE
2014,NE,GAGE,067,SOYBEANS,"SOYBEANS, NON-IRRIGATED - YIELD, MEASURED IN BU / ACRE",44.4,BU / ACRE
2015,NE,GAGE,067,SOYBEANS,"SOYBEANS - YIELD, MEASURED IN BU / ACRE",46.8,BU / ACRE
2015,NE,GAGE,067,SOYBEANS,"SOYBEANS, IRRIGATED - YIELD, MEASURED IN BU / ACRE",60.4,BU / ACRE
2015,NE,GAGE,067,SOYBEANS,"SOYBEANS, NON-IRRIGATED - YIELD, MEASURED IN BU / ACRE",43.2,BU / ACRE
2016,NE,GAGE,067,SOYBEANS,"SOYBEANS - YIELD, MEASURED IN BU / ACRE",53.2,BU / ACRE
2016,NE,GAGE,067,SOYBEANS,"SOYBEANS, IRRIGATED - YIELD, MEASURED IN BU / ACRE",64.6,BU / ACRE
2016,NE,GAGE,067,SOYBEANS,"SOYBEANS, NON-IRRIGATED - YIELD, MEASURED IN BU / ACRE",50.4,BU / ACRE
2017,NE,GAGE,067,SOYBEANS,"SOYBEANS - YIELD, MEASURED IN BU / ACRE",47.5,BU / ACRE
2018,NE,GAGE,067,SOYBEANS,"SOYBEANS - YIELD, MEASURED IN BU / ACRE",51.1,BU / ACRE
2019,NE,GAGE,067,SOYBEANS,"SOYBEANS - YIELD, MEASURED IN BU / ACRE",56.0,BU / ACRE
2020,NE,GAGE,067,SOYBEANS,"SOYBEANS - YIELD, MEASURED IN BU / ACRE",48.2,BU / ACRE
2021,NE,GAGE,067,SOYBEANS,"SOYBEANS - YIELD, MEASURED IN BU / ACRE",51.2,BU / ACRE
2022,NE,GAGE,067,SOYBEANS,"SOYBEANS - YIELD, MEASURED IN BU / ACRE",36.5,BU / ACRE
2023,NE,GAGE,067,SOYBEANS,"SOYBEANS - YIELD, MEASURED IN BU / ACRE",45.4,BU / ACRE
2024,NE,GAGE,067,SOYBEANS,"SOYBEANS - YIELD, MEASURED IN BU / ACRE",41.1,BU / ACRE
2025,NE,GAGE,067,SOYBEANS,"SOYBEANS - YIELD, MEASURED IN BU / ACRE",59.1,BU / ACRE
2010,NE,GARDEN,069,SOYBEANS,"SOYBEANS - YIELD, MEASURED IN BU / ACRE",37.0,BU / ACRE
2011,NE,GARDEN,069,SOYBEANS,"SOYBEANS - YIELD, MEASURED IN BU / ACRE",47.9,BU / ACRE
2012,NE,GARDEN,069,SOYBEANS,"SOYBEANS - YIELD, MEASURED IN BU / ACRE",52.0,BU / ACRE
2013,NE,GARDEN,069,SOYBEANS,"SOYBEANS - YIELD, MEASURED IN BU / ACRE",55.3,BU / ACRE
2014,NE,GARDEN,069,SOYBEANS,"SOYBEANS - YIELD, MEASURED IN BU / ACRE",56.3,BU / ACRE
2011,NE,GARFIELD,071,SOYBEANS,"SOYBEANS - YIELD, MEASURED IN BU / ACRE",49.9,BU / ACRE
2011,NE,GARFIELD,071,SOYBEANS,"SOYBEANS, IRRIGATED - YIELD, MEASURED IN BU / ACRE",53.8,BU / ACRE
2011,NE,GARFIELD,071,SOYBEANS,"SOYBEANS, NON-IRRIGATED - YIELD, MEASURED IN BU / ACRE",31.0,BU / ACRE
2012,NE,GARFIELD,071,SOYBEANS,"SOYBEANS - YIELD, MEASURED IN BU / ACRE",41.8,BU / ACRE
2013,NE,GARFIELD,071,SOYBEANS,"SOYBEANS - YIELD, MEASURED IN BU / ACRE",45.7,BU / ACRE
2015,NE,GARFIELD,071,SOYBEANS,"SOYBEANS - YIELD, MEASURED IN BU / ACRE",59.1,BU / ACRE
2018,NE,GARFIELD,071,SOYBEANS,"SOYBEANS - YIELD, MEASURED IN BU / ACRE",61.7,BU / ACRE
2020,NE,GARFIELD,071,SOYBEANS,"SOYBEANS - YIELD, MEASURED IN BU / ACRE",57.0,BU / ACRE
2021,NE,GARFIELD,071,SOYBEANS,"SOYBEANS - YIELD, MEASURED IN BU / ACRE",58.5,BU / ACRE
2022,NE,GARFIELD,071,SOYBEANS,"SOYBEANS - YIELD, MEASURED IN BU / ACRE",59.5,BU / ACRE
2010,NE,GOSPER,073,SOYBEANS,"SOYBEANS - YIELD, MEASURED IN BU / ACRE",57.8,BU / ACRE
2010,NE,GOSPER,073,SOYBEANS,"SOYBEANS, IRRIGATED - YIELD, MEASURED IN BU / ACRE",62.5,BU / ACRE
2010,NE,GOSPER,073,SOYBEANS,"SOYBEANS, NON-IRRIGATED - YIELD, MEASURED IN BU / ACRE",39.1,BU / ACRE
2011,NE,GOSPER,073,SOYBEANS,"SOYBEANS - YIELD, MEASURED IN BU / ACRE",62.0,BU / ACRE
2012,NE,GOSPER,073,SOYBEANS,"SOYBEANS - YIELD, MEASURED IN BU / ACRE",50.7,BU / ACRE
2012,NE,GOSPER,073,SOYBEANS,"SOYBEANS, IRRIGATED - YIELD, MEASURED IN BU / ACRE",65.1,BU / ACRE
2012,NE,GOSPER,073,SOYBEANS,"SOYBEANS, NON-IRRIGATED - YIELD, MEASURED IN BU / ACRE",7.8,BU / ACRE
2013,NE,GOSPER,073,SOYBEANS,"SOYBEANS - YIELD, MEASURED IN BU / ACRE",54.9,BU / ACRE
2013,NE,GOSPER,073,SOYBEANS,"SOYBEANS, IRRIGATED - YIELD, MEASURED IN BU / ACRE",66.0,BU / ACRE
2013,NE,GOSPER,073,SOYBEANS,"SOYBEANS, NON-IRRIGATED - YIELD, MEASURED IN BU / ACRE",6.3,BU / ACRE
2014,NE,GOSPER,073,SOYBEANS,"SOYBEANS - YIELD, MEASURED IN BU / ACRE",57.8,BU / ACRE
2015,NE,GOSPER,073,SOYBEANS,"SOYBEANS - YIELD, MEASURED IN BU / ACRE",63.6,BU / ACRE
2016,NE,GOSPER,073,SOYBEANS,"SOYBEANS - YIELD, MEASURED IN BU / ACRE",67.2,BU / ACRE
2018,NE,GOSPER,073,SOYBEANS,"SOYBEANS - YIELD, MEASURED IN BU / ACRE",66.8,BU / ACRE
2018,NE,GOSPER,073,SOYBEANS,"SOYBEANS, IRRIGATED - YIELD, MEASURED IN BU / ACRE",74.2,BU / ACRE
2018,NE,GOSPER,073,SOYBEANS,"SOYBEANS, NON-IRRIGATED - YIELD, MEASURED IN BU / ACRE",46.4,BU / ACRE
2019,NE,GOSPER,073,SOYBEANS,"SOYBEANS - YIELD, MEASURED IN BU / ACRE",65.4,BU / ACRE
2020,NE,GOSPER,073,SOYBEANS,"SOYBEANS - YIELD, MEASURED IN BU / ACRE",70.2,BU / ACRE
2021,NE,GOSPER,073,SOYBEANS,"SOYBEANS - YIELD, MEASURED IN BU / ACRE",75.5,BU / ACRE
2023,NE,GOSPER,073,SOYBEANS,"SOYBEANS - YIELD, MEASURED IN BU / ACRE",59.8,BU / ACRE
2010,NE,GREELEY,077,SOYBEANS,"SOYBEANS - YIELD, MEASURED IN BU / ACRE",50.1,BU / ACRE
2010,NE,GREELEY,077,SOYBEANS,"SOYBEANS, IRRIGATED - YIELD, MEASURED IN BU / ACRE",53.5,BU / ACRE
2010,NE,GREELEY,077,SOYBEANS,"SOYBEANS, NON-IRRIGATED - YIELD, MEASURED IN BU / ACRE",37.0,BU / ACRE
2011,NE,GREELEY,077,SOYBEANS,"SOYBEANS - YIELD, MEASURED IN BU / ACRE",54.2,BU / ACRE
2011,NE,GREELEY,077,SOYBEANS,"SOYBEANS, IRRIGATED - YIELD, MEASURED IN BU / ACRE",56.6,BU / ACRE
2011,NE,GREELEY,077,SOYBEANS,"SOYBEANS, NON-IRRIGATED - YIELD, MEASURED IN BU / ACRE",44.3,BU / ACRE
2012,NE,GREELEY,077,SOYBEANS,"SOYBEANS - YIELD, MEASURED IN BU / ACRE",49.0,BU / ACRE
2014,NE,GREELEY,077,SOYBEANS,"SOYBEANS - YIELD, MEASURED IN BU / ACRE",52.5,BU / ACRE
2014,NE,GREELEY,077,SOYBEANS,"SOYBEANS, IRRIGATED - YIELD, MEASURED IN BU / ACRE",54.2,BU / ACRE
2014,NE,GREELEY,077,SOYBEANS,"SOYBEANS, NON-IRRIGATED - YIELD, MEASURED IN BU / ACRE",46.3,BU / ACRE
2015,NE,GREELEY,077,SOYBEANS,"SOYBEANS - YIELD, MEASURED IN BU / ACRE",58.0,BU / ACRE
2016,NE,GREELEY,077,SOYBEANS,"SOYBEANS - YIELD, MEASURED IN BU / ACRE",62.8,BU / ACRE
2017,NE,GREELEY,077,SOYBEANS,"SOYBEANS - YIELD, MEASURED IN BU / ACRE",58.8,BU / ACRE
2018,NE,GREELEY,077,SOYBEANS,"SOYBEANS - YIELD, MEASURED IN BU / ACRE",59.7,BU / ACRE
2018,NE,GREELEY,077,SOYBEANS,"SOYBEANS, IRRIGATED - YIELD, MEASURED IN BU / ACRE",62.3,BU / ACRE
2018,NE,GREELEY,077,SOYBEANS,"SOYBEANS, NON-IRRIGATED - YIELD, MEASURED IN BU / ACRE",49.5,BU / ACRE
2020,NE,GREELEY,077,SOYBEANS,"SOYBEANS - YIELD, MEASURED IN BU / ACRE",63.0,BU / ACRE
2021,NE,GREELEY,077,SOYBEANS,"SOYBEANS - YIELD, MEASURED IN BU / ACRE",64.2,BU / ACRE
2022,NE,GREELEY,077,SOYBEANS,"SOYBEANS - YIELD, MEASURED IN BU / ACRE",51.8,BU / ACRE
2023,NE,GREELEY,077,SOYBEANS,"SOYBEANS - YIELD, MEASURED IN BU / ACRE",53.4,BU / ACRE
2024,NE,GREELEY,077,SOYBEANS,"SOYBEANS - YIELD, MEASURED IN BU / ACRE",56.4,BU / ACRE
2010,NE,HALL,079,SOYBEANS,"SOYBEANS - YIELD, MEASURED IN BU / ACRE",60.1,BU / ACRE
2010,NE,HALL,079,SOYBEANS,"SOYBEANS, IRRIGATED - YIELD, MEASURED IN BU / ACRE",62.0,BU / ACRE
2010,NE,HALL,079,SOYBEANS,"SOYBEANS, NON-IRRIGATED - YIELD, MEASURED IN BU / ACRE",45.6,BU / ACRE
2011,NE,HALL,079,SOYBEANS,"SOYBEANS - YIELD, MEASURED IN BU / ACRE",63.1,BU / ACRE
2011,NE,HALL,079,SOYBEANS,"SOYBEANS, IRRIGATED - YIELD, MEASURED IN BU / ACRE",65.2,BU / ACRE
2011,NE,HALL,079,SOYBEANS,"SOYBEANS, NON-IRRIGATED - YIELD, MEASURED IN BU / ACRE",50.6,BU / ACRE
2012,NE,HALL,079,SOYBEANS,"SOYBEANS - YIELD, MEASURED IN BU / ACRE",56.0,BU / ACRE
2013,NE,HALL,079,SOYBEANS,"SOYBEANS - YIELD, MEASURED IN BU / ACRE",61.9,BU / ACRE
2014,NE,HALL,079,SOYBEANS,"SOYBEANS - YIELD, MEASURED IN BU / ACRE",63.2,BU / ACRE
2015,NE,HALL,079,SOYBEANS,"SOYBEANS - YIELD, MEASURED IN BU / ACRE",66.5,BU / ACRE
2016,NE,HALL,079,SOYBEANS,"SOYBEANS - YIELD, MEASURED IN BU / ACRE",67.8,BU / ACRE
2017,NE,HALL,079,SOYBEANS,"SOYBEANS - YIELD, MEASURED IN BU / ACRE",64.8,BU / ACRE
2018,NE,HALL,079,SOYBEANS,"SOYBEANS - YIELD, MEASURED IN BU / ACRE",66.5,BU / ACRE
2019,NE,HALL,079,SOYBEANS,"SOYBEANS - YIELD, MEASURED IN BU / ACRE",53.5,BU / ACRE
2020,NE,HALL,079,SOYBEANS,"SOYBEANS - YIELD, MEASURED IN BU / ACRE",71.6,BU / ACRE
2022,NE,HALL,079,SOYBEANS,"SOYBEANS - YIELD, MEASURED IN BU / ACRE",64.1,BU / ACRE
2023,NE,HALL,079,SOYBEANS,"SOYBEANS - YIELD, MEASURED IN BU / ACRE",62.9,BU / ACRE
2024,NE,HALL,079,SOYBEANS,"SOYBEANS - YIELD, MEASURED IN BU / ACRE",63.5,BU / ACRE
2025,NE,HALL,079,SOYBEANS,"SOYBEANS - YIELD, MEASURED IN BU / ACRE",75.4,BU / ACRE
2010,NE,HAMILTON,081,SOYBEANS,"SOYBEANS - YIELD, MEASURED IN BU / ACRE",64.2,BU / ACRE
2010,NE,HAMILTON,081,SOYBEANS,"SOYBEANS, IRRIGATED - YIELD, MEASURED IN BU / ACRE",66.0,BU / ACRE
2010,NE,HAMILTON,081,SOYBEANS,"SOYBEANS, NON-IRRIGATED - YIELD, MEASURED IN BU / ACRE",49.6,BU / ACRE
2011,NE,HAMILTON,081,SOYBEANS,"SOYBEANS - YIELD, MEASURED IN BU / ACRE",68.5,BU / ACRE
2011,NE,HAMILTON,081,SOYBEANS,"SOYBEANS, IRRIGATED - YIELD, MEASURED IN BU / ACRE",70.3,BU / ACRE
2011,NE,HAMILTON,081,SOYBEANS,"SOYBEANS, NON-IRRIGATED - YIELD, MEASURED IN BU / ACRE",53.2,BU / ACRE
2012,NE,HAMILTON,081,SOYBEANS,"SOYBEANS - YIELD, MEASURED IN BU / ACRE",61.3,BU / ACRE
2012,NE,HAMILTON,081,SOYBEANS,"SOYBEANS, IRRIGATED - YIELD, MEASURED IN BU / ACRE",66.8,BU / ACRE
2012,NE,HAMILTON,081,SOYBEANS,"SOYBEANS, NON-IRRIGATED - YIELD, MEASURED IN BU / ACRE",17.7,BU / ACRE
2013,NE,HAMILTON,081,SOYBEANS,"SOYBEANS - YIELD, MEASURED IN BU / ACRE",61.5,BU / ACRE
2013,NE,HAMILTON,081,SOYBEANS,"SOYBEANS, IRRIGATED - YIELD, MEASURED IN BU / ACRE",64.9,BU / ACRE
2013,NE,HAMILTON,081,SOYBEANS,"SOYBEANS, NON-IRRIGATED - YIELD, MEASURED IN BU / ACRE",36.1,BU / ACRE
2014,NE,HAMILTON,081,SOYBEANS,"SOYBEANS - YIELD, MEASURED IN BU / ACRE",62.7,BU / ACRE
2015,NE,HAMILTON,081,SOYBEANS,"SOYBEANS - YIELD, MEASURED IN BU / ACRE",63.6,BU / ACRE
2016,NE,HAMILTON,081,SOYBEANS,"SOYBEANS - YIELD, MEASURED IN BU / ACRE",70.8,BU / ACRE
2016,NE,HAMILTON,081,SOYBEANS,"SOYBEANS, IRRIGATED - YIELD, MEASURED IN BU / ACRE",72.0,BU / ACRE
2016,NE,HAMILTON,081,SOYBEANS,"SOYBEANS, NON-IRRIGATED - YIELD, MEASURED IN BU / ACRE",59.7,BU / ACRE
2017,NE,HAMILTON,081,SOYBEANS,"SOYBEANS - YIELD, MEASURED IN BU / ACRE",67.7,BU / ACRE
2018,NE,HAMILTON,081,SOYBEANS,"SOYBEANS - YIELD, MEASURED IN BU / ACRE",63.5,BU / ACRE
2019,NE,HAMILTON,081,SOYBEANS,"SOYBEANS - YIELD, MEASURED IN BU / ACRE",64.9,BU / ACRE
2020,NE,HAMILTON,081,SOYBEANS,"SOYBEANS - YIELD, MEASURED IN BU / ACRE",70.9,BU / ACRE
2022,NE,HAMILTON,081,SOYBEANS,"SOYBEANS - YIELD, MEASURED IN BU / ACRE",66.9,BU / ACRE
2023,NE,HAMILTON,081,SOYBEANS,"SOYBEANS - YIELD, MEASURED IN BU / ACRE",58.8,BU / ACRE
2024,NE,HAMILTON,081,SOYBEANS,"SOYBEANS - YIELD, MEASURED IN BU / ACRE",67.7,BU / ACRE
2025,NE,HAMILTON,081,SOYBEANS,"SOYBEANS - YIELD, MEASURED IN BU / ACRE",74.9,BU / ACRE
2010,NE,HARLAN,083,SOYBEANS,"SOYBEANS - YIELD, MEASURED IN BU / ACRE",57.5,BU / ACRE
2010,NE,HARLAN,083,SOYBEANS,"SOYBEANS, IRRIGATED - YIELD, MEASURED IN BU / ACRE",61.0,BU / ACRE
2010,NE,HARLAN,083,SOYBEANS,"SOYBEANS, NON-IRRIGATED - YIELD, MEASURED IN BU / ACRE",47.0,BU / ACRE
2011,NE,HARLAN,083,SOYBEANS,"SOYBEANS - YIELD, MEASURED IN BU / ACRE",63.1,BU / ACRE
2011,NE,HARLAN,083,SOYBEANS,"SOYBEANS, IRRIGATED - YIELD, MEASURED IN BU / ACRE",67.1,BU / ACRE
2011,NE,HARLAN,083,SOYBEANS,"SOYBEANS, NON-IRRIGATED - YIELD, MEASURED IN BU / ACRE",53.0,BU / ACRE
2012,NE,HARLAN,083,SOYBEANS,"SOYBEANS - YIELD, MEASURED IN BU / ACRE",48.0,BU / ACRE
2012,NE,HARLAN,083,SOYBEANS,"SOYBEANS, IRRIGATED - YIELD, MEASURED IN BU / ACRE",62.3,BU / ACRE
2012,NE,HARLAN,083,SOYBEANS,"SOYBEANS, NON-IRRIGATED - YIELD, MEASURED IN BU / ACRE",20.0,BU / ACRE
2013,NE,HARLAN,083,SOYBEANS,"SOYBEANS - YIELD, MEASURED IN BU / ACRE",41.7,BU / ACRE
2013,NE,HARLAN,083,SOYBEANS,"SOYBEANS, IRRIGATED - YIELD, MEASURED IN BU / ACRE",53.0,BU / ACRE
2013,NE,HARLAN,083,SOYBEANS,"SOYBEANS, NON-IRRIGATED - YIELD, MEASURED IN BU / ACRE",12.8,BU / ACRE
2014,NE,HARLAN,083,SOYBEANS,"SOYBEANS - YIELD, MEASURED IN BU / ACRE",54.3,BU / ACRE
2015,NE,HARLAN,083,SOYBEANS,"SOYBEANS - YIELD, MEASURED IN BU / ACRE",61.0,BU / ACRE
2015,NE,HARLAN,083,SOYBEANS,"SOYBEANS, IRRIGATED - YIELD, MEASURED IN BU / ACRE",69.4,BU / ACRE
2015,NE,HARLAN,083,SOYBEANS,"SOYBEANS, NON-IRRIGATED - YIELD, MEASURED IN BU / ACRE",42.7,BU / ACRE
2016,NE,HARLAN,083,SOYBEANS,"SOYBEANS - YIELD, MEASURED IN BU / ACRE",65.4,BU / ACRE
2016,NE,HARLAN,083,SOYBEANS,"SOYBEANS, IRRIGATED - YIELD, MEASURED IN BU / ACRE",73.1,BU / ACRE
2016,NE,HARLAN,083,SOYBEANS,"SOYBEANS, NON-IRRIGATED - YIELD, MEASURED IN BU / ACRE",48.8,BU / ACRE
2018,NE,HARLAN,083,SOYBEANS,"SOYBEANS - YIELD, MEASURED IN BU / ACRE",66.2,BU / ACRE
2020,NE,HARLAN,083,SOYBEANS,"SOYBEANS - YIELD, MEASURED IN BU / ACRE",58.8,BU / ACRE
2021,NE,HARLAN,083,SOYBEANS,"SOYBEANS - YIELD, MEASURED IN BU / ACRE",71.7,BU / ACRE
2022,NE,HARLAN,083,SOYBEANS,"SOYBEANS - YIELD, MEASURED IN BU / ACRE",60.3,BU / ACRE
2023,NE,HARLAN,083,SOYBEANS,"SOYBEANS - YIELD, MEASURED IN BU / ACRE",53.2,BU / ACRE
2025,NE,HARLAN,083,SOYBEANS,"SOYBEANS - YIELD, MEASURED IN BU / ACRE",64.4,BU / ACRE
2010,NE,HAYES,085,SOYBEANS,"SOYBEANS - YIELD, MEASURED IN BU / ACRE",51.5,BU / ACRE
2011,NE,HAYES,085,SOYBEANS,"SOYBEANS - YIELD, MEASURED IN BU / ACRE",50.2,BU / ACRE
2012,NE,HAYES,085,SOYBEANS,"SOYBEANS - YIELD, MEASURED IN BU / ACRE",54.9,BU / ACRE
2014,NE,HAYES,085,SOYBEANS,"SOYBEANS - YIELD, MEASURED IN BU / ACRE",65.6,BU / ACRE
2010,NE,HITCHCOCK,087,SOYBEANS,"SOYBEANS - YIELD, MEASURED IN BU / ACRE",57.0,BU / ACRE
2012,NE,HITCHCOCK,087,SOYBEANS,"SOYBEANS - YIELD, MEASURED IN BU / ACRE",43.3,BU / ACRE
2013,NE,HITCHCOCK,087,SOYBEANS,"SOYBEANS - YIELD, MEASURED IN BU / ACRE",35.5,BU / ACRE
2023,NE,HITCHCOCK,087,SOYBEANS,"SOYBEANS - YIELD, MEASURED IN BU / ACRE",47.5,BU / ACRE
2010,NE,HOLT,089,SOYBEANS,"SOYBEANS - YIELD, MEASURED IN BU / ACRE",45.7,BU / ACRE
2010,NE,HOLT,089,SOYBEANS,"SOYBEANS, IRRIGATED - YIELD, MEASURED IN BU / ACRE",47.0,BU / ACRE
2010,NE,HOLT,089,SOYBEANS,"SOYBEANS, NON-IRRIGATED - YIELD, MEASURED IN BU / ACRE",35.1,BU / ACRE
2011,NE,HOLT,089,SOYBEANS,"SOYBEANS - YIELD, MEASURED IN BU / ACRE",55.8,BU / ACRE
2011,NE,HOLT,089,SOYBEANS,"SOYBEANS, IRRIGATED - YIELD, MEASURED IN BU / ACRE",58.7,BU / ACRE
2011,NE,HOLT,089,SOYBEANS,"SOYBEANS, NON-IRRIGATED - YIELD, MEASURED IN BU / ACRE",33.1,BU / ACRE
2012,NE,HOLT,089,SOYBEANS,"SOYBEANS - YIELD, MEASURED IN BU / ACRE",54.6,BU / ACRE
2012,NE,HOLT,089,SOYBEANS,"SOYBEANS, IRRIGATED - YIELD, MEASURED IN BU / ACRE",59.7,BU / ACRE
2012,NE,HOLT,089,SOYBEANS,"SOYBEANS, NON-IRRIGATED - YIELD, MEASURED IN BU / ACRE",10.5,BU / ACRE
2013,NE,HOLT,089,SOYBEANS,"SOYBEANS - YIELD, MEASURED IN BU / ACRE",59.5,BU / ACRE
2014,NE,HOLT,089,SOYBEANS,"SOYBEANS - YIELD, MEASURED IN BU / ACRE",53.9,BU / ACRE
2015,NE,HOLT,089,SOYBEANS,"SOYBEANS - YIELD, MEASURED IN BU / ACRE",66.9,BU / ACRE
2016,NE,HOLT,089,SOYBEANS,"SOYBEANS - YIELD, MEASURED IN BU / ACRE",63.3,BU / ACRE
2017,NE,HOLT,089,SOYBEANS,"SOYBEANS - YIELD, MEASURED IN BU / ACRE",61.5,BU / ACRE
2018,NE,HOLT,089,SOYBEANS,"SOYBEANS - YIELD, MEASURED IN BU / ACRE",62.9,BU / ACRE
2019,NE,HOLT,089,SOYBEANS,"SOYBEANS - YIELD, MEASURED IN BU / ACRE",60.0,BU / ACRE
2020,NE,HOLT,089,SOYBEANS,"SOYBEANS - YIELD, MEASURED IN BU / ACRE",59.1,BU / ACRE
2022,NE,HOLT,089,SOYBEANS,"SOYBEANS - YIELD, MEASURED IN BU / ACRE",58.5,BU / ACRE
2023,NE,HOLT,089,SOYBEANS,"SOYBEANS - YIELD, MEASURED IN BU / ACRE",65.0,BU / ACRE
2024,NE,HOLT,089,SOYBEANS,"SOYBEANS - YIELD, MEASURED IN BU / ACRE",63.8,BU / ACRE
2010,NE,HOWARD,093,SOYBEANS,"SOYBEANS - YIELD, MEASURED IN BU / ACRE",57.8,BU / ACRE
2010,NE,HOWARD,093,SOYBEANS,"SOYBEANS, IRRIGATED - YIELD, MEASURED IN BU / ACRE",60.1,BU / ACRE
2010,NE,HOWARD,093,SOYBEANS,"SOYBEANS, NON-IRRIGATED - YIELD, MEASURED IN BU / ACRE",46.0,BU / ACRE
2011,NE,HOWARD,093,SOYBEANS,"SOYBEANS - YIELD, MEASURED IN BU / ACRE",57.5,BU / ACRE
2011,NE,HOWARD,093,SOYBEANS,"SOYBEANS, IRRIGATED - YIELD, MEASURED IN BU / ACRE",59.2,BU / ACRE
2011,NE,HOWARD,093,SOYBEANS,"SOYBEANS, NON-IRRIGATED - YIELD, MEASURED IN BU / ACRE",49.4,BU / ACRE
2012,NE,HOWARD,093,SOYBEANS,"SOYBEANS - YIELD, MEASURED IN BU / ACRE",47.1,BU / ACRE
2012,NE,HOWARD,093,SOYBEANS,"SOYBEANS, IRRIGATED - YIELD, MEASURED IN BU / ACRE",53.9,BU / ACRE
2012,NE,HOWARD,093,SOYBEANS,"SOYBEANS, NON-IRRIGATED - YIELD, MEASURED IN BU / ACRE",12.9,BU / ACRE
2013,NE,HOWARD,093,SOYBEANS,"SOYBEANS - YIELD, MEASURED IN BU / ACRE",61.0,BU / ACRE
2013,NE,HOWARD,093,SOYBEANS,"SOYBEANS, IRRIGATED - YIELD, MEASURED IN BU / ACRE",64.5,BU / ACRE
2013,NE,HOWARD,093,SOYBEANS,"SOYBEANS, NON-IRRIGATED - YIELD, MEASURED IN BU / ACRE",41.6,BU / ACRE
2014,NE,HOWARD,093,SOYBEANS,"SOYBEANS - YIELD, MEASURED IN BU / ACRE",53.6,BU / ACRE
2015,NE,HOWARD,093,SOYBEANS,"SOYBEANS - YIELD, MEASURED IN BU / ACRE",58.4,BU / ACRE
2016,NE,HOWARD,093,SOYBEANS,"SOYBEANS - YIELD, MEASURED IN BU / ACRE",65.9,BU / ACRE
2016,NE,HOWARD,093,SOYBEANS,"SOYBEANS, IRRIGATED - YIELD, MEASURED IN BU / ACRE",68.2,BU / ACRE
2016,NE,HOWARD,093,SOYBEANS,"SOYBEANS, NON-IRRIGATED - YIELD, MEASURED IN BU / ACRE",53.8,BU / ACRE
2018,NE,HOWARD,093,SOYBEANS,"SOYBEANS - YIELD, MEASURED IN BU / ACRE",53.2,BU / ACRE
2019,NE,HOWARD,093,SOYBEANS,"SOYBEANS - YIELD, MEASURED IN BU / ACRE",59.9,BU / ACRE
2020,NE,HOWARD,093,SOYBEANS,"SOYBEANS - YIELD, MEASURED IN BU / ACRE",62.9,BU / ACRE
2021,NE,HOWARD,093,SOYBEANS,"SOYBEANS - YIELD, MEASURED IN BU / ACRE",70.3,BU / ACRE
2022,NE,HOWARD,093,SOYBEANS,"SOYBEANS - YIELD, MEASURED IN BU / ACRE",51.1,BU / ACRE
2023,NE,HOWARD,093,SOYBEANS,"SOYBEANS - YIELD, MEASURED IN BU / ACRE",59.9,BU / ACRE
2024,NE,HOWARD,093,SOYBEANS,"SOYBEANS - YIELD, MEASURED IN BU / ACRE",61.7,BU / ACRE
2025,NE,HOWARD,093,SOYBEANS,"SOYBEANS - YIELD, MEASURED IN BU / ACRE",67.2,BU / ACRE
2010,NE,JEFFERSON,095,SOYBEANS,"SOYBEANS - YIELD, MEASURED IN BU / ACRE",43.3,BU / ACRE
2010,NE,JEFFERSON,095,SOYBEANS,"SOYBEANS, IRRIGATED - YIELD, MEASURED IN BU / ACRE",52.0,BU / ACRE
2010,NE,JEFFERSON,095,SOYBEANS,"SOYBEANS, NON-IRRIGATED - YIELD, MEASURED IN BU / ACRE",37.1,BU / ACRE
2011,NE,JEFFERSON,095,SOYBEANS,"SOYBEANS - YIELD, MEASURED IN BU / ACRE",51.3,BU / ACRE
2011,NE,JEFFERSON,095,SOYBEANS,"SOYBEANS, IRRIGATED - YIELD, MEASURED IN BU / ACRE",60.0,BU / ACRE
2011,NE,JEFFERSON,095,SOYBEANS,"SOYBEANS, NON-IRRIGATED - YIELD, MEASURED IN BU / ACRE",45.7,BU / ACRE
2012,NE,JEFFERSON,095,SOYBEANS,"SOYBEANS - YIELD, MEASURED IN BU / ACRE",38.3,BU / ACRE
2012,NE,JEFFERSON,095,SOYBEANS,"SOYBEANS, IRRIGATED - YIELD, MEASURED IN BU / ACRE",56.3,BU / ACRE
2012,NE,JEFFERSON,095,SOYBEANS,"SOYBEANS, NON-IRRIGATED - YIELD, MEASURED IN BU / ACRE",25.4,BU / ACRE
2013,NE,JEFFERSON,095,SOYBEANS,"SOYBEANS - YIELD, MEASURED IN BU / ACRE",52.4,BU / ACRE
2013,NE,JEFFERSON,095,SOYBEANS,"SOYBEANS, IRRIGATED - YIELD, MEASURED IN BU / ACRE",58.8,BU / ACRE
2013,NE,JEFFERSON,095,SOYBEANS,"SOYBEANS, NON-IRRIGATED - YIELD, MEASURED IN BU / ACRE",47.6,BU / ACRE
2014,NE,JEFFERSON,095,SOYBEANS,"SOYBEANS - YIELD, MEASURED IN BU / ACRE",51.0,BU / ACRE
2014,NE,JEFFERSON,095,SOYBEANS,"SOYBEANS, IRRIGATED - YIELD, MEASURED IN BU / ACRE",61.2,BU / ACRE
2014,NE,JEFFERSON,095,SOYBEANS,"SOYBEANS, NON-IRRIGATED - YIELD, MEASURED IN BU / ACRE",42.7,BU / ACRE
2015,NE,JEFFERSON,095,SOYBEANS,"SOYBEANS - YIELD, MEASURED IN BU / ACRE",50.3,BU / ACRE
2015,NE,JEFFERSON,095,SOYBEANS,"SOYBEANS, IRRIGATED - YIELD, MEASURED IN BU / ACRE",62.2,BU / ACRE
2015,NE,JEFFERSON,095,SOYBEANS,"SOYBEANS, NON-IRRIGATED - YIELD, MEASURED IN BU / ACRE",40.4,BU / ACRE
2016,NE,JEFFERSON,095,SOYBEANS,"SOYBEANS - YIELD, MEASURED IN BU / ACRE",58.3,BU / ACRE
2017,NE,JEFFERSON,095,SOYBEANS,"SOYBEANS - YIELD, MEASURED IN BU / ACRE",49.7,BU / ACRE
2018,NE,JEFFERSON,095,SOYBEANS,"SOYBEANS - YIELD, MEASURED IN BU / ACRE",54.9,BU / ACRE
2019,NE,JEFFERSON,095,SOYBEANS,"SOYBEANS - YIELD, MEASURED IN BU / ACRE",60.9,BU / ACRE
2020,NE,JEFFERSON,095,SOYBEANS,"SOYBEANS - YIELD, MEASURED IN BU / ACRE",58.7,BU / ACRE
2022,NE,JEFFERSON,095,SOYBEANS,"SOYBEANS - YIELD, MEASURED IN BU / ACRE",49.9,BU / ACRE
2023,NE,JEFFERSON,095,SOYBEANS,"SOYBEANS - YIELD, MEASURED IN BU / ACRE",38.0,BU / ACRE
2024,NE,JEFFERSON,095,SOYBEANS,"SOYBEANS - YIELD, MEASURED IN BU / ACRE",47.8,BU / ACRE
2010,NE,JOHNSON,097,SOYBEANS,"SOYBEANS - YIELD, MEASURED IN BU / ACRE",44.4,BU / ACRE
2011,NE,JOHNSON,097,SOYBEANS,"SOYBEANS - YIELD, MEASURED IN BU / ACRE",44.8,BU / ACRE
2011,NE,JOHNSON,097,SOYBEANS,"SOYBEANS, IRRIGATED - YIELD, MEASURED IN BU / ACRE",56.3,BU / ACRE
2011,NE,JOHNSON,097,SOYBEANS,"SOYBEANS, NON-IRRIGATED - YIELD, MEASURED IN BU / ACRE",43.0,BU / ACRE
2012,NE,JOHNSON,097,SOYBEANS,"SOYBEANS - YIELD, MEASURED IN BU / ACRE",30.5,BU / ACRE
2012,NE,JOHNSON,097,SOYBEANS,"SOYBEANS, IRRIGATED - YIELD, MEASURED IN BU / ACRE",56.9,BU / ACRE
2012,NE,JOHNSON,097,SOYBEANS,"SOYBEANS, NON-IRRIGATED - YIELD, MEASURED IN BU / ACRE",26.0,BU / ACRE
2013,NE,JOHNSON,097,SOYBEANS,"SOYBEANS - YIELD, MEASURED IN BU / ACRE",45.2,BU / ACRE
2013,NE,JOHNSON,097,SOYBEANS,"SOYBEANS, IRRIGATED - YIELD, MEASURED IN BU / ACRE",60.8,BU / ACRE
2013,NE,JOHNSON,097,SOYBEANS,"SOYBEANS, NON-IRRIGATED - YIELD, MEASURED IN BU / ACRE",42.5,BU / ACRE
2014,NE,JOHNSON,097,SOYBEANS,"SOYBEANS - YIELD, MEASURED IN BU / ACRE",45.3,BU / ACRE
2014,NE,JOHNSON,097,SOYBEANS,"SOYBEANS, IRRIGATED - YIELD, MEASURED IN BU / ACRE",56.0,BU / ACRE
2014,NE,JOHNSON,097,SOYBEANS,"SOYBEANS, NON-IRRIGATED - YIELD, MEASURED IN BU / ACRE",43.2,BU / ACRE
2015,NE,JOHNSON,097,SOYBEANS,"SOYBEANS - YIELD, MEASURED IN BU / ACRE",45.7,BU / ACRE
2015,NE,JOHNSON,097,SOYBEANS,"SOYBEANS, IRRIGATED - YIELD, MEASURED IN BU / ACRE",59.3,BU / ACRE
2015,NE,JOHNSON,097,SOYBEANS,"SOYBEANS, NON-IRRIGATED - YIELD, MEASURED IN BU / ACRE",43.0,BU / ACRE
2016,NE,JOHNSON,097,SOYBEANS,"SOYBEANS - YIELD, MEASURED IN BU / ACRE",50.5,BU / ACRE
2017,NE,JOHNSON,097,SOYBEANS,"SOYBEANS - YIELD, MEASURED IN BU / ACRE",48.4,BU / ACRE
2019,NE,JOHNSON,097,SOYBEANS,"SOYBEANS - YIELD, MEASURED IN BU / ACRE",49.5,BU / ACRE
2020,NE,JOHNSON,097,SOYBEANS,"SOYBEANS - YIELD, MEASURED IN BU / ACRE",44.4,BU / ACRE
2022,NE,JOHNSON,097,SOYBEANS,"SOYBEANS - YIELD, MEASURED IN BU / ACRE",32.3,BU / ACRE
2023,NE,JOHNSON,097,SOYBEANS,"SOYBEANS - YIELD, MEASURED IN BU / ACRE",48.8,BU / ACRE
2024,NE,JOHNSON,097,SOYBEANS,"SOYBEANS - YIELD, MEASURED IN BU / ACRE",42.3,BU / ACRE
2025,NE,JOHNSON,097,SOYBEANS,"SOYBEANS - YIELD, MEASURED IN BU / ACRE",70.4,BU / ACRE
2010,NE,KEARNEY,099,SOYBEANS,"SOYBEANS - YIELD, MEASURED IN BU / ACRE",58.1,BU / ACRE
2010,NE,KEARNEY,099,SOYBEANS,"SOYBEANS, IRRIGATED - YIELD, MEASURED IN BU / ACRE",60.1,BU / ACRE
2010,NE,KEARNEY,099,SOYBEANS,"SOYBEANS, NON-IRRIGATED - YIELD, MEASURED IN BU / ACRE",47.1,BU / ACRE
2011,NE,KEARNEY,099,SOYBEANS,"SOYBEANS - YIELD, MEASURED IN BU / ACRE",65.3,BU / ACRE
2011,NE,KEARNEY,099,SOYBEANS,"SOYBEANS, IRRIGATED - YIELD, MEASURED IN BU / ACRE",67.2,BU / ACRE
2011,NE,KEARNEY,099,SOYBEANS,"SOYBEANS, NON-IRRIGATED - YIELD, MEASURED IN BU / ACRE",55.0,BU / ACRE
2012,NE,KEARNEY,099,SOYBEANS,"SOYBEANS - YIELD, MEASURED IN BU / ACRE",62.0,BU / ACRE
2012,NE,KEARNEY,099,SOYBEANS,"SOYBEANS, IRRIGATED - YIELD, MEASURED IN BU / ACRE",68.8,BU / ACRE
2012,NE,KEARNEY,099,SOYBEANS,"SOYBEANS, NON-IRRIGATED - YIELD, MEASURED IN BU / ACRE",30.5,BU / ACRE
2013,NE,KEARNEY,099,SOYBEANS,"SOYBEANS - YIELD, MEASURED IN BU / ACRE",57.8,BU / ACRE
2013,NE,KEARNEY,099,SOYBEANS,"SOYBEANS, IRRIGATED - YIELD, MEASURED IN BU / ACRE",62.7,BU / ACRE
2013,NE,KEARNEY,099,SOYBEANS,"SOYBEANS, NON-IRRIGATED - YIELD, MEASURED IN BU / ACRE",33.2,BU / ACRE
2014,NE,KEARNEY,099,SOYBEANS,"SOYBEANS - YIELD, MEASURED IN BU / ACRE",58.4,BU / ACRE
2014,NE,KEARNEY,099,SOYBEANS,"SOYBEANS, IRRIGATED - YIELD, MEASURED IN BU / ACRE",62.1,BU / ACRE
2014,NE,KEARNEY,099,SOYBEANS,"SOYBEANS, NON-IRRIGATED - YIELD, MEASURED IN BU / ACRE",40.3,BU / ACRE
2015,NE,KEARNEY,099,SOYBEANS,"SOYBEANS - YIELD, MEASURED IN BU / ACRE",65.2,BU / ACRE
2015,NE,KEARNEY,099,SOYBEANS,"SOYBEANS, IRRIGATED - YIELD, MEASURED IN BU / ACRE",70.3,BU / ACRE
2015,NE,KEARNEY,099,SOYBEANS,"SOYBEANS, NON-IRRIGATED - YIELD, MEASURED IN BU / ACRE",38.1,BU / ACRE
2016,NE,KEARNEY,099,SOYBEANS,"SOYBEANS - YIELD, MEASURED IN BU / ACRE",65.6,BU / ACRE
2016,NE,KEARNEY,099,SOYBEANS,"SOYBEANS, IRRIGATED - YIELD, MEASURED IN BU / ACRE",70.7,BU / ACRE
2016,NE,KEARNEY,099,SOYBEANS,"SOYBEANS, NON-IRRIGATED - YIELD, MEASURED IN BU / ACRE",43.1,BU / ACRE
2017,NE,KEARNEY,099,SOYBEANS,"SOYBEANS - YIELD, MEASURED IN BU / ACRE",67.8,BU / ACRE
2017,NE,KEARNEY,099,SOYBEANS,"SOYBEANS, IRRIGATED - YIELD, MEASURED IN BU / ACRE",69.8,BU / ACRE
2017,NE,KEARNEY,099,SOYBEANS,"SOYBEANS, NON-IRRIGATED - YIELD, MEASURED IN BU / ACRE",56.6,BU / ACRE
2018,NE,KEARNEY,099,SOYBEANS,"SOYBEANS - YIELD, MEASURED IN BU / ACRE",63.6,BU / ACRE
2019,NE,KEARNEY,099,SOYBEANS,"SOYBEANS - YIELD, MEASURED IN BU / ACRE",63.5,BU / ACRE
2020,NE,KEARNEY,099,SOYBEANS,"SOYBEANS - YIELD, MEASURED IN BU / ACRE",63.4,BU / ACRE
2022,NE,KEARNEY,099,SOYBEANS,"SOYBEANS - YIELD, MEASURED IN BU / ACRE",57.4,BU / ACRE
2023,NE,KEARNEY,099,SOYBEANS,"SOYBEANS - YIELD, MEASURED IN BU / ACRE",59.5,BU / ACRE
2025,NE,KEARNEY,099,SOYBEANS,"SOYBEANS - YIELD, MEASURED IN BU / ACRE",75.3,BU / ACRE
2010,NE,KEITH,101,SOYBEANS,"SOYBEANS - YIELD, MEASURED IN BU / ACRE",58.6,BU / ACRE
2011,NE,KEITH,101,SOYBEANS,"SOYBEANS - YIELD, MEASURED IN BU / ACRE",49.9,BU / ACRE
2012,NE,KEITH,101,SOYBEANS,"SOYBEANS - YIELD, MEASURED IN BU / ACRE",58.3,BU / ACRE
2013,NE,KEITH,101,SOYBEANS,"SOYBEANS - YIELD, MEASURED IN BU / ACRE",57.2,BU / ACRE
2014,NE,KEITH,101,SOYBEANS,"SOYBEANS - YIELD, MEASURED IN BU / ACRE",65.5,BU / ACRE
2015,NE,KEITH,101,SOYBEANS,"SOYBEANS - YIELD, MEASURED IN BU / ACRE",61.0,BU / ACRE
2016,NE,KEITH,101,SOYBEANS,"SOYBEANS - YIELD, MEASURED IN BU / ACRE",62.9,BU / ACRE
2020,NE,KEITH,101,SOYBEANS,"SOYBEANS - YIELD, MEASURED IN BU / ACRE",59.4,BU / ACRE
2021,NE,KEITH,101,SOYBEANS,"SOYBEANS - YIELD, MEASURED IN BU / ACRE",61.5,BU / ACRE
2010,NE,KEYA PAHA,103,SOYBEANS,"SOYBEANS - YIELD, MEASURED IN BU / ACRE",50.2,BU / ACRE
2010,NE,KEYA PAHA,103,SOYBEANS,"SOYBEANS, IRRIGATED - YIELD, MEASURED IN BU / ACRE",56.2,BU / ACRE
2010,NE,KEYA PAHA,103,SOYBEANS,"SOYBEANS, NON-IRRIGATED - YIELD, MEASURED IN BU / ACRE",33.0,BU / ACRE
2011,NE,KEYA PAHA,103,SOYBEANS,"SOYBEANS - YIELD, MEASURED IN BU / ACRE",46.9,BU / ACRE
2011,NE,KEYA PAHA,103,SOYBEANS,"SOYBEANS, IRRIGATED - YIELD, MEASURED IN BU / ACRE",51.3,BU / ACRE
2011,NE,KEYA PAHA,103,SOYBEANS,"SOYBEANS, NON-IRRIGATED - YIELD, MEASURED IN BU / ACRE",35.8,BU / ACRE
2013,NE,KEYA PAHA,103,SOYBEANS,"SOYBEANS - YIELD, MEASURED IN BU / ACRE",54.8,BU / ACRE
2013,NE,KEYA PAHA,103,SOYBEANS,"SOYBEANS, IRRIGATED - YIELD, MEASURED IN BU / ACRE",60.6,BU / ACRE
2013,NE,KEYA PAHA,103,SOYBEANS,"SOYBEANS, NON-IRRIGATED - YIELD, MEASURED IN BU / ACRE",29.0,BU / ACRE
2015,NE,KEYA PAHA,103,SOYBEANS,"SOYBEANS - YIELD, MEASURED IN BU / ACRE",56.6,BU / ACRE
2016,NE,KEYA PAHA,103,SOYBEANS,"SOYBEANS - YIELD, MEASURED IN BU / ACRE",56.6,BU / ACRE
2017,NE,KEYA PAHA,103,SOYBEANS,"SOYBEANS - YIELD, MEASURED IN BU / ACRE",56.4,BU / ACRE
2018,NE,KEYA PAHA,103,SOYBEANS,"SOYBEANS - YIELD, MEASURED IN BU / ACRE",60.8,BU / ACRE
2024,NE,KEYA PAHA,103,SOYBEANS,"SOYBEANS - YIELD, MEASURED IN BU / ACRE",52.6,BU / ACRE
2010,NE,KNOX,107,SOYBEANS,"SOYBEANS - YIELD, MEASURED IN BU / ACRE",52.6,BU / ACRE
2010,NE,KNOX,107,SOYBEANS,"SOYBEANS, IRRIGATED - YIELD, MEASURED IN BU / ACRE",61.0,BU / ACRE
2010,NE,KNOX,107,SOYBEANS,"SOYBEANS, NON-IRRIGATED - YIELD, MEASURED IN BU / ACRE",49.0,BU / ACRE
2011,NE,KNOX,107,SOYBEANS,"SOYBEANS - YIELD, MEASURED IN BU / ACRE",48.1,BU / ACRE
2011,NE,KNOX,107,SOYBEANS,"SOYBEANS, IRRIGATED - YIELD, MEASURED IN BU / ACRE",56.5,BU / ACRE
2011,NE,KNOX,107,SOYBEANS,"SOYBEANS, NON-IRRIGATED - YIELD, MEASURED IN BU / ACRE",45.3,BU / ACRE
2012,NE,KNOX,107,SOYBEANS,"SOYBEANS - YIELD, MEASURED IN BU / ACRE",28.0,BU / ACRE
2012,NE,KNOX,107,SOYBEANS,"SOYBEANS, IRRIGATED - YIELD, MEASURED IN BU / ACRE",55.8,BU / ACRE
2012,NE,KNOX,107,SOYBEANS,"SOYBEANS, NON-IRRIGATED - YIELD, MEASURED IN BU / ACRE",16.1,BU / ACRE
2013,NE,KNOX,107,SOYBEANS,"SOYBEANS - YIELD, MEASURED IN BU / ACRE",55.7,BU / ACRE
2013,NE,KNOX,107,SOYBEANS,"SOYBEANS, IRRIGATED - YIELD, MEASURED IN BU / ACRE",59.1,BU / ACRE
2013,NE,KNOX,107,SOYBEANS,"SOYBEANS, NON-IRRIGATED - YIELD, MEASURED IN BU / ACRE",54.2,BU / ACRE
2014,NE,KNOX,107,SOYBEANS,"SOYBEANS - YIELD, MEASURED IN BU / ACRE",55.1,BU / ACRE
2014,NE,KNOX,107,SOYBEANS,"SOYBEANS, IRRIGATED - YIELD, MEASURED IN BU / ACRE",57.5,BU / ACRE
2014,NE,KNOX,107,SOYBEANS,"SOYBEANS, NON-IRRIGATED - YIELD, MEASURED IN BU / ACRE",54.0,BU / ACRE
2015,NE,KNOX,107,SOYBEANS,"SOYBEANS - YIELD, MEASURED IN BU / ACRE",58.5,BU / ACRE
2016,NE,KNOX,107,SOYBEANS,"SOYBEANS - YIELD, MEASURED IN BU / ACRE",56.3,BU / ACRE
2017,NE,KNOX,107,SOYBEANS,"SOYBEANS - YIELD, MEASURED IN BU / ACRE",50.9,BU / ACRE
2018,NE,KNOX,107,SOYBEANS,"SOYBEANS - YIELD, MEASURED IN BU / ACRE",58.8,BU / ACRE
2021,NE,KNOX,107,SOYBEANS,"SOYBEANS - YIELD, MEASURED IN BU / ACRE",52.7,BU / ACRE
2022,NE,KNOX,107,SOYBEANS,"SOYBEANS - YIELD, MEASURED IN BU / ACRE",40.9,BU / ACRE
2024,NE,KNOX,107,SOYBEANS,"SOYBEANS - YIELD, MEASURED IN BU / ACRE",54.2,BU / ACRE
2010,NE,LANCASTER,109,SOYBEANS,"SOYBEANS - YIELD, MEASURED IN BU / ACRE",43.6,BU / ACRE
2010,NE,LANCASTER,109,SOYBEANS,"SOYBEANS, IRRIGATED - YIELD, MEASURED IN BU / ACRE",54.0,BU / ACRE
2010,NE,LANCASTER,109,SOYBEANS,"SOYBEANS, NON-IRRIGATED - YIELD, MEASURED IN BU / ACRE",43.0,BU / ACRE
2011,NE,LANCASTER,109,SOYBEANS,"SOYBEANS - YIELD, MEASURED IN BU / ACRE",47.4,BU / ACRE
2011,NE,LANCASTER,109,SOYBEANS,"SOYBEANS, IRRIGATED - YIELD, MEASURED IN BU / ACRE",57.7,BU / ACRE
2011,NE,LANCASTER,109,SOYBEANS,"SOYBEANS, NON-IRRIGATED - YIELD, MEASURED IN BU / ACRE",46.8,BU / ACRE
2012,NE,LANCASTER,109,SOYBEANS,"SOYBEANS - YIELD, MEASURED IN BU / ACRE",26.4,BU / ACRE
2012,NE,LANCASTER,109,SOYBEANS,"SOYBEANS, IRRIGATED - YIELD, MEASURED IN BU / ACRE",52.3,BU / ACRE
2012,NE,LANCASTER,109,SOYBEANS,"SOYBEANS, NON-IRRIGATED - YIELD, MEASURED IN BU / ACRE",25.0,BU / ACRE
2013,NE,LANCASTER,109,SOYBEANS,"SOYBEANS - YIELD, MEASURED IN BU / ACRE",46.0,BU / ACRE
2013,NE,LANCASTER,109,SOYBEANS,"SOYBEANS, IRRIGATED - YIELD, MEASURED IN BU / ACRE",64.3,BU / ACRE
2013,NE,LANCASTER,109,SOYBEANS,"SOYBEANS, NON-IRRIGATED - YIELD, MEASURED IN BU / ACRE",44.8,BU / ACRE
2014,NE,LANCASTER,109,SOYBEANS,"SOYBEANS - YIELD, MEASURED IN BU / ACRE",45.4,BU / ACRE
2015,NE,LANCASTER,109,SOYBEANS,"SOYBEANS - YIELD, MEASURED IN BU / ACRE",51.6,BU / ACRE
2016,NE,LANCASTER,109,SOYBEANS,"SOYBEANS - YIELD, MEASURED IN BU / ACRE",51.8,BU / ACRE
2017,NE,LANCASTER,109,SOYBEANS,"SOYBEANS - YIELD, MEASURED IN BU / ACRE",48.2,BU / ACRE
2018,NE,LANCASTER,109,SOYBEANS,"SOYBEANS - YIELD, MEASURED IN BU / ACRE",48.8,BU / ACRE
2019,NE,LANCASTER,109,SOYBEANS,"SOYBEANS - YIELD, MEASURED IN BU / ACRE",52.3,BU / ACRE
2020,NE,LANCASTER,109,SOYBEANS,"SOYBEANS - YIELD, MEASURED IN BU / ACRE",49.3,BU / ACRE
2021,NE,LANCASTER,109,SOYBEANS,"SOYBEANS - YIELD, MEASURED IN BU / ACRE",55.5,BU / ACRE
2022,NE,LANCASTER,109,SOYBEANS,"SOYBEANS - YIELD, MEASURED IN BU / ACRE",33.7,BU / ACRE
2023,NE,LANCASTER,109,SOYBEANS,"SOYBEANS - YIELD, MEASURED IN BU / ACRE",39.9,BU / ACRE
2024,NE,LANCASTER,109,SOYBEANS,"SOYBEANS - YIELD, MEASURED IN BU / ACRE",43.8,BU / ACRE
2010,NE,LINCOLN,111,SOYBEANS,"SOYBEANS - YIELD, MEASURED IN BU / ACRE",54.4,BU / ACRE
2011,NE,LINCOLN,111,SOYBEANS,"SOYBEANS - YIELD, MEASURED IN BU / ACRE",52.2,BU / ACRE
2012,NE,LINCOLN,111,SOYBEANS,"SOYBEANS - YIELD, MEASURED IN BU / ACRE",60.4,BU / ACRE
2013,NE,LINCOLN,111,SOYBEANS,"SOYBEANS - YIELD, MEASURED IN BU / ACRE",58.3,BU / ACRE
2014,NE,LINCOLN,111,SOYBEANS,"SOYBEANS - YIELD, MEASURED IN BU / ACRE",57.4,BU / ACRE
2015,NE,LINCOLN,111,SOYBEANS,"SOYBEANS - YIELD, MEASURED IN BU / ACRE",61.3,BU / ACRE
2016,NE,LINCOLN,111,SOYBEANS,"SOYBEANS - YIELD, MEASURED IN BU / ACRE",59.6,BU / ACRE
2020,NE,LINCOLN,111,SOYBEANS,"SOYBEANS - YIELD, MEASURED IN BU / ACRE",59.0,BU / ACRE
2021,NE,LINCOLN,111,SOYBEANS,"SOYBEANS - YIELD, MEASURED IN BU / ACRE",66.7,BU / ACRE
2022,NE,LINCOLN,111,SOYBEANS,"SOYBEANS - YIELD, MEASURED IN BU / ACRE",63.8,BU / ACRE
2023,NE,LINCOLN,111,SOYBEANS,"SOYBEANS - YIELD, MEASURED IN BU / ACRE",70.7,BU / ACRE
2024,NE,LINCOLN,111,SOYBEANS,"SOYBEANS - YIELD, MEASURED IN BU / ACRE",72.3,BU / ACRE
2025,NE,LINCOLN,111,SOYBEANS,"SOYBEANS - YIELD, MEASURED IN BU / ACRE",69.9,BU / ACRE
2010,NE,LOGAN,113,SOYBEANS,"SOYBEANS - YIELD, MEASURED IN BU / ACRE",52.7,BU / ACRE
2011,NE,LOGAN,113,SOYBEANS,"SOYBEANS - YIELD, MEASURED IN BU / ACRE",56.8,BU / ACRE
2011,NE,LOGAN,113,SOYBEANS,"SOYBEANS, IRRIGATED - YIELD, MEASURED IN BU / ACRE",63.0,BU / ACRE
2011,NE,LOGAN,113,SOYBEANS,"SOYBEANS, NON-IRRIGATED - YIELD, MEASURED IN BU / ACRE",31.4,BU / ACRE
2013,NE,LOGAN,113,SOYBEANS,"SOYBEANS - YIELD, MEASURED IN BU / ACRE",58.7,BU / ACRE
2013,NE,LOGAN,113,SOYBEANS,"SOYBEANS, IRRIGATED - YIELD, MEASURED IN BU / ACRE",69.7,BU / ACRE
2013,NE,LOGAN,113,SOYBEANS,"SOYBEANS, NON-IRRIGATED - YIELD, MEASURED IN BU / ACRE",17.9,BU / ACRE
2017,NE,LOGAN,113,SOYBEANS,"SOYBEANS - YIELD, MEASURED IN BU / ACRE",57.4,BU / ACRE
2017,NE,LOGAN,113,SOYBEANS,"SOYBEANS, IRRIGATED - YIELD, MEASURED IN BU / ACRE",62.4,BU / ACRE
2017,NE,LOGAN,113,SOYBEANS,"SOYBEANS, NON-IRRIGATED - YIELD, MEASURED IN BU / ACRE",34.1,BU / ACRE
2018,NE,LOGAN,113,SOYBEANS,"SOYBEANS - YIELD, MEASURED IN BU / ACRE",65.3,BU / ACRE
2019,NE,LOGAN,113,SOYBEANS,"SOYBEANS - YIELD, MEASURED IN BU / ACRE",56.1,BU / ACRE
2021,NE,LOGAN,113,SOYBEANS,"SOYBEANS - YIELD, MEASURED IN BU / ACRE",66.0,BU / ACRE
2022,NE,LOGAN,113,SOYBEANS,"SOYBEANS - YIELD, MEASURED IN BU / ACRE",56.5,BU / ACRE
2023,NE,LOGAN,113,SOYBEANS,"SOYBEANS - YIELD, MEASURED IN BU / ACRE",59.2,BU / ACRE
2024,NE,LOGAN,113,SOYBEANS,"SOYBEANS - YIELD, MEASURED IN BU / ACRE",65.8,BU / ACRE
2025,NE,LOGAN,113,SOYBEANS,"SOYBEANS - YIELD, MEASURED IN BU / ACRE",53.3,BU / ACRE
2011,NE,LOUP,115,SOYBEANS,"SOYBEANS - YIELD, MEASURED IN BU / ACRE",54.6,BU / ACRE
2012,NE,LOUP,115,SOYBEANS,"SOYBEANS - YIELD, MEASURED IN BU / ACRE",46.3,BU / ACRE
2015,NE,LOUP,115,SOYBEANS,"SOYBEANS - YIELD, MEASURED IN BU / ACRE",61.7,BU / ACRE
2010,NE,MADISON,119,SOYBEANS,"SOYBEANS - YIELD, MEASURED IN BU / ACRE",53.1,BU / ACRE
2010,NE,MADISON,119,SOYBEANS,"SOYBEANS, IRRIGATED - YIELD, MEASURED IN BU / ACRE",58.0,BU / ACRE
2010,NE,MADISON,119,SOYBEANS,"SOYBEANS, NON-IRRIGATED - YIELD, MEASURED IN BU / ACRE",48.8,BU / ACRE
2011,NE,MADISON,119,SOYBEANS,"SOYBEANS - YIELD, MEASURED IN BU / ACRE",51.8,BU / ACRE
2012,NE,MADISON,119,SOYBEANS,"SOYBEANS - YIELD, MEASURED IN BU / ACRE",35.2,BU / ACRE
2012,NE,MADISON,119,SOYBEANS,"SOYBEANS, IRRIGATED - YIELD, MEASURED IN BU / ACRE",54.1,BU / ACRE
2012,NE,MADISON,119,SOYBEANS,"SOYBEANS, NON-IRRIGATED - YIELD, MEASURED IN BU / ACRE",18.0,BU / ACRE
2013,NE,MADISON,119,SOYBEANS,"SOYBEANS - YIELD, MEASURED IN BU / ACRE",52.2,BU / ACRE
2013,NE,MADISON,119,SOYBEANS,"SOYBEANS, IRRIGATED - YIELD, MEASURED IN BU / ACRE",58.9,BU / ACRE
2013,NE,MADISON,119,SOYBEANS,"SOYBEANS, NON-IRRIGATED - YIELD, MEASURED IN BU / ACRE",46.4,BU / ACRE
2014,NE,MADISON,119,SOYBEANS,"SOYBEANS - YIELD, MEASURED IN BU / ACRE",51.3,BU / ACRE
2014,NE,MADISON,119,SOYBEANS,"SOYBEANS, IRRIGATED - YIELD, MEASURED IN BU / ACRE",56.5,BU / ACRE
2014,NE,MADISON,119,SOYBEANS,"SOYBEANS, NON-IRRIGATED - YIELD, MEASURED IN BU / ACRE",46.8,BU / ACRE
2015,NE,MADISON,119,SOYBEANS,"SOYBEANS - YIELD, MEASURED IN BU / ACRE",57.8,BU / ACRE
2015,NE,MADISON,119,SOYBEANS,"SOYBEANS, IRRIGATED - YIELD, MEASURED IN BU / ACRE",61.8,BU / ACRE
2015,NE,MADISON,119,SOYBEANS,"SOYBEANS, NON-IRRIGATED - YIELD, MEASURED IN BU / ACRE",54.3,BU / ACRE
2016,NE,MADISON,119,SOYBEANS,"SOYBEANS - YIELD, MEASURED IN BU / ACRE",59.0,BU / ACRE
2016,NE,MADISON,119,SOYBEANS,"SOYBEANS, IRRIGATED - YIELD, MEASURED IN BU / ACRE",63.3,BU / ACRE
2016,NE,MADISON,119,SOYBEANS,"SOYBEANS, NON-IRRIGATED - YIELD, MEASURED IN BU / ACRE",55.0,BU / ACRE
2017,NE,MADISON,119,SOYBEANS,"SOYBEANS - YIELD, MEASURED IN BU / ACRE",57.7,BU / ACRE
2017,NE,MADISON,119,SOYBEANS,"SOYBEANS, IRRIGATED - YIELD, MEASURED IN BU / ACRE",61.2,BU / ACRE
2017,NE,MADISON,119,SOYBEANS,"SOYBEANS, NON-IRRIGATED - YIELD, MEASURED IN BU / ACRE",54.5,BU / ACRE
2018,NE,MADISON,119,SOYBEANS,"SOYBEANS - YIELD, MEASURED IN BU / ACRE",54.4,BU / ACRE
2019,NE,MADISON,119,SOYBEANS,"SOYBEANS - YIELD, MEASURED IN BU / ACRE",57.8,BU / ACRE
2021,NE,MADISON,119,SOYBEANS,"SOYBEANS - YIELD, MEASURED IN BU / ACRE",61.8,BU / ACRE
2022,NE,MADISON,119,SOYBEANS,"SOYBEANS - YIELD, MEASURED IN BU / ACRE",46.0,BU / ACRE
2023,NE,MADISON,119,SOYBEANS,"SOYBEANS - YIELD, MEASURED IN BU / ACRE",46.1,BU / ACRE
2010,NE,MERRICK,121,SOYBEANS,"SOYBEANS - YIELD, MEASURED IN BU / ACRE",60.3,BU / ACRE
2010,NE,MERRICK,121,SOYBEANS,"SOYBEANS, IRRIGATED - YIELD, MEASURED IN BU / ACRE",62.0,BU / ACRE
2010,NE,MERRICK,121,SOYBEANS,"SOYBEANS, NON-IRRIGATED - YIELD, MEASURED IN BU / ACRE",40.2,BU / ACRE
2011,NE,MERRICK,121,SOYBEANS,"SOYBEANS - YIELD, MEASURED IN BU / ACRE",56.7,BU / ACRE
2012,NE,MERRICK,121,SOYBEANS,"SOYBEANS - YIELD, MEASURED IN BU / ACRE",53.0,BU / ACRE
2012,NE,MERRICK,121,SOYBEANS,"SOYBEANS, IRRIGATED - YIELD, MEASURED IN BU / ACRE",55.9,BU / ACRE
2012,NE,MERRICK,121,SOYBEANS,"SOYBEANS, NON-IRRIGATED - YIELD, MEASURED IN BU / ACRE",13.0,BU / ACRE
2013,NE,MERRICK,121,SOYBEANS,"SOYBEANS - YIELD, MEASURED IN BU / ACRE",59.9,BU / ACRE
2014,NE,MERRICK,121,SOYBEANS,"SOYBEANS - YIELD, MEASURED IN BU / ACRE",57.2,BU / ACRE
2014,NE,MERRICK,121,SOYBEANS,"SOYBEANS, IRRIGATED - YIELD, MEASURED IN BU / ACRE",58.7,BU / ACRE
2014,NE,MERRICK,121,SOYBEANS,"SOYBEANS, NON-IRRIGATED - YIELD, MEASURED IN BU / ACRE",35.4,BU / ACRE
2015,NE,MERRICK,121,SOYBEANS,"SOYBEANS - YIELD, MEASURED IN BU / ACRE",63.6,BU / ACRE
2015,NE,MERRICK,121,SOYBEANS,"SOYBEANS, IRRIGATED - YIELD, MEASURED IN BU / ACRE",65.0,BU / ACRE
2015,NE,MERRICK,121,SOYBEANS,"SOYBEANS, NON-IRRIGATED - YIELD, MEASURED IN BU / ACRE",42.7,BU / ACRE
2016,NE,MERRICK,121,SOYBEANS,"SOYBEANS - YIELD, MEASURED IN BU / ACRE",62.2,BU / ACRE
2016,NE,MERRICK,121,SOYBEANS,"SOYBEANS, IRRIGATED - YIELD, MEASURED IN BU / ACRE",64.0,BU / ACRE
2016,NE,MERRICK,121,SOYBEANS,"SOYBEANS, NON-IRRIGATED - YIELD, MEASURED IN BU / ACRE",36.0,BU / ACRE
2017,NE,MERRICK,121,SOYBEANS,"SOYBEANS - YIELD, MEASURED IN BU / ACRE",63.3,BU / ACRE
2018,NE,MERRICK,121,SOYBEANS,"SOYBEANS - YIELD, MEASURED IN BU / ACRE",58.7,BU / ACRE
2018,NE,MERRICK,121,SOYBEANS,"SOYBEANS, IRRIGATED - YIELD, MEASURED IN BU / ACRE",59.1,BU / ACRE
2018,NE,MERRICK,121,SOYBEANS,"SOYBEANS, NON-IRRIGATED - YIELD, MEASURED IN BU / ACRE",52.1,BU / ACRE
2020,NE,MERRICK,121,SOYBEANS,"SOYBEANS - YIELD, MEASURED IN BU / ACRE",66.7,BU / ACRE
2022,NE,MERRICK,121,SOYBEANS,"SOYBEANS - YIELD, MEASURED IN BU / ACRE",51.3,BU / ACRE
2023,NE,MERRICK,121,SOYBEANS,"SOYBEANS - YIELD, MEASURED IN BU / ACRE",65.9,BU / ACRE
2025,NE,MERRICK,121,SOYBEANS,"SOYBEANS - YIELD, MEASURED IN BU / ACRE",72.4,BU / ACRE
2010,NE,NANCE,125,SOYBEANS,"SOYBEANS - YIELD, MEASURED IN BU / ACRE",53.2,BU / ACRE
2010,NE,NANCE,125,SOYBEANS,"SOYBEANS, IRRIGATED - YIELD, MEASURED IN BU / ACRE",59.0,BU / ACRE
2010,NE,NANCE,125,SOYBEANS,"SOYBEANS, NON-IRRIGATED - YIELD, MEASURED IN BU / ACRE",47.0,BU / ACRE
2011,NE,NANCE,125,SOYBEANS,"SOYBEANS - YIELD, MEASURED IN BU / ACRE",53.8,BU / ACRE
2011,NE,NANCE,125,SOYBEANS,"SOYBEANS, IRRIGATED - YIELD, MEASURED IN BU / ACRE",55.6,BU / ACRE
2011,NE,NANCE,125,SOYBEANS,"SOYBEANS, NON-IRRIGATED - YIELD, MEASURED IN BU / ACRE",52.1,BU / ACRE
2012,NE,NANCE,125,SOYBEANS,"SOYBEANS - YIELD, MEASURED IN BU / ACRE",36.4,BU / ACRE
2013,NE,NANCE,125,SOYBEANS,"SOYBEANS - YIELD, MEASURED IN BU / ACRE",53.6,BU / ACRE
2014,NE,NANCE,125,SOYBEANS,"SOYBEANS - YIELD, MEASURED IN BU / ACRE",56.1,BU / ACRE
2014,NE,NANCE,125,SOYBEANS,"SOYBEANS, IRRIGATED - YIELD, MEASURED IN BU / ACRE",60.4,BU / ACRE
2014,NE,NANCE,125,SOYBEANS,"SOYBEANS, NON-IRRIGATED - YIELD, MEASURED IN BU / ACRE",51.7,BU / ACRE
2015,NE,NANCE,125,SOYBEANS,"SOYBEANS - YIELD, MEASURED IN BU / ACRE",61.0,BU / ACRE
2015,NE,NANCE,125,SOYBEANS,"SOYBEANS, IRRIGATED - YIELD, MEASURED IN BU / ACRE",66.1,BU / ACRE
2015,NE,NANCE,125,SOYBEANS,"SOYBEANS, NON-IRRIGATED - YIELD, MEASURED IN BU / ACRE",55.4,BU / ACRE
2016,NE,NANCE,125,SOYBEANS,"SOYBEANS - YIELD, MEASURED IN BU / ACRE",62.4,BU / ACRE
2017,NE,NANCE,125,SOYBEANS,"SOYBEANS - YIELD, MEASURED IN BU / ACRE",58.8,BU / ACRE
2017,NE,NANCE,125,SOYBEANS,"SOYBEANS, IRRIGATED - YIELD, MEASURED IN BU / ACRE",65.3,BU / ACRE
2017,NE,NANCE,125,SOYBEANS,"SOYBEANS, NON-IRRIGATED - YIELD, MEASURED IN BU / ACRE",52.0,BU / ACRE
2019,NE,NANCE,125,SOYBEANS,"SOYBEANS - YIELD, MEASURED IN BU / ACRE",62.0,BU / ACRE
2020,NE,NANCE,125,SOYBEANS,"SOYBEANS - YIELD, MEASURED IN BU / ACRE",58.8,BU / ACRE
2021,NE,NANCE,125,SOYBEANS,"SOYBEANS - YIELD, MEASURED IN BU / ACRE",67.5,BU / ACRE
2022,NE,NANCE,125,SOYBEANS,"SOYBEANS - YIELD, MEASURED IN BU / ACRE",45.0,BU / ACRE
2025,NE,NANCE,125,SOYBEANS,"SOYBEANS - YIELD, MEASURED IN BU / ACRE",64.9,BU / ACRE
2010,NE,NEMAHA,127,SOYBEANS,"SOYBEANS - YIELD, MEASURED IN BU / ACRE",44.3,BU / ACRE
2011,NE,NEMAHA,127,SOYBEANS,"SOYBEANS - YIELD, MEASURED IN BU / ACRE",47.9,BU / ACRE
2011,NE,NEMAHA,127,SOYBEANS,"SOYBEANS, IRRIGATED - YIELD, MEASURED IN BU / ACRE",63.0,BU / ACRE
2011,NE,NEMAHA,127,SOYBEANS,"SOYBEANS, NON-IRRIGATED - YIELD, MEASURED IN BU / ACRE",47.1,BU / ACRE
2012,NE,NEMAHA,127,SOYBEANS,"SOYBEANS - YIELD, MEASURED IN BU / ACRE",35.9,BU / ACRE
2012,NE,NEMAHA,127,SOYBEANS,"SOYBEANS, IRRIGATED - YIELD, MEASURED IN BU / ACRE",70.0,BU / ACRE
2012,NE,NEMAHA,127,SOYBEANS,"SOYBEANS, NON-IRRIGATED - YIELD, MEASURED IN BU / ACRE",34.2,BU / ACRE
2013,NE,NEMAHA,127,SOYBEANS,"SOYBEANS - YIELD, MEASURED IN BU / ACRE",51.1,BU / ACRE
2013,NE,NEMAHA,127,SOYBEANS,"SOYBEANS, IRRIGATED - YIELD, MEASURED IN BU / ACRE",64.7,BU / ACRE
2013,NE,NEMAHA,127,SOYBEANS,"SOYBEANS, NON-IRRIGATED - YIELD, MEASURED IN BU / ACRE",50.2,BU / ACRE
2014,NE,NEMAHA,127,SOYBEANS,"SOYBEANS - YIELD, MEASURED IN BU / ACRE",47.7,BU / ACRE
2014,NE,NEMAHA,127,SOYBEANS,"SOYBEANS, IRRIGATED - YIELD, MEASURED IN BU / ACRE",69.3,BU / ACRE
2014,NE,NEMAHA,127,SOYBEANS,"SOYBEANS, NON-IRRIGATED - YIELD, MEASURED IN BU / ACRE",46.3,BU / ACRE
2015,NE,NEMAHA,127,SOYBEANS,"SOYBEANS - YIELD, MEASURED IN BU / ACRE",49.3,BU / ACRE
2016,NE,NEMAHA,127,SOYBEANS,"SOYBEANS - YIELD, MEASURED IN BU / ACRE",54.9,BU / ACRE
2017,NE,NEMAHA,127,SOYBEANS,"SOYBEANS - YIELD, MEASURED IN BU / ACRE",54.2,BU / ACRE
2018,NE,NEMAHA,127,SOYBEANS,"SOYBEANS - YIELD, MEASURED IN BU / ACRE",48.8,BU / ACRE
2019,NE,NEMAHA,127,SOYBEANS,"SOYBEANS - YIELD, MEASURED IN BU / ACRE",53.0,BU / ACRE
2020,NE,NEMAHA,127,SOYBEANS,"SOYBEANS - YIELD, MEASURED IN BU / ACRE",52.2,BU / ACRE
2021,NE,NEMAHA,127,SOYBEANS,"SOYBEANS - YIELD, MEASURED IN BU / ACRE",62.2,BU / ACRE
2022,NE,NEMAHA,127,SOYBEANS,"SOYBEANS - YIELD, MEASURED IN BU / ACRE",45.7,BU / ACRE
2023,NE,NEMAHA,127,SOYBEANS,"SOYBEANS - YIELD, MEASURED IN BU / ACRE",54.7,BU / ACRE
2025,NE,NEMAHA,127,SOYBEANS,"SOYBEANS - YIELD, MEASURED IN BU / ACRE",63.2,BU / ACRE
2010,NE,NUCKOLLS,129,SOYBEANS,"SOYBEANS - YIELD, MEASURED IN BU / ACRE",45.6,BU / ACRE
2010,NE,NUCKOLLS,129,SOYBEANS,"SOYBEANS, IRRIGATED - YIELD, MEASURED IN BU / ACRE",62.6,BU / ACRE
2010,NE,NUCKOLLS,129,SOYBEANS,"SOYBEANS, NON-IRRIGATED - YIELD, MEASURED IN BU / ACRE",36.0,BU / ACRE
2011,NE,NUCKOLLS,129,SOYBEANS,"SOYBEANS - YIELD, MEASURED IN BU / ACRE",57.1,BU / ACRE
2011,NE,NUCKOLLS,129,SOYBEANS,"SOYBEANS, IRRIGATED - YIELD, MEASURED IN BU / ACRE",65.9,BU / ACRE
2011,NE,NUCKOLLS,129,SOYBEANS,"SOYBEANS, NON-IRRIGATED - YIELD, MEASURED IN BU / ACRE",52.6,BU / ACRE
2012,NE,NUCKOLLS,129,SOYBEANS,"SOYBEANS - YIELD, MEASURED IN BU / ACRE",44.5,BU / ACRE
2012,NE,NUCKOLLS,129,SOYBEANS,"SOYBEANS, IRRIGATED - YIELD, MEASURED IN BU / ACRE",67.6,BU / ACRE
2012,NE,NUCKOLLS,129,SOYBEANS,"SOYBEANS, NON-IRRIGATED - YIELD, MEASURED IN BU / ACRE",32.1,BU / ACRE
2013,NE,NUCKOLLS,129,SOYBEANS,"SOYBEANS - YIELD, MEASURED IN BU / ACRE",49.7,BU / ACRE
2013,NE,NUCKOLLS,129,SOYBEANS,"SOYBEANS, IRRIGATED - YIELD, MEASURED IN BU / ACRE",66.5,BU / ACRE
2013,NE,NUCKOLLS,129,SOYBEANS,"SOYBEANS, NON-IRRIGATED - YIELD, MEASURED IN BU / ACRE",42.2,BU / ACRE
2014,NE,NUCKOLLS,129,SOYBEANS,"SOYBEANS - YIELD, MEASURED IN BU / ACRE",53.9,BU / ACRE
2014,NE,NUCKOLLS,129,SOYBEANS,"SOYBEANS, IRRIGATED - YIELD, MEASURED IN BU / ACRE",66.4,BU / ACRE
2014,NE,NUCKOLLS,129,SOYBEANS,"SOYBEANS, NON-IRRIGATED - YIELD, MEASURED IN BU / ACRE",48.0,BU / ACRE
2015,NE,NUCKOLLS,129,SOYBEANS,"SOYBEANS - YIELD, MEASURED IN BU / ACRE",52.9,BU / ACRE
2016,NE,NUCKOLLS,129,SOYBEANS,"SOYBEANS - YIELD, MEASURED IN BU / ACRE",65.1,BU / ACRE
2016,NE,NUCKOLLS,129,SOYBEANS,"SOYBEANS, IRRIGATED - YIELD, MEASURED IN BU / ACRE",74.3,BU / ACRE
2016,NE,NUCKOLLS,129,SOYBEANS,"SOYBEANS, NON-IRRIGATED - YIELD, MEASURED IN BU / ACRE",60.6,BU / ACRE
2017,NE,NUCKOLLS,129,SOYBEANS,"SOYBEANS - YIELD, MEASURED IN BU / ACRE",59.5,BU / ACRE
2017,NE,NUCKOLLS,129,SOYBEANS,"SOYBEANS, IRRIGATED - YIELD, MEASURED IN BU / ACRE",74.1,BU / ACRE
2017,NE,NUCKOLLS,129,SOYBEANS,"SOYBEANS, NON-IRRIGATED - YIELD, MEASURED IN BU / ACRE",52.7,BU / ACRE
2020,NE,NUCKOLLS,129,SOYBEANS,"SOYBEANS - YIELD, MEASURED IN BU / ACRE",63.6,BU / ACRE
2022,NE,NUCKOLLS,129,SOYBEANS,"SOYBEANS - YIELD, MEASURED IN BU / ACRE",50.7,BU / ACRE
2023,NE,NUCKOLLS,129,SOYBEANS,"SOYBEANS - YIELD, MEASURED IN BU / ACRE",43.7,BU / ACRE
2024,NE,NUCKOLLS,129,SOYBEANS,"SOYBEANS - YIELD, MEASURED IN BU / ACRE",56.2,BU / ACRE
2010,NE,OTHER (COMBINED) COUNTIES,998,SOYBEANS,"SOYBEANS - YIELD, MEASURED IN BU / ACRE",35.6,BU / ACRE
2010,NE,OTHER (COMBINED) COUNTIES,998,SOYBEANS,"SOYBEANS - YIELD, MEASURED IN BU / ACRE",51.2,BU / ACRE
2010,NE,OTHER (COMBINED) COUNTIES,998,SOYBEANS,"SOYBEANS, IRRIGATED - YIELD, MEASURED IN BU / ACRE",52.5,BU / ACRE
2010,NE,OTHER (COMBINED) COUNTIES,998,SOYBEANS,"SOYBEANS, IRRIGATED - YIELD, MEASURED IN BU / ACRE",55.8,BU / ACRE
2010,NE,OTHER (COMBINED) COUNTIES,998,SOYBEANS,"SOYBEANS, IRRIGATED - YIELD, MEASURED IN BU / ACRE",51.7,BU / ACRE
2010,NE,OTHER (COMBINED) COUNTIES,998,SOYBEANS,"SOYBEANS, IRRIGATED - YIELD, MEASURED IN BU / ACRE",52.5,BU / ACRE
2010,NE,OTHER (COMBINED) COUNTIES,998,SOYBEANS,"SOYBEANS, NON-IRRIGATED - YIELD, MEASURED IN BU / ACRE",37.5,BU / ACRE
2010,NE,OTHER (COMBINED) COUNTIES,998,SOYBEANS,"SOYBEANS, NON-IRRIGATED - YIELD, MEASURED IN BU / ACRE",53.5,BU / ACRE
2010,NE,OTHER (COMBINED) COUNTIES,998,SOYBEANS,"SOYBEANS, NON-IRRIGATED - YIELD, MEASURED IN BU / ACRE",49.5,BU / ACRE
2010,NE,OTHER (COMBINED) COUNTIES,998,SOYBEANS,"SOYBEANS, NON-IRRIGATED - YIELD, MEASURED IN BU / ACRE",42.7,BU / ACRE
2011,NE,OTHER (COMBINED) COUNTIES,998,SOYBEANS,"SOYBEANS - YIELD, MEASURED IN BU / ACRE",33.9,BU / ACRE
2011,NE,OTHER (COMBINED) COUNTIES,998,SOYBEANS,"SOYBEANS - YIELD, MEASURED IN BU / ACRE",44.2,BU / ACRE
2011,NE,OTHER (COMBINED) COUNTIES,998,SOYBEANS,"SOYBEANS - YIELD, MEASURED IN BU / ACRE",50.2,BU / ACRE
2011,NE,OTHER (COMBINED) COUNTIES,998,SOYBEANS,"SOYBEANS, IRRIGATED - YIELD, MEASURED IN BU / ACRE",52.8,BU / ACRE
2011,NE,OTHER (COMBINED) COUNTIES,998,SOYBEANS,"SOYBEANS, IRRIGATED - YIELD, MEASURED IN BU / ACRE",52.6,BU / ACRE
2011,NE,OTHER (COMBINED) COUNTIES,998,SOYBEANS,"SOYBEANS, IRRIGATED - YIELD, MEASURED IN BU / ACRE",57.6,BU / ACRE
2011,NE,OTHER (COMBINED) COUNTIES,998,SOYBEANS,"SOYBEANS, IRRIGATED - YIELD, MEASURED IN BU / ACRE",65.4,BU / ACRE
2011,NE,OTHER (COMBINED) COUNTIES,998,SOYBEANS,"SOYBEANS, IRRIGATED - YIELD, MEASURED IN BU / ACRE",56.4,BU / ACRE
2011,NE,OTHER (COMBINED) COUNTIES,998,SOYBEANS,"SOYBEANS, NON-IRRIGATED - YIELD, MEASURED IN BU / ACRE",27.3,BU / ACRE
2011,NE,OTHER (COMBINED) COUNTIES,998,SOYBEANS,"SOYBEANS, NON-IRRIGATED - YIELD, MEASURED IN BU / ACRE",45.0,BU / ACRE
2011,NE,OTHER (COMBINED) COUNTIES,998,SOYBEANS,"SOYBEANS, NON-IRRIGATED - YIELD, MEASURED IN BU / ACRE",51.9,BU / ACRE
2011,NE,OTHER (COMBINED) COUNTIES,998,SOYBEANS,"SOYBEANS, NON-IRRIGATED - YIELD, MEASURED IN BU / ACRE",48.2,BU / ACRE
2011,NE,OTHER (COMBINED) COUNTIES,998,SOYBEANS,"SOYBEANS, NON-IRRIGATED - YIELD, MEASURED IN BU / ACRE",47.6,BU / ACRE
2012,NE,OTHER (COMBINED) COUNTIES,998,SOYBEANS,"SOYBEANS - YIELD, MEASURED IN BU / ACRE",45.0,BU / ACRE
2012,NE,OTHER (COMBINED) COUNTIES,998,SOYBEANS,"SOYBEANS - YIELD, MEASURED IN BU / ACRE",52.8,BU / ACRE
2012,NE,OTHER (COMBINED) COUNTIES,998,SOYBEANS,"SOYBEANS, IRRIGATED - YIELD, MEASURED IN BU / ACRE",56.6,BU / ACRE
2012,NE,OTHER (COMBINED) COUNTIES,998,SOYBEANS,"SOYBEANS, IRRIGATED - YIELD, MEASURED IN BU / ACRE",54.2,BU / ACRE
2012,NE,OTHER (COMBINED) COUNTIES,998,SOYBEANS,"SOYBEANS, IRRIGATED - YIELD, MEASURED IN BU / ACRE",59.8,BU / ACRE
2012,NE,OTHER (COMBINED) COUNTIES,998,SOYBEANS,"SOYBEANS, IRRIGATED - YIELD, MEASURED IN BU / ACRE",56.4,BU / ACRE
2012,NE,OTHER (COMBINED) COUNTIES,998,SOYBEANS,"SOYBEANS, IRRIGATED - YIELD, MEASURED IN BU / ACRE",55.6,BU / ACRE
2012,NE,OTHER (COMBINED) COUNTIES,998,SOYBEANS,"SOYBEANS, NON-IRRIGATED - YIELD, MEASURED IN BU / ACRE",6.3,BU / ACRE
2012,NE,OTHER (COMBINED) COUNTIES,998,SOYBEANS,"SOYBEANS, NON-IRRIGATED - YIELD, MEASURED IN BU / ACRE",25.1,BU / ACRE
2012,NE,OTHER (COMBINED) COUNTIES,998,SOYBEANS,"SOYBEANS, NON-IRRIGATED - YIELD, MEASURED IN BU / ACRE",13.4,BU / ACRE
2012,NE,OTHER (COMBINED) COUNTIES,998,SOYBEANS,"SOYBEANS, NON-IRRIGATED - YIELD, MEASURED IN BU / ACRE",26.7,BU / ACRE
2012,NE,OTHER (COMBINED) COUNTIES,998,SOYBEANS,"SOYBEANS, NON-IRRIGATED - YIELD, MEASURED IN BU / ACRE",27.5,BU / ACRE
2013,NE,OTHER (COMBINED) COUNTIES,998,SOYBEANS,"SOYBEANS - YIELD, MEASURED IN BU / ACRE",34.9,BU / ACRE
2013,NE,OTHER (COMBINED) COUNTIES,998,SOYBEANS,"SOYBEANS - YIELD, MEASURED IN BU / ACRE",57.3,BU / ACRE
2013,NE,OTHER (COMBINED) COUNTIES,998,SOYBEANS,"SOYBEANS - YIELD, MEASURED IN BU / ACRE",50.9,BU / ACRE
2013,NE,OTHER (COMBINED) COUNTIES,998,SOYBEANS,"SOYBEANS - YIELD, MEASURED IN BU / ACRE",57.9,BU / ACRE
2013,NE,OTHER (COMBINED) COUNTIES,998,SOYBEANS,"SOYBEANS, IRRIGATED - YIELD, MEASURED IN BU / ACRE",58.6,BU / ACRE
2013,NE,OTHER (COMBINED) COUNTIES,998,SOYBEANS,"SOYBEANS, IRRIGATED - YIELD, MEASURED IN BU / ACRE",62.9,BU / ACRE
2013,NE,OTHER (COMBINED) COUNTIES,998,SOYBEANS,"SOYBEANS, IRRIGATED - YIELD, MEASURED IN BU / ACRE",61.4,BU / ACRE
2013,NE,OTHER (COMBINED) COUNTIES,998,SOYBEANS,"SOYBEANS, IRRIGATED - YIELD, MEASURED IN BU / ACRE",61.0,BU / ACRE
2013,NE,OTHER (COMBINED) COUNTIES,998,SOYBEANS,"SOYBEANS, IRRIGATED - YIELD, MEASURED IN BU / ACRE",55.1,BU / ACRE
2013,NE,OTHER (COMBINED) COUNTIES,998,SOYBEANS,"SOYBEANS, IRRIGATED - YIELD, MEASURED IN BU / ACRE",62.3,BU / ACRE
2013,NE,OTHER (COMBINED) COUNTIES,998,SOYBEANS,"SOYBEANS, NON-IRRIGATED - YIELD, MEASURED IN BU / ACRE",41.9,BU / ACRE
2013,NE,OTHER (COMBINED) COUNTIES,998,SOYBEANS,"SOYBEANS, NON-IRRIGATED - YIELD, MEASURED IN BU / ACRE",57.2,BU / ACRE
2013,NE,OTHER (COMBINED) COUNTIES,998,SOYBEANS,"SOYBEANS, NON-IRRIGATED - YIELD, MEASURED IN BU / ACRE",29.4,BU / ACRE
2013,NE,OTHER (COMBINED) COUNTIES,998,SOYBEANS,"SOYBEANS, NON-IRRIGATED - YIELD, MEASURED IN BU / ACRE",48.5,BU / ACRE
2013,NE,OTHER (COMBINED) COUNTIES,998,SOYBEANS,"SOYBEANS, NON-IRRIGATED - YIELD, MEASURED IN BU / ACRE",20.8,BU / ACRE
2013,NE,OTHER (COMBINED) COUNTIES,998,SOYBEANS,"SOYBEANS, NON-IRRIGATED - YIELD, MEASURED IN BU / ACRE",45.4,BU / ACRE
2014,NE,OTHER (COMBINED) COUNTIES,998,SOYBEANS,"SOYBEANS - YIELD, MEASURED IN BU / ACRE",47.5,BU / ACRE
2014,NE,OTHER (COMBINED) COUNTIES,998,SOYBEANS,"SOYBEANS - YIELD, MEASURED IN BU / ACRE",48.5,BU / ACRE
2014,NE,OTHER (COMBINED) COUNTIES,998,SOYBEANS,"SOYBEANS - YIELD, MEASURED IN BU / ACRE",49.3,BU / ACRE
2014,NE,OTHER (COMBINED) COUNTIES,998,SOYBEANS,"SOYBEANS - YIELD, MEASURED IN BU / ACRE",52.6,BU / ACRE
2014,NE,OTHER (COMBINED) COUNTIES,998,SOYBEANS,"SOYBEANS, IRRIGATED - YIELD, MEASURED IN BU / ACRE",55.0,BU / ACRE
2014,NE,OTHER (COMBINED) COUNTIES,998,SOYBEANS,"SOYBEANS, IRRIGATED - YIELD, MEASURED IN BU / ACRE",59.8,BU / ACRE
2014,NE,OTHER (COMBINED) COUNTIES,998,SOYBEANS,"SOYBEANS, IRRIGATED - YIELD, MEASURED IN BU / ACRE",63.0,BU / ACRE
2014,NE,OTHER (COMBINED) COUNTIES,998,SOYBEANS,"SOYBEANS, IRRIGATED - YIELD, MEASURED IN BU / ACRE",62.3,BU / ACRE
2014,NE,OTHER (COMBINED) COUNTIES,998,SOYBEANS,"SOYBEANS, IRRIGATED - YIELD, MEASURED IN BU / ACRE",56.2,BU / ACRE
2014,NE,OTHER (COMBINED) COUNTIES,998,SOYBEANS,"SOYBEANS, NON-IRRIGATED - YIELD, MEASURED IN BU / ACRE",52.7,BU / ACRE
2014,NE,OTHER (COMBINED) COUNTIES,998,SOYBEANS,"SOYBEANS, NON-IRRIGATED - YIELD, MEASURED IN BU / ACRE",39.5,BU / ACRE
2014,NE,OTHER (COMBINED) COUNTIES,998,SOYBEANS,"SOYBEANS, NON-IRRIGATED - YIELD, MEASURED IN BU / ACRE",49.1,BU / ACRE
2014,NE,OTHER (COMBINED) COUNTIES,998,SOYBEANS,"SOYBEANS, NON-IRRIGATED - YIELD, MEASURED IN BU / ACRE",36.4,BU / ACRE
2014,NE,OTHER (COMBINED) COUNTIES,998,SOYBEANS,"SOYBEANS, NON-IRRIGATED - YIELD, MEASURED IN BU / ACRE",46.0,BU / ACRE
2015,NE,OTHER (COMBINED) COUNTIES,998,SOYBEANS,"SOYBEANS - YIELD, MEASURED IN BU / ACRE",44.1,BU / ACRE
2015,NE,OTHER (COMBINED) COUNTIES,998,SOYBEANS,"SOYBEANS - YIELD, MEASURED IN BU / ACRE",61.6,BU / ACRE
2015,NE,OTHER (COMBINED) COUNTIES,998,SOYBEANS,"SOYBEANS - YIELD, MEASURED IN BU / ACRE",57.4,BU / ACRE
2015,NE,OTHER (COMBINED) COUNTIES,998,SOYBEANS,"SOYBEANS - YIELD, MEASURED IN BU / ACRE",51.3,BU / ACRE
2015,NE,OTHER (COMBINED) COUNTIES,998,SOYBEANS,"SOYBEANS - YIELD, MEASURED IN BU / ACRE",55.7,BU / ACRE
2015,NE,OTHER (COMBINED) COUNTIES,998,SOYBEANS,"SOYBEANS - YIELD, MEASURED IN BU / ACRE",61.0,BU / ACRE
2015,NE,OTHER (COMBINED) COUNTIES,998,SOYBEANS,"SOYBEANS, IRRIGATED - YIELD, MEASURED IN BU / ACRE",65.8,BU / ACRE
2015,NE,OTHER (COMBINED) COUNTIES,998,SOYBEANS,"SOYBEANS, IRRIGATED - YIELD, MEASURED IN BU / ACRE",61.9,BU / ACRE
2015,NE,OTHER (COMBINED) COUNTIES,998,SOYBEANS,"SOYBEANS, IRRIGATED - YIELD, MEASURED IN BU / ACRE",66.2,BU / ACRE
2015,NE,OTHER (COMBINED) COUNTIES,998,SOYBEANS,"SOYBEANS, IRRIGATED - YIELD, MEASURED IN BU / ACRE",65.2,BU / ACRE
2015,NE,OTHER (COMBINED) COUNTIES,998,SOYBEANS,"SOYBEANS, IRRIGATED - YIELD, MEASURED IN BU / ACRE",72.6,BU / ACRE
2015,NE,OTHER (COMBINED) COUNTIES,998,SOYBEANS,"SOYBEANS, IRRIGATED - YIELD, MEASURED IN BU / ACRE",63.6,BU / ACRE
2015,NE,OTHER (COMBINED) COUNTIES,998,SOYBEANS,"SOYBEANS, NON-IRRIGATED - YIELD, MEASURED IN BU / ACRE",48.3,BU / ACRE
2015,NE,OTHER (COMBINED) COUNTIES,998,SOYBEANS,"SOYBEANS, NON-IRRIGATED - YIELD, MEASURED IN BU / ACRE",56.9,BU / ACRE
2015,NE,OTHER (COMBINED) COUNTIES,998,SOYBEANS,"SOYBEANS, NON-IRRIGATED - YIELD, MEASURED IN BU / ACRE",34.8,BU / ACRE
2015,NE,OTHER (COMBINED) COUNTIES,998,SOYBEANS,"SOYBEANS, NON-IRRIGATED - YIELD, MEASURED IN BU / ACRE",53.9,BU / ACRE
2015,NE,OTHER (COMBINED) COUNTIES,998,SOYBEANS,"SOYBEANS, NON-IRRIGATED - YIELD, MEASURED IN BU / ACRE",33.0,BU / ACRE
2015,NE,OTHER (COMBINED) COUNTIES,998,SOYBEANS,"SOYBEANS, NON-IRRIGATED - YIELD, MEASURED IN BU / ACRE",45.2,BU / ACRE
2016,NE,OTHER (COMBINED) COUNTIES,998,SOYBEANS,"SOYBEANS - YIELD, MEASURED IN BU / ACRE",43.9,BU / ACRE
2016,NE,OTHER (COMBINED) COUNTIES,998,SOYBEANS,"SOYBEANS - YIELD, MEASURED IN BU / ACRE",55.8,BU / ACRE
2016,NE,OTHER (COMBINED) COUNTIES,998,SOYBEANS,"SOYBEANS - YIELD, MEASURED IN BU / ACRE",61.3,BU / ACRE
2016,NE,OTHER (COMBINED) COUNTIES,998,SOYBEANS,"SOYBEANS - YIELD, MEASURED IN BU / ACRE",62.5,BU / ACRE
2016,NE,OTHER (COMBINED) COUNTIES,998,SOYBEANS,"SOYBEANS, IRRIGATED - YIELD, MEASURED IN BU / ACRE",64.7,BU / ACRE
2016,NE,OTHER (COMBINED) COUNTIES,998,SOYBEANS,"SOYBEANS, IRRIGATED - YIELD, MEASURED IN BU / ACRE",63.9,BU / ACRE
2016,NE,OTHER (COMBINED) COUNTIES,998,SOYBEANS,"SOYBEANS, IRRIGATED - YIELD, MEASURED IN BU / ACRE",69.9,BU / ACRE
2016,NE,OTHER (COMBINED) COUNTIES,998,SOYBEANS,"SOYBEANS, IRRIGATED - YIELD, MEASURED IN BU / ACRE",66.1,BU / ACRE
2016,NE,OTHER (COMBINED) COUNTIES,998,SOYBEANS,"SOYBEANS, IRRIGATED - YIELD, MEASURED IN BU / ACRE",73.3,BU / ACRE
2016,NE,OTHER (COMBINED) COUNTIES,998,SOYBEANS,"SOYBEANS, IRRIGATED - YIELD, MEASURED IN BU / ACRE",63.6,BU / ACRE
2016,NE,OTHER (COMBINED) COUNTIES,998,SOYBEANS,"SOYBEANS, NON-IRRIGATED - YIELD, MEASURED IN BU / ACRE",40.0,BU / ACRE
2016,NE,OTHER (COMBINED) COUNTIES,998,SOYBEANS,"SOYBEANS, NON-IRRIGATED - YIELD, MEASURED IN BU / ACRE",59.1,BU / ACRE
2016,NE,OTHER (COMBINED) COUNTIES,998,SOYBEANS,"SOYBEANS, NON-IRRIGATED - YIELD, MEASURED IN BU / ACRE",48.0,BU / ACRE
2016,NE,OTHER (COMBINED) COUNTIES,998,SOYBEANS,"SOYBEANS, NON-IRRIGATED - YIELD, MEASURED IN BU / ACRE",56.5,BU / ACRE
2016,NE,OTHER (COMBINED) COUNTIES,998,SOYBEANS,"SOYBEANS, NON-IRRIGATED - YIELD, MEASURED IN BU / ACRE",48.1,BU / ACRE
2016,NE,OTHER (COMBINED) COUNTIES,998,SOYBEANS,"SOYBEANS, NON-IRRIGATED - YIELD, MEASURED IN BU / ACRE",53.4,BU / ACRE
2017,NE,OTHER (COMBINED) COUNTIES,998,SOYBEANS,"SOYBEANS - YIELD, MEASURED IN BU / ACRE",57.4,BU / ACRE
2017,NE,OTHER (COMBINED) COUNTIES,998,SOYBEANS,"SOYBEANS - YIELD, MEASURED IN BU / ACRE",53.5,BU / ACRE
2017,NE,OTHER (COMBINED) COUNTIES,998,SOYBEANS,"SOYBEANS - YIELD, MEASURED IN BU / ACRE",63.8,BU / ACRE
2017,NE,OTHER (COMBINED) COUNTIES,998,SOYBEANS,"SOYBEANS - YIELD, MEASURED IN BU / ACRE",60.2,BU / ACRE
2017,NE,OTHER (COMBINED) COUNTIES,998,SOYBEANS,"SOYBEANS, IRRIGATED - YIELD, MEASURED IN BU / ACRE",62.0,BU / ACRE
2017,NE,OTHER (COMBINED) COUNTIES,998,SOYBEANS,"SOYBEANS, IRRIGATED - YIELD, MEASURED IN BU / ACRE",60.5,BU / ACRE
2017,NE,OTHER (COMBINED) COUNTIES,998,SOYBEANS,"SOYBEANS, IRRIGATED - YIELD, MEASURED IN BU / ACRE",62.2,BU / ACRE
2017,NE,OTHER (COMBINED) COUNTIES,998,SOYBEANS,"SOYBEANS, IRRIGATED - YIELD, MEASURED IN BU / ACRE",66.6,BU / ACRE
2017,NE,OTHER (COMBINED) COUNTIES,998,SOYBEANS,"SOYBEANS, IRRIGATED - YIELD, MEASURED IN BU / ACRE",67.5,BU / ACRE
2017,NE,OTHER (COMBINED) COUNTIES,998,SOYBEANS,"SOYBEANS, IRRIGATED - YIELD, MEASURED IN BU / ACRE",64.1,BU / ACRE
2017,NE,OTHER (COMBINED) COUNTIES,998,SOYBEANS,"SOYBEANS, NON-IRRIGATED - YIELD, MEASURED IN BU / ACRE",50.1,BU / ACRE
2017,NE,OTHER (COMBINED) COUNTIES,998,SOYBEANS,"SOYBEANS, NON-IRRIGATED - YIELD, MEASURED IN BU / ACRE",53.9,BU / ACRE
2017,NE,OTHER (COMBINED) COUNTIES,998,SOYBEANS,"SOYBEANS, NON-IRRIGATED - YIELD, MEASURED IN BU / ACRE",43.9,BU / ACRE
2017,NE,OTHER (COMBINED) COUNTIES,998,SOYBEANS,"SOYBEANS, NON-IRRIGATED - YIELD, MEASURED IN BU / ACRE",53.2,BU / ACRE
2017,NE,OTHER (COMBINED) COUNTIES,998,SOYBEANS,"SOYBEANS, NON-IRRIGATED - YIELD, MEASURED IN BU / ACRE",45.4,BU / ACRE
2017,NE,OTHER (COMBINED) COUNTIES,998,SOYBEANS,"SOYBEANS, NON-IRRIGATED - YIELD, MEASURED IN BU / ACRE",45.9,BU / ACRE
2018,NE,OTHER (COMBINED) COUNTIES,998,SOYBEANS,"SOYBEANS - YIELD, MEASURED IN BU / ACRE",61.3,BU / ACRE
2018,NE,OTHER (COMBINED) COUNTIES,998,SOYBEANS,"SOYBEANS - YIELD, MEASURED IN BU / ACRE",56.0,BU / ACRE
2018,NE,OTHER (COMBINED) COUNTIES,998,SOYBEANS,"SOYBEANS - YIELD, MEASURED IN BU / ACRE",57.7,BU / ACRE
2018,NE,OTHER (COMBINED) COUNTIES,998,SOYBEANS,"SOYBEANS - YIELD, MEASURED IN BU / ACRE",61.8,BU / ACRE
2018,NE,OTHER (COMBINED) COUNTIES,998,SOYBEANS,"SOYBEANS - YIELD, MEASURED IN BU / ACRE",48.7,BU / ACRE
2018,NE,OTHER (COMBINED) COUNTIES,998,SOYBEANS,"SOYBEANS, IRRIGATED - YIELD, MEASURED IN BU / ACRE",64.0,BU / ACRE
2018,NE,OTHER (COMBINED) COUNTIES,998,SOYBEANS,"SOYBEANS, IRRIGATED - YIELD, MEASURED IN BU / ACRE",60.8,BU / ACRE
2018,NE,OTHER (COMBINED) COUNTIES,998,SOYBEANS,"SOYBEANS, IRRIGATED - YIELD, MEASURED IN BU / ACRE",67.8,BU / ACRE
2018,NE,OTHER (COMBINED) COUNTIES,998,SOYBEANS,"SOYBEANS, IRRIGATED - YIELD, MEASURED IN BU / ACRE",62.3,BU / ACRE
2018,NE,OTHER (COMBINED) COUNTIES,998,SOYBEANS,"SOYBEANS, IRRIGATED - YIELD, MEASURED IN BU / ACRE",68.4,BU / ACRE
2018,NE,OTHER (COMBINED) COUNTIES,998,SOYBEANS,"SOYBEANS, IRRIGATED - YIELD, MEASURED IN BU / ACRE",64.1,BU / ACRE
2018,NE,OTHER (COMBINED) COUNTIES,998,SOYBEANS,"SOYBEANS, NON-IRRIGATED - YIELD, MEASURED IN BU / ACRE",55.0,BU / ACRE
2018,NE,OTHER (COMBINED) COUNTIES,998,SOYBEANS,"SOYBEANS, NON-IRRIGATED - YIELD, MEASURED IN BU / ACRE",55.8,BU / ACRE
2018,NE,OTHER (COMBINED) COUNTIES,998,SOYBEANS,"SOYBEANS, NON-IRRIGATED - YIELD, MEASURED IN BU / ACRE",53.6,BU / ACRE
2018,NE,OTHER (COMBINED) COUNTIES,998,SOYBEANS,"SOYBEANS, NON-IRRIGATED - YIELD, MEASURED IN BU / ACRE",52.5,BU / ACRE
2018,NE,OTHER (COMBINED) COUNTIES,998,SOYBEANS,"SOYBEANS, NON-IRRIGATED - YIELD, MEASURED IN BU / ACRE",53.1,BU / ACRE
2018,NE,OTHER (COMBINED) COUNTIES,998,SOYBEANS,"SOYBEANS, NON-IRRIGATED - YIELD, MEASURED IN BU / ACRE",46.9,BU / ACRE
2019,NE,OTHER (COMBINED) COUNTIES,998,SOYBEANS,"SOYBEANS - YIELD, MEASURED IN BU / ACRE",53.9,BU / ACRE
2019,NE,OTHER (COMBINED) COUNTIES,998,SOYBEANS,"SOYBEANS - YIELD, MEASURED IN BU / ACRE",60.7,BU / ACRE
2019,NE,OTHER (COMBINED) COUNTIES,998,SOYBEANS,"SOYBEANS - YIELD, MEASURED IN BU / ACRE",58.5,BU / ACRE
2019,NE,OTHER (COMBINED) COUNTIES,998,SOYBEANS,"SOYBEANS - YIELD, MEASURED IN BU / ACRE",62.4,BU / ACRE
2019,NE,OTHER (COMBINED) COUNTIES,998,SOYBEANS,"SOYBEANS - YIELD, MEASURED IN BU / ACRE",53.0,BU / ACRE
2019,NE,OTHER (COMBINED) COUNTIES,998,SOYBEANS,"SOYBEANS - YIELD, MEASURED IN BU / ACRE",63.0,BU / ACRE
2020,NE,OTHER COUNTIES,998,SOYBEANS,"SOYBEANS - YIELD, MEASURED IN BU / ACRE",55.2,BU / ACRE
2021,NE,OTHER COUNTIES,998,SOYBEANS,"SOYBEANS - YIELD, MEASURED IN BU / ACRE",63.5,BU / ACRE
2022,NE,OTHER COUNTIES,998,SOYBEANS,"SOYBEANS - YIELD, MEASURED IN BU / ACRE",53.5,BU / ACRE
2023,NE,OTHER COUNTIES,998,SOYBEANS,"SOYBEANS - YIELD, MEASURED IN BU / ACRE",49.2,BU / ACRE
2024,NE,OTHER COUNTIES,998,SOYBEANS,"SOYBEANS - YIELD, MEASURED IN BU / ACRE",57.8,BU / ACRE
2025,NE,OTHER COUNTIES,998,SOYBEANS,"SOYBEANS - YIELD, MEASURED IN BU / ACRE",64.7,BU / ACRE
2010,NE,OTOE,131,SOYBEANS,"SOYBEANS - YIELD, MEASURED IN BU / ACRE",43.1,BU / ACRE
2011,NE,OTOE,131,SOYBEANS,"SOYBEANS - YIELD, MEASURED IN BU / ACRE",45.8,BU / ACRE
2011,NE,OTOE,131,SOYBEANS,"SOYBEANS, IRRIGATED - YIELD, MEASURED IN BU / ACRE",59.0,BU / ACRE
2011,NE,OTOE,131,SOYBEANS,"SOYBEANS, NON-IRRIGATED - YIELD, MEASURED IN BU / ACRE",45.6,BU / ACRE
2012,NE,OTOE,131,SOYBEANS,"SOYBEANS - YIELD, MEASURED IN BU / ACRE",29.4,BU / ACRE
2012,NE,OTOE,131,SOYBEANS,"SOYBEANS, IRRIGATED - YIELD, MEASURED IN BU / ACRE",49.1,BU / ACRE
2012,NE,OTOE,131,SOYBEANS,"SOYBEANS, NON-IRRIGATED - YIELD, MEASURED IN BU / ACRE",29.1,BU / ACRE
2013,NE,OTOE,131,SOYBEANS,"SOYBEANS - YIELD, MEASURED IN BU / ACRE",42.2,BU / ACRE
2014,NE,OTOE,131,SOYBEANS,"SOYBEANS - YIELD, MEASURED IN BU / ACRE",43.4,BU / ACRE
2015,NE,OTOE,131,SOYBEANS,"SOYBEANS - YIELD, MEASURED IN BU / ACRE",49.6,BU / ACRE
2016,NE,OTOE,131,SOYBEANS,"SOYBEANS - YIELD, MEASURED IN BU / ACRE",55.1,BU / ACRE
2017,NE,OTOE,131,SOYBEANS,"SOYBEANS - YIELD, MEASURED IN BU / ACRE",51.4,BU / ACRE
2018,NE,OTOE,131,SOYBEANS,"SOYBEANS - YIELD, MEASURED IN BU / ACRE",44.9,BU / ACRE
2019,NE,OTOE,131,SOYBEANS,"SOYBEANS - YIELD, MEASURED IN BU / ACRE",53.4,BU / ACRE
2020,NE,OTOE,131,SOYBEANS,"SOYBEANS - YIELD, MEASURED IN BU / ACRE",50.0,BU / ACRE
2021,NE,OTOE,131,SOYBEANS,"SOYBEANS - YIELD, MEASURED IN BU / ACRE",58.7,BU / ACRE
2022,NE,OTOE,131,SOYBEANS,"SOYBEANS - YIELD, MEASURED IN BU / ACRE",34.7,BU / ACRE
2025,NE,OTOE,131,SOYBEANS,"SOYBEANS - YIELD, MEASURED IN BU / ACRE",61.0,BU / ACRE
2010,NE,PAWNEE,133,SOYBEANS,"SOYBEANS - YIELD, MEASURED IN BU / ACRE",36.9,BU / ACRE
2011,NE,PAWNEE,133,SOYBEANS,"SOYBEANS - YIELD, MEASURED IN BU / ACRE",43.4,BU / ACRE
2012,NE,PAWNEE,133,SOYBEANS,"SOYBEANS - YIELD, MEASURED IN BU / ACRE",28.2,BU / ACRE
2013,NE,PAWNEE,133,SOYBEANS,"SOYBEANS - YIELD, MEASURED IN BU / ACRE",46.7,BU / ACRE
2014,NE,PAWNEE,133,SOYBEANS,"SOYBEANS - YIELD, MEASURED IN BU / ACRE",44.9,BU / ACRE
2015,NE,PAWNEE,133,SOYBEANS,"SOYBEANS - YIELD, MEASURED IN BU / ACRE",33.8,BU / ACRE
2016,NE,PAWNEE,133,SOYBEANS,"SOYBEANS - YIELD, MEASURED IN BU / ACRE",53.5,BU / ACRE
2017,NE,PAWNEE,133,SOYBEANS,"SOYBEANS - YIELD, MEASURED IN BU / ACRE",36.5,BU / ACRE
2018,NE,PAWNEE,133,SOYBEANS,"SOYBEANS - YIELD, MEASURED IN BU / ACRE",45.3,BU / ACRE
2019,NE,PAWNEE,133,SOYBEANS,"SOYBEANS - YIELD, MEASURED IN BU / ACRE",48.7,BU / ACRE
2020,NE,PAWNEE,133,SOYBEANS,"SOYBEANS - YIELD, MEASURED IN BU / ACRE",41.8,BU / ACRE
2021,NE,PAWNEE,133,SOYBEANS,"SOYBEANS - YIELD, MEASURED IN BU / ACRE",48.9,BU / ACRE
2022,NE,PAWNEE,133,SOYBEANS,"SOYBEANS - YIELD, MEASURED IN BU / ACRE",28.2,BU / ACRE
2023,NE,PAWNEE,133,SOYBEANS,"SOYBEANS - YIELD, MEASURED IN BU / ACRE",50.2,BU / ACRE
2024,NE,PAWNEE,133,SOYBEANS,"SOYBEANS - YIELD, MEASURED IN BU / ACRE",39.6,BU / ACRE
2025,NE,PAWNEE,133,SOYBEANS,"SOYBEANS - YIELD, MEASURED IN BU / ACRE",56.6,BU / ACRE
2010,NE,PERKINS,135,SOYBEANS,"SOYBEANS - YIELD, MEASURED IN BU / ACRE",53.9,BU / ACRE
2011,NE,PERKINS,135,SOYBEANS,"SOYBEANS - YIELD, MEASURED IN BU / ACRE",51.1,BU / ACRE
2012,NE,PERKINS,135,SOYBEANS,"SOYBEANS - YIELD, MEASURED IN BU / ACRE",56.4,BU / ACRE
2013,NE,PERKINS,135,SOYBEANS,"SOYBEANS - YIELD, MEASURED IN BU / ACRE",64.3,BU / ACRE
2014,NE,PERKINS,135,SOYBEANS,"SOYBEANS - YIELD, MEASURED IN BU / ACRE",64.7,BU / ACRE
2015,NE,PERKINS,135,SOYBEANS,"SOYBEANS - YIELD, MEASURED IN BU / ACRE",61.9,BU / ACRE
2020,NE,PERKINS,135,SOYBEANS,"SOYBEANS - YIELD, MEASURED IN BU / ACRE",64.7,BU / ACRE
2021,NE,PERKINS,135,SOYBEANS,"SOYBEANS - YIELD, MEASURED IN BU / ACRE",56.2,BU / ACRE
2022,NE,PERKINS,135,SOYBEANS,"SOYBEANS - YIELD, MEASURED IN BU / ACRE",61.3,BU / ACRE
2024,NE,PERKINS,135,SOYBEANS,"SOYBEANS - YIELD, MEASURED IN BU / ACRE",62.3,BU / ACRE
2010,NE,PHELPS,137,SOYBEANS,"SOYBEANS - YIELD, MEASURED IN BU / ACRE",65.6,BU / ACRE
2010,NE,PHELPS,137,SOYBEANS,"SOYBEANS, IRRIGATED - YIELD, MEASURED IN BU / ACRE",66.9,BU / ACRE
2010,NE,PHELPS,137,SOYBEANS,"SOYBEANS, NON-IRRIGATED - YIELD, MEASURED IN BU / ACRE",51.1,BU / ACRE
2011,NE,PHELPS,137,SOYBEANS,"SOYBEANS - YIELD, MEASURED IN BU / ACRE",67.7,BU / ACRE
2011,NE,PHELPS,137,SOYBEANS,"SOYBEANS, IRRIGATED - YIELD, MEASURED IN BU / ACRE",68.7,BU / ACRE
2011,NE,PHELPS,137,SOYBEANS,"SOYBEANS, NON-IRRIGATED - YIELD, MEASURED IN BU / ACRE",54.9,BU / ACRE
2012,NE,PHELPS,137,SOYBEANS,"SOYBEANS - YIELD, MEASURED IN BU / ACRE",65.2,BU / ACRE
2012,NE,PHELPS,137,SOYBEANS,"SOYBEANS, IRRIGATED - YIELD, MEASURED IN BU / ACRE",68.7,BU / ACRE
2012,NE,PHELPS,137,SOYBEANS,"SOYBEANS, NON-IRRIGATED - YIELD, MEASURED IN BU / ACRE",25.5,BU / ACRE
2013,NE,PHELPS,137,SOYBEANS,"SOYBEANS - YIELD, MEASURED IN BU / ACRE",61.2,BU / ACRE
2013,NE,PHELPS,137,SOYBEANS,"SOYBEANS, IRRIGATED - YIELD, MEASURED IN BU / ACRE",64.6,BU / ACRE
2013,NE,PHELPS,137,SOYBEANS,"SOYBEANS, NON-IRRIGATED - YIELD, MEASURED IN BU / ACRE",15.5,BU / ACRE
2014,NE,PHELPS,137,SOYBEANS,"SOYBEANS - YIELD, MEASURED IN BU / ACRE",60.7,BU / ACRE
2015,NE,PHELPS,137,SOYBEANS,"SOYBEANS - YIELD, MEASURED IN BU / ACRE",70.2,BU / ACRE
2016,NE,PHELPS,137,SOYBEANS,"SOYBEANS - YIELD, MEASURED IN BU / ACRE",71.3,BU / ACRE
2017,NE,PHELPS,137,SOYBEANS,"SOYBEANS - YIELD, MEASURED IN BU / ACRE",66.1,BU / ACRE
2017,NE,PHELPS,137,SOYBEANS,"SOYBEANS, IRRIGATED - YIELD, MEASURED IN BU / ACRE",67.5,BU / ACRE
2017,NE,PHELPS,137,SOYBEANS,"SOYBEANS, NON-IRRIGATED - YIELD, MEASURED IN BU / ACRE",51.1,BU / ACRE
2018,NE,PHELPS,137,SOYBEANS,"SOYBEANS - YIELD, MEASURED IN BU / ACRE",67.2,BU / ACRE
2018,NE,PHELPS,137,SOYBEANS,"SOYBEANS, IRRIGATED - YIELD, MEASURED IN BU / ACRE",68.4,BU / ACRE
2018,NE,PHELPS,137,SOYBEANS,"SOYBEANS, NON-IRRIGATED - YIELD, MEASURED IN BU / ACRE",51.9,BU / ACRE
2019,NE,PHELPS,137,SOYBEANS,"SOYBEANS - YIELD, MEASURED IN BU / ACRE",67.3,BU / ACRE
2020,NE,PHELPS,137,SOYBEANS,"SOYBEANS - YIELD, MEASURED IN BU / ACRE",72.6,BU / ACRE
2021,NE,PHELPS,137,SOYBEANS,"SOYBEANS - YIELD, MEASURED IN BU / ACRE",72.9,BU / ACRE
2022,NE,PHELPS,137,SOYBEANS,"SOYBEANS - YIELD, MEASURED IN BU / ACRE",65.5,BU / ACRE
2023,NE,PHELPS,137,SOYBEANS,"SOYBEANS - YIELD, MEASURED IN BU / ACRE",66.6,BU / ACRE
2024,NE,PHELPS,137,SOYBEANS,"SOYBEANS - YIELD, MEASURED IN BU / ACRE",66.0,BU / ACRE
2025,NE,PHELPS,137,SOYBEANS,"SOYBEANS - YIELD, MEASURED IN BU / ACRE",72.4,BU / ACRE
2010,NE,PIERCE,139,SOYBEANS,"SOYBEANS - YIELD, MEASURED IN BU / ACRE",53.0,BU / ACRE
2010,NE,PIERCE,139,SOYBEANS,"SOYBEANS, IRRIGATED - YIELD, MEASURED IN BU / ACRE",56.3,BU / ACRE
2010,NE,PIERCE,139,SOYBEANS,"SOYBEANS, NON-IRRIGATED - YIELD, MEASURED IN BU / ACRE",49.0,BU / ACRE
2011,NE,PIERCE,139,SOYBEANS,"SOYBEANS - YIELD, MEASURED IN BU / ACRE",49.3,BU / ACRE
2011,NE,PIERCE,139,SOYBEANS,"SOYBEANS, IRRIGATED - YIELD, MEASURED IN BU / ACRE",53.3,BU / ACRE
2011,NE,PIERCE,139,SOYBEANS,"SOYBEANS, NON-IRRIGATED - YIELD, MEASURED IN BU / ACRE",44.2,BU / ACRE
2012,NE,PIERCE,139,SOYBEANS,"SOYBEANS - YIELD, MEASURED IN BU / ACRE",39.8,BU / ACRE
2012,NE,PIERCE,139,SOYBEANS,"SOYBEANS, IRRIGATED - YIELD, MEASURED IN BU / ACRE",58.5,BU / ACRE
2012,NE,PIERCE,139,SOYBEANS,"SOYBEANS, NON-IRRIGATED - YIELD, MEASURED IN BU / ACRE",17.3,BU / ACRE
2013,NE,PIERCE,139,SOYBEANS,"SOYBEANS - YIELD, MEASURED IN BU / ACRE",55.4,BU / ACRE
2013,NE,PIERCE,139,SOYBEANS,"SOYBEANS, IRRIGATED - YIELD, MEASURED IN BU / ACRE",59.1,BU / ACRE
2013,NE,PIERCE,139,SOYBEANS,"SOYBEANS, NON-IRRIGATED - YIELD, MEASURED IN BU / ACRE",49.9,BU / ACRE
2014,NE,PIERCE,139,SOYBEANS,"SOYBEANS - YIELD, MEASURED IN BU / ACRE",52.1,BU / ACRE
2014,NE,PIERCE,139,SOYBEANS,"SOYBEANS, IRRIGATED - YIELD, MEASURED IN BU / ACRE",53.4,BU / ACRE
2014,NE,PIERCE,139,SOYBEANS,"SOYBEANS, NON-IRRIGATED - YIELD, MEASURED IN BU / ACRE",50.6,BU / ACRE
2015,NE,PIERCE,139,SOYBEANS,"SOYBEANS - YIELD, MEASURED IN BU / ACRE",56.6,BU / ACRE
2015,NE,PIERCE,139,SOYBEANS,"SOYBEANS, IRRIGATED - YIELD, MEASURED IN BU / ACRE",60.3,BU / ACRE
2015,NE,PIERCE,139,SOYBEANS,"SOYBEANS, NON-IRRIGATED - YIELD, MEASURED IN BU / ACRE",51.2,BU / ACRE
2016,NE,PIERCE,139,SOYBEANS,"SOYBEANS - YIELD, MEASURED IN BU / ACRE",58.5,BU / ACRE
2016,NE,PIERCE,139,SOYBEANS,"SOYBEANS, IRRIGATED - YIELD, MEASURED IN BU / ACRE",63.3,BU / ACRE
2016,NE,PIERCE,139,SOYBEANS,"SOYBEANS, NON-IRRIGATED - YIELD, MEASURED IN BU / ACRE",52.3,BU / ACRE
2017,NE,PIERCE,139,SOYBEANS,"SOYBEANS - YIELD, MEASURED IN BU / ACRE",53.2,BU / ACRE
2018,NE,PIERCE,139,SOYBEANS,"SOYBEANS - YIELD, MEASURED IN BU / ACRE",57.3,BU / ACRE
2019,NE,PIERCE,139,SOYBEANS,"SOYBEANS - YIELD, MEASURED IN BU / ACRE",57.3,BU / ACRE
2020,NE,PIERCE,139,SOYBEANS,"SOYBEANS - YIELD, MEASURED IN BU / ACRE",58.6,BU / ACRE
2021,NE,PIERCE,139,SOYBEANS,"SOYBEANS - YIELD, MEASURED IN BU / ACRE",56.2,BU / ACRE
2022,NE,PIERCE,139,SOYBEANS,"SOYBEANS - YIELD, MEASURED IN BU / ACRE",49.2,BU / ACRE
2023,NE,PIERCE,139,SOYBEANS,"SOYBEANS - YIELD, MEASURED IN BU / ACRE",49.3,BU / ACRE
2024,NE,PIERCE,139,SOYBEANS,"SOYBEANS - YIELD, MEASURED IN BU / ACRE",55.9,BU / ACRE
2010,NE,PLATTE,141,SOYBEANS,"SOYBEANS - YIELD, MEASURED IN BU / ACRE",53.0,BU / ACRE
2010,NE,PLATTE,141,SOYBEANS,"SOYBEANS, IRRIGATED - YIELD, MEASURED IN BU / ACRE",57.8,BU / ACRE
2010,NE,PLATTE,141,SOYBEANS,"SOYBEANS, NON-IRRIGATED - YIELD, MEASURED IN BU / ACRE",46.0,BU / ACRE
2011,NE,PLATTE,141,SOYBEANS,"SOYBEANS - YIELD, MEASURED IN BU / ACRE",56.7,BU / ACRE
2011,NE,PLATTE,141,SOYBEANS,"SOYBEANS, IRRIGATED - YIELD, MEASURED IN BU / ACRE",59.9,BU / ACRE
2011,NE,PLATTE,141,SOYBEANS,"SOYBEANS, NON-IRRIGATED - YIELD, MEASURED IN BU / ACRE",52.2,BU / ACRE
2012,NE,PLATTE,141,SOYBEANS,"SOYBEANS - YIELD, MEASURED IN BU / ACRE",43.5,BU / ACRE
2012,NE,PLATTE,141,SOYBEANS,"SOYBEANS, IRRIGATED - YIELD, MEASURED IN BU / ACRE",58.6,BU / ACRE
2012,NE,PLATTE,141,SOYBEANS,"SOYBEANS, NON-IRRIGATED - YIELD, MEASURED IN BU / ACRE",21.0,BU / ACRE
2013,NE,PLATTE,141,SOYBEANS,"SOYBEANS - YIELD, MEASURED IN BU / ACRE",60.4,BU / ACRE
2013,NE,PLATTE,141,SOYBEANS,"SOYBEANS, IRRIGATED - YIELD, MEASURED IN BU / ACRE",64.9,BU / ACRE
2013,NE,PLATTE,141,SOYBEANS,"SOYBEANS, NON-IRRIGATED - YIELD, MEASURED IN BU / ACRE",53.4,BU / ACRE
2014,NE,PLATTE,141,SOYBEANS,"SOYBEANS - YIELD, MEASURED IN BU / ACRE",57.5,BU / ACRE
2014,NE,PLATTE,141,SOYBEANS,"SOYBEANS, IRRIGATED - YIELD, MEASURED IN BU / ACRE",59.8,BU / ACRE
2014,NE,PLATTE,141,SOYBEANS,"SOYBEANS, NON-IRRIGATED - YIELD, MEASURED IN BU / ACRE",53.9,BU / ACRE
2015,NE,PLATTE,141,SOYBEANS,"SOYBEANS - YIELD, MEASURED IN BU / ACRE",63.0,BU / ACRE
2015,NE,PLATTE,141,SOYBEANS,"SOYBEANS, IRRIGATED - YIELD, MEASURED IN BU / ACRE",65.4,BU / ACRE
2015,NE,PLATTE,141,SOYBEANS,"SOYBEANS, NON-IRRIGATED - YIELD, MEASURED IN BU / ACRE",59.0,BU / ACRE
2016,NE,PLATTE,141,SOYBEANS,"SOYBEANS - YIELD, MEASURED IN BU / ACRE",65.1,BU / ACRE
2016,NE,PLATTE,141,SOYBEANS,"SOYBEANS, IRRIGATED - YIELD, MEASURED IN BU / ACRE",67.9,BU / ACRE
2016,NE,PLATTE,141,SOYBEANS,"SOYBEANS, NON-IRRIGATED - YIELD, MEASURED IN BU / ACRE",60.5,BU / ACRE
2017,NE,PLATTE,141,SOYBEANS,"SOYBEANS - YIELD, MEASURED IN BU / ACRE",60.7,BU / ACRE
2017,NE,PLATTE,141,SOYBEANS,"SOYBEANS, IRRIGATED - YIELD, MEASURED IN BU / ACRE",64.8,BU / ACRE
2017,NE,PLATTE,141,SOYBEANS,"SOYBEANS, NON-IRRIGATED - YIELD, MEASURED IN BU / ACRE",53.5,BU / ACRE
2018,NE,PLATTE,141,SOYBEANS,"SOYBEANS - YIELD, MEASURED IN BU / ACRE",54.7,BU / ACRE
2018,NE,PLATTE,141,SOYBEANS,"SOYBEANS, IRRIGATED - YIELD, MEASURED IN BU / ACRE",57.3,BU / ACRE
2018,NE,PLATTE,141,SOYBEANS,"SOYBEANS, NON-IRRIGATED - YIELD, MEASURED IN BU / ACRE",50.3,BU / ACRE
2019,NE,PLATTE,141,SOYBEANS,"SOYBEANS - YIELD, MEASURED IN BU / ACRE",64.3,BU / ACRE
2020,NE,PLATTE,141,SOYBEANS,"SOYBEANS - YIELD, MEASURED IN BU / ACRE",63.5,BU / ACRE
2021,NE,PLATTE,141,SOYBEANS,"SOYBEANS - YIELD, MEASURED IN BU / ACRE",64.9,BU / ACRE
2022,NE,PLATTE,141,SOYBEANS,"SOYBEANS - YIELD, MEASURED IN BU / ACRE",51.1,BU / ACRE
2023,NE,PLATTE,141,SOYBEANS,"SOYBEANS - YIELD, MEASURED IN BU / ACRE",56.8,BU / ACRE
2010,NE,POLK,143,SOYBEANS,"SOYBEANS - YIELD, MEASURED IN BU / ACRE",59.5,BU / ACRE
2010,NE,POLK,143,SOYBEANS,"SOYBEANS, IRRIGATED - YIELD, MEASURED IN BU / ACRE",61.8,BU / ACRE
2010,NE,POLK,143,SOYBEANS,"SOYBEANS, NON-IRRIGATED - YIELD, MEASURED IN BU / ACRE",52.8,BU / ACRE
2011,NE,POLK,143,SOYBEANS,"SOYBEANS - YIELD, MEASURED IN BU / ACRE",57.4,BU / ACRE
2011,NE,POLK,143,SOYBEANS,"SOYBEANS, IRRIGATED - YIELD, MEASURED IN BU / ACRE",59.2,BU / ACRE
2011,NE,POLK,143,SOYBEANS,"SOYBEANS, NON-IRRIGATED - YIELD, MEASURED IN BU / ACRE",52.4,BU / ACRE
2012,NE,POLK,143,SOYBEANS,"SOYBEANS - YIELD, MEASURED IN BU / ACRE",50.5,BU / ACRE
2012,NE,POLK,143,SOYBEANS,"SOYBEANS, IRRIGATED - YIELD, MEASURED IN BU / ACRE",59.7,BU / ACRE
2012,NE,POLK,143,SOYBEANS,"SOYBEANS, NON-IRRIGATED - YIELD, MEASURED IN BU / ACRE",23.5,BU / ACRE
2013,NE,POLK,143,SOYBEANS,"SOYBEANS - YIELD, MEASURED IN BU / ACRE",60.8,BU / ACRE
2013,NE,POLK,143,SOYBEANS,"SOYBEANS, IRRIGATED - YIELD, MEASURED IN BU / ACRE",65.7,BU / ACRE
2013,NE,POLK,143,SOYBEANS,"SOYBEANS, NON-IRRIGATED - YIELD, MEASURED IN BU / ACRE",45.6,BU / ACRE
2014,NE,POLK,143,SOYBEANS,"SOYBEANS - YIELD, MEASURED IN BU / ACRE",61.8,BU / ACRE
2015,NE,POLK,143,SOYBEANS,"SOYBEANS - YIELD, MEASURED IN BU / ACRE",63.8,BU / ACRE
2015,NE,POLK,143,SOYBEANS,"SOYBEANS, IRRIGATED - YIELD, MEASURED IN BU / ACRE",65.3,BU / ACRE
2015,NE,POLK,143,SOYBEANS,"SOYBEANS, NON-IRRIGATED - YIELD, MEASURED IN BU / ACRE",58.5,BU / ACRE
2016,NE,POLK,143,SOYBEANS,"SOYBEANS - YIELD, MEASURED IN BU / ACRE",67.4,BU / ACRE
2017,NE,POLK,143,SOYBEANS,"SOYBEANS - YIELD, MEASURED IN BU / ACRE",65.7,BU / ACRE
2018,NE,POLK,143,SOYBEANS,"SOYBEANS - YIELD, MEASURED IN BU / ACRE",64.3,BU / ACRE
2018,NE,POLK,143,SOYBEANS,"SOYBEANS, IRRIGATED - YIELD, MEASURED IN BU / ACRE",65.6,BU / ACRE
2018,NE,POLK,143,SOYBEANS,"SOYBEANS, NON-IRRIGATED - YIELD, MEASURED IN BU / ACRE",59.2,BU / ACRE
2020,NE,POLK,143,SOYBEANS,"SOYBEANS - YIELD, MEASURED IN BU / ACRE",66.9,BU / ACRE
2022,NE,POLK,143,SOYBEANS,"SOYBEANS - YIELD, MEASURED IN BU / ACRE",51.9,BU / ACRE
2023,NE,POLK,143,SOYBEANS,"SOYBEANS - YIELD, MEASURED IN BU / ACRE",50.7,BU / ACRE
2024,NE,POLK,143,SOYBEANS,"SOYBEANS - YIELD, MEASURED IN BU / ACRE",67.2,BU / ACRE
2025,NE,POLK,143,SOYBEANS,"SOYBEANS - YIELD, MEASURED IN BU / ACRE",69.7,BU / ACRE
2010,NE,RED WILLOW,145,SOYBEANS,"SOYBEANS - YIELD, MEASURED IN BU / ACRE",61.3,BU / ACRE
2011,NE,RED WILLOW,145,SOYBEANS,"SOYBEANS - YIELD, MEASURED IN BU / ACRE",51.9,BU / ACRE
2012,NE,RED WILLOW,145,SOYBEANS,"SOYBEANS - YIELD, MEASURED IN BU / ACRE",52.4,BU / ACRE
2013,NE,RED WILLOW,145,SOYBEANS,"SOYBEANS - YIELD, MEASURED IN BU / ACRE",47.0,BU / ACRE
2014,NE,RED WILLOW,145,SOYBEANS,"SOYBEANS - YIELD, MEASURED IN BU / ACRE",61.7,BU / ACRE
2015,NE,RED WILLOW,145,SOYBEANS,"SOYBEANS - YIELD, MEASURED IN BU / ACRE",62.7,BU / ACRE
2016,NE,RED WILLOW,145,SOYBEANS,"SOYBEANS - YIELD, MEASURED IN BU / ACRE",65.5,BU / ACRE
2020,NE,RED WILLOW,145,SOYBEANS,"SOYBEANS - YIELD, MEASURED IN BU / ACRE",59.0,BU / ACRE
2022,NE,RED WILLOW,145,SOYBEANS,"SOYBEANS - YIELD, MEASURED IN BU / ACRE",51.5,BU / ACRE
2023,NE,RED WILLOW,145,SOYBEANS,"SOYBEANS - YIELD, MEASURED IN BU / ACRE",54.2,BU / ACRE
2024,NE,RED WILLOW,145,SOYBEANS,"SOYBEANS - YIELD, MEASURED IN BU / ACRE",69.3,BU / ACRE
2025,NE,RED WILLOW,145,SOYBEANS,"SOYBEANS - YIELD, MEASURED IN BU / ACRE",60.1,BU / ACRE
2010,NE,RICHARDSON,147,SOYBEANS,"SOYBEANS - YIELD, MEASURED IN BU / ACRE",44.4,BU / ACRE
2011,NE,RICHARDSON,147,SOYBEANS,"SOYBEANS - YIELD, MEASURED IN BU / ACRE",49.8,BU / ACRE
2012,NE,RICHARDSON,147,SOYBEANS,"SOYBEANS - YIELD, MEASURED IN BU / ACRE",39.1,BU / ACRE
2012,NE,RICHARDSON,147,SOYBEANS,"SOYBEANS, IRRIGATED - YIELD, MEASURED IN BU / ACRE",57.1,BU / ACRE
2012,NE,RICHARDSON,147,SOYBEANS,"SOYBEANS, NON-IRRIGATED - YIELD, MEASURED IN BU / ACRE",38.7,BU / ACRE
2013,NE,RICHARDSON,147,SOYBEANS,"SOYBEANS - YIELD, MEASURED IN BU / ACRE",49.8,BU / ACRE
2014,NE,RICHARDSON,147,SOYBEANS,"SOYBEANS - YIELD, MEASURED IN BU / ACRE",51.2,BU / ACRE
2015,NE,RICHARDSON,147,SOYBEANS,"SOYBEANS - YIELD, MEASURED IN BU / ACRE",44.4,BU / ACRE
2016,NE,RICHARDSON,147,SOYBEANS,"SOYBEANS - YIELD, MEASURED IN BU / ACRE",56.8,BU / ACRE
2016,NE,RICHARDSON,147,SOYBEANS,"SOYBEANS, IRRIGATED - YIELD, MEASURED IN BU / ACRE",60.9,BU / ACRE
2016,NE,RICHARDSON,147,SOYBEANS,"SOYBEANS, NON-IRRIGATED - YIELD, MEASURED IN BU / ACRE",56.7,BU / ACRE
2017,NE,RICHARDSON,147,SOYBEANS,"SOYBEANS - YIELD, MEASURED IN BU / ACRE",50.6,BU / ACRE
2018,NE,RICHARDSON,147,SOYBEANS,"SOYBEANS - YIELD, MEASURED IN BU / ACRE",48.9,BU / ACRE
2019,NE,RICHARDSON,147,SOYBEANS,"SOYBEANS - YIELD, MEASURED IN BU / ACRE",54.9,BU / ACRE
2020,NE,RICHARDSON,147,SOYBEANS,"SOYBEANS - YIELD, MEASURED IN BU / ACRE",54.9,BU / ACRE
2021,NE,RICHARDSON,147,SOYBEANS,"SOYBEANS - YIELD, MEASURED IN BU / ACRE",58.9,BU / ACRE
2022,NE,RICHARDSON,147,SOYBEANS,"SOYBEANS - YIELD, MEASURED IN BU / ACRE",46.2,BU / ACRE
2023,NE,RICHARDSON,147,SOYBEANS,"SOYBEANS - YIELD, MEASURED IN BU / ACRE",57.5,BU / ACRE
2025,NE,RICHARDSON,147,SOYBEANS,"SOYBEANS - YIELD, MEASURED IN BU / ACRE",63.8,BU / ACRE
2010,NE,ROCK,149,SOYBEANS,"SOYBEANS - YIELD, MEASURED IN BU / ACRE",51.0,BU / ACRE
2011,NE,ROCK,149,SOYBEANS,"SOYBEANS - YIELD, MEASURED IN BU / ACRE",51.7,BU / ACRE
2012,NE,ROCK,149,SOYBEANS,"SOYBEANS - YIELD, MEASURED IN BU / ACRE",53.8,BU / ACRE
2013,NE,ROCK,149,SOYBEANS,"SOYBEANS - YIELD, MEASURED IN BU / ACRE",52.3,BU / ACRE
2013,NE,ROCK,149,SOYBEANS,"SOYBEANS, IRRIGATED - YIELD, MEASURED IN BU / ACRE",53.6,BU / ACRE
2013,NE,ROCK,149,SOYBEANS,"SOYBEANS, NON-IRRIGATED - YIELD, MEASURED IN BU / ACRE",30.4,BU / ACRE
2014,NE,ROCK,149,SOYBEANS,"SOYBEANS - YIELD, MEASURED IN BU / ACRE",47.6,BU / ACRE
2016,NE,ROCK,149,SOYBEANS,"SOYBEANS - YIELD, MEASURED IN BU / ACRE",56.2,BU / ACRE
2019,NE,ROCK,149,SOYBEANS,"SOYBEANS - YIELD, MEASURED IN BU / ACRE",54.0,BU / ACRE
2020,NE,ROCK,149,SOYBEANS,"SOYBEANS - YIELD, MEASURED IN BU / ACRE",56.2,BU / ACRE
2022,NE,ROCK,149,SOYBEANS,"SOYBEANS - YIELD, MEASURED IN BU / ACRE",49.4,BU / ACRE
2023,NE,ROCK,149,SOYBEANS,"SOYBEANS - YIELD, MEASURED IN BU / ACRE",60.8,BU / ACRE
2010,NE,SALINE,151,SOYBEANS,"SOYBEANS - YIELD, MEASURED IN BU / ACRE",43.6,BU / ACRE
2010,NE,SALINE,151,SOYBEANS,"SOYBEANS, IRRIGATED - YIELD, MEASURED IN BU / ACRE",57.0,BU / ACRE
2010,NE,SALINE,151,SOYBEANS,"SOYBEANS, NON-IRRIGATED - YIELD, MEASURED IN BU / ACRE",35.0,BU / ACRE
2011,NE,SALINE,151,SOYBEANS,"SOYBEANS - YIELD, MEASURED IN BU / ACRE",52.8,BU / ACRE
2011,NE,SALINE,151,SOYBEANS,"SOYBEANS, IRRIGATED - YIELD, MEASURED IN BU / ACRE",63.0,BU / ACRE
2011,NE,SALINE,151,SOYBEANS,"SOYBEANS, NON-IRRIGATED - YIELD, MEASURED IN BU / ACRE",46.7,BU / ACRE
2012,NE,SALINE,151,SOYBEANS,"SOYBEANS - YIELD, MEASURED IN BU / ACRE",37.1,BU / ACRE
2012,NE,SALINE,151,SOYBEANS,"SOYBEANS, IRRIGATED - YIELD, MEASURED IN BU / ACRE",61.9,BU / ACRE
2012,NE,SALINE,151,SOYBEANS,"SOYBEANS, NON-IRRIGATED - YIELD, MEASURED IN BU / ACRE",20.7,BU / ACRE
2013,NE,SALINE,151,SOYBEANS,"SOYBEANS - YIELD, MEASURED IN BU / ACRE",49.0,BU / ACRE
2013,NE,SALINE,151,SOYBEANS,"SOYBEANS, IRRIGATED - YIELD, MEASURED IN BU / ACRE",62.9,BU / ACRE
2013,NE,SALINE,151,SOYBEANS,"SOYBEANS, NON-IRRIGATED - YIELD, MEASURED IN BU / ACRE",40.3,BU / ACRE
2014,NE,SALINE,151,SOYBEANS,"SOYBEANS - YIELD, MEASURED IN BU / ACRE",52.3,BU / ACRE
2014,NE,SALINE,151,SOYBEANS,"SOYBEANS, IRRIGATED - YIELD, MEASURED IN BU / ACRE",59.9,BU / ACRE
2014,NE,SALINE,151,SOYBEANS,"SOYBEANS, NON-IRRIGATED - YIELD, MEASURED IN BU / ACRE",46.4,BU / ACRE
2015,NE,SALINE,151,SOYBEANS,"SOYBEANS - YIELD, MEASURED IN BU / ACRE",49.7,BU / ACRE
2015,NE,SALINE,151,SOYBEANS,"SOYBEANS, IRRIGATED - YIELD, MEASURED IN BU / ACRE",62.3,BU / ACRE
2015,NE,SALINE,151,SOYBEANS,"SOYBEANS, NON-IRRIGATED - YIELD, MEASURED IN BU / ACRE",40.6,BU / ACRE
2016,NE,SALINE,151,SOYBEANS,"SOYBEANS - YIELD, MEASURED IN BU / ACRE",55.4,BU / ACRE
2016,NE,SALINE,151,SOYBEANS,"SOYBEANS, IRRIGATED - YIELD, MEASURED IN BU / ACRE",67.4,BU / ACRE
2016,NE,SALINE,151,SOYBEANS,"SOYBEANS, NON-IRRIGATED - YIELD, MEASURED IN BU / ACRE",47.2,BU / ACRE
2017,NE,SALINE,151,SOYBEANS,"SOYBEANS - YIELD, MEASURED IN BU / ACRE",53.8,BU / ACRE
2017,NE,SALINE,151,SOYBEANS,"SOYBEANS, IRRIGATED - YIELD, MEASURED IN BU / ACRE",65.9,BU / ACRE
2017,NE,SALINE,151,SOYBEANS,"SOYBEANS, NON-IRRIGATED - YIELD, MEASURED IN BU / ACRE",45.1,BU / ACRE
2018,NE,SALINE,151,SOYBEANS,"SOYBEANS - YIELD, MEASURED IN BU / ACRE",56.6,BU / ACRE
2019,NE,SALINE,151,SOYBEANS,"SOYBEANS - YIELD, MEASURED IN BU / ACRE",56.4,BU / ACRE
2020,NE,SALINE,151,SOYBEANS,"SOYBEANS - YIELD, MEASURED IN BU / ACRE",60.4,BU / ACRE
2022,NE,SALINE,151,SOYBEANS,"SOYBEANS - YIELD, MEASURED IN BU / ACRE",45.1,BU / ACRE
2023,NE,SALINE,151,SOYBEANS,"SOYBEANS - YIELD, MEASURED IN BU / ACRE",40.3,BU / ACRE
2024,NE,SALINE,151,SOYBEANS,"SOYBEANS - YIELD, MEASURED IN BU / ACRE",51.5,BU / ACRE
2010,NE,SARPY,153,SOYBEANS,"SOYBEANS - YIELD, MEASURED IN BU / ACRE",53.9,BU / ACRE
2010,NE,SARPY,153,SOYBEANS,"SOYBEANS, IRRIGATED - YIELD, MEASURED IN BU / ACRE",52.9,BU / ACRE
2010,NE,SARPY,153,SOYBEANS,"SOYBEANS, NON-IRRIGATED - YIELD, MEASURED IN BU / ACRE",54.0,BU / ACRE
2011,NE,SARPY,153,SOYBEANS,"SOYBEANS - YIELD, MEASURED IN BU / ACRE",51.6,BU / ACRE
2011,NE,SARPY,153,SOYBEANS,"SOYBEANS, IRRIGATED - YIELD, MEASURED IN BU / ACRE",55.8,BU / ACRE
2011,NE,SARPY,153,SOYBEANS,"SOYBEANS, NON-IRRIGATED - YIELD, MEASURED IN BU / ACRE",51.1,BU / ACRE
2012,NE,SARPY,153,SOYBEANS,"SOYBEANS - YIELD, MEASURED IN BU / ACRE",34.6,BU / ACRE
2012,NE,SARPY,153,SOYBEANS,"SOYBEANS, IRRIGATED - YIELD, MEASURED IN BU / ACRE",53.8,BU / ACRE
2012,NE,SARPY,153,SOYBEANS,"SOYBEANS, NON-IRRIGATED - YIELD, MEASURED IN BU / ACRE",32.6,BU / ACRE
2013,NE,SARPY,153,SOYBEANS,"SOYBEANS - YIELD, MEASURED IN BU / ACRE",47.9,BU / ACRE
2013,NE,SARPY,153,SOYBEANS,"SOYBEANS, IRRIGATED - YIELD, MEASURED IN BU / ACRE",59.5,BU / ACRE
2013,NE,SARPY,153,SOYBEANS,"SOYBEANS, NON-IRRIGATED - YIELD, MEASURED IN BU / ACRE",47.1,BU / ACRE
2014,NE,SARPY,153,SOYBEANS,"SOYBEANS - YIELD, MEASURED IN BU / ACRE",57.7,BU / ACRE
2014,NE,SARPY,153,SOYBEANS,"SOYBEANS, IRRIGATED - YIELD, MEASURED IN BU / ACRE",60.7,BU / ACRE
2014,NE,SARPY,153,SOYBEANS,"SOYBEANS, NON-IRRIGATED - YIELD, MEASURED IN BU / ACRE",57.4,BU / ACRE
2016,NE,SARPY,153,SOYBEANS,"SOYBEANS - YIELD, MEASURED IN BU / ACRE",60.9,BU / ACRE
2016,NE,SARPY,153,SOYBEANS,"SOYBEANS, IRRIGATED - YIELD, MEASURED IN BU / ACRE",59.6,BU / ACRE
2016,NE,SARPY,153,SOYBEANS,"SOYBEANS, NON-IRRIGATED - YIELD, MEASURED IN BU / ACRE",61.0,BU / ACRE
2017,NE,SARPY,153,SOYBEANS,"SOYBEANS - YIELD, MEASURED IN BU / ACRE",55.6,BU / ACRE
2017,NE,SARPY,153,SOYBEANS,"SOYBEANS, IRRIGATED - YIELD, MEASURED IN BU / ACRE",57.0,BU / ACRE
2017,NE,SARPY,153,SOYBEANS,"SOYBEANS, NON-IRRIGATED - YIELD, MEASURED IN BU / ACRE",55.5,BU / ACRE
2020,NE,SARPY,153,SOYBEANS,"SOYBEANS - YIELD, MEASURED IN BU / ACRE",52.5,BU / ACRE
2021,NE,SARPY,153,SOYBEANS,"SOYBEANS - YIELD, MEASURED IN BU / ACRE",61.4,BU / ACRE
2022,NE,SARPY,153,SOYBEANS,"SOYBEANS - YIELD, MEASURED IN BU / ACRE",43.3,BU / ACRE
2023,NE,SARPY,153,SOYBEANS,"SOYBEANS - YIELD, MEASURED IN BU / ACRE",45.7,BU / ACRE
2024,NE,SARPY,153,SOYBEANS,"SOYBEANS - YIELD, MEASURED IN BU / ACRE",58.9,BU / ACRE
2025,NE,SARPY,153,SOYBEANS,"SOYBEANS - YIELD, MEASURED IN BU / ACRE",62.4,BU / ACRE
2010,NE,SAUNDERS,155,SOYBEANS,"SOYBEANS - YIELD, MEASURED IN BU / ACRE",50.4,BU / ACRE
2010,NE,SAUNDERS,155,SOYBEANS,"SOYBEANS, IRRIGATED - YIELD, MEASURED IN BU / ACRE",58.0,BU / ACRE
2010,NE,SAUNDERS,155,SOYBEANS,"SOYBEANS, NON-IRRIGATED - YIELD, MEASURED IN BU / ACRE",46.8,BU / ACRE
2011,NE,SAUNDERS,155,SOYBEANS,"SOYBEANS - YIELD, MEASURED IN BU / ACRE",51.6,BU / ACRE
2011,NE,SAUNDERS,155,SOYBEANS,"SOYBEANS, IRRIGATED - YIELD, MEASURED IN BU / ACRE",59.5,BU / ACRE
2011,NE,SAUNDERS,155,SOYBEANS,"SOYBEANS, NON-IRRIGATED - YIELD, MEASURED IN BU / ACRE",48.4,BU / ACRE
2012,NE,SAUNDERS,155,SOYBEANS,"SOYBEANS - YIELD, MEASURED IN BU / ACRE",36.4,BU / ACRE
2012,NE,SAUNDERS,155,SOYBEANS,"SOYBEANS, IRRIGATED - YIELD, MEASURED IN BU / ACRE",56.4,BU / ACRE
2012,NE,SAUNDERS,155,SOYBEANS,"SOYBEANS, NON-IRRIGATED - YIELD, MEASURED IN BU / ACRE",27.8,BU / ACRE
2013,NE,SAUNDERS,155,SOYBEANS,"SOYBEANS - YIELD, MEASURED IN BU / ACRE",52.3,BU / ACRE
2013,NE,SAUNDERS,155,SOYBEANS,"SOYBEANS, IRRIGATED - YIELD, MEASURED IN BU / ACRE",63.5,BU / ACRE
2013,NE,SAUNDERS,155,SOYBEANS,"SOYBEANS, NON-IRRIGATED - YIELD, MEASURED IN BU / ACRE",47.7,BU / ACRE
2014,NE,SAUNDERS,155,SOYBEANS,"SOYBEANS - YIELD, MEASURED IN BU / ACRE",55.6,BU / ACRE
2014,NE,SAUNDERS,155,SOYBEANS,"SOYBEANS, IRRIGATED - YIELD, MEASURED IN BU / ACRE",61.7,BU / ACRE
2014,NE,SAUNDERS,155,SOYBEANS,"SOYBEANS, NON-IRRIGATED - YIELD, MEASURED IN BU / ACRE",52.8,BU / ACRE
2015,NE,SAUNDERS,155,SOYBEANS,"SOYBEANS - YIELD, MEASURED IN BU / ACRE",57.8,BU / ACRE
2015,NE,SAUNDERS,155,SOYBEANS,"SOYBEANS, IRRIGATED - YIELD, MEASURED IN BU / ACRE",63.4,BU / ACRE
2015,NE,SAUNDERS,155,SOYBEANS,"SOYBEANS, NON-IRRIGATED - YIELD, MEASURED IN BU / ACRE",55.3,BU / ACRE
2016,NE,SAUNDERS,155,SOYBEANS,"SOYBEANS - YIELD, MEASURED IN BU / ACRE",59.3,BU / ACRE
2016,NE,SAUNDERS,155,SOYBEANS,"SOYBEANS, IRRIGATED - YIELD, MEASURED IN BU / ACRE",65.8,BU / ACRE
2016,NE,SAUNDERS,155,SOYBEANS,"SOYBEANS, NON-IRRIGATED - YIELD, MEASURED IN BU / ACRE",56.3,BU / ACRE
2017,NE,SAUNDERS,155,SOYBEANS,"SOYBEANS - YIELD, MEASURED IN BU / ACRE",56.6,BU / ACRE
2017,NE,SAUNDERS,155,SOYBEANS,"SOYBEANS, IRRIGATED - YIELD, MEASURED IN BU / ACRE",62.5,BU / ACRE
2017,NE,SAUNDERS,155,SOYBEANS,"SOYBEANS, NON-IRRIGATED - YIELD, MEASURED IN BU / ACRE",53.9,BU / ACRE
2018,NE,SAUNDERS,155,SOYBEANS,"SOYBEANS - YIELD, MEASURED IN BU / ACRE",54.4,BU / ACRE
2019,NE,SAUNDERS,155,SOYBEANS,"SOYBEANS - YIELD, MEASURED IN BU / ACRE",55.1,BU / ACRE
2020,NE,SAUNDERS,155,SOYBEANS,"SOYBEANS - YIELD, MEASURED IN BU / ACRE",53.9,BU / ACRE
2021,NE,SAUNDERS,155,SOYBEANS,"SOYBEANS - YIELD, MEASURED IN BU / ACRE",62.4,BU / ACRE
2022,NE,SAUNDERS,155,SOYBEANS,"SOYBEANS - YIELD, MEASURED IN BU / ACRE",47.3,BU / ACRE
2023,NE,SAUNDERS,155,SOYBEANS,"SOYBEANS - YIELD, MEASURED IN BU / ACRE",48.2,BU / ACRE
2025,NE,SAUNDERS,155,SOYBEANS,"SOYBEANS - YIELD, MEASURED IN BU / ACRE",64.1,BU / ACRE
2010,NE,SEWARD,159,SOYBEANS,"SOYBEANS - YIELD, MEASURED IN BU / ACRE",53.0,BU / ACRE
2010,NE,SEWARD,159,SOYBEANS,"SOYBEANS, IRRIGATED - YIELD, MEASURED IN BU / ACRE",61.6,BU / ACRE
2010,NE,SEWARD,159,SOYBEANS,"SOYBEANS, NON-IRRIGATED - YIELD, MEASURED IN BU / ACRE",44.9,BU / ACRE
2011,NE,SEWARD,159,SOYBEANS,"SOYBEANS - YIELD, MEASURED IN BU / ACRE",56.1,BU / ACRE
2011,NE,SEWARD,159,SOYBEANS,"SOYBEANS, IRRIGATED - YIELD, MEASURED IN BU / ACRE",62.8,BU / ACRE
2011,NE,SEWARD,159,SOYBEANS,"SOYBEANS, NON-IRRIGATED - YIELD, MEASURED IN BU / ACRE",50.0,BU / ACRE
2012,NE,SEWARD,159,SOYBEANS,"SOYBEANS - YIELD, MEASURED IN BU / ACRE",42.1,BU / ACRE
2012,NE,SEWARD,159,SOYBEANS,"SOYBEANS, IRRIGATED - YIELD, MEASURED IN BU / ACRE",62.4,BU / ACRE
2012,NE,SEWARD,159,SOYBEANS,"SOYBEANS, NON-IRRIGATED - YIELD, MEASURED IN BU / ACRE",24.9,BU / ACRE
2013,NE,SEWARD,159,SOYBEANS,"SOYBEANS - YIELD, MEASURED IN BU / ACRE",55.1,BU / ACRE
2013,NE,SEWARD,159,SOYBEANS,"SOYBEANS, IRRIGATED - YIELD, MEASURED IN BU / ACRE",66.7,BU / ACRE
2013,NE,SEWARD,159,SOYBEANS,"SOYBEANS, NON-IRRIGATED - YIELD, MEASURED IN BU / ACRE",44.7,BU / ACRE
2014,NE,SEWARD,159,SOYBEANS,"SOYBEANS - YIELD, MEASURED IN BU / ACRE",58.0,BU / ACRE
2014,NE,SEWARD,159,SOYBEANS,"SOYBEANS, IRRIGATED - YIELD, MEASURED IN BU / ACRE",66.2,BU / ACRE
2014,NE,SEWARD,159,SOYBEANS,"SOYBEANS, NON-IRRIGATED - YIELD, MEASURED IN BU / ACRE",49.5,BU / ACRE
2015,NE,SEWARD,159,SOYBEANS,"SOYBEANS - YIELD, MEASURED IN BU / ACRE",60.6,BU / ACRE
2015,NE,SEWARD,159,SOYBEANS,"SOYBEANS, IRRIGATED - YIELD, MEASURED IN BU / ACRE",66.9,BU / ACRE
2015,NE,SEWARD,159,SOYBEANS,"SOYBEANS, NON-IRRIGATED - YIELD, MEASURED IN BU / ACRE",53.7,BU / ACRE
2016,NE,SEWARD,159,SOYBEANS,"SOYBEANS - YIELD, MEASURED IN BU / ACRE",61.4,BU / ACRE
2016,NE,SEWARD,159,SOYBEANS,"SOYBEANS, IRRIGATED - YIELD, MEASURED IN BU / ACRE",67.6,BU / ACRE
2016,NE,SEWARD,159,SOYBEANS,"SOYBEANS, NON-IRRIGATED - YIELD, MEASURED IN BU / ACRE",54.9,BU / ACRE
2017,NE,SEWARD,159,SOYBEANS,"SOYBEANS - YIELD, MEASURED IN BU / ACRE",61.6,BU / ACRE
2017,NE,SEWARD,159,SOYBEANS,"SOYBEANS, IRRIGATED - YIELD, MEASURED IN BU / ACRE",68.1,BU / ACRE
2017,NE,SEWARD,159,SOYBEANS,"SOYBEANS, NON-IRRIGATED - YIELD, MEASURED IN BU / ACRE",54.6,BU / ACRE
2018,NE,SEWARD,159,SOYBEANS,"SOYBEANS - YIELD, MEASURED IN BU / ACRE",58.8,BU / ACRE
2019,NE,SEWARD,159,SOYBEANS,"SOYBEANS - YIELD, MEASURED IN BU / ACRE",62.5,BU / ACRE
2020,NE,SEWARD,159,SOYBEANS,"SOYBEANS - YIELD, MEASURED IN BU / ACRE",60.4,BU / ACRE
2021,NE,SEWARD,159,SOYBEANS,"SOYBEANS - YIELD, MEASURED IN BU / ACRE",67.0,BU / ACRE
2022,NE,SEWARD,159,SOYBEANS,"SOYBEANS - YIELD, MEASURED IN BU / ACRE",53.6,BU / ACRE
2020,NE,SHERIDAN,161,SOYBEANS,"SOYBEANS - YIELD, MEASURED IN BU / ACRE",25.7,BU / ACRE
2021,NE,SHERIDAN,161,SOYBEANS,"SOYBEANS - YIELD, MEASURED IN BU / ACRE",51.7,BU / ACRE
2024,NE,SHERIDAN,161,SOYBEANS,"SOYBEANS - YIELD, MEASURED IN BU / ACRE",45.4,BU / ACRE
2010,NE,SHERMAN,163,SOYBEANS,"SOYBEANS - YIELD, MEASURED IN BU / ACRE",56.6,BU / ACRE
2010,NE,SHERMAN,163,SOYBEANS,"SOYBEANS, IRRIGATED - YIELD, MEASURED IN BU / ACRE",61.5,BU / ACRE
2010,NE,SHERMAN,163,SOYBEANS,"SOYBEANS, NON-IRRIGATED - YIELD, MEASURED IN BU / ACRE",46.5,BU / ACRE
2011,NE,SHERMAN,163,SOYBEANS,"SOYBEANS - YIELD, MEASURED IN BU / ACRE",55.8,BU / ACRE
2011,NE,SHERMAN,163,SOYBEANS,"SOYBEANS, IRRIGATED - YIELD, MEASURED IN BU / ACRE",60.2,BU / ACRE
2011,NE,SHERMAN,163,SOYBEANS,"SOYBEANS, NON-IRRIGATED - YIELD, MEASURED IN BU / ACRE",45.4,BU / ACRE
2012,NE,SHERMAN,163,SOYBEANS,"SOYBEANS - YIELD, MEASURED IN BU / ACRE",47.9,BU / ACRE
2012,NE,SHERMAN,163,SOYBEANS,"SOYBEANS, IRRIGATED - YIELD, MEASURED IN BU / ACRE",64.2,BU / ACRE
2012,NE,SHERMAN,163,SOYBEANS,"SOYBEANS, NON-IRRIGATED - YIELD, MEASURED IN BU / ACRE",11.6,BU / ACRE
2013,NE,SHERMAN,163,SOYBEANS,"SOYBEANS - YIELD, MEASURED IN BU / ACRE",52.0,BU / ACRE
2016,NE,SHERMAN,163,SOYBEANS,"SOYBEANS - YIELD, MEASURED IN BU / ACRE",64.8,BU / ACRE
2017,NE,SHERMAN,163,SOYBEANS,"SOYBEANS - YIELD, MEASURED IN BU / ACRE",61.4,BU / ACRE
2017,NE,SHERMAN,163,SOYBEANS,"SOYBEANS, IRRIGATED - YIELD, MEASURED IN BU / ACRE",65.2,BU / ACRE
2017,NE,SHERMAN,163,SOYBEANS,"SOYBEANS, NON-IRRIGATED - YIELD, MEASURED IN BU / ACRE",50.9,BU / ACRE
2018,NE,SHERMAN,163,SOYBEANS,"SOYBEANS - YIELD, MEASURED IN BU / ACRE",62.2,BU / ACRE
2019,NE,SHERMAN,163,SOYBEANS,"SOYBEANS - YIELD, MEASURED IN BU / ACRE",61.0,BU / ACRE
2020,NE,SHERMAN,163,SOYBEANS,"SOYBEANS - YIELD, MEASURED IN BU / ACRE",62.2,BU / ACRE
2021,NE,SHERMAN,163,SOYBEANS,"SOYBEANS - YIELD, MEASURED IN BU / ACRE",69.4,BU / ACRE
2022,NE,SHERMAN,163,SOYBEANS,"SOYBEANS - YIELD, MEASURED IN BU / ACRE",50.9,BU / ACRE
2023,NE,SHERMAN,163,SOYBEANS,"SOYBEANS - YIELD, MEASURED IN BU / ACRE",51.1,BU / ACRE
2024,NE,SHERMAN,163,SOYBEANS,"SOYBEANS - YIELD, MEASURED IN BU / ACRE",62.2,BU / ACRE
2025,NE,SHERMAN,163,SOYBEANS,"SOYBEANS - YIELD, MEASURED IN BU / ACRE",63.8,BU / ACRE
2010,NE,STANTON,167,SOYBEANS,"SOYBEANS - YIELD, MEASURED IN BU / ACRE",51.3,BU / ACRE
2010,NE,STANTON,167,SOYBEANS,"SOYBEANS, IRRIGATED - YIELD, MEASURED IN BU / ACRE",56.6,BU / ACRE
2010,NE,STANTON,167,SOYBEANS,"SOYBEANS, NON-IRRIGATED - YIELD, MEASURED IN BU / ACRE",50.1,BU / ACRE
2011,NE,STANTON,167,SOYBEANS,"SOYBEANS - YIELD, MEASURED IN BU / ACRE",47.1,BU / ACRE
2011,NE,STANTON,167,SOYBEANS,"SOYBEANS, IRRIGATED - YIELD, MEASURED IN BU / ACRE",51.3,BU / ACRE
2011,NE,STANTON,167,SOYBEANS,"SOYBEANS, NON-IRRIGATED - YIELD, MEASURED IN BU / ACRE",46.3,BU / ACRE
2012,NE,STANTON,167,SOYBEANS,"SOYBEANS - YIELD, MEASURED IN BU / ACRE",25.9,BU / ACRE
2012,NE,STANTON,167,SOYBEANS,"SOYBEANS, IRRIGATED - YIELD, MEASURED IN BU / ACRE",52.1,BU / ACRE
2012,NE,STANTON,167,SOYBEANS,"SOYBEANS, NON-IRRIGATED - YIELD, MEASURED IN BU / ACRE",19.9,BU / ACRE
2013,NE,STANTON,167,SOYBEANS,"SOYBEANS - YIELD, MEASURED IN BU / ACRE",54.7,BU / ACRE
2013,NE,STANTON,167,SOYBEANS,"SOYBEANS, IRRIGATED - YIELD, MEASURED IN BU / ACRE",59.9,BU / ACRE
2013,NE,STANTON,167,SOYBEANS,"SOYBEANS, NON-IRRIGATED - YIELD, MEASURED IN BU / ACRE",53.6,BU / ACRE
2014,NE,STANTON,167,SOYBEANS,"SOYBEANS - YIELD, MEASURED IN BU / ACRE",52.0,BU / ACRE
2015,NE,STANTON,167,SOYBEANS,"SOYBEANS - YIELD, MEASURED IN BU / ACRE",57.5,BU / ACRE
2017,NE,STANTON,167,SOYBEANS,"SOYBEANS - YIELD, MEASURED IN BU / ACRE",57.1,BU / ACRE
2018,NE,STANTON,167,SOYBEANS,"SOYBEANS - YIELD, MEASURED IN BU / ACRE",60.7,BU / ACRE
2019,NE,STANTON,167,SOYBEANS,"SOYBEANS - YIELD, MEASURED IN BU / ACRE",58.3,BU / ACRE
2020,NE,STANTON,167,SOYBEANS,"SOYBEANS - YIELD, MEASURED IN BU / ACRE",48.5,BU / ACRE
2022,NE,STANTON,167,SOYBEANS,"SOYBEANS - YIELD, MEASURED IN BU / ACRE",36.1,BU / ACRE
2023,NE,STANTON,167,SOYBEANS,"SOYBEANS - YIELD, MEASURED IN BU / ACRE",41.0,BU / ACRE
2024,NE,STANTON,167,SOYBEANS,"SOYBEANS - YIELD, MEASURED IN BU / ACRE",53.5,BU / ACRE
2025,NE,STANTON,167,SOYBEANS,"SOYBEANS - YIELD, MEASURED IN BU / ACRE",67.3,BU / ACRE
2010,NE,THAYER,169,SOYBEANS,"SOYBEANS - YIELD, MEASURED IN BU / ACRE",48.9,BU / ACRE
2010,NE,THAYER,169,SOYBEANS,"SOYBEANS, IRRIGATED - YIELD, MEASURED IN BU / ACRE",55.1,BU / ACRE
2010,NE,THAYER,169,SOYBEANS,"SOYBEANS, NON-IRRIGATED - YIELD, MEASURED IN BU / ACRE",40.0,BU / ACRE
2011,NE,THAYER,169,SOYBEANS,"SOYBEANS - YIELD, MEASURED IN BU / ACRE",59.7,BU / ACRE
2011,NE,THAYER,169,SOYBEANS,"SOYBEANS, IRRIGATED - YIELD, MEASURED IN BU / ACRE",65.0,BU / ACRE
2011,NE,THAYER,169,SOYBEANS,"SOYBEANS, NON-IRRIGATED - YIELD, MEASURED IN BU / ACRE",51.9,BU / ACRE
2012,NE,THAYER,169,SOYBEANS,"SOYBEANS - YIELD, MEASURED IN BU / ACRE",51.9,BU / ACRE
2012,NE,THAYER,169,SOYBEANS,"SOYBEANS, IRRIGATED - YIELD, MEASURED IN BU / ACRE",65.1,BU / ACRE
2012,NE,THAYER,169,SOYBEANS,"SOYBEANS, NON-IRRIGATED - YIELD, MEASURED IN BU / ACRE",32.5,BU / ACRE
2013,NE,THAYER,169,SOYBEANS,"SOYBEANS - YIELD, MEASURED IN BU / ACRE",54.5,BU / ACRE
2013,NE,THAYER,169,SOYBEANS,"SOYBEANS, IRRIGATED - YIELD, MEASURED IN BU / ACRE",64.9,BU / ACRE
2013,NE,THAYER,169,SOYBEANS,"SOYBEANS, NON-IRRIGATED - YIELD, MEASURED IN BU / ACRE",40.3,BU / ACRE
2014,NE,THAYER,169,SOYBEANS,"SOYBEANS - YIELD, MEASURED IN BU / ACRE",59.6,BU / ACRE
2014,NE,THAYER,169,SOYBEANS,"SOYBEANS, IRRIGATED - YIELD, MEASURED IN BU / ACRE",66.7,BU / ACRE
2014,NE,THAYER,169,SOYBEANS,"SOYBEANS, NON-IRRIGATED - YIELD, MEASURED IN BU / ACRE",47.9,BU / ACRE
2015,NE,THAYER,169,SOYBEANS,"SOYBEANS - YIELD, MEASURED IN BU / ACRE",55.9,BU / ACRE
2015,NE,THAYER,169,SOYBEANS,"SOYBEANS, IRRIGATED - YIELD, MEASURED IN BU / ACRE",65.6,BU / ACRE
2015,NE,THAYER,169,SOYBEANS,"SOYBEANS, NON-IRRIGATED - YIELD, MEASURED IN BU / ACRE",39.5,BU / ACRE
2016,NE,THAYER,169,SOYBEANS,"SOYBEANS - YIELD, MEASURED IN BU / ACRE",62.0,BU / ACRE
2016,NE,THAYER,169,SOYBEANS,"SOYBEANS, IRRIGATED - YIELD, MEASURED IN BU / ACRE",66.6,BU / ACRE
2016,NE,THAYER,169,SOYBEANS,"SOYBEANS, NON-IRRIGATED - YIELD, MEASURED IN BU / ACRE",54.3,BU / ACRE
2017,NE,THAYER,169,SOYBEANS,"SOYBEANS - YIELD, MEASURED IN BU / ACRE",56.2,BU / ACRE
2018,NE,THAYER,169,SOYBEANS,"SOYBEANS - YIELD, MEASURED IN BU / ACRE",57.0,BU / ACRE
2018,NE,THAYER,169,SOYBEANS,"SOYBEANS, IRRIGATED - YIELD, MEASURED IN BU / ACRE",64.7,BU / ACRE
2018,NE,THAYER,169,SOYBEANS,"SOYBEANS, NON-IRRIGATED - YIELD, MEASURED IN BU / ACRE",44.7,BU / ACRE
2019,NE,THAYER,169,SOYBEANS,"SOYBEANS - YIELD, MEASURED IN BU / ACRE",57.7,BU / ACRE
2020,NE,THAYER,169,SOYBEANS,"SOYBEANS - YIELD, MEASURED IN BU / ACRE",67.7,BU / ACRE
2021,NE,THAYER,169,SOYBEANS,"SOYBEANS - YIELD, MEASURED IN BU / ACRE",59.6,BU / ACRE
2022,NE,THAYER,169,SOYBEANS,"SOYBEANS - YIELD, MEASURED IN BU / ACRE",55.3,BU / ACRE
2023,NE,THAYER,169,SOYBEANS,"SOYBEANS - YIELD, MEASURED IN BU / ACRE",50.4,BU / ACRE
2024,NE,THAYER,169,SOYBEANS,"SOYBEANS - YIELD, MEASURED IN BU / ACRE",54.3,BU / ACRE
2010,NE,THURSTON,173,SOYBEANS,"SOYBEANS - YIELD, MEASURED IN BU / ACRE",51.0,BU / ACRE
2011,NE,THURSTON,173,SOYBEANS,"SOYBEANS - YIELD, MEASURED IN BU / ACRE",47.7,BU / ACRE
2012,NE,THURSTON,173,SOYBEANS,"SOYBEANS - YIELD, MEASURED IN BU / ACRE",30.1,BU / ACRE
2013,NE,THURSTON,173,SOYBEANS,"SOYBEANS - YIELD, MEASURED IN BU / ACRE",57.0,BU / ACRE
2014,NE,THURSTON,173,SOYBEANS,"SOYBEANS - YIELD, MEASURED IN BU / ACRE",54.0,BU / ACRE
2018,NE,THURSTON,173,SOYBEANS,"SOYBEANS - YIELD, MEASURED IN BU / ACRE",56.5,BU / ACRE
2019,NE,THURSTON,173,SOYBEANS,"SOYBEANS - YIELD, MEASURED IN BU / ACRE",56.0,BU / ACRE
2020,NE,THURSTON,173,SOYBEANS,"SOYBEANS - YIELD, MEASURED IN BU / ACRE",49.9,BU / ACRE
2021,NE,THURSTON,173,SOYBEANS,"SOYBEANS - YIELD, MEASURED IN BU / ACRE",60.7,BU / ACRE
2022,NE,THURSTON,173,SOYBEANS,"SOYBEANS - YIELD, MEASURED IN BU / ACRE",32.6,BU / ACRE
2025,NE,THURSTON,173,SOYBEANS,"SOYBEANS - YIELD, MEASURED IN BU / ACRE",64.9,BU / ACRE
2010,NE,VALLEY,175,SOYBEANS,"SOYBEANS - YIELD, MEASURED IN BU / ACRE",52.0,BU / ACRE
2010,NE,VALLEY,175,SOYBEANS,"SOYBEANS, IRRIGATED - YIELD, MEASURED IN BU / ACRE",56.0,BU / ACRE
2010,NE,VALLEY,175,SOYBEANS,"SOYBEANS, NON-IRRIGATED - YIELD, MEASURED IN BU / ACRE",40.0,BU / ACRE
2011,NE,VALLEY,175,SOYBEANS,"SOYBEANS - YIELD, MEASURED IN BU / ACRE",56.2,BU / ACRE
2011,NE,VALLEY,175,SOYBEANS,"SOYBEANS, IRRIGATED - YIELD, MEASURED IN BU / ACRE",58.7,BU / ACRE
2011,NE,VALLEY,175,SOYBEANS,"SOYBEANS, NON-IRRIGATED - YIELD, MEASURED IN BU / ACRE",47.9,BU / ACRE
2012,NE,VALLEY,175,SOYBEANS,"SOYBEANS - YIELD, MEASURED IN BU / ACRE",47.8,BU / ACRE
2012,NE,VALLEY,175,SOYBEANS,"SOYBEANS, IRRIGATED - YIELD, MEASURED IN BU / ACRE",58.7,BU / ACRE
2012,NE,VALLEY,175,SOYBEANS,"SOYBEANS, NON-IRRIGATED - YIELD, MEASURED IN BU / ACRE",12.6,BU / ACRE
2016,NE,VALLEY,175,SOYBEANS,"SOYBEANS - YIELD, MEASURED IN BU / ACRE",64.9,BU / ACRE
2018,NE,VALLEY,175,SOYBEANS,"SOYBEANS - YIELD, MEASURED IN BU / ACRE",65.2,BU / ACRE
2018,NE,VALLEY,175,SOYBEANS,"SOYBEANS, IRRIGATED - YIELD, MEASURED IN BU / ACRE",66.5,BU / ACRE
2018,NE,VALLEY,175,SOYBEANS,"SOYBEANS, NON-IRRIGATED - YIELD, MEASURED IN BU / ACRE",60.4,BU / ACRE
2020,NE,VALLEY,175,SOYBEANS,"SOYBEANS - YIELD, MEASURED IN BU / ACRE",65.4,BU / ACRE
2021,NE,VALLEY,175,SOYBEANS,"SOYBEANS - YIELD, MEASURED IN BU / ACRE",68.9,BU / ACRE
2022,NE,VALLEY,175,SOYBEANS,"SOYBEANS - YIELD, MEASURED IN BU / ACRE",60.4,BU / ACRE
2023,NE,VALLEY,175,SOYBEANS,"SOYBEANS - YIELD, MEASURED IN BU / ACRE",52.0,BU / ACRE
2024,NE,VALLEY,175,SOYBEANS,"SOYBEANS - YIELD, MEASURED IN BU / ACRE",61.2,BU / ACRE
2010,NE,WASHINGTON,177,SOYBEANS,"SOYBEANS - YIELD, MEASURED IN BU / ACRE",52.0,BU / ACRE
2011,NE,WASHINGTON,177,SOYBEANS,"SOYBEANS - YIELD, MEASURED IN BU / ACRE",48.9,BU / ACRE
2011,NE,WASHINGTON,177,SOYBEANS,"SOYBEANS, IRRIGATED - YIELD, MEASURED IN BU / ACRE",50.5,BU / ACRE
2011,NE,WASHINGTON,177,SOYBEANS,"SOYBEANS, NON-IRRIGATED - YIELD, MEASURED IN BU / ACRE",48.8,BU / ACRE
2012,NE,WASHINGTON,177,SOYBEANS,"SOYBEANS - YIELD, MEASURED IN BU / ACRE",29.3,BU / ACRE
2012,NE,WASHINGTON,177,SOYBEANS,"SOYBEANS, IRRIGATED - YIELD, MEASURED IN BU / ACRE",52.8,BU / ACRE
2012,NE,WASHINGTON,177,SOYBEANS,"SOYBEANS, NON-IRRIGATED - YIELD, MEASURED IN BU / ACRE",27.4,BU / ACRE
2013,NE,WASHINGTON,177,SOYBEANS,"SOYBEANS - YIELD, MEASURED IN BU / ACRE",50.1,BU / ACRE
2014,NE,WASHINGTON,177,SOYBEANS,"SOYBEANS - YIELD, MEASURED IN BU / ACRE",47.0,BU / ACRE
2014,NE,WASHINGTON,177,SOYBEANS,"SOYBEANS, IRRIGATED - YIELD, MEASURED IN BU / ACRE",47.3,BU / ACRE
2014,NE,WASHINGTON,177,SOYBEANS,"SOYBEANS, NON-IRRIGATED - YIELD, MEASURED IN BU / ACRE",47.0,BU / ACRE
2016,NE,WASHINGTON,177,SOYBEANS,"SOYBEANS - YIELD, MEASURED IN BU / ACRE",58.3,BU / ACRE
2017,NE,WASHINGTON,177,SOYBEANS,"SOYBEANS - YIELD, MEASURED IN BU / ACRE",55.5,BU / ACRE
2018,NE,WASHINGTON,177,SOYBEANS,"SOYBEANS - YIELD, MEASURED IN BU / ACRE",54.5,BU / ACRE
2019,NE,WASHINGTON,177,SOYBEANS,"SOYBEANS - YIELD, MEASURED IN BU / ACRE",54.4,BU / ACRE
2020,NE,WASHINGTON,177,SOYBEANS,"SOYBEANS - YIELD, MEASURED IN BU / ACRE",49.2,BU / ACRE
2021,NE,WASHINGTON,177,SOYBEANS,"SOYBEANS - YIELD, MEASURED IN BU / ACRE",63.6,BU / ACRE
2022,NE,WASHINGTON,177,SOYBEANS,"SOYBEANS - YIELD, MEASURED IN BU / ACRE",41.5,BU / ACRE
2023,NE,WASHINGTON,177,SOYBEANS,"SOYBEANS - YIELD, MEASURED IN BU / ACRE",43.3,BU / ACRE
2024,NE,WASHINGTON,177,SOYBEANS,"SOYBEANS - YIELD, MEASURED IN BU / ACRE",51.2,BU / ACRE
2025,NE,WASHINGTON,177,SOYBEANS,"SOYBEANS - YIELD, MEASURED IN BU / ACRE",62.8,BU / ACRE
2010,NE,WAYNE,179,SOYBEANS,"SOYBEANS - YIELD, MEASURED IN BU / ACRE",52.1,BU / ACRE
2010,NE,WAYNE,179,SOYBEANS,"SOYBEANS, IRRIGATED - YIELD, MEASURED IN BU / ACRE",56.4,BU / ACRE
2010,NE,WAYNE,179,SOYBEANS,"SOYBEANS, NON-IRRIGATED - YIELD, MEASURED IN BU / ACRE",51.2,BU / ACRE
2011,NE,WAYNE,179,SOYBEANS,"SOYBEANS - YIELD, MEASURED IN BU / ACRE",47.5,BU / ACRE
2011,NE,WAYNE,179,SOYBEANS,"SOYBEANS, IRRIGATED - YIELD, MEASURED IN BU / ACRE",55.0,BU / ACRE
2011,NE,WAYNE,179,SOYBEANS,"SOYBEANS, NON-IRRIGATED - YIELD, MEASURED IN BU / ACRE",46.3,BU / ACRE
2012,NE,WAYNE,179,SOYBEANS,"SOYBEANS - YIELD, MEASURED IN BU / ACRE",26.6,BU / ACRE
2012,NE,WAYNE,179,SOYBEANS,"SOYBEANS, IRRIGATED - YIELD, MEASURED IN BU / ACRE",56.7,BU / ACRE
2012,NE,WAYNE,179,SOYBEANS,"SOYBEANS, NON-IRRIGATED - YIELD, MEASURED IN BU / ACRE",20.7,BU / ACRE
2013,NE,WAYNE,179,SOYBEANS,"SOYBEANS - YIELD, MEASURED IN BU / ACRE",54.5,BU / ACRE
2013,NE,WAYNE,179,SOYBEANS,"SOYBEANS, IRRIGATED - YIELD, MEASURED IN BU / ACRE",60.4,BU / ACRE
2013,NE,WAYNE,179,SOYBEANS,"SOYBEANS, NON-IRRIGATED - YIELD, MEASURED IN BU / ACRE",53.3,BU / ACRE
2014,NE,WAYNE,179,SOYBEANS,"SOYBEANS - YIELD, MEASURED IN BU / ACRE",54.5,BU / ACRE
2015,NE,WAYNE,179,SOYBEANS,"SOYBEANS - YIELD, MEASURED IN BU / ACRE",58.8,BU / ACRE
2016,NE,WAYNE,179,SOYBEANS,"SOYBEANS - YIELD, MEASURED IN BU / ACRE",62.2,BU / ACRE
2017,NE,WAYNE,179,SOYBEANS,"SOYBEANS - YIELD, MEASURED IN BU / ACRE",56.7,BU / ACRE
2018,NE,WAYNE,179,SOYBEANS,"SOYBEANS - YIELD, MEASURED IN BU / ACRE",58.2,BU / ACRE
2019,NE,WAYNE,179,SOYBEANS,"SOYBEANS - YIELD, MEASURED IN BU / ACRE",58.1,BU / ACRE
2020,NE,WAYNE,179,SOYBEANS,"SOYBEANS - YIELD, MEASURED IN BU / ACRE",53.9,BU / ACRE
2022,NE,WAYNE,179,SOYBEANS,"SOYBEANS - YIELD, MEASURED IN BU / ACRE",37.2,BU / ACRE
2023,NE,WAYNE,179,SOYBEANS,"SOYBEANS - YIELD, MEASURED IN BU / ACRE",40.7,BU / ACRE
2024,NE,WAYNE,179,SOYBEANS,"SOYBEANS - YIELD, MEASURED IN BU / ACRE",62.3,BU / ACRE
2010,NE,WEBSTER,181,SOYBEANS,"SOYBEANS - YIELD, MEASURED IN BU / ACRE",52.0,BU / ACRE
2010,NE,WEBSTER,181,SOYBEANS,"SOYBEANS, IRRIGATED - YIELD, MEASURED IN BU / ACRE",60.9,BU / ACRE
2010,NE,WEBSTER,181,SOYBEANS,"SOYBEANS, NON-IRRIGATED - YIELD, MEASURED IN BU / ACRE",45.0,BU / ACRE
2011,NE,WEBSTER,181,SOYBEANS,"SOYBEANS - YIELD, MEASURED IN BU / ACRE",58.3,BU / ACRE
2011,NE,WEBSTER,181,SOYBEANS,"SOYBEANS, IRRIGATED - YIELD, MEASURED IN BU / ACRE",64.9,BU / ACRE
2011,NE,WEBSTER,181,SOYBEANS,"SOYBEANS, NON-IRRIGATED - YIELD, MEASURED IN BU / ACRE",53.1,BU / ACRE
2012,NE,WEBSTER,181,SOYBEANS,"SOYBEANS - YIELD, MEASURED IN BU / ACRE",39.2,BU / ACRE
2012,NE,WEBSTER,181,SOYBEANS,"SOYBEANS, IRRIGATED - YIELD, MEASURED IN BU / ACRE",59.3,BU / ACRE
2012,NE,WEBSTER,181,SOYBEANS,"SOYBEANS, NON-IRRIGATED - YIELD, MEASURED IN BU / ACRE",26.8,BU / ACRE
2013,NE,WEBSTER,181,SOYBEANS,"SOYBEANS - YIELD, MEASURED IN BU / ACRE",41.6,BU / ACRE
2013,NE,WEBSTER,181,SOYBEANS,"SOYBEANS, IRRIGATED - YIELD, MEASURED IN BU / ACRE",60.4,BU / ACRE
2013,NE,WEBSTER,181,SOYBEANS,"SOYBEANS, NON-IRRIGATED - YIELD, MEASURED IN BU / ACRE",29.7,BU / ACRE
2014,NE,WEBSTER,181,SOYBEANS,"SOYBEANS - YIELD, MEASURED IN BU / ACRE",46.1,BU / ACRE
2014,NE,WEBSTER,181,SOYBEANS,"SOYBEANS, IRRIGATED - YIELD, MEASURED IN BU / ACRE",60.5,BU / ACRE
2014,NE,WEBSTER,181,SOYBEANS,"SOYBEANS, NON-IRRIGATED - YIELD, MEASURED IN BU / ACRE",37.4,BU / ACRE
2015,NE,WEBSTER,181,SOYBEANS,"SOYBEANS - YIELD, MEASURED IN BU / ACRE",46.7,BU / ACRE
2015,NE,WEBSTER,181,SOYBEANS,"SOYBEANS, IRRIGATED - YIELD, MEASURED IN BU / ACRE",64.6,BU / ACRE
2015,NE,WEBSTER,181,SOYBEANS,"SOYBEANS, NON-IRRIGATED - YIELD, MEASURED IN BU / ACRE",35.7,BU / ACRE
2016,NE,WEBSTER,181,SOYBEANS,"SOYBEANS - YIELD, MEASURED IN BU / ACRE",54.5,BU / ACRE
2016,NE,WEBSTER,181,SOYBEANS,"SOYBEANS, IRRIGATED - YIELD, MEASURED IN BU / ACRE",69.2,BU / ACRE
2016,NE,WEBSTER,181,SOYBEANS,"SOYBEANS, NON-IRRIGATED - YIELD, MEASURED IN BU / ACRE",45.0,BU / ACRE
2017,NE,WEBSTER,181,SOYBEANS,"SOYBEANS - YIELD, MEASURED IN BU / ACRE",54.6,BU / ACRE
2017,NE,WEBSTER,181,SOYBEANS,"SOYBEANS, IRRIGATED - YIELD, MEASURED IN BU / ACRE",63.5,BU / ACRE
2017,NE,WEBSTER,181,SOYBEANS,"SOYBEANS, NON-IRRIGATED - YIELD, MEASURED IN BU / ACRE",49.0,BU / ACRE
2018,NE,WEBSTER,181,SOYBEANS,"SOYBEANS - YIELD, MEASURED IN BU / ACRE",53.7,BU / ACRE
2018,NE,WEBSTER,181,SOYBEANS,"SOYBEANS, IRRIGATED - YIELD, MEASURED IN BU / ACRE",63.9,BU / ACRE
2018,NE,WEBSTER,181,SOYBEANS,"SOYBEANS, NON-IRRIGATED - YIELD, MEASURED IN BU / ACRE",46.3,BU / ACRE
2019,NE,WEBSTER,181,SOYBEANS,"SOYBEANS - YIELD, MEASURED IN BU / ACRE",54.3,BU / ACRE
2020,NE,WEBSTER,181,SOYBEANS,"SOYBEANS - YIELD, MEASURED IN BU / ACRE",50.1,BU / ACRE
2022,NE,WEBSTER,181,SOYBEANS,"SOYBEANS - YIELD, MEASURED IN BU / ACRE",41.1,BU / ACRE
2023,NE,WEBSTER,181,SOYBEANS,"SOYBEANS - YIELD, MEASURED IN BU / ACRE",44.5,BU / ACRE
2024,NE,WEBSTER,181,SOYBEANS,"SOYBEANS - YIELD, MEASURED IN BU / ACRE",51.9,BU / ACRE
2011,NE,WHEELER,183,SOYBEANS,"SOYBEANS - YIELD, MEASURED IN BU / ACRE",55.3,BU / ACRE
2011,NE,WHEELER,183,SOYBEANS,"SOYBEANS, IRRIGATED - YIELD, MEASURED IN BU / ACRE",56.8,BU / ACRE
2011,NE,WHEELER,183,SOYBEANS,"SOYBEANS, NON-IRRIGATED - YIELD, MEASURED IN BU / ACRE",42.3,BU / ACRE
2013,NE,WHEELER,183,SOYBEANS,"SOYBEANS - YIELD, MEASURED IN BU / ACRE",49.5,BU / ACRE
2014,NE,WHEELER,183,SOYBEANS,"SOYBEANS - YIELD, MEASURED IN BU / ACRE",57.3,BU / ACRE
2020,NE,WHEELER,183,SOYBEANS,"SOYBEANS - YIELD, MEASURED IN BU / ACRE",68.0,BU / ACRE
2023,NE,WHEELER,183,SOYBEANS,"SOYBEANS - YIELD, MEASURED IN BU / ACRE",66.2,BU / ACRE
2024,NE,WHEELER,183,SOYBEANS,"SOYBEANS - YIELD, MEASURED IN BU / ACRE",65.5,BU / ACRE
2010,NE,YORK,185,SOYBEANS,"SOYBEANS - YIELD, MEASURED IN BU / ACRE",59.9,BU / ACRE
2010,NE,YORK,185,SOYBEANS,"SOYBEANS, IRRIGATED - YIELD, MEASURED IN BU / ACRE",62.4,BU / ACRE
2010,NE,YORK,185,SOYBEANS,"SOYBEANS, NON-IRRIGATED - YIELD, MEASURED IN BU / ACRE",49.3,BU / ACRE
2011,NE,YORK,185,SOYBEANS,"SOYBEANS - YIELD, MEASURED IN BU / ACRE",62.6,BU / ACRE
2011,NE,YORK,185,SOYBEANS,"SOYBEANS, IRRIGATED - YIELD, MEASURED IN BU / ACRE",64.9,BU / ACRE
2011,NE,YORK,185,SOYBEANS,"SOYBEANS, NON-IRRIGATED - YIELD, MEASURED IN BU / ACRE",51.8,BU / ACRE
2012,NE,YORK,185,SOYBEANS,"SOYBEANS - YIELD, MEASURED IN BU / ACRE",55.9,BU / ACRE
2012,NE,YORK,185,SOYBEANS,"SOYBEANS, IRRIGATED - YIELD, MEASURED IN BU / ACRE",63.7,BU / ACRE
2012,NE,YORK,185,SOYBEANS,"SOYBEANS, NON-IRRIGATED - YIELD, MEASURED IN BU / ACRE",20.1,BU / ACRE
2013,NE,YORK,185,SOYBEANS,"SOYBEANS - YIELD, MEASURED IN BU / ACRE",57.9,BU / ACRE
2013,NE,YORK,185,SOYBEANS,"SOYBEANS, IRRIGATED - YIELD, MEASURED IN BU / ACRE",62.8,BU / ACRE
2013,NE,YORK,185,SOYBEANS,"SOYBEANS, NON-IRRIGATED - YIELD, MEASURED IN BU / ACRE",36.8,BU / ACRE
2014,NE,YORK,185,SOYBEANS,"SOYBEANS - YIELD, MEASURED IN BU / ACRE",61.5,BU / ACRE
2015,NE,YORK,185,SOYBEANS,"SOYBEANS - YIELD, MEASURED IN BU / ACRE",65.8,BU / ACRE
2016,NE,YORK,185,SOYBEANS,"SOYBEANS - YIELD, MEASURED IN BU / ACRE",67.3,BU / ACRE
2017,NE,YORK,185,SOYBEANS,"SOYBEANS - YIELD, MEASURED IN BU / ACRE",69.0,BU / ACRE
2018,NE,YORK,185,SOYBEANS,"SOYBEANS - YIELD, MEASURED IN BU / ACRE",60.9,BU / ACRE
2019,NE,YORK,185,SOYBEANS,"SOYBEANS - YIELD, MEASURED IN BU / ACRE",64.6,BU / ACRE
2020,NE,YORK,185,SOYBEANS,"SOYBEANS - YIELD, MEASURED IN BU / ACRE",72.3,BU / ACRE
2021,NE,YORK,185,SOYBEANS,"SOYBEANS - YIELD, MEASURED IN BU / ACRE",69.3,BU / ACRE
2022,NE,YORK,185,SOYBEANS,"SOYBEANS - YIELD, MEASURED IN BU / ACRE",64.6,BU / ACRE
2023,NE,YORK,185,SOYBEANS,"SOYBEANS - YIELD, MEASURED IN BU / ACRE",59.4,BU / ACRE
2024,NE,YORK,185,SOYBEANS,"SOYBEANS - YIELD, MEASURED IN BU / ACRE",68.0,BU / ACRE
2010,NC,ALAMANCE,001,SOYBEANS,"SOYBEANS - YIELD, MEASURED IN BU / ACRE",25.8,BU / ACRE
2011,NC,ALAMANCE,001,SOYBEANS,"SOYBEANS - YIELD, MEASURED IN BU / ACRE",22.5,BU / ACRE
2012,NC,ALAMANCE,001,SOYBEANS,"SOYBEANS - YIELD, MEASURED IN BU / ACRE",38.8,BU / ACRE
2013,NC,ALAMANCE,001,SOYBEANS,"SOYBEANS - YIELD, MEASURED IN BU / ACRE",35.5,BU / ACRE
2014,NC,ALAMANCE,001,SOYBEANS,"SOYBEANS - YIELD, MEASURED IN BU / ACRE",35.3,BU / ACRE
2015,NC,ALAMANCE,001,SOYBEANS,"SOYBEANS - YIELD, MEASURED IN BU / ACRE",33.3,BU / ACRE
2016,NC,ALAMANCE,001,SOYBEANS,"SOYBEANS - YIELD, MEASURED IN BU / ACRE",32.5,BU / ACRE
2017,NC,ALAMANCE,001,SOYBEANS,"SOYBEANS - YIELD, MEASURED IN BU / ACRE",42.0,BU / ACRE
2018,NC,ALAMANCE,001,SOYBEANS,"SOYBEANS - YIELD, MEASURED IN BU / ACRE",35.7,BU / ACRE
2019,NC,ALAMANCE,001,SOYBEANS,"SOYBEANS - YIELD, MEASURED IN BU / ACRE",30.1,BU / ACRE
2020,NC,ALAMANCE,001,SOYBEANS,"SOYBEANS - YIELD, MEASURED IN BU / ACRE",41.2,BU / ACRE
2021,NC,ALAMANCE,001,SOYBEANS,"SOYBEANS - YIELD, MEASURED IN BU / ACRE",40.9,BU / ACRE
2022,NC,ALAMANCE,001,SOYBEANS,"SOYBEANS - YIELD, MEASURED IN BU / ACRE",35.6,BU / ACRE
2023,NC,ALAMANCE,001,SOYBEANS,"SOYBEANS - YIELD, MEASURED IN BU / ACRE",32.2,BU / ACRE
2024,NC,ALAMANCE,001,SOYBEANS,"SOYBEANS - YIELD, MEASURED IN BU / ACRE",35.1,BU / ACRE
2025,NC,ALAMANCE,001,SOYBEANS,"SOYBEANS - YIELD, MEASURED IN BU / ACRE",38.5,BU / ACRE
2010,NC,ALEXANDER,003,SOYBEANS,"SOYBEANS - YIELD, MEASURED IN BU / ACRE",32.0,BU / ACRE
2011,NC,ALEXANDER,003,SOYBEANS,"SOYBEANS - YIELD, MEASURED IN BU / ACRE",36.3,BU / ACRE
2012,NC,ALEXANDER,003,SOYBEANS,"SOYBEANS - YIELD, MEASURED IN BU / ACRE",42.9,BU / ACRE
2013,NC,ALEXANDER,003,SOYBEANS,"SOYBEANS - YIELD, MEASURED IN BU / ACRE",40.0,BU / ACRE
2014,NC,ALEXANDER,003,SOYBEANS,"SOYBEANS - YIELD, MEASURED IN BU / ACRE",44.8,BU / ACRE
2017,NC,ALEXANDER,003,SOYBEANS,"SOYBEANS - YIELD, MEASURED IN BU / ACRE",36.1,BU / ACRE
2019,NC,ALEXANDER,003,SOYBEANS,"SOYBEANS - YIELD, MEASURED IN BU / ACRE",30.0,BU / ACRE
2020,NC,ALEXANDER,003,SOYBEANS,"SOYBEANS - YIELD, MEASURED IN BU / ACRE",38.3,BU / ACRE
2023,NC,ALEXANDER,003,SOYBEANS,"SOYBEANS - YIELD, MEASURED IN BU / ACRE",41.9,BU / ACRE
2010,NC,ANSON,007,SOYBEANS,"SOYBEANS - YIELD, MEASURED IN BU / ACRE",28.8,BU / ACRE
2011,NC,ANSON,007,SOYBEANS,"SOYBEANS - YIELD, MEASURED IN BU / ACRE",36.8,BU / ACRE
2012,NC,ANSON,007,SOYBEANS,"SOYBEANS - YIELD, MEASURED IN BU / ACRE",46.7,BU / ACRE
2013,NC,ANSON,007,SOYBEANS,"SOYBEANS - YIELD, MEASURED IN BU / ACRE",25.1,BU / ACRE
2014,NC,ANSON,007,SOYBEANS,"SOYBEANS - YIELD, MEASURED IN BU / ACRE",42.4,BU / ACRE
2015,NC,ANSON,007,SOYBEANS,"SOYBEANS - YIELD, MEASURED IN BU / ACRE",25.9,BU / ACRE
2018,NC,ANSON,007,SOYBEANS,"SOYBEANS - YIELD, MEASURED IN BU / ACRE",31.4,BU / ACRE
2020,NC,ANSON,007,SOYBEANS,"SOYBEANS - YIELD, MEASURED IN BU / ACRE",42.1,BU / ACRE
2021,NC,ANSON,007,SOYBEANS,"SOYBEANS - YIELD, MEASURED IN BU / ACRE",34.4,BU / ACRE
2022,NC,ANSON,007,SOYBEANS,"SOYBEANS - YIELD, MEASURED IN BU / ACRE",36.9,BU / ACRE
2023,NC,ANSON,007,SOYBEANS,"SOYBEANS - YIELD, MEASURED IN BU / ACRE",31.7,BU / ACRE
2010,NC,BEAUFORT,013,SOYBEANS,"SOYBEANS - YIELD, MEASURED IN BU / ACRE",38.0,BU / ACRE
2011,NC,BEAUFORT,013,SOYBEANS,"SOYBEANS - YIELD, MEASURED IN BU / ACRE",26.0,BU / ACRE
2012,NC,BEAUFORT,013,SOYBEANS,"SOYBEANS - YIELD, MEASURED IN BU / ACRE",39.2,BU / ACRE
2013,NC,BEAUFORT,013,SOYBEANS,"SOYBEANS - YIELD, MEASURED IN BU / ACRE",42.1,BU / ACRE
2014,NC,BEAUFORT,013,SOYBEANS,"SOYBEANS - YIELD, MEASURED IN BU / ACRE",42.8,BU / ACRE
2015,NC,BEAUFORT,013,SOYBEANS,"SOYBEANS - YIELD, MEASURED IN BU / ACRE",38.0,BU / ACRE
2016,NC,BEAUFORT,013,SOYBEANS,"SOYBEANS - YIELD, MEASURED IN BU / ACRE",40.7,BU / ACRE
2017,NC,BEAUFORT,013,SOYBEANS,"SOYBEANS - YIELD, MEASURED IN BU / ACRE",46.3,BU / ACRE
2018,NC,BEAUFORT,013,SOYBEANS,"SOYBEANS - YIELD, MEASURED IN BU / ACRE",32.4,BU / ACRE
2019,NC,BEAUFORT,013,SOYBEANS,"SOYBEANS - YIELD, MEASURED IN BU / ACRE",42.0,BU / ACRE
2020,NC,BEAUFORT,013,SOYBEANS,"SOYBEANS - YIELD, MEASURED IN BU / ACRE",47.6,BU / ACRE
2021,NC,BEAUFORT,013,SOYBEANS,"SOYBEANS - YIELD, MEASURED IN BU / ACRE",48.6,BU / ACRE
2022,NC,BEAUFORT,013,SOYBEANS,"SOYBEANS - YIELD, MEASURED IN BU / ACRE",48.1,BU / ACRE
2023,NC,BEAUFORT,013,SOYBEANS,"SOYBEANS - YIELD, MEASURED IN BU / ACRE",40.6,BU / ACRE
2024,NC,BEAUFORT,013,SOYBEANS,"SOYBEANS - YIELD, MEASURED IN BU / ACRE",38.4,BU / ACRE
2025,NC,BEAUFORT,013,SOYBEANS,"SOYBEANS - YIELD, MEASURED IN BU / ACRE",42.8,BU / ACRE
2010,NC,BERTIE,015,SOYBEANS,"SOYBEANS - YIELD, MEASURED IN BU / ACRE",22.2,BU / ACRE
2011,NC,BERTIE,015,SOYBEANS,"SOYBEANS - YIELD, MEASURED IN BU / ACRE",34.0,BU / ACRE
2012,NC,BERTIE,015,SOYBEANS,"SOYBEANS - YIELD, MEASURED IN BU / ACRE",41.1,BU / ACRE
2013,NC,BERTIE,015,SOYBEANS,"SOYBEANS - YIELD, MEASURED IN BU / ACRE",34.4,BU / ACRE
2014,NC,BERTIE,015,SOYBEANS,"SOYBEANS - YIELD, MEASURED IN BU / ACRE",43.9,BU / ACRE
2015,NC,BERTIE,015,SOYBEANS,"SOYBEANS - YIELD, MEASURED IN BU / ACRE",32.5,BU / ACRE
2016,NC,BERTIE,015,SOYBEANS,"SOYBEANS - YIELD, MEASURED IN BU / ACRE",33.5,BU / ACRE
2017,NC,BERTIE,015,SOYBEANS,"SOYBEANS - YIELD, MEASURED IN BU / ACRE",44.7,BU / ACRE
2018,NC,BERTIE,015,SOYBEANS,"SOYBEANS - YIELD, MEASURED IN BU / ACRE",35.8,BU / ACRE
2020,NC,BERTIE,015,SOYBEANS,"SOYBEANS - YIELD, MEASURED IN BU / ACRE",45.9,BU / ACRE
2021,NC,BERTIE,015,SOYBEANS,"SOYBEANS - YIELD, MEASURED IN BU / ACRE",46.4,BU / ACRE
2022,NC,BERTIE,015,SOYBEANS,"SOYBEANS - YIELD, MEASURED IN BU / ACRE",36.8,BU / ACRE
2023,NC,BERTIE,015,SOYBEANS,"SOYBEANS - YIELD, MEASURED IN BU / ACRE",36.8,BU / ACRE
2024,NC,BERTIE,015,SOYBEANS,"SOYBEANS - YIELD, MEASURED IN BU / ACRE",46.0,BU / ACRE
2025,NC,BERTIE,015,SOYBEANS,"SOYBEANS - YIELD, MEASURED IN BU / ACRE",39.6,BU / ACRE
2010,NC,BLADEN,017,SOYBEANS,"SOYBEANS - YIELD, MEASURED IN BU / ACRE",18.1,BU / ACRE
2011,NC,BLADEN,017,SOYBEANS,"SOYBEANS - YIELD, MEASURED IN BU / ACRE",21.3,BU / ACRE
2012,NC,BLADEN,017,SOYBEANS,"SOYBEANS - YIELD, MEASURED IN BU / ACRE",33.3,BU / ACRE
2013,NC,BLADEN,017,SOYBEANS,"SOYBEANS - YIELD, MEASURED IN BU / ACRE",19.5,BU / ACRE
2014,NC,BLADEN,017,SOYBEANS,"SOYBEANS - YIELD, MEASURED IN BU / ACRE",36.0,BU / ACRE
2015,NC,BLADEN,017,SOYBEANS,"SOYBEANS - YIELD, MEASURED IN BU / ACRE",32.6,BU / ACRE
2016,NC,BLADEN,017,SOYBEANS,"SOYBEANS - YIELD, MEASURED IN BU / ACRE",30.0,BU / ACRE
2017,NC,BLADEN,017,SOYBEANS,"SOYBEANS - YIELD, MEASURED IN BU / ACRE",31.6,BU / ACRE
2018,NC,BLADEN,017,SOYBEANS,"SOYBEANS - YIELD, MEASURED IN BU / ACRE",24.9,BU / ACRE
2019,NC,BLADEN,017,SOYBEANS,"SOYBEANS - YIELD, MEASURED IN BU / ACRE",30.5,BU / ACRE
2020,NC,BLADEN,017,SOYBEANS,"SOYBEANS - YIELD, MEASURED IN BU / ACRE",32.0,BU / ACRE
2021,NC,BLADEN,017,SOYBEANS,"SOYBEANS - YIELD, MEASURED IN BU / ACRE",35.9,BU / ACRE
2022,NC,BLADEN,017,SOYBEANS,"SOYBEANS - YIELD, MEASURED IN BU / ACRE",29.0,BU / ACRE
2024,NC,BLADEN,017,SOYBEANS,"SOYBEANS - YIELD, MEASURED IN BU / ACRE",27.8,BU / ACRE
2025,NC,BLADEN,017,SOYBEANS,"SOYBEANS - YIELD, MEASURED IN BU / ACRE",27.3,BU / ACRE
2014,NC,BRUNSWICK,019,SOYBEANS,"SOYBEANS - YIELD, MEASURED IN BU / ACRE",33.5,BU / ACRE
2017,NC,BRUNSWICK,019,SOYBEANS,"SOYBEANS - YIELD, MEASURED IN BU / ACRE",34.7,BU / ACRE
2018,NC,BRUNSWICK,019,SOYBEANS,"SOYBEANS - YIELD, MEASURED IN BU / ACRE",25.7,BU / ACRE
2019,NC,BRUNSWICK,019,SOYBEANS,"SOYBEANS - YIELD, MEASURED IN BU / ACRE",30.5,BU / ACRE
2020,NC,BRUNSWICK,019,SOYBEANS,"SOYBEANS - YIELD, MEASURED IN BU / ACRE",33.9,BU / ACRE
2021,NC,BRUNSWICK,019,SOYBEANS,"SOYBEANS - YIELD, MEASURED IN BU / ACRE",37.7,BU / ACRE
2022,NC,BRUNSWICK,019,SOYBEANS,"SOYBEANS - YIELD, MEASURED IN BU / ACRE",39.3,BU / ACRE
2023,NC,BRUNSWICK,019,SOYBEANS,"SOYBEANS - YIELD, MEASURED IN BU / ACRE",37.1,BU / ACRE
2024,NC,BRUNSWICK,019,SOYBEANS,"SOYBEANS - YIELD, MEASURED IN BU / ACRE",36.2,BU / ACRE
2025,NC,BRUNSWICK,019,SOYBEANS,"SOYBEANS - YIELD, MEASURED IN BU / ACRE",31.0,BU / ACRE
2010,NC,BURKE,023,SOYBEANS,"SOYBEANS - YIELD, MEASURED IN BU / ACRE",30.7,BU / ACRE
2011,NC,BURKE,023,SOYBEANS,"SOYBEANS - YIELD, MEASURED IN BU / ACRE",33.6,BU / ACRE
2012,NC,BURKE,023,SOYBEANS,"SOYBEANS - YIELD, MEASURED IN BU / ACRE",42.9,BU / ACRE
2014,NC,BURKE,023,SOYBEANS,"SOYBEANS - YIELD, MEASURED IN BU / ACRE",38.1,BU / ACRE
2016,NC,BURKE,023,SOYBEANS,"SOYBEANS - YIELD, MEASURED IN BU / ACRE",34.0,BU / ACRE
2018,NC,BURKE,023,SOYBEANS,"SOYBEANS - YIELD, MEASURED IN BU / ACRE",37.3,BU / ACRE
2019,NC,BURKE,023,SOYBEANS,"SOYBEANS - YIELD, MEASURED IN BU / ACRE",34.4,BU / ACRE
2020,NC,BURKE,023,SOYBEANS,"SOYBEANS - YIELD, MEASURED IN BU / ACRE",42.4,BU / ACRE
2021,NC,BURKE,023,SOYBEANS,"SOYBEANS - YIELD, MEASURED IN BU / ACRE",46.0,BU / ACRE
2022,NC,BURKE,023,SOYBEANS,"SOYBEANS - YIELD, MEASURED IN BU / ACRE",39.2,BU / ACRE
2023,NC,BURKE,023,SOYBEANS,"SOYBEANS - YIELD, MEASURED IN BU / ACRE",36.1,BU / ACRE
2010,NC,CABARRUS,025,SOYBEANS,"SOYBEANS - YIELD, MEASURED IN BU / ACRE",27.6,BU / ACRE
2011,NC,CABARRUS,025,SOYBEANS,"SOYBEANS - YIELD, MEASURED IN BU / ACRE",30.0,BU / ACRE
2012,NC,CABARRUS,025,SOYBEANS,"SOYBEANS - YIELD, MEASURED IN BU / ACRE",34.8,BU / ACRE
2013,NC,CABARRUS,025,SOYBEANS,"SOYBEANS - YIELD, MEASURED IN BU / ACRE",26.0,BU / ACRE
2014,NC,CABARRUS,025,SOYBEANS,"SOYBEANS - YIELD, MEASURED IN BU / ACRE",43.3,BU / ACRE
2015,NC,CABARRUS,025,SOYBEANS,"SOYBEANS - YIELD, MEASURED IN BU / ACRE",18.8,BU / ACRE
2016,NC,CABARRUS,025,SOYBEANS,"SOYBEANS - YIELD, MEASURED IN BU / ACRE",33.6,BU / ACRE
2018,NC,CABARRUS,025,SOYBEANS,"SOYBEANS - YIELD, MEASURED IN BU / ACRE",34.1,BU / ACRE
2019,NC,CABARRUS,025,SOYBEANS,"SOYBEANS - YIELD, MEASURED IN BU / ACRE",28.1,BU / ACRE
2020,NC,CABARRUS,025,SOYBEANS,"SOYBEANS - YIELD, MEASURED IN BU / ACRE",40.2,BU / ACRE
2021,NC,CABARRUS,025,SOYBEANS,"SOYBEANS - YIELD, MEASURED IN BU / ACRE",44.4,BU / ACRE
2022,NC,CABARRUS,025,SOYBEANS,"SOYBEANS - YIELD, MEASURED IN BU / ACRE",37.5,BU / ACRE
2011,NC,CALDWELL,027,SOYBEANS,"SOYBEANS - YIELD, MEASURED IN BU / ACRE",37.0,BU / ACRE
2023,NC,CALDWELL,027,SOYBEANS,"SOYBEANS - YIELD, MEASURED IN BU / ACRE",39.8,BU / ACRE
2010,NC,CAMDEN,029,SOYBEANS,"SOYBEANS - YIELD, MEASURED IN BU / ACRE",40.9,BU / ACRE
2011,NC,CAMDEN,029,SOYBEANS,"SOYBEANS - YIELD, MEASURED IN BU / ACRE",29.9,BU / ACRE
2012,NC,CAMDEN,029,SOYBEANS,"SOYBEANS - YIELD, MEASURED IN BU / ACRE",46.1,BU / ACRE
2013,NC,CAMDEN,029,SOYBEANS,"SOYBEANS - YIELD, MEASURED IN BU / ACRE",46.0,BU / ACRE
2014,NC,CAMDEN,029,SOYBEANS,"SOYBEANS - YIELD, MEASURED IN BU / ACRE",47.7,BU / ACRE
2015,NC,CAMDEN,029,SOYBEANS,"SOYBEANS - YIELD, MEASURED IN BU / ACRE",38.7,BU / ACRE
2016,NC,CAMDEN,029,SOYBEANS,"SOYBEANS - YIELD, MEASURED IN BU / ACRE",41.0,BU / ACRE
2017,NC,CAMDEN,029,SOYBEANS,"SOYBEANS - YIELD, MEASURED IN BU / ACRE",43.7,BU / ACRE
2018,NC,CAMDEN,029,SOYBEANS,"SOYBEANS - YIELD, MEASURED IN BU / ACRE",46.3,BU / ACRE
2019,NC,CAMDEN,029,SOYBEANS,"SOYBEANS - YIELD, MEASURED IN BU / ACRE",44.5,BU / ACRE
2020,NC,CAMDEN,029,SOYBEANS,"SOYBEANS - YIELD, MEASURED IN BU / ACRE",42.8,BU / ACRE
2021,NC,CAMDEN,029,SOYBEANS,"SOYBEANS - YIELD, MEASURED IN BU / ACRE",49.2,BU / ACRE
2022,NC,CAMDEN,029,SOYBEANS,"SOYBEANS - YIELD, MEASURED IN BU / ACRE",49.0,BU / ACRE
2023,NC,CAMDEN,029,SOYBEANS,"SOYBEANS - YIELD, MEASURED IN BU / ACRE",51.7,BU / ACRE
2024,NC,CAMDEN,029,SOYBEANS,"SOYBEANS - YIELD, MEASURED IN BU / ACRE",54.0,BU / ACRE
2025,NC,CAMDEN,029,SOYBEANS,"SOYBEANS - YIELD, MEASURED IN BU / ACRE",52.2,BU / ACRE
2010,NC,CARTERET,031,SOYBEANS,"SOYBEANS - YIELD, MEASURED IN BU / ACRE",38.0,BU / ACRE
2011,NC,CARTERET,031,SOYBEANS,"SOYBEANS - YIELD, MEASURED IN BU / ACRE",21.3,BU / ACRE
2010,NC,CASWELL,033,SOYBEANS,"SOYBEANS - YIELD, MEASURED IN BU / ACRE",26.0,BU / ACRE
2011,NC,CASWELL,033,SOYBEANS,"SOYBEANS - YIELD, MEASURED IN BU / ACRE",15.8,BU / ACRE
2012,NC,CASWELL,033,SOYBEANS,"SOYBEANS - YIELD, MEASURED IN BU / ACRE",35.0,BU / ACRE
2015,NC,CASWELL,033,SOYBEANS,"SOYBEANS - YIELD, MEASURED IN BU / ACRE",24.9,BU / ACRE
2016,NC,CASWELL,033,SOYBEANS,"SOYBEANS - YIELD, MEASURED IN BU / ACRE",26.3,BU / ACRE
2017,NC,CASWELL,033,SOYBEANS,"SOYBEANS - YIELD, MEASURED IN BU / ACRE",40.3,BU / ACRE
2018,NC,CASWELL,033,SOYBEANS,"SOYBEANS - YIELD, MEASURED IN BU / ACRE",37.5,BU / ACRE
2019,NC,CASWELL,033,SOYBEANS,"SOYBEANS - YIELD, MEASURED IN BU / ACRE",28.0,BU / ACRE
2020,NC,CASWELL,033,SOYBEANS,"SOYBEANS - YIELD, MEASURED IN BU / ACRE",37.6,BU / ACRE
2021,NC,CASWELL,033,SOYBEANS,"SOYBEANS - YIELD, MEASURED IN BU / ACRE",33.8,BU / ACRE
2022,NC,CASWELL,033,SOYBEANS,"SOYBEANS - YIELD, MEASURED IN BU / ACRE",30.7,BU / ACRE
2023,NC,CASWELL,033,SOYBEANS,"SOYBEANS - YIELD, MEASURED IN BU / ACRE",24.5,BU / ACRE
2025,NC,CASWELL,033,SOYBEANS,"SOYBEANS - YIELD, MEASURED IN BU / ACRE",31.3,BU / ACRE
2010,NC,CATAWBA,035,SOYBEANS,"SOYBEANS - YIELD, MEASURED IN BU / ACRE",24.9,BU / ACRE
2011,NC,CATAWBA,035,SOYBEANS,"SOYBEANS - YIELD, MEASURED IN BU / ACRE",33.6,BU / ACRE
2012,NC,CATAWBA,035,SOYBEANS,"SOYBEANS - YIELD, MEASURED IN BU / ACRE",40.5,BU / ACRE
2013,NC,CATAWBA,035,SOYBEANS,"SOYBEANS - YIELD, MEASURED IN BU / ACRE",37.0,BU / ACRE
2014,NC,CATAWBA,035,SOYBEANS,"SOYBEANS - YIELD, MEASURED IN BU / ACRE",41.5,BU / ACRE
2015,NC,CATAWBA,035,SOYBEANS,"SOYBEANS - YIELD, MEASURED IN BU / ACRE",21.8,BU / ACRE
2016,NC,CATAWBA,035,SOYBEANS,"SOYBEANS - YIELD, MEASURED IN BU / ACRE",29.5,BU / ACRE
2017,NC,CATAWBA,035,SOYBEANS,"SOYBEANS - YIELD, MEASURED IN BU / ACRE",40.3,BU / ACRE
2018,NC,CATAWBA,035,SOYBEANS,"SOYBEANS - YIELD, MEASURED IN BU / ACRE",34.9,BU / ACRE
2019,NC,CATAWBA,035,SOYBEANS,"SOYBEANS - YIELD, MEASURED IN BU / ACRE",28.1,BU / ACRE
2020,NC,CATAWBA,035,SOYBEANS,"SOYBEANS - YIELD, MEASURED IN BU / ACRE",43.6,BU / ACRE
2021,NC,CATAWBA,035,SOYBEANS,"SOYBEANS - YIELD, MEASURED IN BU / ACRE",36.7,BU / ACRE
2022,NC,CATAWBA,035,SOYBEANS,"SOYBEANS - YIELD, MEASURED IN BU / ACRE",45.4,BU / ACRE
2023,NC,CATAWBA,035,SOYBEANS,"SOYBEANS - YIELD, MEASURED IN BU / ACRE",39.3,BU / ACRE
2024,NC,CATAWBA,035,SOYBEANS,"SOYBEANS - YIELD, MEASURED IN BU / ACRE",39.8,BU / ACRE
2025,NC,CATAWBA,035,SOYBEANS,"SOYBEANS - YIELD, MEASURED IN BU / ACRE",40.6,BU / ACRE
2010,NC,CHATHAM,037,SOYBEANS,"SOYBEANS - YIELD, MEASURED IN BU / ACRE",15.6,BU / ACRE
2011,NC,CHATHAM,037,SOYBEANS,"SOYBEANS - YIELD, MEASURED IN BU / ACRE",27.4,BU / ACRE
2012,NC,CHATHAM,037,SOYBEANS,"SOYBEANS - YIELD, MEASURED IN BU / ACRE",34.4,BU / ACRE
2013,NC,CHATHAM,037,SOYBEANS,"SOYBEANS - YIELD, MEASURED IN BU / ACRE",26.5,BU / ACRE
2014,NC,CHATHAM,037,SOYBEANS,"SOYBEANS - YIELD, MEASURED IN BU / ACRE",42.6,BU / ACRE
2017,NC,CHATHAM,037,SOYBEANS,"SOYBEANS - YIELD, MEASURED IN BU / ACRE",41.4,BU / ACRE
2019,NC,CHATHAM,037,SOYBEANS,"SOYBEANS - YIELD, MEASURED IN BU / ACRE",35.6,BU / ACRE
2020,NC,CHATHAM,037,SOYBEANS,"SOYBEANS - YIELD, MEASURED IN BU / ACRE",37.9,BU / ACRE
2021,NC,CHATHAM,037,SOYBEANS,"SOYBEANS - YIELD, MEASURED IN BU / ACRE",34.7,BU / ACRE
2022,NC,CHATHAM,037,SOYBEANS,"SOYBEANS - YIELD, MEASURED IN BU / ACRE",36.4,BU / ACRE
2023,NC,CHATHAM,037,SOYBEANS,"SOYBEANS - YIELD, MEASURED IN BU / ACRE",29.3,BU / ACRE
2024,NC,CHATHAM,037,SOYBEANS,"SOYBEANS - YIELD, MEASURED IN BU / ACRE",35.4,BU / ACRE
2018,NC,CHEROKEE,039,SOYBEANS,"SOYBEANS - YIELD, MEASURED IN BU / ACRE",53.0,BU / ACRE
2011,NC,CHOWAN,041,SOYBEANS,"SOYBEANS - YIELD, MEASURED IN BU / ACRE",38.9,BU / ACRE
2012,NC,CHOWAN,041,SOYBEANS,"SOYBEANS - YIELD, MEASURED IN BU / ACRE",46.4,BU / ACRE
2013,NC,CHOWAN,041,SOYBEANS,"SOYBEANS - YIELD, MEASURED IN BU / ACRE",38.9,BU / ACRE
2015,NC,CHOWAN,041,SOYBEANS,"SOYBEANS - YIELD, MEASURED IN BU / ACRE",39.9,BU / ACRE
2016,NC,CHOWAN,041,SOYBEANS,"SOYBEANS - YIELD, MEASURED IN BU / ACRE",43.0,BU / ACRE
2017,NC,CHOWAN,041,SOYBEANS,"SOYBEANS - YIELD, MEASURED IN BU / ACRE",44.3,BU / ACRE
2018,NC,CHOWAN,041,SOYBEANS,"SOYBEANS - YIELD, MEASURED IN BU / ACRE",38.3,BU / ACRE
2019,NC,CHOWAN,041,SOYBEANS,"SOYBEANS - YIELD, MEASURED IN BU / ACRE",45.5,BU / ACRE
2020,NC,CHOWAN,041,SOYBEANS,"SOYBEANS - YIELD, MEASURED IN BU / ACRE",47.6,BU / ACRE
2021,NC,CHOWAN,041,SOYBEANS,"SOYBEANS - YIELD, MEASURED IN BU / ACRE",42.7,BU / ACRE
2022,NC,CHOWAN,041,SOYBEANS,"SOYBEANS - YIELD, MEASURED IN BU / ACRE",40.6,BU / ACRE
2023,NC,CHOWAN,041,SOYBEANS,"SOYBEANS - YIELD, MEASURED IN BU / ACRE",37.9,BU / ACRE
2024,NC,CHOWAN,041,SOYBEANS,"SOYBEANS - YIELD, MEASURED IN BU / ACRE",42.2,BU / ACRE
2025,NC,CHOWAN,041,SOYBEANS,"SOYBEANS - YIELD, MEASURED IN BU / ACRE",46.0,BU / ACRE
2010,NC,CLEVELAND,045,SOYBEANS,"SOYBEANS - YIELD, MEASURED IN BU / ACRE",18.7,BU / ACRE
2011,NC,CLEVELAND,045,SOYBEANS,"SOYBEANS - YIELD, MEASURED IN BU / ACRE",29.2,BU / ACRE
2012,NC,CLEVELAND,045,SOYBEANS,"SOYBEANS - YIELD, MEASURED IN BU / ACRE",41.7,BU / ACRE
2013,NC,CLEVELAND,045,SOYBEANS,"SOYBEANS - YIELD, MEASURED IN BU / ACRE",36.5,BU / ACRE
2014,NC,CLEVELAND,045,SOYBEANS,"SOYBEANS - YIELD, MEASURED IN BU / ACRE",36.4,BU / ACRE
2015,NC,CLEVELAND,045,SOYBEANS,"SOYBEANS - YIELD, MEASURED IN BU / ACRE",16.4,BU / ACRE
2016,NC,CLEVELAND,045,SOYBEANS,"SOYBEANS - YIELD, MEASURED IN BU / ACRE",27.0,BU / ACRE
2017,NC,CLEVELAND,045,SOYBEANS,"SOYBEANS - YIELD, MEASURED IN BU / ACRE",40.0,BU / ACRE
2018,NC,CLEVELAND,045,SOYBEANS,"SOYBEANS - YIELD, MEASURED IN BU / ACRE",38.9,BU / ACRE
2020,NC,CLEVELAND,045,SOYBEANS,"SOYBEANS - YIELD, MEASURED IN BU / ACRE",40.1,BU / ACRE
2021,NC,CLEVELAND,045,SOYBEANS,"SOYBEANS - YIELD, MEASURED IN BU / ACRE",41.4,BU / ACRE
2022,NC,CLEVELAND,045,SOYBEANS,"SOYBEANS - YIELD, MEASURED IN BU / ACRE",37.6,BU / ACRE
2023,NC,CLEVELAND,045,SOYBEANS,"SOYBEANS - YIELD, MEASURED IN BU / ACRE",31.7,BU / ACRE
2024,NC,CLEVELAND,045,SOYBEANS,"SOYBEANS - YIELD, MEASURED IN BU / ACRE",35.1,BU / ACRE
2025,NC,CLEVELAND,045,SOYBEANS,"SOYBEANS - YIELD, MEASURED IN BU / ACRE",32.1,BU / ACRE
2010,NC,COLUMBUS,047,SOYBEANS,"SOYBEANS - YIELD, MEASURED IN BU / ACRE",21.7,BU / ACRE
2011,NC,COLUMBUS,047,SOYBEANS,"SOYBEANS - YIELD, MEASURED IN BU / ACRE",26.0,BU / ACRE
2012,NC,COLUMBUS,047,SOYBEANS,"SOYBEANS - YIELD, MEASURED IN BU / ACRE",32.5,BU / ACRE
2013,NC,COLUMBUS,047,SOYBEANS,"SOYBEANS - YIELD, MEASURED IN BU / ACRE",21.0,BU / ACRE
2014,NC,COLUMBUS,047,SOYBEANS,"SOYBEANS - YIELD, MEASURED IN BU / ACRE",35.0,BU / ACRE
2015,NC,COLUMBUS,047,SOYBEANS,"SOYBEANS - YIELD, MEASURED IN BU / ACRE",27.6,BU / ACRE
2016,NC,COLUMBUS,047,SOYBEANS,"SOYBEANS - YIELD, MEASURED IN BU / ACRE",26.3,BU / ACRE
2017,NC,COLUMBUS,047,SOYBEANS,"SOYBEANS - YIELD, MEASURED IN BU / ACRE",32.8,BU / ACRE
2020,NC,COLUMBUS,047,SOYBEANS,"SOYBEANS - YIELD, MEASURED IN BU / ACRE",24.8,BU / ACRE
2021,NC,COLUMBUS,047,SOYBEANS,"SOYBEANS - YIELD, MEASURED IN BU / ACRE",35.5,BU / ACRE
2022,NC,COLUMBUS,047,SOYBEANS,"SOYBEANS - YIELD, MEASURED IN BU / ACRE",32.6,BU / ACRE
2023,NC,COLUMBUS,047,SOYBEANS,"SOYBEANS - YIELD, MEASURED IN BU / ACRE",34.1,BU / ACRE
2024,NC,COLUMBUS,047,SOYBEANS,"SOYBEANS - YIELD, MEASURED IN BU / ACRE",33.6,BU / ACRE
2025,NC,COLUMBUS,047,SOYBEANS,"SOYBEANS - YIELD, MEASURED IN BU / ACRE",28.1,BU / ACRE
2010,NC,CRAVEN,049,SOYBEANS,"SOYBEANS - YIELD, MEASURED IN BU / ACRE",26.8,BU / ACRE
2011,NC,CRAVEN,049,SOYBEANS,"SOYBEANS - YIELD, MEASURED IN BU / ACRE",29.8,BU / ACRE
2012,NC,CRAVEN,049,SOYBEANS,"SOYBEANS - YIELD, MEASURED IN BU / ACRE",38.8,BU / ACRE
2013,NC,CRAVEN,049,SOYBEANS,"SOYBEANS - YIELD, MEASURED IN BU / ACRE",36.9,BU / ACRE
2014,NC,CRAVEN,049,SOYBEANS,"SOYBEANS - YIELD, MEASURED IN BU / ACRE",42.1,BU / ACRE
2015,NC,CRAVEN,049,SOYBEANS,"SOYBEANS - YIELD, MEASURED IN BU / ACRE",34.6,BU / ACRE
2016,NC,CRAVEN,049,SOYBEANS,"SOYBEANS - YIELD, MEASURED IN BU / ACRE",34.0,BU / ACRE
2017,NC,CRAVEN,049,SOYBEANS,"SOYBEANS - YIELD, MEASURED IN BU / ACRE",38.1,BU / ACRE
2018,NC,CRAVEN,049,SOYBEANS,"SOYBEANS - YIELD, MEASURED IN BU / ACRE",30.1,BU / ACRE
2019,NC,CRAVEN,049,SOYBEANS,"SOYBEANS - YIELD, MEASURED IN BU / ACRE",33.0,BU / ACRE
2020,NC,CRAVEN,049,SOYBEANS,"SOYBEANS - YIELD, MEASURED IN BU / ACRE",38.4,BU / ACRE
2021,NC,CRAVEN,049,SOYBEANS,"SOYBEANS - YIELD, MEASURED IN BU / ACRE",42.0,BU / ACRE
2022,NC,CRAVEN,049,SOYBEANS,"SOYBEANS - YIELD, MEASURED IN BU / ACRE",41.7,BU / ACRE
2023,NC,CRAVEN,049,SOYBEANS,"SOYBEANS - YIELD, MEASURED IN BU / ACRE",35.5,BU / ACRE
2024,NC,CRAVEN,049,SOYBEANS,"SOYBEANS - YIELD, MEASURED IN BU / ACRE",42.2,BU / ACRE
2025,NC,CRAVEN,049,SOYBEANS,"SOYBEANS - YIELD, MEASURED IN BU / ACRE",32.1,BU / ACRE
2010,NC,CUMBERLAND,051,SOYBEANS,"SOYBEANS - YIELD, MEASURED IN BU / ACRE",19.0,BU / ACRE
2011,NC,CUMBERLAND,051,SOYBEANS,"SOYBEANS - YIELD, MEASURED IN BU / ACRE",20.3,BU / ACRE
2012,NC,CUMBERLAND,051,SOYBEANS,"SOYBEANS - YIELD, MEASURED IN BU / ACRE",34.7,BU / ACRE
2013,NC,CUMBERLAND,051,SOYBEANS,"SOYBEANS - YIELD, MEASURED IN BU / ACRE",20.3,BU / ACRE
2014,NC,CUMBERLAND,051,SOYBEANS,"SOYBEANS - YIELD, MEASURED IN BU / ACRE",29.6,BU / ACRE
2015,NC,CUMBERLAND,051,SOYBEANS,"SOYBEANS - YIELD, MEASURED IN BU / ACRE",31.2,BU / ACRE
2016,NC,CUMBERLAND,051,SOYBEANS,"SOYBEANS - YIELD, MEASURED IN BU / ACRE",30.0,BU / ACRE
2017,NC,CUMBERLAND,051,SOYBEANS,"SOYBEANS - YIELD, MEASURED IN BU / ACRE",31.7,BU / ACRE
2018,NC,CUMBERLAND,051,SOYBEANS,"SOYBEANS - YIELD, MEASURED IN BU / ACRE",26.7,BU / ACRE
2020,NC,CUMBERLAND,051,SOYBEANS,"SOYBEANS - YIELD, MEASURED IN BU / ACRE",33.5,BU / ACRE
2021,NC,CUMBERLAND,051,SOYBEANS,"SOYBEANS - YIELD, MEASURED IN BU / ACRE",36.6,BU / ACRE
2022,NC,CUMBERLAND,051,SOYBEANS,"SOYBEANS - YIELD, MEASURED IN BU / ACRE",36.6,BU / ACRE
2023,NC,CUMBERLAND,051,SOYBEANS,"SOYBEANS - YIELD, MEASURED IN BU / ACRE",36.7,BU / ACRE
2010,NC,CURRITUCK,053,SOYBEANS,"SOYBEANS - YIELD, MEASURED IN BU / ACRE",40.8,BU / ACRE
2011,NC,CURRITUCK,053,SOYBEANS,"SOYBEANS - YIELD, MEASURED IN BU / ACRE",35.0,BU / ACRE
2012,NC,CURRITUCK,053,SOYBEANS,"SOYBEANS - YIELD, MEASURED IN BU / ACRE",41.4,BU / ACRE
2013,NC,CURRITUCK,053,SOYBEANS,"SOYBEANS - YIELD, MEASURED IN BU / ACRE",45.5,BU / ACRE
2014,NC,CURRITUCK,053,SOYBEANS,"SOYBEANS - YIELD, MEASURED IN BU / ACRE",46.7,BU / ACRE
2015,NC,CURRITUCK,053,SOYBEANS,"SOYBEANS - YIELD, MEASURED IN BU / ACRE",39.2,BU / ACRE
2017,NC,CURRITUCK,053,SOYBEANS,"SOYBEANS - YIELD, MEASURED IN BU / ACRE",37.9,BU / ACRE
2018,NC,CURRITUCK,053,SOYBEANS,"SOYBEANS - YIELD, MEASURED IN BU / ACRE",37.6,BU / ACRE
2019,NC,CURRITUCK,053,SOYBEANS,"SOYBEANS - YIELD, MEASURED IN BU / ACRE",44.0,BU / ACRE
2020,NC,CURRITUCK,053,SOYBEANS,"SOYBEANS - YIELD, MEASURED IN BU / ACRE",35.1,BU / ACRE
2021,NC,CURRITUCK,053,SOYBEANS,"SOYBEANS - YIELD, MEASURED IN BU / ACRE",45.3,BU / ACRE
2022,NC,CURRITUCK,053,SOYBEANS,"SOYBEANS - YIELD, MEASURED IN BU / ACRE",41.7,BU / ACRE
2023,NC,CURRITUCK,053,SOYBEANS,"SOYBEANS - YIELD, MEASURED IN BU / ACRE",40.3,BU / ACRE
2024,NC,CURRITUCK,053,SOYBEANS,"SOYBEANS - YIELD, MEASURED IN BU / ACRE",51.9,BU / ACRE
2025,NC,CURRITUCK,053,SOYBEANS,"SOYBEANS - YIELD, MEASURED IN BU / ACRE",47.5,BU / ACRE
2010,NC,DAVIDSON,057,SOYBEANS,"SOYBEANS - YIELD, MEASURED IN BU / ACRE",31.9,BU / ACRE
2011,NC,DAVIDSON,057,SOYBEANS,"SOYBEANS - YIELD, MEASURED IN BU / ACRE",38.8,BU / ACRE
2012,NC,DAVIDSON,057,SOYBEANS,"SOYBEANS - YIELD, MEASURED IN BU / ACRE",40.2,BU / ACRE
2013,NC,DAVIDSON,057,SOYBEANS,"SOYBEANS - YIELD, MEASURED IN BU / ACRE",36.0,BU / ACRE
2014,NC,DAVIDSON,057,SOYBEANS,"SOYBEANS - YIELD, MEASURED IN BU / ACRE",36.5,BU / ACRE
2015,NC,DAVIDSON,057,SOYBEANS,"SOYBEANS - YIELD, MEASURED IN BU / ACRE",30.5,BU / ACRE
2016,NC,DAVIDSON,057,SOYBEANS,"SOYBEANS - YIELD, MEASURED IN BU / ACRE",30.0,BU / ACRE
2017,NC,DAVIDSON,057,SOYBEANS,"SOYBEANS - YIELD, MEASURED IN BU / ACRE",35.6,BU / ACRE
2018,NC,DAVIDSON,057,SOYBEANS,"SOYBEANS - YIELD, MEASURED IN BU / ACRE",37.6,BU / ACRE
2019,NC,DAVIDSON,057,SOYBEANS,"SOYBEANS - YIELD, MEASURED IN BU / ACRE",27.5,BU / ACRE
2020,NC,DAVIDSON,057,SOYBEANS,"SOYBEANS - YIELD, MEASURED IN BU / ACRE",39.2,BU / ACRE
2021,NC,DAVIDSON,057,SOYBEANS,"SOYBEANS - YIELD, MEASURED IN BU / ACRE",39.6,BU / ACRE
2022,NC,DAVIDSON,057,SOYBEANS,"SOYBEANS - YIELD, MEASURED IN BU / ACRE",36.4,BU / ACRE
2023,NC,DAVIDSON,057,SOYBEANS,"SOYBEANS - YIELD, MEASURED IN BU / ACRE",39.7,BU / ACRE
2024,NC,DAVIDSON,057,SOYBEANS,"SOYBEANS - YIELD, MEASURED IN BU / ACRE",33.5,BU / ACRE
2025,NC,DAVIDSON,057,SOYBEANS,"SOYBEANS - YIELD, MEASURED IN BU / ACRE",36.7,BU / ACRE
2010,NC,DAVIE,059,SOYBEANS,"SOYBEANS - YIELD, MEASURED IN BU / ACRE",35.7,BU / ACRE
2011,NC,DAVIE,059,SOYBEANS,"SOYBEANS - YIELD, MEASURED IN BU / ACRE",38.7,BU / ACRE
2012,NC,DAVIE,059,SOYBEANS,"SOYBEANS - YIELD, MEASURED IN BU / ACRE",44.4,BU / ACRE
2013,NC,DAVIE,059,SOYBEANS,"SOYBEANS - YIELD, MEASURED IN BU / ACRE",28.5,BU / ACRE
2014,NC,DAVIE,059,SOYBEANS,"SOYBEANS - YIELD, MEASURED IN BU / ACRE",41.3,BU / ACRE
2015,NC,DAVIE,059,SOYBEANS,"SOYBEANS - YIELD, MEASURED IN BU / ACRE",33.1,BU / ACRE
2016,NC,DAVIE,059,SOYBEANS,"SOYBEANS - YIELD, MEASURED IN BU / ACRE",35.0,BU / ACRE
2017,NC,DAVIE,059,SOYBEANS,"SOYBEANS - YIELD, MEASURED IN BU / ACRE",41.9,BU / ACRE
2018,NC,DAVIE,059,SOYBEANS,"SOYBEANS - YIELD, MEASURED IN BU / ACRE",41.5,BU / ACRE
2019,NC,DAVIE,059,SOYBEANS,"SOYBEANS - YIELD, MEASURED IN BU / ACRE",33.9,BU / ACRE
2020,NC,DAVIE,059,SOYBEANS,"SOYBEANS - YIELD, MEASURED IN BU / ACRE",41.1,BU / ACRE
2021,NC,DAVIE,059,SOYBEANS,"SOYBEANS - YIELD, MEASURED IN BU / ACRE",43.4,BU / ACRE
2022,NC,DAVIE,059,SOYBEANS,"SOYBEANS - YIELD, MEASURED IN BU / ACRE",51.4,BU / ACRE
2023,NC,DAVIE,059,SOYBEANS,"SOYBEANS - YIELD, MEASURED IN BU / ACRE",47.4,BU / ACRE
2024,NC,DAVIE,059,SOYBEANS,"SOYBEANS - YIELD, MEASURED IN BU / ACRE",39.7,BU / ACRE
2025,NC,DAVIE,059,SOYBEANS,"SOYBEANS - YIELD, MEASURED IN BU / ACRE",51.5,BU / ACRE
2010,NC,DUPLIN,061,SOYBEANS,"SOYBEANS - YIELD, MEASURED IN BU / ACRE",24.2,BU / ACRE
2011,NC,DUPLIN,061,SOYBEANS,"SOYBEANS - YIELD, MEASURED IN BU / ACRE",28.0,BU / ACRE
2012,NC,DUPLIN,061,SOYBEANS,"SOYBEANS - YIELD, MEASURED IN BU / ACRE",36.9,BU / ACRE
2013,NC,DUPLIN,061,SOYBEANS,"SOYBEANS - YIELD, MEASURED IN BU / ACRE",28.8,BU / ACRE
2014,NC,DUPLIN,061,SOYBEANS,"SOYBEANS - YIELD, MEASURED IN BU / ACRE",39.8,BU / ACRE
2015,NC,DUPLIN,061,SOYBEANS,"SOYBEANS - YIELD, MEASURED IN BU / ACRE",36.4,BU / ACRE
2016,NC,DUPLIN,061,SOYBEANS,"SOYBEANS - YIELD, MEASURED IN BU / ACRE",37.5,BU / ACRE
2017,NC,DUPLIN,061,SOYBEANS,"SOYBEANS - YIELD, MEASURED IN BU / ACRE",35.7,BU / ACRE
2018,NC,DUPLIN,061,SOYBEANS,"SOYBEANS - YIELD, MEASURED IN BU / ACRE",24.7,BU / ACRE
2020,NC,DUPLIN,061,SOYBEANS,"SOYBEANS - YIELD, MEASURED IN BU / ACRE",34.0,BU / ACRE
2021,NC,DUPLIN,061,SOYBEANS,"SOYBEANS - YIELD, MEASURED IN BU / ACRE",36.4,BU / ACRE
2022,NC,DUPLIN,061,SOYBEANS,"SOYBEANS - YIELD, MEASURED IN BU / ACRE",36.8,BU / ACRE
2023,NC,DUPLIN,061,SOYBEANS,"SOYBEANS - YIELD, MEASURED IN BU / ACRE",33.9,BU / ACRE
2024,NC,DUPLIN,061,SOYBEANS,"SOYBEANS - YIELD, MEASURED IN BU / ACRE",36.4,BU / ACRE
2025,NC,DUPLIN,061,SOYBEANS,"SOYBEANS - YIELD, MEASURED IN BU / ACRE",32.7,BU / ACRE
2010,NC,DURHAM,063,SOYBEANS,"SOYBEANS - YIELD, MEASURED IN BU / ACRE",21.7,BU / ACRE
2019,NC,DURHAM,063,SOYBEANS,"SOYBEANS - YIELD, MEASURED IN BU / ACRE",30.0,BU / ACRE
2021,NC,DURHAM,063,SOYBEANS,"SOYBEANS - YIELD, MEASURED IN BU / ACRE",34.9,BU / ACRE
2022,NC,DURHAM,063,SOYBEANS,"SOYBEANS - YIELD, MEASURED IN BU / ACRE",31.9,BU / ACRE
2023,NC,DURHAM,063,SOYBEANS,"SOYBEANS - YIELD, MEASURED IN BU / ACRE",22.5,BU / ACRE
2010,NC,EDGECOMBE,065,SOYBEANS,"SOYBEANS - YIELD, MEASURED IN BU / ACRE",18.5,BU / ACRE
2011,NC,EDGECOMBE,065,SOYBEANS,"SOYBEANS - YIELD, MEASURED IN BU / ACRE",30.9,BU / ACRE
2012,NC,EDGECOMBE,065,SOYBEANS,"SOYBEANS - YIELD, MEASURED IN BU / ACRE",40.2,BU / ACRE
2013,NC,EDGECOMBE,065,SOYBEANS,"SOYBEANS - YIELD, MEASURED IN BU / ACRE",33.3,BU / ACRE
2014,NC,EDGECOMBE,065,SOYBEANS,"SOYBEANS - YIELD, MEASURED IN BU / ACRE",42.2,BU / ACRE
2015,NC,EDGECOMBE,065,SOYBEANS,"SOYBEANS - YIELD, MEASURED IN BU / ACRE",26.7,BU / ACRE
2016,NC,EDGECOMBE,065,SOYBEANS,"SOYBEANS - YIELD, MEASURED IN BU / ACRE",34.5,BU / ACRE
2017,NC,EDGECOMBE,065,SOYBEANS,"SOYBEANS - YIELD, MEASURED IN BU / ACRE",39.6,BU / ACRE
2018,NC,EDGECOMBE,065,SOYBEANS,"SOYBEANS - YIELD, MEASURED IN BU / ACRE",33.7,BU / ACRE
2019,NC,EDGECOMBE,065,SOYBEANS,"SOYBEANS - YIELD, MEASURED IN BU / ACRE",33.4,BU / ACRE
2020,NC,EDGECOMBE,065,SOYBEANS,"SOYBEANS - YIELD, MEASURED IN BU / ACRE",35.6,BU / ACRE
2021,NC,EDGECOMBE,065,SOYBEANS,"SOYBEANS - YIELD, MEASURED IN BU / ACRE",38.4,BU / ACRE
2022,NC,EDGECOMBE,065,SOYBEANS,"SOYBEANS - YIELD, MEASURED IN BU / ACRE",33.7,BU / ACRE
2023,NC,EDGECOMBE,065,SOYBEANS,"SOYBEANS - YIELD, MEASURED IN BU / ACRE",36.4,BU / ACRE
2024,NC,EDGECOMBE,065,SOYBEANS,"SOYBEANS - YIELD, MEASURED IN BU / ACRE",37.0,BU / ACRE
2025,NC,EDGECOMBE,065,SOYBEANS,"SOYBEANS - YIELD, MEASURED IN BU / ACRE",32.6,BU / ACRE
2010,NC,FORSYTH,067,SOYBEANS,"SOYBEANS - YIELD, MEASURED IN BU / ACRE",28.0,BU / ACRE
2011,NC,FORSYTH,067,SOYBEANS,"SOYBEANS - YIELD, MEASURED IN BU / ACRE",24.7,BU / ACRE
2012,NC,FORSYTH,067,SOYBEANS,"SOYBEANS - YIELD, MEASURED IN BU / ACRE",35.7,BU / ACRE
2013,NC,FORSYTH,067,SOYBEANS,"SOYBEANS - YIELD, MEASURED IN BU / ACRE",27.0,BU / ACRE
2015,NC,FORSYTH,067,SOYBEANS,"SOYBEANS - YIELD, MEASURED IN BU / ACRE",29.7,BU / ACRE
2019,NC,FORSYTH,067,SOYBEANS,"SOYBEANS - YIELD, MEASURED IN BU / ACRE",25.0,BU / ACRE
2020,NC,FORSYTH,067,SOYBEANS,"SOYBEANS - YIELD, MEASURED IN BU / ACRE",37.8,BU / ACRE
2021,NC,FORSYTH,067,SOYBEANS,"SOYBEANS - YIELD, MEASURED IN BU / ACRE",43.2,BU / ACRE
2022,NC,FORSYTH,067,SOYBEANS,"SOYBEANS - YIELD, MEASURED IN BU / ACRE",37.9,BU / ACRE
2023,NC,FORSYTH,067,SOYBEANS,"SOYBEANS - YIELD, MEASURED IN BU / ACRE",39.8,BU / ACRE
2010,NC,FRANKLIN,069,SOYBEANS,"SOYBEANS - YIELD, MEASURED IN BU / ACRE",15.0,BU / ACRE
2011,NC,FRANKLIN,069,SOYBEANS,"SOYBEANS - YIELD, MEASURED IN BU / ACRE",30.1,BU / ACRE
2012,NC,FRANKLIN,069,SOYBEANS,"SOYBEANS - YIELD, MEASURED IN BU / ACRE",39.6,BU / ACRE
2013,NC,FRANKLIN,069,SOYBEANS,"SOYBEANS - YIELD, MEASURED IN BU / ACRE",24.0,BU / ACRE
2014,NC,FRANKLIN,069,SOYBEANS,"SOYBEANS - YIELD, MEASURED IN BU / ACRE",33.1,BU / ACRE
2015,NC,FRANKLIN,069,SOYBEANS,"SOYBEANS - YIELD, MEASURED IN BU / ACRE",17.8,BU / ACRE
2016,NC,FRANKLIN,069,SOYBEANS,"SOYBEANS - YIELD, MEASURED IN BU / ACRE",22.0,BU / ACRE
2017,NC,FRANKLIN,069,SOYBEANS,"SOYBEANS - YIELD, MEASURED IN BU / ACRE",33.2,BU / ACRE
2018,NC,FRANKLIN,069,SOYBEANS,"SOYBEANS - YIELD, MEASURED IN BU / ACRE",35.7,BU / ACRE
2019,NC,FRANKLIN,069,SOYBEANS,"SOYBEANS - YIELD, MEASURED IN BU / ACRE",22.5,BU / ACRE
2020,NC,FRANKLIN,069,SOYBEANS,"SOYBEANS - YIELD, MEASURED IN BU / ACRE",31.6,BU / ACRE
2021,NC,FRANKLIN,069,SOYBEANS,"SOYBEANS - YIELD, MEASURED IN BU / ACRE",29.1,BU / ACRE
2022,NC,FRANKLIN,069,SOYBEANS,"SOYBEANS - YIELD, MEASURED IN BU / ACRE",33.3,BU / ACRE
2023,NC,FRANKLIN,069,SOYBEANS,"SOYBEANS - YIELD, MEASURED IN BU / ACRE",28.6,BU / ACRE
2024,NC,FRANKLIN,069,SOYBEANS,"SOYBEANS - YIELD, MEASURED IN BU / ACRE",27.3,BU / ACRE
2025,NC,FRANKLIN,069,SOYBEANS,"SOYBEANS - YIELD, MEASURED IN BU / ACRE",22.3,BU / ACRE
2010,NC,GASTON,071,SOYBEANS,"SOYBEANS - YIELD, MEASURED IN BU / ACRE",28.9,BU / ACRE
2011,NC,GASTON,071,SOYBEANS,"SOYBEANS - YIELD, MEASURED IN BU / ACRE",37.3,BU / ACRE
2012,NC,GASTON,071,SOYBEANS,"SOYBEANS - YIELD, MEASURED IN BU / ACRE",39.0,BU / ACRE
2013,NC,GASTON,071,SOYBEANS,"SOYBEANS - YIELD, MEASURED IN BU / ACRE",36.6,BU / ACRE
2014,NC,GASTON,071,SOYBEANS,"SOYBEANS - YIELD, MEASURED IN BU / ACRE",45.0,BU / ACRE
2016,NC,GASTON,071,SOYBEANS,"SOYBEANS - YIELD, MEASURED IN BU / ACRE",35.0,BU / ACRE
2017,NC,GASTON,071,SOYBEANS,"SOYBEANS - YIELD, MEASURED IN BU / ACRE",43.1,BU / ACRE
2019,NC,GASTON,071,SOYBEANS,"SOYBEANS - YIELD, MEASURED IN BU / ACRE",28.5,BU / ACRE
2020,NC,GASTON,071,SOYBEANS,"SOYBEANS - YIELD, MEASURED IN BU / ACRE",35.0,BU / ACRE
2021,NC,GASTON,071,SOYBEANS,"SOYBEANS - YIELD, MEASURED IN BU / ACRE",39.7,BU / ACRE
2022,NC,GASTON,071,SOYBEANS,"SOYBEANS - YIELD, MEASURED IN BU / ACRE",40.0,BU / ACRE
2023,NC,GASTON,071,SOYBEANS,"SOYBEANS - YIELD, MEASURED IN BU / ACRE",31.6,BU / ACRE
2024,NC,GASTON,071,SOYBEANS,"SOYBEANS - YIELD, MEASURED IN BU / ACRE",34.2,BU / ACRE
2010,NC,GATES,073,SOYBEANS,"SOYBEANS - YIELD, MEASURED IN BU / ACRE",31.6,BU / ACRE
2011,NC,GATES,073,SOYBEANS,"SOYBEANS - YIELD, MEASURED IN BU / ACRE",36.8,BU / ACRE
2012,NC,GATES,073,SOYBEANS,"SOYBEANS - YIELD, MEASURED IN BU / ACRE",42.4,BU / ACRE
2013,NC,GATES,073,SOYBEANS,"SOYBEANS - YIELD, MEASURED IN BU / ACRE",38.8,BU / ACRE
2014,NC,GATES,073,SOYBEANS,"SOYBEANS - YIELD, MEASURED IN BU / ACRE",44.4,BU / ACRE
2015,NC,GATES,073,SOYBEANS,"SOYBEANS - YIELD, MEASURED IN BU / ACRE",35.7,BU / ACRE
2016,NC,GATES,073,SOYBEANS,"SOYBEANS - YIELD, MEASURED IN BU / ACRE",40.2,BU / ACRE
2017,NC,GATES,073,SOYBEANS,"SOYBEANS - YIELD, MEASURED IN BU / ACRE",44.8,BU / ACRE
2018,NC,GATES,073,SOYBEANS,"SOYBEANS - YIELD, MEASURED IN BU / ACRE",36.9,BU / ACRE
2019,NC,GATES,073,SOYBEANS,"SOYBEANS - YIELD, MEASURED IN BU / ACRE",44.0,BU / ACRE
2020,NC,GATES,073,SOYBEANS,"SOYBEANS - YIELD, MEASURED IN BU / ACRE",44.2,BU / ACRE
2021,NC,GATES,073,SOYBEANS,"SOYBEANS - YIELD, MEASURED IN BU / ACRE",46.2,BU / ACRE
2022,NC,GATES,073,SOYBEANS,"SOYBEANS - YIELD, MEASURED IN BU / ACRE",39.8,BU / ACRE
2023,NC,GATES,073,SOYBEANS,"SOYBEANS - YIELD, MEASURED IN BU / ACRE",43.8,BU / ACRE
2025,NC,GATES,073,SOYBEANS,"SOYBEANS - YIELD, MEASURED IN BU / ACRE",43.3,BU / ACRE
2010,NC,GRANVILLE,077,SOYBEANS,"SOYBEANS - YIELD, MEASURED IN BU / ACRE",15.3,BU / ACRE
2011,NC,GRANVILLE,077,SOYBEANS,"SOYBEANS - YIELD, MEASURED IN BU / ACRE",29.9,BU / ACRE
2012,NC,GRANVILLE,077,SOYBEANS,"SOYBEANS - YIELD, MEASURED IN BU / ACRE",32.4,BU / ACRE
2013,NC,GRANVILLE,077,SOYBEANS,"SOYBEANS - YIELD, MEASURED IN BU / ACRE",29.5,BU / ACRE
2014,NC,GRANVILLE,077,SOYBEANS,"SOYBEANS - YIELD, MEASURED IN BU / ACRE",30.0,BU / ACRE
2015,NC,GRANVILLE,077,SOYBEANS,"SOYBEANS - YIELD, MEASURED IN BU / ACRE",29.8,BU / ACRE
2016,NC,GRANVILLE,077,SOYBEANS,"SOYBEANS - YIELD, MEASURED IN BU / ACRE",26.0,BU / ACRE
2017,NC,GRANVILLE,077,SOYBEANS,"SOYBEANS - YIELD, MEASURED IN BU / ACRE",27.7,BU / ACRE
2018,NC,GRANVILLE,077,SOYBEANS,"SOYBEANS - YIELD, MEASURED IN BU / ACRE",32.4,BU / ACRE
2019,NC,GRANVILLE,077,SOYBEANS,"SOYBEANS - YIELD, MEASURED IN BU / ACRE",24.1,BU / ACRE
2020,NC,GRANVILLE,077,SOYBEANS,"SOYBEANS - YIELD, MEASURED IN BU / ACRE",34.7,BU / ACRE
2021,NC,GRANVILLE,077,SOYBEANS,"SOYBEANS - YIELD, MEASURED IN BU / ACRE",35.8,BU / ACRE
2022,NC,GRANVILLE,077,SOYBEANS,"SOYBEANS - YIELD, MEASURED IN BU / ACRE",32.9,BU / ACRE
2023,NC,GRANVILLE,077,SOYBEANS,"SOYBEANS - YIELD, MEASURED IN BU / ACRE",28.5,BU / ACRE
2024,NC,GRANVILLE,077,SOYBEANS,"SOYBEANS - YIELD, MEASURED IN BU / ACRE",22.4,BU / ACRE
2025,NC,GRANVILLE,077,SOYBEANS,"SOYBEANS - YIELD, MEASURED IN BU / ACRE",29.7,BU / ACRE
2010,NC,GREENE,079,SOYBEANS,"SOYBEANS - YIELD, MEASURED IN BU / ACRE",19.4,BU / ACRE
2011,NC,GREENE,079,SOYBEANS,"SOYBEANS - YIELD, MEASURED IN BU / ACRE",32.8,BU / ACRE
2012,NC,GREENE,079,SOYBEANS,"SOYBEANS - YIELD, MEASURED IN BU / ACRE",39.3,BU / ACRE
2013,NC,GREENE,079,SOYBEANS,"SOYBEANS - YIELD, MEASURED IN BU / ACRE",34.5,BU / ACRE
2014,NC,GREENE,079,SOYBEANS,"SOYBEANS - YIELD, MEASURED IN BU / ACRE",39.9,BU / ACRE
2015,NC,GREENE,079,SOYBEANS,"SOYBEANS - YIELD, MEASURED IN BU / ACRE",36.0,BU / ACRE
2016,NC,GREENE,079,SOYBEANS,"SOYBEANS - YIELD, MEASURED IN BU / ACRE",39.0,BU / ACRE
2017,NC,GREENE,079,SOYBEANS,"SOYBEANS - YIELD, MEASURED IN BU / ACRE",39.4,BU / ACRE
2018,NC,GREENE,079,SOYBEANS,"SOYBEANS - YIELD, MEASURED IN BU / ACRE",36.6,BU / ACRE
2019,NC,GREENE,079,SOYBEANS,"SOYBEANS - YIELD, MEASURED IN BU / ACRE",36.0,BU / ACRE
2020,NC,GREENE,079,SOYBEANS,"SOYBEANS - YIELD, MEASURED IN BU / ACRE",34.3,BU / ACRE
2021,NC,GREENE,079,SOYBEANS,"SOYBEANS - YIELD, MEASURED IN BU / ACRE",34.9,BU / ACRE
2022,NC,GREENE,079,SOYBEANS,"SOYBEANS - YIELD, MEASURED IN BU / ACRE",40.3,BU / ACRE
2023,NC,GREENE,079,SOYBEANS,"SOYBEANS - YIELD, MEASURED IN BU / ACRE",41.8,BU / ACRE
2024,NC,GREENE,079,SOYBEANS,"SOYBEANS - YIELD, MEASURED IN BU / ACRE",42.4,BU / ACRE
2025,NC,GREENE,079,SOYBEANS,"SOYBEANS - YIELD, MEASURED IN BU / ACRE",34.3,BU / ACRE
2010,NC,GUILFORD,081,SOYBEANS,"SOYBEANS - YIELD, MEASURED IN BU / ACRE",24.5,BU / ACRE
2011,NC,GUILFORD,081,SOYBEANS,"SOYBEANS - YIELD, MEASURED IN BU / ACRE",21.6,BU / ACRE
2012,NC,GUILFORD,081,SOYBEANS,"SOYBEANS - YIELD, MEASURED IN BU / ACRE",43.1,BU / ACRE
2013,NC,GUILFORD,081,SOYBEANS,"SOYBEANS - YIELD, MEASURED IN BU / ACRE",38.0,BU / ACRE
2014,NC,GUILFORD,081,SOYBEANS,"SOYBEANS - YIELD, MEASURED IN BU / ACRE",32.1,BU / ACRE
2016,NC,GUILFORD,081,SOYBEANS,"SOYBEANS - YIELD, MEASURED IN BU / ACRE",30.5,BU / ACRE
2017,NC,GUILFORD,081,SOYBEANS,"SOYBEANS - YIELD, MEASURED IN BU / ACRE",38.9,BU / ACRE
2018,NC,GUILFORD,081,SOYBEANS,"SOYBEANS - YIELD, MEASURED IN BU / ACRE",33.4,BU / ACRE
2019,NC,GUILFORD,081,SOYBEANS,"SOYBEANS - YIELD, MEASURED IN BU / ACRE",28.9,BU / ACRE
2020,NC,GUILFORD,081,SOYBEANS,"SOYBEANS - YIELD, MEASURED IN BU / ACRE",36.0,BU / ACRE
2021,NC,GUILFORD,081,SOYBEANS,"SOYBEANS - YIELD, MEASURED IN BU / ACRE",40.1,BU / ACRE
2022,NC,GUILFORD,081,SOYBEANS,"SOYBEANS - YIELD, MEASURED IN BU / ACRE",36.8,BU / ACRE
2023,NC,GUILFORD,081,SOYBEANS,"SOYBEANS - YIELD, MEASURED IN BU / ACRE",35.3,BU / ACRE
2024,NC,GUILFORD,081,SOYBEANS,"SOYBEANS - YIELD, MEASURED IN BU / ACRE",32.5,BU / ACRE
2025,NC,GUILFORD,081,SOYBEANS,"SOYBEANS - YIELD, MEASURED IN BU / ACRE",31.7,BU / ACRE
2010,NC,HALIFAX,083,SOYBEANS,"SOYBEANS - YIELD, MEASURED IN BU / ACRE",22.5,BU / ACRE
2011,NC,HALIFAX,083,SOYBEANS,"SOYBEANS - YIELD, MEASURED IN BU / ACRE",36.0,BU / ACRE
2012,NC,HALIFAX,083,SOYBEANS,"SOYBEANS - YIELD, MEASURED IN BU / ACRE",37.2,BU / ACRE
2013,NC,HALIFAX,083,SOYBEANS,"SOYBEANS - YIELD, MEASURED IN BU / ACRE",35.2,BU / ACRE
2015,NC,HALIFAX,083,SOYBEANS,"SOYBEANS - YIELD, MEASURED IN BU / ACRE",35.0,BU / ACRE
2016,NC,HALIFAX,083,SOYBEANS,"SOYBEANS - YIELD, MEASURED IN BU / ACRE",37.0,BU / ACRE
2017,NC,HALIFAX,083,SOYBEANS,"SOYBEANS - YIELD, MEASURED IN BU / ACRE",42.0,BU / ACRE
2018,NC,HALIFAX,083,SOYBEANS,"SOYBEANS - YIELD, MEASURED IN BU / ACRE",40.6,BU / ACRE
2019,NC,HALIFAX,083,SOYBEANS,"SOYBEANS - YIELD, MEASURED IN BU / ACRE",35.9,BU / ACRE
2020,NC,HALIFAX,083,SOYBEANS,"SOYBEANS - YIELD, MEASURED IN BU / ACRE",39.2,BU / ACRE
2021,NC,HALIFAX,083,SOYBEANS,"SOYBEANS - YIELD, MEASURED IN BU / ACRE",37.0,BU / ACRE
2022,NC,HALIFAX,083,SOYBEANS,"SOYBEANS - YIELD, MEASURED IN BU / ACRE",36.9,BU / ACRE
2023,NC,HALIFAX,083,SOYBEANS,"SOYBEANS - YIELD, MEASURED IN BU / ACRE",39.1,BU / ACRE
2024,NC,HALIFAX,083,SOYBEANS,"SOYBEANS - YIELD, MEASURED IN BU / ACRE",36.6,BU / ACRE
2010,NC,HARNETT,085,SOYBEANS,"SOYBEANS - YIELD, MEASURED IN BU / ACRE",20.2,BU / ACRE
2011,NC,HARNETT,085,SOYBEANS,"SOYBEANS - YIELD, MEASURED IN BU / ACRE",23.3,BU / ACRE
2012,NC,HARNETT,085,SOYBEANS,"SOYBEANS - YIELD, MEASURED IN BU / ACRE",33.6,BU / ACRE
2013,NC,HARNETT,085,SOYBEANS,"SOYBEANS - YIELD, MEASURED IN BU / ACRE",25.0,BU / ACRE
2014,NC,HARNETT,085,SOYBEANS,"SOYBEANS - YIELD, MEASURED IN BU / ACRE",33.8,BU / ACRE
2015,NC,HARNETT,085,SOYBEANS,"SOYBEANS - YIELD, MEASURED IN BU / ACRE",26.6,BU / ACRE
2016,NC,HARNETT,085,SOYBEANS,"SOYBEANS - YIELD, MEASURED IN BU / ACRE",30.5,BU / ACRE
2017,NC,HARNETT,085,SOYBEANS,"SOYBEANS - YIELD, MEASURED IN BU / ACRE",31.9,BU / ACRE
2018,NC,HARNETT,085,SOYBEANS,"SOYBEANS - YIELD, MEASURED IN BU / ACRE",27.8,BU / ACRE
2019,NC,HARNETT,085,SOYBEANS,"SOYBEANS - YIELD, MEASURED IN BU / ACRE",32.5,BU / ACRE
2020,NC,HARNETT,085,SOYBEANS,"SOYBEANS - YIELD, MEASURED IN BU / ACRE",31.5,BU / ACRE
2021,NC,HARNETT,085,SOYBEANS,"SOYBEANS - YIELD, MEASURED IN BU / ACRE",27.8,BU / ACRE
2022,NC,HARNETT,085,SOYBEANS,"SOYBEANS - YIELD, MEASURED IN BU / ACRE",26.8,BU / ACRE
2023,NC,HARNETT,085,SOYBEANS,"SOYBEANS - YIELD, MEASURED IN BU / ACRE",28.6,BU / ACRE
2024,NC,HARNETT,085,SOYBEANS,"SOYBEANS - YIELD, MEASURED IN BU / ACRE",29.5,BU / ACRE
2025,NC,HARNETT,085,SOYBEANS,"SOYBEANS - YIELD, MEASURED IN BU / ACRE",29.0,BU / ACRE
2012,NC,HENDERSON,089,SOYBEANS,"SOYBEANS - YIELD, MEASURED IN BU / ACRE",53.1,BU / ACRE
2018,NC,HENDERSON,089,SOYBEANS,"SOYBEANS - YIELD, MEASURED IN BU / ACRE",47.5,BU / ACRE
2019,NC,HENDERSON,089,SOYBEANS,"SOYBEANS - YIELD, MEASURED IN BU / ACRE",57.0,BU / ACRE
2022,NC,HENDERSON,089,SOYBEANS,"SOYBEANS - YIELD, MEASURED IN BU / ACRE",44.7,BU / ACRE
2023,NC,HENDERSON,089,SOYBEANS,"SOYBEANS - YIELD, MEASURED IN BU / ACRE",48.8,BU / ACRE
2010,NC,HERTFORD,091,SOYBEANS,"SOYBEANS - YIELD, MEASURED IN BU / ACRE",21.1,BU / ACRE
2011,NC,HERTFORD,091,SOYBEANS,"SOYBEANS - YIELD, MEASURED IN BU / ACRE",34.0,BU / ACRE
2012,NC,HERTFORD,091,SOYBEANS,"SOYBEANS - YIELD, MEASURED IN BU / ACRE",43.0,BU / ACRE
2013,NC,HERTFORD,091,SOYBEANS,"SOYBEANS - YIELD, MEASURED IN BU / ACRE",34.1,BU / ACRE
2014,NC,HERTFORD,091,SOYBEANS,"SOYBEANS - YIELD, MEASURED IN BU / ACRE",45.7,BU / ACRE
2015,NC,HERTFORD,091,SOYBEANS,"SOYBEANS - YIELD, MEASURED IN BU / ACRE",30.3,BU / ACRE
2019,NC,HERTFORD,091,SOYBEANS,"SOYBEANS - YIELD, MEASURED IN BU / ACRE",36.0,BU / ACRE
2020,NC,HERTFORD,091,SOYBEANS,"SOYBEANS - YIELD, MEASURED IN BU / ACRE",39.5,BU / ACRE
2021,NC,HERTFORD,091,SOYBEANS,"SOYBEANS - YIELD, MEASURED IN BU / ACRE",41.7,BU / ACRE
2022,NC,HERTFORD,091,SOYBEANS,"SOYBEANS - YIELD, MEASURED IN BU / ACRE",34.2,BU / ACRE
2023,NC,HERTFORD,091,SOYBEANS,"SOYBEANS - YIELD, MEASURED IN BU / ACRE",35.9,BU / ACRE
2024,NC,HERTFORD,091,SOYBEANS,"SOYBEANS - YIELD, MEASURED IN BU / ACRE",44.3,BU / ACRE
2010,NC,HOKE,093,SOYBEANS,"SOYBEANS - YIELD, MEASURED IN BU / ACRE",20.5,BU / ACRE
2011,NC,HOKE,093,SOYBEANS,"SOYBEANS - YIELD, MEASURED IN BU / ACRE",32.2,BU / ACRE
2012,NC,HOKE,093,SOYBEANS,"SOYBEANS - YIELD, MEASURED IN BU / ACRE",38.0,BU / ACRE
2014,NC,HOKE,093,SOYBEANS,"SOYBEANS - YIELD, MEASURED IN BU / ACRE",35.7,BU / ACRE
2020,NC,HOKE,093,SOYBEANS,"SOYBEANS - YIELD, MEASURED IN BU / ACRE",30.9,BU / ACRE
2010,NC,HYDE,095,SOYBEANS,"SOYBEANS - YIELD, MEASURED IN BU / ACRE",40.4,BU / ACRE
2011,NC,HYDE,095,SOYBEANS,"SOYBEANS - YIELD, MEASURED IN BU / ACRE",24.1,BU / ACRE
2012,NC,HYDE,095,SOYBEANS,"SOYBEANS - YIELD, MEASURED IN BU / ACRE",43.0,BU / ACRE
2013,NC,HYDE,095,SOYBEANS,"SOYBEANS - YIELD, MEASURED IN BU / ACRE",45.7,BU / ACRE
2015,NC,HYDE,095,SOYBEANS,"SOYBEANS - YIELD, MEASURED IN BU / ACRE",41.3,BU / ACRE
2016,NC,HYDE,095,SOYBEANS,"SOYBEANS - YIELD, MEASURED IN BU / ACRE",45.1,BU / ACRE
2017,NC,HYDE,095,SOYBEANS,"SOYBEANS - YIELD, MEASURED IN BU / ACRE",52.1,BU / ACRE
2018,NC,HYDE,095,SOYBEANS,"SOYBEANS - YIELD, MEASURED IN BU / ACRE",41.3,BU / ACRE
2020,NC,HYDE,095,SOYBEANS,"SOYBEANS - YIELD, MEASURED IN BU / ACRE",50.2,BU / ACRE
2021,NC,HYDE,095,SOYBEANS,"SOYBEANS - YIELD, MEASURED IN BU / ACRE",53.2,BU / ACRE
2022,NC,HYDE,095,SOYBEANS,"SOYBEANS - YIELD, MEASURED IN BU / ACRE",50.0,BU / ACRE
2023,NC,HYDE,095,SOYBEANS,"SOYBEANS - YIELD, MEASURED IN BU / ACRE",49.2,BU / ACRE
2024,NC,HYDE,095,SOYBEANS,"SOYBEANS - YIELD, MEASURED IN BU / ACRE",51.4,BU / ACRE
2025,NC,HYDE,095,SOYBEANS,"SOYBEANS - YIELD, MEASURED IN BU / ACRE",45.4,BU / ACRE
2010,NC,IREDELL,097,SOYBEANS,"SOYBEANS - YIELD, MEASURED IN BU / ACRE",36.0,BU / ACRE
2011,NC,IREDELL,097,SOYBEANS,"SOYBEANS - YIELD, MEASURED IN BU / ACRE",40.9,BU / ACRE
2012,NC,IREDELL,097,SOYBEANS,"SOYBEANS - YIELD, MEASURED IN BU / ACRE",48.1,BU / ACRE
2013,NC,IREDELL,097,SOYBEANS,"SOYBEANS - YIELD, MEASURED IN BU / ACRE",44.0,BU / ACRE
2014,NC,IREDELL,097,SOYBEANS,"SOYBEANS - YIELD, MEASURED IN BU / ACRE",43.3,BU / ACRE
2015,NC,IREDELL,097,SOYBEANS,"SOYBEANS - YIELD, MEASURED IN BU / ACRE",28.8,BU / ACRE
2016,NC,IREDELL,097,SOYBEANS,"SOYBEANS - YIELD, MEASURED IN BU / ACRE",36.5,BU / ACRE
2018,NC,IREDELL,097,SOYBEANS,"SOYBEANS - YIELD, MEASURED IN BU / ACRE",45.6,BU / ACRE
2019,NC,IREDELL,097,SOYBEANS,"SOYBEANS - YIELD, MEASURED IN BU / ACRE",39.5,BU / ACRE
2020,NC,IREDELL,097,SOYBEANS,"SOYBEANS - YIELD, MEASURED IN BU / ACRE",46.7,BU / ACRE
2021,NC,IREDELL,097,SOYBEANS,"SOYBEANS - YIELD, MEASURED IN BU / ACRE",44.0,BU / ACRE
2022,NC,IREDELL,097,SOYBEANS,"SOYBEANS - YIELD, MEASURED IN BU / ACRE",49.2,BU / ACRE
2023,NC,IREDELL,097,SOYBEANS,"SOYBEANS - YIELD, MEASURED IN BU / ACRE",44.4,BU / ACRE
2024,NC,IREDELL,097,SOYBEANS,"SOYBEANS - YIELD, MEASURED IN BU / ACRE",37.8,BU / ACRE
2025,NC,IREDELL,097,SOYBEANS,"SOYBEANS - YIELD, MEASURED IN BU / ACRE",45.0,BU / ACRE
2010,NC,JOHNSTON,101,SOYBEANS,"SOYBEANS - YIELD, MEASURED IN BU / ACRE",21.5,BU / ACRE
2011,NC,JOHNSTON,101,SOYBEANS,"SOYBEANS - YIELD, MEASURED IN BU / ACRE",28.2,BU / ACRE
2012,NC,JOHNSTON,101,SOYBEANS,"SOYBEANS - YIELD, MEASURED IN BU / ACRE",34.2,BU / ACRE
2013,NC,JOHNSTON,101,SOYBEANS,"SOYBEANS - YIELD, MEASURED IN BU / ACRE",28.8,BU / ACRE
2014,NC,JOHNSTON,101,SOYBEANS,"SOYBEANS - YIELD, MEASURED IN BU / ACRE",36.8,BU / ACRE
2015,NC,JOHNSTON,101,SOYBEANS,"SOYBEANS - YIELD, MEASURED IN BU / ACRE",24.6,BU / ACRE
2016,NC,JOHNSTON,101,SOYBEANS,"SOYBEANS - YIELD, MEASURED IN BU / ACRE",30.9,BU / ACRE
2017,NC,JOHNSTON,101,SOYBEANS,"SOYBEANS - YIELD, MEASURED IN BU / ACRE",34.2,BU / ACRE
2018,NC,JOHNSTON,101,SOYBEANS,"SOYBEANS - YIELD, MEASURED IN BU / ACRE",29.0,BU / ACRE
2019,NC,JOHNSTON,101,SOYBEANS,"SOYBEANS - YIELD, MEASURED IN BU / ACRE",30.0,BU / ACRE
2020,NC,JOHNSTON,101,SOYBEANS,"SOYBEANS - YIELD, MEASURED IN BU / ACRE",33.1,BU / ACRE
2021,NC,JOHNSTON,101,SOYBEANS,"SOYBEANS - YIELD, MEASURED IN BU / ACRE",31.0,BU / ACRE
2022,NC,JOHNSTON,101,SOYBEANS,"SOYBEANS - YIELD, MEASURED IN BU / ACRE",30.3,BU / ACRE
2023,NC,JOHNSTON,101,SOYBEANS,"SOYBEANS - YIELD, MEASURED IN BU / ACRE",32.1,BU / ACRE
2024,NC,JOHNSTON,101,SOYBEANS,"SOYBEANS - YIELD, MEASURED IN BU / ACRE",36.5,BU / ACRE
2025,NC,JOHNSTON,101,SOYBEANS,"SOYBEANS - YIELD, MEASURED IN BU / ACRE",29.2,BU / ACRE
2010,NC,JONES,103,SOYBEANS,"SOYBEANS - YIELD, MEASURED IN BU / ACRE",27.7,BU / ACRE
2011,NC,JONES,103,SOYBEANS,"SOYBEANS - YIELD, MEASURED IN BU / ACRE",25.0,BU / ACRE
2012,NC,JONES,103,SOYBEANS,"SOYBEANS - YIELD, MEASURED IN BU / ACRE",37.9,BU / ACRE
2013,NC,JONES,103,SOYBEANS,"SOYBEANS - YIELD, MEASURED IN BU / ACRE",37.8,BU / ACRE
2014,NC,JONES,103,SOYBEANS,"SOYBEANS - YIELD, MEASURED IN BU / ACRE",39.9,BU / ACRE
2015,NC,JONES,103,SOYBEANS,"SOYBEANS - YIELD, MEASURED IN BU / ACRE",37.2,BU / ACRE
2019,NC,JONES,103,SOYBEANS,"SOYBEANS - YIELD, MEASURED IN BU / ACRE",33.5,BU / ACRE
2020,NC,JONES,103,SOYBEANS,"SOYBEANS - YIELD, MEASURED IN BU / ACRE",31.9,BU / ACRE
2021,NC,JONES,103,SOYBEANS,"SOYBEANS - YIELD, MEASURED IN BU / ACRE",38.8,BU / ACRE
2022,NC,JONES,103,SOYBEANS,"SOYBEANS - YIELD, MEASURED IN BU / ACRE",44.3,BU / ACRE
2023,NC,JONES,103,SOYBEANS,"SOYBEANS - YIELD, MEASURED IN BU / ACRE",44.7,BU / ACRE
2010,NC,LEE,105,SOYBEANS,"SOYBEANS - YIELD, MEASURED IN BU / ACRE",11.5,BU / ACRE
2011,NC,LEE,105,SOYBEANS,"SOYBEANS - YIELD, MEASURED IN BU / ACRE",24.0,BU / ACRE
2012,NC,LEE,105,SOYBEANS,"SOYBEANS - YIELD, MEASURED IN BU / ACRE",29.0,BU / ACRE
2013,NC,LEE,105,SOYBEANS,"SOYBEANS - YIELD, MEASURED IN BU / ACRE",24.0,BU / ACRE
2014,NC,LEE,105,SOYBEANS,"SOYBEANS - YIELD, MEASURED IN BU / ACRE",37.1,BU / ACRE
2015,NC,LEE,105,SOYBEANS,"SOYBEANS - YIELD, MEASURED IN BU / ACRE",17.6,BU / ACRE
2016,NC,LEE,105,SOYBEANS,"SOYBEANS - YIELD, MEASURED IN BU / ACRE",25.5,BU / ACRE
2019,NC,LEE,105,SOYBEANS,"SOYBEANS - YIELD, MEASURED IN BU / ACRE",22.1,BU / ACRE
2020,NC,LEE,105,SOYBEANS,"SOYBEANS - YIELD, MEASURED IN BU / ACRE",31.3,BU / ACRE
2021,NC,LEE,105,SOYBEANS,"SOYBEANS - YIELD, MEASURED IN BU / ACRE",35.2,BU / ACRE
2022,NC,LEE,105,SOYBEANS,"SOYBEANS - YIELD, MEASURED IN BU / ACRE",36.7,BU / ACRE
2023,NC,LEE,105,SOYBEANS,"SOYBEANS - YIELD, MEASURED IN BU / ACRE",18.2,BU / ACRE
2024,NC,LEE,105,SOYBEANS,"SOYBEANS - YIELD, MEASURED IN BU / ACRE",33.2,BU / ACRE
2010,NC,LENOIR,107,SOYBEANS,"SOYBEANS - YIELD, MEASURED IN BU / ACRE",24.6,BU / ACRE
2011,NC,LENOIR,107,SOYBEANS,"SOYBEANS - YIELD, MEASURED IN BU / ACRE",26.0,BU / ACRE
2012,NC,LENOIR,107,SOYBEANS,"SOYBEANS - YIELD, MEASURED IN BU / ACRE",37.8,BU / ACRE
2013,NC,LENOIR,107,SOYBEANS,"SOYBEANS - YIELD, MEASURED IN BU / ACRE",31.2,BU / ACRE
2014,NC,LENOIR,107,SOYBEANS,"SOYBEANS - YIELD, MEASURED IN BU / ACRE",36.5,BU / ACRE
2015,NC,LENOIR,107,SOYBEANS,"SOYBEANS - YIELD, MEASURED IN BU / ACRE",34.8,BU / ACRE
2016,NC,LENOIR,107,SOYBEANS,"SOYBEANS - YIELD, MEASURED IN BU / ACRE",37.3,BU / ACRE
2017,NC,LENOIR,107,SOYBEANS,"SOYBEANS - YIELD, MEASURED IN BU / ACRE",39.8,BU / ACRE
2018,NC,LENOIR,107,SOYBEANS,"SOYBEANS - YIELD, MEASURED IN BU / ACRE",27.6,BU / ACRE
2019,NC,LENOIR,107,SOYBEANS,"SOYBEANS - YIELD, MEASURED IN BU / ACRE",36.0,BU / ACRE
2020,NC,LENOIR,107,SOYBEANS,"SOYBEANS - YIELD, MEASURED IN BU / ACRE",35.6,BU / ACRE
2021,NC,LENOIR,107,SOYBEANS,"SOYBEANS - YIELD, MEASURED IN BU / ACRE",39.1,BU / ACRE
2022,NC,LENOIR,107,SOYBEANS,"SOYBEANS - YIELD, MEASURED IN BU / ACRE",40.7,BU / ACRE
2023,NC,LENOIR,107,SOYBEANS,"SOYBEANS - YIELD, MEASURED IN BU / ACRE",40.1,BU / ACRE
2024,NC,LENOIR,107,SOYBEANS,"SOYBEANS - YIELD, MEASURED IN BU / ACRE",41.1,BU / ACRE
2025,NC,LENOIR,107,SOYBEANS,"SOYBEANS - YIELD, MEASURED IN BU / ACRE",30.7,BU / ACRE
2010,NC,LINCOLN,109,SOYBEANS,"SOYBEANS - YIELD, MEASURED IN BU / ACRE",25.2,BU / ACRE
2011,NC,LINCOLN,109,SOYBEANS,"SOYBEANS - YIELD, MEASURED IN BU / ACRE",31.1,BU / ACRE
2012,NC,LINCOLN,109,SOYBEANS,"SOYBEANS - YIELD, MEASURED IN BU / ACRE",41.0,BU / ACRE
2013,NC,LINCOLN,109,SOYBEANS,"SOYBEANS - YIELD, MEASURED IN BU / ACRE",35.4,BU / ACRE
2014,NC,LINCOLN,109,SOYBEANS,"SOYBEANS - YIELD, MEASURED IN BU / ACRE",35.8,BU / ACRE
2015,NC,LINCOLN,109,SOYBEANS,"SOYBEANS - YIELD, MEASURED IN BU / ACRE",19.3,BU / ACRE
2016,NC,LINCOLN,109,SOYBEANS,"SOYBEANS - YIELD, MEASURED IN BU / ACRE",26.5,BU / ACRE
2017,NC,LINCOLN,109,SOYBEANS,"SOYBEANS - YIELD, MEASURED IN BU / ACRE",41.8,BU / ACRE
2018,NC,LINCOLN,109,SOYBEANS,"SOYBEANS - YIELD, MEASURED IN BU / ACRE",32.0,BU / ACRE
2019,NC,LINCOLN,109,SOYBEANS,"SOYBEANS - YIELD, MEASURED IN BU / ACRE",27.0,BU / ACRE
2020,NC,LINCOLN,109,SOYBEANS,"SOYBEANS - YIELD, MEASURED IN BU / ACRE",42.0,BU / ACRE
2021,NC,LINCOLN,109,SOYBEANS,"SOYBEANS - YIELD, MEASURED IN BU / ACRE",32.4,BU / ACRE
2022,NC,LINCOLN,109,SOYBEANS,"SOYBEANS - YIELD, MEASURED IN BU / ACRE",40.3,BU / ACRE
2023,NC,LINCOLN,109,SOYBEANS,"SOYBEANS - YIELD, MEASURED IN BU / ACRE",37.2,BU / ACRE
2024,NC,LINCOLN,109,SOYBEANS,"SOYBEANS - YIELD, MEASURED IN BU / ACRE",30.4,BU / ACRE
2025,NC,LINCOLN,109,SOYBEANS,"SOYBEANS - YIELD, MEASURED IN BU / ACRE",40.0,BU / ACRE
2010,NC,MARTIN,117,SOYBEANS,"SOYBEANS - YIELD, MEASURED IN BU / ACRE",25.0,BU / ACRE
2013,NC,MARTIN,117,SOYBEANS,"SOYBEANS - YIELD, MEASURED IN BU / ACRE",36.8,BU / ACRE
2014,NC,MARTIN,117,SOYBEANS,"SOYBEANS - YIELD, MEASURED IN BU / ACRE",38.7,BU / ACRE
2015,NC,MARTIN,117,SOYBEANS,"SOYBEANS - YIELD, MEASURED IN BU / ACRE",30.0,BU / ACRE
2016,NC,MARTIN,117,SOYBEANS,"SOYBEANS - YIELD, MEASURED IN BU / ACRE",35.2,BU / ACRE
2017,NC,MARTIN,117,SOYBEANS,"SOYBEANS - YIELD, MEASURED IN BU / ACRE",40.4,BU / ACRE
2018,NC,MARTIN,117,SOYBEANS,"SOYBEANS - YIELD, MEASURED IN BU / ACRE",35.9,BU / ACRE
2019,NC,MARTIN,117,SOYBEANS,"SOYBEANS - YIELD, MEASURED IN BU / ACRE",39.0,BU / ACRE
2020,NC,MARTIN,117,SOYBEANS,"SOYBEANS - YIELD, MEASURED IN BU / ACRE",36.9,BU / ACRE
2021,NC,MARTIN,117,SOYBEANS,"SOYBEANS - YIELD, MEASURED IN BU / ACRE",38.9,BU / ACRE
2022,NC,MARTIN,117,SOYBEANS,"SOYBEANS - YIELD, MEASURED IN BU / ACRE",36.4,BU / ACRE
2023,NC,MARTIN,117,SOYBEANS,"SOYBEANS - YIELD, MEASURED IN BU / ACRE",35.3,BU / ACRE
2024,NC,MARTIN,117,SOYBEANS,"SOYBEANS - YIELD, MEASURED IN BU / ACRE",38.2,BU / ACRE
2025,NC,MARTIN,117,SOYBEANS,"SOYBEANS - YIELD, MEASURED IN BU / ACRE",31.1,BU / ACRE
2010,NC,MECKLENBURG,119,SOYBEANS,"SOYBEANS - YIELD, MEASURED IN BU / ACRE",33.1,BU / ACRE
2011,NC,MECKLENBURG,119,SOYBEANS,"SOYBEANS - YIELD, MEASURED IN BU / ACRE",33.6,BU / ACRE
2012,NC,MECKLENBURG,119,SOYBEANS,"SOYBEANS - YIELD, MEASURED IN BU / ACRE",44.5,BU / ACRE
2013,NC,MECKLENBURG,119,SOYBEANS,"SOYBEANS - YIELD, MEASURED IN BU / ACRE",26.5,BU / ACRE
2020,NC,MECKLENBURG,119,SOYBEANS,"SOYBEANS - YIELD, MEASURED IN BU / ACRE",33.3,BU / ACRE
2012,NC,MONTGOMERY,123,SOYBEANS,"SOYBEANS - YIELD, MEASURED IN BU / ACRE",32.7,BU / ACRE
2013,NC,MONTGOMERY,123,SOYBEANS,"SOYBEANS - YIELD, MEASURED IN BU / ACRE",30.6,BU / ACRE
2015,NC,MONTGOMERY,123,SOYBEANS,"SOYBEANS - YIELD, MEASURED IN BU / ACRE",31.9,BU / ACRE
2021,NC,MONTGOMERY,123,SOYBEANS,"SOYBEANS - YIELD, MEASURED IN BU / ACRE",37.1,BU / ACRE
2010,NC,MOORE,125,SOYBEANS,"SOYBEANS - YIELD, MEASURED IN BU / ACRE",17.1,BU / ACRE
2011,NC,MOORE,125,SOYBEANS,"SOYBEANS - YIELD, MEASURED IN BU / ACRE",23.9,BU / ACRE
2012,NC,MOORE,125,SOYBEANS,"SOYBEANS - YIELD, MEASURED IN BU / ACRE",38.9,BU / ACRE
2013,NC,MOORE,125,SOYBEANS,"SOYBEANS - YIELD, MEASURED IN BU / ACRE",20.5,BU / ACRE
2014,NC,MOORE,125,SOYBEANS,"SOYBEANS - YIELD, MEASURED IN BU / ACRE",32.9,BU / ACRE
2015,NC,MOORE,125,SOYBEANS,"SOYBEANS - YIELD, MEASURED IN BU / ACRE",24.0,BU / ACRE
2017,NC,MOORE,125,SOYBEANS,"SOYBEANS - YIELD, MEASURED IN BU / ACRE",23.8,BU / ACRE
2018,NC,MOORE,125,SOYBEANS,"SOYBEANS - YIELD, MEASURED IN BU / ACRE",23.5,BU / ACRE
2019,NC,MOORE,125,SOYBEANS,"SOYBEANS - YIELD, MEASURED IN BU / ACRE",32.0,BU / ACRE
2020,NC,MOORE,125,SOYBEANS,"SOYBEANS - YIELD, MEASURED IN BU / ACRE",30.0,BU / ACRE
2021,NC,MOORE,125,SOYBEANS,"SOYBEANS - YIELD, MEASURED IN BU / ACRE",29.5,BU / ACRE
2022,NC,MOORE,125,SOYBEANS,"SOYBEANS - YIELD, MEASURED IN BU / ACRE",25.7,BU / ACRE
2023,NC,MOORE,125,SOYBEANS,"SOYBEANS - YIELD, MEASURED IN BU / ACRE",28.4,BU / ACRE
2024,NC,MOORE,125,SOYBEANS,"SOYBEANS - YIELD, MEASURED IN BU / ACRE",25.3,BU / ACRE
2025,NC,MOORE,125,SOYBEANS,"SOYBEANS - YIELD, MEASURED IN BU / ACRE",18.3,BU / ACRE
2010,NC,NASH,127,SOYBEANS,"SOYBEANS - YIELD, MEASURED IN BU / ACRE",17.0,BU / ACRE
2011,NC,NASH,127,SOYBEANS,"SOYBEANS - YIELD, MEASURED IN BU / ACRE",32.0,BU / ACRE
2012,NC,NASH,127,SOYBEANS,"SOYBEANS - YIELD, MEASURED IN BU / ACRE",38.5,BU / ACRE
2013,NC,NASH,127,SOYBEANS,"SOYBEANS - YIELD, MEASURED IN BU / ACRE",31.3,BU / ACRE
2014,NC,NASH,127,SOYBEANS,"SOYBEANS - YIELD, MEASURED IN BU / ACRE",36.8,BU / ACRE
2015,NC,NASH,127,SOYBEANS,"SOYBEANS - YIELD, MEASURED IN BU / ACRE",23.5,BU / ACRE
2016,NC,NASH,127,SOYBEANS,"SOYBEANS - YIELD, MEASURED IN BU / ACRE",26.1,BU / ACRE
2017,NC,NASH,127,SOYBEANS,"SOYBEANS - YIELD, MEASURED IN BU / ACRE",36.5,BU / ACRE
2018,NC,NASH,127,SOYBEANS,"SOYBEANS - YIELD, MEASURED IN BU / ACRE",32.8,BU / ACRE
2019,NC,NASH,127,SOYBEANS,"SOYBEANS - YIELD, MEASURED IN BU / ACRE",29.0,BU / ACRE
2020,NC,NASH,127,SOYBEANS,"SOYBEANS - YIELD, MEASURED IN BU / ACRE",35.8,BU / ACRE
2021,NC,NASH,127,SOYBEANS,"SOYBEANS - YIELD, MEASURED IN BU / ACRE",36.3,BU / ACRE
2022,NC,NASH,127,SOYBEANS,"SOYBEANS - YIELD, MEASURED IN BU / ACRE",37.1,BU / ACRE
2023,NC,NASH,127,SOYBEANS,"SOYBEANS - YIELD, MEASURED IN BU / ACRE",33.6,BU / ACRE
2024,NC,NASH,127,SOYBEANS,"SOYBEANS - YIELD, MEASURED IN BU / ACRE",35.7,BU / ACRE
2025,NC,NASH,127,SOYBEANS,"SOYBEANS - YIELD, MEASURED IN BU / ACRE",34.2,BU / ACRE
2010,NC,NORTHAMPTON,131,SOYBEANS,"SOYBEANS - YIELD, MEASURED IN BU / ACRE",17.6,BU / ACRE
2011,NC,NORTHAMPTON,131,SOYBEANS,"SOYBEANS - YIELD, MEASURED IN BU / ACRE",37.2,BU / ACRE
2012,NC,NORTHAMPTON,131,SOYBEANS,"SOYBEANS - YIELD, MEASURED IN BU / ACRE",45.3,BU / ACRE
2013,NC,NORTHAMPTON,131,SOYBEANS,"SOYBEANS - YIELD, MEASURED IN BU / ACRE",28.6,BU / ACRE
2014,NC,NORTHAMPTON,131,SOYBEANS,"SOYBEANS - YIELD, MEASURED IN BU / ACRE",42.0,BU / ACRE
2015,NC,NORTHAMPTON,131,SOYBEANS,"SOYBEANS - YIELD, MEASURED IN BU / ACRE",30.9,BU / ACRE
2016,NC,NORTHAMPTON,131,SOYBEANS,"SOYBEANS - YIELD, MEASURED IN BU / ACRE",35.0,BU / ACRE
2017,NC,NORTHAMPTON,131,SOYBEANS,"SOYBEANS - YIELD, MEASURED IN BU / ACRE",42.0,BU / ACRE
2019,NC,NORTHAMPTON,131,SOYBEANS,"SOYBEANS - YIELD, MEASURED IN BU / ACRE",33.9,BU / ACRE
2020,NC,NORTHAMPTON,131,SOYBEANS,"SOYBEANS - YIELD, MEASURED IN BU / ACRE",38.5,BU / ACRE
2021,NC,NORTHAMPTON,131,SOYBEANS,"SOYBEANS - YIELD, MEASURED IN BU / ACRE",44.9,BU / ACRE
2022,NC,NORTHAMPTON,131,SOYBEANS,"SOYBEANS - YIELD, MEASURED IN BU / ACRE",34.9,BU / ACRE
2023,NC,NORTHAMPTON,131,SOYBEANS,"SOYBEANS - YIELD, MEASURED IN BU / ACRE",34.9,BU / ACRE
2024,NC,NORTHAMPTON,131,SOYBEANS,"SOYBEANS - YIELD, MEASURED IN BU / ACRE",39.3,BU / ACRE
2025,NC,NORTHAMPTON,131,SOYBEANS,"SOYBEANS - YIELD, MEASURED IN BU / ACRE",40.1,BU / ACRE
2010,NC,ONSLOW,133,SOYBEANS,"SOYBEANS - YIELD, MEASURED IN BU / ACRE",29.4,BU / ACRE
2011,NC,ONSLOW,133,SOYBEANS,"SOYBEANS - YIELD, MEASURED IN BU / ACRE",28.3,BU / ACRE
2012,NC,ONSLOW,133,SOYBEANS,"SOYBEANS - YIELD, MEASURED IN BU / ACRE",41.4,BU / ACRE
2013,NC,ONSLOW,133,SOYBEANS,"SOYBEANS - YIELD, MEASURED IN BU / ACRE",36.0,BU / ACRE
2014,NC,ONSLOW,133,SOYBEANS,"SOYBEANS - YIELD, MEASURED IN BU / ACRE",38.7,BU / ACRE
2015,NC,ONSLOW,133,SOYBEANS,"SOYBEANS - YIELD, MEASURED IN BU / ACRE",33.8,BU / ACRE
2018,NC,ONSLOW,133,SOYBEANS,"SOYBEANS - YIELD, MEASURED IN BU / ACRE",18.4,BU / ACRE
2019,NC,ONSLOW,133,SOYBEANS,"SOYBEANS - YIELD, MEASURED IN BU / ACRE",36.0,BU / ACRE
2020,NC,ONSLOW,133,SOYBEANS,"SOYBEANS - YIELD, MEASURED IN BU / ACRE",34.7,BU / ACRE
2021,NC,ONSLOW,133,SOYBEANS,"SOYBEANS - YIELD, MEASURED IN BU / ACRE",38.7,BU / ACRE
2022,NC,ONSLOW,133,SOYBEANS,"SOYBEANS - YIELD, MEASURED IN BU / ACRE",36.0,BU / ACRE
2023,NC,ONSLOW,133,SOYBEANS,"SOYBEANS - YIELD, MEASURED IN BU / ACRE",40.4,BU / ACRE
2024,NC,ONSLOW,133,SOYBEANS,"SOYBEANS - YIELD, MEASURED IN BU / ACRE",33.5,BU / ACRE
2025,NC,ONSLOW,133,SOYBEANS,"SOYBEANS - YIELD, MEASURED IN BU / ACRE",30.4,BU / ACRE
2010,NC,ORANGE,135,SOYBEANS,"SOYBEANS - YIELD, MEASURED IN BU / ACRE",24.2,BU / ACRE
2011,NC,ORANGE,135,SOYBEANS,"SOYBEANS - YIELD, MEASURED IN BU / ACRE",24.8,BU / ACRE
2012,NC,ORANGE,135,SOYBEANS,"SOYBEANS - YIELD, MEASURED IN BU / ACRE",37.9,BU / ACRE
2013,NC,ORANGE,135,SOYBEANS,"SOYBEANS - YIELD, MEASURED IN BU / ACRE",36.0,BU / ACRE
2014,NC,ORANGE,135,SOYBEANS,"SOYBEANS - YIELD, MEASURED IN BU / ACRE",37.6,BU / ACRE
2015,NC,ORANGE,135,SOYBEANS,"SOYBEANS - YIELD, MEASURED IN BU / ACRE",32.4,BU / ACRE
2016,NC,ORANGE,135,SOYBEANS,"SOYBEANS - YIELD, MEASURED IN BU / ACRE",35.7,BU / ACRE
2017,NC,ORANGE,135,SOYBEANS,"SOYBEANS - YIELD, MEASURED IN BU / ACRE",38.1,BU / ACRE
2018,NC,ORANGE,135,SOYBEANS,"SOYBEANS - YIELD, MEASURED IN BU / ACRE",33.8,BU / ACRE
2020,NC,ORANGE,135,SOYBEANS,"SOYBEANS - YIELD, MEASURED IN BU / ACRE",42.6,BU / ACRE
2021,NC,ORANGE,135,SOYBEANS,"SOYBEANS - YIELD, MEASURED IN BU / ACRE",45.4,BU / ACRE
2022,NC,ORANGE,135,SOYBEANS,"SOYBEANS - YIELD, MEASURED IN BU / ACRE",38.1,BU / ACRE
2023,NC,ORANGE,135,SOYBEANS,"SOYBEANS - YIELD, MEASURED IN BU / ACRE",36.6,BU / ACRE
2024,NC,ORANGE,135,SOYBEANS,"SOYBEANS - YIELD, MEASURED IN BU / ACRE",38.1,BU / ACRE
2025,NC,ORANGE,135,SOYBEANS,"SOYBEANS - YIELD, MEASURED IN BU / ACRE",40.6,BU / ACRE
2010,NC,OTHER (COMBINED) COUNTIES,998,SOYBEANS,"SOYBEANS - YIELD, MEASURED IN BU / ACRE",25.8,BU / ACRE
2010,NC,OTHER (COMBINED) COUNTIES,998,SOYBEANS,"SOYBEANS - YIELD, MEASURED IN BU / ACRE",34.6,BU / ACRE
2010,NC,OTHER (COMBINED) COUNTIES,998,SOYBEANS,"SOYBEANS - YIELD, MEASURED IN BU / ACRE",29.5,BU / ACRE
2010,NC,OTHER (COMBINED) COUNTIES,998,SOYBEANS,"SOYBEANS - YIELD, MEASURED IN BU / ACRE",32.5,BU / ACRE
2010,NC,OTHER (COMBINED) COUNTIES,998,SOYBEANS,"SOYBEANS - YIELD, MEASURED IN BU / ACRE",29.4,BU / ACRE
2011,NC,OTHER (COMBINED) COUNTIES,998,SOYBEANS,"SOYBEANS - YIELD, MEASURED IN BU / ACRE",33.8,BU / ACRE
2011,NC,OTHER (COMBINED) COUNTIES,998,SOYBEANS,"SOYBEANS - YIELD, MEASURED IN BU / ACRE",37.6,BU / ACRE
2011,NC,OTHER (COMBINED) COUNTIES,998,SOYBEANS,"SOYBEANS - YIELD, MEASURED IN BU / ACRE",30.0,BU / ACRE
2011,NC,OTHER (COMBINED) COUNTIES,998,SOYBEANS,"SOYBEANS - YIELD, MEASURED IN BU / ACRE",31.4,BU / ACRE
2011,NC,OTHER (COMBINED) COUNTIES,998,SOYBEANS,"SOYBEANS - YIELD, MEASURED IN BU / ACRE",32.6,BU / ACRE
2011,NC,OTHER (COMBINED) COUNTIES,998,SOYBEANS,"SOYBEANS - YIELD, MEASURED IN BU / ACRE",26.4,BU / ACRE
2012,NC,OTHER (COMBINED) COUNTIES,998,SOYBEANS,"SOYBEANS - YIELD, MEASURED IN BU / ACRE",38.3,BU / ACRE
2012,NC,OTHER (COMBINED) COUNTIES,998,SOYBEANS,"SOYBEANS - YIELD, MEASURED IN BU / ACRE",41.6,BU / ACRE
2012,NC,OTHER (COMBINED) COUNTIES,998,SOYBEANS,"SOYBEANS - YIELD, MEASURED IN BU / ACRE",28.3,BU / ACRE
2012,NC,OTHER (COMBINED) COUNTIES,998,SOYBEANS,"SOYBEANS - YIELD, MEASURED IN BU / ACRE",40.7,BU / ACRE
2012,NC,OTHER (COMBINED) COUNTIES,998,SOYBEANS,"SOYBEANS - YIELD, MEASURED IN BU / ACRE",41.5,BU / ACRE
2012,NC,OTHER (COMBINED) COUNTIES,998,SOYBEANS,"SOYBEANS - YIELD, MEASURED IN BU / ACRE",37.5,BU / ACRE
2013,NC,OTHER (COMBINED) COUNTIES,998,SOYBEANS,"SOYBEANS - YIELD, MEASURED IN BU / ACRE",38.8,BU / ACRE
2013,NC,OTHER (COMBINED) COUNTIES,998,SOYBEANS,"SOYBEANS - YIELD, MEASURED IN BU / ACRE",43.5,BU / ACRE
2013,NC,OTHER (COMBINED) COUNTIES,998,SOYBEANS,"SOYBEANS - YIELD, MEASURED IN BU / ACRE",30.2,BU / ACRE
2013,NC,OTHER (COMBINED) COUNTIES,998,SOYBEANS,"SOYBEANS - YIELD, MEASURED IN BU / ACRE",41.4,BU / ACRE
2013,NC,OTHER (COMBINED) COUNTIES,998,SOYBEANS,"SOYBEANS - YIELD, MEASURED IN BU / ACRE",44.2,BU / ACRE
2013,NC,OTHER (COMBINED) COUNTIES,998,SOYBEANS,"SOYBEANS - YIELD, MEASURED IN BU / ACRE",26.2,BU / ACRE
2014,NC,OTHER (COMBINED) COUNTIES,998,SOYBEANS,"SOYBEANS - YIELD, MEASURED IN BU / ACRE",43.6,BU / ACRE
2014,NC,OTHER (COMBINED) COUNTIES,998,SOYBEANS,"SOYBEANS - YIELD, MEASURED IN BU / ACRE",51.7,BU / ACRE
2014,NC,OTHER (COMBINED) COUNTIES,998,SOYBEANS,"SOYBEANS - YIELD, MEASURED IN BU / ACRE",33.0,BU / ACRE
2014,NC,OTHER (COMBINED) COUNTIES,998,SOYBEANS,"SOYBEANS - YIELD, MEASURED IN BU / ACRE",43.6,BU / ACRE
2014,NC,OTHER (COMBINED) COUNTIES,998,SOYBEANS,"SOYBEANS - YIELD, MEASURED IN BU / ACRE",44.3,BU / ACRE
2014,NC,OTHER (COMBINED) COUNTIES,998,SOYBEANS,"SOYBEANS - YIELD, MEASURED IN BU / ACRE",45.6,BU / ACRE
2014,NC,OTHER (COMBINED) COUNTIES,998,SOYBEANS,"SOYBEANS - YIELD, MEASURED IN BU / ACRE",36.2,BU / ACRE
2015,NC,OTHER (COMBINED) COUNTIES,998,SOYBEANS,"SOYBEANS - YIELD, MEASURED IN BU / ACRE",37.3,BU / ACRE
2015,NC,OTHER (COMBINED) COUNTIES,998,SOYBEANS,"SOYBEANS - YIELD, MEASURED IN BU / ACRE",44.1,BU / ACRE
2015,NC,OTHER (COMBINED) COUNTIES,998,SOYBEANS,"SOYBEANS - YIELD, MEASURED IN BU / ACRE",28.9,BU / ACRE
2015,NC,OTHER (COMBINED) COUNTIES,998,SOYBEANS,"SOYBEANS - YIELD, MEASURED IN BU / ACRE",24.0,BU / ACRE
2015,NC,OTHER (COMBINED) COUNTIES,998,SOYBEANS,"SOYBEANS - YIELD, MEASURED IN BU / ACRE",23.8,BU / ACRE
2015,NC,OTHER (COMBINED) COUNTIES,998,SOYBEANS,"SOYBEANS - YIELD, MEASURED IN BU / ACRE",39.6,BU / ACRE
2015,NC,OTHER (COMBINED) COUNTIES,998,SOYBEANS,"SOYBEANS - YIELD, MEASURED IN BU / ACRE",33.2,BU / ACRE
2015,NC,OTHER (COMBINED) COUNTIES,998,SOYBEANS,"SOYBEANS - YIELD, MEASURED IN BU / ACRE",32.0,BU / ACRE
2016,NC,OTHER (COMBINED) COUNTIES,998,SOYBEANS,"SOYBEANS - YIELD, MEASURED IN BU / ACRE",36.7,BU / ACRE
2016,NC,OTHER (COMBINED) COUNTIES,998,SOYBEANS,"SOYBEANS - YIELD, MEASURED IN BU / ACRE",49.4,BU / ACRE
2016,NC,OTHER (COMBINED) COUNTIES,998,SOYBEANS,"SOYBEANS - YIELD, MEASURED IN BU / ACRE",30.7,BU / ACRE
2016,NC,OTHER (COMBINED) COUNTIES,998,SOYBEANS,"SOYBEANS - YIELD, MEASURED IN BU / ACRE",35.1,BU / ACRE
2016,NC,OTHER (COMBINED) COUNTIES,998,SOYBEANS,"SOYBEANS - YIELD, MEASURED IN BU / ACRE",29.6,BU / ACRE
2016,NC,OTHER (COMBINED) COUNTIES,998,SOYBEANS,"SOYBEANS - YIELD, MEASURED IN BU / ACRE",41.0,BU / ACRE
2016,NC,OTHER (COMBINED) COUNTIES,998,SOYBEANS,"SOYBEANS - YIELD, MEASURED IN BU / ACRE",39.8,BU / ACRE
2016,NC,OTHER (COMBINED) COUNTIES,998,SOYBEANS,"SOYBEANS - YIELD, MEASURED IN BU / ACRE",31.5,BU / ACRE
2017,NC,OTHER (COMBINED) COUNTIES,998,SOYBEANS,"SOYBEANS - YIELD, MEASURED IN BU / ACRE",44.7,BU / ACRE
2017,NC,OTHER (COMBINED) COUNTIES,998,SOYBEANS,"SOYBEANS - YIELD, MEASURED IN BU / ACRE",44.9,BU / ACRE
2017,NC,OTHER (COMBINED) COUNTIES,998,SOYBEANS,"SOYBEANS - YIELD, MEASURED IN BU / ACRE",35.3,BU / ACRE
2017,NC,OTHER (COMBINED) COUNTIES,998,SOYBEANS,"SOYBEANS - YIELD, MEASURED IN BU / ACRE",41.5,BU / ACRE
2017,NC,OTHER (COMBINED) COUNTIES,998,SOYBEANS,"SOYBEANS - YIELD, MEASURED IN BU / ACRE",31.4,BU / ACRE
2017,NC,OTHER (COMBINED) COUNTIES,998,SOYBEANS,"SOYBEANS - YIELD, MEASURED IN BU / ACRE",42.6,BU / ACRE
2017,NC,OTHER (COMBINED) COUNTIES,998,SOYBEANS,"SOYBEANS - YIELD, MEASURED IN BU / ACRE",42.2,BU / ACRE
2017,NC,OTHER (COMBINED) COUNTIES,998,SOYBEANS,"SOYBEANS - YIELD, MEASURED IN BU / ACRE",38.4,BU / ACRE
2018,NC,OTHER (COMBINED) COUNTIES,998,SOYBEANS,"SOYBEANS - YIELD, MEASURED IN BU / ACRE",42.8,BU / ACRE
2018,NC,OTHER (COMBINED) COUNTIES,998,SOYBEANS,"SOYBEANS - YIELD, MEASURED IN BU / ACRE",38.7,BU / ACRE
2018,NC,OTHER (COMBINED) COUNTIES,998,SOYBEANS,"SOYBEANS - YIELD, MEASURED IN BU / ACRE",31.4,BU / ACRE
2018,NC,OTHER (COMBINED) COUNTIES,998,SOYBEANS,"SOYBEANS - YIELD, MEASURED IN BU / ACRE",34.1,BU / ACRE
2018,NC,OTHER (COMBINED) COUNTIES,998,SOYBEANS,"SOYBEANS - YIELD, MEASURED IN BU / ACRE",31.4,BU / ACRE
2018,NC,OTHER (COMBINED) COUNTIES,998,SOYBEANS,"SOYBEANS - YIELD, MEASURED IN BU / ACRE",35.3,BU / ACRE
2018,NC,OTHER (COMBINED) COUNTIES,998,SOYBEANS,"SOYBEANS - YIELD, MEASURED IN BU / ACRE",19.6,BU / ACRE
2018,NC,OTHER (COMBINED) COUNTIES,998,SOYBEANS,"SOYBEANS - YIELD, MEASURED IN BU / ACRE",21.9,BU / ACRE
2019,NC,OTHER (COMBINED) COUNTIES,998,SOYBEANS,"SOYBEANS - YIELD, MEASURED IN BU / ACRE",41.0,BU / ACRE
2019,NC,OTHER (COMBINED) COUNTIES,998,SOYBEANS,"SOYBEANS - YIELD, MEASURED IN BU / ACRE",45.2,BU / ACRE
2019,NC,OTHER (COMBINED) COUNTIES,998,SOYBEANS,"SOYBEANS - YIELD, MEASURED IN BU / ACRE",29.6,BU / ACRE
2019,NC,OTHER (COMBINED) COUNTIES,998,SOYBEANS,"SOYBEANS - YIELD, MEASURED IN BU / ACRE",30.8,BU / ACRE
2019,NC,OTHER (COMBINED) COUNTIES,998,SOYBEANS,"SOYBEANS - YIELD, MEASURED IN BU / ACRE",39.5,BU / ACRE
2019,NC,OTHER (COMBINED) COUNTIES,998,SOYBEANS,"SOYBEANS - YIELD, MEASURED IN BU / ACRE",37.7,BU / ACRE
2019,NC,OTHER (COMBINED) COUNTIES,998,SOYBEANS,"SOYBEANS - YIELD, MEASURED IN BU / ACRE",29.9,BU / ACRE
2020,NC,OTHER COUNTIES,998,SOYBEANS,"SOYBEANS - YIELD, MEASURED IN BU / ACRE",34.7,BU / ACRE
2021,NC,OTHER COUNTIES,998,SOYBEANS,"SOYBEANS - YIELD, MEASURED IN BU / ACRE",33.6,BU / ACRE
2022,NC,OTHER COUNTIES,998,SOYBEANS,"SOYBEANS - YIELD, MEASURED IN BU / ACRE",36.9,BU / ACRE
2023,NC,OTHER COUNTIES,998,SOYBEANS,"SOYBEANS - YIELD, MEASURED IN BU / ACRE",34.6,BU / ACRE
2024,NC,OTHER COUNTIES,998,SOYBEANS,"SOYBEANS - YIELD, MEASURED IN BU / ACRE",36.9,BU / ACRE
2025,NC,OTHER COUNTIES,998,SOYBEANS,"SOYBEANS - YIELD, MEASURED IN BU / ACRE",33.4,BU / ACRE
2010,NC,PAMLICO,137,SOYBEANS,"SOYBEANS - YIELD, MEASURED IN BU / ACRE",40.7,BU / ACRE
2011,NC,PAMLICO,137,SOYBEANS,"SOYBEANS - YIELD, MEASURED IN BU / ACRE",29.9,BU / ACRE
2014,NC,PAMLICO,137,SOYBEANS,"SOYBEANS - YIELD, MEASURED IN BU / ACRE",38.5,BU / ACRE
2016,NC,PAMLICO,137,SOYBEANS,"SOYBEANS - YIELD, MEASURED IN BU / ACRE",40.2,BU / ACRE
2017,NC,PAMLICO,137,SOYBEANS,"SOYBEANS - YIELD, MEASURED IN BU / ACRE",46.6,BU / ACRE
2018,NC,PAMLICO,137,SOYBEANS,"SOYBEANS - YIELD, MEASURED IN BU / ACRE",27.3,BU / ACRE
2019,NC,PAMLICO,137,SOYBEANS,"SOYBEANS - YIELD, MEASURED IN BU / ACRE",40.0,BU / ACRE
2020,NC,PAMLICO,137,SOYBEANS,"SOYBEANS - YIELD, MEASURED IN BU / ACRE",38.4,BU / ACRE
2021,NC,PAMLICO,137,SOYBEANS,"SOYBEANS - YIELD, MEASURED IN BU / ACRE",48.7,BU / ACRE
2022,NC,PAMLICO,137,SOYBEANS,"SOYBEANS - YIELD, MEASURED IN BU / ACRE",48.0,BU / ACRE
2023,NC,PAMLICO,137,SOYBEANS,"SOYBEANS - YIELD, MEASURED IN BU / ACRE",40.8,BU / ACRE
2024,NC,PAMLICO,137,SOYBEANS,"SOYBEANS - YIELD, MEASURED IN BU / ACRE",45.7,BU / ACRE
2025,NC,PAMLICO,137,SOYBEANS,"SOYBEANS - YIELD, MEASURED IN BU / ACRE",44.3,BU / ACRE
2010,NC,PASQUOTANK,139,SOYBEANS,"SOYBEANS - YIELD, MEASURED IN BU / ACRE",39.3,BU / ACRE
2011,NC,PASQUOTANK,139,SOYBEANS,"SOYBEANS - YIELD, MEASURED IN BU / ACRE",30.3,BU / ACRE
2012,NC,PASQUOTANK,139,SOYBEANS,"SOYBEANS - YIELD, MEASURED IN BU / ACRE",43.5,BU / ACRE
2014,NC,PASQUOTANK,139,SOYBEANS,"SOYBEANS - YIELD, MEASURED IN BU / ACRE",46.0,BU / ACRE
2017,NC,PASQUOTANK,139,SOYBEANS,"SOYBEANS - YIELD, MEASURED IN BU / ACRE",48.5,BU / ACRE
2018,NC,PASQUOTANK,139,SOYBEANS,"SOYBEANS - YIELD, MEASURED IN BU / ACRE",42.5,BU / ACRE
2019,NC,PASQUOTANK,139,SOYBEANS,"SOYBEANS - YIELD, MEASURED IN BU / ACRE",44.0,BU / ACRE
2020,NC,PASQUOTANK,139,SOYBEANS,"SOYBEANS - YIELD, MEASURED IN BU / ACRE",47.1,BU / ACRE
2021,NC,PASQUOTANK,139,SOYBEANS,"SOYBEANS - YIELD, MEASURED IN BU / ACRE",51.9,BU / ACRE
2022,NC,PASQUOTANK,139,SOYBEANS,"SOYBEANS - YIELD, MEASURED IN BU / ACRE",47.5,BU / ACRE
2023,NC,PASQUOTANK,139,SOYBEANS,"SOYBEANS - YIELD, MEASURED IN BU / ACRE",46.4,BU / ACRE
2024,NC,PASQUOTANK,139,SOYBEANS,"SOYBEANS - YIELD, MEASURED IN BU / ACRE",48.0,BU / ACRE
2025,NC,PASQUOTANK,139,SOYBEANS,"SOYBEANS - YIELD, MEASURED IN BU / ACRE",53.5,BU / ACRE
2016,NC,PENDER,141,SOYBEANS,"SOYBEANS - YIELD, MEASURED IN BU / ACRE",35.0,BU / ACRE
2020,NC,PENDER,141,SOYBEANS,"SOYBEANS - YIELD, MEASURED IN BU / ACRE",37.2,BU / ACRE
2021,NC,PENDER,141,SOYBEANS,"SOYBEANS - YIELD, MEASURED IN BU / ACRE",42.7,BU / ACRE
2022,NC,PENDER,141,SOYBEANS,"SOYBEANS - YIELD, MEASURED IN BU / ACRE",38.8,BU / ACRE
2023,NC,PENDER,141,SOYBEANS,"SOYBEANS - YIELD, MEASURED IN BU / ACRE",44.7,BU / ACRE
2024,NC,PENDER,141,SOYBEANS,"SOYBEANS - YIELD, MEASURED IN BU / ACRE",41.4,BU / ACRE
2010,NC,PERQUIMANS,143,SOYBEANS,"SOYBEANS - YIELD, MEASURED IN BU / ACRE",37.4,BU / ACRE
2011,NC,PERQUIMANS,143,SOYBEANS,"SOYBEANS - YIELD, MEASURED IN BU / ACRE",32.5,BU / ACRE
2012,NC,PERQUIMANS,143,SOYBEANS,"SOYBEANS - YIELD, MEASURED IN BU / ACRE",41.9,BU / ACRE
2013,NC,PERQUIMANS,143,SOYBEANS,"SOYBEANS - YIELD, MEASURED IN BU / ACRE",41.6,BU / ACRE
2014,NC,PERQUIMANS,143,SOYBEANS,"SOYBEANS - YIELD, MEASURED IN BU / ACRE",44.3,BU / ACRE
2015,NC,PERQUIMANS,143,SOYBEANS,"SOYBEANS - YIELD, MEASURED IN BU / ACRE",40.1,BU / ACRE
2016,NC,PERQUIMANS,143,SOYBEANS,"SOYBEANS - YIELD, MEASURED IN BU / ACRE",38.4,BU / ACRE
2017,NC,PERQUIMANS,143,SOYBEANS,"SOYBEANS - YIELD, MEASURED IN BU / ACRE",44.9,BU / ACRE
2018,NC,PERQUIMANS,143,SOYBEANS,"SOYBEANS - YIELD, MEASURED IN BU / ACRE",37.3,BU / ACRE
2019,NC,PERQUIMANS,143,SOYBEANS,"SOYBEANS - YIELD, MEASURED IN BU / ACRE",46.0,BU / ACRE
2020,NC,PERQUIMANS,143,SOYBEANS,"SOYBEANS - YIELD, MEASURED IN BU / ACRE",41.6,BU / ACRE
2021,NC,PERQUIMANS,143,SOYBEANS,"SOYBEANS - YIELD, MEASURED IN BU / ACRE",47.0,BU / ACRE
2022,NC,PERQUIMANS,143,SOYBEANS,"SOYBEANS - YIELD, MEASURED IN BU / ACRE",43.8,BU / ACRE
2023,NC,PERQUIMANS,143,SOYBEANS,"SOYBEANS - YIELD, MEASURED IN BU / ACRE",38.0,BU / ACRE
2024,NC,PERQUIMANS,143,SOYBEANS,"SOYBEANS - YIELD, MEASURED IN BU / ACRE",45.7,BU / ACRE
2025,NC,PERQUIMANS,143,SOYBEANS,"SOYBEANS - YIELD, MEASURED IN BU / ACRE",43.4,BU / ACRE
2010,NC,PERSON,145,SOYBEANS,"SOYBEANS - YIELD, MEASURED IN BU / ACRE",19.1,BU / ACRE
2011,NC,PERSON,145,SOYBEANS,"SOYBEANS - YIELD, MEASURED IN BU / ACRE",28.9,BU / ACRE
2012,NC,PERSON,145,SOYBEANS,"SOYBEANS - YIELD, MEASURED IN BU / ACRE",32.8,BU / ACRE
2013,NC,PERSON,145,SOYBEANS,"SOYBEANS - YIELD, MEASURED IN BU / ACRE",28.5,BU / ACRE
2014,NC,PERSON,145,SOYBEANS,"SOYBEANS - YIELD, MEASURED IN BU / ACRE",34.4,BU / ACRE
2015,NC,PERSON,145,SOYBEANS,"SOYBEANS - YIELD, MEASURED IN BU / ACRE",30.8,BU / ACRE
2016,NC,PERSON,145,SOYBEANS,"SOYBEANS - YIELD, MEASURED IN BU / ACRE",28.5,BU / ACRE
2017,NC,PERSON,145,SOYBEANS,"SOYBEANS - YIELD, MEASURED IN BU / ACRE",31.1,BU / ACRE
2018,NC,PERSON,145,SOYBEANS,"SOYBEANS - YIELD, MEASURED IN BU / ACRE",32.1,BU / ACRE
2019,NC,PERSON,145,SOYBEANS,"SOYBEANS - YIELD, MEASURED IN BU / ACRE",19.5,BU / ACRE
2020,NC,PERSON,145,SOYBEANS,"SOYBEANS - YIELD, MEASURED IN BU / ACRE",29.7,BU / ACRE
2021,NC,PERSON,145,SOYBEANS,"SOYBEANS - YIELD, MEASURED IN BU / ACRE",32.5,BU / ACRE
2022,NC,PERSON,145,SOYBEANS,"SOYBEANS - YIELD, MEASURED IN BU / ACRE",29.1,BU / ACRE
2023,NC,PERSON,145,SOYBEANS,"SOYBEANS - YIELD, MEASURED IN BU / ACRE",28.1,BU / ACRE
2024,NC,PERSON,145,SOYBEANS,"SOYBEANS - YIELD, MEASURED IN BU / ACRE",28.4,BU / ACRE
2025,NC,PERSON,145,SOYBEANS,"SOYBEANS - YIELD, MEASURED IN BU / ACRE",36.9,BU / ACRE
2010,NC,PITT,147,SOYBEANS,"SOYBEANS - YIELD, MEASURED IN BU / ACRE",23.1,BU / ACRE
2011,NC,PITT,147,SOYBEANS,"SOYBEANS - YIELD, MEASURED IN BU / ACRE",32.2,BU / ACRE
2012,NC,PITT,147,SOYBEANS,"SOYBEANS - YIELD, MEASURED IN BU / ACRE",35.5,BU / ACRE
2013,NC,PITT,147,SOYBEANS,"SOYBEANS - YIELD, MEASURED IN BU / ACRE",32.6,BU / ACRE
2014,NC,PITT,147,SOYBEANS,"SOYBEANS - YIELD, MEASURED IN BU / ACRE",37.4,BU / ACRE
2015,NC,PITT,147,SOYBEANS,"SOYBEANS - YIELD, MEASURED IN BU / ACRE",30.2,BU / ACRE
2016,NC,PITT,147,SOYBEANS,"SOYBEANS - YIELD, MEASURED IN BU / ACRE",31.2,BU / ACRE
2017,NC,PITT,147,SOYBEANS,"SOYBEANS - YIELD, MEASURED IN BU / ACRE",39.2,BU / ACRE
2018,NC,PITT,147,SOYBEANS,"SOYBEANS - YIELD, MEASURED IN BU / ACRE",31.8,BU / ACRE
2020,NC,PITT,147,SOYBEANS,"SOYBEANS - YIELD, MEASURED IN BU / ACRE",30.9,BU / ACRE
2021,NC,PITT,147,SOYBEANS,"SOYBEANS - YIELD, MEASURED IN BU / ACRE",35.9,BU / ACRE
2022,NC,PITT,147,SOYBEANS,"SOYBEANS - YIELD, MEASURED IN BU / ACRE",36.8,BU / ACRE
2023,NC,PITT,147,SOYBEANS,"SOYBEANS - YIELD, MEASURED IN BU / ACRE",34.8,BU / ACRE
2024,NC,PITT,147,SOYBEANS,"SOYBEANS - YIELD, MEASURED IN BU / ACRE",36.2,BU / ACRE
2025,NC,PITT,147,SOYBEANS,"SOYBEANS - YIELD, MEASURED IN BU / ACRE",27.2,BU / ACRE
2010,NC,RANDOLPH,151,SOYBEANS,"SOYBEANS - YIELD, MEASURED IN BU / ACRE",25.5,BU / ACRE
2011,NC,RANDOLPH,151,SOYBEANS,"SOYBEANS - YIELD, MEASURED IN BU / ACRE",29.8,BU / ACRE
2012,NC,RANDOLPH,151,SOYBEANS,"SOYBEANS - YIELD, MEASURED IN BU / ACRE",41.8,BU / ACRE
2013,NC,RANDOLPH,151,SOYBEANS,"SOYBEANS - YIELD, MEASURED IN BU / ACRE",33.6,BU / ACRE
2014,NC,RANDOLPH,151,SOYBEANS,"SOYBEANS - YIELD, MEASURED IN BU / ACRE",37.8,BU / ACRE
2015,NC,RANDOLPH,151,SOYBEANS,"SOYBEANS - YIELD, MEASURED IN BU / ACRE",29.2,BU / ACRE
2016,NC,RANDOLPH,151,SOYBEANS,"SOYBEANS - YIELD, MEASURED IN BU / ACRE",33.0,BU / ACRE
2017,NC,RANDOLPH,151,SOYBEANS,"SOYBEANS - YIELD, MEASURED IN BU / ACRE",37.0,BU / ACRE
2018,NC,RANDOLPH,151,SOYBEANS,"SOYBEANS - YIELD, MEASURED IN BU / ACRE",35.1,BU / ACRE
2019,NC,RANDOLPH,151,SOYBEANS,"SOYBEANS - YIELD, MEASURED IN BU / ACRE",35.5,BU / ACRE
2020,NC,RANDOLPH,151,SOYBEANS,"SOYBEANS - YIELD, MEASURED IN BU / ACRE",40.0,BU / ACRE
2021,NC,RANDOLPH,151,SOYBEANS,"SOYBEANS - YIELD, MEASURED IN BU / ACRE",38.0,BU / ACRE
2022,NC,RANDOLPH,151,SOYBEANS,"SOYBEANS - YIELD, MEASURED IN BU / ACRE",35.7,BU / ACRE
2023,NC,RANDOLPH,151,SOYBEANS,"SOYBEANS - YIELD, MEASURED IN BU / ACRE",38.4,BU / ACRE
2024,NC,RANDOLPH,151,SOYBEANS,"SOYBEANS - YIELD, MEASURED IN BU / ACRE",44.4,BU / ACRE
2025,NC,RANDOLPH,151,SOYBEANS,"SOYBEANS - YIELD, MEASURED IN BU / ACRE",33.5,BU / ACRE
2012,NC,RICHMOND,153,SOYBEANS,"SOYBEANS - YIELD, MEASURED IN BU / ACRE",40.0,BU / ACRE
2013,NC,RICHMOND,153,SOYBEANS,"SOYBEANS - YIELD, MEASURED IN BU / ACRE",29.0,BU / ACRE
2014,NC,RICHMOND,153,SOYBEANS,"SOYBEANS - YIELD, MEASURED IN BU / ACRE",46.7,BU / ACRE
2015,NC,RICHMOND,153,SOYBEANS,"SOYBEANS - YIELD, MEASURED IN BU / ACRE",25.1,BU / ACRE
2016,NC,RICHMOND,153,SOYBEANS,"SOYBEANS - YIELD, MEASURED IN BU / ACRE",20.5,BU / ACRE
2020,NC,RICHMOND,153,SOYBEANS,"SOYBEANS - YIELD, MEASURED IN BU / ACRE",28.3,BU / ACRE
2022,NC,RICHMOND,153,SOYBEANS,"SOYBEANS - YIELD, MEASURED IN BU / ACRE",31.2,BU / ACRE
2010,NC,ROBESON,155,SOYBEANS,"SOYBEANS - YIELD, MEASURED IN BU / ACRE",14.3,BU / ACRE
2011,NC,ROBESON,155,SOYBEANS,"SOYBEANS - YIELD, MEASURED IN BU / ACRE",25.9,BU / ACRE
2012,NC,ROBESON,155,SOYBEANS,"SOYBEANS - YIELD, MEASURED IN BU / ACRE",34.5,BU / ACRE
2013,NC,ROBESON,155,SOYBEANS,"SOYBEANS - YIELD, MEASURED IN BU / ACRE",23.5,BU / ACRE
2014,NC,ROBESON,155,SOYBEANS,"SOYBEANS - YIELD, MEASURED IN BU / ACRE",32.0,BU / ACRE
2015,NC,ROBESON,155,SOYBEANS,"SOYBEANS - YIELD, MEASURED IN BU / ACRE",26.0,BU / ACRE
2016,NC,ROBESON,155,SOYBEANS,"SOYBEANS - YIELD, MEASURED IN BU / ACRE",31.5,BU / ACRE
2017,NC,ROBESON,155,SOYBEANS,"SOYBEANS - YIELD, MEASURED IN BU / ACRE",35.6,BU / ACRE
2018,NC,ROBESON,155,SOYBEANS,"SOYBEANS - YIELD, MEASURED IN BU / ACRE",25.9,BU / ACRE
2020,NC,ROBESON,155,SOYBEANS,"SOYBEANS - YIELD, MEASURED IN BU / ACRE",34.2,BU / ACRE
2021,NC,ROBESON,155,SOYBEANS,"SOYBEANS - YIELD, MEASURED IN BU / ACRE",32.4,BU / ACRE
2022,NC,ROBESON,155,SOYBEANS,"SOYBEANS - YIELD, MEASURED IN BU / ACRE",27.7,BU / ACRE
2023,NC,ROBESON,155,SOYBEANS,"SOYBEANS - YIELD, MEASURED IN BU / ACRE",40.1,BU / ACRE
2024,NC,ROBESON,155,SOYBEANS,"SOYBEANS - YIELD, MEASURED IN BU / ACRE",36.2,BU / ACRE
2025,NC,ROBESON,155,SOYBEANS,"SOYBEANS - YIELD, MEASURED IN BU / ACRE",34.5,BU / ACRE
2010,NC,ROCKINGHAM,157,SOYBEANS,"SOYBEANS - YIELD, MEASURED IN BU / ACRE",27.8,BU / ACRE
2011,NC,ROCKINGHAM,157,SOYBEANS,"SOYBEANS - YIELD, MEASURED IN BU / ACRE",17.3,BU / ACRE
2012,NC,ROCKINGHAM,157,SOYBEANS,"SOYBEANS - YIELD, MEASURED IN BU / ACRE",37.2,BU / ACRE
2013,NC,ROCKINGHAM,157,SOYBEANS,"SOYBEANS - YIELD, MEASURED IN BU / ACRE",35.0,BU / ACRE
2014,NC,ROCKINGHAM,157,SOYBEANS,"SOYBEANS - YIELD, MEASURED IN BU / ACRE",33.2,BU / ACRE
2015,NC,ROCKINGHAM,157,SOYBEANS,"SOYBEANS - YIELD, MEASURED IN BU / ACRE",28.7,BU / ACRE
2016,NC,ROCKINGHAM,157,SOYBEANS,"SOYBEANS - YIELD, MEASURED IN BU / ACRE",30.0,BU / ACRE
2017,NC,ROCKINGHAM,157,SOYBEANS,"SOYBEANS - YIELD, MEASURED IN BU / ACRE",42.7,BU / ACRE
2018,NC,ROCKINGHAM,157,SOYBEANS,"SOYBEANS - YIELD, MEASURED IN BU / ACRE",32.1,BU / ACRE
2020,NC,ROCKINGHAM,157,SOYBEANS,"SOYBEANS - YIELD, MEASURED IN BU / ACRE",32.1,BU / ACRE
2021,NC,ROCKINGHAM,157,SOYBEANS,"SOYBEANS - YIELD, MEASURED IN BU / ACRE",38.3,BU / ACRE
2022,NC,ROCKINGHAM,157,SOYBEANS,"SOYBEANS - YIELD, MEASURED IN BU / ACRE",42.1,BU / ACRE
2023,NC,ROCKINGHAM,157,SOYBEANS,"SOYBEANS - YIELD, MEASURED IN BU / ACRE",37.5,BU / ACRE
2010,NC,ROWAN,159,SOYBEANS,"SOYBEANS - YIELD, MEASURED IN BU / ACRE",36.0,BU / ACRE
2011,NC,ROWAN,159,SOYBEANS,"SOYBEANS - YIELD, MEASURED IN BU / ACRE",33.9,BU / ACRE
2012,NC,ROWAN,159,SOYBEANS,"SOYBEANS - YIELD, MEASURED IN BU / ACRE",38.9,BU / ACRE
2013,NC,ROWAN,159,SOYBEANS,"SOYBEANS - YIELD, MEASURED IN BU / ACRE",40.5,BU / ACRE
2014,NC,ROWAN,159,SOYBEANS,"SOYBEANS - YIELD, MEASURED IN BU / ACRE",41.1,BU / ACRE
2015,NC,ROWAN,159,SOYBEANS,"SOYBEANS - YIELD, MEASURED IN BU / ACRE",19.7,BU / ACRE
2016,NC,ROWAN,159,SOYBEANS,"SOYBEANS - YIELD, MEASURED IN BU / ACRE",34.0,BU / ACRE
2017,NC,ROWAN,159,SOYBEANS,"SOYBEANS - YIELD, MEASURED IN BU / ACRE",39.3,BU / ACRE
2018,NC,ROWAN,159,SOYBEANS,"SOYBEANS - YIELD, MEASURED IN BU / ACRE",47.0,BU / ACRE
2019,NC,ROWAN,159,SOYBEANS,"SOYBEANS - YIELD, MEASURED IN BU / ACRE",32.0,BU / ACRE
2020,NC,ROWAN,159,SOYBEANS,"SOYBEANS - YIELD, MEASURED IN BU / ACRE",47.6,BU / ACRE
2021,NC,ROWAN,159,SOYBEANS,"SOYBEANS - YIELD, MEASURED IN BU / ACRE",42.5,BU / ACRE
2022,NC,ROWAN,159,SOYBEANS,"SOYBEANS - YIELD, MEASURED IN BU / ACRE",51.6,BU / ACRE
2023,NC,ROWAN,159,SOYBEANS,"SOYBEANS - YIELD, MEASURED IN BU / ACRE",42.3,BU / ACRE
2024,NC,ROWAN,159,SOYBEANS,"SOYBEANS - YIELD, MEASURED IN BU / ACRE",43.3,BU / ACRE
2010,NC,RUTHERFORD,161,SOYBEANS,"SOYBEANS - YIELD, MEASURED IN BU / ACRE",20.0,BU / ACRE
2014,NC,RUTHERFORD,161,SOYBEANS,"SOYBEANS - YIELD, MEASURED IN BU / ACRE",31.7,BU / ACRE
2015,NC,RUTHERFORD,161,SOYBEANS,"SOYBEANS - YIELD, MEASURED IN BU / ACRE",23.5,BU / ACRE
2016,NC,RUTHERFORD,161,SOYBEANS,"SOYBEANS - YIELD, MEASURED IN BU / ACRE",28.5,BU / ACRE
2018,NC,RUTHERFORD,161,SOYBEANS,"SOYBEANS - YIELD, MEASURED IN BU / ACRE",30.6,BU / ACRE
2019,NC,RUTHERFORD,161,SOYBEANS,"SOYBEANS - YIELD, MEASURED IN BU / ACRE",29.0,BU / ACRE
2020,NC,RUTHERFORD,161,SOYBEANS,"SOYBEANS - YIELD, MEASURED IN BU / ACRE",34.2,BU / ACRE
2021,NC,RUTHERFORD,161,SOYBEANS,"SOYBEANS - YIELD, MEASURED IN BU / ACRE",41.5,BU / ACRE
2022,NC,RUTHERFORD,161,SOYBEANS,"SOYBEANS - YIELD, MEASURED IN BU / ACRE",33.1,BU / ACRE
2025,NC,RUTHERFORD,161,SOYBEANS,"SOYBEANS - YIELD, MEASURED IN BU / ACRE",30.9,BU / ACRE
2010,NC,SAMPSON,163,SOYBEANS,"SOYBEANS - YIELD, MEASURED IN BU / ACRE",22.8,BU / ACRE
2011,NC,SAMPSON,163,SOYBEANS,"SOYBEANS - YIELD, MEASURED IN BU / ACRE",32.0,BU / ACRE
2012,NC,SAMPSON,163,SOYBEANS,"SOYBEANS - YIELD, MEASURED IN BU / ACRE",38.3,BU / ACRE
2013,NC,SAMPSON,163,SOYBEANS,"SOYBEANS - YIELD, MEASURED IN BU / ACRE",31.7,BU / ACRE
2014,NC,SAMPSON,163,SOYBEANS,"SOYBEANS - YIELD, MEASURED IN BU / ACRE",44.7,BU / ACRE
2015,NC,SAMPSON,163,SOYBEANS,"SOYBEANS - YIELD, MEASURED IN BU / ACRE",35.4,BU / ACRE
2016,NC,SAMPSON,163,SOYBEANS,"SOYBEANS - YIELD, MEASURED IN BU / ACRE",39.0,BU / ACRE
2017,NC,SAMPSON,163,SOYBEANS,"SOYBEANS - YIELD, MEASURED IN BU / ACRE",43.2,BU / ACRE
2018,NC,SAMPSON,163,SOYBEANS,"SOYBEANS - YIELD, MEASURED IN BU / ACRE",28.0,BU / ACRE
2019,NC,SAMPSON,163,SOYBEANS,"SOYBEANS - YIELD, MEASURED IN BU / ACRE",38.0,BU / ACRE
2020,NC,SAMPSON,163,SOYBEANS,"SOYBEANS - YIELD, MEASURED IN BU / ACRE",33.7,BU / ACRE
2021,NC,SAMPSON,163,SOYBEANS,"SOYBEANS - YIELD, MEASURED IN BU / ACRE",32.7,BU / ACRE
2022,NC,SAMPSON,163,SOYBEANS,"SOYBEANS - YIELD, MEASURED IN BU / ACRE",35.0,BU / ACRE
2023,NC,SAMPSON,163,SOYBEANS,"SOYBEANS - YIELD, MEASURED IN BU / ACRE",41.6,BU / ACRE
2024,NC,SAMPSON,163,SOYBEANS,"SOYBEANS - YIELD, MEASURED IN BU / ACRE",36.8,BU / ACRE
2025,NC,SAMPSON,163,SOYBEANS,"SOYBEANS - YIELD, MEASURED IN BU / ACRE",27.1,BU / ACRE
2010,NC,SCOTLAND,165,SOYBEANS,"SOYBEANS - YIELD, MEASURED IN BU / ACRE",16.8,BU / ACRE
2011,NC,SCOTLAND,165,SOYBEANS,"SOYBEANS - YIELD, MEASURED IN BU / ACRE",29.4,BU / ACRE
2012,NC,SCOTLAND,165,SOYBEANS,"SOYBEANS - YIELD, MEASURED IN BU / ACRE",34.3,BU / ACRE
2013,NC,SCOTLAND,165,SOYBEANS,"SOYBEANS - YIELD, MEASURED IN BU / ACRE",26.0,BU / ACRE
2015,NC,SCOTLAND,165,SOYBEANS,"SOYBEANS - YIELD, MEASURED IN BU / ACRE",21.8,BU / ACRE
2016,NC,SCOTLAND,165,SOYBEANS,"SOYBEANS - YIELD, MEASURED IN BU / ACRE",29.3,BU / ACRE
2017,NC,SCOTLAND,165,SOYBEANS,"SOYBEANS - YIELD, MEASURED IN BU / ACRE",30.8,BU / ACRE
2019,NC,SCOTLAND,165,SOYBEANS,"SOYBEANS - YIELD, MEASURED IN BU / ACRE",24.5,BU / ACRE
2020,NC,SCOTLAND,165,SOYBEANS,"SOYBEANS - YIELD, MEASURED IN BU / ACRE",30.7,BU / ACRE
2021,NC,SCOTLAND,165,SOYBEANS,"SOYBEANS - YIELD, MEASURED IN BU / ACRE",29.2,BU / ACRE
2022,NC,SCOTLAND,165,SOYBEANS,"SOYBEANS - YIELD, MEASURED IN BU / ACRE",34.8,BU / ACRE
2025,NC,SCOTLAND,165,SOYBEANS,"SOYBEANS - YIELD, MEASURED IN BU / ACRE",35.7,BU / ACRE
2010,NC,STANLY,167,SOYBEANS,"SOYBEANS - YIELD, MEASURED IN BU / ACRE",31.5,BU / ACRE
2011,NC,STANLY,167,SOYBEANS,"SOYBEANS - YIELD, MEASURED IN BU / ACRE",35.2,BU / ACRE
2012,NC,STANLY,167,SOYBEANS,"SOYBEANS - YIELD, MEASURED IN BU / ACRE",42.0,BU / ACRE
2013,NC,STANLY,167,SOYBEANS,"SOYBEANS - YIELD, MEASURED IN BU / ACRE",31.5,BU / ACRE
2014,NC,STANLY,167,SOYBEANS,"SOYBEANS - YIELD, MEASURED IN BU / ACRE",41.1,BU / ACRE
2015,NC,STANLY,167,SOYBEANS,"SOYBEANS - YIELD, MEASURED IN BU / ACRE",28.1,BU / ACRE
2016,NC,STANLY,167,SOYBEANS,"SOYBEANS - YIELD, MEASURED IN BU / ACRE",38.0,BU / ACRE
2017,NC,STANLY,167,SOYBEANS,"SOYBEANS - YIELD, MEASURED IN BU / ACRE",35.1,BU / ACRE
2020,NC,STANLY,167,SOYBEANS,"SOYBEANS - YIELD, MEASURED IN BU / ACRE",39.0,BU / ACRE
2021,NC,STANLY,167,SOYBEANS,"SOYBEANS - YIELD, MEASURED IN BU / ACRE",39.5,BU / ACRE
2022,NC,STANLY,167,SOYBEANS,"SOYBEANS - YIELD, MEASURED IN BU / ACRE",30.6,BU / ACRE
2023,NC,STANLY,167,SOYBEANS,"SOYBEANS - YIELD, MEASURED IN BU / ACRE",34.3,BU / ACRE
2025,NC,STANLY,167,SOYBEANS,"SOYBEANS - YIELD, MEASURED IN BU / ACRE",32.5,BU / ACRE
2010,NC,STOKES,169,SOYBEANS,"SOYBEANS - YIELD, MEASURED IN BU / ACRE",26.7,BU / ACRE
2013,NC,STOKES,169,SOYBEANS,"SOYBEANS - YIELD, MEASURED IN BU / ACRE",29.0,BU / ACRE
2014,NC,STOKES,169,SOYBEANS,"SOYBEANS - YIELD, MEASURED IN BU / ACRE",31.5,BU / ACRE
2015,NC,STOKES,169,SOYBEANS,"SOYBEANS - YIELD, MEASURED IN BU / ACRE",32.6,BU / ACRE
2016,NC,STOKES,169,SOYBEANS,"SOYBEANS - YIELD, MEASURED IN BU / ACRE",29.3,BU / ACRE
2017,NC,STOKES,169,SOYBEANS,"SOYBEANS - YIELD, MEASURED IN BU / ACRE",34.0,BU / ACRE
2018,NC,STOKES,169,SOYBEANS,"SOYBEANS - YIELD, MEASURED IN BU / ACRE",32.0,BU / ACRE
2020,NC,STOKES,169,SOYBEANS,"SOYBEANS - YIELD, MEASURED IN BU / ACRE",28.6,BU / ACRE
2021,NC,STOKES,169,SOYBEANS,"SOYBEANS - YIELD, MEASURED IN BU / ACRE",38.5,BU / ACRE
2022,NC,STOKES,169,SOYBEANS,"SOYBEANS - YIELD, MEASURED IN BU / ACRE",43.3,BU / ACRE
2023,NC,STOKES,169,SOYBEANS,"SOYBEANS - YIELD, MEASURED IN BU / ACRE",35.1,BU / ACRE
2024,NC,STOKES,169,SOYBEANS,"SOYBEANS - YIELD, MEASURED IN BU / ACRE",32.1,BU / ACRE
2025,NC,STOKES,169,SOYBEANS,"SOYBEANS - YIELD, MEASURED IN BU / ACRE",41.5,BU / ACRE
2010,NC,SURRY,171,SOYBEANS,"SOYBEANS - YIELD, MEASURED IN BU / ACRE",34.2,BU / ACRE
2011,NC,SURRY,171,SOYBEANS,"SOYBEANS - YIELD, MEASURED IN BU / ACRE",40.0,BU / ACRE
2012,NC,SURRY,171,SOYBEANS,"SOYBEANS - YIELD, MEASURED IN BU / ACRE",44.9,BU / ACRE
2013,NC,SURRY,171,SOYBEANS,"SOYBEANS - YIELD, MEASURED IN BU / ACRE",38.5,BU / ACRE
2014,NC,SURRY,171,SOYBEANS,"SOYBEANS - YIELD, MEASURED IN BU / ACRE",42.8,BU / ACRE
2016,NC,SURRY,171,SOYBEANS,"SOYBEANS - YIELD, MEASURED IN BU / ACRE",40.0,BU / ACRE
2017,NC,SURRY,171,SOYBEANS,"SOYBEANS - YIELD, MEASURED IN BU / ACRE",42.1,BU / ACRE
2020,NC,SURRY,171,SOYBEANS,"SOYBEANS - YIELD, MEASURED IN BU / ACRE",48.1,BU / ACRE
2021,NC,SURRY,171,SOYBEANS,"SOYBEANS - YIELD, MEASURED IN BU / ACRE",47.1,BU / ACRE
2022,NC,SURRY,171,SOYBEANS,"SOYBEANS - YIELD, MEASURED IN BU / ACRE",45.2,BU / ACRE
2023,NC,SURRY,171,SOYBEANS,"SOYBEANS - YIELD, MEASURED IN BU / ACRE",45.0,BU / ACRE
2024,NC,SURRY,171,SOYBEANS,"SOYBEANS - YIELD, MEASURED IN BU / ACRE",42.0,BU / ACRE
2025,NC,SURRY,171,SOYBEANS,"SOYBEANS - YIELD, MEASURED IN BU / ACRE",45.1,BU / ACRE
2018,NC,TRANSYLVANIA,175,SOYBEANS,"SOYBEANS - YIELD, MEASURED IN BU / ACRE",51.6,BU / ACRE
2010,NC,TYRRELL,177,SOYBEANS,"SOYBEANS - YIELD, MEASURED IN BU / ACRE",44.5,BU / ACRE
2011,NC,TYRRELL,177,SOYBEANS,"SOYBEANS - YIELD, MEASURED IN BU / ACRE",32.1,BU / ACRE
2012,NC,TYRRELL,177,SOYBEANS,"SOYBEANS - YIELD, MEASURED IN BU / ACRE",44.0,BU / ACRE
2013,NC,TYRRELL,177,SOYBEANS,"SOYBEANS - YIELD, MEASURED IN BU / ACRE",39.8,BU / ACRE
2014,NC,TYRRELL,177,SOYBEANS,"SOYBEANS - YIELD, MEASURED IN BU / ACRE",42.4,BU / ACRE
2016,NC,TYRRELL,177,SOYBEANS,"SOYBEANS - YIELD, MEASURED IN BU / ACRE",33.2,BU / ACRE
2017,NC,TYRRELL,177,SOYBEANS,"SOYBEANS - YIELD, MEASURED IN BU / ACRE",47.1,BU / ACRE
2018,NC,TYRRELL,177,SOYBEANS,"SOYBEANS - YIELD, MEASURED IN BU / ACRE",40.6,BU / ACRE
2019,NC,TYRRELL,177,SOYBEANS,"SOYBEANS - YIELD, MEASURED IN BU / ACRE",46.0,BU / ACRE
2020,NC,TYRRELL,177,SOYBEANS,"SOYBEANS - YIELD, MEASURED IN BU / ACRE",44.2,BU / ACRE
2021,NC,TYRRELL,177,SOYBEANS,"SOYBEANS - YIELD, MEASURED IN BU / ACRE",50.9,BU / ACRE
2022,NC,TYRRELL,177,SOYBEANS,"SOYBEANS - YIELD, MEASURED IN BU / ACRE",50.7,BU / ACRE
2023,NC,TYRRELL,177,SOYBEANS,"SOYBEANS - YIELD, MEASURED IN BU / ACRE",49.2,BU / ACRE
2024,NC,TYRRELL,177,SOYBEANS,"SOYBEANS - YIELD, MEASURED IN BU / ACRE",45.2,BU / ACRE
2025,NC,TYRRELL,177,SOYBEANS,"SOYBEANS - YIELD, MEASURED IN BU / ACRE",39.1,BU / ACRE
2010,NC,UNION,179,SOYBEANS,"SOYBEANS - YIELD, MEASURED IN BU / ACRE",26.4,BU / ACRE
2011,NC,UNION,179,SOYBEANS,"SOYBEANS - YIELD, MEASURED IN BU / ACRE",43.1,BU / ACRE
2012,NC,UNION,179,SOYBEANS,"SOYBEANS - YIELD, MEASURED IN BU / ACRE",49.9,BU / ACRE
2013,NC,UNION,179,SOYBEANS,"SOYBEANS - YIELD, MEASURED IN BU / ACRE",28.0,BU / ACRE
2014,NC,UNION,179,SOYBEANS,"SOYBEANS - YIELD, MEASURED IN BU / ACRE",44.1,BU / ACRE
2015,NC,UNION,179,SOYBEANS,"SOYBEANS - YIELD, MEASURED IN BU / ACRE",31.5,BU / ACRE
2016,NC,UNION,179,SOYBEANS,"SOYBEANS - YIELD, MEASURED IN BU / ACRE",43.3,BU / ACRE
2017,NC,UNION,179,SOYBEANS,"SOYBEANS - YIELD, MEASURED IN BU / ACRE",44.2,BU / ACRE
2018,NC,UNION,179,SOYBEANS,"SOYBEANS - YIELD, MEASURED IN BU / ACRE",30.5,BU / ACRE
2019,NC,UNION,179,SOYBEANS,"SOYBEANS - YIELD, MEASURED IN BU / ACRE",35.0,BU / ACRE
2020,NC,UNION,179,SOYBEANS,"SOYBEANS - YIELD, MEASURED IN BU / ACRE",46.6,BU / ACRE
2021,NC,UNION,179,SOYBEANS,"SOYBEANS - YIELD, MEASURED IN BU / ACRE",45.4,BU / ACRE
2022,NC,UNION,179,SOYBEANS,"SOYBEANS - YIELD, MEASURED IN BU / ACRE",36.3,BU / ACRE
2023,NC,UNION,179,SOYBEANS,"SOYBEANS - YIELD, MEASURED IN BU / ACRE",42.1,BU / ACRE
2024,NC,UNION,179,SOYBEANS,"SOYBEANS - YIELD, MEASURED IN BU / ACRE",43.8,BU / ACRE
2025,NC,UNION,179,SOYBEANS,"SOYBEANS - YIELD, MEASURED IN BU / ACRE",30.3,BU / ACRE
2010,NC,VANCE,181,SOYBEANS,"SOYBEANS - YIELD, MEASURED IN BU / ACRE",12.2,BU / ACRE
2011,NC,VANCE,181,SOYBEANS,"SOYBEANS - YIELD, MEASURED IN BU / ACRE",31.9,BU / ACRE
2012,NC,VANCE,181,SOYBEANS,"SOYBEANS - YIELD, MEASURED IN BU / ACRE",33.7,BU / ACRE
2013,NC,VANCE,181,SOYBEANS,"SOYBEANS - YIELD, MEASURED IN BU / ACRE",24.5,BU / ACRE
2014,NC,VANCE,181,SOYBEANS,"SOYBEANS - YIELD, MEASURED IN BU / ACRE",36.3,BU / ACRE
2015,NC,VANCE,181,SOYBEANS,"SOYBEANS - YIELD, MEASURED IN BU / ACRE",27.1,BU / ACRE
2016,NC,VANCE,181,SOYBEANS,"SOYBEANS - YIELD, MEASURED IN BU / ACRE",27.2,BU / ACRE
2017,NC,VANCE,181,SOYBEANS,"SOYBEANS - YIELD, MEASURED IN BU / ACRE",31.6,BU / ACRE
2018,NC,VANCE,181,SOYBEANS,"SOYBEANS - YIELD, MEASURED IN BU / ACRE",34.6,BU / ACRE
2019,NC,VANCE,181,SOYBEANS,"SOYBEANS - YIELD, MEASURED IN BU / ACRE",19.5,BU / ACRE
2020,NC,VANCE,181,SOYBEANS,"SOYBEANS - YIELD, MEASURED IN BU / ACRE",38.7,BU / ACRE
2021,NC,VANCE,181,SOYBEANS,"SOYBEANS - YIELD, MEASURED IN BU / ACRE",35.7,BU / ACRE
2022,NC,VANCE,181,SOYBEANS,"SOYBEANS - YIELD, MEASURED IN BU / ACRE",30.2,BU / ACRE
2023,NC,VANCE,181,SOYBEANS,"SOYBEANS - YIELD, MEASURED IN BU / ACRE",29.5,BU / ACRE
2024,NC,VANCE,181,SOYBEANS,"SOYBEANS - YIELD, MEASURED IN BU / ACRE",25.5,BU / ACRE
2025,NC,VANCE,181,SOYBEANS,"SOYBEANS - YIELD, MEASURED IN BU / ACRE",32.7,BU / ACRE
2010,NC,WAKE,183,SOYBEANS,"SOYBEANS - YIELD, MEASURED IN BU / ACRE",15.5,BU / ACRE
2011,NC,WAKE,183,SOYBEANS,"SOYBEANS - YIELD, MEASURED IN BU / ACRE",29.0,BU / ACRE
2012,NC,WAKE,183,SOYBEANS,"SOYBEANS - YIELD, MEASURED IN BU / ACRE",33.4,BU / ACRE
2013,NC,WAKE,183,SOYBEANS,"SOYBEANS - YIELD, MEASURED IN BU / ACRE",22.0,BU / ACRE
2014,NC,WAKE,183,SOYBEANS,"SOYBEANS - YIELD, MEASURED IN BU / ACRE",27.8,BU / ACRE
2015,NC,WAKE,183,SOYBEANS,"SOYBEANS - YIELD, MEASURED IN BU / ACRE",18.3,BU / ACRE
2016,NC,WAKE,183,SOYBEANS,"SOYBEANS - YIELD, MEASURED IN BU / ACRE",25.0,BU / ACRE
2017,NC,WAKE,183,SOYBEANS,"SOYBEANS - YIELD, MEASURED IN BU / ACRE",25.4,BU / ACRE
2018,NC,WAKE,183,SOYBEANS,"SOYBEANS - YIELD, MEASURED IN BU / ACRE",25.0,BU / ACRE
2019,NC,WAKE,183,SOYBEANS,"SOYBEANS - YIELD, MEASURED IN BU / ACRE",27.0,BU / ACRE
2020,NC,WAKE,183,SOYBEANS,"SOYBEANS - YIELD, MEASURED IN BU / ACRE",30.9,BU / ACRE
2021,NC,WAKE,183,SOYBEANS,"SOYBEANS - YIELD, MEASURED IN BU / ACRE",28.7,BU / ACRE
2022,NC,WAKE,183,SOYBEANS,"SOYBEANS - YIELD, MEASURED IN BU / ACRE",31.6,BU / ACRE
2023,NC,WAKE,183,SOYBEANS,"SOYBEANS - YIELD, MEASURED IN BU / ACRE",25.5,BU / ACRE
2024,NC,WAKE,183,SOYBEANS,"SOYBEANS - YIELD, MEASURED IN BU / ACRE",24.3,BU / ACRE
2010,NC,WARREN,185,SOYBEANS,"SOYBEANS - YIELD, MEASURED IN BU / ACRE",12.2,BU / ACRE
2011,NC,WARREN,185,SOYBEANS,"SOYBEANS - YIELD, MEASURED IN BU / ACRE",27.0,BU / ACRE
2012,NC,WARREN,185,SOYBEANS,"SOYBEANS - YIELD, MEASURED IN BU / ACRE",33.8,BU / ACRE
2013,NC,WARREN,185,SOYBEANS,"SOYBEANS - YIELD, MEASURED IN BU / ACRE",23.0,BU / ACRE
2014,NC,WARREN,185,SOYBEANS,"SOYBEANS - YIELD, MEASURED IN BU / ACRE",39.6,BU / ACRE
2015,NC,WARREN,185,SOYBEANS,"SOYBEANS - YIELD, MEASURED IN BU / ACRE",28.8,BU / ACRE
2016,NC,WARREN,185,SOYBEANS,"SOYBEANS - YIELD, MEASURED IN BU / ACRE",25.0,BU / ACRE
2017,NC,WARREN,185,SOYBEANS,"SOYBEANS - YIELD, MEASURED IN BU / ACRE",28.5,BU / ACRE
2018,NC,WARREN,185,SOYBEANS,"SOYBEANS - YIELD, MEASURED IN BU / ACRE",36.2,BU / ACRE
2019,NC,WARREN,185,SOYBEANS,"SOYBEANS - YIELD, MEASURED IN BU / ACRE",19.5,BU / ACRE
2020,NC,WARREN,185,SOYBEANS,"SOYBEANS - YIELD, MEASURED IN BU / ACRE",36.4,BU / ACRE
2021,NC,WARREN,185,SOYBEANS,"SOYBEANS - YIELD, MEASURED IN BU / ACRE",35.7,BU / ACRE
2022,NC,WARREN,185,SOYBEANS,"SOYBEANS - YIELD, MEASURED IN BU / ACRE",33.9,BU / ACRE
2023,NC,WARREN,185,SOYBEANS,"SOYBEANS - YIELD, MEASURED IN BU / ACRE",21.9,BU / ACRE
2024,NC,WARREN,185,SOYBEANS,"SOYBEANS - YIELD, MEASURED IN BU / ACRE",20.6,BU / ACRE
2010,NC,WASHINGTON,187,SOYBEANS,"SOYBEANS - YIELD, MEASURED IN BU / ACRE",38.4,BU / ACRE
2011,NC,WASHINGTON,187,SOYBEANS,"SOYBEANS - YIELD, MEASURED IN BU / ACRE",26.9,BU / ACRE
2012,NC,WASHINGTON,187,SOYBEANS,"SOYBEANS - YIELD, MEASURED IN BU / ACRE",46.7,BU / ACRE
2014,NC,WASHINGTON,187,SOYBEANS,"SOYBEANS - YIELD, MEASURED IN BU / ACRE",43.7,BU / ACRE
2015,NC,WASHINGTON,187,SOYBEANS,"SOYBEANS - YIELD, MEASURED IN BU / ACRE",42.5,BU / ACRE
2016,NC,WASHINGTON,187,SOYBEANS,"SOYBEANS - YIELD, MEASURED IN BU / ACRE",40.0,BU / ACRE
2017,NC,WASHINGTON,187,SOYBEANS,"SOYBEANS - YIELD, MEASURED IN BU / ACRE",45.9,BU / ACRE
2018,NC,WASHINGTON,187,SOYBEANS,"SOYBEANS - YIELD, MEASURED IN BU / ACRE",41.9,BU / ACRE
2020,NC,WASHINGTON,187,SOYBEANS,"SOYBEANS - YIELD, MEASURED IN BU / ACRE",39.5,BU / ACRE
2021,NC,WASHINGTON,187,SOYBEANS,"SOYBEANS - YIELD, MEASURED IN BU / ACRE",51.0,BU / ACRE
2022,NC,WASHINGTON,187,SOYBEANS,"SOYBEANS - YIELD, MEASURED IN BU / ACRE",48.0,BU / ACRE
2023,NC,WASHINGTON,187,SOYBEANS,"SOYBEANS - YIELD, MEASURED IN BU / ACRE",54.6,BU / ACRE
2024,NC,WASHINGTON,187,SOYBEANS,"SOYBEANS - YIELD, MEASURED IN BU / ACRE",52.2,BU / ACRE
2025,NC,WASHINGTON,187,SOYBEANS,"SOYBEANS - YIELD, MEASURED IN BU / ACRE",52.4,BU / ACRE
2010,NC,WAYNE,191,SOYBEANS,"SOYBEANS - YIELD, MEASURED IN BU / ACRE",18.1,BU / ACRE
2011,NC,WAYNE,191,SOYBEANS,"SOYBEANS - YIELD, MEASURED IN BU / ACRE",31.4,BU / ACRE
2012,NC,WAYNE,191,SOYBEANS,"SOYBEANS - YIELD, MEASURED IN BU / ACRE",39.0,BU / ACRE
2013,NC,WAYNE,191,SOYBEANS,"SOYBEANS - YIELD, MEASURED IN BU / ACRE",31.6,BU / ACRE
2014,NC,WAYNE,191,SOYBEANS,"SOYBEANS - YIELD, MEASURED IN BU / ACRE",41.0,BU / ACRE
2015,NC,WAYNE,191,SOYBEANS,"SOYBEANS - YIELD, MEASURED IN BU / ACRE",34.4,BU / ACRE
2016,NC,WAYNE,191,SOYBEANS,"SOYBEANS - YIELD, MEASURED IN BU / ACRE",33.0,BU / ACRE
2017,NC,WAYNE,191,SOYBEANS,"SOYBEANS - YIELD, MEASURED IN BU / ACRE",39.4,BU / ACRE
2018,NC,WAYNE,191,SOYBEANS,"SOYBEANS - YIELD, MEASURED IN BU / ACRE",30.5,BU / ACRE
2019,NC,WAYNE,191,SOYBEANS,"SOYBEANS - YIELD, MEASURED IN BU / ACRE",33.0,BU / ACRE
2020,NC,WAYNE,191,SOYBEANS,"SOYBEANS - YIELD, MEASURED IN BU / ACRE",32.6,BU / ACRE
2021,NC,WAYNE,191,SOYBEANS,"SOYBEANS - YIELD, MEASURED IN BU / ACRE",32.5,BU / ACRE
2022,NC,WAYNE,191,SOYBEANS,"SOYBEANS - YIELD, MEASURED IN BU / ACRE",36.7,BU / ACRE
2023,NC,WAYNE,191,SOYBEANS,"SOYBEANS - YIELD, MEASURED IN BU / ACRE",34.4,BU / ACRE
2024,NC,WAYNE,191,SOYBEANS,"SOYBEANS - YIELD, MEASURED IN BU / ACRE",36.7,BU / ACRE
2025,NC,WAYNE,191,SOYBEANS,"SOYBEANS - YIELD, MEASURED IN BU / ACRE",31.6,BU / ACRE
2012,NC,WILKES,193,SOYBEANS,"SOYBEANS - YIELD, MEASURED IN BU / ACRE",47.7,BU / ACRE
2014,NC,WILKES,193,SOYBEANS,"SOYBEANS - YIELD, MEASURED IN BU / ACRE",37.8,BU / ACRE
2017,NC,WILKES,193,SOYBEANS,"SOYBEANS - YIELD, MEASURED IN BU / ACRE",42.8,BU / ACRE
2020,NC,WILKES,193,SOYBEANS,"SOYBEANS - YIELD, MEASURED IN BU / ACRE",44.1,BU / ACRE
2021,NC,WILKES,193,SOYBEANS,"SOYBEANS - YIELD, MEASURED IN BU / ACRE",55.1,BU / ACRE
2010,NC,WILSON,195,SOYBEANS,"SOYBEANS - YIELD, MEASURED IN BU / ACRE",20.7,BU / ACRE
2011,NC,WILSON,195,SOYBEANS,"SOYBEANS - YIELD, MEASURED IN BU / ACRE",34.0,BU / ACRE
2012,NC,WILSON,195,SOYBEANS,"SOYBEANS - YIELD, MEASURED IN BU / ACRE",38.9,BU / ACRE
2013,NC,WILSON,195,SOYBEANS,"SOYBEANS - YIELD, MEASURED IN BU / ACRE",29.2,BU / ACRE
2014,NC,WILSON,195,SOYBEANS,"SOYBEANS - YIELD, MEASURED IN BU / ACRE",41.6,BU / ACRE
2015,NC,WILSON,195,SOYBEANS,"SOYBEANS - YIELD, MEASURED IN BU / ACRE",28.0,BU / ACRE
2016,NC,WILSON,195,SOYBEANS,"SOYBEANS - YIELD, MEASURED IN BU / ACRE",35.2,BU / ACRE
2017,NC,WILSON,195,SOYBEANS,"SOYBEANS - YIELD, MEASURED IN BU / ACRE",44.2,BU / ACRE
2018,NC,WILSON,195,SOYBEANS,"SOYBEANS - YIELD, MEASURED IN BU / ACRE",36.5,BU / ACRE
2019,NC,WILSON,195,SOYBEANS,"SOYBEANS - YIELD, MEASURED IN BU / ACRE",35.0,BU / ACRE
2020,NC,WILSON,195,SOYBEANS,"SOYBEANS - YIELD, MEASURED IN BU / ACRE",35.7,BU / ACRE
2021,NC,WILSON,195,SOYBEANS,"SOYBEANS - YIELD, MEASURED IN BU / ACRE",42.0,BU / ACRE
2022,NC,WILSON,195,SOYBEANS,"SOYBEANS - YIELD, MEASURED IN BU / ACRE",38.0,BU / ACRE
2023,NC,WILSON,195,SOYBEANS,"SOYBEANS - YIELD, MEASURED IN BU / ACRE",39.4,BU / ACRE
2024,NC,WILSON,195,SOYBEANS,"SOYBEANS - YIELD, MEASURED IN BU / ACRE",42.4,BU / ACRE
2025,NC,WILSON,195,SOYBEANS,"SOYBEANS - YIELD, MEASURED IN BU / ACRE",33.0,BU / ACRE
2010,NC,YADKIN,197,SOYBEANS,"SOYBEANS - YIELD, MEASURED IN BU / ACRE",34.3,BU / ACRE
2011,NC,YADKIN,197,SOYBEANS,"SOYBEANS - YIELD, MEASURED IN BU / ACRE",40.1,BU / ACRE
2012,NC,YADKIN,197,SOYBEANS,"SOYBEANS - YIELD, MEASURED IN BU / ACRE",41.4,BU / ACRE
2013,NC,YADKIN,197,SOYBEANS,"SOYBEANS - YIELD, MEASURED IN BU / ACRE",34.0,BU / ACRE
2014,NC,YADKIN,197,SOYBEANS,"SOYBEANS - YIELD, MEASURED IN BU / ACRE",41.4,BU / ACRE
2015,NC,YADKIN,197,SOYBEANS,"SOYBEANS - YIELD, MEASURED IN BU / ACRE",34.5,BU / ACRE
2016,NC,YADKIN,197,SOYBEANS,"SOYBEANS - YIELD, MEASURED IN BU / ACRE",32.0,BU / ACRE
2017,NC,YADKIN,197,SOYBEANS,"SOYBEANS - YIELD, MEASURED IN BU / ACRE",37.6,BU / ACRE
2018,NC,YADKIN,197,SOYBEANS,"SOYBEANS - YIELD, MEASURED IN BU / ACRE",45.9,BU / ACRE
2019,NC,YADKIN,197,SOYBEANS,"SOYBEANS - YIELD, MEASURED IN BU / ACRE",36.0,BU / ACRE
2020,NC,YADKIN,197,SOYBEANS,"SOYBEANS - YIELD, MEASURED IN BU / ACRE",48.0,BU / ACRE
2021,NC,YADKIN,197,SOYBEANS,"SOYBEANS - YIELD, MEASURED IN BU / ACRE",44.7,BU / ACRE
2022,NC,YADKIN,197,SOYBEANS,"SOYBEANS - YIELD, MEASURED IN BU / ACRE",44.4,BU / ACRE
2023,NC,YADKIN,197,SOYBEANS,"SOYBEANS - YIELD, MEASURED IN BU / ACRE",39.4,BU / ACRE
2024,NC,YADKIN,197,SOYBEANS,"SOYBEANS - YIELD, MEASURED IN BU / ACRE",32.3,BU / ACRE
2025,NC,YADKIN,197,SOYBEANS,"SOYBEANS - YIELD, MEASURED IN BU / ACRE",50.9,BU / ACRE
