year,state_fips,county_fips,county_name,precip_sum_mm,tmean_c,tmax_c,tmin_c
2010,17,121,Marion,316.2873296509916,25.775827553760088,31.43809293241236,20.11456474347334
2010,17,005,Bond,430.7305742556157,25.763964423344465,31.32603205348215,20.20290275954844
2010,17,083,Jersey,399.9386948201649,25.626642482246268,31.112610829690226,20.14167088744767
2010,17,163,St. Clair,337.84172546191854,26.447081792350566,31.99721266739125,20.897949554631584
2010,17,027,Clinton,357.15203718080545,26.04367769247521,31.45972826579268,20.62861008450893
2010,17,013,Calhoun,373.9440991916127,25.7011703493988,31.244847288894828,20.158460392107106
2010,17,119,Madison,407.3765644451545,26.278638632183828,31.522192441195465,21.036076602055303
2010,17,133,Monroe,271.6175494124744,26.370709087836286,32.14482076667547,20.59759284623493
2010,17,117,Macoupin,439.20064457941953,25.25494979598935,30.65081841927137,19.86007692034796
2010,17,171,Scott,538.7565607919673,24.99495122308147,30.64503606557582,19.345861914681862
2010,17,137,Morgan,501.2093625279359,24.870774810338176,30.38742582606933,19.355113982281537
2010,17,107,Logan,395.78135140910155,24.578722359584148,30.16571888443972,18.99271868340218
2010,17,129,Menard,449.7488544073784,24.50877225039609,29.829760964173207,19.18877492026106
2010,17,167,Sangamon,431.0267409176409,24.831864073411886,30.187882963550756,19.47684618674599
2010,17,021,Christian,453.47929015977047,25.276243730097413,31.06016086306219,19.493326406211025
2010,17,127,Massac,191.7653485846035,26.79335001134152,32.644701279383376,20.94299258146917
2010,17,057,Fulton,524.5611074214563,24.58313158913618,30.14402258629268,19.023238365756917
2010,17,175,Stark,459.5569830855118,23.75483335973567,29.488192067846622,18.02248024144595
2010,17,203,Woodford,287.50620765014713,24.296954148154924,30.047128486594733,18.547772582750188
2010,17,179,Tazewell,362.8349306896269,24.450685183669943,29.93800597764579,18.96435497773668
2010,17,123,Marshall,370.3770763712325,24.177744191440677,29.848953931391623,18.507516799775328
2010,17,143,Peoria,395.92444172709116,24.308145197025464,29.812333502209263,18.80495592845651
2010,17,001,Adams,598.3339579580447,25.140061286271592,30.4023128768399,19.878801290363
2010,17,177,Stephenson,584.3829151159262,22.849234412440644,28.37994253030391,17.319515672760083
2010,17,141,Ogle,500.3669392358784,22.70190937833847,28.23572544845015,17.16908854293518
2010,17,201,Winnebago,465.0139630557491,22.79611197665535,28.243825428587197,17.34938307644428
2010,17,007,Boone,445.0223374491391,22.5709237879656,28.1770949955475,16.96575274979241
2010,17,025,Clay,364.6986489200525,26.04173238505707,32.03400265362895,20.05044908758048
2010,17,185,Wabash,292.759627547223,26.260795151049425,32.156671259610945,20.365920000286987
2010,17,009,Brown,543.557672908432,24.88062294290689,30.530438253724544,19.231812096263216
2010,17,151,Pope,214.52946839640455,26.296054772297637,32.290522055522395,20.302579377759763
2010,17,033,Crawford,350.63237984393135,25.782058975795987,31.912551293142812,19.652572893182874
2010,17,135,Montgomery,469.6565309647801,25.330573416334524,30.98902612692064,19.67311186126293
2010,17,055,Franklin,272.9608910391055,26.364017459104534,31.937845032811133,20.791168495476533
2010,17,023,Clark,377.4675550597247,25.57936932946568,31.821190812011938,19.338548529848598
2010,17,059,Gallatin,241.0550559180533,26.41968670920586,32.28529028723477,20.555076844714847
2010,17,075,Iroquois,337.11284194473234,23.93777004004982,30.09767077668397,17.77887112955762
2010,17,041,Douglas,385.0529268582463,24.765713826163317,30.435499525533015,19.096919292856903
2010,17,189,Washington,315.1967479600076,26.183995201562805,31.73562606097632,20.633355044066725
2010,17,159,Richland,353.8328848158666,25.963260127935932,31.932758935430105,19.994759921205308
2010,17,065,Hamilton,227.9493095040319,26.06792827398797,31.83939286554644,20.297459818449354
2010,17,193,White,223.81864940402338,26.237738879456284,32.1124478968664,20.36402482438462
2010,17,169,Schuyler,531.4447736897026,24.789395741624826,30.42676814080843,19.153017953188687
2010,17,181,Union,207.5978411584984,26.938986264835645,32.83471853916212,21.04425707531881
2010,17,085,Jo Daviess,617.9472723309887,22.846563040052263,28.39638279627915,17.29772846892848
2010,17,125,Mason,490.1395257296175,24.720160803267337,30.288120747705722,19.15317762215839
2010,17,191,Wayne,283.7839932579594,26.01941040295467,31.849802082674746,20.19002399829388
2010,17,069,Hardin,212.45103862054523,26.24019119257041,32.190901909714306,20.29046454336761
2010,17,061,Greene,436.6687300766582,25.166782637244133,30.677520959211204,19.657050962110084
2010,17,157,Randolph,276.8724010787824,26.603763659622423,32.51611027918127,20.69240669153938
2010,17,149,Pike,524.8381440461238,25.202181642606536,30.681228940576297,19.724119658747977
2010,17,145,Perry,335.95912262400805,26.427105991038854,31.949333393015745,20.90586343124064
2010,17,087,Johnson,253.04951005213434,26.55140866332732,32.460016016584355,20.643811093877794
2010,17,173,Shelby,424.64076260087086,25.332722645547992,31.17976640021056,19.48667509470375
2010,17,051,Fayette,404.41340824924276,25.55210355451421,31.30744999124342,19.79775858385714
2010,17,139,Moultrie,404.2930018909132,24.9732174157409,30.66548071634165,19.281944579845774
2010,17,017,Cass,528.0116693260675,24.796212573187063,30.373120550197715,19.22031519834248
2010,17,015,Carroll,530.3639975630996,23.11604797924095,28.85499271879153,17.37808577251288
2010,17,047,Edwards,300.5016335124293,26.376909714459973,32.45658853797329,20.29822350246943
2010,17,079,Jasper,392.94220044996564,25.683049604072938,31.650548034871758,19.716533857768848
2010,17,187,Warren,501.95083118619,24.053379759353145,29.473201261122632,18.63454745721129
2010,17,153,Pulaski,178.51427382755827,27.38469051362535,32.984318638174386,21.78606691302434
2010,17,165,Saline,263.9742629942449,26.162156814147917,32.02856153826902,20.29675755108408
2010,17,101,Lawrence,360.47643485284607,25.88595570233329,31.746761924266178,20.026134239718893
2010,17,045,Edgar,370.5214475807323,24.814085633765544,30.62419517580637,19.004975453407056
2010,17,071,Henderson,513.9836240745504,24.536207302939943,29.713855334734713,19.359541399749872
2010,17,199,Williamson,259.32057484587915,26.415286053128934,32.27042336359451,20.561138956157443
2010,17,077,Jackson,221.97149726709964,26.721617667724068,32.55301490543396,20.891225761770144
2010,17,147,Piatt,389.90107684179617,24.53612476368933,30.204046939003472,18.86918717240936
2010,17,053,Ford,315.1306298393097,23.853733705864443,30.00317990850244,17.705276733919224
2010,17,019,Champaign,383.174211907456,24.431891055484794,30.2796406086863,18.585134772537852
2010,17,029,Coles,407.56755899596146,25.02106102000342,30.62986498755256,19.413256892874944
2010,17,035,Cumberland,415.6126213679818,25.44864319455945,31.42244879408139,19.475822917525825
2010,17,183,Vermilion,376.3747585194783,24.25990206648319,30.145989607669254,18.374798672006822
2010,17,115,Macon,445.0794963721868,25.117534602157868,30.675671022400106,19.5603901806381
2010,17,049,Effingham,420.74570699344036,25.63849697661404,31.531067697087444,19.746926223707135
2010,17,067,Hancock,632.0904187341068,25.067365687369886,30.616424609894256,19.51929191387127
2010,17,095,Knox,516.567966329128,23.83453879568428,29.22903208087766,18.44103392728287
2010,17,109,McDonough,563.9205508447143,24.561341659485866,30.087742929637614,19.03594071515976
2010,17,081,Jefferson,269.2297439278646,25.901103450122225,31.500150117815295,20.303040103410584
2010,17,113,McLean,318.4997609710644,24.122497361576055,29.966921111710036,18.279072902220392
2010,17,039,De Witt,432.719722509385,24.374801487132437,30.089305734781433,18.661296278132696
2010,17,105,Livingston,304.5464980418592,23.97614206371891,29.907174473585908,18.04610067258991
2010,17,003,Alexander,193.5517299809501,27.52402925491333,33.20019324464926,21.848848053991727
2010,17,093,Kendall,454.9812158880268,23.043478175167614,28.49369563785128,17.59426064994941
2010,17,031,Cook,462.9723719990924,23.858844753484515,28.628576094047478,19.090111296204075
2010,17,037,DeKalb,471.37398564133724,22.56749552250288,27.988509683210783,17.14747535736165
2010,17,089,Kane,464.26760830175715,22.873776150972954,28.339611361137514,17.408932292425728
2010,17,063,Grundy,331.5635488147593,23.49420418916701,29.137101638137416,17.85230899500403
2010,17,111,McHenry,412.42699229983265,22.403469191201278,28.07048601513426,16.737443747545424
2010,17,197,Will,420.7962451964125,23.70118163143819,29.118788694361804,18.28456521042892
2010,17,043,DuPage,513.3635288274478,23.532423723676764,28.95033606262289,18.115494193938446
2010,17,097,Lake,383.4040873786754,22.65234606208204,27.579467718964175,17.726216730644328
2010,17,091,Kankakee,335.6607485403226,24.013149563679878,29.85250127770409,18.174786513790206
2010,17,011,Bureau,417.5056544234687,23.630544066756826,29.274010905917624,17.988063366876847
2010,17,155,Putnam,375.90398921131003,24.148003436418215,29.873260657861508,18.42371776166134
2010,17,099,LaSalle,367.4099635316458,23.58235731391671,29.091238058659062,18.074465003540414
2010,17,131,Mercer,495.4793186096131,24.092210460553666,29.38348093885906,18.80193819977665
2010,17,161,Rock Island,466.1176916350209,24.087854530742202,29.153352781472506,19.023352395836774
2010,17,073,Henry,443.16314197363306,23.751696571813458,29.135991185016927,18.36841183287947
2010,17,103,Lee,405.5868048175999,22.741897017416726,28.28052194091258,17.204255695223203
2010,17,195,Whiteside,388.73043740059467,23.337445458116978,28.84727554040745,17.828621472175627
2010,19,149,Plymouth,553.0272244701899,22.68434779734842,28.565062040457015,16.80462858860051
2010,19,193,Woodbury,526.8457861165995,22.920308903247776,28.751962334965214,17.08965364724866
2010,19,027,Carroll,594.7771824917717,22.607702880854113,28.083463768131324,17.13293419369465
2010,19,061,Dubuque,570.8562487892934,22.444613919662977,27.621758121257244,17.268458379935055
2010,19,101,Jefferson,670.9618820940079,24.524414155864477,30.227401231624178,18.8224293805597
2010,19,187,Webster,664.6934487426,22.806770686371433,28.20455700184152,17.409983503008807
2010,19,111,Lee,643.4777123594761,24.93732673723668,30.15875779778994,19.716887940336157
2010,19,127,Marshall,538.8505080621081,22.92106251334529,28.199771347707127,17.643360211342625
2010,19,195,Worth,440.26264441639205,21.689882653386302,26.95058616094642,16.4301713388376
2010,19,033,Cerro Gordo,422.5824078152132,22.057107949170675,27.597568200015264,16.517640320528276
2010,19,051,Davis,679.0118080989615,24.227800663231783,29.666252623418657,18.79035754983574
2010,19,179,Wapello,777.9343271741719,24.108549173744517,29.450166729759022,18.76792673264365
2010,19,041,Clay,600.4748592036252,22.323750112038777,28.01877114148416,16.62971302738512
2010,19,059,Dickinson,472.2533741496525,22.337715081947657,27.981472654770048,16.694974349138153
2010,19,021,Buena Vista,640.1852963219169,22.514474892432638,28.16409826238862,16.865824084966444
2010,19,013,Black Hawk,616.6346883204604,22.65789356861007,27.98031968599187,17.336462823150274
2010,19,075,Grundy,557.1878347055844,22.72695739422912,28.11864996302397,17.33626318907293
2010,19,017,Bremer,588.5089584601731,22.332443013069437,27.751249493343945,16.914636068655536
2010,19,085,Harrison,597.6336320807835,23.42826799045011,29.2081582438816,17.649372634067863
2010,19,129,Mills,452.38324651384295,24.372703375939192,29.915843619487045,18.83054698281881
2010,19,155,Pottawattamie,547.8111403945393,23.80525016509762,29.437394613580317,18.174094416189533
2010,19,123,Mahaska,809.0582165713485,23.76426436427389,29.062021582866702,18.467492712580643
2010,19,125,Marion,855.9958130973005,24.117766992261252,29.26971139877309,18.966801126360444
2010,19,053,Decatur,541.913077862219,23.831255155526282,29.378224366379754,18.285282914729077
2010,19,031,Cedar,519.34323506831,23.190886983850508,28.529202064293923,17.85357566779912
2010,19,151,Pocahontas,605.8189786954962,22.631451721737907,28.172342987407678,17.091546819061122
2010,19,109,Kossuth,470.15635850539934,22.394789019824273,27.89629011710693,16.89427718343125
2010,19,089,Howard,440.75299931569947,21.285257483204738,26.88164383456673,15.689882960596506
2010,19,147,Palo Alto,579.1307691078769,22.369949662409546,27.980441318693725,16.760455030385277
2010,19,159,Ringgold,526.3144011929497,23.8844276107567,29.296847546017283,18.472988539075406
2010,19,025,Calhoun,664.4977097793311,22.635358314862426,28.012027656811366,17.2596702756376
2010,19,039,Clarke,572.4472372263162,23.842781946897734,29.39431497438822,18.29225415977322
2010,19,065,Fayette,562.5110391108784,21.913034189940824,27.36775377270511,16.45930919447678
2010,19,001,Adair,598.0096597936775,23.437460742339923,29.002336102283724,17.873585575140893
2010,19,037,Chickasaw,451.2054302682644,21.723558796884443,27.201800042753295,16.24631308726645
2010,19,081,Hancock,446.1492257089145,22.217920980908012,27.660759472883164,16.77606939763704
2010,19,157,Poweshiek,644.8688407535088,23.369292757941942,28.795417914546647,17.9441499490902
2010,19,165,Shelby,641.1961901954121,22.780881224823492,28.441839004799654,17.120934933424905
2010,19,185,Wayne,677.881377452272,23.746117740149625,29.230963234770286,18.262279327402148
2010,19,097,Jackson,499.7788470335003,22.699307287162988,28.088548988381973,17.311085492255188
2010,19,043,Clayton,487.16157404774515,22.212031408920964,27.550193349973913,16.874862975770284
2010,19,007,Appanoose,818.7952953438748,23.971495555090772,29.265004588441784,18.678979568718923
2010,19,177,Van Buren,640.205538734521,24.691807757876862,30.421635730792513,18.962976138558222
2010,19,197,Wright,670.5068268825562,22.915276872585466,28.459624693998897,17.37193229332884
2010,19,137,Montgomery,489.82885743239456,23.82611104232843,29.493851855285186,18.159358315001757
2010,19,175,Union,557.3883067883646,23.69374830533352,29.129209209070773,18.259284526406997
2010,19,107,Keokuk,724.1607239402332,23.76045803254181,29.1877021076668,18.33421352854074
2010,19,131,Mitchell,451.42576525261967,21.566314011380925,26.980752187269655,16.152874263248005
2010,19,191,Winneshiek,428.84943639315924,21.776760810910236,27.222586740071524,16.331926592666292
2010,19,161,Sac,636.4323812191819,22.396699116484093,27.894057432775984,16.900347464447176
2010,19,055,Delaware,615.1808710425103,22.107429719642234,27.578427973050164,16.63743287871329
2010,19,067,Floyd,438.5019293280397,22.291731362708614,27.821271696853913,16.7631897408033
2010,19,009,Audubon,676.0868017331632,22.60817969941528,28.15211116582936,17.06524331929455
2010,19,079,Hamilton,658.8110288802726,23.045085447128344,28.570391424275282,17.520776678250346
2010,19,069,Franklin,614.4416145992001,22.60968910987546,28.21452377419378,17.005854427588567
2010,19,141,O'Brien,603.3818985590472,22.33758092399692,28.155811434436018,16.520360513672955
2010,19,167,Sioux,575.7641912432368,22.44447568545333,28.37387371403565,16.516062377328954
2010,19,005,Allamakee,482.7757855132862,22.206473412954015,27.342348937826642,17.07159300964776
2010,19,189,Winnebago,426.9824530485036,22.019852282714318,27.452608140924095,16.58808986589092
2010,19,093,Ida,627.5635162738945,22.48245044608613,27.984329835297046,16.981562049827755
2010,19,029,Cass,632.4354259120814,23.2528498681922,29.008011687532882,17.498679409771352
2010,19,083,Hardin,563.686028195279,22.805900291585694,28.30725597316127,17.305543316857488
2010,19,173,Taylor,473.8263293285556,23.80774369097314,29.281259637388253,18.335208431150587
2010,19,145,Page,416.6336527508045,23.952062229539536,29.45492178878889,18.450187293240262
2010,19,035,Cherokee,617.4581578714198,22.547112535682174,28.27520740065128,16.820017065449672
2010,19,071,Fremont,387.5411766909846,24.613891201690496,30.19402209653333,19.034741361583162
2010,19,095,Iowa,546.6762292183855,23.2726624022977,28.642256654813036,17.904051958709278
2010,19,023,Butler,558.648649493395,22.832287941143896,28.401601750569807,17.26396271698699
2010,19,063,Emmet,491.46624695595176,22.11660401789215,27.677272673420973,16.556916930036653
2010,19,047,Crawford,599.6785671225775,22.476312451153163,27.990284531752902,16.96331995550048
2010,19,019,Buchanan,621.9067577231451,22.282979039243365,27.726771709054987,16.840171062262897
2010,19,143,Osceola,504.8680443504121,22.127429422322002,28.016380010577638,16.23946642451699
2010,19,073,Greene,605.3195778260881,22.794346928049894,28.231062114167603,17.358626217887323
2010,19,087,Henry,595.2632232571679,24.468400487919048,29.754722933931426,19.183084846948198
2010,19,119,Lyon,495.9781088024195,22.257594607337495,28.248722093871184,16.267465798782162
2010,19,003,Adams,514.4541570469088,23.46051473454514,28.942869567045573,17.979175429188366
2010,19,133,Monona,548.0590884927954,23.163158404719542,29.207779733884323,17.119540465425718
2010,19,091,Humboldt,632.2479520183804,22.991481326775865,28.50227003354909,17.48167365987952
2010,19,115,Louisa,552.1427507625873,24.540109182517476,29.88573482490105,19.195484618469077
2010,19,171,Tama,493.37131653442253,22.840649288579286,28.261290641351216,17.42100020923567
2010,19,135,Monroe,763.2237350722803,23.823478738266456,29.048797498677693,18.599138307832153
2010,19,117,Lucas,697.5390777822822,23.931765342781986,29.342465183935218,18.522057462507277
2010,19,057,Des Moines,531.1941690259086,24.599185100237424,29.69854326789549,19.5008145498002
2010,19,011,Benton,489.52667389543774,22.894440045286807,28.271598458698193,17.518287810062983
2010,19,113,Linn,534.8453622786681,22.789789588330645,28.11885028302212,17.461714677632983
2010,19,105,Jones,528.8684756528701,22.53212890465316,27.983878706525463,17.081378297436142
2010,19,103,Johnson,541.064599665513,23.60083988937766,28.712691801953945,18.489980555564046
2010,19,183,Washington,666.7557434361163,24.042787465984027,29.508337575711522,18.57823809943933
2010,19,045,Clinton,478.161459812907,23.131394377885872,28.462295533246884,17.801501491343338
2010,19,163,Scott,477.9968524770922,23.688345330511744,28.761622970694937,18.616061062043677
2010,19,139,Muscatine,583.2742986747262,24.136373566824897,29.3395888650839,18.93415098178672
2010,19,169,Story,692.4198715392298,22.93927805023978,28.256886864402677,17.62265548852073
2010,19,015,Boone,686.4420369192297,23.061064573854544,28.45927576323134,17.663835674481653
2010,19,121,Madison,642.2694171203832,23.490226703672832,28.934523540618493,18.046921938253455
2010,19,181,Warren,703.5482409848299,24.06316499293495,29.314255999920203,18.813067989872962
2010,19,049,Dallas,693.7985277204448,23.41214640466772,28.897694540839044,17.927585775897935
2010,19,153,Polk,793.630520101739,24.01002925434037,29.364304980985203,18.65675355403226
2010,19,077,Guthrie,666.8671954442806,23.079772053194937,28.661607362408944,17.498922572057467
2010,19,099,Jasper,793.3437496948602,23.637657684944482,28.964977838417788,18.31133171736511
2010,31,043,Dakota,445.0922565566913,23.123392208274854,29.164961866020164,17.082810851207043
2010,31,051,Dixon,490.7980536365411,22.74756299622379,29.01069494619434,16.48543096530021
2010,31,053,Dodge,540.0505803497125,23.57704975989351,29.409438302796033,17.745660328434465
2010,31,025,Cass,475.3912967135425,24.524129052210306,30.0067802284993,19.042476492928134
2010,31,055,Douglas,487.39713370166686,24.39420305343271,29.697356587311013,19.09204673951118
2010,31,153,Sarpy,484.91218153373086,24.449559125805553,29.853648516897824,19.046452237206076
2010,31,155,Saunders,488.92716939768684,23.651949863900825,29.775148146646853,17.52975737820533
2010,31,177,Washington,555.9249170459232,23.99836533800178,29.482146945991143,18.5155736654186
2010,31,067,Gage,372.2174553915595,24.572431277003332,30.597411488165818,18.54843858891415
2010,31,109,Lancaster,451.57232774019155,24.36563822013529,30.23619008960644,18.496088563127945
2010,31,159,Seward,387.0799028831273,24.011185010918737,30.074831367686986,17.94852844241665
2010,31,139,Pierce,458.3444556757269,22.834080063705752,29.001142777618202,16.66800932533214
2010,31,119,Madison,490.32253832346504,22.819986551085783,28.78419246374728,16.85676715073565
2010,31,167,Stanton,553.876349980388,22.86161180275489,28.84980131047185,16.874408634002098
2010,31,117,McPherson,453.83176639064783,22.223098681998426,29.50812080118558,14.939069900011283
2010,31,111,Lincoln,421.41905111006827,22.506638754205913,29.67185717544916,15.342412365421273
2010,31,113,Logan,443.51342200032775,22.276235419373414,29.484855430996287,15.068616766721698
2010,31,007,Banner,181.6619478866767,21.010777435685696,29.305013287347514,12.717534944826653
2010,31,157,Scotts Bluff,198.10133667942156,21.664660241111772,29.82981508431771,13.500507527539686
2010,31,165,Sioux,204.1533813425321,20.228565355566367,28.460535293723144,11.997593899823663
2010,31,039,Cuming,615.7263674142729,22.968889447746356,28.93192238334026,17.006843124321207
2010,31,129,Nuckolls,340.29690711435654,24.2368644307008,30.867801394207625,17.60691122884667
2010,31,101,Keith,310.65983850085047,22.75749361437736,30.29476332332492,15.221210166653497
2010,31,137,Phelps,405.6269336077596,23.29004282864562,29.628261768656397,16.952824110206283
2010,31,181,Webster,367.9734228347718,23.96820468208707,30.517280944682398,17.420111301968813
2010,31,015,Boyd,515.4007098720712,22.714046344709768,29.19614806645966,16.232955280375187
2010,31,171,Thomas,426.89573855966586,22.458181651451845,29.628253759099135,15.28911079919627
2010,31,089,Holt,457.2694097227984,22.484302750078974,28.911991336961197,16.05760797101343
2010,31,017,Brown,375.8866674301948,22.46304343230754,29.33134005500854,15.5957417163469
2010,31,103,Keya Paha,341.8835143286594,22.57142380584799,29.216503612284736,15.927343699979296
2010,31,077,Greeley,442.74517082918425,22.782221701874555,29.211696736917126,16.353735120157037
2010,31,095,Jefferson,322.80431560343123,24.432941142903356,30.706904774554495,18.15997664979737
2010,31,151,Saline,290.36584489255,24.133765506714028,30.19941713107843,18.06911418390138
2010,31,057,Dundy,296.9317235072626,23.63522170006869,31.44498690539607,15.82645285895357
2010,31,131,Otoe,450.6300510608494,24.58718710585126,30.345496185691214,18.829886449863306
2010,31,087,Hitchcock,346.2653269065443,24.094650375329383,31.812859322304636,16.37743506589048
2010,31,105,Kimball,219.09054085686634,20.46811813206014,28.74661890479179,12.190613370640671
2010,31,127,Nemaha,375.1510496795235,24.825800243063437,30.562563290808587,19.090032290696605
2010,31,041,Custer,474.21823475400805,22.341933819471652,29.00871477413367,15.676148375473378
2010,31,143,Polk,448.05260515055136,23.55589699987449,29.499354453597615,17.61342988569459
2010,31,045,Dawes,254.73172404657157,21.358401070864495,29.203851298246445,13.513961032784687
2010,31,179,Wayne,473.2736674285036,22.78077240229183,28.851129336693376,16.711416711612618
2010,31,071,Garfield,465.4312323746243,22.285026453647383,28.900739372206147,15.670324530910797
2010,31,013,Box Butte,252.5140812492459,21.02325998548604,28.837434420318097,13.210084994079441
2010,31,173,Thurston,505.26722616681576,23.1402881360361,29.459060113069725,16.822511399387363
2010,31,011,Boone,480.7200693841518,22.78980548348765,28.97361745746327,16.606992167293505
2010,31,145,Red Willow,331.80308471627296,24.056683183498162,31.42063022183103,16.693735385562846
2010,31,149,Rock,430.165793428039,22.21213480503579,28.71988482607841,15.705372521374613
2010,31,005,Arthur,333.1187828301632,22.087887292576085,29.55365769220806,14.623108963794156
2010,31,085,Hayes,409.9449044009838,23.12494930892032,30.532004096834843,15.718898898162522
2010,31,097,Johnson,398.7243916909772,24.530408105019756,30.516548801956077,18.545227219582255
2010,31,003,Antelope,456.42566785388374,22.540597862466754,28.625780037754986,16.456416569281934
2010,31,163,Sherman,430.38060157970745,22.76236626165559,29.265408595708234,16.260309897168632
2010,31,161,Sheridan,296.6331107091623,21.04409637247197,28.542565685255596,13.546618477142085
2010,31,133,Pawnee,388.56341184039684,24.764051648914577,30.71170586215625,18.817399780930714
2010,31,075,Grant,342.97897063830015,21.469698934033968,28.811895074103624,14.128490893727149
2010,31,021,Burt,612.3523425866939,23.37206349051707,29.300162421409123,17.444959778624607
2010,31,009,Blaine,501.8222809012046,22.51786398929147,29.529633119497426,15.507092512614403
2010,31,027,Cedar,485.889892797578,22.74562826876176,28.88671809265689,16.60552932778485
2010,31,169,Thayer,329.6356404763203,24.562470424317162,31.040581385762504,18.085351988339443
2010,31,049,Deuel,254.70746013566512,22.589851842541364,30.437851841251693,14.742846383763625
2010,31,123,Morrill,257.95009516724014,21.85337597630283,29.774142371291678,13.933603083529794
2010,31,115,Loup,490.31044073713457,22.37735467101652,29.13754850730726,15.618148707107006
2010,31,063,Frontier,371.9352997561785,23.314753094912543,30.405499332874474,16.224998249698565
2010,31,125,Nance,463.91913705548865,23.365667313482888,29.496548209195023,17.23577476564815
2010,31,107,Knox,506.3299197858218,22.832207712733258,29.297488990965324,16.367929446969516
2010,31,135,Perkins,344.43164616119293,22.9277824033913,30.581934570754377,15.274620819930346
2010,31,037,Colfax,496.63254697095726,23.34950329056136,29.366548668265754,17.333442911522468
2010,31,023,Butler,475.3446651009018,23.749535657299344,29.853431759515765,17.64663649220172
2010,31,031,Cherry,334.04418253220314,21.776327486641332,29.13834429084002,14.415307191282569
2010,31,183,Wheeler,437.77237596025384,22.560701071274174,29.008053368087495,16.11434945147088
2010,31,061,Franklin,428.11682162299985,24.033252149082305,30.630436637859905,17.43707323573455
2010,31,029,Chase,368.2714201304413,23.142490080653626,30.682030663412114,15.603928686282668
2010,31,059,Fillmore,333.64071051616156,23.95976541444479,30.210296974636737,17.710246551669037
2010,31,185,York,340.6949621227748,23.908349569359856,30.10256942899683,17.715112667897305
2010,31,035,Clay,375.70853478622894,23.899597039240263,30.078070662541986,17.72210260669131
2010,31,033,Cheyenne,253.14267562421196,21.812089649426685,29.731139618689966,13.894033946168005
2010,31,069,Garden,310.11803320885025,21.863201411114154,29.491276167944548,14.236119542328073
2010,31,083,Harlan,382.1670364537052,24.149922357327807,30.895285160475613,17.405560891960345
2010,31,091,Hooker,361.9427097691593,21.95609632871894,29.119195087310377,14.794000648884651
2010,31,147,Richardson,369.8149577506817,24.998094917063455,30.668810080125567,19.328372459675215
2010,31,065,Furnas,320.88023494834437,24.261565290499384,31.594067256079015,16.930064056216832
2010,31,175,Valley,432.71323655823886,22.605170941423307,29.09099247600862,16.12034437610405
2010,31,141,Platte,511.73128109433475,23.195505287528455,29.226457627420135,17.165545525345408
2010,31,121,Merrick,430.925784113919,23.759251885141754,29.801379825128592,17.718122536909345
2010,31,079,Hall,393.55315454942115,23.71768199582133,29.76311445360616,17.67325110791235
2010,31,081,Hamilton,373.62396194639285,23.754458123611684,29.760897742768933,17.74900289355487
2010,31,093,Howard,426.5602543671954,23.34419437334546,29.543582674537696,17.145815200428295
2010,31,001,Adams,332.0736477847308,23.88765418074944,29.998824310352852,17.777473213535835
2010,31,099,Kearney,383.21185074201344,23.7587769197557,30.134207089252094,17.384333280110315
2010,31,019,Buffalo,393.50168767890256,23.18116428255622,29.54901627933067,16.814299926803457
2010,31,073,Gosper,369.56819698287023,23.2856147294923,29.8766037391729,16.695616616866253
2010,31,047,Dawson,453.65072693749033,22.92926264077624,29.439746015208097,16.419770086475864
2010,37,037,Chatham,283.7920607603267,26.611316243966208,32.236711404400815,20.986905944331514
2010,37,115,Madison,333.1892077717805,23.06203737913677,29.434125878994852,16.690928345887098
2010,37,087,Haywood,342.4783544981134,20.9993434271757,26.63256816183204,15.367103372045174
2010,37,021,Buncombe,245.68716345055213,23.07169528069529,28.864676118745045,17.279709911241405
2010,37,089,Henderson,317.0692059247363,23.610067982023175,29.174365211533463,18.0467769223478
2010,37,175,Transylvania,457.88749290842213,22.11118686616574,27.526921531280916,16.696448464876642
2010,37,167,Stanly,341.7164365869117,27.09569858496904,32.848222248337215,21.344164413266917
2010,37,109,Lincoln,277.52500757989844,26.628447379288918,32.66982601707204,20.588081449649874
2010,37,159,Rowan,362.4561126222356,26.332268276454354,32.13286528700789,20.53267556543962
2010,37,025,Cabarrus,401.6749747226239,27.120127420330093,32.91134491385404,21.329910356653414
2010,37,097,Iredell,356.58299837957094,25.804197042393024,31.695306739139767,19.914082828253406
2010,37,071,Gaston,277.34980694112005,26.994696128749997,32.917788333033826,21.072601796593677
2010,37,179,Union,321.30958774745153,27.249234021136456,32.86872824907707,21.63073383040042
2010,37,119,Mecklenburg,339.8479345794782,27.252877879878522,32.963116905786784,21.543633313501786
2010,37,045,Cleveland,256.0797218165369,26.458941080541173,32.57019705746076,20.348678964002925
2010,37,005,Alleghany,345.2964453266312,22.17505230888632,28.05836259200242,16.292735526681273
2010,37,173,Swain,327.701534832153,21.91954949741368,27.819251017854583,16.020856173878414
2010,37,011,Avery,378.77989723155827,21.06301981497545,26.357604171409275,15.769443416859218
2010,37,033,Caswell,312.5664882902126,26.36733927056634,32.70803359718427,20.0276279609824
2010,37,075,Graham,339.22898524015744,23.185866477665556,28.875847878538533,17.496884026160213
2010,37,007,Anson,334.1359193849636,27.542693726084998,33.406969738277674,21.679404247075084
2010,37,149,Polk,266.0791272437862,25.893828224374086,31.694176342684266,20.094464742196074
2010,37,039,Cherokee,304.70247396461247,24.22394691225189,30.08327640414992,18.36562170240398
2010,37,113,Macon,303.3293132559418,22.407691599741582,27.72429370416228,17.092087564129876
2010,37,009,Ashe,284.86780478816473,22.033753851532293,27.622807384160126,16.44568871058814
2010,37,123,Montgomery,341.4967968579545,26.956418400904862,32.815982687434825,21.09785024607076
2010,37,043,Clay,300.5130215110283,23.118406527248194,28.445788177894645,17.792015138788667
2010,37,121,Mitchell,328.82263410174977,21.53332006660423,27.302436680278873,15.765193479674705
2010,37,199,Yancey,289.9518411763357,21.04516587630749,26.305154570606806,15.786156384736147
2010,37,189,Watauga,331.4020287330698,21.724503143365578,27.176494066883038,16.273485599895874
2010,37,099,Jackson,316.7591569594717,21.454625133844626,26.871081996065765,16.03917749614739
2010,37,161,Rutherford,233.35951455884154,25.97317884741424,32.07499083992637,19.872362681702867
2010,37,193,Wilkes,377.9443798892439,25.12666721038087,31.350909051761846,18.903415868910724
2010,37,125,Moore,305.27405893878034,27.047736558337057,32.75920561339629,21.337253040023096
2010,37,153,Richmond,398.70254639975656,27.46852190227619,33.30945160733866,21.628591847678113
2010,37,093,Hoke,390.2292095808505,27.49545232367374,33.0373746350816,21.954516178506285
2010,37,165,Scotland,411.739313482789,27.56506545807006,33.25459222595194,21.876529448335862
2010,37,155,Robeson,371.915301065104,27.579853120377685,33.045051742589834,22.115655077861057
2010,37,001,Alamance,305.68918641313917,26.51289404900493,32.20577234898942,20.821013945994924
2010,37,151,Randolph,276.8907746503818,26.544875872906044,31.999869556181473,21.090878832286325
2010,37,081,Guilford,329.3769925842149,26.446851958961027,31.871603700988278,21.023098127615828
2010,37,157,Rockingham,351.2646787369271,26.010304764763788,31.94298585891724,20.0786118103286
2010,37,171,Surry,334.0027977865464,24.76523784108072,30.879872842108504,18.651597651258516
2010,37,057,Davidson,335.80741985319986,26.330102016005487,32.04153994644509,20.619658694107034
2010,37,169,Stokes,349.6305268644684,25.159684724657907,31.257922115791693,19.062440927155688
2010,37,067,Forsyth,348.44196985963697,25.84074575474835,31.395931041507556,20.28655598102559
2010,37,197,Yadkin,332.7807298802945,25.27619194010035,31.216705081131952,19.336675895198297
2010,37,059,Davie,328.15448391617247,25.755703066503497,31.69984096534952,19.812580170201613
2010,37,027,Caldwell,384.54282234683177,25.243970236526632,31.210203909886747,19.278731539367755
2010,37,003,Alexander,389.3441090074474,25.700310154136954,31.50437361405947,19.897238667456353
2010,37,035,Catawba,293.5030366716492,26.21381139721474,32.06164789593872,20.366971031736938
2010,37,023,Burke,331.8706123263153,25.156139437583384,31.16335679142138,19.149919658290454
2010,37,111,McDowell,331.4289067232522,24.29469416881502,30.33901861270794,18.251349457957613
2010,37,029,Camden,328.5544149899031,26.751986019054264,31.62362542590872,21.881364995631483
2010,37,139,Pasquotank,350.1889776929754,26.809325918548215,31.676988077533586,21.942655805359408
2010,37,143,Perquimans,383.63994159948066,26.921395691665055,32.12428305538188,21.71950237908066
2010,37,177,Tyrrell,439.99425668107517,26.575164975914806,31.326990319018797,21.824341734361315
2010,37,055,Dare,393.0503048138421,26.427794753804303,29.55434424432683,23.302248364454783
2010,37,073,Gates,268.70480716801165,27.08201607579474,33.43934083334246,20.72568118216248
2010,37,053,Currituck,316.87446294146883,26.64425712258401,30.342416827792423,22.94708844114358
2010,37,019,Brunswick,403.70921430417303,27.4064785664606,32.09339583269491,22.72055532838962
2010,37,031,Carteret,323.0503066489594,27.348897836101308,30.604246147850333,24.09453464265201
2010,37,137,Pamlico,358.67842862191543,27.644152767699094,32.10469883850008,23.18460632958547
2010,37,049,Craven,388.9358253724068,27.28061879672738,32.437822099041284,22.124422742070877
2010,37,103,Jones,351.365633573721,26.83293078992613,32.368374009799204,21.298487871813045
2010,37,085,Harnett,331.32466628340046,27.64416944256114,33.23027129584444,22.059054404816777
2010,37,063,Durham,264.2994099002301,26.568953326144136,32.19994902673388,20.938944332739897
2010,37,145,Person,253.40408803484283,26.06981051032211,32.07480875529056,20.065815363768323
2010,37,135,Orange,269.5154192776113,26.45564561821853,32.247808849894604,20.664459139322066
2010,37,181,Vance,209.2156763234801,26.611489989660026,32.629848163230584,20.594126798068533
2010,37,077,Granville,247.1230112798174,26.526084085158868,32.274421290147664,20.778739886477805
2010,37,069,Franklin,262.0412889480717,26.86831099990611,32.74074392136995,20.99687324916646
2010,37,101,Johnston,326.0435446166835,27.156486016269426,32.79240168003498,21.521564445176555
2010,37,183,Wake,340.88730175343454,26.99043206915902,32.5732996495524,21.40855982712421
2010,37,105,Lee,298.7662592484545,27.040602513804924,32.77073797364097,21.31146712268334
2010,37,131,Northampton,205.66795660952627,26.85455001344384,32.93025869198385,20.779846525160004
2010,37,083,Halifax,244.4176876349339,26.973749845931163,32.99018291157339,20.958314745906105
2010,37,127,Nash,240.23918398955763,27.200031786190902,33.08552409045466,21.315533137863977
2010,37,065,Edgecombe,248.83044906354328,27.32143063624123,33.044542249653304,21.599311028895364
2010,37,195,Wilson,296.69865256258925,27.3244857359762,32.976501686245,21.67345012871918
2010,37,163,Sampson,380.0303753174842,27.299992964840165,32.885787497427046,21.71519101827611
2010,37,185,Warren,241.70065250377007,26.945160590827147,33.06125839028919,20.830068985900475
2010,37,187,Washington,378.39304073598254,26.80614800201753,32.44069937195192,21.172589968929238
2010,37,061,Duplin,409.86267373771136,26.84771730271659,32.683681369124514,21.012745006990748
2010,37,091,Hertford,239.8646406571482,26.87216048579507,32.84957383371518,20.89574182798072
2010,37,017,Bladen,367.2497148692613,27.43743773865742,33.12382597321038,21.752055229050182
2010,37,095,Hyde,445.3024561055493,26.9358605766816,31.06263716022064,22.810085962383884
2010,37,015,Bertie,249.59269057668772,27.08446765891704,33.07708167269686,21.092833734150744
2010,37,079,Greene,312.56527606713627,27.363861502886728,33.001558270928285,21.727169701568627
2010,37,041,Chowan,323.7027952882252,27.098176138171926,32.452759858147594,21.7445944744358
2010,37,117,Martin,256.8492190372828,27.11697241958306,32.80850935988218,21.426418900453946
2010,37,047,Columbus,370.127624542421,27.373176825483863,32.74267164564785,22.004690813973852
2010,37,191,Wayne,300.2281455830505,27.338723647140277,32.92400709802597,21.754435248472756
2010,37,133,Onslow,340.2979251602483,26.92300699624891,31.757578452707826,22.08942926804539
2010,37,107,Lenoir,374.31096048209884,26.891357844207096,32.53745783014984,21.246263308166885
2010,37,129,New Hanover,361.6924842923174,27.439834044073777,31.683136877066968,23.197516039887287
2010,37,141,Pender,408.6753659843947,27.1082234005297,32.811199740844515,21.406241607221858
2010,37,051,Cumberland,292.230004133804,27.788034603696147,33.232387220491304,22.344675525565314
2010,37,147,Pitt,305.60718796405365,27.260156113358743,32.74192712774775,21.779390635069106
2010,37,013,Beaufort,346.9591627179928,27.469529245713485,32.742488481169076,22.197570357931344
2011,17,121,Marion,389.9434182944769,25.441268222200094,31.06770987906345,19.815812057512073
2011,17,005,Bond,362.4690536247593,25.584067476715614,31.276745001982476,19.892365608944203
2011,17,083,Jersey,266.9702618972169,25.63368127468396,31.252415935875586,20.015950501731332
2011,17,163,St. Clair,375.26027123460364,26.290908052423664,31.964465523859452,20.61833521247084
2011,17,027,Clinton,327.8860176913679,25.856578657224667,31.36728598354968,20.346867445414176
2011,17,013,Calhoun,254.886203676914,25.608352693323813,31.374941783387193,19.842764774584822
2011,17,119,Madison,268.2947726324178,26.150443009397307,31.522402950546798,20.779484382956465
2011,17,133,Monroe,360.1070218119316,26.244770758903233,32.0419435165,20.448588568888336
2011,17,117,Macoupin,313.92220633868845,25.143155136310295,30.763681808345595,19.523623574340093
2011,17,171,Scott,331.0533040886152,24.757296754275163,30.73625345094854,18.779312152149163
2011,17,137,Morgan,337.6699550963247,24.766775948126373,30.572319425871402,18.962225519826887
2011,17,107,Logan,200.82097210276032,24.33018508912956,30.134201936777924,18.527172642803254
2011,17,129,Menard,240.1713551796656,24.51594226379592,30.16352376443277,18.86935062960991
2011,17,167,Sangamon,253.09997316976103,24.855430398469228,30.56954463404516,19.14230720538137
2011,17,021,Christian,268.51601151464905,25.022366993172508,30.987294219977898,19.058424652704577
2011,17,127,Massac,307.3716158115403,26.12199419002232,31.712674434515115,20.532329479846954
2011,17,057,Fulton,244.71742729647576,24.245278310910106,29.980600265738577,18.51093899602371
2011,17,175,Stark,285.84229976279767,23.458749582172917,29.29285923858055,17.62562958648013
2011,17,203,Woodford,296.08414753177846,23.869008704145184,29.66018424696491,18.078826134904034
2011,17,179,Tazewell,218.87636006005343,24.145907304700895,29.82304961032226,18.469758213637608
2011,17,123,Marshall,283.2393338484476,24.026171684837387,29.640724822607165,18.41262718304569
2011,17,143,Peoria,248.00614314257834,23.997925740118575,29.596712807280348,18.40014005314751
2011,17,001,Adams,359.5129305480256,24.934771642101552,30.35527952549917,19.51525116274695
2011,17,177,Stephenson,440.52423319047034,22.554236356350454,28.39686157873046,16.712607190852808
2011,17,141,Ogle,388.6139258446397,22.653440092352422,28.309351668813804,16.998531235738444
2011,17,201,Winnebago,326.487016415446,22.72031401660876,28.41725670732101,17.02436332312107
2011,17,007,Boone,334.8159542679599,22.378087581109227,28.18659423580389,16.570557234694345
2011,17,025,Clay,386.2481309202501,25.42616390662667,31.317091728881554,19.53623271775511
2011,17,185,Wabash,394.1941383074021,25.876625344553506,31.548969863344606,20.20527269300594
2011,17,009,Brown,290.9610941017229,24.48503295061973,30.30806823680318,18.663000329500395
2011,17,151,Pope,409.17083252012094,25.58212862082462,31.412732616715335,19.752537863230753
2011,17,033,Crawford,304.7311052106498,25.19674136579556,31.382306186698937,19.012163249508415
2011,17,135,Montgomery,340.83113690070974,25.153436037451023,31.031222949786798,19.276656708542344
2011,17,055,Franklin,345.1808563526468,26.04168397870361,31.75694352900478,20.327421838990908
2011,17,023,Clark,242.82093764019234,24.90670844947287,31.274424792522737,18.53997782932579
2011,17,059,Gallatin,350.4901963435202,26.10224182599221,31.711167908913943,20.4943313026839
2011,17,075,Iroquois,237.11553393128185,23.468221249824403,29.62831753096319,17.30912280173728
2011,17,041,Douglas,193.52945329465453,24.302302309180046,30.102821917830383,18.502783762438103
2011,17,189,Washington,404.6710273385,25.862577004947873,31.524007588209667,20.20213132085964
2011,17,159,Richland,378.9299418882769,25.42892371510115,31.284722438800937,19.5741261933299
2011,17,065,Hamilton,337.7233766586428,25.912349213825404,31.594741228218258,20.230946177793914
2011,17,193,White,361.4562273918755,26.090691896568543,31.662938905950544,20.51944394330393
2011,17,169,Schuyler,272.62179754139936,24.4413319847154,30.20791272924869,18.675755792525827
2011,17,181,Union,247.81589228172604,26.433562067633446,32.25443688750791,20.613689360048674
2011,17,085,Jo Daviess,517.5605433807893,22.54561847641334,28.40097524930106,16.691259002873025
2011,17,125,Mason,250.72336755971816,24.52281233990615,30.373304231700782,18.67331937788793
2011,17,191,Wayne,399.40140095909885,25.733035052660174,31.44186372594814,20.025198047393534
2011,17,069,Hardin,398.78327381727394,25.5034514279006,31.28565305456277,19.722238925631814
2011,17,061,Greene,283.0176177404655,25.02888971767005,30.79187951793386,19.266893119741532
2011,17,157,Randolph,366.9728405060581,26.203315868899445,32.214991223182764,20.19263406630658
2011,17,149,Pike,280.6057877419473,24.88013645910583,30.5465574132328,19.21471351428133
2011,17,145,Perry,460.18771758635216,25.99655756483686,31.66400292051598,20.330120405643537
2011,17,087,Johnson,341.00373856166306,26.044895805699166,31.871184586075632,20.21959695059205
2011,17,173,Shelby,270.73839887896725,24.743009530830264,30.723870913381273,18.763129732793328
2011,17,051,Fayette,394.394495018165,25.16707636776342,31.007415673568556,19.32772090611021
2011,17,139,Moultrie,189.00490400142328,24.435543080528568,30.275273576815586,18.596822657744084
2011,17,017,Cass,263.7705625781427,24.59752740408222,30.465618244251992,18.730441390521115
2011,17,015,Carroll,378.60134741147715,23.051425957935322,29.041188232529947,17.062666316200357
2011,17,047,Edwards,427.56754905075786,25.907128012363106,31.662407858164595,20.152828386329514
2011,17,079,Jasper,310.47787834569306,25.000777572413657,30.946481699099106,19.056062616618686
2011,17,187,Warren,246.86752499159536,23.761397351729585,29.42025343322393,18.10353471744182
2011,17,153,Pulaski,258.9014612163139,26.945298662290867,32.4054251506148,21.48615835845675
2011,17,165,Saline,366.9147206860542,25.969744245041454,31.713175926217883,20.22729580644249
2011,17,101,Lawrence,419.51469678600273,25.671105764247546,31.482587899843832,19.860626377204024
2011,17,045,Edgar,256.90330749085734,24.11380117424126,29.969840390715824,18.258749888055437
2011,17,071,Henderson,279.4331534588989,24.11490500788154,29.547132848817288,18.683656669937925
2011,17,199,Williamson,344.6032252019313,26.076636817919717,31.98230606682779,20.171969845457372
2011,17,077,Jackson,309.8738719009177,26.250349132730666,32.09206043060038,20.409632496885884
2011,17,147,Piatt,163.62520157504503,24.347719510596875,30.19541833606804,18.501024954682524
2011,17,053,Ford,219.79485774683434,23.7096301505763,29.79604017642508,17.624209272783887
2011,17,019,Champaign,191.12975890721086,24.252738921203708,30.183258058518813,18.323212550648243
2011,17,029,Coles,221.80928153857988,24.456035514261615,30.16987561841481,18.74318883070671
2011,17,035,Cumberland,286.2198932455299,24.734675187497523,30.743051167359233,18.72730413766809
2011,17,183,Vermilion,209.29405382758986,23.852195334451633,29.821898314799057,17.88349519646873
2011,17,115,Macon,197.62327896852136,24.70560237833394,30.497428425258597,18.914787171613035
2011,17,049,Effingham,382.1689699993606,24.870868332130016,30.78682416262701,18.955904799964408
2011,17,067,Hancock,391.6312599672668,24.750864155669536,30.332375692878312,19.17033796267214
2011,17,095,Knox,249.25637499379434,23.55135186967269,29.16983003941231,17.93387984760168
2011,17,109,McDonough,302.1544433183234,24.22681702677949,29.91887834522327,18.5357538273358
2011,17,081,Jefferson,396.15066078640643,25.536043125423916,31.2335994118334,19.839483188258704
2011,17,113,McLean,223.34454521560522,23.881463766991146,29.883399744837767,17.88052103664922
2011,17,039,De Witt,191.85865008818334,24.203808593170667,30.09981215172967,18.30879320973901
2011,17,105,Livingston,242.48795278163226,23.757544684235203,29.647575407670857,17.86850846657568
2011,17,003,Alexander,215.87469916643667,27.12852745088253,32.6692786683651,21.58878354168289
2011,17,093,Kendall,413.7414902674274,22.828495985795936,28.303810909416427,17.354169986576245
2011,17,031,Cook,399.7282050472811,23.25280515089459,28.040526475986447,18.466076109921246
2011,17,037,DeKalb,353.98910298930053,22.517869200095046,27.940603929136184,17.09613145085403
2011,17,089,Kane,374.1367714359686,22.5822647874299,28.128891812890508,17.03663296422581
2011,17,063,Grundy,288.2828105792231,23.354109413966192,29.019786417698224,17.689435554810114
2011,17,111,McHenry,348.86554892153976,22.022284758877053,27.864726871436094,16.18083566048846
2011,17,197,Will,375.801057642745,23.271805661804635,28.726793898842356,17.817806935390266
2011,17,043,DuPage,404.10629573515587,23.005093520006255,28.559302946738445,17.451898356553325
2011,17,097,Lake,348.4762846970753,21.928257368664266,27.03478981608074,16.82271858066851
2011,17,091,Kankakee,275.46734388989324,23.5250374943297,29.382777726487532,17.66829402929708
2011,17,011,Bureau,302.3651648606247,23.413394971471778,29.107381094241827,17.72041604778063
2011,17,155,Putnam,304.9630603215608,23.947700568865685,29.62150477119811,18.274858003508847
2011,17,099,LaSalle,302.96320532839604,23.450008884621067,29.01187841307785,17.889149094230856
2011,17,131,Mercer,214.55477249605363,23.71480046362603,29.235580399479467,18.19500479359156
2011,17,161,Rock Island,226.78015719987118,23.689385900347187,29.015187780452663,18.36457284489129
2011,17,073,Henry,239.42477989406314,23.362943159235645,28.97568950500077,17.751196504033278
2011,17,103,Lee,370.92661971097766,22.713833478412592,28.272228173935524,17.15642863262913
2011,17,195,Whiteside,340.25031194460223,23.052083697611543,28.69740493287018,17.407761501457752
2011,19,149,Plymouth,273.618533333318,22.739869727466903,28.59655749016534,16.884179615358693
2011,19,193,Woodbury,220.27617372578123,23.00850965878463,28.720395223160878,17.297624985094235
2011,19,027,Carroll,272.7404778958191,22.681399751563237,28.079454008751142,17.284346845356808
2011,19,061,Dubuque,456.20212733179113,22.249180180216065,27.75326080952337,16.746102733661804
2011,19,101,Jefferson,286.9104950574358,24.554487946741485,30.374792560075928,18.73518721619047
2011,19,187,Webster,227.11948935411988,22.44731091172775,27.826923719844455,17.068687081074234
2011,19,111,Lee,358.1299568333041,24.775040389835027,30.134793603318446,19.416283799269006
2011,19,127,Marshall,239.57676026590505,22.739027607198878,28.137897706890392,17.34115340058383
2011,19,195,Worth,298.1152424464209,21.850401510847433,27.241818169155575,16.459977927276086
2011,19,033,Cerro Gordo,256.7703592122029,22.05594319395645,27.69393812300347,16.418949014372668
2011,19,051,Davis,422.06830852238755,24.53118577797058,30.11493848284489,18.948442107999725
2011,19,179,Wapello,342.30128051277455,24.39708980434387,29.88151855754114,18.913665721585858
2011,19,041,Clay,325.7902637900064,22.46752256987374,28.16836390811465,16.76767321129848
2011,19,059,Dickinson,401.6485017724523,22.479802115176707,28.25811672644275,16.702494450073836
2011,19,021,Buena Vista,256.43429543062103,22.41651017986887,27.89360910531463,16.940403858793562
2011,19,013,Black Hawk,325.04568576750853,22.52578727800936,28.1438229520489,16.908747264156105
2011,19,075,Grundy,289.36093305919906,22.56144395039421,28.154390018751855,16.969493387162316
2011,19,017,Bremer,317.37908628093845,22.307664124741375,27.954739110353433,16.66158556313797
2011,19,085,Harrison,393.24268717451645,23.53595728150678,29.04248932547547,18.030425126289586
2011,19,129,Mills,413.1854190407012,24.39363442304076,29.714420471596448,19.073854216725472
2011,19,155,Pottawattamie,347.63363538482963,24.049184868789233,29.463978891645763,18.635379843672975
2011,19,123,Mahaska,325.79713296749026,24.10001535892969,29.586072238800618,18.614949450213214
2011,19,125,Marion,365.2276088625801,24.63182110328528,29.768234261477346,19.49640900475115
2011,19,053,Decatur,376.4253695418245,23.83822231909689,29.312412770728926,18.365025026622554
2011,19,031,Cedar,334.99591622809874,23.007160622930247,28.565933812649725,17.44938328252793
2011,19,151,Pocahontas,280.21022144435693,22.534248777932284,28.05669949451105,17.012784005090992
2011,19,109,Kossuth,293.5888906005614,22.19819085771634,27.728363118525028,16.669028805534538
2011,19,089,Howard,234.36657363764115,21.440932163389984,27.37942931756137,15.50342550534289
2011,19,147,Palo Alto,325.2591950768825,22.40078026900156,27.977971874383222,16.82459172789627
2011,19,159,Ringgold,341.57004211884896,23.89535533531039,29.273106920416303,18.518592424904902
2011,19,025,Calhoun,226.5022388158529,22.544309562238944,27.856369396458277,17.23325582746866
2011,19,039,Clarke,367.7776843938746,23.830994196027618,29.243305425327602,18.41968097971083
2011,19,065,Fayette,351.8483291214652,21.964664667681667,27.781826470373623,16.14850938797644
2011,19,001,Adair,358.91027766155776,23.5308884834471,29.086062679287735,17.976708550861783
2011,19,037,Chickasaw,266.8175682771664,21.817963709125195,27.550946767311604,16.085963473728384
2011,19,081,Hancock,255.15297823241156,22.082893103533713,27.640215179527463,16.5265631044141
2011,19,157,Poweshiek,251.60386151031287,23.391139312785366,29.01149971229377,17.771756364348594
2011,19,165,Shelby,431.7228880770257,22.981777446150847,28.422303152232256,17.542254020876257
2011,19,185,Wayne,336.0772363758223,23.890006455328322,29.313970219748636,18.46705364472087
2011,19,097,Jackson,369.7623830499957,22.529107908924686,28.198233675234118,16.860978868552593
2011,19,043,Clayton,328.9914170952614,22.1777355285357,27.898000400253444,16.458476062768852
2011,19,007,Appanoose,388.4064728292777,24.284942457010743,29.6383120750531,18.932573080130332
2011,19,177,Van Buren,422.3471846824974,24.83040613522967,30.678166411872823,18.9836383540985
2011,19,197,Wright,261.4784487336386,22.188363783210804,27.818361465982072,16.55935818991394
2011,19,137,Montgomery,399.988803345007,23.97418377502113,29.596304043302446,18.353060875783136
2011,19,175,Union,376.7364565410333,23.534861511900353,28.92631786272292,18.14441369217123
2011,19,107,Keokuk,303.5477841177539,23.89085790093661,29.506999068798276,18.275706504141265
2011,19,131,Mitchell,279.5758499584062,21.834956039416696,27.314149791139464,16.35676729796198
2011,19,191,Winneshiek,227.21276735541812,21.869573437237435,27.691676761829143,16.048460270961534
2011,19,161,Sac,230.9742669083249,22.364898971800656,27.76959782083535,16.96119831013921
2011,19,055,Delaware,399.97500971041336,21.84933221767944,27.770062638722752,15.929586645523354
2011,19,067,Floyd,281.2069185908176,22.262271130876577,27.860994317375287,16.664542435295143
2011,19,009,Audubon,361.8586683627072,22.839662261707673,28.260019534834345,17.420297046949596
2011,19,079,Hamilton,220.94202488960173,22.463400166473573,28.023004569214283,16.904786717750657
2011,19,069,Franklin,293.98763379172556,22.309728266805415,28.036260612612317,16.58419551148596
2011,19,141,O'Brien,295.86776422407456,22.30244287085517,28.1549619951932,16.45090536536006
2011,19,167,Sioux,228.7406790712222,22.407431452338795,28.383477402850378,16.432393179975225
2011,19,005,Allamakee,226.44541761384264,22.225926219002382,27.71459834544771,16.738256194367803
2011,19,189,Winnebago,282.66327345739023,22.083446991467405,27.55702003949518,16.610887034881504
2011,19,093,Ida,231.18149692466815,22.492183490534906,28.07434477473964,16.911026446657182
2011,19,029,Cass,358.24650120670066,23.595861419110175,29.279974979723995,17.912754677226047
2011,19,083,Hardin,297.12195729560466,22.5058820473943,28.12860486945569,16.884151765879892
2011,19,173,Taylor,388.3433997150517,24.036909358932604,29.53996413524685,18.534846069318142
2011,19,145,Page,417.4672591193435,24.120418756503344,29.630958435394426,18.610866009451172
2011,19,035,Cherokee,262.3037537589314,22.57023324915219,28.231156686965832,16.91031454442528
2011,19,071,Fremont,383.10280068687035,24.428794986513907,29.965337083986345,18.893252516607216
2011,19,095,Iowa,269.01424233782063,23.10431636608263,28.755053078468883,17.454572888557056
2011,19,023,Butler,278.91032911903545,22.628802269767537,28.27845118102157,16.980146719433595
2011,19,063,Emmet,328.41848884955465,22.09570859689501,27.64181280476054,16.55058717404297
2011,19,047,Crawford,314.305767602697,22.624811649811814,27.981725929431153,17.26889261248831
2011,19,019,Buchanan,380.7112201190402,22.126559503847695,27.929412320072,16.32471124460587
2011,19,143,Osceola,338.855038444559,22.078104627171665,27.966227589595704,16.19095679466339
2011,19,073,Greene,243.98113757296065,22.76992753321603,28.234996492498347,17.30584723266118
2011,19,087,Henry,300.45163185348156,24.13379734146269,29.597018990624257,18.671571818615448
2011,19,119,Lyon,264.02309180249875,22.107116134150242,28.108962806142408,16.106275712887225
2011,19,003,Adams,381.0327445513456,23.621717133859466,29.156625277220606,18.08781491981082
2011,19,133,Monona,294.52523452995337,23.178855418914445,28.957542811191114,17.401168523116407
2011,19,091,Humboldt,269.7027195633547,22.364326629852,27.83655516376122,16.893106132168494
2011,19,115,Louisa,250.8868654432573,24.182322143665825,29.84505980532616,18.520580275125003
2011,19,171,Tama,231.87755037246083,22.629506539509926,28.30003092356101,16.95998817331511
2011,19,135,Monroe,348.728642815661,24.34826676488089,29.706448394059368,18.99108182436472
2011,19,117,Lucas,394.46695788949535,24.065458874929153,29.43874236314573,18.693161570944163
2011,19,057,Des Moines,304.77318229232276,24.13191662003797,29.47158087661476,18.793240119847596
2011,19,011,Benton,271.1372418943001,22.606005342900495,28.282114850464644,16.930894131906985
2011,19,113,Linn,334.56471574699833,22.592454105829297,28.25429972125422,16.931599918104933
2011,19,105,Jones,346.93974830117986,22.40275491823891,28.203835369553683,16.602650320629742
2011,19,103,Johnson,284.3325246874522,23.39419038582661,28.779122095212863,18.010231776867748
2011,19,183,Washington,278.2788243731196,24.075841438018244,29.751806258003533,18.400880425036586
2011,19,045,Clinton,325.4528937612172,22.942706425563603,28.499373439083705,17.38702722822111
2011,19,163,Scott,257.94856965826636,23.419730973808885,28.75301210282552,18.087447397789756
2011,19,139,Muscatine,233.58121558461278,23.89946515322603,29.40579294822913,18.39413902473527
2011,19,169,Story,284.8735138077833,22.720743561066286,28.01152706194115,17.43095239093265
2011,19,015,Boone,264.01841840622484,22.82804288131453,28.150958846879785,17.50612658552582
2011,19,121,Madison,343.5595570572014,23.540817807533994,28.877410264993273,18.205216632662076
2011,19,181,Warren,380.5332308537589,24.261745315328753,29.33483897487112,19.189662059606654
2011,19,049,Dallas,327.76447238915625,23.462839954090338,28.897273568635452,18.029423583714618
2011,19,153,Polk,335.77162154188795,24.151287027685655,29.42638331659555,18.877189817205224
2011,19,077,Guthrie,314.80065674745055,23.17093986398486,28.77571623480805,17.56714536009003
2011,19,099,Jasper,299.22191788002664,23.8388743289572,29.14230840147121,18.536435039796064
2011,31,043,Dakota,259.5730699436769,23.310394446012594,29.14829762411104,17.473492635128558
2011,31,051,Dixon,254.98077495106116,22.938516912305044,28.850787672910382,17.027246736879203
2011,31,053,Dodge,355.32782999918436,23.528289116314024,29.03860505279491,18.018962910247094
2011,31,025,Cass,364.4298551129388,24.36283623953425,29.612666146953547,19.114010273124062
2011,31,055,Douglas,338.66294570422025,24.437189205637516,29.484779363022046,19.390620215883796
2011,31,153,Sarpy,323.8751020868071,24.45273881134028,29.556804526492797,19.349665948720723
2011,31,155,Saunders,338.64562347087184,23.66693001853298,29.365641704614436,17.969216523411262
2011,31,177,Washington,379.74592374110046,24.015661679760928,29.192577690433534,18.839734595426094
2011,31,067,Gage,340.72609192660116,24.625412130332222,30.653345220147077,18.59846494303607
2011,31,109,Lancaster,396.9760242647923,24.22467408110266,29.882544616263022,18.56780630935447
2011,31,159,Seward,345.45139872700753,23.87083278437042,29.6450678967487,18.097590222373206
2011,31,139,Pierce,280.03854540843446,22.94387862386258,28.863535527891674,17.02519373286051
2011,31,119,Madison,240.93321279987174,22.819530895636937,28.57714183439763,17.06291514649497
2011,31,167,Stanton,226.58616890155253,22.914979072947173,28.57841145470318,17.252541807982414
2011,31,117,McPherson,296.795838090046,22.47514769946238,29.578306455040583,15.372987243680425
2011,31,111,Lincoln,281.85574373021376,22.76145262890625,29.87241020318597,15.651491730455286
2011,31,113,Logan,226.42107501176892,22.4186925377105,29.51346958888642,15.324912935583402
2011,31,007,Banner,171.54359951397706,21.653787038014006,30.247194477848037,13.061363529796504
2011,31,157,Scotts Bluff,177.2838593047649,22.2714296035889,30.701768190675253,13.842082188776773
2011,31,165,Sioux,166.4614382341899,21.032601311371465,29.53444046391529,12.531762488160915
2011,31,039,Cuming,285.79699053744514,23.014778620998655,28.607141548053608,17.423403788715156
2011,31,129,Nuckolls,324.8562131622297,24.28194004670773,30.728421334208072,17.836448514227484
2011,31,101,Keith,309.4344516136644,23.136421721498902,30.587733212604213,15.68610817113732
2011,31,137,Phelps,321.4695247542696,23.26665073239202,29.440233813797846,17.094063006234403
2011,31,181,Webster,337.10747315352666,24.096931695168994,30.54237997452313,17.652485432028254
2011,31,015,Boyd,338.37988780642894,22.70246424249086,29.18615912195595,16.21976690713902
2011,31,171,Thomas,303.4201469234169,22.554657922894368,29.408373616879484,15.701928128287511
2011,31,089,Holt,366.60130986191325,22.68429684665073,29.015856116014728,16.353723168898554
2011,31,017,Brown,380.0708473695753,22.391690283082802,28.970240008011782,15.814126129554642
2011,31,103,Keya Paha,376.8055048300591,22.380337597007383,29.03735678766838,15.724308595249527
2011,31,077,Greeley,333.60784141461676,22.777472760837714,28.973680289312256,16.582257744949292
2011,31,095,Jefferson,343.4706129679501,24.483284404090984,30.69752533261463,18.270028428272408
2011,31,151,Saline,302.8114786798816,24.139909670057666,30.06783716486579,18.212971927359852
2011,31,057,Dundy,262.9652291495142,24.043908234051642,32.04031985400276,16.048486694312032
2011,31,131,Otoe,452.0557007013211,24.460354485155797,30.054427364244315,18.867282318816052
2011,31,087,Hitchcock,294.38946195245705,24.494400758269663,32.354621263554684,16.63516641149266
2011,31,105,Kimball,223.5324289447325,21.024636576742765,29.621198503649502,12.429074846581662
2011,31,127,Nemaha,401.6327746277791,24.766032771096643,30.5313190634745,19.001752617368
2011,31,041,Custer,247.33142772628136,22.436142438351556,29.017710661293727,15.855565745809312
2011,31,143,Polk,369.08018277851687,23.328261487110254,28.890854187415236,17.766659911624515
2011,31,045,Dawes,210.0143104993706,22.047335454391543,30.05930019628941,14.036375050954266
2011,31,179,Wayne,219.87635396455627,22.887022336542454,28.62695676888761,17.14808359213563
2011,31,071,Garfield,304.6695750114173,22.562017593632188,29.045741742563713,16.07929507036217
2011,31,013,Box Butte,204.58227076185062,21.7871392506224,29.722485054191832,13.852803016003936
2011,31,173,Thurston,281.0751912524624,23.398861665383183,29.455297053466136,17.34341419350086
2011,31,011,Boone,295.1079494879582,22.742823266410003,28.586379961247875,16.90027599509758
2011,31,145,Red Willow,269.23537009838896,24.240755118407726,31.75108532544841,16.73142135151282
2011,31,149,Rock,383.0968661452756,22.381010176234696,28.76482246596882,15.998183877322292
2011,31,005,Arthur,350.81374527012184,22.48830787747014,29.836388543286063,15.141214973365216
2011,31,085,Hayes,354.9307245916402,23.522357047606352,30.976857987088643,16.068849989057114
2011,31,097,Johnson,332.9307167599409,24.541006698163738,30.513535834932807,18.569491733824165
2011,31,003,Antelope,299.8178611900906,22.706378512743733,28.566477505368322,16.84726977479587
2011,31,163,Sherman,244.54891708908193,22.870299972513678,29.156010178621166,16.585587693554775
2011,31,161,Sheridan,269.51570937261226,21.55814696215781,29.04000979152951,14.077276750807613
2011,31,133,Pawnee,357.8150225592974,24.853358128558963,30.929955405887803,18.777738725993807
2011,31,075,Grant,329.15901742946215,21.863671925350424,29.045231061227426,14.683110222398849
2011,31,021,Burt,385.91371400775324,23.426864240083813,29.039891968085286,17.814826624719277
2011,31,009,Blaine,323.78740670651615,22.697254330015323,29.432461474231726,15.963042899274745
2011,31,027,Cedar,316.1914237328819,22.918866603522424,28.888758093224848,16.949965343637256
2011,31,169,Thayer,339.1961557793396,24.64642603150498,30.96632052242992,18.327522784391405
2011,31,049,Deuel,296.02945742659705,22.98584927766795,30.9215279484335,15.051155668280654
2011,31,123,Morrill,209.06672790842163,22.497128026713483,30.661412949264886,14.33384057627755
2011,31,115,Loup,297.883414845816,22.66072561832711,29.25703839516542,16.065410441955773
2011,31,063,Frontier,290.2250943659595,23.55016015093851,30.647625356786154,16.453702833190796
2011,31,125,Nance,351.95510055016564,23.19666110875357,29.002751348539583,17.391572986352486
2011,31,107,Knox,324.3802012765538,22.952677318775187,29.260759893606423,16.645589977873342
2011,31,135,Perkins,322.53434620788084,23.26616219634897,30.929971043074616,15.603354171095619
2011,31,037,Colfax,287.17879317198407,23.233638300504683,28.846605075222133,17.62165579959751
2011,31,023,Butler,330.4976162939252,23.578194059160396,29.29602105192672,17.861366873352754
2011,31,031,Cherry,366.59728275800836,21.838085597913743,28.840570003789022,14.836596906195131
2011,31,183,Wheeler,309.02575261412096,22.670211043066537,28.837025092522325,16.504392665788515
2011,31,061,Franklin,368.5616138840836,24.087710276896587,30.578959113455312,17.5974686304647
2011,31,029,Chase,287.0085616652752,23.48986569947883,31.124793165042725,15.855939758527464
2011,31,059,Fillmore,287.27139161116156,23.943433128693414,29.916652056281784,17.971208657734664
2011,31,185,York,352.9349841508242,23.778561401728776,29.64621226282105,17.911904534073237
2011,31,035,Clay,306.5502400032368,23.87533105968789,29.867223615697448,17.884447398452604
2011,31,033,Cheyenne,293.4562125247846,22.243708420962992,30.420688972031126,14.067719966003239
2011,31,069,Garden,281.3491935762881,22.37726707017155,30.055179552572103,14.700363442635933
2011,31,083,Harlan,357.55304855192344,24.18739403599672,30.873439200228713,17.502339062073084
2011,31,091,Hooker,352.75372868104716,22.226497676759315,28.95590522838225,15.498082149741792
2011,31,147,Richardson,455.98176784866337,25.042606001426172,30.768751285547342,19.317449313017498
2011,31,065,Furnas,292.55144570940877,24.243928206458182,31.60917029940993,16.8796707485776
2011,31,175,Valley,264.6649902557588,22.772969687511296,29.100168540170618,16.44676337620862
2011,31,141,Platte,309.444474490598,23.04556984295149,28.73284726653725,17.35928161124416
2011,31,121,Merrick,365.48149843701475,23.616998200158193,29.381587833242584,17.853405737371702
2011,31,079,Hall,266.23303259868095,23.696893928868228,29.55582305855037,17.838955132404333
2011,31,081,Hamilton,325.48586919771134,23.565698332717687,29.242242337458492,17.890139607835383
2011,31,093,Howard,313.07257213157294,23.356543917930964,29.333202710038734,17.38087213553065
2011,31,001,Adams,271.20234338171434,23.874465411592745,29.801260082961406,17.948672822681715
2011,31,099,Kearney,286.38065987439086,23.75855072677479,30.00911599816158,17.508978900941543
2011,31,019,Buffalo,290.91643942621084,23.242150161347407,29.372457515043394,17.112834966691604
2011,31,073,Gosper,312.8333204521238,23.31541947207119,29.79379416268179,16.83804880125138
2011,31,047,Dawson,316.1755478827454,22.91210167544239,29.2549107329567,16.570295693002166
2011,37,037,Chatham,254.8593927651827,26.38798075663054,32.65380230206041,20.12315895474862
2011,37,115,Madison,338.8657248927864,22.267487425945276,28.909535650060093,15.626430780706942
2011,37,087,Haywood,375.50818266025794,20.608511062159714,26.585601767253852,14.632411351164668
2011,37,021,Buncombe,280.9777080686587,22.395338754943182,28.62040888614894,16.17126199414759
2011,37,089,Henderson,323.2760727697365,22.96831501533078,29.19721306131882,16.740414491112958
2011,37,175,Transylvania,433.2811176805047,21.70220280961866,27.605008516286876,15.800400370213893
2011,37,167,Stanly,415.398195023876,26.66678540490778,32.99104173853794,20.343512095756886
2011,37,109,Lincoln,314.1885882443,25.535123620463388,31.98409590883005,19.087138204145994
2011,37,159,Rowan,299.086544815749,25.849229985362275,32.26755428264263,19.43188649987668
2011,37,025,Cabarrus,316.2089169340835,26.62856339703743,33.0312277865586,20.226891892726194
2011,37,097,Iredell,282.53635409507064,25.217961351438028,31.6290139592613,18.807893635294086
2011,37,071,Gaston,283.8051464237049,26.138264279771736,32.43018565051141,19.847331668524657
2011,37,179,Union,370.40313873227853,26.901007932698686,33.04401940151839,20.75898197564581
2011,37,119,Mecklenburg,327.34459859064043,26.631491342513304,32.78413791890418,20.479829726725146
2011,37,045,Cleveland,256.3218700516549,25.49223098431753,31.95360227683947,19.031860631125838
2011,37,005,Alleghany,312.7706506307087,21.102381040101875,27.158073712515748,15.04769052173766
2011,37,173,Swain,383.90926891512265,21.221974441226763,27.758507376051675,14.686434932830588
2011,37,011,Avery,293.9077744540123,20.272251823663424,25.584599676475076,14.96088786620671
2011,37,033,Caswell,187.79168255657197,25.898972364595593,32.61976304451067,19.17916868936033
2011,37,075,Graham,399.15078233126206,22.415643717244752,28.901760946961208,15.930511479105476
2011,37,007,Anson,398.7175481122078,27.243151349541506,33.6369143574071,20.850364293858146
2011,37,149,Polk,229.11359863669628,25.310214091918056,31.759455640591078,18.86199309979422
2011,37,039,Cherokee,333.75259305865904,23.674542401662443,30.26723891097368,17.08283121892413
2011,37,113,Macon,282.7638113191851,21.983948687792378,27.984283997855425,15.98459978296446
2011,37,009,Ashe,267.3356118611655,20.733560219762502,26.590507907493947,14.877603759347952
2011,37,123,Montgomery,377.1994941198202,26.579203511327474,32.98824779748522,20.171161231241232
2011,37,043,Clay,305.32361042041924,22.760139586348338,28.88558295306118,16.635679733734808
2011,37,121,Mitchell,307.7473488761646,20.730086951686697,26.608209150703065,14.852954603782823
2011,37,199,Yancey,359.66724756740894,20.28854211066015,25.835377048937247,14.74269787507309
2011,37,189,Watauga,274.795874466767,20.676832786931005,26.059196112731655,15.295438203133328
2011,37,099,Jackson,293.8530363673011,21.041648386749124,26.880327093843167,15.203961330165733
2011,37,161,Rutherford,204.73739715872287,25.17980484311388,31.831607409724935,18.52899922617816
2011,37,193,Wilkes,298.8430912273002,24.150413755106342,30.404864082721996,17.896969179846202
2011,37,125,Moore,306.56691379962507,26.772149955306173,33.09076333975138,20.45454624634839
2011,37,153,Richmond,357.11037516342697,27.266543172985386,33.657137416094706,20.876951254039447
2011,37,093,Hoke,378.02356937446535,27.248802262852504,33.35020399638283,21.14839585442207
2011,37,165,Scotland,385.97804748010725,27.360895267862574,33.69151194772253,21.03127682120449
2011,37,155,Robeson,382.0873133829922,27.375682504318448,33.45407728144864,21.29827421575963
2011,37,001,Alamance,297.8399084558797,26.293794841095224,32.59357795514765,19.99501092710457
2011,37,151,Randolph,271.6066450795479,26.13194563308361,32.20211859828727,20.062768435168916
2011,37,081,Guilford,268.89744677702123,26.149562330746946,32.10994099261557,20.190176300518523
2011,37,157,Rockingham,213.42500880372916,25.583628928879563,32.06024193579465,19.10801406026291
2011,37,171,Surry,286.2199820764546,24.219962025465176,30.768390585393952,17.672530202242697
2011,37,057,Davidson,309.07105400295706,26.046205276047225,32.34878366170831,19.74461984203656
2011,37,169,Stokes,209.08202129041612,24.856498482448814,31.48157717010688,18.23243807117796
2011,37,067,Forsyth,275.35117876759915,25.561021826384483,31.681051992062244,19.441991800072344
2011,37,197,Yadkin,310.5967463745106,24.79773739325712,31.30817668212895,18.288276620652407
2011,37,059,Davie,270.0516835253394,25.517087737841912,32.02283612624141,19.012313703108738
2011,37,027,Caldwell,249.9363358447587,24.451549488871425,30.632675837844822,18.271404802472148
2011,37,003,Alexander,319.2413322773005,24.891143604067643,30.969506114048002,18.81377466722845
2011,37,035,Catawba,295.4292249526751,25.34909133219419,31.592275167280476,19.106907873319862
2011,37,023,Burke,221.54502931327272,24.36622573931786,30.76332383161834,17.97011963928826
2011,37,111,McDowell,264.28462304071235,23.63621536524353,30.17251993234056,17.10091037400774
2011,37,029,Camden,413.854850072419,26.28685401198762,31.548258696359103,21.02642808132266
2011,37,139,Pasquotank,401.8071033827471,26.528793892176914,31.793464542022246,21.265121586688647
2011,37,143,Perquimans,485.3607978313636,26.525252592273567,31.98048787578276,21.07102484162554
2011,37,177,Tyrrell,499.1624536293247,26.547905008920907,31.494828224338743,21.601976707522386
2011,37,055,Dare,412.8999414887579,26.611948574498314,29.67713493461704,23.54775152133891
2011,37,073,Gates,496.6296984605564,25.987195129829725,32.77192199834173,19.20345718073187
2011,37,053,Currituck,400.62451568666006,26.38563649019759,30.34076784700889,22.43148725775782
2011,37,019,Brunswick,446.84492804024273,27.075054881862744,32.12154766256922,22.029555045553423
2011,37,031,Carteret,474.2574893565498,27.203105945130698,30.545562144249203,23.86164332807073
2011,37,137,Pamlico,547.7142793689427,27.296798421841558,31.991902568985328,22.60269248578263
2011,37,049,Craven,583.0930412814549,27.283249515661797,32.85982278157975,21.70766710166936
2011,37,103,Jones,539.540566777626,26.885009241953114,32.87054270959801,20.90047658698509
2011,37,085,Harnett,269.5605096043116,27.198872848831527,33.32926965328328,21.069473967320246
2011,37,063,Durham,296.41463526184435,26.330075228038957,32.55360941088,20.107547456977745
2011,37,145,Person,256.0502536543225,25.575810308375907,32.066317479334145,19.08630945832566
2011,37,135,Orange,243.18467749587006,26.130300708135067,32.494784574384624,19.766831167082547
2011,37,181,Vance,284.47832142063436,26.004646839993693,32.44738829064274,19.56291671833007
2011,37,077,Granville,276.0673216660656,26.125577074002024,32.36110267288554,19.891050951821462
2011,37,069,Franklin,437.03001864426557,26.3600568378491,32.66729355144945,20.053812232386633
2011,37,101,Johnston,355.22165569882475,26.728501893430256,32.93623607578485,20.521759813709526
2011,37,183,Wake,328.90088447860626,26.555471933499547,32.74242156195499,20.369508624671443
2011,37,105,Lee,279.1372888536888,26.662190884261033,33.00035119622637,20.325060518790647
2011,37,131,Northampton,554.9907033455204,26.00760221177324,32.22694910367841,19.789253813990225
2011,37,083,Halifax,480.51830168546996,26.248052724769458,32.423867549921184,20.073232617807417
2011,37,127,Nash,519.7645868987095,26.591313042946243,32.700715978715344,20.4829046999027
2011,37,065,Edgecombe,568.6977086216162,26.641603292813535,32.59322089907079,20.690989417714214
2011,37,195,Wilson,525.2383942138677,26.812722515594853,32.806921081462534,20.819499275316105
2011,37,163,Sampson,396.150273668339,27.21170479040904,33.44336038547411,20.981042534377714
2011,37,185,Warren,343.001425112547,26.205311112328445,32.509479360798316,19.902141706972834
2011,37,187,Washington,607.3467842316942,26.938763421735313,32.46531074869755,21.41321516381051
2011,37,061,Duplin,508.65390914513296,26.726210601712992,33.20993011637215,20.24346767061701
2011,37,091,Hertford,507.7477143453826,25.900732290527355,32.19457339512719,19.607888308813763
2011,37,017,Bladen,380.0918501551839,27.250776261696583,33.55603918475799,20.946511168502706
2011,37,095,Hyde,491.324056366029,26.928723865763686,31.019006258213555,22.839447959619257
2011,37,015,Bertie,587.0937109038548,26.510929539060744,32.684515183978256,20.33835363447209
2011,37,079,Greene,619.6610002848298,26.963705792535336,32.990392360389144,20.938020946071827
2011,37,041,Chowan,582.1062835299251,26.600534802945916,32.128766962344734,21.073316700912944
2011,37,117,Martin,563.83078213981,26.644028876168388,32.51369730915597,20.77536082783011
2011,37,047,Columbus,425.04077410362993,27.107633773582112,33.067931322014026,21.148338200645018
2011,37,191,Wayne,449.79260408050084,26.942009218121044,33.03287550283477,20.85215247981835
2011,37,133,Onslow,499.369851512821,26.74223897789619,31.913356720347217,21.572121087248803
2011,37,107,Lenoir,559.8655763407829,26.901269270489507,33.13379182559225,20.669750593139792
2011,37,129,New Hanover,479.84467871884436,27.09014821251259,31.751248554480423,22.430054973034697
2011,37,141,Pender,463.00407893600925,26.887795304114942,32.99725145283787,20.77932869779878
2011,37,051,Cumberland,324.83374682502654,27.73885509352524,33.701659254019646,21.777034263174556
2011,37,147,Pitt,596.0025637805415,26.79942535731955,32.66184750750816,20.938010272392813
2011,37,013,Beaufort,574.71052168205,27.22999816926878,32.83765057565813,21.623346837020474
2012,17,121,Marion,109.49533802861203,25.701126770714673,32.865049603850345,18.53819318691763
2012,17,005,Bond,152.92544274513915,25.791122501728733,32.86814081999682,18.715093425299344
2012,17,083,Jersey,116.6599503746578,25.699284414016716,32.58930920979604,18.8102433393295
2012,17,163,St. Clair,139.92388283396255,26.357738391648542,33.354215744681426,19.362259828469533
2012,17,027,Clinton,125.7073262410957,26.092572752704246,32.96496946273961,19.22117540095695
2012,17,013,Calhoun,108.98828288949929,25.606208784100993,32.66754667138317,18.545870511487163
2012,17,119,Madison,111.7339724413356,26.315767606542185,32.95521554789689,19.67731822872767
2012,17,133,Monroe,196.66572542116015,26.424612464433615,33.72057400798529,19.129638559266024
2012,17,117,Macoupin,115.15183600775454,25.301279786444645,32.32373556819587,18.27982136873611
2012,17,171,Scott,93.6709819651857,24.712646600842525,32.23385176839777,17.192451654765385
2012,17,137,Morgan,93.63448181976175,24.78579352631071,32.041978031003346,17.530600286150367
2012,17,107,Logan,92.63477173222607,24.845323468653614,31.945777034129822,17.745861374919794
2012,17,129,Menard,83.94081750094358,24.70199554857936,31.70550533328213,17.699496919619694
2012,17,167,Sangamon,88.42513990581614,24.960215321357985,31.992577413673253,17.92884470345658
2012,17,021,Christian,141.61996337506403,25.19126403016883,32.545414709484945,17.83810634913321
2012,17,127,Massac,171.3229310685663,26.086188804890686,33.05906618269769,19.114306977031077
2012,17,057,Fulton,141.20501177647316,24.358905320882567,31.329860783946877,17.38894345385912
2012,17,175,Stark,166.48588540863764,23.426497693584412,30.53551989800244,16.318473964018406
2012,17,203,Woodford,152.86614289734334,24.14880580648849,31.25407757533804,17.044541248134614
2012,17,179,Tazewell,169.76324706173432,24.444505044603844,31.34693275264995,17.543089018898023
2012,17,123,Marshall,174.9576052208341,24.02591177189623,31.031912443441417,17.020904164123884
2012,17,143,Peoria,196.8951681390975,24.095162951316293,30.953871559635104,17.23745460776823
2012,17,001,Adams,144.58496064507736,25.043960307711945,31.97947957550152,18.109435396713014
2012,17,177,Stephenson,110.75349307890569,23.05441037035511,29.958015914779324,16.151806063993764
2012,17,141,Ogle,148.42488590002833,23.120138682918093,29.857234962055728,16.38404423701259
2012,17,201,Winnebago,130.40919130391532,23.39052223650533,30.042336943378764,16.739712332607542
2012,17,007,Boone,136.85054352259158,23.125326283999023,29.91722287887492,16.334423409579717
2012,17,025,Clay,113.99017851858194,25.74644128428312,33.30190006026742,18.191977319636692
2012,17,185,Wabash,153.27172372023503,25.769010526331932,33.02417849548264,18.514843070382824
2012,17,009,Brown,115.7145610283758,24.521465792326385,31.984907922663073,17.058989659075763
2012,17,151,Pope,159.35694493311556,25.575589767246502,32.937462924721444,18.21472056090322
2012,17,033,Crawford,129.8634691994926,25.473066335521786,33.219690017809896,17.7274379269641
2012,17,135,Montgomery,133.24685457107418,25.38433589555775,32.61291770115921,18.15675551272843
2012,17,055,Franklin,125.38850192325336,25.970490033449348,33.24871254775159,18.693265149392335
2012,17,023,Clark,120.26078984987531,25.22856315618176,32.96212878566237,17.496001268104443
2012,17,059,Gallatin,175.69863490464164,25.92172289907783,32.968024449865,18.876412227063707
2012,17,075,Iroquois,222.09170938041197,23.424341498437162,30.665880154429647,16.183797715088364
2012,17,041,Douglas,132.9064242948083,24.434284543946706,31.37215714077839,17.497399060263238
2012,17,189,Washington,118.1104951456494,26.060813421675025,33.12865529286665,18.993957290148664
2012,17,159,Richland,127.43255587299255,25.71666522658183,33.31436088719906,18.119942381478566
2012,17,065,Hamilton,122.54745180986087,25.864058818057227,33.07974289867442,18.649377685671148
2012,17,193,White,162.77477295163413,25.96536173840119,33.02678951681469,18.904921701887982
2012,17,169,Schuyler,117.70656414035687,24.50443205240261,31.669523727261012,17.34032733308439
2012,17,181,Union,113.27010398016851,26.233254397369787,33.45662078178113,19.010874494659106
2012,17,085,Jo Daviess,117.41344456150028,22.90875166742808,29.903650396130452,15.914848269134842
2012,17,125,Mason,103.74634790661726,24.62415902616311,31.774438185956374,17.474867719794066
2012,17,191,Wayne,115.43124021204994,25.718653987219906,32.99423597730156,18.444058672383665
2012,17,069,Hardin,160.95371337408167,25.494303069813167,32.81389709693913,18.17570165756089
2012,17,061,Greene,118.64101809128253,25.010640236296076,32.12136286072126,17.900920513310215
2012,17,157,Randolph,187.3214712014163,26.058310653309093,33.58282547967447,18.534796664008667
2012,17,149,Pike,107.55831555345878,24.97497944747072,32.1607150403657,17.79024387455138
2012,17,145,Perry,132.80131742884575,26.007835596855646,33.21636382959244,18.80031588753233
2012,17,087,Johnson,158.0508116465012,25.9542059746013,33.2207226667481,18.688673439313295
2012,17,173,Shelby,156.63848933584526,25.136361462946713,32.43909157544281,17.834629602181554
2012,17,051,Fayette,172.1594837800177,25.41377687368616,32.750259862442256,18.078276313595335
2012,17,139,Moultrie,120.19580990843308,24.772474199739275,31.80246678069764,17.743460304579294
2012,17,017,Cass,85.93249776459297,24.63192025393289,31.92724461034872,17.3375865901833
2012,17,015,Carroll,161.85064986669846,23.168348119306344,30.286267348489567,16.051409854640642
2012,17,047,Edwards,150.27287315272673,25.8362404101955,33.064460460656356,18.609018842609416
2012,17,079,Jasper,146.78795508664663,25.36676286911683,32.91947174806249,17.8150449236285
2012,17,187,Warren,170.5481055319176,23.809933339816478,30.629686748240417,16.991172859386086
2012,17,153,Pulaski,156.19507744861403,26.679178345652307,33.44676817374884,19.912567635460384
2012,17,165,Saline,115.36660025403654,25.781690775291022,33.10991086254716,18.454469411292912
2012,17,101,Lawrence,176.2336311607889,25.622174802577486,32.91946918380393,18.325865922197103
2012,17,045,Edgar,129.5528077454999,24.338612845953588,31.524326428781695,17.153897107629753
2012,17,071,Henderson,155.2219952726649,24.168792983776775,30.772196513676356,17.56638790041935
2012,17,199,Williamson,146.1342087982646,25.973360788899715,33.37817717577976,18.569525111337835
2012,17,077,Jackson,169.96916201613925,26.05874211515059,33.466140803874126,18.65232278939156
2012,17,147,Piatt,149.6690125385992,24.288251979759682,31.132432439264562,17.44506595655696
2012,17,053,Ford,174.29037354518843,23.665000177645826,30.859892594646485,16.47110420033342
2012,17,019,Champaign,189.90115307253086,24.08952147321504,30.965361243419622,17.214680285618844
2012,17,029,Coles,112.04218805119325,24.794090445405356,31.744049436280477,17.845137207160064
2012,17,035,Cumberland,131.249679304173,25.14747736451433,32.60589426174679,17.690042072089945
2012,17,183,Vermilion,208.76493455435292,23.894007034426938,30.93402725711087,16.854984249607522
2012,17,115,Macon,107.81667006737597,24.890100241137983,31.916025180719334,17.86517019861986
2012,17,049,Effingham,172.93562471404792,25.24397260799068,32.69170895059258,17.797219927493266
2012,17,067,Hancock,135.843997316989,24.73825130501537,31.580183407187643,17.897309575990477
2012,17,095,Knox,181.3343307828324,23.575617336306976,30.366917918350815,16.785326071717638
2012,17,109,McDonough,130.6645844491563,24.27617066590667,31.194270497269578,17.35906083401498
2012,17,081,Jefferson,118.06861312312604,25.7413996798375,32.96922110111228,18.514573853230395
2012,17,113,McLean,179.466502847158,24.16958102144799,31.164178527983662,17.17598145653421
2012,17,039,De Witt,152.9387896053832,24.367454534514223,31.327673247868976,17.408251634803445
2012,17,105,Livingston,160.57694543467957,23.891561145656574,30.887461315682447,16.896648370115763
2012,17,003,Alexander,133.3116742527236,26.84222888348298,33.56951388443116,20.115909587797073
2012,17,093,Kendall,162.97906449483577,23.423763106488362,29.868857921600565,16.979663110340923
2012,17,031,Cook,201.53895288087045,24.167587892352206,29.367082287338842,18.969089205729347
2012,17,037,DeKalb,143.4317071037695,23.182369391141542,29.639934936878916,16.72579725133992
2012,17,089,Kane,149.27553787277427,23.310412121255236,29.78218410518571,16.839631479366336
2012,17,063,Grundy,164.05561386715507,23.65823494187533,30.290341051205825,17.027117533523306
2012,17,111,McHenry,131.47830331262068,22.880446208127992,29.701573301129912,16.060313901327092
2012,17,197,Will,197.32271236189786,23.65980331904911,29.88929594667203,17.431307727866564
2012,17,043,DuPage,170.67925464606733,23.791978574908203,30.11186780003843,17.4730819282624
2012,17,097,Lake,175.35445639648236,23.111893766175967,28.761434234280937,17.463349020986286
2012,17,091,Kankakee,234.39746034136056,23.472035648263255,30.172202899107013,16.772866906269936
2012,17,011,Bureau,177.65946336082197,23.520055080899994,30.37270491042766,16.668395112644184
2012,17,155,Putnam,187.03262101672505,24.021586511393764,30.98098864727806,17.06319156025917
2012,17,099,LaSalle,162.015036338483,23.74881866699865,30.466752481166647,17.031881674556576
2012,17,131,Mercer,199.08059738676755,23.702344933329663,30.25541326972738,17.150269853077383
2012,17,161,Rock Island,179.18882813508657,23.82049685450185,30.146329011922088,17.495651251922865
2012,17,073,Henry,155.07964555862577,23.43210706034514,30.10460567335659,16.760600742202396
2012,17,103,Lee,177.0751399056353,23.158529071842775,29.867614988085606,16.45043433730879
2012,17,195,Whiteside,177.55369943214424,23.277309286540984,30.05523383820214,16.500389007944513
2012,19,149,Plymouth,106.95227832516477,23.8348171278567,30.81968614083839,16.850941257740107
2012,19,193,Woodbury,149.86374860122726,23.842143179859576,30.85026999685355,16.835013502061525
2012,19,027,Carroll,176.78905810744214,23.288468689985883,30.08402013361915,16.493911529430598
2012,19,061,Dubuque,149.7992404171368,22.75092565066156,29.447621507404236,16.055218737521262
2012,19,101,Jefferson,181.50834149577642,24.27864692955473,31.49457518161265,17.06372311472164
2012,19,187,Webster,140.97393496285522,23.23053045985551,29.96758582281029,16.49447603728245
2012,19,111,Lee,143.59269068758596,24.82812965919205,31.525469337377455,18.131803815939854
2012,19,127,Marshall,160.08648976163903,23.098167599957648,29.889644365294846,16.307683445083153
2012,19,195,Worth,143.17234624228144,22.250620146776587,28.666022576951203,15.836204562470112
2012,19,033,Cerro Gordo,119.72426999899486,22.56235736319112,29.30003031322059,15.825690530782337
2012,19,051,Davis,161.12523625396003,24.52061237164069,31.71005851397811,17.332160991732188
2012,19,179,Wapello,185.19354128696529,24.298334961998343,31.307890278454398,17.289785029796352
2012,19,041,Clay,171.42675261345968,23.161508409811223,29.755529186610502,16.568479338550674
2012,19,059,Dickinson,192.36848303435255,23.227384715421955,29.803608801974498,16.652154882926133
2012,19,021,Buena Vista,185.79021966519977,23.02670678293278,29.445708405492542,16.608699794277122
2012,19,013,Black Hawk,151.85146243982604,22.9239441383818,29.729492395512924,16.11940507031415
2012,19,075,Grundy,141.6291148467195,22.998158181912704,29.756277090252535,16.24103495378992
2012,19,017,Bremer,158.52059433993367,22.797802214016638,29.555339127037094,16.04126643263481
2012,19,085,Harrison,195.82660028983506,24.093661002875724,31.158990827537707,17.029331232413668
2012,19,129,Mills,191.45921258635082,24.990451093936358,31.883267470314347,18.098634630439204
2012,19,155,Pottawattamie,200.59918422600913,24.24720955325466,31.10297038148663,17.392444664871768
2012,19,123,Mahaska,187.87479232249436,24.06369470224101,31.137319825536924,16.991071947242894
2012,19,125,Marion,184.76385105244873,24.70903139712716,31.42120698514882,17.997842835891564
2012,19,053,Decatur,256.3873017153458,24.12578486223878,31.490568937258793,16.76200580459384
2012,19,031,Cedar,197.0004175726767,23.346669529176328,30.05431625852712,16.640027917643764
2012,19,151,Pocahontas,188.24827164552022,23.14403068309809,29.762736937475516,16.526335725336317
2012,19,109,Kossuth,165.69415259362927,22.802950085793803,29.191096136027053,16.41579610689467
2012,19,089,Howard,173.56658183307613,21.941457232272743,28.785650743103993,15.098253358219118
2012,19,147,Palo Alto,174.64959182473615,23.071039548647516,29.55759564689451,16.585493026072772
2012,19,159,Ringgold,247.99146652420083,24.27357326302688,31.349682273441985,17.198456074746368
2012,19,025,Calhoun,159.96873420432433,23.258343978307444,29.882182313717276,16.635502768791333
2012,19,039,Clarke,203.54206096124415,24.14477572378525,31.417130628836826,16.873417878164098
2012,19,065,Fayette,160.40082861291916,22.306657341344483,29.187354320301274,15.426955821075673
2012,19,001,Adair,178.94994198013208,24.139327524981667,31.139548084483646,17.14008831391214
2012,19,037,Chickasaw,154.81615364535367,22.441458200734452,29.145321502519657,15.738591128565561
2012,19,081,Hancock,115.55185357220049,22.46306088824923,29.112302474240778,15.814797603645804
2012,19,157,Poweshiek,193.47745812431305,23.42970428108999,30.555217060437666,16.30518720662255
2012,19,165,Shelby,218.95917050959676,23.204382592375772,30.13420586202168,16.275566344669603
2012,19,185,Wayne,213.96584487688273,24.121139151399557,31.41807263145724,16.825203702533646
2012,19,097,Jackson,142.67371473635956,22.84439428821281,29.70044987237196,15.989345349758027
2012,19,043,Clayton,139.5379471255739,22.51850339940665,29.38441775631741,15.653573589334338
2012,19,007,Appanoose,163.47656586122946,24.40487241043368,31.49525725483963,17.315478659310315
2012,19,177,Van Buren,182.67781409170658,24.698323786597655,32.00597905898587,17.39167555111392
2012,19,197,Wright,125.8572218190606,22.859943656210667,29.69708529568135,16.023802285750637
2012,19,137,Montgomery,297.8515159124419,24.393936470364846,31.469426141482703,17.319447234323878
2012,19,175,Union,203.92131427743337,24.048381434382534,31.086690450969485,17.011066325800822
2012,19,107,Keokuk,212.83436718631043,23.859529424308008,31.00275368330925,16.71729343878335
2012,19,131,Mitchell,147.91850712484708,22.379894115653652,28.874238885091668,15.886558003356587
2012,19,191,Winneshiek,169.61112269157857,22.31576546957667,28.96481356971361,15.667703397713929
2012,19,161,Sac,224.41938362455278,23.043273779666837,29.570621479543576,16.516915391067712
2012,19,055,Delaware,159.57340450985393,22.253635282246897,29.515366096039514,14.99288718222597
2012,19,067,Floyd,149.30763889759672,22.87960439602486,29.507781792138136,16.2524283365655
2012,19,009,Audubon,191.6092220677542,23.284235565863632,30.29141766145427,16.27804414917025
2012,19,079,Hamilton,157.6064817948591,23.063529307851162,29.937558503572646,16.190500490445892
2012,19,069,Franklin,152.04542594586235,22.871471092482047,29.709213044331783,16.034718583798774
2012,19,141,O'Brien,136.57761613184323,23.252084503201953,29.925119122247803,16.58004255184064
2012,19,167,Sioux,93.62955781631507,23.649734313595886,30.601453873541434,16.6990150030258
2012,19,005,Allamakee,183.34411298736694,22.767667762150527,29.132573642959354,16.40376210263218
2012,19,189,Winnebago,131.3399303131464,22.40060346101964,28.814210676553813,15.987990922796422
2012,19,093,Ida,248.55585840542383,23.101188691219853,29.799408767472435,16.403961290886148
2012,19,029,Cass,191.43432648639043,23.75368753160574,30.951167618754027,16.557189026350635
2012,19,083,Hardin,164.98102572603133,22.94284858822635,29.71296607506999,16.17371696138901
2012,19,173,Taylor,263.06031256096037,24.50447153278652,31.511960155735594,17.497972050289654
2012,19,145,Page,322.5539151544864,24.700291452316,31.739794156246372,17.66179484232255
2012,19,035,Cherokee,183.58140502237313,23.29075566765523,29.904210595610678,16.67830762221693
2012,19,071,Fremont,221.57771190825372,25.410513463477496,32.4199558412701,18.402062824279326
2012,19,095,Iowa,192.18865195506422,23.224959647372057,30.347608656099347,16.10331963471099
2012,19,023,Butler,130.27188189458104,23.214803383858413,29.974371753132605,16.456226640115844
2012,19,063,Emmet,153.78965114707313,22.70253227192761,28.96967478955938,16.43637751048802
2012,19,047,Crawford,228.1436237613144,23.221440763668053,29.913425207394653,16.530452300973824
2012,19,019,Buchanan,192.9700600350713,22.29963663091871,29.29846660251823,15.301805182373128
2012,19,143,Osceola,142.29993893438385,23.012011236699557,29.771284672792603,16.253740521921937
2012,19,073,Greene,147.81871901950714,23.526080188915344,30.524738263847254,16.528413690100148
2012,19,087,Henry,177.64940100124372,24.064861583966675,31.012539482470014,17.118183296752235
2012,19,119,Lyon,111.4895799309258,23.351127481390687,30.38466641326574,16.31857929303322
2012,19,003,Adams,230.66726756592695,24.073999840448064,31.13207432949757,17.016926916634667
2012,19,133,Monona,188.25785900627116,24.102310517608775,31.39668281622066,16.808930152796442
2012,19,091,Humboldt,119.22652957746197,23.14751310067951,29.780704243854213,16.515343276228762
2012,19,115,Louisa,228.99814508747406,24.143073505444104,30.952903253746904,17.334223766233446
2012,19,171,Tama,161.40011260475603,22.895290152924872,29.936222981262883,15.85536359849123
2012,19,135,Monroe,189.38517254130608,24.333655967743134,31.254382749202318,17.413912434084956
2012,19,117,Lucas,214.45429122043507,24.2751565915027,31.299407559057723,17.25190167902316
2012,19,057,Des Moines,159.78749004625436,24.109455128070486,30.689088728336035,17.53082696033183
2012,19,011,Benton,154.07518432419204,22.873923024333134,29.8926602160574,15.856182882222745
2012,19,113,Linn,174.85366971556292,22.964252713305846,29.90251738227706,16.02697434149594
2012,19,105,Jones,175.0200692313462,22.820115185523225,29.831255738546687,15.809956121222918
2012,19,103,Johnson,163.19292538560816,23.71095904208019,30.390147919368136,17.032760517272937
2012,19,183,Washington,196.58340630083185,23.869504910645897,30.901444845231406,16.838566532556303
2012,19,045,Clinton,166.36407655029436,23.23615682142097,29.91835121722674,16.554954600790882
2012,19,163,Scott,173.59285279903327,23.607988435139013,29.919147524868166,17.297804164602496
2012,19,139,Muscatine,210.54854954817122,23.99781010229444,30.58413830509317,17.412460684727822
2012,19,169,Story,213.98118580307852,23.174020932022344,29.87012521240364,16.478920872311985
2012,19,015,Boone,164.1681652513645,23.481681122727935,30.23861354940602,16.72574871923468
2012,19,121,Madison,136.74774707727096,24.074550468342316,31.200878851163232,16.94921977287245
2012,19,181,Warren,145.20214321414116,24.6775683299201,31.457897867993474,17.89823007199681
2012,19,049,Dallas,139.4229928583202,24.135695011039104,31.11886702671422,17.153512186933668
2012,19,153,Polk,172.2302905635029,24.44846668923161,31.115256877580318,17.782671844534416
2012,19,077,Guthrie,155.07518992949372,23.761462085207803,30.954102606718155,16.569821797079747
2012,19,099,Jasper,168.2251741560197,23.87389609962573,30.645590893965892,17.103193943875507
2012,31,043,Dakota,89.98875059868377,24.287484188008417,31.64547747703567,16.93049630585696
2012,31,051,Dixon,77.45838098111057,24.165310133061052,31.79641454598658,16.535185067075208
2012,31,053,Dodge,135.81851411384864,24.54860258599987,31.664762877142167,17.43344048605316
2012,31,025,Cass,148.18690639150157,25.305464454217518,32.17238540103103,18.4395508349828
2012,31,055,Douglas,145.71742830535123,25.101134130210454,31.700440290248217,18.502811078959837
2012,31,153,Sarpy,153.6830179790434,25.10882154399545,31.873065488499993,18.345589161754763
2012,31,155,Saunders,140.59104991320905,24.603214787041406,31.956269130053744,17.251161391806225
2012,31,177,Washington,151.52750752043121,24.851920311081614,31.62309438166759,18.08175197665715
2012,31,067,Gage,187.0880399095507,25.328116060655457,32.747236758708496,17.909988650375343
2012,31,109,Lancaster,133.30290472624773,25.0779088032249,32.300592351189565,17.856226123827373
2012,31,159,Seward,133.22686572008027,24.415669576202145,31.65404472819936,17.178290567057303
2012,31,139,Pierce,75.62988589277715,24.46933556558134,32.15519281787519,16.78446978805181
2012,31,119,Madison,57.546827849139376,24.210843841558013,31.561786243514064,16.860909810031632
2012,31,167,Stanton,54.94842812795667,24.188400024425597,31.492485110344376,16.885298258637732
2012,31,117,McPherson,68.25472804344909,24.081380090001502,32.9859335807696,15.177818501770311
2012,31,111,Lincoln,95.60294966614279,24.397944691165108,33.39064235249708,15.406250731555952
2012,31,113,Logan,91.82800858930399,24.00540668285105,33.022714726024674,14.989091716853222
2012,31,007,Banner,64.8179427659729,23.12337137453221,32.68231765689533,13.565434200496192
2012,31,157,Scotts Bluff,67.9549125852149,23.786405673566748,33.2315803498541,14.342227365797159
2012,31,165,Sioux,71.71410426978412,22.56162837846725,32.08883653752838,13.03541418958054
2012,31,039,Cuming,92.32785854866943,24.14770059508099,31.36151573989486,16.93489411183598
2012,31,129,Nuckolls,228.3477292074535,24.66770849789608,32.33285452682119,17.003549224963123
2012,31,101,Keith,65.69991788761406,24.502481377187173,33.57571148855892,15.430252532881747
2012,31,137,Phelps,130.5887643345628,24.13986736716301,31.858540166006776,16.42219980487064
2012,31,181,Webster,180.57115183862487,24.57174069638748,32.461248801118465,16.68323057800271
2012,31,015,Boyd,102.2911721044057,24.65897932180882,33.00110374277832,16.317848617926558
2012,31,171,Thomas,68.06792452287497,24.342300016421472,33.21626468556122,15.469325291663727
2012,31,089,Holt,114.47691090553708,24.232199629654485,32.48665577058444,15.97873750228245
2012,31,017,Brown,81.74624354066779,24.16085824377865,32.88998329177964,15.432734097797995
2012,31,103,Keya Paha,155.13370596256337,24.32442783771683,33.063421981893526,15.58644599114237
2012,31,077,Greeley,51.94563273826167,24.068543602445676,32.04677081868276,16.09131627075845
2012,31,095,Jefferson,211.25923422456165,24.93764814473248,32.48937220173331,17.38691674674295
2012,31,151,Saline,137.20449428728097,24.73597593025127,32.06391318824328,17.409033143311607
2012,31,057,Dundy,140.42615433427707,25.372053358558038,34.8465676859138,15.898537462963281
2012,31,131,Otoe,170.80361155334296,25.4588256131724,32.63936077622338,18.279295038764
2012,31,087,Hitchcock,149.90792082823845,25.77275049620923,35.10805364125536,16.43843614159377
2012,31,105,Kimball,103.13052196137332,22.377077244007165,31.93363776767874,12.82150804603583
2012,31,127,Nemaha,218.35955824426588,25.38451443629149,32.61890818699973,18.15111182501114
2012,31,041,Custer,65.87748191378682,23.931341581604876,32.639737926399384,15.223944591993735
2012,31,143,Polk,100.90287482563369,24.09168937074012,31.194396510355357,16.98997415885436
2012,31,045,Dawes,72.98796799203444,23.59301181110745,32.826063364209354,14.360951640549386
2012,31,179,Wayne,62.463436456532364,24.194587132116116,31.65887993415406,16.731286371276944
2012,31,071,Garfield,85.991038177253,23.817351412450577,32.25959252171667,15.376096796244854
2012,31,013,Box Butte,64.97123951795774,23.247896814305815,32.54998671136387,13.94680413779429
2012,31,173,Thurston,103.53191303800763,24.40976727935674,31.99923356165864,16.82130639373731
2012,31,011,Boone,64.74780021704065,24.018978200548993,31.5562248300699,16.48273343763311
2012,31,145,Red Willow,114.74366162280904,25.51952579891284,34.570193452093896,16.469841955811848
2012,31,149,Rock,113.66955321173108,23.832595832332508,32.35686954272393,15.309323543921938
2012,31,005,Arthur,53.8913785028644,24.018129962264954,32.98365073813062,15.053614071262418
2012,31,085,Hayes,145.6584223722485,24.820112397934565,33.970382298869545,15.670825614796772
2012,31,097,Johnson,187.20568151763578,25.20575124540878,32.759644645028025,17.652851382552704
2012,31,003,Antelope,75.1103250734617,24.109060271025694,31.747355410593084,16.471755411568456
2012,31,163,Sherman,36.14923707807074,24.161452306763554,32.430915585799646,15.892980517940652
2012,31,161,Sheridan,69.67668188666583,23.216923532454327,32.15712668398944,14.277721129197703
2012,31,133,Pawnee,243.09276397681816,25.306438518466543,32.770939418458184,17.842932515842374
2012,31,075,Grant,67.04622418502123,23.416839039576743,32.22329191696251,14.611378535877845
2012,31,021,Burt,167.8257803920017,24.404538186062336,31.696932602866998,17.11314735434675
2012,31,009,Blaine,82.53962491595085,24.164512842969565,33.040588501156755,15.289427489828162
2012,31,027,Cedar,57.36573389825604,24.313913081596866,31.892744847568707,16.736084186809844
2012,31,169,Thayer,255.00549369226817,24.893058263704727,32.40879684463134,17.378321513497358
2012,31,049,Deuel,79.73548938968449,24.3536966900383,33.72527367710087,14.983117132808966
2012,31,123,Morrill,71.55677607974134,23.945045660361313,33.55887106276449,14.332213154446254
2012,31,115,Loup,64.44172756088699,24.01139785043111,32.71995563182761,15.30383577548073
2012,31,063,Frontier,155.90410142205408,24.949200175929754,33.85501480354313,16.044375452779207
2012,31,125,Nance,56.2376768738425,24.197196945776106,31.559668496081265,16.835713925325926
2012,31,107,Knox,62.59681494613896,24.72451199047869,32.95070471386368,16.499305975350623
2012,31,135,Perkins,106.47615993794066,24.608862926811938,33.936820470593865,15.28190312805232
2012,31,037,Colfax,99.30881684466185,24.220322289872712,31.39947436437822,17.042161443345172
2012,31,023,Butler,144.13973528073672,24.365819374413082,31.637473888791757,17.09515947561487
2012,31,031,Cherry,72.35469792868707,23.651011640978812,32.47511233742958,14.827908913444615
2012,31,183,Wheeler,82.53722911178913,24.096263538594112,31.950927032498235,16.242591568675227
2012,31,061,Franklin,168.41085271952673,24.740914549850697,32.74292405904906,16.73989693425217
2012,31,029,Chase,118.52621276167551,24.751769009222745,34.03547400216585,15.469056399024893
2012,31,059,Fillmore,179.36254446093767,24.493385615769572,31.771095267485123,17.21668534782649
2012,31,185,York,103.79632885048957,24.3094828990436,31.565105690376075,17.054857057206817
2012,31,035,Clay,230.1833891840518,24.474077878654917,31.647461689678206,17.30169452708852
2012,31,033,Cheyenne,109.12715938875671,23.630077862903143,33.20960819513664,14.051533374736946
2012,31,069,Garden,78.10856178601972,23.81218451113617,33.15061787491555,14.474751224753465
2012,31,083,Harlan,162.57887731767866,24.99241609922725,33.20844768329116,16.777378559938533
2012,31,091,Hooker,57.127582491107525,23.903069405680675,32.41300216439391,15.394144973246469
2012,31,147,Richardson,289.6797124194892,25.263891656175165,32.405727233756195,18.12305586791976
2012,31,065,Furnas,121.9690776088525,25.225906073348373,34.24516882895203,16.207642086772072
2012,31,175,Valley,44.46686282991664,24.186264335012282,32.436317641717714,15.93720127524368
2012,31,141,Platte,72.22953682836632,24.141226090986063,31.407131902513278,16.87630750632419
2012,31,121,Merrick,75.15977542897107,24.47763032953063,31.629674917861966,17.32659102321779
2012,31,079,Hall,97.66172657333044,24.69521225329855,31.965320916482767,17.426105988529994
2012,31,081,Hamilton,138.86408921373484,24.458093894917493,31.572731119872824,17.34444169841199
2012,31,093,Howard,42.07025148216033,24.464337291637094,32.04712874987874,16.88255764190085
2012,31,001,Adams,164.2186392945526,24.571842578055143,31.82491510778194,17.319775169939618
2012,31,099,Kearney,146.23461054911826,24.561583338610635,32.30717739710768,16.8169963634047
2012,31,019,Buffalo,76.0695144672333,24.253747925975645,32.16348325331736,16.345017929878193
2012,31,073,Gosper,126.90433925428933,24.433321546596144,32.6211532410392,16.24648663862797
2012,31,047,Dawson,103.0380871196865,24.22974767279927,32.41242768289832,16.04806146153497
2012,37,037,Chatham,313.75390640162243,24.884543823021232,30.689268618068105,19.080804347462834
2012,37,115,Madison,333.030064184171,21.44623108471385,27.804609883774198,15.088854212695114
2012,37,087,Haywood,356.14116456292965,19.573768501419796,25.359326511900637,13.789215261442841
2012,37,021,Buncombe,313.5556760945767,21.417395633207352,27.2171634884467,15.618620128423244
2012,37,089,Henderson,383.5818513337735,21.787627498937162,27.480960139588856,16.095294412871887
2012,37,175,Transylvania,489.8393890647704,20.642939709849166,26.148854983243073,15.138016926802596
2012,37,167,Stanly,365.39500339495385,25.30537770671025,31.412847419791973,19.1988881138903
2012,37,109,Lincoln,304.4947062446952,24.71662217925521,30.945717612092945,18.488509491366386
2012,37,159,Rowan,302.1167783342308,24.568235501011536,30.696613180339487,18.44085265647218
2012,37,025,Cabarrus,306.469557001618,25.159676093736042,31.449362150537937,18.87098972873034
2012,37,097,Iredell,302.81662389382586,24.153630390092733,30.208740901042386,18.0995157199689
2012,37,071,Gaston,271.5889583918618,25.17848667273104,31.247418654385427,19.110547405290525
2012,37,179,Union,393.76702039758993,25.51819035035455,31.31340724867674,19.7239664570178
2012,37,119,Mecklenburg,319.5709904593841,25.42746716933331,31.36469741050648,19.49123837058466
2012,37,045,Cleveland,319.151353834815,24.597753471568392,30.8127472699982,18.38375440580895
2012,37,005,Alleghany,276.9748019029716,20.253300563124807,26.26562295756196,14.241967090289164
2012,37,173,Swain,320.0497119934588,20.28138374362551,26.462191546675257,14.10157464003134
2012,37,011,Avery,338.252633134713,19.308031522403443,24.484392410603867,14.132678446172482
2012,37,033,Caswell,286.9595864512999,24.8314829894767,31.160995045078113,18.502964943317345
2012,37,075,Graham,320.22432419939827,21.397972370330546,27.509222631869108,15.287720294320934
2012,37,007,Anson,486.4507089827727,25.702117057393867,31.60112842514893,19.804093617511743
2012,37,149,Polk,394.9319324476609,24.01939365662913,29.906355416926683,18.133440463832223
2012,37,039,Cherokee,347.1678368210903,22.49940979417444,28.652632860576105,16.347180425176333
2012,37,113,Macon,367.44742758256007,20.870285223363393,26.42895851684682,15.31261459505556
2012,37,009,Ashe,291.152936992853,19.833618449675196,25.601638008250433,14.066583418390108
2012,37,123,Montgomery,416.5140901933035,25.171624240984798,31.221620622275147,19.122630747627696
2012,37,043,Clay,352.6489819674167,21.604628999122653,27.28607497778369,15.92417926819493
2012,37,121,Mitchell,347.39042017643675,19.89703414279306,25.512258775431196,14.282803723525266
2012,37,199,Yancey,367.35723376905946,19.445491521925696,24.544212545211177,14.34774860473526
2012,37,189,Watauga,314.7533919283221,19.73391417738396,25.09190452386419,14.376944187831235
2012,37,099,Jackson,357.540235548245,20.02271831845109,25.537628269047257,14.508803455760885
2012,37,161,Rutherford,331.5632299085682,24.28082832949313,30.656925347808738,17.905728184009956
2012,37,193,Wilkes,369.68241288730144,23.283485807375833,29.385806463112825,17.18215707933163
2012,37,125,Moore,422.78827690073854,25.26074775538059,31.103967810492243,19.41852609105946
2012,37,153,Richmond,504.44099052249504,25.657665018088498,31.417064753827955,19.899256194879115
2012,37,093,Hoke,469.59512665921955,25.852194641087827,31.421116325137803,20.28428402909082
2012,37,165,Scotland,428.0653046971672,25.785931753722558,31.50390708499642,20.068939481530236
2012,37,155,Robeson,409.6008868626777,25.80999778347677,31.29035439547131,20.3306396624757
2012,37,001,Alamance,362.50040644425945,24.912806191091054,30.823332215846854,19.003260280311025
2012,37,151,Randolph,372.55285364063127,24.669584999348036,30.39722659840393,18.942929781101252
2012,37,081,Guilford,377.33356906902924,24.846069091001652,30.48846162734135,19.204679200449206
2012,37,157,Rockingham,292.19921066755927,24.517226141072932,30.65246022654389,18.382987664756126
2012,37,171,Surry,303.64338292003583,23.31576536940217,29.477725939321882,17.15480896294257
2012,37,057,Davidson,389.9006733138531,24.621157489692504,30.57043863210096,18.67287626277371
2012,37,169,Stokes,320.44864744188885,23.90128880877639,30.0292009208046,17.77437148173976
2012,37,067,Forsyth,324.63558727278223,24.524602596090325,30.249097893876613,18.801094834219686
2012,37,197,Yadkin,313.2528841181356,23.866020426349685,29.93140369545168,17.801640573020094
2012,37,059,Davie,361.9736509614103,24.294475475771783,30.384359326928422,18.205587923868563
2012,37,027,Caldwell,360.9369436057743,23.553348230726378,29.453683740221024,17.654006382702615
2012,37,003,Alexander,298.198261584446,24.015741300923086,29.784161972801133,18.248316554195387
2012,37,035,Catawba,320.5788663066914,24.43749341069907,30.37888712868811,18.49708724626487
2012,37,023,Burke,329.0481063574903,23.495451795971537,29.501504652323625,17.49037934201788
2012,37,111,McDowell,348.47895139250414,22.610811062574903,28.673698281378666,16.548911998066675
2012,37,029,Camden,406.31455368188193,25.691419006577227,30.340770284456376,21.043059444254837
2012,37,139,Pasquotank,404.66046212558365,25.88722050144138,30.524947978207855,21.25049088939647
2012,37,143,Perquimans,411.88653436241424,25.689423188682124,30.500943146544326,20.878919653963266
2012,37,177,Tyrrell,467.98169612982275,25.585749347590898,29.928338465985828,21.244155022490684
2012,37,055,Dare,556.3017081298373,25.727814687937393,28.514246471817007,22.942371050916204
2012,37,073,Gates,450.21295945875966,25.203075796549076,31.1489377377511,19.25820039180205
2012,37,053,Currituck,426.1487845836154,25.66860314618883,29.210197298832256,22.12800437903121
2012,37,019,Brunswick,414.75454124730004,25.746323445140558,30.526634479579382,20.96701288051027
2012,37,031,Carteret,522.5401122679714,26.0941793169976,29.342089412038217,22.847275759426804
2012,37,137,Pamlico,544.794202791882,26.03397878230295,30.34638685582999,21.722564226418086
2012,37,049,Craven,544.6885954196084,25.879820594675373,30.907771951139352,20.852860043776904
2012,37,103,Jones,545.8648767437618,25.5174308701282,30.85004545503721,20.18580821365015
2012,37,085,Harnett,331.77267144132105,25.61485344190096,31.18751252491643,20.04318324104721
2012,37,063,Durham,331.82715692435073,25.08994053116366,30.898949112711836,19.281924336021692
2012,37,145,Person,320.09478456426376,24.59074014933037,30.713059561671606,18.46941246075165
2012,37,135,Orange,316.1534438876792,24.902095132880067,30.855266375655265,18.94990948205963
2012,37,181,Vance,344.10463905776436,24.909212852033466,31.03728884884381,18.782138408891456
2012,37,077,Granville,360.27439401606557,24.947761824617924,30.86645814868299,19.030062153639953
2012,37,069,Franklin,400.55152930445513,25.130157726107157,31.035109975342326,19.226189832626297
2012,37,101,Johnston,323.6374413215318,25.335260853488464,30.93732687932105,19.73418254714479
2012,37,183,Wake,340.3539335490792,25.232505737330523,30.912072583324527,19.553935621737548
2012,37,105,Lee,335.23313842282295,25.202419272154028,31.03481643111403,19.37103013882024
2012,37,131,Northampton,516.865353673033,24.968828360868056,30.71280474132396,19.225851598278297
2012,37,083,Halifax,464.51450376070716,25.259432221294173,30.990735745571943,19.52912611843343
2012,37,127,Nash,413.4674011373473,25.531057629745693,31.220198166228084,19.842906584823417
2012,37,065,Edgecombe,423.3087508636419,25.53146531465011,31.027699226976935,20.03623093912807
2012,37,195,Wilson,432.2999535719763,25.59753212634676,31.122010178533294,20.07404311375675
2012,37,163,Sampson,388.3633174013562,25.600146978128482,31.02721788301306,20.174058650700513
2012,37,185,Warren,451.4172789753891,25.247338562648608,31.22220837797556,19.273445630869663
2012,37,187,Washington,454.70523884597884,25.963318723666248,30.864119647852704,21.063511807426707
2012,37,061,Duplin,509.214519717209,25.317156214891835,30.825002536857102,19.810292638512237
2012,37,091,Hertford,492.4512427376419,24.848875056718562,30.489067078359312,19.209678139541804
2012,37,017,Bladen,432.7728633179645,25.73506225778757,31.351568225470736,20.11955281561307
2012,37,095,Hyde,565.4324006624669,25.935560549676257,29.66749794645594,22.20461183872795
2012,37,015,Bertie,401.7489702541734,25.49151444981912,31.091098100101895,19.89292882108017
2012,37,079,Greene,479.33276994404446,25.693255362064917,31.166905971657577,20.220583723625648
2012,37,041,Chowan,379.3462186346543,25.582751630071783,30.5020782487931,20.664434540976625
2012,37,117,Martin,425.92171933990426,25.65668471806544,31.005039359808723,20.3093200233697
2012,37,047,Columbus,380.2720904507002,25.585704991180204,30.926682980867284,20.24571383821889
2012,37,191,Wayne,391.39104646214827,25.545476676995047,30.933760895390144,20.15818580813859
2012,37,133,Onslow,479.8332254213011,25.469445585689474,30.252283131995007,20.68759990132447
2012,37,107,Lenoir,524.1611522060933,25.528506364246816,30.981657502077763,20.076340737229692
2012,37,129,New Hanover,475.5742714116725,25.888482562243755,30.415949037059075,21.362005525248374
2012,37,141,Pender,508.1019193945873,25.67870509606489,31.134548954587586,20.223848127065462
2012,37,051,Cumberland,433.96691468384495,26.009235926178,31.33832333600572,20.681146506563525
2012,37,147,Pitt,475.95389140325636,25.60000895195336,30.934384518139915,20.266633022196913
2012,37,013,Beaufort,469.79996075407036,26.128402463885458,31.252647667503087,21.005160435641113
2013,17,121,Marion,368.80666884320465,23.43246563709135,28.771790743224773,18.094135309357302
2013,17,005,Bond,311.8001156863459,23.3281374132711,28.774108899272644,17.883153027357835
2013,17,083,Jersey,175.71890366948088,23.393807243742508,28.870955507328805,17.917663132687014
2013,17,163,St. Clair,259.3524785031638,24.049998248066945,29.343684386145846,18.75729305191872
2013,17,027,Clinton,282.25275127718504,23.62338442432918,28.841156021114713,18.4066073642104
2013,17,013,Calhoun,163.87253007554764,23.415052130028386,28.9371899183095,17.89391644004636
2013,17,119,Madison,280.6531502174313,23.669628455221023,28.8713238516098,18.46893243069303
2013,17,133,Monroe,193.24689587838117,24.066479609744718,29.56410478769019,18.569845284814857
2013,17,117,Macoupin,187.6431429123414,22.90124462866367,28.370054255378687,17.433425394401667
2013,17,171,Scott,147.44560520392054,22.843859923210868,28.707434000770256,16.981272497519793
2013,17,137,Morgan,170.73725004069598,22.787249242640705,28.493683099279163,17.081799402721952
2013,17,107,Logan,191.2055961018133,22.726495115904644,28.368329190591012,17.08564969345138
2013,17,129,Menard,168.8345893346833,22.67970671145372,28.27553921633747,17.08486514446256
2013,17,167,Sangamon,139.42490022453003,22.750090954953944,28.303339308320567,17.197840461182555
2013,17,021,Christian,147.5696115829921,22.75923014966581,28.493185138009046,17.026277433623147
2013,17,127,Massac,337.106049170208,23.919306901591423,29.141817782122185,18.697791988693464
2013,17,057,Fulton,164.0104796045689,22.600671774239128,28.382839443752538,16.819500997058284
2013,17,175,Stark,220.72606635577523,21.644163066703065,27.654939285042623,15.634390243948573
2013,17,203,Woodford,190.51855627651872,22.165986890394972,28.039679547851275,16.293284472023096
2013,17,179,Tazewell,136.29495977761266,22.5072018070348,28.150890676794116,16.86450806938049
2013,17,123,Marshall,180.2533146131153,21.904676312363623,27.807338558067602,16.00301368562834
2013,17,143,Peoria,176.34801294908343,22.235668280558876,27.973040779703563,16.49929473233859
2013,17,001,Adams,121.63053415712118,23.262913944808325,28.77016923433659,17.75664584124199
2013,17,177,Stephenson,305.2898435758974,21.10388548208177,27.10766811226132,15.10110651075581
2013,17,141,Ogle,288.0545413037461,21.159149075680318,27.034598538469748,15.284687431627546
2013,17,201,Winnebago,346.36620339724266,21.19398041760299,26.922171274536062,15.466782936023076
2013,17,007,Boone,352.5578656314704,20.896767850251557,26.77501561858795,15.019510512355923
2013,17,025,Clay,448.2693746732589,23.38151936046981,28.80601946938736,17.958010278335856
2013,17,185,Wabash,365.3829722451696,23.739302369086335,29.084352253178054,18.3952267618565
2013,17,009,Brown,204.51855329940156,22.727308971058566,28.61905831442913,16.836566498535216
2013,17,151,Pope,350.16972193102777,23.30604799563176,28.876813303356148,17.736273536097425
2013,17,033,Crawford,379.81660528906457,23.40802142233511,28.918750712767306,17.89828958521839
2013,17,135,Montgomery,194.88114128569646,22.86556629066348,28.494764105694212,17.23736112311912
2013,17,055,Franklin,255.80034434986916,23.698907792475186,29.039492811934075,18.3593320219392
2013,17,023,Clark,331.8791747175225,23.048190042280208,28.657825744999574,17.43955420073318
2013,17,059,Gallatin,334.531475754708,23.71193285342027,28.957080436811793,18.467785625367828
2013,17,075,Iroquois,169.4030178316756,21.68779856342681,27.575973154706283,15.800607693635035
2013,17,041,Douglas,256.07725860154466,22.38490619210546,27.697227712356565,17.073580366000314
2013,17,189,Washington,249.76305002045225,23.687680108857773,28.977705524666714,18.39865692225982
2013,17,159,Richland,453.1395459116636,23.601811257416905,29.07675179727742,18.127857425902274
2013,17,065,Hamilton,281.54526464037934,23.591794553517826,28.834299948287388,18.350297530684575
2013,17,193,White,274.1881316974766,23.887803893212126,29.182508359757026,18.594104111221867
2013,17,169,Schuyler,184.52037080981032,22.67868255758764,28.429629689762965,16.928721677294508
2013,17,181,Union,250.4025703498741,23.992621961838058,29.431342902720953,18.554877562660003
2013,17,085,Jo Daviess,255.21823161255355,21.006491412507724,26.977973990259517,15.036010152564678
2013,17,125,Mason,179.44348266687567,22.708172836760966,28.438571375167665,16.978747113808097
2013,17,191,Wayne,391.7796016785027,23.52868017586356,28.798939477666398,18.25942521519044
2013,17,069,Hardin,334.2797305853623,23.172811095740794,28.691973793819518,17.654643988225736
2013,17,061,Greene,132.79654708504694,22.990914312550345,28.60162078657211,17.38120511737457
2013,17,157,Randolph,246.3133651125821,24.049028215209614,29.626611322541677,18.472430260760785
2013,17,149,Pike,145.14332684619384,23.04994406865487,28.69085848119516,17.41002408712394
2013,17,145,Perry,226.56051758602706,23.803803417124644,29.067362429517363,18.541240407821977
2013,17,087,Johnson,295.0560502799522,23.732386587214584,29.181840105785263,18.283924402789648
2013,17,173,Shelby,200.99411794342998,22.86669047041973,28.436862015882753,17.297519783464054
2013,17,051,Fayette,293.1957835918986,23.200394506287967,28.68954165787736,17.71223559235781
2013,17,139,Moultrie,197.64063584597727,22.569553146225378,27.914712063555307,17.225369995742003
2013,17,017,Cass,186.69169179387904,22.729327714899686,28.508978398604114,16.950667696046573
2013,17,015,Carroll,207.02391211671127,21.268981000438764,27.593904858161256,14.945048438133538
2013,17,047,Edwards,346.054129684732,23.73560469447044,29.018747428491135,18.4534751934331
2013,17,079,Jasper,418.2715907239519,23.269333627209036,28.710956783966783,17.828708619826035
2013,17,187,Warren,142.99310811169076,22.32121946932324,28.227296076161664,16.416142790021677
2013,17,153,Pulaski,224.4226933481374,24.49268652341719,29.623668602819723,19.362708532660577
2013,17,165,Saline,319.4974724266911,23.449688127649363,28.776746911798774,18.123620021410584
2013,17,101,Lawrence,370.81592420517734,23.64120799420587,28.93405624188421,18.349374970712113
2013,17,045,Edgar,251.34738108927445,22.302112359888998,27.64066292370081,16.964545911042308
2013,17,071,Henderson,133.82023981331534,22.830851534904138,28.45586123499328,17.206843583361355
2013,17,199,Williamson,276.1455542773585,23.69780873942154,29.117362621670438,18.27926301556228
2013,17,077,Jackson,267.0031975776669,23.816036366314222,29.30986169833716,18.32320295604679
2013,17,147,Piatt,188.78534593099099,22.3637079092481,27.783597949616663,16.9448217669145
2013,17,053,Ford,173.91721647466844,21.747457216163784,27.633397885849842,15.862509169303571
2013,17,019,Champaign,204.40063221728207,22.288340480675377,27.776729809193128,16.80094888237185
2013,17,029,Coles,322.24722479639854,22.52109824704039,27.742550714541736,17.300638168320457
2013,17,035,Cumberland,327.96174087753263,22.962216014449652,28.463765756864806,17.461673508412126
2013,17,183,Vermilion,215.427077133162,22.212103942997842,27.836704566923487,16.58849920247985
2013,17,115,Macon,192.73714478610697,22.68631034300643,28.122228031394734,17.251386988680828
2013,17,049,Effingham,312.86200644102246,23.194203198643876,28.69056106968772,17.698841789345572
2013,17,067,Hancock,133.7082366334566,23.226508149249455,28.802887196231882,17.651119883891198
2013,17,095,Knox,161.91478269471594,22.00691040896235,27.82928028572628,16.185543455140984
2013,17,109,McDonough,169.9063188020397,22.805949129431554,28.620153356900623,16.992730849322964
2013,17,081,Jefferson,292.37730642270645,23.412597600869365,28.689568903354058,18.136619277277642
2013,17,113,McLean,166.86705314284794,22.28830378569522,28.00029667715277,16.577311234970047
2013,17,039,De Witt,190.10926749377896,22.406753740701724,28.006929730528533,16.807559951504146
2013,17,105,Livingston,173.93305783002842,22.07885154281187,27.888322715860124,16.270385335485486
2013,17,003,Alexander,244.52091546528894,24.61488549785194,29.724799006338376,19.50596388375599
2013,17,093,Kendall,285.11422865344554,21.4681037729349,27.074156481698747,15.863038779605104
2013,17,031,Cook,227.81955951487444,21.7817535312832,26.48444310613918,17.080054811024656
2013,17,037,DeKalb,323.13680034330014,21.133576401862314,26.71710798647883,15.551035088529249
2013,17,089,Kane,257.2784923204,21.166336199074806,26.830346444569603,15.503334702038911
2013,17,063,Grundy,243.78450312395003,21.72517859884922,27.472940680757503,15.978406686987809
2013,17,111,McHenry,333.1367647365264,20.582320453446062,26.473227718323237,14.692400830655975
2013,17,197,Will,202.14555060416663,21.64714703523333,27.092836533986837,16.202450717284602
2013,17,043,DuPage,220.44005728132046,21.504434136095536,27.0821662332525,15.927709976477333
2013,17,097,Lake,256.57362679020844,20.57434037845894,25.530507786042264,15.619152556024451
2013,17,091,Kankakee,206.46396613711275,21.590066350141168,27.2768553353836,15.904269980695231
2013,17,011,Bureau,198.012265068064,21.548831983548013,27.473528805756185,15.625128473455039
2013,17,155,Putnam,191.7448469313872,21.894935155536466,27.825800140331125,15.965076155478055
2013,17,099,LaSalle,270.3986326058053,21.70409968620193,27.591961019367364,15.817225765522501
2013,17,131,Mercer,118.0694955466648,22.370387024458427,28.276517323399972,16.465256731306994
2013,17,161,Rock Island,178.91753868612994,22.267515700644278,27.856951675748434,16.679094659600132
2013,17,073,Henry,195.07591363912974,21.826675229507813,27.596776263742957,16.057566766483752
2013,17,103,Lee,255.18228063101083,21.141936825557302,27.008366401373483,15.2764974976586
2013,17,195,Whiteside,197.7666482949933,21.444559441400084,27.376868713771668,15.51323610740381
2013,19,149,Plymouth,200.14179079089826,21.732885136640096,27.560680004344903,15.906079875282828
2013,19,193,Woodbury,164.37850273773492,21.833507529427074,27.742042960804962,15.925967626466756
2013,19,027,Carroll,173.29660928364254,21.658691523184974,27.5862335421859,15.732135101509085
2013,19,061,Dubuque,318.5475459970053,20.93384168420934,26.54922082807596,15.319462202072696
2013,19,101,Jefferson,165.23134411554895,22.46422668776544,28.306913958943618,16.62253102784615
2013,19,187,Webster,145.03335418181916,21.703745689212468,27.627479642360917,15.781015880670118
2013,19,111,Lee,146.12295571805143,23.33821464299515,28.839130893097686,17.838293476070344
2013,19,127,Marshall,174.77418086751217,21.573560873403824,27.441725213821357,15.706404232992993
2013,19,195,Worth,415.2948482840971,20.932248277610483,26.4173525068036,15.44813446058964
2013,19,033,Cerro Gordo,324.12999762298404,21.043520532159967,26.751500160794254,15.336526634674204
2013,19,051,Davis,167.12483034108698,22.66331667320428,28.519235838615433,16.808402897963127
2013,19,179,Wapello,166.5220792267996,22.43582863209339,28.19393317481076,16.678724704170243
2013,19,041,Clay,191.30147514222696,21.598281219603457,27.51174768334128,15.685805873850834
2013,19,059,Dickinson,183.839065616784,21.516792027138347,27.442482998722625,15.59209989133555
2013,19,021,Buena Vista,165.19431195202125,21.622317931769242,27.340143304091065,15.905503295134528
2013,19,013,Black Hawk,270.5351187196457,21.505589347590472,27.27954525595692,15.732615351072686
2013,19,075,Grundy,256.2599946198321,21.449314280244153,27.290979994430476,15.6086325089849
2013,19,017,Bremer,286.88161303329474,21.20834191401261,26.973016878720685,15.444664544670703
2013,19,085,Harrison,202.09877925833544,22.244397144525042,28.237698212687295,16.252082495760998
2013,19,129,Mills,193.39510651921867,22.82140215646779,28.584735752221558,17.059064619334514
2013,19,155,Pottawattamie,222.30531368128868,22.352484587639175,28.167884606553645,16.53807585403541
2013,19,123,Mahaska,151.3832194790494,22.079412982606062,27.965268263802372,16.194555653208308
2013,19,125,Marion,157.66496961114618,22.55471840765657,28.135721968749728,16.97471725949862
2013,19,053,Decatur,192.51152091930916,22.368958841353585,28.111979638602605,16.62692554743193
2013,19,031,Cedar,217.48691734580595,21.71048450608651,27.555536421804163,15.866428631742732
2013,19,151,Pocahontas,188.42994740359077,21.76781107836384,27.621218922040878,15.915395813186477
2013,19,109,Kossuth,223.84625494231966,21.449736811704245,27.144541625472684,15.75592884036801
2013,19,089,Howard,352.17381637799247,20.334683602777055,26.24389347923447,14.426475409352772
2013,19,147,Palo Alto,227.21708955959315,21.576227352849926,27.4342445765422,15.719199736992135
2013,19,159,Ringgold,184.18579089991718,22.24410413821741,27.90054599752208,16.588666260468074
2013,19,025,Calhoun,136.54521927586222,21.71683840199432,27.50006047149131,15.934604159947217
2013,19,039,Clarke,171.4639223776415,22.332217208432017,28.193080150727194,16.47233624725011
2013,19,065,Fayette,280.15242313035304,20.826883380890077,26.73799244174024,14.916762995871181
2013,19,001,Adair,145.29190881033765,22.18281962862041,28.128630532848614,16.23799867801962
2013,19,037,Chickasaw,274.66599845914794,20.86256459803319,26.6419611688231,15.084161596444705
2013,19,081,Hancock,252.85453717647135,21.26403880591126,26.987077275204378,15.541999556081981
2013,19,157,Poweshiek,156.86504388817625,21.81925630110362,27.876639273323786,15.762872856724693
2013,19,165,Shelby,200.79442330962505,21.631360459403115,27.593967141751005,15.669755063915545
2013,19,185,Wayne,195.5415881050522,22.240253620745374,28.044988370123697,16.436521796418273
2013,19,097,Jackson,212.97382894391345,21.112373043689,26.97382277564499,15.251931439915657
2013,19,043,Clayton,338.0028236914285,20.872897586060112,26.69253706036704,15.054254210532594
2013,19,007,Appanoose,150.8808670456861,22.33163787567083,28.219751844246908,16.44451811601027
2013,19,177,Van Buren,176.0152221120387,22.621875196543673,28.539890019417665,16.704866674302476
2013,19,197,Wright,210.31704722087326,21.507268370027532,27.438052304607172,15.57749421403893
2013,19,137,Montgomery,193.6484236833936,22.18912307114448,28.20808593777052,16.17115036494424
2013,19,175,Union,146.2260065420557,22.2119657145278,28.00372444086563,16.4212055170212
2013,19,107,Keokuk,136.28774911124614,22.063111061470135,28.047597774807535,16.07961848816574
2013,19,131,Mitchell,380.2813040728223,20.788772891698812,26.320043470456046,15.258493758967635
2013,19,191,Winneshiek,371.34939187114406,20.681391860626768,26.509860071959178,14.853921531752048
2013,19,161,Sac,136.22419588152277,21.471392789614487,27.22273849355613,15.72103906477967
2013,19,055,Delaware,379.30941085064586,20.633003897259325,26.677462609796947,14.589537034444703
2013,19,067,Floyd,316.0140634185595,21.229658339469424,26.84125981613838,15.619060046506085
2013,19,009,Audubon,193.91516273256485,21.56368956923392,27.600615261470253,15.527751022651321
2013,19,079,Hamilton,148.40272239545826,21.637835365316388,27.68566676281735,15.590998329201717
2013,19,069,Franklin,294.28625891193576,21.382928014632338,27.26831808654554,15.49852147407265
2013,19,141,O'Brien,188.8672724005741,21.485443197788115,27.330555956494187,15.641326999857654
2013,19,167,Sioux,205.586284075458,21.548436918431882,27.41829599904168,15.679567666242919
2013,19,005,Allamakee,440.7099572861518,21.03427732739209,26.52765628090713,15.541899872087038
2013,19,189,Winnebago,323.8701601285723,21.23479205937736,26.74776981355744,15.722813522318699
2013,19,093,Ida,161.5428140933178,21.38917774632201,27.240464658325966,15.538881312436718
2013,19,029,Cass,193.67734492697176,21.864728477875456,28.0013870448972,15.729060691148623
2013,19,083,Hardin,206.108322712973,21.460077600226196,27.37062792428383,15.550525093584449
2013,19,173,Taylor,180.52451000593433,22.16563178677664,27.993906583238616,16.338353085191507
2013,19,145,Page,182.57563160734338,22.26287112236023,28.178264345460292,16.348487585217292
2013,19,035,Cherokee,167.1103210256428,21.68306518252988,27.44268329666658,15.924440344777834
2013,19,071,Fremont,162.73299696549984,22.98949785137676,28.77444298990687,17.205540946100587
2013,19,095,Iowa,154.7378674787625,21.741180628684646,27.85716340953395,15.626200118585462
2013,19,023,Butler,351.8596132345359,21.51805391817704,27.271441577911258,15.765656770560181
2013,19,063,Emmet,192.25099554680915,21.286705044368475,26.959240567391895,15.615167406367702
2013,19,047,Crawford,149.67394784879872,21.461800471355847,27.235310504022063,15.689289357244196
2013,19,019,Buchanan,377.9108344557201,21.080555116584957,27.037605017120153,15.12450100298824
2013,19,143,Osceola,189.50182125131784,21.326438615549797,27.359467254538163,15.29442469784247
2013,19,073,Greene,150.34308730773998,21.851282076442978,27.93170890954263,15.771855723295563
2013,19,087,Henry,156.38901985689122,22.750295258162588,28.574094971890954,16.927467367953422
2013,19,119,Lyon,205.9433042531107,21.23594210369398,27.298882487316703,15.173985964816177
2013,19,003,Adams,196.90318771843056,22.053284131569967,27.967554145652844,16.140009380836712
2013,19,133,Monona,202.25400843008924,22.08177791617755,28.24361980469917,15.92093534803077
2013,19,091,Humboldt,182.1326492299656,21.653152205586803,27.519372359929008,15.78793025934597
2013,19,115,Louisa,126.22162567977001,22.65685058532219,28.540893479015462,16.773809052886506
2013,19,171,Tama,175.7236170041784,21.520466953544116,27.578828932885326,15.463089030720889
2013,19,135,Monroe,129.39969895556777,22.307407961679605,28.0412630873756,16.57454218105859
2013,19,117,Lucas,185.56724880093628,22.40442602364531,28.190350592224064,16.61951768687425
2013,19,057,Des Moines,130.78110136574355,22.898170744157525,28.560540827882203,17.236796019795086
2013,19,011,Benton,224.32021349909616,21.62296635270694,27.574568549894234,15.672351794525369
2013,19,113,Linn,296.2676759848621,21.468166635099582,27.375259227451252,15.562067711903692
2013,19,105,Jones,260.53807404651684,21.13758669103578,27.102070761747143,15.174089093969775
2013,19,103,Johnson,184.6037804137853,22.069114012228177,27.92135003986652,16.217873484593838
2013,19,183,Washington,133.27739901804344,22.355670618651004,28.340377958253175,16.37195840238786
2013,19,045,Clinton,200.39785823069192,21.520084974744886,27.31797095304209,15.723200751633652
2013,19,163,Scott,202.7787702515289,22.02324002749535,27.571823933390167,16.47564722177919
2013,19,139,Muscatine,168.80251936307968,22.420745867139296,28.19706770713466,16.645430013541034
2013,19,169,Story,159.2251840619585,21.727280824538692,27.65216072532067,15.803403145487763
2013,19,015,Boone,142.54473375820317,21.89146229057253,27.875677782121016,15.908262770016494
2013,19,121,Madison,137.0626217100474,22.221372382602635,28.156281013235574,16.2874564931214
2013,19,181,Warren,155.07005623239954,22.71104647329808,28.349503047901756,17.07359854475013
2013,19,049,Dallas,130.64906538153187,22.256517660633165,28.256297231429098,16.257718980893088
2013,19,153,Polk,147.65289361493032,22.718419434180642,28.41428145691334,17.02353607266378
2013,19,077,Guthrie,187.11440009315442,21.95089835812593,28.113848429987293,15.788934810738379
2013,19,099,Jasper,153.3734378794182,22.171830840333364,27.99735073306199,16.34730599933487
2013,31,043,Dakota,220.17579127070468,22.034142841977786,28.055032107370288,16.01423202590146
2013,31,051,Dixon,222.41021045088192,21.740702544776873,27.700404097895817,15.78199720169959
2013,31,053,Dodge,215.2044284366983,22.635142209872747,28.525160291792965,16.746120779490393
2013,31,025,Cass,171.59802214917343,23.12730806281373,28.83858331591031,17.417035607227607
2013,31,055,Douglas,173.51366740194496,23.080098771415077,28.605665603387425,17.555516075822133
2013,31,153,Sarpy,169.56421553678615,23.123631591551757,28.769182559903516,17.479082785198614
2013,31,155,Saunders,180.84037477775928,22.749635613137933,28.842973034119176,16.657288389344572
2013,31,177,Washington,204.10265406069328,22.766214626010488,28.425314664519142,17.10810025228498
2013,31,067,Gage,231.91467213098252,23.288077331380055,29.300127553169045,17.277031575147085
2013,31,109,Lancaster,157.3234502468676,23.078150952411967,29.006906599823356,17.1503910565838
2013,31,159,Seward,174.00681062014652,22.706214095938343,28.728782061145683,16.68464970691398
2013,31,139,Pierce,236.72139866694042,21.916606352457006,27.840233719462326,15.993982228745681
2013,31,119,Madison,211.6864205903045,21.851318978108896,27.624830023177168,16.078822652964284
2013,31,167,Stanton,261.96402690090446,21.915773316785785,27.797886847407803,16.034665751270868
2013,31,117,McPherson,231.93780051692553,21.896980397598476,29.306244248992883,14.488711714839836
2013,31,111,Lincoln,177.91586853788613,22.506702396492212,30.177907418006356,14.836492524220022
2013,31,113,Logan,271.28163875174045,21.839802790677012,29.246839318932842,14.433751347898879
2013,31,007,Banner,122.58667994555137,21.395746211191128,30.086006046240495,12.70648207859091
2013,31,157,Scotts Bluff,100.86686731310525,22.081945266043267,30.613187406352395,13.551702852527685
2013,31,165,Sioux,123.24822698324925,20.82685038562873,29.26196442562305,12.392727985898437
2013,31,039,Cuming,294.7058677634056,21.99786779618273,27.88624942258957,16.110487609496925
2013,31,129,Nuckolls,250.14926599601256,23.3865819553214,29.929917463833885,16.84424463922086
2013,31,101,Keith,168.5330891210194,22.499762391056706,30.21235939396586,14.788162249764072
2013,31,137,Phelps,147.89455741240735,22.93397386517492,29.703463830943974,16.165480579676668
2013,31,181,Webster,200.70776719556457,23.166789114724633,29.99177818319052,16.342795219495706
2013,31,015,Boyd,258.18609953001624,21.581423133308135,27.78566761152587,15.378170512089309
2013,31,171,Thomas,290.9587469782751,21.986812775411057,28.945719284627085,15.028898409381185
2013,31,089,Holt,254.25152458100345,21.74153454298169,28.011925102560358,15.472137677416663
2013,31,017,Brown,222.5694497909934,21.748036817152073,28.307446090493105,15.189626065863543
2013,31,103,Keya Paha,260.9968368297877,21.599019476117984,28.309153786317083,14.889885275251453
2013,31,077,Greeley,246.82955574360915,21.930187792399586,28.240503174475837,15.620875389747573
2013,31,095,Jefferson,201.22425756960308,23.177110164564436,29.4290583170692,16.92615367447993
2013,31,151,Saline,182.99496310322417,22.973052874373547,29.033915590701003,16.91317811757658
2013,31,057,Dundy,148.06691913042988,23.462365126455154,31.69707009930073,15.228650514463359
2013,31,131,Otoe,172.64820154219777,23.124362185586353,29.00560770261161,17.2441122444275
2013,31,087,Hitchcock,153.60734238600475,23.979104921426078,32.123366729117635,15.835831086457187
2013,31,105,Kimball,121.03890708780439,20.92392660336096,29.656717579523175,12.192139490786024
2013,31,127,Nemaha,198.41783876370351,23.144753666960625,28.923824865139572,17.366686540288537
2013,31,041,Custer,238.41184777872584,21.912723570529337,28.817851450120486,15.008589376298442
2013,31,143,Polk,170.93472996637135,22.476498155182416,28.430604100326644,16.523402421688537
2013,31,045,Dawes,170.32000346659115,21.57301427058733,29.359827425659308,13.787193502293434
2013,31,179,Wayne,227.13622706758042,21.697736164863045,27.589124993281704,15.807350888563466
2013,31,071,Garfield,257.14517164960245,22.042123894396646,28.338011757976883,15.747224604198706
2013,31,013,Box Butte,125.98335180985464,21.359729265637423,29.30952467205209,13.410927908393605
2013,31,173,Thurston,246.11868940012596,22.186568838860122,28.475191714259,15.898932947659027
2013,31,011,Boone,253.47049299919377,21.801217267570266,27.746275813997915,15.857142604884146
2013,31,145,Red Willow,120.64485600257626,23.84955931667698,31.764360351670838,15.935756234583415
2013,31,149,Rock,242.65452732608864,21.55400835831245,27.959159338407993,15.149854732803291
2013,31,005,Arthur,189.77664012322444,21.85723916271339,29.413242334087666,14.302233990282472
2013,31,085,Hayes,158.70525726996433,23.071531783052333,30.99889928041498,15.145162526534417
2013,31,097,Johnson,207.94796277843375,23.001685929725763,28.97462657084368,17.029736404706657
2013,31,003,Antelope,199.10357809104607,21.718508506968618,27.51049671024167,15.927509208283597
2013,31,163,Sherman,226.77857875809363,22.262300223554643,28.887565927998697,15.638041703779155
2013,31,161,Sheridan,179.01618809687454,21.172269255601325,28.646738409438086,13.698790102747537
2013,31,133,Pawnee,233.6285209025081,23.108759222379238,29.061814995149152,17.15671006136085
2013,31,075,Grant,166.70869137938323,21.29937909748399,28.673006576469465,13.926749628279392
2013,31,021,Burt,270.415436734502,22.388669903695916,28.478631806099354,16.299706616795273
2013,31,009,Blaine,263.2988956858189,21.896734129089342,28.760613944162355,15.033838484829873
2013,31,027,Cedar,249.3673665436573,21.776831465988757,27.638121902482226,15.916543841838088
2013,31,169,Thayer,190.12682561582525,23.536621364118435,29.917913133747426,17.156320732228508
2013,31,049,Deuel,166.0864253627532,22.21243507013982,30.375515109569758,14.050348021960763
2013,31,123,Morrill,120.930375118568,22.05278343729191,30.417845253897415,13.688708918863037
2013,31,115,Loup,218.10761718504267,21.951888198645552,28.674439849054448,15.230335816242235
2013,31,063,Frontier,166.7578956248562,23.421284442435386,31.061499460636078,15.782066500380916
2013,31,125,Nance,249.91994317065198,22.305747012446105,28.416241572680352,16.19624652710384
2013,31,107,Knox,300.54762784879364,21.8553261916026,28.01158978968549,15.700056640846206
2013,31,135,Perkins,180.50554045223464,22.65857505172372,30.725090537431843,14.593045639373662
2013,31,037,Colfax,239.40233990911807,22.433959137073206,28.37399511661804,16.494907299794505
2013,31,023,Butler,172.4903755977688,22.607685668139457,28.63373282588164,16.582628276897246
2013,31,031,Cherry,249.8435826790183,21.312061495417346,28.25055440075523,14.374559923128363
2013,31,183,Wheeler,225.46610500675885,22.09968369431619,28.22531792523331,15.97502548712113
2013,31,061,Franklin,157.35527468442348,23.281499100364467,30.230005671060713,16.333975983238165
2013,31,029,Chase,148.67800267283613,22.797971066451446,30.80847415728645,14.788457088040522
2013,31,059,Fillmore,132.27335144069315,22.98854907725925,29.145570223255856,16.83252095335238
2013,31,185,York,162.04697796411756,22.772615105446672,28.940958390318762,16.60525006087847
2013,31,035,Clay,182.16889690049464,23.129068679432798,29.321715211662042,16.937408690501513
2013,31,033,Cheyenne,130.03843277686113,21.780443669281485,30.187376637203627,13.374507455684764
2013,31,069,Garden,166.2417604986958,21.85302725316542,29.809007201535746,13.898034742117893
2013,31,083,Harlan,117.25575025148947,23.620090426555574,30.809272020709162,16.431899564127168
2013,31,091,Hooker,286.7874448639531,21.495416452179295,28.439815366189446,14.552004256136865
2013,31,147,Richardson,228.15210833450985,23.21567798067095,28.917591021842444,17.514766802839606
2013,31,065,Furnas,121.37652099052029,23.871255761471925,31.676743861711756,16.066769042599677
2013,31,175,Valley,219.90684110326046,22.084184399875067,28.482175093500683,15.687186914205173
2013,31,141,Platte,235.5295747891553,22.141320499670115,28.046542984309365,16.23708762161148
2013,31,121,Merrick,204.42707799127956,22.77300726611363,28.92368303574863,16.62332215453533
2013,31,079,Hall,198.40269401952776,23.055551418189914,29.245303598812928,16.866807529619912
2013,31,081,Hamilton,176.95369651637074,22.79749122160892,28.851163892070044,16.744823354580756
2013,31,093,Howard,237.96582278017542,22.621034831559868,28.93692684781366,16.3061378272116
2013,31,001,Adams,184.83894244364262,23.08894670721807,29.321392581784462,16.857506957207463
2013,31,099,Kearney,170.6823821003589,23.090264263120943,29.78199025416586,16.39954824691339
2013,31,019,Buffalo,194.4413204095744,22.687709545495792,29.364662863424062,16.011744928278848
2013,31,073,Gosper,139.6138572657784,23.14617693537639,30.272427812448967,16.020926366532464
2013,31,047,Dawson,197.54249281508004,22.729613461147196,29.70660875946838,15.753615583010301
2013,37,037,Chatham,499.11754701392545,24.236714532996523,28.996731084926463,19.477688618463983
2013,37,115,Madison,626.6370740016287,20.810919740384016,26.396227456827813,15.22662436288529
2013,37,087,Haywood,580.8698498768356,19.217130612826228,24.151731582043904,14.283524853649242
2013,37,021,Buncombe,620.4638341868704,20.924069662372585,26.076349590705828,15.772787110835386
2013,37,089,Henderson,822.283145374605,21.353537581928556,26.239179069222264,16.468877079213886
2013,37,175,Transylvania,977.1841597443223,20.367526056165822,24.925952033600243,15.810111173357283
2013,37,167,Stanly,666.5791940745045,24.707735590953128,29.619561982128108,19.79689075452675
2013,37,109,Lincoln,556.6554347701475,24.18340794624651,29.11113804503625,19.256675372908422
2013,37,159,Rowan,553.4844978173572,24.04291453519197,28.970808470193887,19.116008385594476
2013,37,025,Cabarrus,621.1531172376268,24.50160095475125,29.549036689552732,19.45518984726231
2013,37,097,Iredell,610.0773813313523,23.72322702691118,28.644716789440174,18.802728054524795
2013,37,071,Gaston,472.3498708396412,24.62455705776204,29.46205584804971,19.788046050214017
2013,37,179,Union,505.8328510073228,25.064871597703583,29.76923424400411,20.361503512456498
2013,37,119,Mecklenburg,463.3076181756104,24.857688083830162,29.582045898859814,20.134332854557755
2013,37,045,Cleveland,543.1033962328336,24.06108848613253,28.95491568535508,19.168261524518584
2013,37,005,Alleghany,740.2751915506935,19.998061155811275,24.912286081555546,15.08483355530204
2013,37,173,Swain,531.3539540880328,19.723908498582254,24.872012134263535,14.576799143484712
2013,37,011,Avery,813.6819824949407,18.86170253520047,23.450594253871618,14.273804084193038
2013,37,033,Caswell,551.8088605737239,24.063297870927222,29.11062452432417,19.016980911407995
2013,37,075,Graham,534.0873833462006,20.960144795317362,25.944135182936684,15.977124309027731
2013,37,007,Anson,670.1214030914168,25.405557433255126,30.348661468707498,20.46344192796663
2013,37,149,Polk,831.4194010474164,23.342639109449372,28.176365957968937,18.509896705569343
2013,37,039,Cherokee,600.2442763214822,21.89448542501935,26.96512478004878,16.824833040629155
2013,37,113,Macon,616.170918842945,20.417035595664153,25.033641595848422,15.801419617494226
2013,37,009,Ashe,683.7450190435364,19.629436078625524,24.398195199393204,14.861683205101135
2013,37,123,Montgomery,619.4318377038168,24.728853013722016,29.737850819614046,19.72084766755331
2013,37,043,Clay,572.9815405256157,21.021855549856898,25.737618633760913,16.30707311253696
2013,37,121,Mitchell,612.0016578200307,19.422565499514544,24.542206206161282,14.303930487287536
2013,37,199,Yancey,592.7045769331731,18.924518290095502,24.006012940500803,13.844004392698517
2013,37,189,Watauga,769.9878358802326,19.39628896224679,23.997685656800137,14.795880266932876
2013,37,099,Jackson,689.4315635462401,19.772128588978656,24.341124002345694,15.204151154248935
2013,37,161,Rutherford,691.7964533872982,23.46135280520818,28.429538603420394,18.494154975398363
2013,37,193,Wilkes,668.4613994886867,22.645465280425523,27.748564020451653,17.543354804307675
2013,37,125,Moore,571.8571467897743,24.870505845523695,29.767182720523593,19.974824456720597
2013,37,153,Richmond,631.3230970776427,25.37778403370071,30.283487326312237,20.473088057414778
2013,37,093,Hoke,604.0213777215798,25.4092330687764,30.303056763094016,20.51639531155899
2013,37,165,Scotland,588.3826048185748,25.45745027720663,30.364297558967284,20.55159202455707
2013,37,155,Robeson,620.2216514923232,25.490028012884835,30.24765752569353,20.73339691680147
2013,37,001,Alamance,533.5649656014912,24.166230701893426,28.946783873888414,19.386673924692914
2013,37,151,Randolph,532.8779788727282,24.148303822107323,28.799337326363414,19.498264686174544
2013,37,081,Guilford,470.90534620558986,24.120757240792308,28.65409306922206,19.588413032296433
2013,37,157,Rockingham,463.8933270748442,23.79602146058163,28.733457257222327,18.859590687961905
2013,37,171,Surry,647.0648346347594,22.871469907379296,27.98023123115662,17.76371444711121
2013,37,057,Davidson,527.7864177515412,24.135684311783947,28.945631284875148,19.326737585837805
2013,37,169,Stokes,487.1735956630099,23.268542167511804,28.17774579181372,18.36032995117493
2013,37,067,Forsyth,453.9302772319863,23.864372446508924,28.440327256496214,19.289396178587545
2013,37,197,Yadkin,611.4399063241729,23.358477620969897,28.29778758401341,18.42016028652261
2013,37,059,Davie,533.1651772354771,23.824947521662367,28.763763302653132,18.88713560397441
2013,37,027,Caldwell,761.4557610078517,22.923187667988962,27.83934209220563,18.008016306186224
2013,37,003,Alexander,687.2296364887587,23.474225210236312,28.20387617118577,18.745574427132944
2013,37,035,Catawba,670.646417154375,23.98160871212209,28.76200210570208,19.202200711930267
2013,37,023,Burke,698.191912660595,22.878427591949148,27.88965758683006,17.868195954815665
2013,37,111,McDowell,731.6825451778005,21.902361858191078,27.154354865050994,16.65137422266911
2013,37,029,Camden,464.1792187795141,24.993890402029653,29.356323252308268,20.63244843514227
2013,37,139,Pasquotank,456.91346911063624,25.13590965180936,29.389826364115137,20.88297630554508
2013,37,143,Perquimans,429.17142256673355,25.193441429138186,29.64938083897713,20.738503318809254
2013,37,177,Tyrrell,590.3256261565674,25.23605452907322,29.179977355658806,21.293123023023274
2013,37,055,Dare,435.8612361631881,25.35832691448689,27.998809241933195,22.718835599954915
2013,37,073,Gates,392.4749192674983,24.84976658865372,30.420302762666324,19.28021589011878
2013,37,053,Currituck,459.17670687733903,25.038431246312125,28.400813000928412,21.6770409635203
2013,37,019,Brunswick,613.0343900219443,25.77613369942256,29.981010258448357,21.572254571880205
2013,37,031,Carteret,445.1918850416173,25.864571893776457,28.755233778670878,22.97490037276342
2013,37,137,Pamlico,473.03219790166054,25.845657634725036,29.672788361888,22.019512710713578
2013,37,049,Craven,511.61472114071586,25.757040721741546,30.282116551842698,21.232958366957202
2013,37,103,Jones,512.0349454514643,25.39965310814606,30.241140877155193,20.559175151014042
2013,37,085,Harnett,662.2019731909055,25.111620301357966,29.909766935114337,20.31445959787401
2013,37,063,Durham,496.76338915037906,24.301595048243257,29.089103959688625,19.51507992228541
2013,37,145,Person,472.1377090185743,23.849033089390367,28.792064637654754,18.9069879604868
2013,37,135,Orange,538.4135342366126,24.118410306513653,28.997091226253975,19.24072641659494
2013,37,181,Vance,435.868414824567,24.393157054391676,29.50837331351447,19.27892642109195
2013,37,077,Granville,438.60596680696403,24.272444924219148,29.131147835944493,19.414732291809223
2013,37,069,Franklin,463.52830623633304,24.681059553734983,29.723708637488205,19.639413620442127
2013,37,101,Johnston,598.4462108252047,24.858754924650327,29.694535116199283,20.023959063756802
2013,37,183,Wake,479.0818685878578,24.535688220557255,29.310489323615634,19.761880073875542
2013,37,105,Lee,538.3477045401312,24.68962598470965,29.570250620873892,19.80999619425322
2013,37,131,Northampton,445.7726800241224,24.57676846107179,29.704798855451916,19.44974224767051
2013,37,083,Halifax,440.7865568698688,24.798139986430282,29.87897497994035,19.718284118345153
2013,37,127,Nash,509.3632005151484,25.022583885174974,30.010582859751448,20.035589789429455
2013,37,065,Edgecombe,519.3570101357718,25.18028131282661,30.122242099372063,20.239322574831377
2013,37,195,Wilson,523.1043160941304,25.26288018284437,30.16738766271563,20.359361541277487
2013,37,163,Sampson,628.0347799418907,25.388884571665955,30.16313578802129,20.615617439945474
2013,37,185,Warren,463.05944000512505,24.722237050889454,29.748179149711483,19.69728788474741
2013,37,187,Washington,540.3765000160488,25.673282258230483,30.117482903486714,21.230074249782795
2013,37,061,Duplin,669.49567803261,25.20371018652554,30.1755670099443,20.232839807657356
2013,37,091,Hertford,368.6175690185654,24.600179570561373,29.718300013545523,19.483048070759043
2013,37,017,Bladen,653.3218721285897,25.55739221094893,30.435881177908072,20.679894779045977
2013,37,095,Hyde,414.1613433119791,25.80443584753966,29.204215750031654,22.40565759367772
2013,37,015,Bertie,482.3373543830475,25.268731207227308,30.361905476123955,20.17655011677646
2013,37,079,Greene,522.7570480801133,25.50128183826097,30.379958646482375,20.62360343859983
2013,37,041,Chowan,488.1266654669244,25.290473076275703,29.792020769335398,20.78992232309692
2013,37,117,Martin,595.724689822079,25.4221823656879,30.2360978867544,20.60926578624163
2013,37,047,Columbus,670.072784082006,25.480030813382207,30.138467801548455,20.822584933090294
2013,37,191,Wayne,599.137924580139,25.223983470676576,30.00482253096229,20.444130809869193
2013,37,133,Onslow,513.8673419685244,25.39653148411547,29.625057189110187,21.1690004969019
2013,37,107,Lenoir,564.7761830205172,25.35540176858063,30.268669176866926,20.44311406089645
2013,37,129,New Hanover,684.9307654377569,25.809434689692353,29.712666822303945,21.907204267968567
2013,37,141,Pender,703.2103432525877,25.5596448378563,30.343623675022673,20.776651860414418
2013,37,051,Cumberland,648.4884543120594,25.656687029206836,30.329147108471524,20.985214413523885
2013,37,147,Pitt,505.834518039232,25.580513689186336,30.37932090794745,20.78270125565008
2013,37,013,Beaufort,457.0382018276414,25.954835232839844,30.546782678919463,21.36388704055219
2014,17,121,Marion,371.6223649675673,23.352352819153218,28.76136496216727,17.9443281790124
2014,17,005,Bond,310.6168781215846,23.28896155217534,28.710466329050977,17.868448359095343
2014,17,083,Jersey,441.39759726018326,23.341707927549884,28.606459721392746,18.077946533085278
2014,17,163,St. Clair,313.40555400935983,24.09353897498406,29.449867675689493,18.738195932861448
2014,17,027,Clinton,345.10706193869936,23.548452940039716,28.837360451088877,18.260546430825084
2014,17,013,Calhoun,402.2590399781501,23.431143379628004,28.786723237198917,18.076570160297898
2014,17,119,Madison,323.27819452982754,23.76634552706335,28.882946136550714,18.6507355585026
2014,17,133,Monroe,330.84780465336195,24.204728029243732,29.793974007868425,18.616478674617234
2014,17,117,Macoupin,353.7902709510693,22.830543644406642,28.036566823794622,17.625502980360945
2014,17,171,Scott,397.70125043259713,22.781648383588006,28.16221770480602,17.402058562066344
2014,17,137,Morgan,380.1046576292579,22.726958748561476,28.135345116364817,17.319570152007422
2014,17,107,Logan,395.9776319940655,22.649486997799876,28.015206508984647,17.284767829628567
2014,17,129,Menard,377.74371139506803,22.663058283364318,27.980904527565496,17.34621775723522
2014,17,167,Sangamon,358.2126493861206,22.69219266983607,27.982971192012897,17.40240026057198
2014,17,021,Christian,352.70368549132206,22.47525936916624,27.827473800110887,17.124057424948226
2014,17,127,Massac,312.2949544919331,24.2524633460223,29.593061501604364,18.91286421779403
2014,17,057,Fulton,470.7550214747056,22.332919070213872,27.758694103487382,16.908148164977035
2014,17,175,Stark,431.75039516133376,21.353518757083886,26.98160276633927,15.72642234816368
2014,17,203,Woodford,406.5455928992432,21.986583544139854,27.56836061650565,16.405812607562275
2014,17,179,Tazewell,432.32963939001473,22.436585655071454,27.772168925959022,17.10199992655773
2014,17,123,Marshall,402.7143707810651,21.72962322952619,27.283187807225314,16.177059163107437
2014,17,143,Peoria,487.0198993161776,22.107842172169242,27.480187052739108,16.736496296975794
2014,17,001,Adams,445.4633343204645,22.815695762674796,27.68381391568212,17.948580822340997
2014,17,177,Stephenson,408.7414608867114,20.425597732208782,26.057690339561507,14.794503504176184
2014,17,141,Ogle,401.91919654561474,20.741610723326552,26.362082674756653,15.12212877483035
2014,17,201,Winnebago,472.11225907957265,20.83038519662438,26.290757733463664,15.37101231668009
2014,17,007,Boone,447.2118831344455,20.673601850815192,26.309295372382095,15.03889069402961
2014,17,025,Clay,321.5604610689604,23.23131209899027,28.84663082086233,17.616989277353127
2014,17,185,Wabash,350.124158155702,23.710288550824917,29.21196003508797,18.20960540930497
2014,17,009,Brown,398.07621139834185,22.4764984353088,27.73915899845187,17.214848519751886
2014,17,151,Pope,292.50337643868767,23.57613034440145,29.163344595930404,17.989919802470773
2014,17,033,Crawford,291.1736177229394,23.207992471757706,28.846697843126226,17.570276596416512
2014,17,135,Montgomery,301.70246538632523,22.808453372064672,28.277145196779774,17.340748236361726
2014,17,055,Franklin,384.8555415250775,23.837983693306494,29.045583383372325,18.631382982210745
2014,17,023,Clark,310.199023468286,22.90942826273536,28.54930991664541,17.270543054382735
2014,17,059,Gallatin,264.73529813806965,23.839907640128178,29.099071305610984,18.581736819389786
2014,17,075,Iroquois,447.0623386488297,21.454746661379765,27.083298754939378,15.82718846827204
2014,17,041,Douglas,352.9470003449586,22.284347518202694,27.391905266538142,17.17777930357215
2014,17,189,Washington,348.971152477235,23.56192317206384,28.86985373649481,18.254988132619328
2014,17,159,Richland,356.62692023413234,23.065710280129604,28.471666866016736,17.660748479712193
2014,17,065,Hamilton,436.0125314658424,23.58911541857542,28.892171666445297,18.28705891897414
2014,17,193,White,373.896155026103,23.840818211829188,29.129172366051726,18.553460603515436
2014,17,169,Schuyler,406.8158584465323,22.29633746956502,27.60400894086083,16.98964607953856
2014,17,181,Union,303.0976206061195,24.145358446211578,29.530694855145992,18.761018109788402
2014,17,085,Jo Daviess,436.3739573243982,20.6907922275964,26.310511551556157,15.072064311773438
2014,17,125,Mason,441.58873114500034,22.66115112320929,28.125583946209037,17.197715815622026
2014,17,191,Wayne,368.41346979699415,23.457025594929938,28.87914094193891,18.035898267928086
2014,17,069,Hardin,270.6284552108549,23.432646634112356,28.965900289113975,17.900381468999786
2014,17,061,Greene,401.20215929638215,22.91195312224352,28.25564253149141,17.5692549271934
2014,17,157,Randolph,322.1303049363187,23.951894282685146,29.662813684084867,18.241973329714977
2014,17,149,Pike,421.70877025593813,22.942059418450476,28.057286438440862,17.82782981706702
2014,17,145,Perry,417.76763359694996,23.704717398298545,28.94594891795705,18.464485758761136
2014,17,087,Johnson,331.96484292860697,23.9065972393065,29.33473906805233,18.479462082588064
2014,17,173,Shelby,328.2167910657246,22.743355675923,28.28516865522413,17.202546688242183
2014,17,051,Fayette,315.88628402673305,23.069504418225588,28.626188875122487,17.513827213665216
2014,17,139,Moultrie,364.16017366717176,22.494553672968507,27.698047065496297,17.2920542159006
2014,17,017,Cass,400.24661666427994,22.602002648166554,28.10156064358397,17.103433813015602
2014,17,015,Carroll,388.4001928934702,20.93871419104829,26.946661601278354,14.931777364189006
2014,17,047,Edwards,359.2890873881956,23.68744349000401,29.159140684657448,18.21674608688745
2014,17,079,Jasper,315.68487772260914,22.94974370270075,28.429967122663317,17.470527062243015
2014,17,187,Warren,416.4405210306157,21.781064216390174,27.178120281151255,16.38499858065615
2014,17,153,Pulaski,401.96641691557755,24.718206263440972,29.864875466073585,19.572524925926967
2014,17,165,Saline,317.7132747396782,23.52672980881769,28.868625498345097,18.185800421557133
2014,17,101,Lawrence,366.26614382237966,23.544029650802877,28.959092670059576,18.12997511147527
2014,17,045,Edgar,361.6698987381273,22.146546238158294,27.392164829211783,16.901924646865908
2014,17,071,Henderson,445.510959625649,22.152791595846857,27.164556667964163,17.142022122339355
2014,17,199,Williamson,301.94433293815007,23.70248860718656,29.0624249290824,18.343546340499003
2014,17,077,Jackson,305.7062080195188,23.873282874814443,29.276775244138015,18.470784875079094
2014,17,147,Piatt,445.35851527350326,22.24148025801506,27.352457874751355,17.131486997554223
2014,17,053,Ford,450.72192796759214,21.625361038982824,27.06981214893122,16.181895262934855
2014,17,019,Champaign,420.73617619484514,22.130411417856415,27.293472490047904,16.968344629890616
2014,17,029,Coles,340.79467668087295,22.470554006264386,27.560180905530792,17.381916055901684
2014,17,035,Cumberland,304.12292333034605,22.802605433902215,28.326818152144142,17.279387667063116
2014,17,183,Vermilion,408.4944445629156,21.803526229514127,27.043300685192076,16.564754719773802
2014,17,115,Macon,418.20146309892027,22.55316023806806,27.72961723937049,17.37770286838778
2014,17,049,Effingham,296.12326467061223,22.943932861426603,28.529044866533916,17.359815278138147
2014,17,067,Hancock,434.8337889765926,22.608117942265604,27.60005540484803,17.617178425402145
2014,17,095,Knox,392.77352118971686,21.64285868243151,27.02972967974664,16.25698743696666
2014,17,109,McDonough,421.34627770742594,22.01852538426857,27.35100597518227,16.687041936374726
2014,17,081,Jefferson,393.83318207725523,23.345692665617975,28.65428982152689,18.038075041701248
2014,17,113,McLean,416.3585817009033,21.96646268163826,27.415732406166736,16.51819051004025
2014,17,039,De Witt,457.7768557375601,22.243416405101573,27.53597896375265,16.951857209880433
2014,17,105,Livingston,452.62849473505366,21.904715252792524,27.48746337662212,16.32296537406672
2014,17,003,Alexander,328.23985516017115,24.78971460574698,29.997812767799225,19.582607978268676
2014,17,093,Kendall,432.33305840081607,21.38022290137106,26.765660219955393,15.995779834500498
2014,17,031,Cook,475.3031850534266,21.507442108549533,26.222272611380564,16.79359151014861
2014,17,037,DeKalb,412.08804383542736,20.838745706221633,26.24387615659372,15.434595546159256
2014,17,089,Kane,437.53720186926444,21.087498920679806,26.52442532517691,15.651569807104362
2014,17,063,Grundy,437.58717834222875,21.671806707689456,27.189509777192633,16.155103441781304
2014,17,111,McHenry,432.54493658215614,20.445509527880045,26.110766791074813,14.781240140676156
2014,17,197,Will,479.94879766132357,21.45786064015708,26.796009067262855,16.1207007395663
2014,17,043,DuPage,469.85754546499777,21.50123142366545,26.919197276485445,16.08426763812006
2014,17,097,Lake,362.43658545634565,20.199329838689287,25.03226143605087,15.367390247858644
2014,17,091,Kankakee,440.3178487475484,21.45023090121642,27.04049679488462,15.860957630464723
2014,17,011,Bureau,395.82137481340555,21.305602869576397,26.801530420795064,15.810677126138131
2014,17,155,Putnam,359.4547183205992,21.710852729061045,27.25642791788953,16.166272191764723
2014,17,099,LaSalle,389.60743198629785,21.709526708406056,27.196391013344275,16.22365557949596
2014,17,131,Mercer,366.1009337400373,21.86925856588558,27.153742755401797,16.585775800615362
2014,17,161,Rock Island,417.58525945482666,21.926695775532647,27.088680096274416,16.765703623857735
2014,17,073,Henry,414.2844012200336,21.517543803190698,26.874398713450454,16.161699804960648
2014,17,103,Lee,429.0104461642859,21.025144935721507,26.58228136938039,15.46900542845987
2014,17,195,Whiteside,386.5248582873954,21.375299145779813,26.904793131483267,15.846804177029144
2014,19,149,Plymouth,488.9504362475883,20.874057798437413,26.425183651573114,15.323929898938415
2014,19,193,Woodbury,658.5744205111321,21.049912924794356,26.66360069714794,15.437229991354211
2014,19,027,Carroll,520.7784768442227,20.7783671111071,26.00106853594931,15.556652195736497
2014,19,061,Dubuque,421.3994805886667,20.674873174691133,25.98929930205831,15.361449952845437
2014,19,101,Jefferson,446.4551163886032,21.88080371747843,27.10392654260305,16.65867905261257
2014,19,187,Webster,415.34108248392903,20.732225474697906,25.95060720588944,15.514836586135536
2014,19,111,Lee,430.20813953495224,22.697869689378663,27.59037616288347,17.80637124654398
2014,19,127,Marshall,496.99786063795375,21.066890326382055,26.242247926984106,15.892515848434963
2014,19,195,Worth,418.206004965915,20.406853335014187,25.679390477163537,15.135308986042617
2014,19,033,Cerro Gordo,383.25842742704384,20.560200025976574,25.97460888526818,15.146794959140598
2014,19,051,Davis,516.6780977666002,22.10989321088999,27.246534228773438,16.974247418057217
2014,19,179,Wapello,509.3395682897046,21.892706209575074,26.97991935733528,16.806493723605595
2014,19,041,Clay,497.93768562705804,20.539527874226064,25.912741200955416,15.167323698098459
2014,19,059,Dickinson,367.6726812910433,20.555065637503027,25.93200403763944,15.179120790589348
2014,19,021,Buena Vista,488.5768586762879,20.479596262574912,25.69702014264087,15.263175876212346
2014,19,013,Black Hawk,389.5664811966781,21.061078564698164,26.507648291974697,15.615518109286917
2014,19,075,Grundy,485.0352999654032,20.948767312747652,26.256526336745907,15.642002301461016
2014,19,017,Bremer,373.1450935469462,20.83262024772156,26.366180510571823,15.300047466564523
2014,19,085,Harrison,550.0236418095143,21.691313318611112,27.302889935776452,16.080738726235126
2014,19,129,Mills,508.3882935548804,22.445778061994467,27.972784035529052,16.9197833006034
2014,19,155,Pottawattamie,538.9439622915612,21.971242816186404,27.36095427164606,16.582530562709906
2014,19,123,Mahaska,512.3800053853687,21.65768480331037,26.904276845368372,16.412081234013943
2014,19,125,Marion,456.4745041565022,21.97847660482311,27.02788739277673,16.930049335086544
2014,19,053,Decatur,607.1668637142544,21.815398458513975,27.032969248899843,16.598833916418315
2014,19,031,Cedar,450.5176514101105,21.34416668671995,26.69227115692122,15.99705308377936
2014,19,151,Pocahontas,477.8131099527926,20.59870035696428,25.836878031682804,15.361519922807897
2014,19,109,Kossuth,463.07470532937987,20.65947299951409,25.83240380780273,15.487533346176324
2014,19,089,Howard,446.40293629623454,20.15579953830855,26.02210481273393,14.290497207279618
2014,19,147,Palo Alto,547.7709986664904,20.68039500336648,25.89277321772064,15.469001942975325
2014,19,159,Ringgold,532.8136409005847,21.69883276709306,26.814155664468363,16.58451167497692
2014,19,025,Calhoun,467.8323955102331,20.632751704753197,25.72673410341225,15.539769151498218
2014,19,039,Clarke,534.3862742338023,21.86784918934907,27.152177700425533,16.584523835597114
2014,19,065,Fayette,401.4228213581204,20.62324554027469,26.375181623525286,14.872302997023937
2014,19,001,Adair,624.5963097338275,21.605510700896012,26.920755368213406,16.291272065360644
2014,19,037,Chickasaw,445.6513798592952,20.512733659010454,26.055423246457103,14.971040684636531
2014,19,081,Hancock,434.4268339928806,20.52880711422727,25.8803565301854,15.178257616767317
2014,19,157,Poweshiek,571.0182321482991,21.464879646931557,26.8147700019072,16.115980339713754
2014,19,165,Shelby,605.6983410071882,21.009222326749946,26.297633425103754,15.721807961454994
2014,19,185,Wayne,623.7955643136079,21.641410812345477,26.945709659063557,16.338098604318674
2014,19,097,Jackson,427.20364851552154,20.959393313130107,26.416387090268973,15.503384794813366
2014,19,043,Clayton,364.7450482967699,20.713272385853134,26.345124193806814,15.08242520361406
2014,19,007,Appanoose,527.4644841641195,21.851210525970913,27.05916841541499,16.6442466690234
2014,19,177,Van Buren,442.69749885936716,22.129673327560443,27.418435615324334,16.84189786007575
2014,19,197,Wright,477.30439521377633,20.70990675204016,26.107152657003088,15.313656303514767
2014,19,137,Montgomery,542.4452786885882,21.964712806132578,27.476823780525248,16.453604622565145
2014,19,175,Union,539.4302037933049,21.632397044594843,26.812281151099985,16.453506531566124
2014,19,107,Keokuk,486.040622619216,21.589724784774674,26.924682041347086,16.25575714586187
2014,19,131,Mitchell,438.88924317775565,20.400792192606538,25.742035495240053,15.060555958038167
2014,19,191,Winneshiek,419.0088521388793,20.445130339563317,26.19029814943583,14.700953436439802
2014,19,161,Sac,505.565149256148,20.400449618160113,25.584268900004087,15.21762090821473
2014,19,055,Delaware,370.4021637503648,20.456022292040625,26.245745525916973,14.66729418768366
2014,19,067,Floyd,410.77479534169163,20.766600719083858,26.065806155915645,15.468393400713886
2014,19,009,Audubon,581.3842277269414,21.110983709037335,26.464120636155222,15.758846693782159
2014,19,079,Hamilton,421.73301008680005,20.785367715473996,26.119493335434836,15.452253699188516
2014,19,069,Franklin,483.2539890148219,20.81864546627618,26.228423654836334,15.409861648996582
2014,19,141,O'Brien,468.4764036060069,20.425194747384833,25.85637241696787,14.995001851996028
2014,19,167,Sioux,468.7405094145299,20.746107917236223,26.375490549482553,15.117722993015489
2014,19,005,Allamakee,408.69101696974525,20.985138346354848,26.3376770293186,15.633591975928944
2014,19,189,Winnebago,386.86140155759017,20.505993377607517,25.779192709908326,15.233763960067655
2014,19,093,Ida,575.7862682671664,20.479738100725612,25.87619980872171,15.084274361422198
2014,19,029,Cass,572.3491823512464,21.46643108617964,26.907865491967154,16.02598990548953
2014,19,083,Hardin,477.8423154048877,20.856030959428367,26.15171254757599,15.561350129286689
2014,19,173,Taylor,559.0809171331003,21.73829710755532,27.00580463487297,16.471781554850157
2014,19,145,Page,510.996477763505,22.1342529520536,27.653153956543143,16.616350965355572
2014,19,035,Cherokee,498.00179357491515,20.50869146026697,25.889329325943006,15.129046440509333
2014,19,071,Fremont,455.4992273109999,22.606745594881662,28.372387055462895,16.84210099431671
2014,19,095,Iowa,538.2449777311549,21.490163798795596,26.901926133118344,16.079403191555173
2014,19,023,Butler,421.3954983895975,21.01607588725351,26.36795374300599,15.66518957707501
2014,19,063,Emmet,387.5983228446243,20.38449033988576,25.55165882787172,15.218321458792973
2014,19,047,Crawford,611.3475482108912,20.703809618576933,25.945683360800924,15.462925823924392
2014,19,019,Buchanan,338.5932815780355,20.736534142826063,26.45459764930981,15.019465357498595
2014,19,143,Osceola,458.9233710367587,20.296523917791742,25.85284183414262,14.741188511686186
2014,19,073,Greene,497.758997555444,20.90369224997593,26.189905926821986,15.618475200288161
2014,19,087,Henry,383.5577480823897,22.10910399107066,27.36486570190282,16.854354201281808
2014,19,119,Lyon,456.40189995464334,20.51097498191907,26.22442070275655,14.798525602604968
2014,19,003,Adams,562.8049621757426,21.596739663770254,26.890737954663702,16.30374455925603
2014,19,133,Monona,610.713129634446,21.439876686411864,27.282062391260784,15.598669658683182
2014,19,091,Humboldt,450.7182805406951,20.77207236889359,26.047145291813894,15.498006149381347
2014,19,115,Louisa,373.4532932587934,22.084295622158987,27.30949984563168,16.860085395194705
2014,19,171,Tama,461.7864590417773,21.12793616530568,26.52731810512601,15.729550210272963
2014,19,135,Monroe,479.94954952756456,21.743715661159538,26.909886517220915,16.578549402009024
2014,19,117,Lucas,507.0567077925597,21.611238201237075,27.043712015355208,16.179743161923668
2014,19,057,Des Moines,405.38937768165664,22.187465229011668,27.186653025435618,17.18930013156206
2014,19,011,Benton,407.23697799589803,21.276822143743807,26.66772115814111,15.886931093037164
2014,19,113,Linn,410.7089866547425,21.087988004405965,26.522845692974933,15.6541228486139
2014,19,105,Jones,460.6247422480468,20.84342205899261,26.369675131095477,15.31815956603649
2014,19,103,Johnson,457.49535056814716,21.59483257494742,26.836641188940533,16.354017780901543
2014,19,183,Washington,429.6512193420011,21.778080165274435,27.143505783784217,16.41365627814377
2014,19,045,Clinton,387.1361924401933,21.364979981064234,26.729576965395772,16.001376768103036
2014,19,163,Scott,394.79124510689905,21.705106718707356,26.830236277754892,16.580964271253034
2014,19,139,Muscatine,443.4578693411982,21.923277949860246,27.170288008991992,16.677259140743757
2014,19,169,Story,482.1095672388886,20.98193638607201,26.1622542422938,15.802610778425585
2014,19,015,Boone,450.0344064765271,21.023999682140197,26.24997219471317,15.799014177218572
2014,19,121,Madison,495.7210247569882,21.737497583469263,26.96809704925553,16.50789045914682
2014,19,181,Warren,451.3923704317733,22.05014509451242,27.16047364379248,16.940811166235456
2014,19,049,Dallas,564.2960804070677,21.49474078874479,26.776691823286477,16.21378739399247
2014,19,153,Polk,473.66411159191273,21.920223749675234,26.993666296780724,16.847768739891833
2014,19,077,Guthrie,559.3489127319796,21.24311636541762,26.691653218115338,15.795591234390791
2014,19,099,Jasper,457.92430444043725,21.56583461082543,26.751899479709675,16.380772188400186
2014,31,043,Dakota,629.1457000076342,21.38655955551078,27.13564402867715,15.6384570865779
2014,31,051,Dixon,632.9969809392037,21.047007148811325,26.80607184290187,15.288929568124853
2014,31,053,Dodge,491.10520516513617,22.057824767377475,27.847722960889953,16.268934278934697
2014,31,025,Cass,385.7688652044527,22.661037114513743,28.307531958983187,17.015541102560668
2014,31,055,Douglas,545.6613847617625,22.618584001861755,27.9817001828812,17.25646660657117
2014,31,153,Sarpy,505.31131320040504,22.658382178606274,28.15506118368879,17.162689229456056
2014,31,155,Saunders,503.075247030155,22.151335598406394,28.205871301063983,16.097795400007506
2014,31,177,Washington,486.82053423898213,22.315594065861823,27.79686454918774,16.83532870133488
2014,31,067,Gage,336.2668656478636,22.758360437692986,28.90515839840339,16.612555284644415
2014,31,109,Lancaster,355.1815007851634,22.728814599455433,28.7254352167144,16.733187777575623
2014,31,159,Seward,386.4434408465673,22.090528972971814,28.07484985515663,16.10720640750204
2014,31,139,Pierce,495.8405441900753,21.17994828115539,27.130760743132104,15.230117085252216
2014,31,119,Madison,457.69687731676817,21.057621601406705,26.78109397873809,15.335153263457494
2014,31,167,Stanton,466.7225360223682,21.24709349282099,26.9614166046894,15.533791188162235
2014,31,117,McPherson,322.17761714518974,21.160997423799763,28.565766136418134,13.757232132198688
2014,31,111,Lincoln,358.9527088971377,21.650437287278756,29.08640835981035,14.215467365540377
2014,31,113,Logan,344.8979916960468,21.27962100911308,28.654975734100937,13.905260764962287
2014,31,007,Banner,149.12747911966272,19.932185204369777,28.660295732320964,11.205093230374198
2014,31,157,Scotts Bluff,159.3137506958008,20.685482083172452,29.220684854515138,12.151273871485449
2014,31,165,Sioux,173.8379042218072,19.30425809129779,27.836919097402824,10.772590649416344
2014,31,039,Cuming,478.67119726054557,21.349711889290838,27.071918331409833,15.628505016395458
2014,31,129,Nuckolls,412.386693697844,23.023654280690707,29.544852803162563,16.503441067244285
2014,31,101,Keith,323.3722995768191,21.64618740448476,29.235766571473896,14.057594815020101
2014,31,137,Phelps,386.79141280976063,21.9979558004732,28.556473261422205,15.440439777529585
2014,31,181,Webster,409.0873834025056,22.8897569175042,29.70724757071246,16.07326060512011
2014,31,015,Boyd,359.3311768907,20.825575093993884,27.446079023826464,14.206079551712222
2014,31,171,Thomas,319.0808175908926,21.231740438698157,28.410861536283942,14.053609623591527
2014,31,089,Holt,421.8063847650342,20.8589559867989,27.38785573046216,14.331057622002962
2014,31,017,Brown,346.6469220560877,20.720096209270967,27.462583269833218,13.978602126857588
2014,31,103,Keya Paha,348.0176282748836,20.69015090656426,27.488404689781976,13.89288325158845
2014,31,077,Greeley,401.24577238928447,20.85170265971715,27.420150000172164,14.28426137917639
2014,31,095,Jefferson,348.03337460872206,22.74764140014737,29.112125293666836,16.38415725978983
2014,31,151,Saline,329.8422899098454,22.453983752054224,28.488287780467818,16.420655018643412
2014,31,057,Dundy,279.02271420831005,22.497936167539727,30.229378619304054,14.767488136653846
2014,31,131,Otoe,341.1594906688807,22.737737342234066,28.67482363836661,16.801625490804813
2014,31,087,Hitchcock,348.0674558938338,23.22544255662446,31.177565222436463,15.274323384754831
2014,31,105,Kimball,207.44318128527374,19.34478298110823,27.788924234357527,10.901638689462619
2014,31,127,Nemaha,425.49789780701656,22.8514984906803,28.80233933117389,16.901649367389982
2014,31,041,Custer,366.0376522492677,21.307973572867983,28.478851304216697,14.138092990220644
2014,31,143,Polk,442.6846047742217,21.689270659047487,27.611576460648166,15.767949253484527
2014,31,045,Dawes,186.6446770290721,20.101058095698868,27.943549450278983,12.259561205307367
2014,31,179,Wayne,542.0221603125815,21.06799108297518,26.79760787364183,15.339366659170974
2014,31,071,Garfield,448.80802192201133,20.824734108835987,27.431167755254762,14.219300249642103
2014,31,013,Box Butte,174.33004541588352,20.069724115679843,28.08993292244765,12.050522955362847
2014,31,173,Thurston,554.9386160573174,21.50974610197051,27.547381899247505,15.473117978518447
2014,31,011,Boone,402.2584265330812,20.854742156399418,26.928334981324543,14.78215637052553
2014,31,145,Red Willow,412.68371177552086,22.981533772158052,30.691193921221895,15.272869020501918
2014,31,149,Rock,365.2386992429033,20.6245834627994,27.246835451005744,14.003318620681258
2014,31,005,Arthur,381.41656216034073,21.02643012362065,28.67542073451543,13.378437096262266
2014,31,085,Hayes,286.30791151671593,22.19640295723998,29.78896945203356,14.604828294334842
2014,31,097,Johnson,379.3922291275837,22.74964082545824,28.853988272679715,16.646291674497082
2014,31,003,Antelope,424.4321004109662,20.745854234388986,26.683199423487544,14.80950352595156
2014,31,163,Sherman,481.4803446278708,21.46049366733446,28.27960713741051,14.642378685172869
2014,31,161,Sheridan,253.8660881504584,19.85543638376495,27.4279556294729,12.283912718882526
2014,31,133,Pawnee,384.2512160454444,22.880951398188614,29.041744741420498,16.72114873100189
2014,31,075,Grant,319.5997694993984,20.369906318326084,27.8940538722353,12.84676683982174
2014,31,021,Burt,511.7570841269782,21.799129414539447,27.72184845846348,15.877413281205682
2014,31,009,Blaine,409.668157869264,21.139944146663677,28.24974349412079,14.031140127689534
2014,31,027,Cedar,565.8494282825583,20.937851045018494,26.73111659725872,15.145582377561373
2014,31,169,Thayer,374.1315729212871,23.049557340232084,29.490760405787157,16.609363807112832
2014,31,049,Deuel,240.03328946324183,21.444695339438475,29.527048456549192,13.363338530617645
2014,31,123,Morrill,203.93713818408816,20.895326196819823,29.27839553568996,12.513248952765952
2014,31,115,Loup,433.10017355796407,20.973763096463806,27.85517619729377,14.093360012279124
2014,31,063,Frontier,356.26840059478843,22.479871527883244,29.903884784287232,15.056844127075008
2014,31,125,Nance,404.50627323197125,21.48173519362459,27.626622062830307,15.337845440409309
2014,31,107,Knox,441.2186853050336,21.093686468792225,27.518005171669948,14.670365945438474
2014,31,135,Perkins,334.3732161733875,21.77691522933532,29.49736455323044,14.05746177736488
2014,31,037,Colfax,438.95288570026145,21.765290687152103,27.635299543310865,15.896276060250196
2014,31,023,Butler,466.4010514324376,21.84374846915529,27.892428309520604,15.796076739447356
2014,31,031,Cherry,316.5411130405287,20.16016386498157,27.222333557014203,13.098987151323275
2014,31,183,Wheeler,402.5228412234099,21.008120734729896,27.284690080834693,14.732544027425558
2014,31,061,Franklin,395.1995523105482,22.817622070200493,29.670778546736255,15.965464358065606
2014,31,029,Chase,311.06066093738036,21.907868773663626,29.48349638208013,14.33322971072353
2014,31,059,Fillmore,400.12588855185203,22.373429987211615,28.440817563641225,16.307044009047882
2014,31,185,York,446.5468567725991,22.083305308204878,28.170168122085162,15.997433724877961
2014,31,035,Clay,434.5111520990151,22.575900112664545,28.668392716810942,16.484403427510138
2014,31,033,Cheyenne,193.29424595692603,20.76433133472664,29.050024135041152,12.479637494271152
2014,31,069,Garden,276.55047667345667,20.942915286744228,28.989201360112787,12.897630449719808
2014,31,083,Harlan,427.1413173550843,22.92203515989461,29.91576337817391,15.929299091798729
2014,31,091,Hooker,273.5413647263847,20.75089850357042,27.908522215717483,13.594284335597319
2014,31,147,Richardson,366.638424766453,23.00011170612603,28.925828830389364,17.075387637055066
2014,31,065,Furnas,419.34878367159143,23.09443718002433,30.731980685001453,15.457890059937593
2014,31,175,Valley,417.44039887727484,21.134691305390575,27.788359835321913,14.482013000450928
2014,31,141,Platte,401.3666587148814,21.343880144095365,27.23045244013989,15.458298546715636
2014,31,121,Merrick,418.02112831139505,22.057463764733548,28.15037845413272,15.965544311713064
2014,31,079,Hall,476.22733303124073,22.43497300967699,28.53681118489336,16.334109631597002
2014,31,081,Hamilton,443.8142594239136,22.22668629442241,28.1957340537761,16.258631507398142
2014,31,093,Howard,431.261705100605,21.863087947875332,28.216087806428554,15.51108788166417
2014,31,001,Adams,441.65262356626084,22.63136103437714,28.790951180584145,16.4727675882424
2014,31,099,Kearney,381.29084721891957,22.530795152621177,29.035112390073486,16.02747045322616
2014,31,019,Buffalo,410.32561489136737,21.995243132427582,28.63802284073522,15.353454425604689
2014,31,073,Gosper,418.4794446293105,22.11851874650072,28.996994388141296,15.241055131135619
2014,31,047,Dawson,363.0516693720461,21.791651099363882,28.690538589271778,14.89375552904136
2014,37,037,Chatham,325.68056539356127,24.443969855560386,29.82739013827646,19.061544843371898
2014,37,115,Madison,272.90717061522565,20.758525419355255,27.011273717106267,14.506758210725454
2014,37,087,Haywood,358.94272272846166,19.12677685672372,24.625052003199972,13.629497799959982
2014,37,021,Buncombe,317.7034559663486,20.86707018991238,26.518185659736083,15.216942614869213
2014,37,089,Henderson,398.3994113557481,21.53727306425886,26.8208243663417,16.25469350462947
2014,37,175,Transylvania,485.09805694962415,20.479867791213,25.617200606705307,15.343551703168199
2014,37,167,Stanly,323.2516193507872,24.86918246354918,30.665509471620854,19.073876394822637
2014,37,109,Lincoln,288.0474901024982,24.075342492351155,29.771861814812777,18.379807665677195
2014,37,159,Rowan,269.6519962222355,23.96149121168468,29.687941368193798,18.23603191708227
2014,37,025,Cabarrus,288.0044501639757,24.561481560069243,30.479269492631378,18.64468832069871
2014,37,097,Iredell,282.35565415451964,23.60680345919728,29.20641910984819,18.00817345128294
2014,37,071,Gaston,336.9519265068882,24.62169854096337,30.123022058562487,19.12137025314637
2014,37,179,Union,321.0997246399022,25.2337526161013,30.748787917665446,19.719715191960912
2014,37,119,Mecklenburg,306.321753125921,24.907269686754844,30.334229298548102,19.481311665331376
2014,37,045,Cleveland,283.07210427333047,23.973053313461122,29.64469017846438,18.30239417960979
2014,37,005,Alleghany,323.91744834498866,19.669956485187093,25.083374080724234,14.257536335218706
2014,37,173,Swain,388.3159118060491,19.736146214179943,25.45540384076873,14.017891503854736
2014,37,011,Avery,367.1534265907677,18.71956849537174,23.692254818328887,13.747863636823181
2014,37,033,Caswell,299.4091062962187,24.093798329815833,29.916696947726557,18.27191503635395
2014,37,075,Graham,423.94661363413655,21.00538201629334,26.70610292598549,15.305653163810994
2014,37,007,Anson,329.0002249287348,25.679462717742002,31.499317598763593,19.860605666344245
2014,37,149,Polk,403.64213530198975,23.314778897525887,28.783164288938046,17.847375221075627
2014,37,039,Cherokee,414.23118118375027,21.670445846217955,27.49593255785315,15.845959275091191
2014,37,113,Macon,383.7168194718391,20.405295336564514,25.799545361512415,15.012038884522058
2014,37,009,Ashe,309.73000117323045,19.414581287909673,24.624913655971216,14.205252321969539
2014,37,123,Montgomery,285.346612099688,25.01412990521143,30.908327548544577,19.12093427297742
2014,37,043,Clay,355.15655419977116,20.976970118425434,26.487407424807635,15.467523754535723
2014,37,121,Mitchell,330.82969308376755,19.238236531292408,24.785168706226337,13.692311044349966
2014,37,199,Yancey,360.6361162070491,18.806329905408543,24.3030494164188,13.310610895215955
2014,37,189,Watauga,325.1216503233381,19.22543724435267,24.229021257382964,14.222851073673725
2014,37,099,Jackson,384.4252797640274,19.7369742110384,24.91603421592613,14.558904260410024
2014,37,161,Rutherford,350.9156697537744,23.33378864156789,29.04573987356416,17.622835454474043
2014,37,193,Wilkes,353.350551844257,22.487038933962143,28.069365174397443,16.90570951303625
2014,37,125,Moore,264.9856616418983,25.17310764210394,30.841079268895612,19.506145641012164
2014,37,153,Richmond,302.55276796894105,25.64091176050271,31.413088677530606,19.869735343125495
2014,37,093,Hoke,271.494952524322,25.575060516665136,31.219714006832486,19.93139048778503
2014,37,165,Scotland,277.6536511853171,25.837007910264138,31.515604149651676,20.159403548139107
2014,37,155,Robeson,295.9532218467306,25.87456992320212,31.309860999954374,20.440263403449563
2014,37,001,Alamance,252.3476565289682,24.383153772866248,29.86835117654651,18.898955603532563
2014,37,151,Randolph,264.1302201254482,24.358528593590368,29.667624946356092,19.050429630767777
2014,37,081,Guilford,213.1482206094271,24.28267491824388,29.44738330046524,19.118963699429226
2014,37,157,Rockingham,241.9837621414845,23.747397006923872,29.355100196062505,18.14069779444549
2014,37,171,Surry,293.9785701779195,22.506524823159282,28.23608160258762,16.777948794322654
2014,37,057,Davidson,254.40103801131525,24.084453085280565,29.585479446129643,18.584419225666934
2014,37,169,Stokes,298.02459010666433,23.130738326516312,28.692396902321477,17.570066770813508
2014,37,067,Forsyth,232.56804868581148,23.719622092802403,28.941963957422274,18.498274926066408
2014,37,197,Yadkin,289.53199247067204,22.98687998692668,28.5570052857137,17.417737622654954
2014,37,059,Davie,247.293289514152,23.539557605609353,29.2000441389248,17.880060166335248
2014,37,027,Caldwell,370.86639037278314,22.9012071594781,28.394566201846935,17.408841742498133
2014,37,003,Alexander,347.6363934519826,23.422926274264473,28.748018868187796,18.098819947838074
2014,37,035,Catawba,290.0238577510344,23.950126173836598,29.43397849600337,18.46725988030045
2014,37,023,Burke,321.2295944714717,22.791367863499847,28.41436550367483,17.16936143060893
2014,37,111,McDowell,431.91373406402624,21.806159260225613,27.611598043968083,16.001697805627806
2014,37,029,Camden,372.3703958282459,24.748475157817925,29.200451124755553,20.29748909922454
2014,37,139,Pasquotank,367.7254102913827,24.737498834362324,29.134915304457355,20.341070493083777
2014,37,143,Perquimans,335.71618889630525,24.71875963080885,29.362888705539422,20.075593214855704
2014,37,177,Tyrrell,434.8387065924602,24.807782683840003,29.047724281357382,20.5688270669086
2014,37,055,Dare,474.3658677739109,25.090817337333814,27.66182526428937,22.520809294677473
2014,37,073,Gates,403.04046122049795,24.237018346386524,29.938521918081467,18.536516963628937
2014,37,053,Currituck,376.8528047748646,25.006344552321956,28.4566047740986,21.557076361602498
2014,37,019,Brunswick,610.4598005022962,25.865735730038168,30.334510182335734,21.39795195781301
2014,37,031,Carteret,674.1604678296908,25.862051071472504,28.856351263922537,22.868741580456543
2014,37,137,Pamlico,599.3093919074871,25.788129007232044,29.949391171806475,21.627861271258208
2014,37,049,Craven,592.7658492173122,25.69249039159889,30.530710161093715,20.85526805573662
2014,37,103,Jones,605.815506698899,25.424488078946997,30.61488422824917,20.23509208623714
2014,37,085,Harnett,286.3553669541929,25.362901661347465,30.72128617931254,20.005532957827285
2014,37,063,Durham,375.4719920209608,24.14325728912314,29.384478519318492,18.903047787291666
2014,37,145,Person,313.0796324925355,23.76392333743577,29.298958011892143,18.229915594377605
2014,37,135,Orange,292.36591123321773,24.209908173188662,29.74778880670698,18.673006839112052
2014,37,181,Vance,382.7973782759059,24.219950927999463,29.791238450814195,18.64964317945825
2014,37,077,Granville,330.0577185751264,24.084228034577812,29.397173246921163,18.77228683396313
2014,37,069,Franklin,359.14726790860084,24.23659956444863,29.63379926086557,18.840393051701852
2014,37,101,Johnston,424.3159028846696,24.83206293312238,30.0402204365255,19.624913963199692
2014,37,183,Wake,410.05300033516005,24.39700364091164,29.496787033697256,19.298211236144734
2014,37,105,Lee,294.3842132566906,24.93710672673986,30.454578043989336,19.420613897478002
2014,37,131,Northampton,357.44075151564385,24.143659424628108,29.535220541514015,18.753086610249188
2014,37,083,Halifax,368.47843387011517,24.377995150151577,29.79437368865185,18.96260399174582
2014,37,127,Nash,366.82762813310086,24.534430482007437,29.758490408542855,19.311382040933275
2014,37,065,Edgecombe,443.6994125830414,24.62076664472338,29.783063878816936,19.459460653255217
2014,37,195,Wilson,438.3349091466492,24.917318486187042,30.062868618097934,19.772743042406425
2014,37,163,Sampson,343.9537200679615,25.458356325546877,30.77180070092564,20.14590455720426
2014,37,185,Warren,374.0439612352115,24.65027889384117,30.23371015684466,19.06782927823192
2014,37,187,Washington,445.91381523326277,25.132571005490398,29.915951965254393,20.350178617906177
2014,37,061,Duplin,510.3344708172933,25.220007941706907,30.62376877702896,19.817248773866343
2014,37,091,Hertford,404.4540258536966,24.01919431521751,29.351624510456876,18.687758682597
2014,37,017,Bladen,366.1391635749736,25.698457643319134,31.164198841756566,20.233723928108923
2014,37,095,Hyde,479.1967577050338,25.421989724759502,28.977777661393702,21.86719504844915
2014,37,015,Bertie,455.47776554990065,24.667162689749002,30.013194218493837,19.3221277650866
2014,37,079,Greene,529.5524883886891,25.202696816121815,30.351643710528734,20.054764391573716
2014,37,041,Chowan,405.81881545827116,24.689580106691363,29.46465412154886,19.915492388240423
2014,37,117,Martin,519.6101584071421,24.9051041790955,29.955137657222902,19.85605863683845
2014,37,047,Columbus,467.6423191475741,25.6539942920027,30.786970166768672,20.52200678604398
2014,37,191,Wayne,480.35367603557637,25.194386856387815,30.327113747811396,20.062667496203275
2014,37,133,Onslow,571.5006940759454,25.476246721149522,30.060205102269496,20.89328187645413
2014,37,107,Lenoir,573.0181483587667,25.235334960003826,30.488278522305553,19.9833636564146
2014,37,129,New Hanover,632.0358768387839,25.869663817974722,30.007292234632114,21.733035676937675
2014,37,141,Pender,547.7664153759945,25.58610579557162,30.83245686638776,20.340753430356596
2014,37,051,Cumberland,251.375422343171,25.93167883226258,31.311861347387094,20.552510676322278
2014,37,147,Pitt,547.7397533755926,25.18422945753786,30.242039599706672,20.12740358666492
2014,37,013,Beaufort,515.3552966180647,25.55929684095964,30.540250770346017,20.579334555816082
2015,17,121,Marion,454.2480616472807,23.839338274749142,28.940189159424104,18.73947727259843
2015,17,005,Bond,414.83956145409303,23.82492514830966,28.933608174704627,18.717223100199888
2015,17,083,Jersey,476.98755383745726,23.682502553946474,28.584312999765253,18.781697193520188
2015,17,163,St. Clair,477.46663171980583,24.64431787692149,29.51683054273687,19.77279315048943
2015,17,027,Clinton,439.81984928163615,24.162667765596133,29.090415640344332,19.23589608973847
2015,17,013,Calhoun,600.4813103821555,23.742426265863237,28.80592197506833,18.679930015042345
2015,17,119,Madison,477.6636305174017,24.24621954585108,28.943556042586398,19.549874897838244
2015,17,133,Monroe,433.1701139188756,24.568676155327204,29.56793462995342,19.570402293560235
2015,17,117,Macoupin,486.6081403966395,23.17281329502012,28.061229204379668,18.28538275445531
2015,17,171,Scott,584.6694713345471,23.092112965373214,28.238030044939112,17.947172871851116
2015,17,137,Morgan,478.33805326031177,23.041396996167332,28.213451961829538,17.87032261211461
2015,17,107,Logan,431.90266791974193,23.00336446246654,28.234853268111305,17.772877235671302
2015,17,129,Menard,452.95912866188047,22.78388023218915,27.906131584473115,17.66264452859148
2015,17,167,Sangamon,396.2533044262738,22.95955915084236,28.041237189738315,17.878889290199872
2015,17,021,Christian,354.8767500276286,22.728831159762365,27.937411337967756,17.521248276335058
2015,17,127,Massac,420.14138639851313,24.78008207351525,29.86283960428598,19.698332191991454
2015,17,057,Fulton,496.0705979710509,22.48061849651239,27.99751149213079,16.964714965095823
2015,17,175,Stark,427.8203987866642,21.2914602924049,26.882897287837356,15.701010851349631
2015,17,203,Woodford,497.9472911102033,22.203891704593,27.605976201858514,16.80281332884627
2015,17,179,Tazewell,544.6150290434963,22.745100181918758,27.98139963096097,17.50980225434851
2015,17,123,Marshall,469.1036466644065,21.70485328376747,27.129603093682334,16.281090914270443
2015,17,143,Peoria,491.1998844388008,22.259885316416415,27.603587473870586,16.917180735007324
2015,17,001,Adams,568.9198661612164,23.063651231799774,28.009143345297243,18.11916875312566
2015,17,177,Stephenson,365.73129259825646,20.257286330140136,25.91179510355907,14.603776432579497
2015,17,141,Ogle,408.5179629287617,20.588407306151723,26.13894473202763,15.038867540078257
2015,17,201,Winnebago,363.1292293850228,20.676574317487947,26.128104719001755,15.226033973240199
2015,17,007,Boone,396.0441140286139,20.45786266686873,26.090443815551406,14.826281521063853
2015,17,025,Clay,490.08893625920564,23.657347784217936,29.000912271439724,18.31479463106382
2015,17,185,Wabash,399.32613704845284,24.02569832350623,29.447329231220866,18.60506980915078
2015,17,009,Brown,505.8580164573298,22.794621344628343,27.996226792340675,17.593991781687244
2015,17,151,Pope,492.77053164618775,24.147345680842704,29.465221869260017,18.830478979204305
2015,17,033,Crawford,387.979563942828,23.41632762604998,28.853818610952082,17.97985461253679
2015,17,135,Montgomery,396.15354707225123,23.161854932369152,28.36113911808622,17.963580752743404
2015,17,055,Franklin,440.63192490344477,24.446877440052415,29.408018327672444,19.486727576647187
2015,17,023,Clark,331.2388940949133,23.297076834779315,28.905184608203285,17.689965121291394
2015,17,059,Gallatin,528.8800979802999,24.318753333035943,29.471604393472138,19.166906083904895
2015,17,075,Iroquois,556.236827024142,21.665656021447703,27.197550901274106,16.13476547496924
2015,17,041,Douglas,321.49418057124427,22.50248509275889,27.692982863635972,17.31297369163488
2015,17,189,Washington,425.0476606354193,24.1980815782165,29.08107050623166,19.316081140660067
2015,17,159,Richland,444.0488785874182,23.482520666074215,28.72558828551846,18.24043748540699
2015,17,065,Hamilton,397.3696235576686,24.119256808268148,29.240204806435923,18.99931074155471
2015,17,193,White,397.4553167912529,24.197604821560823,29.37366419299277,19.02255009405679
2015,17,169,Schuyler,514.1089509599818,22.500473795805423,27.842711918933524,17.159244588899156
2015,17,181,Union,495.43408123244177,24.831082768926112,29.937363020170338,19.725804810889414
2015,17,085,Jo Daviess,394.379081345059,20.412592781736933,26.154926323592935,14.671261038689785
2015,17,125,Mason,511.7470808252213,22.941001317648965,28.398596982118256,17.484403623284972
2015,17,191,Wayne,451.609506702328,23.82116079152665,28.942609786735133,18.70070839039177
2015,17,069,Hardin,585.6227553199974,23.895505157998805,29.184094099348407,18.607908981316772
2015,17,061,Greene,603.5450958633138,23.195691472840924,28.226168586957527,18.166212404281637
2015,17,157,Randolph,466.01357369820977,24.658466627054413,29.775834176388912,19.542092478855885
2015,17,149,Pike,607.9432865427348,23.281611210358555,28.27861921637438,18.285594186739186
2015,17,145,Perry,454.5235144221676,24.45361097530607,29.274516207999355,19.63369152028509
2015,17,087,Johnson,512.0407716849508,24.576762798942692,29.785822829272888,19.36870847526952
2015,17,173,Shelby,382.7265707705924,23.12804073271753,28.507333325483554,17.7497416789556
2015,17,051,Fayette,485.5857596305665,23.557376628023416,28.816792326087903,18.29894724652263
2015,17,139,Moultrie,364.1283477641858,22.681921250863333,27.87959902507846,17.485238712162875
2015,17,017,Cass,430.41999444268896,22.82219487792181,28.20620172447098,17.439188874184033
2015,17,015,Carroll,437.9312518341286,20.63166203688699,26.74340546258923,14.520920699259767
2015,17,047,Edwards,407.1412652774942,24.02623032435039,29.350983847791944,18.702463531006746
2015,17,079,Jasper,433.19638303615517,23.398673026253938,28.752441471157123,18.045897494691516
2015,17,187,Warren,482.8534183049452,21.847293130613956,27.276858287961236,16.41872727540106
2015,17,153,Pulaski,441.5306655303726,25.14390925501363,30.008395870269688,20.280443411718625
2015,17,165,Saline,458.368809817072,24.179362174914715,29.413777157739727,18.94591529834948
2015,17,101,Lawrence,409.0661505926678,23.843597115748434,29.152881125686235,18.535304957399493
2015,17,045,Edgar,324.8268498895568,22.44829046546858,27.7067245168392,17.19085735929647
2015,17,071,Henderson,502.6287612333221,22.198485229484426,27.36667437173691,17.03130440752305
2015,17,199,Williamson,478.82207154627594,24.46221737043778,29.590377000618048,19.335063200460556
2015,17,077,Jackson,467.38300264252035,24.632270300179407,29.614477605846346,19.651053961321942
2015,17,147,Piatt,338.67680070822877,22.45979072257923,27.628225761517857,17.29234904613154
2015,17,053,Ford,468.6050153041453,21.812284316817404,27.333900519284843,16.29167418832116
2015,17,019,Champaign,389.8247610294324,22.253705225560854,27.49993671655162,17.00846584254792
2015,17,029,Coles,367.0076491326319,22.83137503939669,28.011032814746383,17.65271963646917
2015,17,035,Cumberland,402.40773259497325,23.264131456014265,28.732231352316372,17.79702558249396
2015,17,183,Vermilion,409.63349890308666,21.936818700427946,27.215682282778868,16.658951205090364
2015,17,115,Macon,341.15048716034437,22.901672590753765,28.009984082502722,17.79435974162914
2015,17,049,Effingham,480.12205173637363,23.404122511775853,28.776671977558888,18.03257087634403
2015,17,067,Hancock,531.6616014445842,22.753785823792636,27.90876433005635,17.599810001717255
2015,17,095,Knox,440.8912749233,21.60857344245849,26.989892344633137,16.228244121607926
2015,17,109,McDonough,544.6824387922478,22.20527279213561,27.672588553996132,16.7389469662534
2015,17,081,Jefferson,447.47097545122983,23.951083779590554,28.974149935661337,18.92901312582444
2015,17,113,McLean,497.14133292724506,22.373808907161965,27.687526844097047,17.061085341349532
2015,17,039,De Witt,402.7303242417017,22.562026046731166,27.82484398746662,17.300202001237828
2015,17,105,Livingston,497.62433696820443,21.937330412639692,27.413714356028965,16.461937641950122
2015,17,003,Alexander,449.250854639759,25.244630788939677,30.19890658172575,20.29136278069005
2015,17,093,Kendall,386.909238177179,21.204812002956682,26.523672385872224,15.886921254423449
2015,17,031,Cook,367.02560406220465,21.41703372272897,26.204396476365414,16.630665270291047
2015,17,037,DeKalb,399.7219827791541,20.642599295831968,25.926535184669042,15.359661221599154
2015,17,089,Kane,446.0806023213689,20.844319155691647,26.156548190783415,15.533083447481644
2015,17,063,Grundy,501.63911984551396,21.552504655824894,26.975952900005186,16.130047975095682
2015,17,111,McHenry,387.462639776236,20.0865839408517,25.7843686748396,14.389795076921391
2015,17,197,Will,438.1394200042359,21.45942850109047,26.793920933964884,16.12592407421747
2015,17,043,DuPage,383.54563477600334,21.292406599019667,26.759319654989376,15.826495429282868
2015,17,097,Lake,342.5731582761224,20.003542384415663,24.901403073732517,15.10667145005548
2015,17,091,Kankakee,576.3355894144328,21.560549404214715,27.035640810516565,16.086455464024954
2015,17,011,Bureau,354.01554353479935,21.193997570913265,26.57816887036904,15.81082117546603
2015,17,155,Putnam,407.83643757389405,21.68906166896386,27.06655646774124,16.312562116160922
2015,17,099,LaSalle,426.96913422449205,21.573040950462232,26.93530941594358,16.21176372628765
2015,17,131,Mercer,432.3744907078134,21.934286197169367,27.325047688256554,16.5445109508488
2015,17,161,Rock Island,473.76661890074666,21.949830868515342,27.162028944502367,16.738640152556865
2015,17,073,Henry,427.2629191261221,21.45416089290404,26.8030676347224,16.10624497372569
2015,17,103,Lee,448.20294135952497,20.80152351924513,26.233458349587643,15.370575476548922
2015,17,195,Whiteside,415.07258566270207,21.029943687410707,26.567565740604127,15.493316332112276
2015,19,149,Plymouth,459.6824073574769,21.219420633836705,27.047194485205196,15.392644764846008
2015,19,193,Woodbury,537.5209499452022,21.418203592945087,27.18334692756225,15.654064092167484
2015,19,027,Carroll,526.3155743343702,21.080582435543135,26.48343873752216,15.678716630894737
2015,19,061,Dubuque,306.1571124883009,20.353706686616267,25.836645662511692,14.871763025370589
2015,19,101,Jefferson,413.97039955941773,22.181020762788503,27.475764019799897,16.887278888945932
2015,19,187,Webster,461.11874909976245,20.951967512670343,26.27899850238853,15.625937255129642
2015,19,111,Lee,496.26816967855575,22.76344714899465,27.821811759735102,17.706075931988124
2015,19,127,Marshall,557.6805144544951,21.00627160877225,26.215494663559223,15.798032611158122
2015,19,195,Worth,392.42738661989097,20.384107369496828,25.729468491687655,15.039741300514319
2015,19,033,Cerro Gordo,409.4100124420869,20.629965491763038,26.067725347427025,15.19319950506014
2015,19,051,Davis,631.5519780868549,22.48900586333875,27.70911965314973,17.269892223457525
2015,19,179,Wapello,479.2099195620523,22.169924980074253,27.33438228656994,17.006466837768887
2015,19,041,Clay,353.00835819716826,21.02205315206151,26.82910129002163,15.216004111175405
2015,19,059,Dickinson,299.70703210250036,20.998147940857628,26.90113208974742,15.0961617144188
2015,19,021,Buena Vista,445.81553755066165,20.989607820089333,26.440148337381686,15.540060236199652
2015,19,013,Black Hawk,357.5796976636602,20.86729503390422,26.33021064323176,15.405382153080161
2015,19,075,Grundy,449.55592294488576,20.844761625396565,26.2504872733727,15.440028052866621
2015,19,017,Bremer,339.28497475283757,20.699376814426287,26.276691196421933,15.123043735706416
2015,19,085,Harrison,443.77296546591884,21.888185387112074,27.64159913564332,16.135755247479576
2015,19,129,Mills,460.7563244420791,22.61096861286117,28.235335617558388,16.987585432922522
2015,19,155,Pottawattamie,382.37747996101757,22.023100504304576,27.525415182918476,16.521778784877956
2015,19,123,Mahaska,461.56279691677287,21.83091706176136,27.113200003927233,16.54964089616606
2015,19,125,Marion,526.0414235901299,22.14673914439242,27.10075956471598,17.193715094237874
2015,19,053,Decatur,535.0440608446345,22.328751956538074,27.665475517795862,16.99300859727814
2015,19,031,Cedar,374.0404664141932,21.212971538988537,26.710755440294843,15.716182846534828
2015,19,151,Pocahontas,434.63316701176103,21.0861580309115,26.574467753988735,15.598838101656519
2015,19,109,Kossuth,390.0768081170796,20.7852751697101,26.202941326312892,15.368603118313908
2015,19,089,Howard,400.5991869373389,19.618167341680365,25.66704815494172,13.570269389825558
2015,19,147,Palo Alto,433.41067201233443,21.106940199172623,26.740142286224238,15.4747308918302
2015,19,159,Ringgold,569.5630616182569,22.25517269118261,27.50012717556771,17.011231795406093
2015,19,025,Calhoun,422.7868970203047,21.102419128353564,26.365557568797232,15.840260668955425
2015,19,039,Clarke,486.83978653867126,22.160915886039017,27.55366567306399,16.769172648287583
2015,19,065,Fayette,311.0460591304965,20.189032089452155,25.96139392029687,14.417674120479317
2015,19,001,Adair,450.3689224599439,21.80999373172258,27.17160054857088,16.44938662973188
2015,19,037,Chickasaw,294.93369836418316,20.15999162100957,25.80693297403896,14.514047507794244
2015,19,081,Hancock,404.72987150717523,20.476455305305695,25.944972342437133,15.008927135261377
2015,19,157,Poweshiek,530.0260044344717,21.40480676352796,26.796635205319625,16.013978563485598
2015,19,165,Shelby,422.88889944072105,21.125372327152775,26.639805304667657,15.6119287736051
2015,19,185,Wayne,615.4625058139819,22.010001944092792,27.265484412669075,16.755516536712243
2015,19,097,Jackson,426.2511743516857,20.657712157069852,26.263315584459594,15.053105126778714
2015,19,043,Clayton,296.81825044106677,20.183774231316974,25.92799798375431,14.440548831712936
2015,19,007,Appanoose,684.3927980163427,22.088430514764724,27.232948554864237,16.944900508512532
2015,19,177,Van Buren,468.7483630939719,22.540251366716056,27.89337583916946,17.18812641459502
2015,19,197,Wright,409.55902079155726,20.729941784181257,26.258102260083923,15.20278781146065
2015,19,137,Montgomery,458.0280953289232,22.10365400433296,27.686446264192657,16.521856006741608
2015,19,175,Union,524.761425251002,21.98956763559818,27.204518280367186,16.775640480617575
2015,19,107,Keokuk,404.7333675186368,21.777781283089663,27.143833427880264,16.41272321344073
2015,19,131,Mitchell,432.3251501334845,20.227594986914383,25.632236176026204,14.823957427935035
2015,19,191,Winneshiek,295.41038712364144,19.945890449681723,25.825338189288914,14.067438963493217
2015,19,161,Sac,534.9268857276686,20.90245452978269,26.238263761015666,15.567663696908744
2015,19,055,Delaware,341.36056138792736,19.952024573810906,25.83623460821443,14.068811305016052
2015,19,067,Floyd,355.7719562518661,20.60793821636693,26.025784032303658,15.191086272689706
2015,19,009,Audubon,493.94902462912216,21.107107118218654,26.604824210974538,15.61038414103584
2015,19,079,Hamilton,512.1284142135222,20.847394468712682,26.2900524718567,15.405737598446178
2015,19,069,Franklin,440.6237054797044,20.7571378621718,26.353803348797772,15.161460000154857
2015,19,141,O'Brien,314.0816424046812,20.79142759496196,26.651714553101804,14.93213104769618
2015,19,167,Sioux,322.02915185554446,20.9464401711199,26.977094738929665,14.916787373319861
2015,19,005,Allamakee,276.4821846979455,20.49915233388942,26.01513456823219,14.984169884856403
2015,19,189,Winnebago,361.53153794140945,20.42033095383361,25.812875584092094,15.028792207654579
2015,19,093,Ida,573.3614384893093,20.95191271483007,26.51330270213668,15.391519477988151
2015,19,029,Cass,412.1086007325621,21.51028843198556,27.119403131020213,15.902175990701247
2015,19,083,Hardin,459.75416294555623,20.83625638583892,26.282774104506643,15.390731767455048
2015,19,173,Taylor,638.2166259804534,22.294005326350796,27.5863241756556,17.002684229065732
2015,19,145,Page,615.4762009184522,22.485528582293522,27.93887467338426,17.03316161025833
2015,19,035,Cherokee,565.1963954051685,20.884205371577128,26.511225228262706,15.258181065329289
2015,19,071,Fremont,512.8790554505766,22.80053183602901,28.510263489848917,17.09179873141256
2015,19,095,Iowa,458.5700427850709,21.404397213521303,26.851528465182067,15.958259888262631
2015,19,023,Butler,422.25694112535757,20.840539930964646,26.310569711496157,15.371504124089203
2015,19,063,Emmet,311.16022645326314,20.600302261013574,26.11853528076659,15.083064972141722
2015,19,047,Crawford,561.3196106439976,21.06299256301019,26.538780208249186,15.588191586641116
2015,19,019,Buchanan,339.4396682126387,20.36126659443083,26.082776511331335,14.640757095133306
2015,19,143,Osceola,300.98108534344186,20.735757351821913,26.696750439875206,14.775770122180525
2015,19,073,Greene,528.64072735015,21.156458692824394,26.50077331815634,15.813124782917344
2015,19,087,Henry,450.5548257237118,22.34867650059666,27.70159344618549,16.99676117651307
2015,19,119,Lyon,303.15842844639945,20.97225293443758,27.047698739591986,14.89780973139592
2015,19,003,Adams,545.1434207874946,21.87222944464784,27.23697171775687,16.50848576855902
2015,19,133,Monona,442.53217321398694,21.727501850425462,27.713821279014883,15.742171050584925
2015,19,091,Humboldt,419.90155257682886,20.94811279965584,26.36866414205927,15.52856813662346
2015,19,115,Louisa,421.226545885555,22.252922753378407,27.665943433471064,16.840884512401075
2015,19,171,Tama,453.0634617669482,20.904070814499907,26.352392890990032,15.456743464579075
2015,19,135,Monroe,576.1881697749844,21.952214594547474,27.052411942609123,16.85300847408826
2015,19,117,Lucas,539.3170250578127,21.93515805297323,27.249895248243078,16.621420056949493
2015,19,057,Des Moines,482.8311928914955,22.28444923714002,27.41927619172248,17.150617390901534
2015,19,011,Benton,433.95012338548867,21.029351074175658,26.549017915983313,15.51067165091744
2015,19,113,Linn,383.9848284768794,20.86228770487132,26.453860852613477,15.271712580270645
2015,19,105,Jones,341.2107056921493,20.547438779195147,26.248892518804983,14.846979272117908
2015,19,103,Johnson,374.93781744766085,21.58332461803485,26.965228202099084,16.20242320955652
2015,19,183,Washington,420.0155265905087,21.956414146308163,27.40015589485066,16.513674997620374
2015,19,045,Clinton,448.11525697873174,21.087247235288626,26.572846698158497,15.602643062000919
2015,19,163,Scott,457.47733681296506,21.633397466765093,26.82748194728117,16.44030868323452
2015,19,139,Muscatine,434.57258183968133,21.977868546698808,27.373571378188963,16.583159491161634
2015,19,169,Story,590.295459907757,21.04952580065851,26.281895881436416,15.818142574744284
2015,19,015,Boone,566.4706723410417,21.17645478119561,26.44451084629374,15.909407361388025
2015,19,121,Madison,518.548873925921,21.91368404923856,27.19653643823779,16.631831233262517
2015,19,181,Warren,548.9217475514744,22.246476608972397,27.328281730354853,17.16566456661902
2015,19,049,Dallas,565.3190028713987,21.66044925528638,26.93438593369283,16.387519150755047
2015,19,153,Polk,515.5422328432793,22.073493496563767,27.085402743659827,17.06258047615424
2015,19,077,Guthrie,528.1007464188399,21.402967745032992,26.88660767570927,15.92032100002188
2015,19,099,Jasper,508.57118410895123,21.6307790361788,26.738756871332097,16.523800684786405
2015,31,043,Dakota,422.12962634779063,21.819353286134085,27.659908967146933,15.979803116572155
2015,31,051,Dixon,378.0975645605611,21.6305782311166,27.49947086959377,15.762679177648087
2015,31,053,Dodge,430.358808790267,22.365533836773018,27.98938904325301,16.742682222283406
2015,31,025,Cass,480.5162610465738,22.782249745555774,28.362319367126403,17.20317760229195
2015,31,055,Douglas,402.95091460265013,22.710536630648487,28.065179869609274,17.35691317389392
2015,31,153,Sarpy,421.68047429496886,22.734793331021447,28.227570508963577,17.243001007588106
2015,31,155,Saunders,418.39326783058203,22.503043026438913,28.26016786373017,16.74691180445898
2015,31,177,Washington,396.0938074987451,22.455722196087827,27.922053114323305,16.990393252182685
2015,31,067,Gage,423.79836398838097,22.814519967304353,28.715409033846694,16.91463221503207
2015,31,109,Lancaster,419.78103978316983,22.97198820221784,28.76418053694998,17.18077692907284
2015,31,159,Seward,396.8939473243143,22.450756324165315,28.249694792739767,16.652812943564896
2015,31,139,Pierce,368.9430905470888,21.93824120294946,27.942623374697323,15.934847384347998
2015,31,119,Madison,336.4830167035902,21.710297749443562,27.42462484213787,15.996970061466493
2015,31,167,Stanton,350.3533000879943,21.783488747051496,27.520984048392155,16.046986465204043
2015,31,117,McPherson,253.0652950480026,21.528747362965156,28.64730225122813,14.411196228753377
2015,31,111,Lincoln,260.36230373038916,21.98775131653293,29.153059069947094,14.823438661580786
2015,31,113,Logan,321.53085697893755,21.450703259788312,28.536358116005246,14.36604850617119
2015,31,007,Banner,187.0961162415347,20.444693177715152,28.712796630439414,12.17759866706846
2015,31,157,Scotts Bluff,184.8152018106737,21.26989750862817,29.305667643703018,13.235111428122831
2015,31,165,Sioux,197.4623529697952,20.089396254543022,28.21578515520864,11.96399469051292
2015,31,039,Cuming,390.70090700865745,21.749234600190977,27.41596126421793,16.083496395529004
2015,31,129,Nuckolls,389.66342527556037,22.965645772959853,29.44089042267797,16.49139465539055
2015,31,101,Keith,215.1175646044405,22.102590819416367,29.50864912290454,14.697533299690072
2015,31,137,Phelps,322.10608931655366,22.1897916903456,28.73287575904332,15.647699209249541
2015,31,181,Webster,274.7860190128791,22.736335683361645,29.493347720027046,15.980318337506617
2015,31,015,Boyd,301.2291647129529,21.83409109411989,28.464406412368234,15.20476813162547
2015,31,171,Thomas,279.4620975839944,21.660615907141676,28.67240718958386,14.649809812847822
2015,31,089,Holt,341.9739216198238,21.73499979793829,28.290481341709334,15.180517251874608
2015,31,017,Brown,247.51062159781313,21.570588010256852,28.409137465319464,14.733031335447475
2015,31,103,Keya Paha,272.23639700777454,21.649640657637732,28.658630705105356,14.641642104237306
2015,31,077,Greeley,247.57870818082253,21.82707084993703,28.529217865756422,15.125915162334048
2015,31,095,Jefferson,412.73565762767396,22.925111013941816,29.10684570250478,16.744369192667026
2015,31,151,Saline,440.40781812715227,22.713265660445963,28.534141283967397,16.893377471858244
2015,31,057,Dundy,190.79719778739644,23.06951265963052,30.831728299975897,15.308293248308772
2015,31,131,Otoe,445.946761837258,22.911765893928393,28.7566582576706,17.067861014227574
2015,31,087,Hitchcock,240.51093784473454,23.70092299264811,31.514385783710914,15.888471021104143
2015,31,105,Kimball,225.26323108242798,19.873682721693605,28.104743593567207,11.643614033013424
2015,31,127,Nemaha,403.9917803181445,22.90612485937189,28.66721261510238,17.14602162150473
2015,31,041,Custer,275.1456566019814,21.74828475000908,28.883154191693297,14.61441505694868
2015,31,143,Polk,395.6752539444156,22.145435178357324,27.847655407532073,16.44421324173093
2015,31,045,Dawes,210.5360094447691,20.931083733730073,28.552105336036355,13.311063413851494
2015,31,179,Wayne,378.76582145662064,21.661218908575478,27.465597147160178,15.857843724403216
2015,31,071,Garfield,305.704416038357,21.729528963467835,28.417746503308816,15.042292791185215
2015,31,013,Box Butte,179.54139818209637,20.735387661916572,28.347392366361554,13.124379470882117
2015,31,173,Thurston,399.4568618213062,21.892821125179584,27.96935806593239,15.817285714193632
2015,31,011,Boone,311.17815190535765,21.614171586589258,27.68752931124743,15.54182065329132
2015,31,145,Red Willow,307.6716241727522,23.289637244963494,30.81355579665794,15.766716348592412
2015,31,149,Rock,292.21046604506967,21.48242281936566,28.238181684920065,14.727663022116145
2015,31,005,Arthur,228.2635958675781,21.67246731611352,29.096833854455447,14.249098666959004
2015,31,085,Hayes,209.15064370564713,22.55272923644002,30.067654360507767,15.038799001607302
2015,31,097,Johnson,392.1194279850602,22.777540802430163,28.654706114407357,16.90136815556023
2015,31,003,Antelope,355.92855323026873,21.58305268408337,27.501989914377702,15.665102893258947
2015,31,163,Sherman,240.33813527949513,22.163315843937646,29.33555951322341,14.99206521437221
2015,31,161,Sheridan,208.04691895816612,20.71585351968321,28.051283248521944,13.38141518396196
2015,31,133,Pawnee,413.0053385683444,22.687071614799795,28.53842972669835,16.836710841737148
2015,31,075,Grant,251.69286053294388,21.009157037540287,28.23595772453714,13.783353871695843
2015,31,021,Burt,384.34824146034265,22.082497769289336,27.994400285617203,16.171576109100148
2015,31,009,Blaine,280.02131021392614,21.62712289597012,28.670492786622223,14.584750897885158
2015,31,027,Cedar,320.40909961354004,21.733947598225715,27.624673091984654,15.844226636205796
2015,31,169,Thayer,410.1380337116781,23.061264257188128,29.334397784515907,16.789122398754373
2015,31,049,Deuel,174.4220677654388,21.968819136364882,29.871777064995186,14.066877753208553
2015,31,123,Morrill,182.6612125225377,21.423462628841264,29.327655965829237,13.520267326757136
2015,31,115,Loup,242.13485983304508,21.684687988311104,28.680852837425526,14.68951348567364
2015,31,063,Frontier,267.33746748595655,22.876517338117814,30.052151808128766,15.701881250665865
2015,31,125,Nance,327.5454697490788,22.06425813299482,28.15300250309603,15.976496003885991
2015,31,107,Knox,292.6241915788704,22.09678088457904,28.609731902294048,15.58482067110948
2015,31,135,Perkins,197.70768143794842,22.267576448944144,29.904125673531553,14.632031539472276
2015,31,037,Colfax,413.06015258164626,22.219050312446857,27.8969621247095,16.542141890915982
2015,31,023,Butler,408.04709374473913,22.255041073604232,28.097987078119395,16.41308498326541
2015,31,031,Cherry,234.48192175110796,21.00994326442601,28.09352743448676,13.92735159581471
2015,31,183,Wheeler,307.26764822897974,21.876116843281125,28.222200451820402,15.531036709499132
2015,31,061,Franklin,285.3614855479431,22.845991575933994,29.556829429080594,16.136161227660846
2015,31,029,Chase,165.54451492895433,22.4369319796953,30.10765298503343,14.76720232304979
2015,31,059,Fillmore,422.8417166843397,22.630426385538925,28.553911068556587,16.70795389012257
2015,31,185,York,364.65199995868363,22.414759751390697,28.322175834137486,16.508365808339292
2015,31,035,Clay,391.2988027413544,22.840574949292964,28.850833283347345,16.831308906746756
2015,31,033,Cheyenne,177.8700574068182,21.315671369218485,29.313166769155362,13.319171765018188
2015,31,069,Garden,215.43282345293554,21.483116825512354,29.150827641188073,13.81640058298184
2015,31,083,Harlan,307.55385475077634,23.022025691236955,29.857535463074825,16.187515487617063
2015,31,091,Hooker,248.2302333594212,21.228242770794218,28.12621407223644,14.331262958743704
2015,31,147,Richardson,481.28904216002496,23.076308029506972,28.749722273353285,17.403887048593607
2015,31,065,Furnas,339.15838969695034,23.14834927924307,30.549590751232014,15.74810521455564
2015,31,175,Valley,232.31842278169623,21.945617784718895,28.809368251939592,15.082864244944393
2015,31,141,Platte,334.47057796564764,21.892646164634428,27.662968796246133,16.123320965474072
2015,31,121,Merrick,350.7212815894408,22.463298666502535,28.465099792290264,16.462486663481034
2015,31,079,Hall,295.9906407415996,22.643333871659312,28.770192755280846,16.517458078950128
2015,31,081,Hamilton,347.8015451184092,22.444077217927266,28.305814891426923,16.583331736294586
2015,31,093,Howard,259.232811138168,22.39282276872381,28.903730028996048,15.882914178754472
2015,31,001,Adams,320.3745486348329,22.742357106123766,28.83844348478854,16.64726557255371
2015,31,099,Kearney,291.23126245729816,22.586656062646828,29.018244664492396,16.15605601660773
2015,31,019,Buffalo,263.89399185205684,22.238558158795342,29.00459921658937,15.47351693801225
2015,31,073,Gosper,276.02813167414405,22.386619611896847,29.13444367747522,15.639792729599368
2015,31,047,Dawson,258.30777322666694,22.114290073112628,28.92168588395027,15.307899051774713
2015,37,037,Chatham,333.37896405686683,25.567393074710797,31.226040916552932,19.909726709616855
2015,37,115,Madison,347.0136696603955,21.724597853842777,28.15505465363559,15.295139487569253
2015,37,087,Haywood,315.5682996303861,19.990673250479364,25.785006395091465,14.19732646660612
2015,37,021,Buncombe,297.7517690472596,22.013728039567763,28.070103212130547,15.958342838937384
2015,37,089,Henderson,306.3606982480118,22.633641008734568,28.433589206223438,16.834658711413493
2015,37,175,Transylvania,395.240188765915,21.51501667339771,27.069504497676697,15.961498250688823
2015,37,167,Stanly,295.47864987841547,26.337222957197284,32.592770758321926,20.08268830961152
2015,37,109,Lincoln,237.41770463764033,25.69000461490802,32.059922688037396,19.32107196293561
2015,37,159,Rowan,231.55015318977865,25.539420339209624,31.75041275168543,19.329419348101844
2015,37,025,Cabarrus,269.82795823728253,26.28768608363906,32.62142059089103,19.954950003248875
2015,37,097,Iredell,284.4576851158991,25.137401326514087,31.258149514611635,19.017646585525142
2015,37,071,Gaston,193.4656027675992,26.332499615135745,32.56349568017719,20.102493585326783
2015,37,179,Union,340.8977328026862,26.792106155494746,32.90470538742682,20.680509597981548
2015,37,119,Mecklenburg,233.30476136835938,26.579322960747557,32.637553036892186,20.522083772815467
2015,37,045,Cleveland,193.69872949648405,25.648059771422545,32.010309992057984,19.286803990390233
2015,37,005,Alleghany,369.1231002688536,20.95189827434988,26.393734197949563,15.51107472669559
2015,37,173,Swain,380.4024079438211,20.264359417294095,26.22968238046652,14.30003328819918
2015,37,011,Avery,334.4084289924973,19.861531350246196,24.985417373036253,14.738656535802356
2015,37,033,Caswell,314.07938003496093,25.123687958214052,31.194331461701196,19.054048525361875
2015,37,075,Graham,408.7586181622983,21.579918031232896,27.496049649931486,15.664779012211952
2015,37,007,Anson,352.6898140225572,26.983124980639936,33.263600353474864,20.703647495376654
2015,37,149,Polk,258.5091253110314,25.08252671403889,31.14192162687228,19.024122232791694
2015,37,039,Cherokee,444.999992731101,22.44691883335248,28.381033465834,16.5138010428759
2015,37,113,Macon,359.163939815559,21.140194415502503,26.629646183337773,15.651741203243738
2015,37,009,Ashe,344.7883750886304,20.636871382604262,25.893667400270513,15.381075721852676
2015,37,123,Montgomery,344.1686726761259,26.30510626530345,32.476715340322784,20.1344958865227
2015,37,043,Clay,431.89848055633416,21.74688372577807,27.262212363239023,16.23256280654418
2015,37,121,Mitchell,316.07349777238915,20.3530864641661,25.99718339740968,14.709998574373655
2015,37,199,Yancey,311.135711710098,19.853429693673423,25.486515497380868,14.221350520216884
2015,37,189,Watauga,377.9202994761649,20.400346525330292,25.495891078554326,15.305790760540248
2015,37,099,Jackson,373.6185924851136,20.558945901666068,25.972798060180608,15.146085831921154
2015,37,161,Rutherford,207.05939626030457,25.164756936279108,31.660208581021685,18.67029145708073
2015,37,193,Wilkes,327.9789886114978,23.976325520071864,29.917851922412577,18.0357868837527
2015,37,125,Moore,333.5047021960094,26.338334667747,32.234282399379175,20.443383961403185
2015,37,153,Richmond,369.05774789371867,26.850506845208834,32.89141411733959,20.810592082990023
2015,37,093,Hoke,368.13318043215804,27.05905209678883,32.82812273115549,21.29096877658065
2015,37,165,Scotland,392.45828232206736,27.149765786231892,33.14407755349638,21.156440685030375
2015,37,155,Robeson,376.98950944524313,27.200680788707974,32.92557340348098,21.47678977187971
2015,37,001,Alamance,283.27573389698216,25.47315182731064,31.175459516293245,19.77183525737888
2015,37,151,Randolph,328.02819863046113,25.543531278675363,31.08368207640566,20.00437391166321
2015,37,081,Guilford,289.5415863974115,25.425278271465878,30.793069900399797,20.058495031843723
2015,37,157,Rockingham,310.40572047503076,24.83816996415995,30.59154491230593,19.0857852512295
2015,37,171,Surry,319.5815372860013,23.91820112966556,29.783490762353384,18.05389912420486
2015,37,057,Davidson,298.85145346899424,25.53170911656715,31.45584410559585,19.60857434055413
2015,37,169,Stokes,324.81278547302577,24.373579563990322,30.058746027246205,18.689418705109045
2015,37,067,Forsyth,341.0753549000972,25.07291489400325,30.553270028799613,19.593558548470483
2015,37,197,Yadkin,295.1374008665336,24.46380032654533,30.402874443433056,18.525722141796216
2015,37,059,Davie,335.5972069317796,25.00779264307323,31.116753896077473,18.899825426782336
2015,37,027,Caldwell,269.46119023601375,24.38719809078445,30.311586517171566,18.463809156356856
2015,37,003,Alexander,278.53345539880064,24.927842490029537,30.745083851281297,19.111577883628545
2015,37,035,Catawba,247.50917910431025,25.51078922543551,31.571936793844554,19.45063153827259
2015,37,023,Burke,263.8064814156989,24.34527425685508,30.541531726867618,18.150022837679323
2015,37,111,McDowell,279.09263815528016,23.348181298194852,29.764392446218984,16.932968022933856
2015,37,029,Camden,403.0492648181641,26.09952317817775,30.62445993719346,21.575576102110734
2015,37,139,Pasquotank,382.5244611970134,26.046226519090922,30.604389924536676,21.48906241457136
2015,37,143,Perquimans,392.1464687589809,26.055468766639777,30.929350307136335,21.182578213971873
2015,37,177,Tyrrell,519.1313438201992,26.056444769521157,30.59070035433569,21.523169882290855
2015,37,055,Dare,468.7408649018783,26.174026918988336,29.13168104802574,23.21735436685675
2015,37,073,Gates,448.00937382482283,25.798308934185176,31.562684253483138,20.034945518588376
2015,37,053,Currituck,338.60026621696755,26.037301449639056,29.62676524780875,22.44883542475251
2015,37,019,Brunswick,361.9983523517599,26.79898974857969,31.622214227061246,21.976763853678452
2015,37,031,Carteret,458.6559617272694,26.687590999594327,29.950271611397913,23.42590278987685
2015,37,137,Pamlico,450.80480019067255,26.580340921415335,30.937478493756636,22.22420065644835
2015,37,049,Craven,472.145172520081,26.63658997358927,31.67085159973246,21.603320180495956
2015,37,103,Jones,501.1081752503702,26.44594969793693,31.818701266086503,21.074187762639813
2015,37,085,Harnett,315.28479741830205,26.505543647963037,32.095031576317076,20.917054414272137
2015,37,063,Durham,305.0595519322404,25.27556609406191,30.786607229784767,19.76552366171064
2015,37,145,Person,361.2172083971805,24.866387079243278,30.600062726098386,19.133712858121754
2015,37,135,Orange,334.34438150189914,25.317145435162857,31.087270261181157,19.54803712998986
2015,37,181,Vance,312.17285779611666,25.136476746185338,30.762332466586624,19.51162628521749
2015,37,077,Granville,307.30756117769306,25.041620216212277,30.500687216483904,19.583536826092452
2015,37,069,Franklin,255.07556323567778,25.318514041413515,30.97991641014379,19.658108346272037
2015,37,101,Johnston,293.9008578508083,25.984098427982182,31.55467004067095,20.414524749896326
2015,37,183,Wake,320.4512581690644,25.504878984928823,30.91052871840783,20.10022311065965
2015,37,105,Lee,346.9998269151713,26.062594318128667,31.848997889244174,20.27719623927872
2015,37,131,Northampton,366.436493797092,25.230606796199986,30.831876361226158,19.630321805054347
2015,37,083,Halifax,283.1245911468057,25.45492765045552,31.111411150761022,19.799437129608602
2015,37,127,Nash,243.3953136572657,25.779360722173163,31.37339471428613,20.18632223845895
2015,37,065,Edgecombe,261.55417112882606,26.00548901004182,31.588416265744574,20.423562960553173
2015,37,195,Wilson,227.78945278357025,26.24096202910668,31.82816731106562,20.654763543687498
2015,37,163,Sampson,359.2106538316397,26.61446267003685,32.093064993372586,21.13684980289383
2015,37,185,Warren,309.41068863464784,25.50783948479301,31.261924216365966,19.754739353568766
2015,37,187,Washington,433.11523742014805,26.206580667645696,31.424979238836546,20.98917932025158
2015,37,061,Duplin,430.74285772484774,26.35341378346949,31.88850125019048,20.81932435624391
2015,37,091,Hertford,378.52451872795007,25.34257606072375,30.933885583424907,19.75225951908122
2015,37,017,Bladen,425.2481107908115,26.858658268232652,32.54310422081408,21.175205433036624
2015,37,095,Hyde,494.1108333776985,26.490879315420447,30.39959708172229,22.583159120648045
2015,37,015,Bertie,311.0104610492039,25.992233855050245,31.715852635241074,20.26960429202437
2015,37,079,Greene,325.8449964782934,26.403331686423186,31.915134310265337,20.892535343946374
2015,37,041,Chowan,349.9909455775613,26.01450275351911,31.1095626300181,20.92044423441429
2015,37,117,Martin,324.77895737563574,26.130482986155187,31.58598372831252,20.675987138840355
2015,37,047,Columbus,356.33525057363624,26.741531166595383,32.160664115909135,21.32339314528149
2015,37,191,Wayne,311.8722500982439,26.35629103964218,31.785384084178183,20.928189317619662
2015,37,133,Onslow,538.8926000271567,26.425051282293346,31.191842933778148,21.65924874063983
2015,37,107,Lenoir,385.50966787948806,26.386621326680505,31.91793910957314,20.856295588918584
2015,37,129,New Hanover,452.0273482336828,26.893597011667786,31.278713696835904,22.509486031770077
2015,37,141,Pender,474.2612991076868,26.5693177920664,32.03111066283186,21.10852249704329
2015,37,051,Cumberland,373.75730433940475,27.00460260911286,32.51895633230651,21.491242183767415
2015,37,147,Pitt,336.333834345333,26.402952327445682,31.817750087003752,20.98915711591043
2015,37,013,Beaufort,454.9816737146391,26.471280163396653,31.660126820130955,21.28342464601879
2016,17,121,Marion,424.44432367705355,25.290870699540765,30.445884656717567,20.136847525485393
2016,17,005,Bond,395.147031734834,25.203737470266226,30.533943195287744,19.874515239555
2016,17,083,Jersey,441.5115839824013,25.108627211376394,30.26956119698912,19.948673132063437
2016,17,163,St. Clair,371.17439939137034,25.845967198618748,30.913855771556445,20.779076720940154
2016,17,027,Clinton,327.09232399666416,25.5662198195878,30.829028134686723,20.304397768086684
2016,17,013,Calhoun,359.41434406588854,25.214582595355576,30.568994667648553,19.86114722796046
2016,17,119,Madison,429.7072848221763,25.3566264681176,30.343550930683424,20.37070590228817
2016,17,133,Monroe,399.10032865427576,25.80306642821511,30.94289169064111,20.664248179375203
2016,17,117,Macoupin,378.31509499148257,24.61862714582372,29.80384383629561,19.434396253885414
2016,17,171,Scott,365.2638869761123,24.483004144010838,30.087417946615844,18.879587522023602
2016,17,137,Morgan,365.9211284123255,24.343674907342702,29.76954476134202,18.918807931469374
2016,17,107,Logan,391.6155490409163,24.30450714269519,29.60209082668161,19.007899066708156
2016,17,129,Menard,352.428856360414,24.18064816282649,29.42439690133632,18.937883712990917
2016,17,167,Sangamon,389.93705842580493,24.38687620275799,29.630272307755256,19.14446184381487
2016,17,021,Christian,361.60514265206115,24.294516390278662,29.5977864017284,18.99222354912859
2016,17,127,Massac,457.41722982041273,25.959287195694614,30.94437627037992,20.97520916833598
2016,17,057,Fulton,397.37969130934016,23.91529276403097,29.290875321883536,18.540704549474754
2016,17,175,Stark,464.2460086401009,22.92157456221544,28.484163842615462,17.359973595321478
2016,17,203,Woodford,416.8829796413141,23.762476601433203,29.313755693080218,18.212191473098347
2016,17,179,Tazewell,429.4555911558491,24.117002870606576,29.411130280011744,18.823856496001994
2016,17,123,Marshall,476.0844752382029,23.307524695573605,28.802362950525524,17.81370377697957
2016,17,143,Peoria,427.1092740891302,23.64877585409546,28.983379706442328,18.315166098083324
2016,17,001,Adams,362.55301351259243,24.438823842637714,29.797659979539095,19.08097515365484
2016,17,177,Stephenson,417.58572817542625,21.815609520596215,27.44005968284315,16.19215478796157
2016,17,141,Ogle,412.69680305632085,22.22369153499267,27.80592862496982,16.642456646758625
2016,17,201,Winnebago,372.1086320751814,22.3125073396532,27.76037144221274,16.86562502184072
2016,17,007,Boone,359.28205987860184,22.229984413132907,27.897052262997004,16.563911741779936
2016,17,025,Clay,484.81109249820867,25.282080840177002,30.686844095694713,19.87829517339868
2016,17,185,Wabash,391.2848918153437,25.312666204881058,30.648857706633645,19.977474553250136
2016,17,009,Brown,371.1351133923808,23.99135706212204,29.54077482884905,18.442929198753124
2016,17,151,Pope,603.2167461118903,25.34520288303964,30.541649946446842,20.1497538846874
2016,17,033,Crawford,401.44097272171683,24.80604224288505,30.226676722806193,19.38639153702594
2016,17,135,Montgomery,382.4958861579324,24.67365036275109,30.0657994398052,19.28251623320017
2016,17,055,Franklin,415.1347013273429,25.643022865568547,30.563960858633777,20.723076639622292
2016,17,023,Clark,439.79556404814133,24.713600219124068,30.318849015028682,19.109340981506907
2016,17,059,Gallatin,472.5319983400924,25.659685270230725,30.70957923095088,20.610779098154563
2016,17,075,Iroquois,526.0016535286549,23.12622787337947,28.732268081706557,17.521172115441765
2016,17,041,Douglas,375.6971081874837,23.901398783905545,29.15614630880865,18.64763654079842
2016,17,189,Washington,403.62582437275927,25.460135653973104,30.514660040997608,20.40661150708579
2016,17,159,Richland,450.0719044741758,24.88356752986736,30.09889026936752,19.669224539769065
2016,17,065,Hamilton,413.2641765602044,25.518530086355266,30.56032131731628,20.477741645260473
2016,17,193,White,357.1555625861789,25.608339125164182,30.71476218184764,20.50291806999966
2016,17,169,Schuyler,333.593419441272,23.920994365700295,29.47014935752756,18.37282578406828
2016,17,181,Union,448.3967582702632,25.94793941589821,30.9659758630932,20.93090226818873
2016,17,085,Jo Daviess,419.58550395874965,21.93635748024895,27.614505276208003,16.259210475581757
2016,17,125,Mason,410.6252484402751,24.255064888460232,29.716364112374762,18.794767464839957
2016,17,191,Wayne,454.5356654241194,25.324497109828236,30.459627656884447,20.190363742379812
2016,17,069,Hardin,573.7507727625638,25.167609819812746,30.321424265012798,20.014793668935894
2016,17,061,Greene,380.7399988818562,24.637939183741697,30.030981675110553,19.245889425506117
2016,17,157,Randolph,445.86238616296504,25.851062123860512,31.114695454289915,20.588413748947772
2016,17,149,Pike,304.29041457868055,24.696667812928577,30.14569891722474,19.24863779970803
2016,17,145,Perry,461.90150342045035,25.624003703340552,30.558744457894168,20.6902525763816
2016,17,087,Johnson,504.2735697153587,25.75540475185007,30.859503754581848,20.65230382438776
2016,17,173,Shelby,404.3538497097525,24.635581607536555,30.066394639554783,19.20576020006424
2016,17,051,Fayette,403.42413481668154,25.089036875026956,30.478377722348924,19.700696835661674
2016,17,139,Moultrie,335.52157764748057,24.218440483649616,29.514493007204557,18.923370349711227
2016,17,017,Cass,345.88982252293334,24.148818798416084,29.705413228075074,18.593221914670927
2016,17,015,Carroll,420.13748972588087,22.112409118123658,28.326441625869666,15.899379598601485
2016,17,047,Edwards,375.7908992662703,25.465612941300044,30.8154782946715,20.11673926121129
2016,17,079,Jasper,455.2059223316144,24.846640005135434,30.22076160934909,19.473526416900317
2016,17,187,Warren,424.36095257632473,23.479816919423556,28.933387001867263,18.027253873924558
2016,17,153,Pulaski,384.02404624933035,26.129506067614816,30.95989490834059,21.300111935137796
2016,17,165,Saline,522.8432959367249,25.544074520353796,30.576405883391764,20.512725968010688
2016,17,101,Lawrence,424.2400446044214,25.004286525818088,30.19439168298375,19.815192609422713
2016,17,045,Edgar,433.45648826443716,23.77839403907524,28.9971422419105,18.560647981047826
2016,17,071,Henderson,436.1826411545737,23.84267974213883,29.192053184803715,18.49430620969486
2016,17,199,Williamson,452.1734001555032,25.67698912822967,30.713606956518486,20.64136579239951
2016,17,077,Jackson,439.9819439648135,25.757001181196248,30.731397219893584,20.78359326336449
2016,17,147,Piatt,425.57781393897454,23.808960665232494,29.032089179567485,18.58682506332638
2016,17,053,Ford,470.8026627473889,23.276315638422506,28.846405697027663,17.707215925632088
2016,17,019,Champaign,436.50506696788983,23.591388342702693,28.878384101413637,18.305387067552935
2016,17,029,Coles,363.9676852241229,24.236362332358745,29.408618271398776,19.06510154295277
2016,17,035,Cumberland,458.7729890759809,24.737439802427534,30.232220114527525,19.24365047908473
2016,17,183,Vermilion,431.4053148807544,23.3421278594714,28.62364912575884,18.061599715444785
2016,17,115,Macon,334.39855561982796,24.34810390335226,29.57110091141997,19.12610385567587
2016,17,049,Effingham,431.32152142572875,24.97436263653109,30.380646324791883,19.569075162989414
2016,17,067,Hancock,330.80796218100954,24.193733198825303,29.63542842532264,18.753025291945864
2016,17,095,Knox,474.6382948291439,23.258537147134707,28.588428791102565,17.929635863305233
2016,17,109,McDonough,352.03489255186264,23.677859149777174,29.140535276409572,18.21617767487177
2016,17,081,Jefferson,448.8206458553405,25.29137598250198,30.364627716099143,20.219115867998823
2016,17,113,McLean,438.7733756598735,23.822389138652422,29.267790734289978,18.377981723644744
2016,17,039,De Witt,442.5369255298456,23.958593334472045,29.29791885831374,18.620241921376724
2016,17,105,Livingston,542.5865966902245,23.498985016097826,28.99868359023004,18.000289175651787
2016,17,003,Alexander,372.63727593442957,26.259804000907025,31.123753591004032,21.396838520702563
2016,17,093,Kendall,455.5817937518726,22.959961481430508,28.318703720853613,17.60222251950418
2016,17,031,Cook,388.129183559144,23.52863888117059,28.222441002988464,18.83583496547058
2016,17,037,DeKalb,398.6484702995761,22.44585244470333,27.778657053121602,17.11404954723862
2016,17,089,Kane,348.40752342884406,22.71741384735322,28.10808265714631,17.327725966413446
2016,17,063,Grundy,539.6645606517112,23.157171376315357,28.607837422828407,17.707492073660532
2016,17,111,McHenry,289.5644188827243,22.03751841478199,27.85624578871579,16.219780544312606
2016,17,197,Will,464.3168365460225,23.247858149800702,28.595994231138363,17.90070831541811
2016,17,043,DuPage,388.58586794445483,23.24666712525776,28.70897861602774,17.78534027831982
2016,17,097,Lake,274.4597112586402,22.245824252669824,27.257682409977033,17.234956317909038
2016,17,091,Kankakee,530.6779654494052,23.192676673472665,28.718149450382253,17.66819381443356
2016,17,011,Bureau,511.92415241120887,22.883409323209733,28.327100168472036,17.44070558810125
2016,17,155,Putnam,448.42266958382027,23.29463610436557,28.757883716973055,17.832368658409084
2016,17,099,LaSalle,510.81924434993607,23.114430701067548,28.444024743275644,17.785839033601636
2016,17,131,Mercer,443.6877543172484,23.549883814379424,29.056048828412386,18.044723829694348
2016,17,161,Rock Island,509.29772097482055,23.568823015107252,28.853363785275153,18.28527113886923
2016,17,073,Henry,575.751113819945,23.119132343640107,28.500354927031392,17.738901654506222
2016,17,103,Lee,525.9000583487285,22.468471399499613,27.876863321069493,17.06107169390609
2016,17,195,Whiteside,571.5194064845039,22.819959062277533,28.341126688542243,17.29978908371183
2016,19,149,Plymouth,236.14256936247915,22.70508722849205,28.941477049456086,16.469681602446876
2016,19,193,Woodbury,268.7120703544947,22.93586481567329,29.151095651738302,16.7216356948588
2016,19,027,Carroll,350.4794340673423,22.600321760422894,28.389732334489143,16.811908904884934
2016,19,061,Dubuque,473.5625941369928,21.833474467146814,27.182767856656483,16.48516991559197
2016,19,101,Jefferson,413.90572594611785,23.559575736338125,29.146938107001926,17.973195692673155
2016,19,187,Webster,387.80348894963595,22.33364855251912,28.06568577351203,16.602614694166167
2016,19,111,Lee,335.3421946877208,24.19936890187294,29.579281601597437,18.820448749765333
2016,19,127,Marshall,404.25427189837893,22.44051564810613,28.049996123453095,16.832032818918226
2016,19,195,Worth,545.7973596071014,21.412006809536944,26.786802113939014,16.0381966153075
2016,19,033,Cerro Gordo,478.8638465118863,21.6009686729369,27.13033783908502,16.072595890282244
2016,19,051,Davis,378.75123803332355,23.632954950926102,29.187421350506728,18.079477737056884
2016,19,179,Wapello,372.4557141429451,23.444164920289523,28.961514964812462,17.92782754262449
2016,19,041,Clay,294.79693402705624,22.21162292812765,28.131647299978376,16.292591997687786
2016,19,059,Dickinson,311.77803723877247,22.050745062075485,27.84336549511564,16.259130207886816
2016,19,021,Buena Vista,317.761992454227,22.283983627057854,28.036341053978834,16.532615605159936
2016,19,013,Black Hawk,495.1402679931801,22.16298568173494,27.67509726589508,16.651870453154174
2016,19,075,Grundy,452.29910232092476,22.173656006594733,27.76986496111697,16.578451430480435
2016,19,017,Bremer,452.2426356505096,21.982356731921705,27.522242071479806,16.44347808764199
2016,19,085,Harrison,320.938807122153,23.378988520386667,29.425503274333842,17.33348369825571
2016,19,129,Mills,380.086726176479,24.067549690041222,29.774436811584835,18.361639803177482
2016,19,155,Pottawattamie,368.264568529131,23.536871477297442,29.27508283716755,17.79965390227629
2016,19,123,Mahaska,351.514987414964,23.306750983451813,29.01361428630605,17.600888909777684
2016,19,125,Marion,344.4951471388786,23.475150467888493,28.873002526824216,18.07828796291473
2016,19,053,Decatur,336.2306876073778,23.44450627476228,29.122600885187808,17.767428813764294
2016,19,031,Cedar,491.67740279812904,22.740535170093434,28.252925641532062,17.229140298230295
2016,19,151,Pocahontas,339.4445458260908,22.317249962219858,28.140881346530424,16.49462866624822
2016,19,109,Kossuth,369.6360267780758,21.90111658666983,27.558532619588505,16.244695737758168
2016,19,089,Howard,633.5834192883887,20.589565772372893,26.365660297171072,14.814464297536109
2016,19,147,Palo Alto,298.6589087690638,22.297758415819658,28.210590314734596,16.385915142352612
2016,19,159,Ringgold,425.841251573273,23.35639881254361,28.842946913020786,17.870840348213637
2016,19,025,Calhoun,333.61997767645346,22.444246701385573,28.11731857332723,16.772191420503116
2016,19,039,Clarke,323.75491258456356,23.342704588346177,28.965711452036825,17.720697099683477
2016,19,065,Fayette,457.43048542019955,21.490605288442875,27.141389710542775,15.840825549232973
2016,19,001,Adair,346.0974094438762,23.132489563263423,28.79460152345581,17.47138704081101
2016,19,037,Chickasaw,604.6193333083108,21.36386779000651,26.934852439825246,15.79389969613765
2016,19,081,Hancock,391.0047200461482,21.57296443847181,27.1371632586296,16.009741165325575
2016,19,157,Poweshiek,394.59950803973663,22.948276550223767,28.81373021469197,17.08381788937511
2016,19,165,Shelby,332.21220825964207,22.616884356572204,28.438079111311232,16.796682071694583
2016,19,185,Wayne,289.59673479257015,23.29676580836288,28.965001897982415,17.629516478102406
2016,19,097,Jackson,474.23422730450113,22.17852168264725,27.735893149489716,16.622128609678732
2016,19,043,Clayton,467.52435482356174,21.63167699216478,27.2122886635176,16.05204737708816
2016,19,007,Appanoose,338.2252941363705,23.46785814929427,29.08542176944493,17.851296456169123
2016,19,177,Van Buren,344.10375272181625,23.879408865052053,29.46891389746609,18.290906016036658
2016,19,197,Wright,422.67604249244437,21.964437661605828,27.770568270380874,16.15929917329003
2016,19,137,Montgomery,434.7652798232866,23.432201325363756,29.19579368214531,17.66959416988527
2016,19,175,Union,408.92134040015065,23.22235606198134,28.721318066632744,17.724381629568537
2016,19,107,Keokuk,449.77453027690217,23.340647618394893,29.13224913474197,17.550037953089923
2016,19,131,Mitchell,557.0059907260819,21.26439599067703,26.660075179674447,15.869697314416339
2016,19,191,Winneshiek,614.7151753228673,21.04533505776659,26.672187095095627,15.419484744886384
2016,19,161,Sac,293.1108354665382,22.319894263940068,28.03729832557703,16.603493386588116
2016,19,055,Delaware,417.52373344650556,21.367250547737097,27.140821639087285,15.594664594426519
2016,19,067,Floyd,608.9340588079731,21.791116798711418,27.246804362706534,16.336423082735823
2016,19,009,Audubon,320.0394936413947,22.592991621825732,28.42586220171366,16.76112023833952
2016,19,079,Hamilton,361.6931462379506,22.252981886682388,28.070220532660485,16.436723121371106
2016,19,069,Franklin,443.850838367351,21.971524703646942,27.67429626091489,16.269744902313555
2016,19,141,O'Brien,236.4225206389353,22.11730542639634,28.092702131405538,16.142906838526205
2016,19,167,Sioux,237.64989040190477,22.359119150652443,28.683228119024935,16.036019341705785
2016,19,005,Allamakee,585.7061256338806,21.735104756681498,27.05409869295027,16.417104537695018
2016,19,189,Winnebago,501.2441254754529,21.45934236087884,26.946681072902688,15.973015766328958
2016,19,093,Ida,284.08474790696823,22.397700381713904,28.403452359938086,16.392932748675936
2016,19,029,Cass,350.6028797041119,22.91735718243705,28.81109129795161,17.02461516666956
2016,19,083,Hardin,408.14767279110913,22.271546819749357,28.00732011881334,16.536770007390864
2016,19,173,Taylor,419.86388055526953,23.367732014628096,28.893830451686565,17.84263990058471
2016,19,145,Page,479.136193587731,23.48748013228792,29.071537020773793,17.904415147078247
2016,19,035,Cherokee,277.48685831069315,22.303993881660844,28.303198441856118,16.305772499772175
2016,19,071,Fremont,449.1215491570514,24.066849537965467,29.80098570754541,18.3336871037633
2016,19,095,Iowa,438.64429601435245,23.00236045359253,28.837546698367355,17.168160405601437
2016,19,023,Butler,463.77066739356343,22.10485782151439,27.678594476327902,16.53212120255184
2016,19,063,Emmet,287.3316697259685,21.639796955567647,27.32154670057659,15.959059908584475
2016,19,047,Crawford,297.3498066651581,22.542949643956753,28.39569854211216,16.69121042599354
2016,19,019,Buchanan,425.0922103953958,21.77655629678408,27.465598309128787,16.088524894238
2016,19,143,Osceola,291.755701721071,21.877342286010467,27.89714770496086,15.858534283517612
2016,19,073,Greene,339.9361186318728,22.868899342702424,28.78243784775394,16.95635797084782
2016,19,087,Henry,385.67309834597575,23.712834279759633,29.32292400895243,18.103742023396055
2016,19,119,Lyon,211.66756263708618,22.08645850428376,28.401023338067557,15.772883346371199
2016,19,003,Adams,442.3477280327263,23.11688808787052,28.72422881110926,17.510533143328114
2016,19,133,Monona,251.60132507924962,23.22686627250504,29.568313117883925,16.88640953983021
2016,19,091,Humboldt,346.7318496446415,22.080807588931094,27.834877788523,16.327744404726094
2016,19,115,Louisa,453.46323820810227,23.711297982688972,29.311337255446375,18.112250545445296
2016,19,171,Tama,406.0644820135133,22.335742288451083,28.099199481781667,16.573275016401624
2016,19,135,Monroe,312.7822025856222,23.290372211973253,28.833314235888245,17.748429313479527
2016,19,117,Lucas,296.29192481641945,23.29072452674892,28.991043130748825,17.591387797746943
2016,19,057,Des Moines,412.0248302272547,23.900196223790587,29.34694017650242,18.45446022890796
2016,19,011,Benton,482.1860656136289,22.37326794032402,28.061773440675754,16.685753012779436
2016,19,113,Linn,468.5852297454112,22.322903782390288,27.945380237068385,16.701418647143356
2016,19,105,Jones,460.1372790667141,22.05510979449841,27.673173377813303,16.43803678435688
2016,19,103,Johnson,486.2415802155497,23.101843327419566,28.627367531938273,17.577322134407467
2016,19,183,Washington,433.20895834950824,23.397532032291185,29.080879587682347,17.715187926438666
2016,19,045,Clinton,494.0873605679492,22.728091213643392,28.204971034147345,17.252211264833207
2016,19,163,Scott,521.558008907292,23.19502233908492,28.434723162605884,17.95630852603281
2016,19,139,Muscatine,476.05628247242885,23.519770661579386,29.00415232442364,18.0363836343524
2016,19,169,Story,422.19545561353715,22.56093346940943,28.190167380863397,16.932682495040584
2016,19,015,Boone,370.7075989700995,22.732521125117138,28.442553521507822,17.02348152908159
2016,19,121,Madison,296.4498427570879,23.20597978424868,28.774532437675774,17.638413269650645
2016,19,181,Warren,369.62285332924836,23.692633474000857,29.100091328551663,18.28617327288714
2016,19,049,Dallas,341.0170520240289,23.19959128321558,28.87532622972403,17.5248538821459
2016,19,153,Polk,405.7731348397042,23.56846579641189,28.948598045112348,18.18934660651398
2016,19,077,Guthrie,292.03380556690337,22.914016500178953,28.799995620827485,17.029028002421057
2016,19,099,Jasper,353.5369388877093,23.07554653889881,28.626822649338706,17.52525939518542
2016,31,043,Dakota,274.4882946607435,23.226324568460512,29.493563698332203,16.960077876106055
2016,31,051,Dixon,276.3623755837015,22.767397990607193,29.126472376990005,16.409315298583774
2016,31,053,Dodge,380.89770735755525,23.72466724300067,29.656111221504844,17.794204597792103
2016,31,025,Cass,465.4349611789075,24.247339364194456,29.88633338184552,18.609334670001218
2016,31,055,Douglas,409.6881503207886,24.33736370245752,29.87585205667832,18.799865283135897
2016,31,153,Sarpy,432.2695369507441,24.35112736520365,29.946813310696683,18.75643135147674
2016,31,155,Saunders,401.15272825555434,23.877287158139715,29.798082686829595,17.957478293637415
2016,31,177,Washington,387.17320082572735,24.013680011057566,29.790449710589225,18.237901485471312
2016,31,067,Gage,250.9728841728372,24.39601599806049,30.445989780939577,18.347044423660964
2016,31,109,Lancaster,308.7887122210187,24.36109183676553,30.186572425696884,18.536609092416626
2016,31,159,Seward,244.48451558545727,23.84624862562142,29.762336192672407,17.93115270101535
2016,31,139,Pierce,207.1896303741968,22.93013472687202,29.15456637073053,16.706704305599615
2016,31,119,Madison,222.03970308220644,22.63832130196159,28.536119623783414,16.74152261115515
2016,31,167,Stanton,284.6465686243641,22.80977368068272,28.822931521859974,16.797612890093976
2016,31,117,McPherson,256.92291620182266,22.26436864738584,29.66462431164571,14.865116457653347
2016,31,111,Lincoln,206.76339876336417,22.721016290408553,30.09482348382985,15.348197353500982
2016,31,113,Logan,253.53257896127198,22.105214338272024,29.431521461838877,14.779900053636528
2016,31,007,Banner,141.3364145975264,21.267286116441095,30.21259197982617,12.322987126692405
2016,31,157,Scotts Bluff,133.87050456827538,22.208370526446288,30.945078339330852,13.472655500134932
2016,31,165,Sioux,133.54636306823593,21.07548257604372,30.028731831573293,12.123231270170198
2016,31,039,Cuming,344.3990518528401,23.032471609149994,29.08485667301653,16.981074227453107
2016,31,129,Nuckolls,241.3124283806451,24.351460437455003,30.850456678994842,17.85345733173734
2016,31,101,Keith,154.258457923662,22.965890252676903,30.660684578507503,15.272098858251224
2016,31,137,Phelps,181.02670443614073,23.31072067454166,29.869992107899325,16.75244484147442
2016,31,181,Webster,205.25548944488344,24.349276049971948,31.163047725769232,17.536499029895037
2016,31,015,Boyd,197.79743925994347,22.836476051642393,29.867897890167647,15.80604712923876
2016,31,171,Thomas,214.3100967963502,22.387055032460367,29.74934974223774,15.025752723014508
2016,31,089,Holt,228.12242903289416,22.600742745970074,29.44949926765904,15.752982966233976
2016,31,017,Brown,226.80988345724046,22.237313139603582,29.38770222548338,15.087920505096928
2016,31,103,Keya Paha,220.68234840423509,22.653940005348645,30.112195691431154,15.196672122428435
2016,31,077,Greeley,225.62017384842625,22.62691614121504,29.526638678846474,15.728200759042846
2016,31,095,Jefferson,262.2185634389024,24.480414336879598,30.727111082607106,18.234701973356934
2016,31,151,Saline,250.0840322806031,24.174593104666418,30.11120309407678,18.238974999273246
2016,31,057,Dundy,191.51870464367337,23.463119297474567,31.272857507443348,15.654384021646807
2016,31,131,Otoe,419.9350885078283,24.10537519341912,29.917426875488907,18.294315286004384
2016,31,087,Hitchcock,165.27254965927878,23.990139743481087,31.822978811953185,16.158293198953885
2016,31,105,Kimball,171.11256556574696,20.61242356342867,29.53574552619209,11.690094219252014
2016,31,127,Nemaha,401.1426670814408,24.362652582785504,30.278306971407776,18.447978952002362
2016,31,041,Custer,246.8193954660714,22.490351097124343,29.600188026593514,15.38150714512597
2016,31,143,Polk,215.81245837214152,23.533424718845062,29.76713794234513,17.300716653379343
2016,31,045,Dawes,144.34994220723678,22.079661045107777,30.646031583605,13.51428537665448
2016,31,179,Wayne,265.3775266516386,22.653566400786552,28.742407789556005,16.565713033331217
2016,31,071,Garfield,262.42847427530404,22.20330329971709,29.15220696604467,15.255398348951658
2016,31,013,Box Butte,173.1855133218621,21.509468354295315,29.879875576156454,13.140058022044744
2016,31,173,Thurston,286.5584736141574,23.298424048862145,29.806049166744657,16.79180673005109
2016,31,011,Boone,242.91238783008305,22.488915019835424,28.70816920983455,16.270658440228658
2016,31,145,Red Willow,230.58238065632767,23.970735762625917,31.45385171327361,16.48860943112421
2016,31,149,Rock,223.73574029120232,22.189426969865362,29.285333001073912,15.09450089258799
2016,31,005,Arthur,240.63805784739637,22.370709607585248,29.992150406281226,14.750260168497729
2016,31,085,Hayes,143.85087701007748,23.28533029088073,30.905288788447017,15.666374059065529
2016,31,097,Johnson,291.96580698568636,24.237110519072875,30.297370546792877,18.17784973502871
2016,31,003,Antelope,234.32822473976822,22.533492125629568,28.648060822022217,16.41992577573976
2016,31,163,Sherman,213.3872521352462,23.378559566252196,30.378455930163906,16.37965358344336
2016,31,161,Sheridan,177.01475655705428,21.535254383348356,29.61724419199885,13.454259743375612
2016,31,133,Pawnee,288.5411652245561,24.296963303744207,30.363869309036648,18.23105938708329
2016,31,075,Grant,234.8015550637634,21.679083809063087,29.297776057456915,14.0613975647847
2016,31,021,Burt,320.76510495696664,23.517631654878052,29.74204042228132,17.294219781320507
2016,31,009,Blaine,223.9137729883874,22.252583918436343,29.46432124404545,15.041834464125282
2016,31,027,Cedar,207.43411419006873,22.83453914332614,29.06796191538347,16.602098957688032
2016,31,169,Thayer,272.96699471326804,24.398088265026825,30.656488205274883,18.140666376807452
2016,31,049,Deuel,168.85868050993224,22.845807476912796,31.06100879123469,14.631600218929814
2016,31,123,Morrill,175.78552613668708,22.17185246612661,30.636198059255342,13.708502688916624
2016,31,115,Loup,277.67185795963553,22.122006970040978,29.23142205619254,15.013589553973812
2016,31,063,Frontier,187.91468189662882,23.66563442643639,30.85698238941745,16.47527892163033
2016,31,125,Nance,200.08069419803627,23.156453459474793,29.508085012047726,16.80580258582943
2016,31,107,Knox,169.9878237514705,23.130170192135473,29.98779175832979,16.27354844957493
2016,31,135,Perkins,162.63037570981643,23.101565078865438,30.91765283644592,15.28647601994214
2016,31,037,Colfax,309.1277737847119,23.438223783562556,29.443056966600107,17.434391419251078
2016,31,023,Butler,283.96308886660813,23.559526668003755,29.6294237499957,17.490630837827936
2016,31,031,Cherry,230.93508091512217,21.828587121653694,29.37668687161967,14.28148434053354
2016,31,183,Wheeler,274.682338476595,22.587809281398428,29.17126573465558,16.005356740340435
2016,31,061,Franklin,166.44295219657354,24.2102469416154,30.98208123614418,17.4394099040393
2016,31,029,Chase,208.26382873355377,23.00598905821314,30.681330275574673,15.331640940611477
2016,31,059,Fillmore,182.10723146988894,23.966962598482247,30.10315356297925,17.83177179581193
2016,31,185,York,175.5492149505225,23.770831842588215,29.97033313016002,17.57231946628806
2016,31,035,Clay,144.48089866699323,24.092423289181223,30.41396980810161,17.771867395132208
2016,31,033,Cheyenne,163.40965875724274,21.899071409717205,30.35106907710921,13.448067324952868
2016,31,069,Garden,214.0816657117416,22.075287740406036,30.14711948540955,14.004449983292657
2016,31,083,Harlan,202.83756335773742,24.13186551504784,30.97552154273275,17.28921074676661
2016,31,091,Hooker,239.44662614357972,21.962110479156063,29.200000869772325,14.725212876094202
2016,31,147,Richardson,305.8665210796743,24.611716627706762,30.508456936366255,18.71595713904475
2016,31,065,Furnas,248.7514219018308,24.03800173135312,31.358256474815427,16.71872962095379
2016,31,175,Valley,234.85015744551475,22.746065220155213,29.56836031536779,15.924761613083744
2016,31,141,Platte,254.06992974281965,22.95923927648294,29.012271696205424,16.90718833450571
2016,31,121,Merrick,164.7864598707282,23.71121735072519,29.987425799523287,17.435998993680673
2016,31,079,Hall,169.48768095222607,23.855806988884595,30.250202949289825,17.46240766434496
2016,31,081,Hamilton,181.57456707067576,23.70261643262048,29.878868299144045,17.52736622775446
2016,31,093,Howard,175.95788572701215,23.501061677396017,30.156716944393562,16.846407151697726
2016,31,001,Adams,171.3828227838829,24.04922771344228,30.42225667081663,17.677196782394933
2016,31,099,Kearney,126.57467341722543,23.903174059856127,30.531197968642196,17.276143416559936
2016,31,019,Buffalo,170.21999453333657,23.536318950666967,30.28704671692648,16.78658567193304
2016,31,073,Gosper,203.24688139268582,23.328310266176004,30.06331251910916,16.59429296000672
2016,31,047,Dawson,217.88326550987838,23.038849952164185,29.781366979496525,16.297323467436886
2016,37,037,Chatham,351.69096228054053,25.968935167318545,31.57539907149405,20.36346834413856
2016,37,115,Madison,289.75588503614244,22.70216717275933,29.137067500196295,16.26824848780811
2016,37,087,Haywood,344.7545685365543,20.963092056350753,26.94764539629026,14.979528253233434
2016,37,021,Buncombe,350.819641645081,22.63311087439754,28.490002852896687,16.77720598109042
2016,37,089,Henderson,547.5330973853187,23.16793785260091,28.798175003265687,17.5386959972096
2016,37,175,Transylvania,568.5351557904028,22.353772187468284,28.180188859815715,16.528350291710396
2016,37,167,Stanly,277.84524420384327,26.747873883844612,32.80517795743706,20.69156037745788
2016,37,109,Lincoln,245.49569396113426,26.163288925891166,32.33043130195682,19.997131256759634
2016,37,159,Rowan,263.1952115240443,25.934999695192403,31.978866572938745,19.892131144640494
2016,37,025,Cabarrus,303.951235298374,26.708133445310366,32.881623935823804,20.53563338515553
2016,37,097,Iredell,318.78823206831595,25.498865538744948,31.479733405844275,19.518996509939267
2016,37,071,Gaston,244.92289479244468,26.846818131515654,32.88393360806494,20.810684836124256
2016,37,179,Union,289.1097246262448,27.289045736186733,33.24584762386555,21.333240414389476
2016,37,119,Mecklenburg,224.72159139294268,27.078328581882065,32.944231256968216,21.213407515720444
2016,37,045,Cleveland,294.5913700086638,26.152107851590372,32.34284643037937,19.962368552435297
2016,37,005,Alleghany,392.89663193438895,21.3151241883564,26.751779148639,15.879468654138293
2016,37,173,Swain,329.8670819729433,21.43453274755172,27.613538938809,15.25652747476578
2016,37,011,Avery,408.9749328721203,20.69143707534627,25.812429208201593,15.571433198748718
2016,37,033,Caswell,431.7242399130462,25.569638397316112,31.520963405089585,19.619297531690744
2016,37,075,Graham,332.7378058653775,22.58580726837849,28.573632395411103,16.598982439046125
2016,37,007,Anson,324.05373751657856,27.329505082385,33.272459026137966,21.387546679564245
2016,37,149,Polk,400.5857347283874,25.56802959375834,31.514231313046494,19.622822804317586
2016,37,039,Cherokee,342.9744602412493,23.573020522168356,29.806547291473994,17.340487357293078
2016,37,113,Macon,388.5619866259419,22.15367364278179,27.684534099840075,16.623789104419043
2016,37,009,Ashe,362.13103406416695,21.01336351449852,26.359794200845048,15.667953372581145
2016,37,123,Montgomery,287.4231223710767,26.810370162503425,32.86981925976361,20.751902805229015
2016,37,043,Clay,333.40622332434015,22.688161147596226,28.32653913110984,17.0507768908159
2016,37,121,Mitchell,377.3731434265852,21.261637794188225,26.843136462019604,15.681114920390543
2016,37,199,Yancey,387.98059412132693,20.68939912436326,26.00184745022148,15.377946489645334
2016,37,189,Watauga,355.1307536171711,21.00990480950922,26.266297411426496,15.754509209044917
2016,37,099,Jackson,382.6852571171806,21.590930237506356,27.389287352043834,15.79356881401804
2016,37,161,Rutherford,352.1602458396994,25.593295168359496,31.766456692118023,19.421125402108448
2016,37,193,Wilkes,397.6539827648461,24.27362971861349,30.13399773672915,18.414264795883582
2016,37,125,Moore,369.103300203449,26.838822790455957,32.585118371805386,21.093506259276253
2016,37,153,Richmond,344.5174110588988,27.269121147488054,33.035821183846075,21.503406517191962
2016,37,093,Hoke,379.5772000426937,27.596805636422236,33.17379503877679,22.020800621555583
2016,37,165,Scotland,316.20591578200185,27.571274408318736,33.314499569033686,21.829051740574567
2016,37,155,Robeson,377.6950163098069,27.516263553197195,32.993264821927895,22.040241277909626
2016,37,001,Alamance,354.58901666954216,25.94700948744095,31.604727146743695,20.290284466519545
2016,37,151,Randolph,362.97253671508577,26.096029248103218,31.653338252138248,20.53972682121457
2016,37,081,Guilford,339.574262369258,25.973835792625383,31.32445072612031,20.624205225007625
2016,37,157,Rockingham,406.21842422521576,25.298282008413544,31.071870302426614,19.52568193765414
2016,37,171,Surry,404.59811727091136,24.232752637895935,30.148266822217224,18.318250531271996
2016,37,057,Davidson,299.7086422300319,25.94739321337448,31.726387771800795,20.169410485409013
2016,37,169,Stokes,338.9198257293853,24.787369309471604,30.62119692906005,18.954537699619923
2016,37,067,Forsyth,377.5119393208918,25.557274099723067,31.08918468752115,20.02636652689243
2016,37,197,Yadkin,344.32736813707135,24.79993436923503,30.70503899199238,18.895820014014667
2016,37,059,Davie,306.60715260679495,25.394161718800706,31.418895434253514,19.370415913604706
2016,37,027,Caldwell,412.18173641410056,24.789913117051913,30.658579336041182,18.922228161649365
2016,37,003,Alexander,327.7326653915618,25.10943168734825,30.80542935882822,19.414447623540898
2016,37,035,Catawba,300.89254432612654,25.830004680864306,31.739222233247162,19.92177788860125
2016,37,023,Burke,393.3919801685596,24.828878878764154,30.846341620643486,18.812404370177735
2016,37,111,McDowell,447.8574463627426,23.815887864388618,29.83772472701588,17.79504369971504
2016,37,029,Camden,331.4050724581544,26.432616485594757,30.953960852822732,21.912273684172476
2016,37,139,Pasquotank,301.0121978728339,26.429146821792365,30.964082584606246,21.895216113600316
2016,37,143,Perquimans,314.9150601068115,26.48132301081536,31.235038831241045,21.728592584423218
2016,37,177,Tyrrell,434.9404899878434,26.723179851500028,31.07695173250079,22.370388781979354
2016,37,055,Dare,468.52737931620214,26.68167167826546,29.618564839448567,23.74576281796103
2016,37,073,Gates,374.354161523589,25.801183114874725,31.359341018752712,20.244015658359086
2016,37,053,Currituck,358.71966303811536,26.498213939945252,30.079973403190195,22.917456238407762
2016,37,019,Brunswick,393.4251699558271,27.430821210287693,32.16369871730558,22.698932699282512
2016,37,031,Carteret,478.5522362615456,27.19436281318492,30.536412767839593,23.853314014460487
2016,37,137,Pamlico,524.1952551128553,27.04572114273017,31.378730572929722,22.713700608672625
2016,37,049,Craven,547.3809633719322,27.095857181673512,32.11456366772388,22.078139162984694
2016,37,103,Jones,527.168656424602,26.93705250130122,32.333109773860485,21.54198995880544
2016,37,085,Harnett,368.64468100609946,27.035667220935206,32.495227576686226,21.577097952786186
2016,37,063,Durham,436.35969533197635,25.786371999678497,31.17474256167894,20.39899017542851
2016,37,145,Person,427.44611214123665,25.320168560958322,30.985095186226197,19.65621580953151
2016,37,135,Orange,424.4735742198535,25.74391822344818,31.377792704766776,20.11104469823329
2016,37,181,Vance,328.56868464583965,25.68149600075589,31.31378825902508,20.050197532286564
2016,37,077,Granville,373.90177848375293,25.48788393815427,30.875773566385856,20.100989966959144
2016,37,069,Franklin,379.5090139314882,25.69039920408132,31.158937961261366,20.222861156431946
2016,37,101,Johnston,369.43802564350574,26.653576717982727,32.13831968651094,21.169827786858793
2016,37,183,Wake,378.4265778305885,25.941368532187337,31.21283575344353,20.670899040087065
2016,37,105,Lee,325.7792156620362,26.42612864604028,32.091310635036756,20.761947486579082
2016,37,131,Northampton,365.6461393696119,25.634789761040814,31.105448822530718,20.165127681557326
2016,37,083,Halifax,381.8150463737207,25.82823840110155,31.284149256344072,20.373316451200946
2016,37,127,Nash,344.2135937875149,26.052869976407262,31.450677881608467,20.656057194434684
2016,37,065,Edgecombe,387.3176614595757,26.2898646651528,31.627205119686742,20.953516117955388
2016,37,195,Wilson,388.5444758303526,26.558284062640446,31.976468623658505,21.14109023832684
2016,37,163,Sampson,391.17901591265064,27.18921367744549,32.615701509102685,21.763718352981204
2016,37,185,Warren,342.19989237761115,26.027638876836193,31.688264250042984,20.36800670196385
2016,37,187,Washington,424.95004080279267,26.647915031246068,31.5009382454363,21.79588015368424
2016,37,061,Duplin,426.9203538609553,26.921550250101205,32.52183953729918,21.322257149252064
2016,37,091,Hertford,355.922790868802,25.552419472638807,30.907728226262122,20.198116075697744
2016,37,017,Bladen,384.71110684503753,27.290899777662315,32.8164452538732,21.76635332843675
2016,37,095,Hyde,549.7884602717104,27.09610414759664,30.89395625023491,23.299247114664844
2016,37,015,Bertie,332.8184405248474,26.26056343146669,31.57786337278703,20.944263794206258
2016,37,079,Greene,422.5006130773328,26.878508617870217,32.28369899205281,21.474313770694668
2016,37,041,Chowan,353.95325332853645,26.623346437207125,31.45871521312576,21.788971397583026
2016,37,117,Martin,398.29683836696205,26.440220505891634,31.58991796368559,21.291510983968013
2016,37,047,Columbus,439.17023728954365,27.13486912916727,32.45656979831648,21.81416830788136
2016,37,191,Wayne,389.34963792399157,26.924071421087305,32.31152634233249,21.537615210309315
2016,37,133,Onslow,496.47388308207326,26.98900456135641,31.80949296709592,22.169512807762732
2016,37,107,Lenoir,437.22504882042716,26.908097839900044,32.37374729165131,21.44343443715902
2016,37,129,New Hanover,450.4342390210041,27.47394156153043,31.83224923631208,23.116621940509575
2016,37,141,Pender,420.8885817525267,27.02253114670787,32.53415746124179,21.511896215716277
2016,37,051,Cumberland,376.11735347591747,27.67719372946374,33.05609419563928,22.299288811673783
2016,37,147,Pitt,441.7619889473771,26.792841990145224,32.05947437043827,21.527220061513116
2016,37,013,Beaufort,485.0351974107616,26.916420627417732,31.850897311929923,21.982939842937625
2017,17,121,Marion,215.34482336578455,23.806874397038722,29.94886340712865,17.665895891390598
2017,17,005,Bond,283.7716207669427,23.87899066678279,29.942981197766205,17.81598449979469
2017,17,083,Jersey,222.50594035650653,23.933140786346296,29.82967433425759,18.03758644936509
2017,17,163,St. Clair,196.12319891595027,24.74368316875062,30.607150797443573,18.88121461294816
2017,17,027,Clinton,203.91319989270073,24.23096625302806,30.151507981937254,18.311420577180286
2017,17,013,Calhoun,231.73886551329397,24.023589689479582,30.05554186468587,17.992620547796605
2017,17,119,Madison,271.52203690578847,24.24018733229937,29.895007548825216,18.58637558336555
2017,17,133,Monroe,197.70866898789384,24.63267030378934,30.66551425263826,18.600826852760175
2017,17,117,Macoupin,247.60790434777005,23.43159465208979,29.315491343932493,17.548705888840093
2017,17,171,Scott,186.9534773468279,23.390122971235847,29.643935373348178,17.137304733218055
2017,17,137,Morgan,161.23704925831032,23.294698515847262,29.489649418179912,17.1007391430534
2017,17,107,Logan,230.86130024192164,23.261470104702013,29.312112019838533,17.211812734254845
2017,17,129,Menard,220.01324433798473,23.23058213883215,29.25175766874832,17.21038674911543
2017,17,167,Sangamon,203.0138763454796,23.448393297945636,29.444255908367346,17.453525862223234
2017,17,021,Christian,206.17748811479603,23.261575894635353,29.34382741472089,17.180329878838144
2017,17,127,Massac,276.73698025337154,24.5994528340481,30.146429771863296,19.053472425254412
2017,17,057,Fulton,254.2517289978912,22.684856000962167,28.82543924222793,16.545271369538405
2017,17,175,Stark,288.44203034386493,21.769359529577656,27.99174585888424,15.54797252908985
2017,17,203,Woodford,223.96661824948862,22.574053860179912,28.82897336153422,16.320125536479306
2017,17,179,Tazewell,261.2544069493479,22.95597349185772,28.964130626240856,16.948822115084464
2017,17,123,Marshall,254.41966350636818,22.046789745962048,28.256671588051656,15.837891118806533
2017,17,143,Peoria,252.9967503349305,22.411207895671843,28.456351657156034,16.36703980251906
2017,17,001,Adams,281.1787177430247,23.431938439663316,29.310881315821195,17.553993082978305
2017,17,177,Stephenson,488.92488121557074,20.657495131817317,26.499668025447527,14.816310068990042
2017,17,141,Ogle,417.1517085444625,21.01972981552477,26.90107606649455,15.139379139044317
2017,17,201,Winnebago,430.2592687794175,21.04652238290734,26.74601894164462,15.34801591532803
2017,17,007,Boone,466.57186255268334,20.911221180663905,26.813573863702207,15.009856705048367
2017,17,025,Clay,198.1859527980821,23.917093826743187,30.33141304036923,17.503750902723453
2017,17,185,Wabash,253.72864688239918,23.8030092426219,29.923426342924827,17.683589611236336
2017,17,009,Brown,260.5139267946244,22.939806178429638,29.127812926407785,16.752796204267543
2017,17,151,Pope,238.2378504982798,23.995372165342054,29.989400588562294,18.002349159327835
2017,17,033,Crawford,227.09255499884523,23.38934128080579,29.643501682389594,17.13617506981461
2017,17,135,Montgomery,254.10274231721147,23.43217639659729,29.55677434669213,17.30857246614425
2017,17,055,Franklin,227.2816054715544,24.301743345087555,30.035442474326448,18.56903055932498
2017,17,023,Clark,257.43756283348597,23.461640631512267,29.844817029004915,17.079452495873923
2017,17,059,Gallatin,234.1561856636892,24.15420031168663,29.861777467537248,18.44761102453114
2017,17,075,Iroquois,407.99027095897867,22.001484846486324,28.145564009011963,15.858395789811071
2017,17,041,Douglas,206.3170245366092,22.87502368863939,28.798086617541678,16.952962052677876
2017,17,189,Washington,214.972158429968,24.174797269062974,30.08098511325113,18.26961908279465
2017,17,159,Richland,220.98950171293853,23.56567684579851,29.758386316136885,17.373961801294783
2017,17,065,Hamilton,241.12098518790202,23.996355633291667,29.898936136351946,18.094762932527384
2017,17,193,White,255.36456841906082,23.922370753007012,29.75177034425438,18.09396267445998
2017,17,169,Schuyler,244.0858639949798,22.932608219117487,29.215080974558255,16.65113315149932
2017,17,181,Union,218.2915674210011,24.58507399580033,30.245674834703912,18.925471378673524
2017,17,085,Jo Daviess,421.91489241450347,20.701566116220963,26.79387990293626,14.610238453781681
2017,17,125,Mason,270.93730405320025,23.17592896332619,29.419545655385793,16.933304727963726
2017,17,191,Wayne,219.4241767951528,23.88091558174346,29.992162789700572,17.770669138114133
2017,17,069,Hardin,203.3270731474376,23.769897214040007,29.722135269268385,17.818666081828237
2017,17,061,Greene,220.66101287769771,23.497256235660668,29.573291545855906,17.422208833322486
2017,17,157,Randolph,217.67344081216407,24.543090921738685,30.66091490474546,18.42626424288636
2017,17,149,Pike,257.09337056385584,23.60886912361834,29.6413231989255,17.577408515196247
2017,17,145,Perry,253.28457685264968,24.340844106146626,30.06448338918482,18.618187032496664
2017,17,087,Johnson,265.4494490860238,24.3781037516558,30.200410122355553,18.556782221430918
2017,17,173,Shelby,219.19511869725122,23.501353507832235,29.728104966896172,17.275604913181674
2017,17,051,Fayette,251.38012861786623,23.71507333039809,29.94801799649207,17.483126783868492
2017,17,139,Moultrie,218.6460214163733,23.112433300612633,29.096658602216706,17.129209380170842
2017,17,017,Cass,177.20580741736669,23.168785864361993,29.483185291451456,16.855391595173536
2017,17,015,Carroll,407.94569494776755,21.138096992235635,27.454453207851373,14.822733588569188
2017,17,047,Edwards,245.40624797795857,23.95298244924724,30.08058668474526,17.826403958712167
2017,17,079,Jasper,223.10521121612777,23.57361011343939,29.854951955881205,17.2932669198406
2017,17,187,Warren,266.8726224442613,22.225394735841462,28.416067665127688,16.03572691713132
2017,17,153,Pulaski,186.6841133510788,24.875690275745818,30.191967892710277,19.560411842479684
2017,17,165,Saline,238.0972667803376,24.01986096325217,29.871580902676836,18.169139138008337
2017,17,101,Lawrence,218.96673909965557,23.61740045981783,29.66736142745603,17.568419488849823
2017,17,045,Edgar,221.82364360860444,22.64182575317848,28.61983149245841,16.664805473391866
2017,17,071,Henderson,271.49375081162685,22.788805219147182,28.775238352165257,16.803357867848142
2017,17,199,Williamson,250.58181858092198,24.23178217868941,30.01663705544371,18.447909250360606
2017,17,077,Jackson,261.2179972077279,24.362842556180954,30.077652202755903,18.649024707216707
2017,17,147,Piatt,184.81373582767986,22.887258356617824,28.764432822788052,17.01107695185424
2017,17,053,Ford,319.78336217477187,22.17232626823608,28.363838844333948,15.981809098186115
2017,17,019,Champaign,211.03857181055204,22.784358617093222,28.744004170352383,16.825711448418108
2017,17,029,Coles,215.39201794330344,23.138645018134298,29.02354164930753,17.254735793088678
2017,17,035,Cumberland,211.8791236376294,23.54353546431258,29.879617340294082,17.208429986489787
2017,17,183,Vermilion,270.9306129641357,22.338368809019,28.303599378867297,16.374137208723628
2017,17,115,Macon,230.02415627851485,23.26043967176936,29.1425710337073,17.37931722878677
2017,17,049,Effingham,217.18163119648443,23.705087266694807,30.03313459153513,17.378043580498222
2017,17,067,Hancock,279.5990346636008,23.188067497319103,29.223798145835218,17.153346143635254
2017,17,095,Knox,269.1343798962623,22.00609948058666,28.188199227883374,15.825005362958647
2017,17,109,McDonough,265.27754311288834,22.52453113509808,28.691061370180616,16.35900291983931
2017,17,081,Jefferson,214.21257445693612,23.901781600464005,29.826126316562412,17.97842941674446
2017,17,113,McLean,253.8101789844743,22.695313258752865,28.81919079825426,16.572429488677404
2017,17,039,De Witt,182.25274535441667,22.947492100025123,28.94455585508703,16.951409106544467
2017,17,105,Livingston,299.4580037492605,22.1861297734919,28.402312149530594,15.970949863422014
2017,17,003,Alexander,188.61096393292829,25.008569099036393,30.319112665942136,19.699004520546996
2017,17,093,Kendall,303.73444380274486,21.62237154245309,27.529910070269317,15.715840146502599
2017,17,031,Cook,306.2205962523812,22.229742753637012,27.212307228174527,17.24816858197709
2017,17,037,DeKalb,372.41030515461455,21.1445606682322,26.919554350088315,15.370563283255784
2017,17,089,Kane,372.33553856993285,21.319982903912326,27.136609261983903,15.504358824851941
2017,17,063,Grundy,308.0953139308973,21.848016736556037,27.914866408509287,15.782151453691238
2017,17,111,McHenry,467.3287990255391,20.758252041394368,26.744397617884594,14.77310388224367
2017,17,197,Will,321.66342920967134,21.949847028001347,27.839010676775363,16.061688701154818
2017,17,043,DuPage,292.106731870205,21.873686939146157,27.741332250617145,16.007026569584934
2017,17,097,Lake,521.4160530440097,20.945522377175156,26.023789346489238,15.868259082248406
2017,17,091,Kankakee,360.80322831399894,21.90817312680052,27.950077935888174,15.86727125506238
2017,17,011,Bureau,331.2964021784478,21.655043644569453,27.631531536613878,15.679540197236593
2017,17,155,Putnam,298.28144239227737,21.993222143792412,28.108257917118628,15.879154559541284
2017,17,099,LaSalle,316.70975974584377,21.790075962687066,27.798316748552605,15.782825822047904
2017,17,131,Mercer,242.61123286955126,22.364923381768712,28.55926381574765,16.17157645615342
2017,17,161,Rock Island,302.43676638397255,22.37486659096901,28.271427982463223,16.479281828693388
2017,17,073,Henry,322.84947679303707,21.97753692044215,28.016541127399055,15.939520315514704
2017,17,103,Lee,348.8010846381476,21.24064453307273,27.07408082747592,15.40820146379435
2017,17,195,Whiteside,347.5790295904379,21.70297662934674,27.616816849464925,15.790111884425743
2017,19,149,Plymouth,259.19886529082294,21.912296761665072,28.457895384604562,15.367694520062788
2017,19,193,Woodbury,313.90277170113546,22.14405598364053,28.638320411221304,15.650792450720365
2017,19,027,Carroll,274.16799841217215,22.05879987654114,28.38260453279363,15.73599627663223
2017,19,061,Dubuque,399.5115484302993,20.667450940937147,26.49149527238854,14.844399486227816
2017,19,101,Jefferson,133.86832924560923,22.812280846902894,29.468949174454046,16.156601168203427
2017,19,187,Webster,220.5804943221091,21.70957506851833,27.925557707431327,15.494582703156059
2017,19,111,Lee,208.64094927629645,23.305973103139458,29.438581358046854,17.174367348934375
2017,19,127,Marshall,209.7775265737928,21.641150658503857,27.798324409986865,15.484988194741913
2017,19,195,Worth,276.2869979952501,20.42220523878835,26.0750268867595,14.770374610672878
2017,19,033,Cerro Gordo,254.29260851941726,20.907157927186937,26.888126998542024,14.92719067883814
2017,19,051,Davis,179.28694275378788,22.917611455917367,29.512338360208165,16.32388252480503
2017,19,179,Wapello,145.14409701763137,22.9815680216586,29.542307762648026,16.421823051210474
2017,19,041,Clay,293.982037856295,21.527383994314306,27.75701265079561,15.29876523221594
2017,19,059,Dickinson,395.22983318490475,21.197577407252194,27.01764304307044,15.37851577836421
2017,19,021,Buena Vista,228.91229430654215,21.6524937788493,27.784849427346593,15.521143110836277
2017,19,013,Black Hawk,263.683619305374,21.27806835902339,27.38771636706181,15.169412628603498
2017,19,075,Grundy,278.03270650498104,21.316847796120598,27.42138266281885,15.213317978617848
2017,19,017,Bremer,420.05657369108854,21.119208438782643,27.119757322135037,15.119645271068483
2017,19,085,Harrison,269.750758269846,22.692441485200995,29.065424071933737,16.32045215688673
2017,19,129,Mills,307.0030732631988,23.241395792614558,29.31319925529748,17.170583985589516
2017,19,155,Pottawattamie,251.79438388811556,22.82381230887302,28.965846898002777,16.68277920994794
2017,19,123,Mahaska,149.5200135921736,22.650207974551535,29.24462236299794,16.0567922347778
2017,19,125,Marion,175.17368937496,23.062863524775192,29.29353632902519,16.83318618787846
2017,19,053,Decatur,206.04368912271053,22.912215959320896,29.262521950149512,16.56291177863726
2017,19,031,Cedar,297.92166255014314,21.56710231387154,27.700148063176474,15.435062442674617
2017,19,151,Pocahontas,251.32664735177542,21.714873457388883,28.003873882303076,15.42686468052032
2017,19,109,Kossuth,318.74495285061846,21.258304541969284,27.203343120303337,15.314255414103576
2017,19,089,Howard,283.30906131930647,19.852481314189557,26.11734132110547,13.588619360751466
2017,19,147,Palo Alto,325.21134515423773,21.623041963778952,27.820088501384696,15.426984072295133
2017,19,159,Ringgold,237.88672636278318,22.69010967062765,28.858376725596035,16.522826771065407
2017,19,025,Calhoun,204.9791240716673,21.865980881700054,28.05241264081586,15.680531868671045
2017,19,039,Clarke,155.14125180577886,23.014778402406815,29.569128397766892,16.461419800727455
2017,19,065,Fayette,440.4345271471551,20.596439714875643,26.685940429928426,14.50792722747754
2017,19,001,Adair,267.5350072323165,22.54180121177575,28.844212256578125,16.24039677579913
2017,19,037,Chickasaw,462.65892288273926,20.604096325164406,26.54493655343706,14.664245701959961
2017,19,081,Hancock,284.3715099456772,20.930446539403334,26.98565159143466,14.876231264246277
2017,19,157,Poweshiek,252.25495727450297,22.149630415772073,28.741216922207666,15.559035566684079
2017,19,165,Shelby,275.3372895760101,21.992325602385844,28.2767255745064,15.70894012097948
2017,19,185,Wayne,223.86961397018257,22.829614967445377,29.303192304747956,16.357030358600884
2017,19,097,Jackson,376.20361221635295,20.945809434019218,26.965361520465454,14.927255134767334
2017,19,043,Clayton,446.0015319031006,20.642317888063438,26.69009428133997,14.59554588678919
2017,19,007,Appanoose,242.4116938184911,22.776564821794874,29.279227440817312,16.274884365376746
2017,19,177,Van Buren,148.41211331039077,23.070607911109636,29.775834079989057,16.366375980567017
2017,19,197,Wright,285.93469563305183,21.32438501534314,27.541528368067688,15.108231715173943
2017,19,137,Montgomery,322.55893075442026,22.620939617603515,28.915349227471133,16.32753872129906
2017,19,175,Union,161.0541116233371,22.71287881733421,28.968267589079606,16.458480258721185
2017,19,107,Keokuk,172.4954528053696,22.529146698653097,29.249624792277572,15.80966724387064
2017,19,131,Mitchell,284.00298483213425,20.698136146595743,26.467052343734206,14.930210495009412
2017,19,191,Winneshiek,265.8695772873366,20.24526867841126,26.260791247383676,14.230741949201539
2017,19,161,Sac,275.4128422544272,21.644684689042506,27.7993032468507,15.491061157878644
2017,19,055,Delaware,361.443455072217,20.33829578071443,26.622448757479532,14.055140656012677
2017,19,067,Floyd,353.9746385258288,21.11454140730513,26.997682192863664,15.232386273829741
2017,19,009,Audubon,301.9421385469075,21.892185048463134,28.284361018078144,15.501008544583772
2017,19,079,Hamilton,218.55609639211679,21.60134185329335,27.915836335819296,15.287846143423998
2017,19,069,Franklin,308.5862047354205,21.25927886363564,27.433648249414755,15.085907862783715
2017,19,141,O'Brien,234.25864395116318,21.42192485343182,27.627135470201015,15.217721406530384
2017,19,167,Sioux,236.27370106843023,21.629299338217233,28.114374523875796,15.145223529198013
2017,19,005,Allamakee,259.56393799340793,20.91043719755851,26.51187293265893,15.309999112109239
2017,19,189,Winnebago,285.78679162253184,20.806036780444074,26.618412301519083,14.994653377746229
2017,19,093,Ida,334.057010622856,21.733564947454088,28.074741462530373,15.393394323486586
2017,19,029,Cass,321.1660253924644,22.289697890966966,28.718430885248452,15.8619704676093
2017,19,083,Hardin,247.6713942846487,21.552322780591265,27.782442699676352,15.32321188710966
2017,19,173,Taylor,289.0010188891051,22.643330367215892,28.825948741254663,16.461694364233296
2017,19,145,Page,351.037480166599,22.781055695154652,28.95631240755524,16.60678778455543
2017,19,035,Cherokee,244.81715422449514,21.60366263074182,27.952411695836098,15.255922027675744
2017,19,071,Fremont,342.69390592137194,23.144680876253624,29.270758972646725,17.019589278431646
2017,19,095,Iowa,227.36509665921895,21.95723651044684,28.60109211520354,15.314368427911038
2017,19,023,Butler,335.45313855673203,21.28748960329234,27.31808661976026,15.257882334680897
2017,19,063,Emmet,351.2641236096962,20.863519192736902,26.702136209624214,15.025867130585988
2017,19,047,Crawford,343.11695269281427,21.950912443219966,28.200730168859707,15.70208025657703
2017,19,019,Buchanan,319.12187707987005,20.80433778255288,27.08547560529359,14.524181129367186
2017,19,143,Osceola,285.9125441130963,21.087392391703133,27.21482766252971,14.960957987436734
2017,19,073,Greene,208.36280031054406,22.362062333823815,28.947984638828686,15.777149017743222
2017,19,087,Henry,172.36172179885057,22.79147154885776,29.28297303123641,16.300964109461567
2017,19,119,Lyon,254.35821343263618,21.309884719159545,27.783338691756367,14.837428390721291
2017,19,003,Adams,290.47330409799747,22.405569111622405,28.715309010241313,16.096828676317447
2017,19,133,Monona,321.45633595926404,22.45570480667048,29.066997239832208,15.845393545076043
2017,19,091,Humboldt,249.74152539087666,21.450441196929194,27.630915445546805,15.270960617745583
2017,19,115,Louisa,218.69654186741013,22.633985804151024,29.02885411878678,16.240117897429325
2017,19,171,Tama,224.81133785162882,21.441826064803177,27.825661683015106,15.05898336055422
2017,19,135,Monroe,213.37247089827315,22.836024154880402,29.29099684613358,16.382034215651828
2017,19,117,Lucas,186.3380269602113,22.85015688732654,29.449421561477372,16.251878525411104
2017,19,057,Des Moines,224.63785026901837,22.867752434733465,28.98383040156659,16.752669327339543
2017,19,011,Benton,226.55590965435564,21.41405109651544,27.82689493495266,15.002206209178397
2017,19,113,Linn,303.17002935947346,21.211842299495494,27.53009722582811,14.894568612090675
2017,19,105,Jones,363.34408494962514,20.89213649743841,27.05889062287087,14.726378162472747
2017,19,103,Johnson,265.0692723878963,21.997905052285304,28.319637095440314,15.677160883916581
2017,19,183,Washington,219.8926605081889,22.343177827355902,29.03108188114503,15.65626292905348
2017,19,045,Clinton,350.5718562892716,21.524865336055687,27.420850901392825,15.629874926806709
2017,19,163,Scott,317.8405094796984,22.032725878549968,27.81492737268111,16.25152275268078
2017,19,139,Muscatine,288.7913701367193,22.37039165628687,28.582450767492258,16.159320419423217
2017,19,169,Story,203.6500752973643,21.86903139200794,28.03247589968054,15.706587208741636
2017,19,015,Boone,195.5029271089411,22.198037186855476,28.46222962042777,15.934845511939256
2017,19,121,Madison,189.1065557472295,22.870180943708164,29.23068168730303,16.510678386024352
2017,19,181,Warren,166.0902612431453,23.269203025507334,29.606336290771473,16.933063130640818
2017,19,049,Dallas,223.8083126066855,22.701528509747664,29.10856870550378,16.295475100249565
2017,19,153,Polk,210.09092827417638,23.043388440061033,29.18879760445696,16.898974923419775
2017,19,077,Guthrie,312.94219523745613,22.344654553696408,28.846476926286346,15.843828963216373
2017,19,099,Jasper,220.51546386049478,22.44253550709314,28.6720689118826,16.213992149610498
2017,31,043,Dakota,288.3910161144458,22.38899307985553,28.95150588406187,15.827478003903614
2017,31,051,Dixon,259.53804371446756,22.156376336070995,28.850289037532733,15.463461422195177
2017,31,053,Dodge,328.42926809183615,22.971823771039777,29.22126397805869,16.723380248730006
2017,31,025,Cass,274.48775414719375,23.4199648624781,29.426068352141066,17.414859140580248
2017,31,055,Douglas,235.1878081053873,23.648507441910017,29.479566676538962,17.818432348772347
2017,31,153,Sarpy,245.92212697986886,23.630973634736552,29.578460887492245,17.684476697417054
2017,31,155,Saunders,295.02367774611963,23.069609475254374,29.397505534361038,16.742704051819665
2017,31,177,Washington,299.7480749814477,23.24144938721332,29.268651273513015,17.215231587430765
2017,31,067,Gage,241.80231348390416,23.31340271919451,29.879513757637987,16.74827629552922
2017,31,109,Lancaster,325.3167724390116,23.354289469893246,29.548628812822873,17.160933384891607
2017,31,159,Seward,355.8662548727891,22.80594612859677,29.12905039076749,16.483825146275848
2017,31,139,Pierce,346.7766390186899,22.389953369191726,29.0058499514967,15.775054560939731
2017,31,119,Madison,268.7905438605368,22.18729082481803,28.63114087137767,15.744438262600708
2017,31,167,Stanton,273.2600918428347,22.332309078034143,28.861259504209723,15.804347815418641
2017,31,117,McPherson,184.144101691166,22.1115639837608,30.082922688994625,14.141202236279824
2017,31,111,Lincoln,162.93564679678428,22.48539682634858,30.42854884631948,14.543243169688482
2017,31,113,Logan,179.3961933388361,22.104840673427933,30.107660345855976,14.103028559656737
2017,31,007,Banner,116.96816046823129,20.928853908771835,29.87776846568745,11.980940175595858
2017,31,157,Scotts Bluff,105.15976338262016,21.758792777134932,30.386193360358668,13.132377494324075
2017,31,165,Sioux,129.36299945402283,20.49798650936401,29.177474110618263,11.819498463987456
2017,31,039,Cuming,333.44878049699076,22.399732188605945,28.842500383939228,15.957959325356267
2017,31,129,Nuckolls,246.86281396167556,23.38889326444172,30.197362762231982,16.581407099158316
2017,31,101,Keith,171.74867476748565,22.543495677648234,30.61281329610598,14.475177580433499
2017,31,137,Phelps,235.13114427186275,22.783553331450044,29.61158556694761,15.956502836837453
2017,31,181,Webster,283.57289554886864,23.143691065881868,30.149199365248307,16.13918552309129
2017,31,015,Boyd,284.1218688577638,22.16456986762551,29.43510457223437,14.895035929516734
2017,31,171,Thomas,221.15165687937977,22.376248826676417,30.26360650906656,14.489876627081834
2017,31,089,Holt,329.8796897609489,21.86893416967482,28.961558164465583,14.777306799570798
2017,31,017,Brown,257.4106298678986,21.990195723877914,29.512517164417094,14.468878145260206
2017,31,103,Keya Paha,247.49462847378044,22.147065869887204,29.906721235925936,14.388413538794158
2017,31,077,Greeley,221.68685218595294,22.12631598849926,29.393819023163395,14.859814025910708
2017,31,095,Jefferson,171.45897773550797,23.413934174981932,30.20128118418475,16.62755593367825
2017,31,151,Saline,262.2807563285691,23.12392918326528,29.52349386880141,16.72535784489711
2017,31,057,Dundy,157.01696661064392,23.102810904896256,31.12877533449561,15.077842847667542
2017,31,131,Otoe,302.3104059405531,23.355890062353172,29.628260672012754,17.084510414511335
2017,31,087,Hitchcock,209.25335138412035,23.472594472122918,31.54390177908704,15.402284438446854
2017,31,105,Kimball,145.17578839917707,20.483531257571613,29.352045404944178,11.61601190948267
2017,31,127,Nemaha,243.24585497825228,23.395144827963705,29.74767355544194,17.04362866296207
2017,31,041,Custer,260.95217461838723,22.22713328324281,29.928784656680392,14.526475686270574
2017,31,143,Polk,364.1119582663238,22.667724841955245,29.17588623408456,16.16055849991341
2017,31,045,Dawes,154.77549536807734,21.420073693544587,29.75052541545515,13.090611682827834
2017,31,179,Wayne,316.27205657823544,22.27017871357981,28.83337175288714,15.707983688682853
2017,31,071,Garfield,290.3744447591808,21.65636138153945,28.94391584058737,14.36980512196744
2017,31,013,Box Butte,175.49457258652737,20.999244839392254,29.222478748541157,12.777003938118197
2017,31,173,Thurston,339.705059701518,22.35920044274478,28.982468443431735,15.736931191585066
2017,31,011,Boone,217.09917973664616,22.134140721685,28.851384402368403,15.417884640183454
2017,31,145,Red Willow,201.88129477053337,23.570309762341573,31.457147019216627,15.684476106320114
2017,31,149,Rock,278.8180533538842,21.661903099967027,28.897362555780834,14.42744376709682
2017,31,005,Arthur,171.94523974597453,21.961990425903803,30.0214647881832,13.903511994149342
2017,31,085,Hayes,190.08240646282175,22.824765216921577,30.849724745453337,14.800808559492742
2017,31,097,Johnson,276.10678528102227,23.20306144656064,29.70970922661219,16.69740274382426
2017,31,003,Antelope,296.8058503272867,22.016524943669374,28.59115339423989,15.442885790487882
2017,31,163,Sherman,316.9636950834773,22.533890857125208,29.798124493969087,15.270652229274415
2017,31,161,Sheridan,196.40808726448103,20.994222020865912,29.150078556075343,12.83935617923454
2017,31,133,Pawnee,207.0754497828558,23.237860729626025,29.85803109956724,16.618684703865526
2017,31,075,Grant,180.20540368358692,21.214888599556936,29.19132606964699,13.239449883391119
2017,31,021,Burt,322.9613918917322,22.74843044387253,29.20094387356903,16.29692058567372
2017,31,009,Blaine,233.29294173430807,22.165244167766538,29.898411390659817,14.433091147800445
2017,31,027,Cedar,251.429631205525,22.319862213417554,28.957055036505327,15.683668566873356
2017,31,169,Thayer,182.94032620315764,23.59871847327748,30.415965593411983,16.782468303742426
2017,31,049,Deuel,227.84853248261118,22.15542132860274,30.72028376666392,13.591562310908774
2017,31,123,Morrill,140.60008170641663,21.62601964300868,30.250162577284343,13.002870699317803
2017,31,115,Loup,308.49025902465746,21.78893142304754,29.19827797909355,14.380570896627283
2017,31,063,Frontier,226.44125532698544,23.03196967922944,30.67591232361381,15.389016919633399
2017,31,125,Nance,276.9753305159474,22.533501802302858,29.195053726172702,15.87293666090728
2017,31,107,Knox,278.5474391830986,22.480586430908566,29.495781500245247,15.46638338917887
2017,31,135,Perkins,158.9676151721715,22.650089670558256,30.884535125925485,14.416640377796623
2017,31,037,Colfax,259.68227888307104,22.650121083723246,29.010780163457014,16.290459820156705
2017,31,023,Butler,343.9696598055927,22.68495407669483,29.114863725987,16.256048828369867
2017,31,031,Cherry,197.84097194611724,21.623973581218408,29.61259250453541,13.636347737266286
2017,31,183,Wheeler,303.07498777770735,21.98707073939533,29.07386695998988,14.901267625479548
2017,31,061,Franklin,281.551550678495,23.287060242451535,30.395431246232818,16.179682350901274
2017,31,029,Chase,163.60849106138605,22.75285975303805,30.968446733912476,14.538283910790424
2017,31,059,Fillmore,230.49811019517944,23.057540459283786,29.54638848757064,16.569686001929618
2017,31,185,York,334.08257243601787,22.826334189283898,29.30109147130596,16.35256931310958
2017,31,035,Clay,222.7271356425926,23.243347481694403,29.733998802108218,16.75369038660956
2017,31,033,Cheyenne,156.7841670269886,21.486918763115487,30.143376230477443,12.831458297664932
2017,31,069,Garden,218.20205492557324,21.581355511686606,29.977950407764496,13.185752523268672
2017,31,083,Harlan,282.77287346943393,23.541002997182222,30.89873381873066,16.18426801040678
2017,31,091,Hooker,239.36743577758995,21.69818767320397,29.41482964499661,13.982539736549718
2017,31,147,Richardson,209.5344551036781,23.466102989603172,29.850870333405034,17.082323331345364
2017,31,065,Furnas,273.9164108510544,23.628766876369113,31.55474865510392,15.703768556246773
2017,31,175,Valley,287.5121279253468,22.221579177628982,29.459954282179062,14.984199385768333
2017,31,141,Platte,277.1317974930894,22.40587262209181,28.853665966838445,15.959080330403568
2017,31,121,Merrick,291.0791492940288,22.91123333329704,29.36678280625159,16.45668877949768
2017,31,079,Hall,334.1060359102744,23.097136019983218,29.535764206904197,16.659502779911087
2017,31,081,Hamilton,357.8322768907298,22.845067289734907,29.188591812743724,16.502530888835178
2017,31,093,Howard,268.8305209615841,22.809432341084168,29.615918440002208,16.003934884540794
2017,31,001,Adams,261.47086164970244,23.19859523493171,29.635319856147596,16.76287161792978
2017,31,099,Kearney,235.4316528774332,23.022492415075863,29.752872013258692,16.293107672740184
2017,31,019,Buffalo,268.4792274103367,22.770260724131674,29.75265610261071,15.788864283147186
2017,31,073,Gosper,257.76799957340836,23.0108100675502,30.138043602430457,15.884565363921446
2017,31,047,Dawson,241.01046625778096,22.759498534420715,29.97358020867006,15.54640395350481
2017,37,037,Chatham,262.126855182882,25.020437220335534,30.631823431847625,19.41004891804044
2017,37,115,Madison,354.6452777055401,21.11714111480766,26.99181193401494,15.243454601561671
2017,37,087,Haywood,319.48108704838796,19.535948724121397,25.092816833471186,13.980087049569795
2017,37,021,Buncombe,299.4452911610641,21.156813156194218,26.4182330522487,15.896374814122952
2017,37,089,Henderson,456.1175821129875,21.604671255687148,26.720419769319268,16.489943501669313
2017,37,175,Transylvania,492.55280837033484,20.799612300823256,26.050147216202372,15.550074672649432
2017,37,167,Stanly,299.5792168156748,25.420419680997263,31.203679648259822,19.638148300128503
2017,37,109,Lincoln,284.4933896157518,24.58198991745295,30.30469786640589,18.860264121202675
2017,37,159,Rowan,346.3877672806023,24.585774915082435,30.286406053248843,18.88615941644589
2017,37,025,Cabarrus,363.19518132249146,25.240848790972407,31.024864600254944,19.457844703003726
2017,37,097,Iredell,340.8877086873497,24.093438357626376,29.705025852741873,18.48285019024069
2017,37,071,Gaston,298.1968295015457,25.239653752410263,30.74125882975124,19.73903594304217
2017,37,179,Union,363.40005600465474,25.698156247634497,31.163785298113957,20.233529145144917
2017,37,119,Mecklenburg,337.8085599151209,25.463180162606385,30.80855872222997,20.118801104177557
2017,37,045,Cleveland,306.0735500169779,24.668816069032616,30.46837366779241,18.870245059193934
2017,37,005,Alleghany,291.4029650924802,20.31503062001249,25.531665978596614,15.099399766286002
2017,37,173,Swain,336.0257820734568,19.880493164410222,25.648289439576125,14.113703904228071
2017,37,011,Avery,376.85073144869915,19.226980706120322,24.017490022675126,14.437462007514286
2017,37,033,Caswell,333.29215499617607,24.49041503280669,30.534428709395957,18.44739946340268
2017,37,075,Graham,398.70574294399466,21.01155538856202,26.64790934552191,15.376200833827676
2017,37,007,Anson,288.9858388999324,26.068312346382978,31.73524858003755,20.402352480684343
2017,37,149,Polk,511.50059634971,23.960134468653244,29.322930806284198,18.598352921954287
2017,37,039,Cherokee,392.848998648879,22.00614100915188,27.741464021784083,16.27182327153997
2017,37,113,Macon,404.30479061408835,20.71836050837709,25.579108053820455,15.858603335807704
2017,37,009,Ashe,314.5375699183736,19.772400387348075,24.895267440385506,14.650522610345169
2017,37,123,Montgomery,226.48364851245103,25.614992456513434,31.45942286963316,19.771551763957916
2017,37,043,Clay,435.857534628985,21.176951073124297,26.279774567755645,16.075123011313863
2017,37,121,Mitchell,353.6906467605674,19.81635709973904,24.904669399977113,14.72902886641158
2017,37,199,Yancey,366.0327563400788,19.154737714399886,23.80890935955249,14.501554591385485
2017,37,189,Watauga,331.66718125092615,19.57231410941328,24.6512033489325,14.494418331948838
2017,37,099,Jackson,376.4391089039258,20.16123740340996,25.158966074035877,15.164499110689556
2017,37,161,Rutherford,366.5015568162969,24.157016774836315,29.759758124759912,18.55526488747559
2017,37,193,Wilkes,329.1230742440922,22.99303943200647,28.70847437455638,17.278592878580397
2017,37,125,Moore,237.5765637643268,25.75640068116099,31.310311668864944,20.203484507388556
2017,37,153,Richmond,268.7876507287094,26.106710319530052,31.63239191583357,20.582032057375354
2017,37,093,Hoke,341.7522533792744,26.450781384360795,31.77132507138362,21.131248699212527
2017,37,165,Scotland,318.15829781878006,26.46674570734989,31.95054067179022,20.983927270573755
2017,37,155,Robeson,399.27994153157556,26.29264602934542,31.51156644683062,21.074715184438908
2017,37,001,Alamance,343.7110019311627,24.861933062479732,30.590693219037053,19.13417073442111
2017,37,151,Randolph,280.86322790281224,24.865627674383592,30.370742265815153,19.361515428929984
2017,37,081,Guilford,328.16618637348313,24.638619900883178,29.878240437526895,19.399997909589878
2017,37,157,Rockingham,332.4746824088228,24.12614790505878,29.887588941347797,18.3657046431202
2017,37,171,Surry,292.4539211385998,23.073451692164646,29.009389773583294,17.138515607172312
2017,37,057,Davidson,321.0563995421273,24.67141434642396,30.24896813983697,19.09485581878957
2017,37,169,Stokes,291.5351520743771,23.73680482055647,29.49856114045519,17.97604209998918
2017,37,067,Forsyth,316.71778960576273,24.31151414972591,29.670832121635705,18.953196842833265
2017,37,197,Yadkin,284.0084295192576,23.53498758322325,29.377750860362323,17.693216689908244
2017,37,059,Davie,325.80143232135345,24.10035929703008,29.904759849735687,18.29696443406576
2017,37,027,Caldwell,399.90460841436885,23.41195582104048,28.933054111910558,17.891845803107934
2017,37,003,Alexander,359.48855364779905,23.66842347192141,29.02611264916011,18.31171670495826
2017,37,035,Catawba,341.44529989083287,24.306749095016983,29.82264590845425,18.791845032450173
2017,37,023,Burke,390.98882295521304,23.411361874167298,29.020792351303673,17.80291447716126
2017,37,111,McDowell,404.69086900825386,22.419660798719118,27.859222371941367,16.981094625696173
2017,37,029,Camden,510.2092583207851,25.652001059020357,29.925545057276164,21.37945194459897
2017,37,139,Pasquotank,518.6772184418277,25.705876631583976,29.951088207946043,21.461654418121906
2017,37,143,Perquimans,509.8500637396948,25.757492710758743,30.20339536276345,21.312602792055035
2017,37,177,Tyrrell,580.463879997008,25.787238867150915,29.966111863002045,21.609364493638335
2017,37,055,Dare,576.8533916045806,25.542903099642825,28.21654365882145,22.87026347451784
2017,37,073,Gates,501.3991074298256,25.16666568102899,30.36825325435447,19.966078179379384
2017,37,053,Currituck,557.4602979828628,25.48847327467298,28.92663657016476,22.05131731489797
2017,37,019,Brunswick,487.65769432211243,26.18839830887565,30.289976569622343,22.087813779063165
2017,37,031,Carteret,490.44605977765093,26.01772690153488,28.989133267825558,23.047312115078967
2017,37,137,Pamlico,500.50068294535646,26.06263853742684,30.027894788731146,22.09837001688999
2017,37,049,Craven,503.8969292698372,26.16390353858326,30.789226593714453,21.53956817694297
2017,37,103,Jones,504.25013321766005,25.89479942747473,30.802546866430536,20.98804726632932
2017,37,085,Harnett,305.8925617266364,26.107968428318753,31.37849602816107,20.838446338083898
2017,37,063,Durham,349.83208346068847,24.969023946703985,30.367515419711587,19.571525196443087
2017,37,145,Person,359.5299494905591,24.22613172675679,29.988184249593214,18.465080306700163
2017,37,135,Orange,340.9595088022623,24.76069095146465,30.446660907869298,19.0757179596588
2017,37,181,Vance,353.3634046343039,24.73780984398769,30.402982832873768,19.07363435646523
2017,37,077,Granville,355.57252477161,24.594589326709173,29.99951531211034,19.190661521599115
2017,37,069,Franklin,393.35243072794475,24.8691048817813,30.233596543111265,19.505605936597117
2017,37,101,Johnston,344.50299240531837,25.672638437953978,30.780696930206158,20.56557409166051
2017,37,183,Wake,317.5844384919465,25.17187631540985,30.277034708200347,20.067723339866166
2017,37,105,Lee,241.16785737429453,25.48561630870101,31.072972685407,19.899257987719515
2017,37,131,Northampton,455.4343474502791,24.9607246890895,30.234741213926547,19.687697240853453
2017,37,083,Halifax,396.6906289200413,25.151047134674418,30.416947039819934,19.88615990138304
2017,37,127,Nash,400.3785666979319,25.223469085627332,30.349295703948048,20.09863901270707
2017,37,065,Edgecombe,430.5693307841291,25.469897031968404,30.494054181656516,20.446739454403605
2017,37,195,Wilson,405.3204559214128,25.61109359401366,30.666499767092315,20.55667132909006
2017,37,163,Sampson,348.1276706551173,26.070232959195867,31.119416733442016,21.022049284973175
2017,37,185,Warren,359.28537702150686,25.224922126123047,30.824658198683448,19.62620001107402
2017,37,187,Washington,500.8445322518893,25.94402332958747,30.58376383662333,21.305274683893227
2017,37,061,Duplin,384.7902838141181,25.824907167028762,30.891933094702456,20.75886818495166
2017,37,091,Hertford,537.8695651868193,24.89571798669057,29.93556463201628,19.856849710359494
2017,37,017,Bladen,391.5228171955015,26.20566693053962,31.40761050912977,21.004713089381056
2017,37,095,Hyde,461.8622167886519,26.064448162307553,29.61256665692343,22.517328886894827
2017,37,015,Bertie,436.5643757328749,25.557766173571803,30.477634934014127,20.638880454201818
2017,37,079,Greene,326.65100318702946,25.933030190772968,31.00865938219832,20.85840357218264
2017,37,041,Chowan,486.7441641181786,25.960851079575978,30.484659592622968,21.43805502202186
2017,37,117,Martin,472.65811037127213,25.691447269755198,30.50633078381531,20.87755568400873
2017,37,047,Columbus,492.91301680792657,25.958619055850857,30.81511348260809,21.103122598904836
2017,37,191,Wayne,339.295151407239,25.81289119841012,30.82657855404185,20.80018728024617
2017,37,133,Onslow,533.4419839888428,25.898487531349257,30.193960428291007,21.604009139756045
2017,37,107,Lenoir,331.9660019794382,25.891333060787098,30.92476773212728,20.85888685076399
2017,37,129,New Hanover,598.5198063161467,26.28379614963315,30.084256944605546,22.484332154497185
2017,37,141,Pender,544.4250883197874,25.997228427457443,30.765609700002525,21.229834692953908
2017,37,051,Cumberland,366.96226076283597,26.549491044391665,31.671452680789358,21.428521425955278
2017,37,147,Pitt,449.5571909824172,25.970271867364573,30.94649475673831,20.99504312932059
2017,37,013,Beaufort,501.2347352803774,26.18716757054917,30.88194923527453,21.493380955002767
2018,17,121,Marion,475.68147735314284,24.788131358066472,30.22226750630562,19.35498045204457
2018,17,005,Bond,429.9001723079933,24.72722221618844,30.190457236550735,19.26497119678905
2018,17,083,Jersey,305.65063989662656,24.861739208808746,30.432548111828613,19.291927369958312
2018,17,163,St. Clair,388.45997377814825,25.44175938872845,30.742419564698515,20.14209886244124
2018,17,027,Clinton,445.35089806249226,25.122506220241956,30.440479330662857,19.805532228773075
2018,17,013,Calhoun,350.06909651170747,25.07539169757905,30.67157265147269,19.480194031454513
2018,17,119,Madison,363.9888281939671,25.0398719771949,30.330778552769186,19.749964592072896
2018,17,133,Monroe,355.93098166955804,25.383567173426755,30.831924026425952,19.93620736730066
2018,17,117,Macoupin,370.0422560826902,24.27705033771884,29.669179346320153,18.885911703575143
2018,17,171,Scott,346.11588023490896,24.370669872214698,30.05002066246231,18.69232163887211
2018,17,137,Morgan,399.80892561948565,24.031410651544224,29.562025230466062,18.5018000900083
2018,17,107,Logan,332.8793595099724,24.015034507406583,29.48889857146834,18.542178460600077
2018,17,129,Menard,399.5087977923335,23.983974988513,29.366526230590317,18.602442209161733
2018,17,167,Sangamon,433.73187641836995,24.15073899424848,29.50987103054034,18.792602524705412
2018,17,021,Christian,498.92269481159974,23.9130407051347,29.286037964927857,18.541046836422453
2018,17,127,Massac,360.09450119892557,25.606422769997607,30.936694508961153,20.277152658014174
2018,17,057,Fulton,377.21754628562195,23.595727114959555,29.154271600988583,18.038182674130503
2018,17,175,Stark,333.03742693109405,22.841399582205252,28.593635616057785,17.090160157187903
2018,17,203,Woodford,296.2619476892659,23.544767396922637,29.24687442360456,17.843653998092442
2018,17,179,Tazewell,328.83055446604976,23.82953784615428,29.278168485850895,18.381904865871668
2018,17,123,Marshall,323.64524281184714,23.146927743802134,28.858186127631637,17.436657817672423
2018,17,143,Peoria,304.24778757721964,23.438406987508888,28.947397602473934,17.93042398081508
2018,17,001,Adams,354.33404836283574,24.624253794573686,30.130855419115186,19.118655696397326
2018,17,177,Stephenson,543.3567782296346,21.57595813538887,27.083126991021928,16.069775148485114
2018,17,141,Ogle,510.5735502861873,21.846262274510178,27.398175314382087,16.295332811585343
2018,17,201,Winnebago,569.3209497367225,21.67343437502777,27.07221543867394,16.275644307101853
2018,17,007,Boone,471.42265654721996,21.63383114937112,27.234407844647684,16.03427128398813
2018,17,025,Clay,458.13460685184305,24.8062344465745,30.48898501054011,19.124484339258046
2018,17,185,Wabash,344.45260703894246,24.85475642437635,30.45569783075992,19.254808822320175
2018,17,009,Brown,365.3929045674833,23.932368412162752,29.66640013150808,18.19933209277194
2018,17,151,Pope,378.40980380408814,24.937879678043185,30.488321868618645,19.38842845563963
2018,17,033,Crawford,437.52813214902983,24.478986472473693,30.194217379157916,18.764735727940156
2018,17,135,Montgomery,438.91549488094574,24.168602860355055,29.668029329723797,18.670175342576833
2018,17,055,Franklin,295.93140871771857,25.124877705693724,30.537644953121596,19.7131195812454
2018,17,023,Clark,474.82532824147864,24.424600337573814,30.216251916051494,18.63394808643471
2018,17,059,Gallatin,259.83690776230384,25.088605130299598,30.51410069025134,19.664104363077126
2018,17,075,Iroquois,317.6659296671373,22.99045085367866,28.734010165482587,17.247883176801253
2018,17,041,Douglas,394.1653669465096,23.642308688653003,28.8986976234508,18.38692093580236
2018,17,189,Washington,451.299035421175,25.03304428381777,30.31115948398761,19.755916666398743
2018,17,159,Richland,407.37899321068454,24.59141678564779,30.141305135287364,19.04252652878844
2018,17,065,Hamilton,253.38594069180135,24.910814855425667,30.431253097436773,19.39137600263309
2018,17,193,White,244.02576573790697,24.94443143400691,30.48219929750219,19.407649376137638
2018,17,169,Schuyler,463.7422124618001,23.853432444396923,29.66456326057012,18.043323467377864
2018,17,181,Union,281.2097001148265,25.498268944950798,30.849093722651602,20.148438427637053
2018,17,085,Jo Daviess,543.6040663958931,21.747699335644793,27.36733120536496,16.129056762976298
2018,17,125,Mason,377.48897263257373,23.933020248108253,29.551526058459633,18.31550163834489
2018,17,191,Wayne,402.8230940475698,24.77158785276106,30.288208283331304,19.25596051112862
2018,17,069,Hardin,356.47166410723366,24.714264906028067,30.20819476900413,19.221335332742882
2018,17,061,Greene,377.62611042771516,24.48185968588294,30.097426455536763,18.867290789506423
2018,17,157,Randolph,373.0929408253752,25.058751868848123,30.33776067489707,19.780746966726138
2018,17,149,Pike,297.38452593876247,24.805211634099575,30.328674785647237,19.282745709828014
2018,17,145,Perry,381.73463265814786,25.147151370109388,30.3379986943184,19.957293902214527
2018,17,087,Johnson,274.27611752782747,25.292802011770668,30.78025551421317,19.80633702404276
2018,17,173,Shelby,509.7985104326078,24.161005947538584,29.724907495491816,18.598099504263068
2018,17,051,Fayette,505.2892565546353,24.442920040098546,29.94966653067474,18.93717789212617
2018,17,139,Moultrie,400.357074389707,23.949025531507207,29.295327137886858,18.6037303264472
2018,17,017,Cass,416.7580817087939,23.912820697504245,29.592640583838328,18.233995997973075
2018,17,015,Carroll,503.8512212354642,22.062602604841196,28.109812361394454,16.01637407254661
2018,17,047,Edwards,351.00469140056424,24.896673777806093,30.48900706812714,19.30533500863097
2018,17,079,Jasper,501.8322827774407,24.50432975839275,30.102334062171458,18.90731501933684
2018,17,187,Warren,300.7664735844508,23.27530446291269,28.958917222440313,17.592695486044672
2018,17,153,Pulaski,284.2660608194182,25.76956912509023,30.896359031759964,20.64376714792756
2018,17,165,Saline,265.1520711615822,24.983854276675384,30.472646797215802,19.496044694454955
2018,17,101,Lawrence,353.0603181330558,24.86369307734096,30.379417958192963,19.348976556373085
2018,17,045,Edgar,380.76470804759265,23.416542251439772,28.76428534354234,18.06978546431391
2018,17,071,Henderson,285.46738287802725,23.819808704760387,29.33569534729472,18.304895125349123
2018,17,199,Williamson,306.0083794511737,25.091743242246814,30.534886602504894,19.64960245921244
2018,17,077,Jackson,310.56519236425333,25.251047121742694,30.52954801357668,19.973542627599116
2018,17,147,Piatt,346.51995036451046,23.564242828321,28.839127668346634,18.290363381643527
2018,17,053,Ford,342.7745667414795,23.094848328826107,28.811891538753642,17.378788170988443
2018,17,019,Champaign,421.2237286857988,23.40957953978937,28.73769392840624,18.082451749410087
2018,17,029,Coles,484.34674016996905,23.87978203412899,29.105614867878533,18.65493716145196
2018,17,035,Cumberland,548.2289019863064,24.32858716511083,29.965751228332522,18.692429715955583
2018,17,183,Vermilion,397.87977510662245,23.120480860613412,28.48333484785408,17.75861366724995
2018,17,115,Macon,372.52961302056747,23.932811848983793,29.229438610892146,18.637169510793715
2018,17,049,Effingham,528.2038947162912,24.46364795446815,30.033661967799215,18.894630544339048
2018,17,067,Hancock,362.39103624625517,24.285595042466795,29.88948117084617,18.682700035655238
2018,17,095,Knox,351.1500374070716,23.090393648756976,28.699239114083156,17.482532595859954
2018,17,109,McDonough,381.6663633731122,23.376739179664042,29.116823068412753,17.63764468440444
2018,17,081,Jefferson,325.7679951329013,24.837883626907512,30.257633622105384,19.419134137165084
2018,17,113,McLean,289.0007811967106,23.541145291403268,29.150521227746648,17.932772417842912
2018,17,039,De Witt,299.53710050597226,23.70338770832907,29.152389482038828,18.255374341658637
2018,17,105,Livingston,327.64542304171977,23.13248425347173,28.858744712024265,17.40722102722513
2018,17,003,Alexander,280.6139592164726,25.910617373418642,31.038458662342418,20.783775419908757
2018,17,093,Kendall,336.30353029693026,22.709579619919584,28.288660950842715,17.131496484340346
2018,17,031,Cook,384.83056876905573,23.229041343863816,27.97860489484869,18.480459115477384
2018,17,037,DeKalb,367.3665725718946,22.080671463691946,27.49300167408395,16.669327262969997
2018,17,089,Kane,403.89611619357476,22.366372160109588,27.888738836966155,16.844995573820444
2018,17,063,Grundy,289.7185698993556,22.941549436851655,28.659838965860956,17.224270944442726
2018,17,111,McHenry,427.81168068521004,21.593303402526583,27.374826462536014,15.812772273333485
2018,17,197,Will,348.5405242249567,23.037985239328798,28.616637519093622,17.46033033621406
2018,17,043,DuPage,377.5747725583573,22.972384118687632,28.49181499435043,17.45394463668622
2018,17,097,Lake,420.26773764611806,21.706790224465376,26.573102917061053,16.84147299778185
2018,17,091,Kankakee,256.0276566194835,23.066392439458642,28.8497860669388,17.284006740232176
2018,17,011,Bureau,376.2278926694892,22.806033318760683,28.371355269740707,17.241704169276947
2018,17,155,Putnam,419.98505601784586,23.175415217926556,28.81659806967784,17.535211077650818
2018,17,099,LaSalle,358.38997891908843,22.898556781158042,28.419204178447313,17.378901080955583
2018,17,131,Mercer,380.9126482859113,23.43908913271384,29.117518119743476,17.761652448338893
2018,17,161,Rock Island,406.5351074112188,23.417199571728265,28.86255285815698,17.97284092215114
2018,17,073,Henry,430.82519485189243,23.003763977125434,28.58098544147228,17.427549033404777
2018,17,103,Lee,455.20518098452476,22.161167893912346,27.69253453596555,16.630798005159118
2018,17,195,Whiteside,414.5561124712357,22.627910168058488,28.219541366193468,17.03728249594292
2018,19,149,Plymouth,446.2553645366783,22.342697718336893,28.10100896165862,16.585386993823477
2018,19,193,Woodbury,437.1693310372637,22.367149517017367,28.162135323387155,16.573161096856143
2018,19,027,Carroll,523.8711007937162,22.446545950530858,28.094253360065558,16.799836908970647
2018,19,061,Dubuque,491.68427539932907,21.759334304608387,27.082637638356232,16.437032227445712
2018,19,101,Jefferson,353.3530435821352,23.54601136232238,29.471069417731158,17.621934773762163
2018,19,187,Webster,626.9287712518516,22.381330199815824,27.846674350239052,16.91698117472084
2018,19,111,Lee,319.02320032430714,24.30098286323312,29.852764612754054,18.750189195383168
2018,19,127,Marshall,474.03884924721103,22.43455354834911,28.05270622870243,16.817404777056836
2018,19,195,Worth,513.5845237158376,21.20433825100072,26.326095659777213,16.083581265250857
2018,19,033,Cerro Gordo,563.8151557418785,21.669328566906447,27.128608660228267,16.211032084792095
2018,19,051,Davis,323.414359507489,23.88343247711745,30.0400106807521,17.727844272439626
2018,19,179,Wapello,349.79632717935544,23.659955464334036,29.59383924652004,17.727074670870216
2018,19,041,Clay,494.811682753938,22.24842552856717,27.78473381443308,16.713105058829004
2018,19,059,Dickinson,539.063841948187,22.184078997661338,27.59622042322087,16.77293094173347
2018,19,021,Buena Vista,461.14600523962014,22.137555616395822,27.521597397250353,16.754504712507256
2018,19,013,Black Hawk,506.0373263878236,22.099760634917594,27.724304542881953,16.476207354199467
2018,19,075,Grundy,498.70829553725235,22.17354161099292,27.819580917762718,16.528493174822778
2018,19,017,Bremer,610.174747039572,21.984380884229125,27.529345701244168,16.440406516806203
2018,19,085,Harrison,563.7707501173651,22.869544861169743,28.704048864166072,17.036022769892416
2018,19,129,Mills,492.9988089014469,23.886641630253887,29.501482331730195,18.27280835660262
2018,19,155,Pottawattamie,569.2366590550654,23.197755588030148,28.869815126849872,17.52668291204413
2018,19,123,Mahaska,382.48401660257264,23.312407422355008,29.20943006357842,17.416364814381744
2018,19,125,Marion,346.6395046037954,23.62893500547862,29.333739400795267,17.925129713505395
2018,19,053,Decatur,374.63265544035903,23.90070079694482,29.889001054477575,17.91339479364804
2018,19,031,Cedar,355.4303898150563,22.616551489490842,28.290271095376667,16.94381441222733
2018,19,151,Pocahontas,587.6900914514687,22.28534396393687,27.767886128322395,16.803792043970656
2018,19,109,Kossuth,459.7520972653665,21.98078534298759,27.33638452733361,16.6261732482289
2018,19,089,Howard,512.3563773293672,20.892862792578097,26.609231107711295,15.177509863819418
2018,19,147,Palo Alto,498.5412287004842,22.301201654862748,27.81555870273984,16.787840060079585
2018,19,159,Ringgold,330.459074615039,23.660263406244592,29.513780273346438,17.807728344786405
2018,19,025,Calhoun,564.6857638926043,22.382781423706607,27.716486262106308,17.050082684696278
2018,19,039,Clarke,385.98077290195636,23.728643544450158,29.62673908722407,17.83153323452452
2018,19,065,Fayette,460.5112364174354,21.570216770766116,27.15263658667578,15.988803473963266
2018,19,001,Adair,416.605539741573,23.025853060412988,28.886247187739684,17.16645040930564
2018,19,037,Chickasaw,564.2905088679839,21.510413205982328,26.931126726520688,16.090697827626474
2018,19,081,Hancock,525.5071732327774,21.713369958823268,27.080154955396345,16.34757703463522
2018,19,157,Poweshiek,398.7659001412744,22.93268827299381,28.82359672764145,17.042777211275578
2018,19,165,Shelby,530.8316838022528,22.29718281359386,28.060055801995187,16.535313655262453
2018,19,185,Wayne,360.5283232403312,23.75207034001357,29.79562477714954,17.709519156756794
2018,19,097,Jackson,505.3820880711312,22.02233217899735,27.59069514281816,16.45497090062985
2018,19,043,Clayton,438.3985760109748,21.705972691827878,27.218974330870164,16.193968502699676
2018,19,007,Appanoose,304.43858468826454,23.919051109226537,30.107502266722484,17.731593956904153
2018,19,177,Van Buren,359.95122012161283,23.891190315498914,29.94924816711333,17.834134246374603
2018,19,197,Wright,541.3863857956703,22.113067363377574,27.7329415039423,16.49418907324245
2018,19,137,Montgomery,466.81000234461584,23.21882722472297,29.14799893179416,17.29064835266796
2018,19,175,Union,406.79479340921523,23.3593451912804,29.16189353548867,17.557802486386862
2018,19,107,Keokuk,413.440746169167,23.209763184369713,29.166606834525155,17.253907012927545
2018,19,131,Mitchell,501.82897315082755,21.39413121798285,26.674354398269337,16.114896523878286
2018,19,191,Winneshiek,494.67119651838306,21.19289691673301,26.739924426306327,15.646868880498662
2018,19,161,Sac,539.1846360251083,22.000367702758503,27.423736018662247,16.577990294337692
2018,19,055,Delaware,523.0525466493544,21.414427106589134,27.120255877061567,15.709590989608332
2018,19,067,Floyd,599.4785869920757,21.855597489804385,27.25567555041226,16.45651908861314
2018,19,009,Audubon,467.4715846757764,22.323532152971513,28.14577322530506,16.50226563335721
2018,19,079,Hamilton,563.746387152793,22.310920560083417,28.000200673544246,16.622644004118307
2018,19,069,Franklin,494.51125084573823,21.99246803229587,27.656784381532983,16.329148283738167
2018,19,141,O'Brien,481.04725877226014,22.102391520640385,27.668299716352546,16.537481059208986
2018,19,167,Sioux,499.53918446216073,22.26475073803963,27.9949283064047,16.53557504854726
2018,19,005,Allamakee,429.9930484701026,21.728849334182787,27.00099569567889,16.457692814377122
2018,19,189,Winnebago,524.7645374547383,21.60223843297688,26.74053190369699,16.46494209178453
2018,19,093,Ida,450.5940398527618,22.082493365937786,27.628547444351472,16.53743843360128
2018,19,029,Cass,487.74085847360914,22.76814578993634,28.738656076025652,16.798627256942282
2018,19,083,Hardin,477.63007104550223,22.33297615509509,28.066475969513917,16.60047724891935
2018,19,173,Taylor,333.6535107022071,23.47991805263592,29.414417335294836,17.54641419832558
2018,19,145,Page,365.63799712385855,23.5521724431354,29.48625943290154,17.619080022276673
2018,19,035,Cherokee,423.18894274078536,22.10615406012103,27.70102850492504,16.51226129397765
2018,19,071,Fremont,410.3571238575678,23.913728869925745,29.678694470390248,18.14975427346089
2018,19,095,Iowa,438.1322821685079,22.851839998910037,28.83821967333436,16.866429898150834
2018,19,023,Butler,554.527951983838,22.079277183930543,27.73035070920341,16.429190534966644
2018,19,063,Emmet,541.6108984143807,21.715631199679027,26.942242333669693,16.49001593565737
2018,19,047,Crawford,532.2325450429516,22.184059955509564,27.808195037039802,16.560913248817577
2018,19,019,Buchanan,546.4286569171328,21.82916754145068,27.53123124112849,16.128099288794314
2018,19,143,Osceola,575.9836798535327,21.958823315131546,27.60075159317837,16.317882237313995
2018,19,073,Greene,464.3243368419634,22.82933184498706,28.720400323730622,16.939253214592984
2018,19,087,Henry,329.1707254631498,23.72574413950975,29.593288159041172,17.85921337107449
2018,19,119,Lyon,533.2128994085393,21.984808496814683,27.780850595708753,16.189755295610492
2018,19,003,Adams,399.90635508835317,23.013924698292033,28.968097802174356,17.060754239087075
2018,19,133,Monona,484.0086222328673,22.584689299966378,28.604559574438177,16.565818866957784
2018,19,091,Humboldt,547.9816847686667,22.181725033099177,27.657501325816757,16.70696297676562
2018,19,115,Louisa,306.5592178308652,23.699744478980012,29.53085422635785,17.8696422122872
2018,19,171,Tama,405.20737709886527,22.329153168181907,28.134680953477865,16.524623593418795
2018,19,135,Monroe,304.2655724490826,23.628307964756196,29.47420694634901,17.783413289496902
2018,19,117,Lucas,337.1916148804839,23.682299948574485,29.580764169896234,17.78483132451322
2018,19,057,Des Moines,273.6141650417537,23.900095892245165,29.498010246817906,18.303185636014447
2018,19,011,Benton,446.1284482992986,22.370773948750074,28.17349965939526,16.569050815069154
2018,19,113,Linn,482.0300069225422,22.261077599112923,28.01874221985173,16.504409049117847
2018,19,105,Jones,482.850400334793,21.951317498554555,27.651848933020297,16.251781946847608
2018,19,103,Johnson,420.78729955687294,22.98619812378616,28.74673166205042,17.22666093848588
2018,19,183,Washington,376.0869161133927,23.290626074395263,29.229941368375815,17.352312305328596
2018,19,045,Clinton,420.2394207628507,22.559970026665358,28.09637019506461,17.02455570291106
2018,19,163,Scott,336.09203354857107,23.038956030794715,28.41909238059346,17.659811900439166
2018,19,139,Muscatine,359.151783110547,23.42145302025173,29.14187889347331,17.702019679134278
2018,19,169,Story,582.951905709245,22.528843460193112,28.119712687161083,16.938967057260637
2018,19,015,Boone,531.7778075183372,22.706074382609945,28.33843784806888,17.0746936186439
2018,19,121,Madison,393.393186066871,23.377117041065535,29.154753685151952,17.600487864146793
2018,19,181,Warren,355.7284020500833,23.76189998488129,29.46900300677905,18.05577937232391
2018,19,049,Dallas,420.26299690026207,23.135552512554067,28.936243378492946,17.335851104143053
2018,19,153,Polk,446.1523855769555,23.515098225226208,29.0999179764794,17.93127011780025
2018,19,077,Guthrie,417.91947788679283,22.765709199271924,28.704123264198827,16.828288845548094
2018,19,099,Jasper,431.18115278116466,23.11391780865956,28.76876106680371,17.460068881639426
2018,31,043,Dakota,472.4074976781677,22.46238261284309,28.349935092018008,16.575826772555658
2018,31,051,Dixon,513.1641735054725,22.260474974111588,28.16461933113864,16.35730813503159
2018,31,053,Dodge,444.64257353618245,23.223418560729776,28.973555507404747,17.474273942609294
2018,31,025,Cass,451.84023427227294,23.902671647426356,29.470421551912125,18.335925107493964
2018,31,055,Douglas,463.0445378220109,23.982947257227597,29.325814259911073,18.641075618271152
2018,31,153,Sarpy,463.82529923201247,24.06289056834772,29.530119452242523,18.596671935971642
2018,31,155,Saunders,411.9822766334504,23.429004805682727,29.276007790280907,17.582986517680354
2018,31,177,Washington,454.35333883622496,23.44926867768669,28.954374261020593,17.94514242664623
2018,31,067,Gage,382.13938150819416,24.238549019193698,30.24881608898602,18.229267038297014
2018,31,109,Lancaster,390.6240093892648,23.974137931024494,29.77915834364113,18.17011472248748
2018,31,159,Seward,361.6472365338332,23.42883541592474,29.248354908058136,17.610320465491014
2018,31,139,Pierce,516.7704082069662,22.425349197031913,28.21818461194896,16.633503051835653
2018,31,119,Madison,426.18521777329414,22.28710064864194,27.94034447428772,16.634842523904286
2018,31,167,Stanton,463.4872820346156,22.402828340620978,28.153823505099947,16.65280932307754
2018,31,117,McPherson,349.59425265425233,21.784948553492466,28.875302905735527,14.695587878162046
2018,31,111,Lincoln,282.31369465469083,22.1023923625193,29.195513911121015,15.010271380647222
2018,31,113,Logan,346.16040936536695,21.7184957299587,28.78704954408966,14.65093282969208
2018,31,007,Banner,169.22535535661774,20.561721132458306,29.140364318922032,11.984068828548441
2018,31,157,Scotts Bluff,163.04723462254853,21.220331629899427,29.57956098779075,12.862099042211998
2018,31,165,Sioux,194.82003889591846,19.936090164917797,27.972021519173165,11.90115420516964
2018,31,039,Cuming,558.1340918365404,22.478661512433433,28.269910433516507,16.68841301392451
2018,31,129,Nuckolls,335.0779547239817,23.85561821343133,30.121298066038005,17.590926544116396
2018,31,101,Keith,329.8208595267095,22.199324733961298,29.50723599987292,14.892401129865783
2018,31,137,Phelps,332.955424655605,22.86939429394993,29.1151811056919,16.62461585275482
2018,31,181,Webster,303.8134478356446,23.66602172359328,30.070409033077578,17.26262968329514
2018,31,015,Boyd,453.4339365513424,22.2396725178014,28.231940674949904,16.24839964097273
2018,31,171,Thomas,320.8004587328245,21.95882827755308,28.936388327561488,14.982265535519717
2018,31,089,Holt,435.95458207359815,21.926025013731373,27.971037549958147,15.882003217083009
2018,31,017,Brown,353.58294736372045,21.57379515378329,28.06374117204281,15.084844157735715
2018,31,103,Keya Paha,363.9636369284976,21.9563703442807,28.393210613449963,15.520534131147052
2018,31,077,Greeley,431.0877442282737,22.128232101067045,28.459610869774792,15.797845860725673
2018,31,095,Jefferson,399.41348534587183,24.085371888896386,30.23634808690876,17.935395501575883
2018,31,151,Saline,343.7558618541531,23.649073109752774,29.45604433182963,17.843091063148766
2018,31,057,Dundy,227.5727756303033,22.986857430351794,30.63247032337122,15.342243088175781
2018,31,131,Otoe,356.2325787797391,23.985179271195396,29.87143310597192,18.09992005620275
2018,31,087,Hitchcock,293.78580928163456,23.306596430073743,30.84204358634815,15.772152701840186
2018,31,105,Kimball,183.69689307435982,20.10079268615594,28.636251674202644,11.56633653992741
2018,31,127,Nemaha,370.73793076178634,24.15301130934493,30.112343752359422,18.19467158032559
2018,31,041,Custer,304.35654659660486,21.938224075665865,28.68681922698448,15.190625794792187
2018,31,143,Polk,424.67465973079663,23.092910638634766,28.925906178634722,17.260883284433273
2018,31,045,Dawes,241.4637401008463,20.879919606219257,28.535795360538838,13.225032193570154
2018,31,179,Wayne,485.4039249659494,22.283883738368417,28.078788402755478,16.48997764205856
2018,31,071,Garfield,486.9999436669472,21.63555587023847,27.979193027801163,15.292921105171523
2018,31,013,Box Butte,219.12288501612224,20.301284582872544,28.259369124424722,12.344193410624857
2018,31,173,Thurston,523.4751488116593,22.550583607234394,28.791558980327817,16.310593669021916
2018,31,011,Boone,454.7098200373629,22.220925970016566,28.135130892620214,16.307707893014264
2018,31,145,Red Willow,338.32143435931056,23.393384466804093,30.678890380494945,16.108869121944508
2018,31,149,Rock,423.9131030148994,21.462124610458517,27.74565915390607,15.179581263273443
2018,31,005,Arthur,287.6558876224238,21.732163330544687,29.10254763580047,14.362791157356817
2018,31,085,Hayes,323.30588114045423,22.497380571991197,29.7896731550661,15.206080437991325
2018,31,097,Johnson,328.69504427692846,23.97498746861298,30.019534205558998,17.931440190384276
2018,31,003,Antelope,452.5593332134,22.024369618454013,27.699373610850007,16.35035651936574
2018,31,163,Sherman,359.71291635911587,22.419298591701672,28.906894645810556,15.932704520329294
2018,31,161,Sheridan,281.0040066074193,20.64147605850946,28.18641107673051,13.097545657229553
2018,31,133,Pawnee,368.98412467019546,24.161375384562334,30.302767223572875,18.02098233789404
2018,31,075,Grant,298.9779543280013,20.98709824534027,28.308072461258046,13.667126121753759
2018,31,021,Burt,474.49456678145435,22.818518606529636,28.729751001932165,16.908273776033063
2018,31,009,Blaine,336.47989789828915,21.761378497803538,28.540902098121187,14.982848503560218
2018,31,027,Cedar,552.8251768890859,22.40127548227807,28.197569732729857,16.605987561782488
2018,31,169,Thayer,355.3395375621475,24.121166800622618,30.353825573119863,17.889501161464242
2018,31,049,Deuel,298.94510909446626,21.842544720342005,29.76812980614982,13.917951078836856
2018,31,123,Morrill,176.94376131028065,21.20976106983279,29.40371156122217,13.016802591232905
2018,31,115,Loup,405.03697067726523,21.5966607634775,28.14833092440558,15.045983581701822
2018,31,063,Frontier,316.3760945327653,22.868189254903466,29.857818104495184,15.879563522414394
2018,31,125,Nance,452.82100170021175,22.744083766477658,28.697864073644983,16.79130333481531
2018,31,107,Knox,459.03906036404794,22.46087237402579,28.428784764664012,16.493957182106524
2018,31,135,Perkins,357.974358714323,22.3094323032992,29.790600826592232,14.829267792295434
2018,31,037,Colfax,458.127540951787,22.91984362622464,28.688812714571025,17.151879614323747
2018,31,023,Butler,396.22121197364754,23.07480695335302,28.912162179676475,17.238438082996044
2018,31,031,Cherry,306.7998070872913,21.293084623406028,28.322987740333133,14.264174583286804
2018,31,183,Wheeler,469.7594568210764,22.037246428275253,28.159265853760328,15.916224816048098
2018,31,061,Franklin,319.10961405106804,23.600070087770305,30.02836987112199,17.17276957858604
2018,31,029,Chase,274.80237763231645,22.428475487544876,29.97381381734471,14.884125409263074
2018,31,059,Fillmore,321.28769250177174,23.414021163819847,29.297008145874468,17.532032693448315
2018,31,185,York,407.1468708966599,23.174364729545317,29.024110525049874,17.32560872853839
2018,31,035,Clay,377.808359040202,23.47343096598577,29.37056604551225,17.577288811636674
2018,31,033,Cheyenne,210.04833862899358,21.096122916033032,29.229221681262462,12.964025415882022
2018,31,069,Garden,249.07651611643283,21.30345396941125,29.08375294093947,13.524152065608998
2018,31,083,Harlan,339.01738925387383,23.635009164370278,30.283050196498305,16.987959884454625
2018,31,091,Hooker,309.53444492371244,21.501700324806176,28.345540780166434,14.658852528920056
2018,31,147,Richardson,388.1213079108741,24.43436893418092,30.477990910652803,18.391744375772713
2018,31,065,Furnas,338.0402252433363,23.545759831934532,30.765914231625736,16.326596991180423
2018,31,175,Valley,433.7239395002884,22.06516194571656,28.36012739941658,15.77119010907955
2018,31,141,Platte,464.8223654882387,22.62801245463657,28.360671810665323,16.89635523184577
2018,31,121,Merrick,400.058750443469,23.1890464933468,29.06632014053012,17.31276808338122
2018,31,079,Hall,289.57487410491495,23.28629413341301,29.185338221491115,17.388229775095695
2018,31,081,Hamilton,356.626658601715,23.054783330205545,28.84934247426631,17.26124413451533
2018,31,093,Howard,382.0808625176875,22.881757653112203,28.992390107849996,16.7721063506305
2018,31,001,Adams,323.0744258854738,23.424090264313143,29.31011018876148,17.539053555814753
2018,31,099,Kearney,308.67751357931206,23.16321787597124,29.311435152640843,17.015985042287227
2018,31,019,Buffalo,298.8831366218761,22.825899620036893,29.12103155118953,16.531775138776656
2018,31,073,Gosper,315.5105972833821,22.997461163922527,29.502290844232984,16.49362115598511
2018,31,047,Dawson,322.5582227572188,22.678315588394007,29.17612158818956,16.18150187731299
2018,37,037,Chatham,482.22115606243295,25.488438489592667,31.010611264641096,19.967256437393495
2018,37,115,Madison,431.3803054391478,21.778607424923173,27.4301156700511,16.128102933808997
2018,37,087,Haywood,385.7199901722229,20.06611811197721,25.560419483953606,14.57281833871874
2018,37,021,Buncombe,403.2564035471516,21.70588800741575,26.855497288470445,16.557277188342386
2018,37,089,Henderson,453.986858279977,22.052678305866987,27.19934078542687,16.90700582102735
2018,37,175,Transylvania,594.1674660176124,21.139913602853742,26.315488092595885,15.965343387950547
2018,37,167,Stanly,365.50096616712364,26.076342433497786,31.999129549262406,20.15455422292861
2018,37,109,Lincoln,288.1689547419531,25.253004666219574,31.122909306261946,19.38412687299786
2018,37,159,Rowan,417.38313961413115,25.29018991278547,31.137289166182935,19.444078505940023
2018,37,025,Cabarrus,371.557019820257,26.00347962062393,32.00987233726008,19.998086177282165
2018,37,097,Iredell,424.1964982721623,24.86153123887956,30.593795478561123,19.130262937435276
2018,37,071,Gaston,300.8000300966765,25.92523693533869,31.67638892899759,20.17507447829016
2018,37,179,Union,265.29091850969024,26.440816586006893,32.266979603429895,20.615633291664256
2018,37,119,Mecklenburg,291.2365106412922,26.202827596521235,31.823350884428688,20.583293867319945
2018,37,045,Cleveland,340.14138646650633,25.226647620044574,31.163079386409716,19.291224683399637
2018,37,005,Alleghany,376.3591889323618,20.97732735153619,26.03527379560683,15.920412088375537
2018,37,173,Swain,469.3920466939322,20.431017146419663,26.04811321664133,14.814927545077499
2018,37,011,Avery,522.2074868414181,19.977802808347867,24.770024626757113,15.18657381780436
2018,37,033,Caswell,423.8957832227288,25.034744963887118,30.945030363193492,19.12546295290511
2018,37,075,Graham,482.50622182781143,21.758913224126843,27.264247155676586,16.25457820091776
2018,37,007,Anson,338.38143693424473,26.62190976435614,32.49354809009733,20.75127161846916
2018,37,149,Polk,376.8916055386852,24.38973485497996,29.82409648124872,18.956386522432954
2018,37,039,Cherokee,555.6553925904891,22.693009987799464,28.386252305667774,17.000756323527437
2018,37,113,Macon,446.9365169765814,21.113186334942114,26.20709167172265,16.02028132050362
2018,37,009,Ashe,381.3918340825318,20.540410888032014,25.554494098436123,15.5273460551787
2018,37,123,Montgomery,379.2134592224438,26.177051344659976,32.02588838746409,20.329215919373965
2018,37,043,Clay,502.6320620400998,21.675034369878738,26.894426646028734,16.456646209946015
2018,37,121,Mitchell,468.98195512580315,20.505340055405558,25.505176979617296,15.506511609193538
2018,37,199,Yancey,475.1190765415725,19.790167412128437,24.283350931208076,15.297990163605053
2018,37,189,Watauga,427.55312616614975,20.3796666360441,25.35416061585888,15.4061495061242
2018,37,099,Jackson,466.06360319443377,20.467669258344312,25.55741488092695,15.378924248772678
2018,37,161,Rutherford,392.7978076926161,24.721617580587267,30.44809389863583,18.996130107242088
2018,37,193,Wilkes,471.6749774611731,23.555889677911644,29.139006580012236,17.973764879179367
2018,37,125,Moore,440.3414046377035,26.20042299810074,31.761917626167712,20.639915680560467
2018,37,153,Richmond,288.9557067812096,26.56219282067354,32.24227193182992,20.883120667934907
2018,37,093,Hoke,407.8430583002551,26.870895289439687,32.33587482027851,21.40690586495349
2018,37,165,Scotland,345.5568213587467,26.88749109134042,32.54762822935757,21.22834748888795
2018,37,155,Robeson,405.6341236188448,26.813274013803,32.21283271841993,21.414713158267613
2018,37,001,Alamance,406.1822097576675,25.46601720551171,31.126136651302897,19.806896199345644
2018,37,151,Randolph,417.4203740760039,25.479904618721385,30.984630832485372,19.976174976937234
2018,37,081,Guilford,404.1216392170892,25.31085095678737,30.561744202279904,20.060946197330683
2018,37,157,Rockingham,459.0832899035091,24.793970981468593,30.43176051524534,19.157184032052253
2018,37,171,Surry,464.5037538563232,23.64132083480777,29.403423192545493,17.880206213106135
2018,37,057,Davidson,401.75061300069393,25.402509877801624,31.117618222270135,19.688390233206167
2018,37,169,Stokes,414.9921325332614,24.29189076164707,29.973355997699866,18.611419769095598
2018,37,067,Forsyth,452.8504155790803,25.037967615986503,30.466090771809927,19.61083839308539
2018,37,197,Yadkin,465.33534794402124,24.26813022530391,30.019054232570397,18.51819678613703
2018,37,059,Davie,431.71878697984624,24.853797082882767,30.717985879707083,18.990609616746696
2018,37,027,Caldwell,485.7064531245308,23.877853198704035,29.50715587369018,18.249539898513802
2018,37,003,Alexander,453.7341045923113,24.23562853713381,29.67437309473221,18.797867154961676
2018,37,035,Catawba,337.9599793257636,24.953188384913936,30.61965907815103,19.28772351099726
2018,37,023,Burke,442.55876431736783,24.023136079190746,29.751817790868444,18.29544241070479
2018,37,111,McDowell,489.8033786805101,23.00265922285336,28.489465895141194,17.516845563589605
2018,37,029,Camden,517.9288656188926,25.79876035322031,30.140366368931062,21.458151309199536
2018,37,139,Pasquotank,518.2006301076426,25.961167611287774,30.30382850453986,21.619490665738144
2018,37,143,Perquimans,533.3754024985979,26.02714914678465,30.571590334612115,21.483706412386116
2018,37,177,Tyrrell,547.0641124594567,26.12756092123531,30.322021596704637,21.934094628772428
2018,37,055,Dare,603.6160711149842,26.31200228332173,29.282878334696782,23.342123002730364
2018,37,073,Gates,499.5000295857332,25.591101232357392,30.771273620975812,20.41192982610394
2018,37,053,Currituck,618.2599426173072,25.43621629643628,28.780174788094296,22.09326665935932
2018,37,019,Brunswick,615.6270166595946,26.722717883981563,31.212028193802745,22.23440802698978
2018,37,031,Carteret,662.049754045927,26.746299159155768,29.98602128669575,23.50756871578337
2018,37,137,Pamlico,637.9978175438956,26.534509302859178,30.63512970920453,22.434883928706654
2018,37,049,Craven,600.7200108033336,26.4860119093375,31.26083564397181,21.712183714943862
2018,37,103,Jones,646.8001770972322,26.260345617544775,31.39301003264233,21.128679910790677
2018,37,085,Harnett,542.9752698191096,26.522118608301497,31.83905679999974,21.206162212066154
2018,37,063,Durham,373.3954802005389,25.50151302321118,30.98227837969776,20.021752186557833
2018,37,145,Person,393.3730756341854,24.6882081347434,30.358060102689656,19.019347958535477
2018,37,135,Orange,411.1787639691489,25.269221108459952,30.89504036983981,19.644396561213775
2018,37,181,Vance,322.9698802181871,25.11431937436889,30.721006585893278,19.508630395254883
2018,37,077,Granville,355.4665473946411,25.045786126164796,30.425681764335152,19.666889057540388
2018,37,069,Franklin,403.96964719723894,25.383414893241948,30.89743238020634,19.870396492819996
2018,37,101,Johnston,388.9924146264249,26.061406060042952,31.35512336084163,20.768688743826928
2018,37,183,Wake,413.656504148886,25.615816096869388,30.825005536067856,20.407616920865703
2018,37,105,Lee,458.12582981690565,25.966766917553162,31.500631261002482,20.43388761359601
2018,37,131,Northampton,464.5945391219247,25.329086889291492,30.55111682046898,20.10805158774415
2018,37,083,Halifax,447.5382589203278,25.488041229987495,30.763194606392823,20.213899361766728
2018,37,127,Nash,429.14016506110664,25.619051565623057,30.919939243076865,20.319155309156507
2018,37,065,Edgecombe,439.66300640471394,25.809738576439855,30.97072065803761,20.649757617441985
2018,37,195,Wilson,417.69937509359426,25.999482045452655,31.316565780257577,20.68338837520536
2018,37,163,Sampson,383.57794100081867,26.53397357143602,31.734984565935044,21.33396415299752
2018,37,185,Warren,381.30799204343793,25.619456162561633,31.228980314291622,20.010931809463894
2018,37,187,Washington,607.0304228308366,26.273321273920164,30.988837640711147,21.558784834485046
2018,37,061,Duplin,531.7553556486912,26.249934730403492,31.494394627948957,21.006466651612122
2018,37,091,Hertford,491.6579273247385,25.35804146714377,30.444813696796277,20.272277201203327
2018,37,017,Bladen,425.3567311577902,26.72114319668938,32.020321780229544,21.422949134686746
2018,37,095,Hyde,631.0016661669828,26.744397111393774,30.525810073701823,22.963981809174324
2018,37,015,Bertie,494.3675936870038,25.941027267311878,30.96653631781711,20.916521335603917
2018,37,079,Greene,478.42167144763556,26.314456800485,31.727456014369377,20.902472013852055
2018,37,041,Chowan,495.1460685831061,26.17624426322746,30.868846313624598,21.484644826901953
2018,37,117,Martin,468.6231734937884,26.028733475845954,30.880520278078397,21.177948275769946
2018,37,047,Columbus,421.8744177484507,26.531430333712464,31.591962755737967,21.471895292533855
2018,37,191,Wayne,449.86980482890743,26.189009313104194,31.439008781934426,20.940014969456097
2018,37,133,Onslow,618.0284361133728,26.46156777779534,31.08675505724054,21.837371629116284
2018,37,107,Lenoir,550.3113078990983,26.193010502776094,31.441063701020834,20.94594312012283
2018,37,129,New Hanover,660.0433759342379,26.885281115481227,31.11114587000702,22.660384355110608
2018,37,141,Pender,541.7044557958703,26.569683968786933,31.65266383598504,21.487695604273586
2018,37,051,Cumberland,472.7780645000463,26.994574494167647,32.295503012460465,21.694644709549227
2018,37,147,Pitt,465.4046500318991,26.28575633373196,31.449255677521197,21.123245837628247
2018,37,013,Beaufort,529.1444592691468,26.49262823164708,31.244585122785537,21.74166498960833
2019,17,121,Marion,554.794405910286,24.144216491597998,29.530500458986918,18.758032761522706
2019,17,005,Bond,640.5300183490654,23.96381924436827,29.335304462989924,18.592435261936092
2019,17,083,Jersey,369.74790185032333,23.93076545048188,29.05468625266811,18.80694502425182
2019,17,163,St. Clair,414.23875984464,24.646038588800092,29.787169245209352,19.505008940457145
2019,17,027,Clinton,481.28650371576975,24.295641324659172,29.54689791437671,19.044484998904057
2019,17,013,Calhoun,433.15641710824417,23.99835809195994,29.088027581317093,18.90879069202132
2019,17,119,Madison,508.2209140798605,24.141335934245852,29.22816509415773,19.05460734112717
2019,17,133,Monroe,370.94952472021976,24.471028162075612,29.687518525722812,19.254638659959188
2019,17,117,Macoupin,369.34473401311476,23.52980295578497,28.752241380249966,18.30746378969155
2019,17,171,Scott,306.7301616982203,23.392817492698423,28.766889822177337,18.018847094318655
2019,17,137,Morgan,301.9897909791675,23.34730930037866,28.775324973643638,17.919393411694458
2019,17,107,Logan,266.7243983992381,23.537900738797184,29.033530851442027,18.042370965477886
2019,17,129,Menard,303.63623316325254,23.328765208787694,28.75376591836324,17.90386487567057
2019,17,167,Sangamon,333.0694927598502,23.478615943481937,28.850505808029524,18.106827376205377
2019,17,021,Christian,419.28299720141973,23.452067046317854,28.904128034990624,18.000106572693344
2019,17,127,Massac,355.2371826300968,24.7149537011813,29.989154433532875,19.440855758948903
2019,17,057,Fulton,275.47571886447474,23.10219009627906,28.582801811443584,17.621679215987015
2019,17,175,Stark,256.01146123605423,22.483563510020414,28.230275147965738,16.736951438546853
2019,17,203,Woodford,243.7645161942428,23.01581338985418,28.78599377087267,17.245734026708906
2019,17,179,Tazewell,249.844785568953,23.26633770477464,28.767843154568503,17.76493260163782
2019,17,123,Marshall,227.46475147754165,22.710403217269015,28.425709931624286,16.995198738649268
2019,17,143,Peoria,238.50765263294377,22.98695126482277,28.524205827511707,17.449797505495216
2019,17,001,Adams,371.00233735574886,23.59830625063298,28.632408460197343,18.56430393788606
2019,17,177,Stephenson,351.5520134161526,21.266013951728432,26.87912593049621,15.653000979087873
2019,17,141,Ogle,316.1119831222713,21.689523277544673,27.35500757124915,16.02413856922069
2019,17,201,Winnebago,332.0330927572864,21.75752565149133,27.33717712013655,16.177975991318668
2019,17,007,Boone,293.340900160735,21.538594601818957,27.370411556224745,15.706878390072514
2019,17,025,Clay,410.2158095894711,24.268358651445375,29.924297788351538,18.61252147533332
2019,17,185,Wabash,456.2837910595743,24.14727297214829,29.692514999631353,18.602132697540707
2019,17,009,Brown,335.61056299502764,23.09276629673271,28.42281052505792,17.762822452665255
2019,17,151,Pope,338.2117288083574,24.012600957212978,29.596887066094236,18.42841354425447
2019,17,033,Crawford,443.1674202070009,23.866208731054314,29.466913243512913,18.265607863304165
2019,17,135,Montgomery,410.47329817238915,23.534553678941855,28.967364809710478,18.101842643770635
2019,17,055,Franklin,275.9482867992053,24.296909312376165,29.684580731101697,18.90934280675457
2019,17,023,Clark,432.2479590523168,23.75855206433665,29.48182406417328,18.035383003798238
2019,17,059,Gallatin,365.0937801895326,24.166126430197707,29.5894865765131,18.742863165623746
2019,17,075,Iroquois,258.23440573664755,22.496215729397093,28.327958632657023,16.66457289401163
2019,17,041,Douglas,297.4024200617702,23.185373610006355,28.608299277603624,17.762547262920705
2019,17,189,Washington,299.712551835732,24.286721367003018,29.540693567225283,19.032850550802742
2019,17,159,Richland,424.4601961131078,23.901316793943195,29.411781776562247,18.390951635466813
2019,17,065,Hamilton,322.90989416704167,24.180336843512013,29.58786466473816,18.772909702164156
2019,17,193,White,425.55856323870523,24.24930745700278,29.696215504354285,18.80249918773577
2019,17,169,Schuyler,360.68427879627797,23.16433366684489,28.627232063809075,17.701537037922666
2019,17,181,Union,395.80262884093503,24.712496981531764,30.008465560904774,19.41662778192824
2019,17,085,Jo Daviess,331.2270915794192,21.358720005440777,27.009134255218687,15.708405211278404
2019,17,125,Mason,274.6161725025169,23.36046647122874,28.94786993281472,17.773166229286524
2019,17,191,Wayne,437.85578829602144,24.16504620183116,29.58134460625736,18.74884723281144
2019,17,069,Hardin,354.5707903711312,23.756819223368392,29.282361226602674,18.231378510077043
2019,17,061,Greene,359.8793853778752,23.556100862108106,28.822448815760414,18.289853683261285
2019,17,157,Randolph,305.6618498016406,24.42607066583469,29.780488754681095,19.071752651472547
2019,17,149,Pike,380.0395268623803,23.59432198560231,28.687533370920992,18.50121095234649
2019,17,145,Perry,308.8115975178822,24.392509096267382,29.61095974349975,19.17415775510097
2019,17,087,Johnson,378.942801950385,24.436986867727068,29.89007297692725,18.984001949649954
2019,17,173,Shelby,438.6923946135461,23.62121712809187,29.128690338013957,18.113844023095407
2019,17,051,Fayette,518.2059189688636,23.820115332518718,29.282848906443206,18.35748227814509
2019,17,139,Moultrie,390.6556875739499,23.468983902511912,28.873477777925725,18.064591782991148
2019,17,017,Cass,343.19120650264034,23.252703569012404,28.77594257470601,17.729568253491863
2019,17,015,Carroll,341.0796832136681,21.831432833751894,27.704268419286194,15.9586969066725
2019,17,047,Edwards,446.4616620475529,24.232424137173965,29.79179671480871,18.67314845674895
2019,17,079,Jasper,393.53810352988546,23.89461842754747,29.31207573071144,18.477260362280724
2019,17,187,Warren,220.47269066558846,22.847067784300776,28.392405972649854,17.301830720890205
2019,17,153,Pulaski,449.719132970531,25.138276539269675,30.089801396739585,20.186850056261928
2019,17,165,Saline,331.52201376806147,24.155273734354854,29.648925747235403,18.661719990362275
2019,17,101,Lawrence,448.9827363858783,24.004248773704788,29.454346199176083,18.55425188837076
2019,17,045,Edgar,370.933395490505,23.12518665219424,28.607413903209746,17.64305779727228
2019,17,071,Henderson,241.0571056864796,23.22385055031415,28.52382177367097,17.92397904434624
2019,17,199,Williamson,371.4932898118945,24.252951372490074,29.648682746035067,18.857321855426857
2019,17,077,Jackson,351.02150339128775,24.516618323017262,29.803724203007995,19.229612657434597
2019,17,147,Piatt,251.75267150928985,22.98625281252695,28.49656784803708,17.476035192511677
2019,17,053,Ford,204.47046160718742,22.556162161384666,28.37367732719373,16.738747916027474
2019,17,019,Champaign,215.31995589615718,22.766823778520468,28.40025000858095,17.133498021220003
2019,17,029,Coles,413.2614021333472,23.44855289613979,28.723978232486964,18.173229163645058
2019,17,035,Cumberland,452.3619052659537,23.781002177573534,29.333084680608792,18.22901863727054
2019,17,183,Vermilion,241.04015181172593,22.833205774553903,28.44809976682797,17.21841165959046
2019,17,115,Macon,331.7147377000308,23.421010571179412,28.76848283011492,18.073638862592208
2019,17,049,Effingham,439.709873002001,23.918941568307105,29.50509574579768,18.33289019515457
2019,17,067,Hancock,325.1988380327654,23.498605042860753,28.75937419860247,18.23793761392066
2019,17,095,Knox,223.01119664427927,22.742353587531483,28.33839475232499,17.146413472927666
2019,17,109,McDonough,306.42262897235827,22.95274470935952,28.40564143165928,17.499950434487573
2019,17,081,Jefferson,322.7958387932051,24.07806168327319,29.350718293990663,18.80550506346487
2019,17,113,McLean,235.88206100629347,23.009241895208287,28.660769424557753,17.3578151005982
2019,17,039,De Witt,258.1453352425594,23.120973563160263,28.690125432783187,17.551921721153008
2019,17,105,Livingston,222.9780092751164,22.727430411584134,28.419479045463532,17.035484143523338
2019,17,003,Alexander,425.5901080518205,25.217439102572065,30.17446280109401,20.260514893759428
2019,17,093,Kendall,378.6234101259106,22.300039846463285,27.91258302813296,16.68759622809202
2019,17,031,Cook,313.47670019550765,22.663966439755782,27.424338121779243,17.90369700871133
2019,17,037,DeKalb,273.02059052756687,21.81356789794767,27.43593418813834,16.191300002092763
2019,17,089,Kane,281.21365910324187,22.005806990959563,27.625848978053806,16.385865538440257
2019,17,063,Grundy,347.11331874135965,22.5457541751624,28.215804687752563,16.87580476807656
2019,17,111,McHenry,307.5656894460324,21.24346005155641,27.20955627138391,15.277465353844702
2019,17,197,Will,349.5378659029045,22.508529113319053,28.08023590035613,16.936922084560713
2019,17,043,DuPage,304.34170163996487,22.57768875280033,28.072917078156145,17.082559640140225
2019,17,097,Lake,365.59237629977355,21.291729820106106,26.182141772388697,16.401419058419176
2019,17,091,Kankakee,334.69608023400434,22.536348316712196,28.280446795687347,16.792351607674092
2019,17,011,Bureau,311.3015324579136,22.40877795296875,27.993272903073787,16.824383277051
2019,17,155,Putnam,269.63638950682287,22.65100915678616,28.31351191161358,16.98860594362045
2019,17,099,LaSalle,316.2681037544395,22.38209760372571,27.9093947167756,16.854902033461432
2019,17,131,Mercer,224.96625718700125,23.007335744966465,28.511782741583357,17.502989478975344
2019,17,161,Rock Island,242.8426386263449,23.195773330815108,28.527972172702437,17.86367466216223
2019,17,073,Henry,275.3626517817757,22.729556372147922,28.260350395527798,17.198862756142944
2019,17,103,Lee,311.73582320302376,21.88879282106459,27.499484403294833,16.2782026069563
2019,17,195,Whiteside,313.6434448064482,22.386809043895134,27.91767324436814,16.8560430086063
2019,19,149,Plymouth,316.7659709705231,21.733544692982104,27.51941766131257,15.947770526998895
2019,19,193,Woodbury,289.14168980287974,21.892324376475127,27.65151248537673,16.133236993124285
2019,19,027,Carroll,304.4969006074953,21.799099610244035,27.366869586791495,16.231430926032687
2019,19,061,Dubuque,360.52601114482513,21.22170960700743,26.678738041305436,15.764780628449742
2019,19,101,Jefferson,244.0309109368157,22.821957037664532,28.494122275766703,17.149891950766737
2019,19,187,Webster,277.39967484365843,21.505309035032358,26.966099770937088,16.044618413625553
2019,19,111,Lee,286.23472139729665,23.592209982197943,28.85932374142499,18.325199462685045
2019,19,127,Marshall,258.38846581580805,21.677662251608147,27.294400519652733,16.061023051052217
2019,19,195,Worth,319.2400463390862,20.44511931119103,25.70819562347795,15.182145232501705
2019,19,033,Cerro Gordo,232.69070373411907,20.92285063897708,26.56349618655147,15.282305295201299
2019,19,051,Davis,348.96266660934043,22.964743088709806,28.624020105781515,17.305568986346167
2019,19,179,Wapello,286.7627589521463,22.837289099106638,28.389308698168957,17.28536897745314
2019,19,041,Clay,247.17486468793825,21.42665459041405,27.02528509932958,15.828125517579387
2019,19,059,Dickinson,231.7945686088214,21.213561348544484,26.694627904881646,15.732596145013781
2019,19,021,Buena Vista,264.0317725472404,21.3894823588155,26.833425266683925,15.945638926856873
2019,19,013,Black Hawk,255.38903744541042,21.93464586330475,27.625198432883682,16.24419311279421
2019,19,075,Grundy,236.88304998371865,21.56422739501087,27.28665901169971,15.841894936673516
2019,19,017,Bremer,298.79745082328856,21.57426997931537,27.254533622321127,15.89410751050166
2019,19,085,Harrison,235.71570960066728,22.555262680191984,28.1199789250718,16.99064819838703
2019,19,129,Mills,265.1134696976687,23.690871007295872,28.81518399284664,18.566658747540608
2019,19,155,Pottawattamie,288.205018803878,22.832592457583743,28.131503900042883,17.53378281263253
2019,19,123,Mahaska,292.27694859036166,22.559233890083604,28.13892925954805,16.979639183944595
2019,19,125,Marion,323.693944518536,22.673137192231593,27.996592043242902,17.34978320607761
2019,19,053,Decatur,322.98074829888293,22.785999219370577,28.383902584783534,17.188195950267293
2019,19,031,Cedar,275.06093715286755,22.373795349030445,28.01809937775215,16.729592055326673
2019,19,151,Pocahontas,258.49799707350604,21.46363020441654,27.041469219044053,15.885891229779162
2019,19,109,Kossuth,293.2692419653848,21.0302902635488,26.490702181752,15.569980451966446
2019,19,089,Howard,381.6045281087182,20.02242779961536,26.120783745623683,13.924172913238998
2019,19,147,Palo Alto,286.6954778314136,21.31387201302322,26.86490842542056,15.762936182388708
2019,19,159,Ringgold,284.76684448755935,22.731623277851185,28.101658188672733,17.36168920713719
2019,19,025,Calhoun,278.5310377380327,21.632277086593323,27.04765747612032,16.216997042723214
2019,19,039,Clarke,308.8952461784717,22.727264682051935,28.316362803972655,17.138268462380466
2019,19,065,Fayette,303.94496253488785,20.828471158788346,26.612122106189542,15.044920514419408
2019,19,001,Adair,303.63136839773307,22.199984953037127,27.680337038187776,16.719732676850416
2019,19,037,Chickasaw,342.90540123551887,20.880490741046103,26.54932422133577,15.211756067589716
2019,19,081,Hancock,242.60479649558616,20.985381047578237,26.528722379063698,15.44214040580145
2019,19,157,Poweshiek,299.9764838974987,22.27176013657214,28.00767047337563,16.53595005813552
2019,19,165,Shelby,294.57242496451283,21.78437319080417,27.24849864505974,16.32034804793849
2019,19,185,Wayne,347.75982643202906,22.53835949440192,28.17565639143087,16.90116205680507
2019,19,097,Jackson,280.35226280435063,21.729028870270728,27.308542292278275,16.149615851001744
2019,19,043,Clayton,332.8605678594972,21.01765175385652,26.765222905321504,15.270180498612953
2019,19,007,Appanoose,407.1395678580442,22.586549096075093,28.198589610662186,16.974607875135302
2019,19,177,Van Buren,305.67043662999987,23.0474822694618,28.677309265039664,17.417757676340653
2019,19,197,Wright,317.0979775794089,21.273188316836997,26.924203949705173,15.62227289950993
2019,19,137,Montgomery,262.19571110790116,22.792064979804838,28.337486378313823,17.24674381764882
2019,19,175,Union,335.52967620649116,22.465764633765268,27.858340555259264,17.073290077402362
2019,19,107,Keokuk,275.5013379963545,22.605637151276426,28.274368627876278,16.93700607382399
2019,19,131,Mitchell,368.24426681746826,20.613045866346216,26.055499857401752,15.17069205499852
2019,19,191,Winneshiek,348.6092273832696,20.479814131533836,26.31439765803814,14.645330684633738
2019,19,161,Sac,302.23701746267716,21.52338148090644,27.051870379406108,15.994994322069779
2019,19,055,Delaware,323.2325088953512,20.812023003989577,26.80323327177098,14.820913728100843
2019,19,067,Floyd,273.6233835470648,21.253878988926594,26.81111353941101,15.696743494489594
2019,19,009,Audubon,329.7803138733843,21.72019982391709,27.296042627833383,16.14445633228105
2019,19,079,Hamilton,289.27066324443837,21.42727647941098,27.08243982660735,15.772213901178882
2019,19,069,Franklin,257.113786490371,21.227002842296,27.018864627805012,15.43524296520712
2019,19,141,O'Brien,245.0192054691588,21.28246738281268,26.887142057009278,15.677891363578782
2019,19,167,Sioux,311.86356679495617,21.512794260322686,27.267852621806718,15.757836878100631
2019,19,005,Allamakee,358.00296880290796,21.03265813592069,26.4759599677536,15.589456085546344
2019,19,189,Winnebago,285.0569663076736,20.797270856759596,26.1378336173467,15.456809866662926
2019,19,093,Ida,277.7127708299085,21.47295324173732,27.043067689281976,15.902941118385842
2019,19,029,Cass,347.7707074730747,22.162991987900423,27.764526668010124,16.561555202853448
2019,19,083,Hardin,269.91409631486806,21.576734663536318,27.361802654177076,15.791766804413927
2019,19,173,Taylor,240.60378135274794,22.76633104723584,28.16949589024172,17.36326433887784
2019,19,145,Page,277.78777042735595,23.086304179903888,28.506050863226623,17.666658255027436
2019,19,035,Cherokee,332.62901532103945,21.35882735797789,26.935401838651728,15.782350491880942
2019,19,071,Fremont,301.19738126452637,23.611139082656162,28.88466051184448,18.337718328248197
2019,19,095,Iowa,315.03885419579365,22.302145168039186,28.103341444965142,16.501050245200528
2019,19,023,Butler,241.17702012262117,21.568614833597078,27.245903016598472,15.891428134073092
2019,19,063,Emmet,340.8814703818956,20.754857230364724,26.131304389517137,15.378511544414817
2019,19,047,Crawford,249.85547619513292,21.674025498658597,27.223725712718537,16.124426281847505
2019,19,019,Buchanan,268.87572352189494,21.493943656225504,27.407641743350023,15.58034916284599
2019,19,143,Osceola,255.67827692533328,21.078202015346015,26.778912751483603,15.377591007705835
2019,19,073,Greene,315.32333863481756,21.992739457594716,27.688126535213776,16.29745285936759
2019,19,087,Henry,225.17088469619344,23.21165839049421,28.790287461976227,17.63313067164152
2019,19,119,Lyon,327.6148451403247,21.393126585304064,27.224467445946473,15.561886533430343
2019,19,003,Adams,291.1269829831968,22.376184935612077,27.88359593653726,16.868873964370366
2019,19,133,Monona,234.05675720976046,22.268310041335685,28.18837397527851,16.34834613286148
2019,19,091,Humboldt,306.25594550351553,21.338628883077398,26.8790354452389,15.798324392510256
2019,19,115,Louisa,228.46274890841164,23.226641394168528,28.76056856452211,17.692815541962624
2019,19,171,Tama,265.95291395220005,21.749288233696255,27.536880811513313,15.961796619404684
2019,19,135,Monroe,375.5861798658561,22.4945992645274,27.932962762511583,17.056336772744547
2019,19,117,Lucas,337.59509725186604,22.484038059395434,28.09993885754986,16.868232913784755
2019,19,057,Des Moines,230.3085737929256,23.29162459840069,28.658186070227277,17.925166047070565
2019,19,011,Benton,264.6276129245647,21.911411889075588,27.730995954383303,16.091927550948867
2019,19,113,Linn,249.20714722154483,21.80420625564417,27.63925848424332,15.969253533792745
2019,19,105,Jones,273.93324417860276,21.59643445640387,27.403945376788,15.789026068635689
2019,19,103,Johnson,287.85300360951186,22.612584148844807,28.240995945612234,16.984271980989565
2019,19,183,Washington,230.25609969880918,22.84172639154241,28.590707899681927,17.09284592959909
2019,19,045,Clinton,259.8874365892705,22.40235036275089,27.887868767530968,16.916933617476214
2019,19,163,Scott,248.73057740139734,22.94499439785471,28.21793224590368,17.672155985077463
2019,19,139,Muscatine,268.4700936710136,23.142812516893876,28.66821093658162,17.617514879832466
2019,19,169,Story,235.81142879504847,21.729025237950445,27.312257509095122,16.145891473355533
2019,19,015,Boone,303.2931720671231,21.895011646217363,27.480082930628665,16.310042510025237
2019,19,121,Madison,298.48701847238243,22.522441016900157,28.045242254607057,16.99974213313455
2019,19,181,Warren,304.9388147704503,22.75547389129191,28.18559898456757,17.32544882444288
2019,19,049,Dallas,299.3787697714317,22.347987627835536,27.98493444175213,16.71114149256674
2019,19,153,Polk,262.3001279007423,22.68671729524634,28.137171521848284,17.23636381045836
2019,19,077,Guthrie,293.5370138928614,22.08558708611673,27.782907060382563,16.388369064865714
2019,19,099,Jasper,260.46773892171467,22.35488190555208,27.880723160190342,16.82914177868398
2019,31,043,Dakota,290.36524952412645,22.23429583635965,28.030389773013535,16.438299755133166
2019,31,051,Dixon,281.41774403267607,22.064538065833556,27.691495838799234,16.437680688345072
2019,31,053,Dodge,251.29937099168347,23.022424716183977,28.475069780955746,17.569879982479442
2019,31,025,Cass,303.71112143332783,23.689202948692895,28.745966996984485,18.63253956451972
2019,31,055,Douglas,265.92895084243077,23.715485210075194,28.68559748046803,18.745474132829013
2019,31,153,Sarpy,266.0514645802829,23.908170173379855,28.881576439069796,18.934865384319107
2019,31,155,Saunders,312.3926188767239,23.15812620883146,28.686307693540193,17.63004403490097
2019,31,177,Washington,234.35389379405223,23.226411091928185,28.417439891976795,18.03548281792512
2019,31,067,Gage,432.55810038778594,23.524493761395746,28.919317196466487,18.129770942506195
2019,31,109,Lancaster,336.1854836149652,23.584564323421986,28.770876799957154,18.398350378286406
2019,31,159,Seward,392.47323091542285,22.991890315289307,28.377866843178122,17.606012610270174
2019,31,139,Pierce,283.4189558512743,22.000604852892245,27.487764716088687,16.513545639645056
2019,31,119,Madison,302.1672024577298,21.976411307270183,27.427225917730283,16.525696453593135
2019,31,167,Stanton,235.19231567590626,22.084988631243586,27.69685419872736,16.47322362650843
2019,31,117,McPherson,350.00654364713193,21.35383358980453,28.173094424098323,14.534674085081566
2019,31,111,Lincoln,387.3166807222457,21.705920717559543,28.39672941864749,15.015212977934123
2019,31,113,Logan,385.0071979812672,21.27956325340677,27.934237580083277,14.624989925980222
2019,31,007,Banner,267.70632007723634,20.135369032331585,28.2657183576831,12.005119592680543
2019,31,157,Scotts Bluff,223.70862164379065,20.90261657774353,28.762878779333338,13.042455004760534
2019,31,165,Sioux,242.41362170455665,19.49673777498022,27.32018924775532,11.673387133543283
2019,31,039,Cuming,205.43002591666448,22.262219099239772,27.858205551866785,16.666332820613203
2019,31,129,Nuckolls,473.3928350420964,23.19583376166732,29.001141622167363,17.390626308200655
2019,31,101,Keith,318.23323958734073,21.953980375694837,28.909891964924057,14.998168825808888
2019,31,137,Phelps,452.7220384971934,22.56029816608317,28.344620082419826,16.776076978741163
2019,31,181,Webster,465.1412176270126,23.17724838654035,29.06223307231883,17.292363548930652
2019,31,015,Boyd,319.15865026772184,22.039340448117997,27.908785781464328,16.169996869193568
2019,31,171,Thomas,369.5887098957651,21.500579623287194,28.13697554319109,14.864286871760621
2019,31,089,Holt,352.2920350571226,21.760029070808223,27.558568317622214,15.96159109987317
2019,31,017,Brown,405.1930589326473,21.443785674184863,27.505801434649698,15.381869521778336
2019,31,103,Keya Paha,379.0473755796266,21.581882101224267,27.765346348025595,15.39851800494461
2019,31,077,Greeley,490.53476006963825,21.79804791774785,27.78790037995997,15.808297376815371
2019,31,095,Jefferson,447.0483580488632,23.447262052359243,29.01159112912393,17.883034384532518
2019,31,151,Saline,515.3966133517425,23.041733398425347,28.328748230264654,17.75481706423124
2019,31,057,Dundy,298.241003427036,22.68821475389819,30.363920823137885,15.012610341338341
2019,31,131,Otoe,313.76249387342904,23.589666275575635,28.887004014582367,18.292428809526022
2019,31,087,Hitchcock,338.89515955050314,22.85984251259301,30.27403723688475,15.445749152062412
2019,31,105,Kimball,308.66837641365976,19.756866464952232,27.845634451160244,11.668198050388426
2019,31,127,Nemaha,353.1924890681238,23.598428409799588,29.015789138396578,18.18116923902315
2019,31,041,Custer,464.57380834589304,21.498131280701273,27.667710054808285,15.328653446542198
2019,31,143,Polk,413.17752370406185,22.683278806801738,28.16812968853809,17.198527950456537
2019,31,045,Dawes,234.57434588832697,20.42929168745299,27.89771374008133,12.960970229251867
2019,31,179,Wayne,241.19957959115268,22.02204513580637,27.684571632266547,16.35961903436999
2019,31,071,Garfield,465.43115866462097,21.521668209199397,27.484640871051106,15.55879666651828
2019,31,013,Box Butte,248.6942644734296,20.103123156516595,27.65625960926097,12.550088432807279
2019,31,173,Thurston,224.29933309964935,22.443056808585425,28.54331054291123,16.34290595415459
2019,31,011,Boone,393.69567653806934,21.835493610384784,27.424430382781814,16.246657521183838
2019,31,145,Red Willow,353.68548119756394,23.018777884521008,30.07798247973862,15.959674444230618
2019,31,149,Rock,441.8117592970745,21.52466572344162,27.370893557205715,15.678539597465257
2019,31,005,Arthur,262.3020898445914,21.32865437682475,28.489424382717736,14.167985488082286
2019,31,085,Hayes,399.06467656310457,22.196503278470946,29.17494843381005,15.218158940162782
2019,31,097,Johnson,392.727101744448,23.393887405683227,28.879585092734928,17.90829054664031
2019,31,003,Antelope,311.3959800189156,21.764313236599182,27.230341302210864,16.29838526768231
2019,31,163,Sherman,522.1595978511392,22.126948713951098,28.180477296274514,16.073520383557725
2019,31,161,Sheridan,321.8440703498655,20.35489183620014,27.642517893216507,13.067365465498762
2019,31,133,Pawnee,380.1616049825849,23.44540289668862,29.010789122122407,17.88011655427793
2019,31,075,Grant,304.97739221812213,20.688460156475337,27.797448531254645,13.57957159860881
2019,31,021,Burt,185.49521899339385,22.705944511106154,28.359245265935026,17.052745037000207
2019,31,009,Blaine,443.10185005720496,21.412914877605193,27.65441345982616,15.17151790656823
2019,31,027,Cedar,267.6338236488466,22.17999463499296,27.64173885798405,16.718349974779475
2019,31,169,Thayer,472.66644135375606,23.308870168100263,29.02406302246656,17.593776847708014
2019,31,049,Deuel,353.35114574546304,21.459958108664107,28.998224551691415,13.921791862268435
2019,31,123,Morrill,287.37546588562685,20.842163919173878,28.649946216028855,13.034480915382572
2019,31,115,Loup,508.0819218080494,21.359006591871967,27.427062328028985,15.29105166702369
2019,31,063,Frontier,446.220111180361,22.365403168502098,28.942002600539446,15.788903929744855
2019,31,125,Nance,415.39477802670507,22.35721454291187,27.891046690575973,16.823481230190772
2019,31,107,Knox,257.64289739911965,22.201323811279053,28.06799595418317,16.334753076630427
2019,31,135,Perkins,334.9467397197149,22.07511989234934,29.218454323994443,14.931884255836003
2019,31,037,Colfax,310.59525558808343,22.67578164826576,28.20984509509614,17.14181900222597
2019,31,023,Butler,368.09141857523434,22.862261384888665,28.442614683838485,17.28200900709837
2019,31,031,Cherry,381.10681020386676,20.955460292211015,27.724178785921012,14.186841817598127
2019,31,183,Wheeler,436.6710783083059,21.774779070932144,27.676752553763958,15.872906212873739
2019,31,061,Franklin,452.2881410229111,23.469357141524448,29.58181886865315,17.356995280494427
2019,31,029,Chase,326.60088920102646,22.247189435450746,29.54003627226,14.954441877505817
2019,31,059,Fillmore,494.15138238533314,22.768605377291873,28.21471909017576,17.32259269059518
2019,31,185,York,497.13619808666135,22.67519933950656,28.091474965533926,17.259023819271047
2019,31,035,Clay,467.0253651881411,22.889386972581637,28.337544411980637,17.441331437755895
2019,31,033,Cheyenne,319.2548854315807,20.670504362696924,28.482055237838853,12.859054145574529
2019,31,069,Garden,322.301756528299,20.96946928669127,28.51326721112722,13.42577185991758
2019,31,083,Harlan,397.5527405085694,23.317396223839527,29.724134958829744,16.910760337304392
2019,31,091,Hooker,317.4954225872621,21.037341665377443,27.735697348992037,14.339086061431109
2019,31,147,Richardson,391.99279519780737,23.656722841143814,29.097127357873426,18.216418852729955
2019,31,065,Furnas,362.3844220038063,23.148832522837253,30.270362523842692,16.027403267015117
2019,31,175,Valley,556.7582293552197,21.724153896836523,27.64769228816512,15.800715231021726
2019,31,141,Platte,314.8405617890042,22.334201418033683,27.76732295804941,16.901180119757075
2019,31,121,Merrick,499.1139978607698,22.719660681987378,28.081280167251915,17.358139790103472
2019,31,079,Hall,537.9512291385062,22.835901154737616,28.20062333125923,17.471281034060837
2019,31,081,Hamilton,530.9351724914019,22.5666291081509,27.91379285786109,17.2195653832115
2019,31,093,Howard,614.7243765362409,22.484178098955987,28.148319177921774,16.820137946182886
2019,31,001,Adams,436.47329217750104,23.020398652858557,28.45225788480673,17.588639326399726
2019,31,099,Kearney,421.8957831610444,22.88716395146265,28.566032857502822,17.20839315537274
2019,31,019,Buffalo,460.427627284401,22.411392868656293,28.267488158625863,16.555396359990283
2019,31,073,Gosper,493.3232143485773,22.391722286007376,28.489780100464547,16.293764933411975
2019,31,047,Dawson,450.6439702913201,21.983652312276163,27.940332984183602,16.027073360107828
2019,37,037,Chatham,367.4524403908418,25.29973009804117,30.99474033555931,19.604819444513712
2019,37,115,Madison,479.0273171990674,21.447481303566413,27.155607699975405,15.739454856546743
2019,37,087,Haywood,458.5214756361704,19.78685052009797,25.326287422469825,14.247511927322877
2019,37,021,Buncombe,454.6717840664705,21.537075119536304,26.933801275287863,16.140449414328593
2019,37,089,Henderson,476.04615126997015,21.795387486327733,27.135073968536254,16.45580245049573
2019,37,175,Transylvania,592.3016418654657,20.935046056772197,26.33052479810839,15.539669428540515
2019,37,167,Stanly,345.91872795479014,25.76105804484276,31.66932677329938,19.852890969299168
2019,37,109,Lincoln,384.90138578888417,24.88053848779667,30.651550216378805,19.10962707132265
2019,37,159,Rowan,312.892126970516,24.87661093051573,30.692478097592875,19.060844382928668
2019,37,025,Cabarrus,350.59943536954535,25.643839615731075,31.59339443065457,19.694384819111168
2019,37,097,Iredell,387.46375160591094,24.49253582210204,30.22606219501002,18.759109266250263
2019,37,071,Gaston,330.91105075774954,25.63344414235455,31.272100441777955,19.99488615500688
2019,37,179,Union,328.7957432080115,26.137633319268076,31.947068001763522,20.328301441062063
2019,37,119,Mecklenburg,379.56869692993047,25.872015102482116,31.413728387046756,20.3304042816162
2019,37,045,Cleveland,359.3995302971285,24.8597346121816,30.765922084440042,18.95364946066903
2019,37,005,Alleghany,474.2391041013629,20.470302253216865,25.551410603716572,15.389297205546065
2019,37,173,Swain,467.831785294895,20.298021074788956,25.722431800840614,14.873710116089663
2019,37,011,Avery,551.6644654970687,19.604638586266613,24.431556655238694,14.777822251773916
2019,37,033,Caswell,389.54395182516646,24.979357949487827,31.1073306660936,18.851487230124075
2019,37,075,Graham,444.5510005341898,21.668154614954595,27.088126843234136,16.2482821782763
2019,37,007,Anson,332.90098417244786,26.410577277583776,32.3415366996628,20.479720112809993
2019,37,149,Polk,426.05590114822843,24.055884992734935,29.646899369986027,18.464971793366864
2019,37,039,Cherokee,431.93938509488606,22.60268113157479,28.435076471426513,16.770386989527548
2019,37,113,Macon,450.0408110133106,20.912526118571403,25.975158687637073,15.849993373445791
2019,37,009,Ashe,545.0390853909219,19.881098902321348,24.94904379107887,14.813253668305501
2019,37,123,Montgomery,338.49828226960153,25.869023074303847,31.772893112399334,19.965253540004245
2019,37,043,Clay,401.9689419600232,21.542059155052385,26.77686900561027,16.307350004088303
2019,37,121,Mitchell,480.78534633265036,20.061091967151476,25.150747182273907,14.971535579868876
2019,37,199,Yancey,540.5356392827019,19.482549416777893,24.103819455836035,14.861376206015455
2019,37,189,Watauga,559.3898141716013,19.825923547908403,24.78898259283624,14.862966394460013
2019,37,099,Jackson,498.1497075295702,20.184535643154977,25.43810707517272,14.931065822304557
2019,37,161,Rutherford,421.52859377972044,24.30808888062486,30.132050732683158,18.48422686720849
2019,37,193,Wilkes,503.2649158030563,23.195513147253106,28.82136930186642,17.569758576069567
2019,37,125,Moore,378.88522662163587,25.98289267196294,31.711157872594587,20.25472812584817
2019,37,153,Richmond,308.4044324628041,26.40357457954376,32.186840381722135,20.620410147652034
2019,37,093,Hoke,370.658928751758,26.748598026744908,32.394701617800116,21.102595908063662
2019,37,165,Scotland,347.85890635622235,26.72396124206362,32.46584431542921,20.982179984413445
2019,37,155,Robeson,349.0015462620717,26.734864272158315,32.374127465406445,21.095702707931114
2019,37,001,Alamance,363.34701921529614,25.29740009814418,31.078997395791042,19.515905083171308
2019,37,151,Randolph,356.09984220956966,25.112154741115166,30.641952612769902,19.582457832185884
2019,37,081,Guilford,450.8543604717057,25.023871930217354,30.288724660193342,19.759120135004682
2019,37,157,Rockingham,437.0308099911908,24.595621405973283,30.26281053614212,18.928533081895214
2019,37,171,Surry,463.8327887651795,23.296142144476672,29.23092141128133,17.361463399638264
2019,37,057,Davidson,362.748831353006,24.95770681911518,30.625388075966818,19.29012727465118
2019,37,169,Stokes,444.05979997532273,23.983434768648095,29.76004939400108,18.20692147338977
2019,37,067,Forsyth,458.246281845575,24.66287333398058,30.118446905899894,19.207400650052577
2019,37,197,Yadkin,407.91841822442973,23.89001899160012,29.947654205358436,17.83248379925262
2019,37,059,Davie,369.1069900948094,24.40339287994994,30.37734395562681,18.42954584802359
2019,37,027,Caldwell,586.3920258867174,23.499489092623225,29.069581153817058,17.929498819921818
2019,37,003,Alexander,531.8468491598774,23.893433172127303,29.279144708381683,18.507820380995593
2019,37,035,Catawba,463.1711516759412,24.6472236263846,30.218216414784187,19.076328729724178
2019,37,023,Burke,484.26421558392616,23.57428642252847,29.303233562595796,17.84544034863127
2019,37,111,McDowell,517.0609358031599,22.735682754853435,28.41604181799139,17.055423582931752
2019,37,029,Camden,449.03518724477436,25.87543823617967,30.5319300111637,21.219043093604597
2019,37,139,Pasquotank,472.42421649197377,26.05165067637348,30.73475536481525,21.368645294215177
2019,37,143,Perquimans,477.8450076073913,26.108471672442967,31.020984520388634,21.196062738322365
2019,37,177,Tyrrell,430.8081317641251,26.056368039350886,30.70365422280634,21.409181998684037
2019,37,055,Dare,478.9596339113399,26.32414674914693,29.537980313424388,23.11041412176922
2019,37,073,Gates,437.52976672062044,25.552633485942334,31.165796856954326,19.9395738060263
2019,37,053,Currituck,436.6106341549399,25.574569307260102,29.147042700638767,22.00219416661164
2019,37,019,Brunswick,482.2117820627497,26.697228784480018,31.587625902794567,21.806931616346386
2019,37,031,Carteret,412.1410117993128,26.949392583779332,30.261969557424568,23.636915215203295
2019,37,137,Pamlico,488.40567650058426,26.730558526519737,31.069717386690748,22.391496454107838
2019,37,049,Craven,427.541047385479,26.711540277214386,31.850100344691707,21.57308227111574
2019,37,103,Jones,425.07278142398826,26.398008261657232,31.944115691347214,20.8520000368957
2019,37,085,Harnett,414.1020037422525,26.24766507002198,31.906711007021595,20.58872070426355
2019,37,063,Durham,380.2349823193897,25.67791388027307,31.566874113278235,19.789052749506567
2019,37,145,Person,376.3928856715371,24.760450679159852,30.740704081192064,18.780297781445846
2019,37,135,Orange,362.5161750274173,25.26669238291805,31.14748950684911,19.385995492856676
2019,37,181,Vance,366.4292673774249,25.23590154271604,30.975212155430814,19.49669343035074
2019,37,077,Granville,385.14486315111094,25.12448087292792,30.75771718509015,19.491345617115137
2019,37,069,Franklin,416.2217575778197,25.37879508182806,31.07457239373151,19.683118392104003
2019,37,101,Johnston,386.9474443530595,25.98162038413815,31.59238126317334,20.370962133032855
2019,37,183,Wake,379.97192634591744,25.5767896999425,31.04671576021683,20.106966229896443
2019,37,105,Lee,399.6058194521261,25.71131917114164,31.46935301921168,19.953382843235822
2019,37,131,Northampton,391.17533446164816,25.32084108855296,30.938569662946875,19.703213911643804
2019,37,083,Halifax,409.79062132863146,25.43415554613848,31.040617665795587,19.82779307988375
2019,37,127,Nash,355.6160717088471,25.68415257715043,31.1953545858185,20.173052743383032
2019,37,065,Edgecombe,357.9799017914386,25.89047193976999,31.326165488759102,20.454879468608464
2019,37,195,Wilson,334.83332708094,26.105184985388565,31.618121334270977,20.592347491258806
2019,37,163,Sampson,389.47491105921705,26.43538996171239,32.04228310428018,20.828597661246945
2019,37,185,Warren,365.836177254107,25.66942567456585,31.494999395900102,19.843953111008307
2019,37,187,Washington,437.66642238915534,26.37035431628091,31.735414286127366,21.00539536233526
2019,37,061,Duplin,381.7101234640954,26.238258976198082,31.987676746539954,20.488942514630697
2019,37,091,Hertford,392.50818194776866,25.307283915153096,30.75543231905271,19.859237167660652
2019,37,017,Bladen,424.8413695695722,26.685754854944047,32.446277237905996,20.925333011555182
2019,37,095,Hyde,389.9925677489591,26.68318025282358,30.784029968583955,22.582431182055767
2019,37,015,Bertie,443.6988957667223,25.996495892292984,31.443767999439288,20.54932499155888
2019,37,079,Greene,388.19236007186544,26.31870311806244,31.8836159083176,20.753889813953286
2019,37,041,Chowan,450.0256672328071,26.286800539891352,31.36062398442977,21.213078957213355
2019,37,117,Martin,461.44705510724225,26.07426354790348,31.322656370955812,20.825970084890002
2019,37,047,Columbus,366.1601237876095,26.478559997208635,31.945825737593903,21.01139499043172
2019,37,191,Wayne,416.0285701865004,26.18007641532975,31.660044130079022,20.700209964555402
2019,37,133,Onslow,369.6371517012553,26.506120667914853,31.334389173534785,21.677953914089933
2019,37,107,Lenoir,428.32879762149446,26.26195275869216,31.801381334986655,20.722625165024617
2019,37,129,New Hanover,431.3464543860208,26.79061531046567,31.162175822215634,22.419156278836162
2019,37,141,Pender,405.28542905392976,26.450735601345965,32.06819068338353,20.833379757697855
2019,37,051,Cumberland,359.19057486574644,26.86286491323276,32.4039135908503,21.32191797831943
2019,37,147,Pitt,402.4218820415348,26.350840242585065,31.77830841694172,20.92347391133231
2019,37,013,Beaufort,371.94019422659085,26.56334655714215,31.699864153742478,21.42693065253122
2020,17,121,Marion,376.01699207483443,24.473128375728454,30.03301399410728,18.913342547793036
2020,17,005,Bond,358.3496704277671,24.31322912722745,29.928587251763723,18.69797097637117
2020,17,083,Jersey,289.63091015656346,24.524645252921538,30.026219454082483,19.02317066971913
2020,17,163,St. Clair,432.1972022790026,25.013644277506817,30.373415507050428,19.653973596450033
2020,17,027,Clinton,399.4239364316936,24.691961726395398,30.138203163034714,19.245819416476447
2020,17,013,Calhoun,354.55223805006506,24.52102054326047,30.04723641157418,18.99490633729796
2020,17,119,Madison,390.5337998184247,24.65775361338449,29.995165449732987,19.320442666993195
2020,17,133,Monroe,346.3948204215795,24.997152997414,30.419482833707313,19.574924650278227
2020,17,117,Macoupin,330.07694002310757,23.940316228221644,29.44063198286681,18.440102562068507
2020,17,171,Scott,312.4761124973355,23.827370316147128,29.55462043782388,18.100223235585034
2020,17,137,Morgan,257.8092898842662,23.762391509503566,29.497383242978767,18.027501853965806
2020,17,107,Logan,209.7447036998005,23.968161050962276,29.723848089710657,18.212573913779817
2020,17,129,Menard,197.804974810052,23.862546118742397,29.60952127740139,18.115674718768695
2020,17,167,Sangamon,230.34666583501885,23.89026356867709,29.547155690806893,18.23347173146198
2020,17,021,Christian,271.2131470079301,23.727195625319144,29.368230792766422,18.08625996347888
2020,17,127,Massac,396.53166693741326,24.832739083659966,30.082253806754835,19.58332316223111
2020,17,057,Fulton,235.90904478795915,23.483117919598637,29.279133235553623,17.68720330910383
2020,17,175,Stark,188.05901541744873,22.98516642879175,29.06670384167512,16.903729331830448
2020,17,203,Woodford,298.6594653611373,23.65981463758645,29.672626013414167,17.64710487342069
2020,17,179,Tazewell,218.36228807515894,23.81193692331372,29.610035654959365,18.013938735509996
2020,17,123,Marshall,249.466734717643,23.290811475572863,29.28406699616612,17.297659390764483
2020,17,143,Peoria,210.23701216564825,23.461294807070896,29.31147104786167,17.611219622825402
2020,17,001,Adams,347.47093898930274,24.036684767999382,29.35099509392335,18.72247595924793
2020,17,177,Stephenson,295.6202212890523,22.206679336211714,28.100602299666654,16.312856273576937
2020,17,141,Ogle,237.41071459711907,22.591577638547424,28.624155062856744,16.559100213545822
2020,17,201,Winnebago,286.9555626002976,22.838743659868207,28.726346640744477,16.951241458872964
2020,17,007,Boone,264.397698131891,22.67452514390521,28.887515833623723,16.461636621873122
2020,17,025,Clay,373.78733849552066,24.415937971253047,30.29941075700538,18.532566951130335
2020,17,185,Wabash,322.91008031731343,24.348753919995,30.02585193766014,18.671754344099014
2020,17,009,Brown,276.4593618935583,23.53036438784716,29.15883258260097,17.90199374784506
2020,17,151,Pope,416.78895079491167,24.28685822313722,29.77509067858359,18.79872735004564
2020,17,033,Crawford,381.8582484432891,23.974992295202046,29.784475303387914,18.165610498858925
2020,17,135,Montgomery,300.97760744787166,23.83535938515289,29.51818512575942,18.152634607748556
2020,17,055,Franklin,317.160712415803,24.83368965532283,30.100669883205196,19.56681049574319
2020,17,023,Clark,372.21526168866694,23.882145472510185,29.728708453540076,18.03568186468412
2020,17,059,Gallatin,440.24772946224874,24.421936714425062,29.80117325483278,19.04280358830849
2020,17,075,Iroquois,290.842011049522,22.98136091136196,29.044737599069457,16.918084004468778
2020,17,041,Douglas,307.5885314986809,23.611611239428168,29.218180792913817,18.00514307382634
2020,17,189,Washington,340.95674384642666,24.76723198969329,30.169231207946147,19.36533396999188
2020,17,159,Richland,364.4477305020082,24.151219028977405,29.79880967364161,18.503729553532878
2020,17,065,Hamilton,349.5807859239671,24.471615156055712,29.903666826231785,19.039662699160953
2020,17,193,White,433.9295203451129,24.432917172725997,29.880253003694147,18.985682060362052
2020,17,169,Schuyler,245.16976900384032,23.52945393881061,29.29678511478717,17.762224296163538
2020,17,181,Union,447.37347815005097,25.045618333739846,30.439024741411455,19.65231413553798
2020,17,085,Jo Daviess,313.3701711124207,22.425886709694506,28.334656983531264,16.517216889754582
2020,17,125,Mason,221.79343254013034,23.833639931724058,29.749975055422972,17.917406492432544
2020,17,191,Wayne,359.8340825746291,24.35129669309687,29.86343105203897,18.83926313343732
2020,17,069,Hardin,476.7195224351175,24.057737742310138,29.492570826807412,18.6230028018822
2020,17,061,Greene,294.27424409037746,24.034747343114248,29.66941993494635,18.400174802381034
2020,17,157,Randolph,321.1146024690687,24.78351814375346,30.226200401394408,19.340934652357497
2020,17,149,Pike,355.6600600365029,23.99579157889718,29.387879524531435,18.603802978604257
2020,17,145,Perry,341.19480050485487,24.8603453822846,30.1540560666348,19.566734348134787
2020,17,087,Johnson,438.69897289601573,24.740346439468347,30.203358314063937,19.27743307985449
2020,17,173,Shelby,368.80027031187285,23.889823547457333,29.54469837636944,18.235047606953476
2020,17,051,Fayette,369.5102466427809,24.050440068739103,29.69690697824599,18.404072228209543
2020,17,139,Moultrie,279.9520858046341,23.89065083306598,29.453606676423938,18.327795008771837
2020,17,017,Cass,210.5412523282469,23.678111247343086,29.538958826405377,17.817366742012464
2020,17,015,Carroll,201.59582463902817,22.82255802833651,29.062098247022753,16.583118262298253
2020,17,047,Edwards,338.8249479208839,24.362477134399157,29.97354133157552,18.751514191115735
2020,17,079,Jasper,399.7003873274292,23.988059493772752,29.531856398559793,18.44436220927373
2020,17,187,Warren,233.76541985493418,23.155519460457533,28.953574661292528,17.357563987914784
2020,17,153,Pulaski,370.2225089246836,25.30958289799014,30.412528186571745,20.206738075497217
2020,17,165,Saline,396.32843344735625,24.424313562140668,29.846921050170824,19.00180772946761
2020,17,101,Lawrence,349.1584796019053,24.246805051660942,29.915320229293464,18.578389364061053
2020,17,045,Edgar,428.04149258687767,23.545032061851764,29.262060289710917,17.8281033238392
2020,17,071,Henderson,223.53531938711376,23.61756168156911,29.232442845785613,18.00277936406247
2020,17,199,Williamson,356.58583114612344,24.641129410785172,30.066081199365208,19.21627960732357
2020,17,077,Jackson,328.1067589425257,24.93991169658203,30.320593261040504,19.559331719754827
2020,17,147,Piatt,232.96126480807283,23.433783682774042,29.097313305747498,17.770354809124253
2020,17,053,Ford,288.84346277839325,23.026308063661805,29.0699240795076,16.982791521084803
2020,17,019,Champaign,315.7588301507097,23.194344861636356,28.993954375983407,17.394835700448
2020,17,029,Coles,380.3677023219759,23.86391240422396,29.314983477431092,18.412941242430204
2020,17,035,Cumberland,427.71908863110906,23.955326385601143,29.618742086358967,18.292010973440632
2020,17,183,Vermilion,327.3219522532493,23.189131533071425,29.076331100487323,17.30203248470847
2020,17,115,Macon,238.60822450908717,23.848174611469286,29.380724296510586,18.315726812301083
2020,17,049,Effingham,356.3349719570948,24.02200209910264,29.642197563698108,18.401904127739094
2020,17,067,Hancock,296.5823703225127,23.926300277329712,29.377940593480975,18.47475950969633
2020,17,095,Knox,208.89801338996713,23.08854037827939,28.964937574318327,17.21224336112968
2020,17,109,McDonough,278.35657006572507,23.243534435499384,28.997833427720106,17.489334568764264
2020,17,081,Jefferson,275.6099608700518,24.543190794495956,29.99008032472616,19.096401472980613
2020,17,113,McLean,238.86041252257246,23.584989654962868,29.45555524314388,17.714524548052484
2020,17,039,De Witt,195.52104408053447,23.612751070719813,29.38687337199205,17.83872964369115
2020,17,105,Livingston,267.50360174412987,23.404416460987303,29.300863580760335,17.508069653753736
2020,17,003,Alexander,354.304952665096,25.402049860726674,30.536372974277857,20.267828490334303
2020,17,093,Kendall,198.2678213368649,22.996542692626733,28.937506754688247,17.055679102987764
2020,17,031,Cook,234.72710389526443,24.03126131068958,28.801924611637755,19.260698876460246
2020,17,037,DeKalb,211.02699716593287,22.604906109171726,28.580478133703878,16.629436554226782
2020,17,089,Kane,214.40646920311045,22.816398387901184,28.84077907458758,16.792117822883927
2020,17,063,Grundy,276.0857260475891,23.331679057265564,29.30397585214195,17.359484839458524
2020,17,111,McHenry,257.35188202611346,22.465607352701554,28.80426429497102,16.12705312034929
2020,17,197,Will,253.12492213382455,23.393716373720867,29.169117790364005,17.618416198216476
2020,17,043,DuPage,203.39939801377068,23.498142202530655,29.23672240396506,17.759665041105762
2020,17,097,Lake,247.593457660548,22.70860687190881,27.84671029386634,17.570604945108194
2020,17,091,Kankakee,263.1475323929087,23.280159206916082,29.29757070002915,17.262849378241288
2020,17,011,Bureau,219.64524509742887,23.080782158361874,29.074359611430197,17.08730546942555
2020,17,155,Putnam,249.10168895882813,23.35092227713614,29.343491840803676,17.35845420739548
2020,17,099,LaSalle,237.8060969982607,23.217990201657962,29.05148076201683,17.38460055966692
2020,17,131,Mercer,257.0707545957196,23.46112522207492,29.21600888066713,17.70634167964209
2020,17,161,Rock Island,262.44968532644214,23.58308994502888,29.16376360754191,18.002517890371962
2020,17,073,Henry,237.45829363776812,23.20378401240676,29.02847301017939,17.37919428112214
2020,17,103,Lee,217.63062468098207,22.71796350195623,28.726969744783307,16.709058874479044
2020,17,195,Whiteside,214.19928363328373,23.09846290570399,29.027030653562985,17.169996723455874
2020,19,149,Plymouth,183.3196215405118,23.444072082466402,30.014818277870198,16.87342683370447
2020,19,193,Woodbury,200.44025659208853,23.50784468020198,30.095656066610058,16.92013323355752
2020,19,027,Carroll,147.4466206925525,23.3610099395009,29.81128828855898,16.910833181360488
2020,19,061,Dubuque,293.21068007760044,22.226858162748673,28.126487654114218,16.327329943609122
2020,19,101,Jefferson,332.114656384541,23.405934653155672,29.182590108847034,17.629378562092864
2020,19,187,Webster,160.31660449842522,23.064908589898305,29.265929992393342,16.863988037506815
2020,19,111,Lee,262.31212782987245,24.07537454214391,29.595920948133305,18.554928477565706
2020,19,127,Marshall,265.82415413068213,22.93301726457288,29.068759808346844,16.797377441438236
2020,19,195,Worth,347.6805526352186,21.649992328311715,27.514831420052545,15.7852532740742
2020,19,033,Cerro Gordo,316.9460336834668,22.194652429693804,28.35149862359752,16.037906006829164
2020,19,051,Davis,213.24699763477054,23.68751190043392,29.520032769174204,17.85509211344243
2020,19,179,Wapello,289.8856288837857,23.658271886203963,29.3363643252211,17.980281653052966
2020,19,041,Clay,167.8546920573075,23.152213689794895,29.62915689436825,16.675368905258793
2020,19,059,Dickinson,215.48026144013727,23.02763231702376,29.393205906978853,16.66215793488216
2020,19,021,Buena Vista,195.27934281673546,23.132843966562103,29.380471317784842,16.88531858371115
2020,19,013,Black Hawk,378.3335248225017,22.930697389646486,29.031072850213565,16.83042090663559
2020,19,075,Grundy,354.638345766355,22.814086811354933,29.05375364098445,16.574520308697675
2020,19,017,Bremer,335.1785995601627,22.652960705441117,28.756947020670385,16.549076152009725
2020,19,085,Harrison,203.6016957734546,23.860312772846658,30.27777323256126,17.44295331144011
2020,19,129,Mills,175.10521129094107,24.59732646504118,30.475786824061135,18.718966094090888
2020,19,155,Pottawattamie,154.98334530511303,24.017156724877356,30.164432354975357,17.869981727332423
2020,19,123,Mahaska,232.23920910770076,23.70366506707921,29.577321122582205,17.830107899780096
2020,19,125,Marion,269.906272640826,23.827984761947555,29.543468081477954,18.112599090974253
2020,19,053,Decatur,225.57091041794394,23.719832653380728,29.555397232272593,17.88436777560104
2020,19,031,Cedar,261.8789805642249,22.976589711157025,28.8685876024798,17.084692591941604
2020,19,151,Pocahontas,175.8554566018081,23.110589207420794,29.434675289384852,16.786602326290872
2020,19,109,Kossuth,208.40128175925537,22.58695894322612,28.65142531126192,16.522592879226067
2020,19,089,Howard,353.1708148602162,20.90992798473599,27.335290963465297,14.484666496075
2020,19,147,Palo Alto,186.99980475445452,22.978702071532286,29.251882674653118,16.705621499628474
2020,19,159,Ringgold,248.86513211873987,23.686065489109627,29.431275474372736,17.940955462768766
2020,19,025,Calhoun,134.37168895114866,23.248646127336805,29.5231716833811,16.974219030472796
2020,19,039,Clarke,220.9801454390263,23.768173206757194,29.732818562609715,17.803629291605862
2020,19,065,Fayette,373.5228672917935,21.846553335237395,28.078425012720512,15.614780629813401
2020,19,001,Adair,160.13540703858138,23.471565271173354,29.577376699500903,17.365855992062922
2020,19,037,Chickasaw,340.01997721497645,21.90560354339948,28.005587522165964,15.805717040288913
2020,19,081,Hancock,263.2875787925729,22.243139146765415,28.39589674705903,16.09048354990074
2020,19,157,Poweshiek,288.93872996012374,23.38679385100827,29.485101873219044,17.28858681911044
2020,19,165,Shelby,140.6822118032054,23.305744467838647,29.7615524539893,16.85003710342256
2020,19,185,Wayne,249.60694388820207,23.485577409956946,29.41143620858116,17.559818033600457
2020,19,097,Jackson,233.92655703395278,22.695435250934626,28.655254268402086,16.735718470913735
2020,19,043,Clayton,335.71770995382764,22.038478710749473,28.260226811202,15.816832301258202
2020,19,007,Appanoose,177.9946803761787,23.52679083559158,29.456318827962637,17.597362399303655
2020,19,177,Van Buren,312.8442392166434,23.82634071603002,29.596343044248467,18.056440174989945
2020,19,197,Wright,200.1625710311923,22.7199223820897,29.077621085049966,16.362325084290774
2020,19,137,Montgomery,194.39917159149778,23.795597726322576,29.965271948627297,17.62602290101681
2020,19,175,Union,225.46657620733154,23.562428938140954,29.38753646847959,17.73742438412467
2020,19,107,Keokuk,298.21914033841415,23.38308555469257,29.279753378154414,17.486519423088403
2020,19,131,Mitchell,357.73607070441386,21.774768053864108,27.728348428023008,15.82128885652722
2020,19,191,Winneshiek,353.0462877603391,21.411413671392754,27.519707222832494,15.303221381909282
2020,19,161,Sac,160.27259876373282,23.263038423293445,29.611895722966672,16.914281689521122
2020,19,055,Delaware,326.8271000162979,21.788018988257917,28.243510588517758,15.332628303830653
2020,19,067,Floyd,335.3101005856151,22.42345912020445,28.430967001471082,16.41605179230812
2020,19,009,Audubon,126.16730827456544,23.301965345527275,29.917210880780438,16.686821143633914
2020,19,079,Hamilton,196.33640892036058,22.851310632589215,29.189963708377398,16.51275851500951
2020,19,069,Franklin,274.71046029741564,22.552363293257493,28.91214383979168,16.192684108754175
2020,19,141,O'Brien,180.54261755790964,23.069661697752828,29.428950390842406,16.71047233115867
2020,19,167,Sioux,155.97191259789122,23.180832082749546,29.66798944325352,16.693774609300227
2020,19,005,Allamakee,336.84588827363837,21.99579301729913,27.96205548588711,16.029631661513275
2020,19,189,Winnebago,285.6162754210385,22.11189305465102,28.04227012516235,16.18161494721364
2020,19,093,Ida,164.18992034271798,23.10319348267258,29.51320403029471,16.693283552040107
2020,19,029,Cass,140.57453977775634,23.46328061577327,29.92760187054822,16.999059359191843
2020,19,083,Hardin,255.08998826277883,22.96134429866176,29.350178832769757,16.572610309202094
2020,19,173,Taylor,241.06196660516105,23.755525375069382,29.599337083592275,17.91181409070638
2020,19,145,Page,241.55915149916436,23.990170489380755,29.95746323665529,18.0229788954681
2020,19,035,Cherokee,168.8086987787415,23.100456468744543,29.495919147350193,16.705096406525477
2020,19,071,Fremont,213.16871365856818,24.43990284349207,30.31637194975517,18.563536235847273
2020,19,095,Iowa,270.031140342517,23.10049092744191,29.213537788455984,16.98754332144679
2020,19,023,Butler,314.42817405455236,22.83191609528074,28.98368090407422,16.680250836743053
2020,19,063,Emmet,198.52621784086458,22.344630995992357,28.470171604959088,16.219188796024984
2020,19,047,Crawford,181.9253328515158,23.360490010614438,29.728015503389877,16.99306543178604
2020,19,019,Buchanan,365.7368596817037,22.364169656679117,28.805652260672677,15.922788002585063
2020,19,143,Osceola,215.60704573494414,22.893141057321177,29.359452207630195,16.426929404492167
2020,19,073,Greene,137.34093591072428,23.254380014866523,29.507527425176676,17.00133371212383
2020,19,087,Henry,296.53806237504295,23.846690559595977,29.687271768214032,18.006210511443022
2020,19,119,Lyon,195.95061054471557,23.033308807755454,29.611301636886246,16.45541665277174
2020,19,003,Adams,196.10500624127317,23.48696563099917,29.530042679519838,17.443987712104768
2020,19,133,Monona,209.85127293163222,23.66985275317059,30.43801451052087,16.901793415767433
2020,19,091,Humboldt,199.7220312454112,22.878992189048276,29.12716501112144,16.630919628064483
2020,19,115,Louisa,284.46517403032817,23.647844561853173,29.380954770302097,17.91483610532219
2020,19,171,Tama,337.0437570004535,22.860551579502815,29.13658663757319,16.58461817467515
2020,19,135,Monroe,279.65575812388283,23.55980318447919,29.21022533688243,17.909478717496885
2020,19,117,Lucas,226.04261739523852,23.51178686773848,29.460335222337505,17.563340077910734
2020,19,057,Des Moines,268.78936521942575,23.834632511802237,29.53005700057739,18.13930736578166
2020,19,011,Benton,344.7749356224686,22.682481214117765,28.840712815086,16.524350088323445
2020,19,113,Linn,305.2492156045406,22.540072683216565,28.637579804740657,16.44266696698723
2020,19,105,Jones,283.27056049696824,22.34191937527915,28.467747807643207,16.216189806206284
2020,19,103,Johnson,250.59118025357336,23.189397672643288,29.05343165014398,17.32546563630771
2020,19,183,Washington,305.844570357082,23.357441079300195,29.253881129736587,17.461101137782894
2020,19,045,Clinton,229.11124550271177,23.124990794477426,28.964066914489813,17.28601549049247
2020,19,163,Scott,244.0280874837833,23.461007075923984,29.021279766847368,17.900833522062424
2020,19,139,Muscatine,235.3676196932298,23.609151140641938,29.410358821594308,17.80804409323401
2020,19,169,Story,183.36883032988177,23.135759137181864,29.311142147724407,16.960477455014193
2020,19,015,Boone,150.97423251348405,23.286821390214268,29.50103207886312,17.072710844428507
2020,19,121,Madison,199.46099946235023,23.698191557197642,29.7087935368799,17.68769196949867
2020,19,181,Warren,267.89542271672536,23.876104111315616,29.69884722314291,18.053461069629325
2020,19,049,Dallas,135.52270335942146,23.597736210206232,29.78663893877945,17.408933328043794
2020,19,153,Polk,213.81969511654756,23.821637352311296,29.660240743782115,17.983135138434168
2020,19,077,Guthrie,103.63556368288008,23.436687595592907,29.93767858455269,16.935797784794833
2020,19,099,Jasper,246.02682528338838,23.560287778825934,29.473500017151327,17.647176608975872
2020,31,043,Dakota,208.6936152092764,23.762079338110457,30.38127580547307,17.142984513453413
2020,31,051,Dixon,190.82770856330305,23.48079159921214,29.960072239709806,17.001612693051428
2020,31,053,Dodge,173.60509519350043,24.21151405889455,30.483608671207502,17.939520589515915
2020,31,025,Cass,265.7707451313859,24.661784887952116,30.375011311759202,18.948661075354938
2020,31,055,Douglas,171.95383922006695,24.814707059394024,30.572743707721482,19.05676754230496
2020,31,153,Sarpy,177.95029026827828,24.89992699542333,30.700110360980023,19.09984440934434
2020,31,155,Saunders,188.04651766884882,24.365477329369433,30.685681292549198,18.045375047609294
2020,31,177,Washington,161.14306784688173,24.237658826871193,30.178280707221244,18.297136763398075
2020,31,067,Gage,374.98484705506917,24.144549641396015,29.897832983542465,18.391365400381524
2020,31,109,Lancaster,324.2390559621088,24.402255080107906,30.141706124024434,18.662902646215052
2020,31,159,Seward,281.2370552152203,24.026977811558147,30.006169362292937,18.047886121230743
2020,31,139,Pierce,213.86080748019938,23.746577323408324,30.198253722625438,17.295000589484864
2020,31,119,Madison,178.43328655543377,23.533370306949486,29.8910855739971,17.17575487699876
2020,31,167,Stanton,143.16593507108354,23.625354056098256,30.119448764312768,17.131361541071602
2020,31,117,McPherson,170.02308740937895,22.98181330122281,30.951095311940037,15.012632033130465
2020,31,111,Lincoln,161.840714822098,23.4342236313266,31.35949170214852,15.509056806522201
2020,31,113,Logan,272.0382752329438,22.91820228708231,30.591830391320038,15.244674695186662
2020,31,007,Banner,88.49187379552923,22.04936881770583,31.495495937061307,12.60334320383329
2020,31,157,Scotts Bluff,70.3039981509985,22.83437350619295,32.00204867007823,13.666799480379657
2020,31,165,Sioux,105.51950499338953,21.7062342310467,30.853610998684402,12.558957849198357
2020,31,039,Cuming,131.5035565950368,23.60750256339089,30.048440214449705,17.166665175828303
2020,31,129,Nuckolls,329.6711535448283,24.249550737105473,30.521148973847055,17.978053371006276
2020,31,101,Keith,143.82384008987611,23.498454116631418,31.64212865942802,15.354881815745989
2020,31,137,Phelps,154.4868064669399,23.748746100342597,30.307311517653602,17.19027869045873
2020,31,181,Webster,214.58889055494416,24.201408824429024,30.65414403130571,17.74877418823398
2020,31,015,Boyd,336.3773339191697,23.36276676213345,30.01333846022236,16.712296236149786
2020,31,171,Thomas,275.75656947551556,22.956481745431557,30.54232548083624,15.370738874710781
2020,31,089,Holt,283.19151431255546,23.077349340168386,29.738352765120908,16.416447190199033
2020,31,017,Brown,292.29060035554204,22.8163550874638,29.8355380630315,15.797273675802533
2020,31,103,Keya Paha,304.83866723530673,23.004118622989274,30.051199728124853,15.957138906408534
2020,31,077,Greeley,201.69091489237334,23.256486086025124,30.36344394314822,16.149627868901426
2020,31,095,Jefferson,395.4844822928281,24.16994360440115,30.029155086250427,18.31083192508133
2020,31,151,Saline,341.27316671684093,23.90228694598791,29.684824539969135,18.119849141560252
2020,31,057,Dundy,237.4785325075968,24.14876520530041,32.715076103649395,15.582554557183318
2020,31,131,Otoe,335.9402876660505,24.496175572598826,30.313541615775325,18.678910049828776
2020,31,087,Hitchcock,163.39840173968634,24.524158663316474,32.84772072937473,16.200698347440905
2020,31,105,Kimball,128.41215582068733,21.680967333748573,31.03362632910914,12.328408180527918
2020,31,127,Nemaha,348.7493259629133,24.327612737708588,30.155404429871655,18.49992146747692
2020,31,041,Custer,238.96957821114853,22.985782673606096,30.120259734067567,15.851406195366065
2020,31,143,Polk,230.3227217881868,23.98559637147548,30.20031884724193,17.77097470566132
2020,31,045,Dawes,135.6757417801745,22.787226399748466,31.622612141161564,13.95194218300963
2020,31,179,Wayne,181.91393403178614,23.517193898809737,29.965137032080868,17.06934898100518
2020,31,071,Garfield,226.73696136023966,22.73290016545946,29.739541740239023,15.726361024423438
2020,31,013,Box Butte,112.68671860287392,22.155069129989975,31.11128215934958,13.19895766538067
2020,31,173,Thurston,169.19410278891738,23.817542028157842,30.679697655435877,16.955487620558564
2020,31,011,Boone,212.9717520479574,23.228522056840994,29.707023146138138,16.75012241006321
2020,31,145,Red Willow,215.79892582810064,24.487038488262478,32.2581645766617,16.716013423743366
2020,31,149,Rock,323.7109993531125,22.720272007818387,29.492184877046355,15.948457398489102
2020,31,005,Arthur,194.78128344544686,22.843019744298935,31.037815052424634,14.648326511270248
2020,31,085,Hayes,160.41197397899742,23.977800551305563,32.08199692997941,15.873704020150996
2020,31,097,Johnson,300.494306081352,24.178156014508858,30.051590979000014,18.30482149212889
2020,31,003,Antelope,230.3972899438975,23.201352101977772,29.526673768189585,16.8761308996686
2020,31,163,Sherman,171.39557545350132,23.383927975931485,30.46700630679964,16.300948829725353
2020,31,161,Sheridan,130.71702016166046,22.322981900413872,30.94649071241454,13.699573235278995
2020,31,133,Pawnee,395.9576846273357,24.10473062129991,29.944714431147307,18.26484899093709
2020,31,075,Grant,175.94730799867497,22.332073805523272,30.49720397150647,14.167042549987519
2020,31,021,Burt,150.84725853348775,23.82659624385771,30.32115368752355,17.332142341570716
2020,31,009,Blaine,340.39261793815456,22.740880515544198,29.94585125877505,15.536012087063458
2020,31,027,Cedar,184.09937604296306,23.6383089174341,29.938741871342174,17.33797876298049
2020,31,169,Thayer,471.70852733523014,24.243026309292286,30.308085396548293,18.17806843266084
2020,31,049,Deuel,104.7181285056042,23.110315166944105,31.78047120946882,14.440258104640534
2020,31,123,Morrill,101.52344447716375,22.763689279912494,32.037716248932064,13.489762673093855
2020,31,115,Loup,295.32637976885695,22.694195333612193,29.72683574317055,15.661656472843841
2020,31,063,Frontier,172.98442727474878,23.86763196553606,31.415207479057134,16.32015827265062
2020,31,125,Nance,217.31137973084904,23.72366897394509,30.083491499980624,17.363948553635606
2020,31,107,Knox,261.0632610308573,23.703806846825955,30.331111272780326,17.076602468240104
2020,31,135,Perkins,159.32760960471703,23.642610122970115,32.022969725306794,15.262350527267003
2020,31,037,Colfax,164.3866221375553,23.97530028417271,30.307512384398645,17.643189348321066
2020,31,023,Butler,218.82375768593084,24.055068797752014,30.343666769630264,17.766571290852543
2020,31,031,Cherry,237.8497243535586,22.6506853595325,30.41812021074439,14.883351954754907
2020,31,183,Wheeler,213.19106354662998,23.228698519312417,30.128085724613598,16.32940960692813
2020,31,061,Franklin,200.85395493590585,24.412559208652024,31.02731061365216,17.79790944939886
2020,31,029,Chase,179.3332219294585,23.822811251898266,32.26602732365247,15.37969818566666
2020,31,059,Fillmore,318.97337843271765,23.96552819253883,29.966493730390948,17.96466319017477
2020,31,185,York,239.59978142445348,24.000256224356562,30.085122249416457,17.91549023861757
2020,31,035,Clay,231.7009898352283,24.118818882890537,30.24776189376951,17.989978182101122
2020,31,033,Cheyenne,115.29611258475434,22.498151235264924,31.79867567727434,13.197726972198717
2020,31,069,Garden,135.34687898985624,22.788035263554388,31.53922109964342,14.036950703493996
2020,31,083,Harlan,201.0799845068646,24.457552263993243,31.40250201031634,17.512702965878646
2020,31,091,Hooker,198.90923337239298,22.640605496845133,30.434094312930736,14.847218393874089
2020,31,147,Richardson,401.5330300106987,24.218914037036768,30.052945604200207,18.384985109503496
2020,31,065,Furnas,221.74120377036633,24.40758938805234,32.06035613134935,16.75492347671396
2020,31,175,Valley,255.05375244143505,23.113982373789177,30.11040276647223,16.117660582476674
2020,31,141,Platte,169.6220689586305,23.690772800140152,29.957914653950063,17.423729278159005
2020,31,121,Merrick,195.61878689191968,23.997444448674536,30.112376705888195,17.88261275302281
2020,31,079,Hall,156.9863988504233,24.111418155899575,30.28762432423303,17.935311108529362
2020,31,081,Hamilton,193.75713782862013,24.25887636941353,30.35593886556424,18.161910722237284
2020,31,093,Howard,169.0536763587408,23.828760858714354,30.38360567950746,17.2740184426886
2020,31,001,Adams,121.80033873641415,24.26315794925438,30.44034265503217,18.08607505437255
2020,31,099,Kearney,111.22274690017903,24.011764609904695,30.43753805906001,17.58609383197066
2020,31,019,Buffalo,153.1979243914306,23.74196970545942,30.489713453047713,16.994327057941316
2020,31,073,Gosper,199.57646791572046,23.694839497293213,30.60707891180248,16.78270137347833
2020,31,047,Dawson,175.67267711054808,23.417022741331895,30.38481666057456,16.44932987653616
2020,37,037,Chatham,407.90702930817395,25.402493318451075,30.497220253129548,20.307865562250594
2020,37,115,Madison,408.9048940773128,21.684972658017465,27.22749571895011,16.142550570674473
2020,37,087,Haywood,450.8785218185465,19.86788936078194,25.013758377835316,14.722121257082225
2020,37,021,Buncombe,418.53269664308425,21.716691751574054,26.831644905427098,16.601839497951097
2020,37,089,Henderson,491.90092494134893,21.930973114405347,26.947440476149104,16.91460698605488
2020,37,175,Transylvania,640.737970427213,21.050612816055093,26.056451895082148,16.04487442581375
2020,37,167,Stanly,319.9087145745026,25.63194948012009,30.883118603278454,20.38088338363817
2020,37,109,Lincoln,396.7448570180035,25.15583618094994,30.617172840363843,19.694597234026034
2020,37,159,Rowan,377.323060169766,25.066581895460935,30.359498701890438,19.7737667123554
2020,37,025,Cabarrus,336.2740384496402,25.616031936125776,31.009040981310974,20.223124318825384
2020,37,097,Iredell,474.8121324338253,24.825043707300534,30.168912944354844,19.481275843318773
2020,37,071,Gaston,323.2511898295627,25.794953490726595,31.12199982629156,20.468006695681655
2020,37,179,Union,299.258881279783,25.955289375691542,31.079790085758123,20.8308883052576
2020,37,119,Mecklenburg,299.4164204786637,25.902143379441345,31.005666397979088,20.798719807043078
2020,37,045,Cleveland,403.4352362724698,25.138925295632873,30.820500367128552,19.457452339109015
2020,37,005,Alleghany,505.3286796221969,20.350489098288325,25.653766204402196,15.047313565511912
2020,37,173,Swain,482.7329389796329,20.44652409644981,25.63503236234435,15.25811821618279
2020,37,011,Avery,516.3802200945998,19.81403443974404,24.24138478716575,15.386786898262923
2020,37,033,Caswell,359.514915343634,25.406605289829788,31.08625342523363,19.727056780048105
2020,37,075,Graham,551.1273539907877,21.680378188257624,26.801072307005164,16.559785924262552
2020,37,007,Anson,343.25546626551693,26.11589605521598,31.25927210549428,20.97262046621322
2020,37,149,Polk,438.90823601329294,24.262101379259395,29.641972168137976,18.882333414026924
2020,37,039,Cherokee,493.75571691822756,22.67269655220126,28.1482228491838,17.19727022804534
2020,37,113,Macon,558.7985415525711,21.222655288352424,25.995020109006884,16.450391345159293
2020,37,009,Ashe,456.24423986518775,20.290233165530744,25.160055514158813,15.42051076518591
2020,37,123,Montgomery,322.4123019400692,25.690532729199678,30.928240950228204,20.452925074924988
2020,37,043,Clay,577.3067390151102,21.641232612854317,26.599933285456522,16.68263022402101
2020,37,121,Mitchell,445.27347817809505,20.364251942287684,25.26049459587421,15.468108901554208
2020,37,199,Yancey,428.8027787852648,19.76910436730171,24.317087183370536,15.221223689829774
2020,37,189,Watauga,504.8279352462363,20.25107866435228,24.950524996359295,15.55173367298945
2020,37,099,Jackson,552.4725043936753,20.630731559977622,25.408489339169773,15.853074525131682
2020,37,161,Rutherford,451.1174242288023,24.570693746358323,30.14712992148087,18.99435590610355
2020,37,193,Wilkes,562.1145726128556,23.709365577180353,29.167136805956684,18.2516957095836
2020,37,125,Moore,434.52987041940474,25.852019833513868,30.929953089772383,20.77418722013913
2020,37,153,Richmond,343.47459912491144,26.096824951640283,31.162456282176695,21.031293914837676
2020,37,093,Hoke,503.1814696423457,26.55788672557196,31.490292845656313,21.625579224357736
2020,37,165,Scotland,411.2450075886088,26.475637419144668,31.48597892361623,21.465394892038372
2020,37,155,Robeson,516.1746019440795,26.528785512501177,31.28145308080557,21.7762192906949
2020,37,001,Alamance,392.33616693405895,25.67496117382848,30.92060696380688,20.429413949195617
2020,37,151,Randolph,353.6221555280515,25.17848854049773,30.20074376723859,20.156334175895974
2020,37,081,Guilford,379.44326438192917,25.257509213432378,30.19456904139064,20.320550751057027
2020,37,157,Rockingham,341.64593613945186,24.893913152339092,30.25754612919436,19.530380336696822
2020,37,171,Surry,507.04935681597476,23.765647677467626,29.48926969672792,18.04212730843226
2020,37,057,Davidson,414.77869970361735,25.108189429770757,30.312052723081816,19.90442567064239
2020,37,169,Stokes,410.177488752731,24.319803933058278,29.76177027813398,18.87793840712212
2020,37,067,Forsyth,407.2682801024148,24.90641738015606,30.080345937005,19.732588903548177
2020,37,197,Yadkin,469.62324827753065,24.45009911945842,30.124444301324523,18.775855276252337
2020,37,059,Davie,422.72896676686776,24.790598331137872,30.321205489303487,19.26009234882877
2020,37,027,Caldwell,548.3229271543831,23.8656672682213,29.129371854679246,18.602063197391573
2020,37,003,Alexander,534.5853682934863,24.261276785882284,29.379253236490545,19.143402974472316
2020,37,035,Catawba,538.7056021084674,24.881930368415087,30.1546525716973,19.609308340070207
2020,37,023,Burke,522.0854765254371,23.894146580600882,29.33821587029587,18.450178540585572
2020,37,111,McDowell,498.0757555380526,22.985971790591602,28.467073483919716,17.504971412465004
2020,37,029,Camden,492.86147646786947,26.296564032994407,30.747201384107335,21.84602672022762
2020,37,139,Pasquotank,433.02488778763774,26.481883741253334,30.907965147073103,22.055900863981968
2020,37,143,Perquimans,419.87986160412095,26.48883631810944,31.045514283449084,21.932255068476188
2020,37,177,Tyrrell,465.7582709218811,26.38904883493869,30.58807134473238,22.190127023880766
2020,37,055,Dare,480.20425629412995,26.7068046653076,29.670441242538644,23.743269743413865
2020,37,073,Gates,460.5339013828561,25.842607351933907,31.086153493099822,20.599162281579513
2020,37,053,Currituck,518.0081842718282,25.97403799816403,29.368467721204116,22.57970674015408
2020,37,019,Brunswick,563.439420998279,26.477984357533842,30.349038656292063,22.60703013085999
2020,37,031,Carteret,458.45736308782625,27.099965691115223,29.978841240380316,24.2211908422202
2020,37,137,Pamlico,451.679162015438,26.865417069483808,30.676512918961862,23.0544199686677
2020,37,049,Craven,471.5932790766812,26.615915468237176,31.119144600005324,22.1127835933885
2020,37,103,Jones,473.4973412862372,26.30856199207924,31.085975196004178,21.53125113264269
2020,37,085,Harnett,566.1958907278482,26.400518933654386,31.32989448259093,21.47124571010273
2020,37,063,Durham,379.2597561419388,25.885681976665968,31.054672126885215,20.716792407030823
2020,37,145,Person,359.66972784172685,25.253047481922575,30.72694823921229,19.779246142618668
2020,37,135,Orange,360.7581454814194,25.556105395974,30.835099868183505,20.277207075542034
2020,37,181,Vance,512.237807346781,25.620922676773986,30.961490652917572,20.280453536909985
2020,37,077,Granville,436.0579029872062,25.457220597073213,30.572003334954772,20.342540336597292
2020,37,069,Franklin,492.1953942769177,25.68788308381676,30.90393951995444,20.471926036499006
2020,37,101,Johnston,500.88610183667976,26.294357360075992,31.239200618754847,21.349615998755677
2020,37,183,Wake,462.4131081459552,25.85866049051405,30.69433630979651,21.02308496086732
2020,37,105,Lee,443.81869349456514,25.771232780275433,30.864102251269927,20.678462390121858
2020,37,131,Northampton,434.47545542013734,25.75286478241714,30.98002527245566,20.525804031148713
2020,37,083,Halifax,393.5563328329285,25.91802037776629,31.102271615228688,20.733870020168112
2020,37,127,Nash,514.3171652141166,25.94860986944341,30.953993324471533,20.943326254359718
2020,37,065,Edgecombe,430.3012244108563,26.02294971291462,30.973545981758594,21.07245517274743
2020,37,195,Wilson,546.9444659102946,26.210054715608514,31.13842265250246,21.28178780655767
2020,37,163,Sampson,503.18148640021553,26.474244438419387,31.202148934483226,21.74643960364426
2020,37,185,Warren,432.9299148444358,26.053387755124128,31.47304991158953,20.63382759127759
2020,37,187,Washington,434.26879021318393,26.49105843033204,31.182956522818955,21.79926068070418
2020,37,061,Duplin,446.20670579133935,26.174126614483356,30.976775937902747,21.371576380966463
2020,37,091,Hertford,448.9811135372381,25.690561277110074,30.811241341390772,20.56998103352835
2020,37,017,Bladen,470.20572843467045,26.524554017743174,31.2902124740244,21.758998413459246
2020,37,095,Hyde,398.36365776575667,27.038142717241904,30.70927501150955,23.367110883208646
2020,37,015,Bertie,402.1306686533937,26.127714241420264,31.05799751556582,21.197533804026754
2020,37,079,Greene,542.3037998261069,26.33017252202373,31.259864723320305,21.400581447749808
2020,37,041,Chowan,475.23341627185306,26.65959739286264,31.191306092422668,22.12799096735582
2020,37,117,Martin,427.84191643089923,26.154940290031057,30.910487505608526,21.399493348216904
2020,37,047,Columbus,530.4013265729333,26.33682265353423,30.710127514649525,21.96361695495028
2020,37,191,Wayne,529.1794992661692,26.251737149235446,31.026787024290858,21.476787483088998
2020,37,133,Onslow,540.6183164526001,26.459709709542647,30.545482531511826,22.374036955666707
2020,37,107,Lenoir,529.8929352149001,26.224853246902356,31.032209452228813,21.417597667596063
2020,37,129,New Hanover,598.7341392797993,26.7042410552526,30.46412980717735,22.944454892181042
2020,37,141,Pender,490.0422621453238,26.346035653989915,31.00226915973016,21.689902982045965
2020,37,051,Cumberland,537.8457269412779,26.735158572232603,31.546382534240205,21.92403456713377
2020,37,147,Pitt,445.7589205998418,26.383327882853795,31.225926966023923,21.540831131094492
2020,37,013,Beaufort,465.84025401223266,26.611330052311256,31.206492401900004,22.01626882040557
2021,17,121,Marion,475.68924537291133,24.53272327731149,29.84741296471791,19.212100855380623
2021,17,005,Bond,455.75311978969785,24.334804328709723,29.711399693790973,19.033013101586462
2021,17,083,Jersey,400.2159085960853,24.671917974455884,29.97952858326621,19.378571623786506
2021,17,163,St. Clair,365.1975964328312,25.367054318207973,30.566237025814573,20.12693870004622
2021,17,027,Clinton,369.01866298656705,24.810233042751584,30.125648174791035,19.488565641322744
2021,17,013,Calhoun,511.4210995978282,24.75710898160824,30.129335285282455,19.394522131361178
2021,17,119,Madison,412.46675136655057,25.054229985982094,30.170539150077186,19.920696186145747
2021,17,133,Monroe,314.0993282864034,25.248660234350062,30.54871479116107,19.92368707452655
2021,17,117,Macoupin,433.199595956473,24.133345355854345,29.334474838494135,18.96457906105056
2021,17,171,Scott,406.76848709893176,24.039499350531035,29.521951931195126,18.534741036222172
2021,17,137,Morgan,414.38420611861284,23.908453992276833,29.278542677644566,18.54844294848637
2021,17,107,Logan,405.12785980600574,24.065733298527093,29.339116481801398,18.75203250634161
2021,17,129,Menard,404.82127348384694,24.0102741726029,29.17935470294317,18.83274954428355
2021,17,167,Sangamon,430.6760393246486,24.049384883956485,29.277894858210676,18.822701700821334
2021,17,021,Christian,435.25508256024517,24.033437016830955,29.392086211118297,18.664998153568007
2021,17,127,Massac,376.1350087658193,25.077224023912493,30.1504233475543,20.006778410260395
2021,17,057,Fulton,298.85627201498187,23.425356142334063,28.773156085686576,18.04751835778973
2021,17,175,Stark,397.2360837247095,22.984985554142945,28.535958264594907,17.467149330431823
2021,17,203,Woodford,272.61899361990146,23.619998761551344,29.06389515867707,18.171397624781022
2021,17,179,Tazewell,376.1216953478623,23.954980643317096,29.126658413312878,18.674641640747886
2021,17,123,Marshall,339.02239091355614,23.291708747393642,28.762058478768534,17.827726170099442
2021,17,143,Peoria,352.2967821931267,23.528327108148,28.77746701409226,18.21764566829969
2021,17,001,Adams,460.04820667965254,24.073658938598307,29.188184000621344,18.948605946514096
2021,17,177,Stephenson,217.3434140081756,22.369886509893625,28.185157161499582,16.552037840684864
2021,17,141,Ogle,200.13531891039213,22.71728165590058,28.53182584690715,16.91072992594232
2021,17,201,Winnebago,228.6409886657664,22.922897165955977,28.712639513489442,17.142960952572597
2021,17,007,Boone,282.39219516336925,22.631406221318862,28.69226387815614,16.637786960619987
2021,17,025,Clay,507.4205601491123,24.403777886668745,29.82984735272305,19.00919430756329
2021,17,185,Wabash,520.3795716669139,24.567258282113247,29.97856517885565,19.189469789136893
2021,17,009,Brown,471.6297349945415,23.55839998238107,28.906436266017437,18.21411188369694
2021,17,151,Pope,359.3948034330721,24.50671341158997,29.877288047453828,19.14425591026457
2021,17,033,Crawford,501.536478224901,23.979436223845518,29.345622332338294,18.614993186708052
2021,17,135,Montgomery,447.3460361664145,24.01551062612512,29.412348211859918,18.648830066686305
2021,17,055,Franklin,397.09691496617694,24.801316637718394,30.18083873376136,19.398738275417656
2021,17,023,Clark,438.4486817581689,23.875514886857637,29.15822570825719,18.592999756863136
2021,17,059,Gallatin,363.7128647854896,24.62401569019382,29.95028053653192,19.286602331808012
2021,17,075,Iroquois,382.2623355706201,23.25486879786769,28.74263695195854,17.748631731365958
2021,17,041,Douglas,422.45204534460413,24.009319145058257,29.174395539027984,18.830682121607893
2021,17,189,Washington,384.72391550489004,24.75426616970435,30.04732256182835,19.4803531389933
2021,17,159,Richland,497.049119718111,24.29538964303015,29.599678235127847,19.000382828325936
2021,17,065,Hamilton,436.01153255015316,24.562306545559018,29.948276313212425,19.17599054530095
2021,17,193,White,435.76228243171374,24.49137022611191,29.849636083331674,19.172102054505245
2021,17,169,Schuyler,414.97978135383204,23.594554235105385,28.980723097381613,18.202999478047385
2021,17,181,Union,265.8898374481863,25.13435056287221,30.426335266197146,19.879210489306256
2021,17,085,Jo Daviess,235.4324630598392,22.435441092635386,28.185811450313793,16.705720656123237
2021,17,125,Mason,413.1597381033862,24.08469023523064,29.4235216466072,18.637957476051646
2021,17,191,Wayne,506.1542567110358,24.354344443908758,29.662234798743984,19.0913573130191
2021,17,069,Hardin,382.0107581470599,24.353164418888312,29.587957933936238,19.064431758173217
2021,17,061,Greene,478.69308512668033,24.19777947456252,29.59742093833442,18.843554269081427
2021,17,157,Randolph,380.2527690353357,24.87918507959872,30.310154380600856,19.471707941031156
2021,17,149,Pike,472.6841684288047,24.184500770404338,29.465479510998442,18.842398609331926
2021,17,145,Perry,419.69638651829746,24.783720789970225,30.08559037131452,19.515986657244085
2021,17,087,Johnson,313.82762449592303,24.861818818784293,30.27153456387448,19.528093096538974
2021,17,173,Shelby,462.88164792210114,24.038442056687337,29.51210244402953,18.579202445615678
2021,17,051,Fayette,451.3756307825085,24.12475769664906,29.593715472339618,18.70181775561442
2021,17,139,Moultrie,430.06654893280705,24.014263996753023,29.248817929371548,18.786350372532684
2021,17,017,Cass,440.248919774926,23.857041942554613,29.305706873906665,18.39616713021216
2021,17,015,Carroll,217.45988636476477,22.667898708901397,28.448734150984382,16.868364842781425
2021,17,047,Edwards,568.2104479293438,24.545719247619786,29.981944155489973,19.151052471238877
2021,17,079,Jasper,469.12681597042865,24.125198304099985,29.305406486890025,18.98832009188195
2021,17,187,Warren,378.15633960912186,23.080765495136525,28.511751037596113,17.653290066746287
2021,17,153,Pulaski,263.28295593900936,25.387035979114593,30.408783943492594,20.404578312851715
2021,17,165,Saline,388.3574684121818,24.687576473669942,30.05910396749282,19.317228142127632
2021,17,101,Lawrence,470.6886241953282,24.319191997077336,29.494271234759253,19.153209147135165
2021,17,045,Edgar,475.15449009292786,23.66892693428256,29.030709454231452,18.29035268702255
2021,17,071,Henderson,386.48280895490046,23.595126636214395,28.83173016051287,18.34184303571068
2021,17,199,Williamson,344.4276346083036,24.751353043883018,30.160402357394624,19.36064757398039
2021,17,077,Jackson,290.31880520357026,24.975035064196817,30.248269940318863,19.682470951826403
2021,17,147,Piatt,383.7878598398415,23.68728536499536,28.902516870428457,18.46136575492273
2021,17,053,Ford,459.27125610490225,23.368630737909772,28.83412103579339,17.870090680059583
2021,17,019,Champaign,386.09339251654774,23.495744196354178,28.8321935256681,18.144548102658213
2021,17,029,Coles,490.49372693622223,24.04260650384095,29.13073933869546,18.940851203740557
2021,17,035,Cumberland,406.2489178525982,24.09909389650499,29.387071064923248,18.823747588698925
2021,17,183,Vermilion,425.3590347279126,23.44002989936321,28.869261891217658,18.014250439309464
2021,17,115,Macon,398.5103262884385,24.041561643235987,29.237132007512695,18.834891737929492
2021,17,049,Effingham,401.20109610286477,24.181259711623852,29.521185969653587,18.836865908158117
2021,17,067,Hancock,397.6635742868763,23.937949554294722,29.06787281788255,18.803255183285167
2021,17,095,Knox,371.9567420875842,22.974492581648285,28.443689552236116,17.512712505345704
2021,17,109,McDonough,310.5953992104204,23.29119452540322,28.57676231367124,17.99223289141905
2021,17,081,Jefferson,434.77188206885484,24.576414430710596,29.97043777842459,19.18089879993961
2021,17,113,McLean,481.1992885004954,23.649038305755276,29.079312374272888,18.266549995294575
2021,17,039,De Witt,417.4293740714035,23.744952741815425,29.100468674401263,18.427840356397983
2021,17,105,Livingston,398.864633850379,23.507682004320458,28.873758167638382,18.120042618406682
2021,17,003,Alexander,345.47770313589996,25.469987073755906,30.527636942110565,20.4180312312802
2021,17,093,Kendall,305.28345284203135,23.109391295291356,28.475192318598474,17.68771628179802
2021,17,031,Cook,349.56842249818743,23.84575884807162,28.223278635760153,19.43930778540705
2021,17,037,DeKalb,278.1266743350469,22.52054096160726,28.337429542945145,16.735367730095447
2021,17,089,Kane,334.2536639302578,22.81116523702011,28.48643048169266,17.17078602047956
2021,17,063,Grundy,370.8179540897134,23.220451087276768,28.549519020424945,17.8829559308776
2021,17,111,McHenry,301.4595345768018,22.502446356915804,28.629379694548415,16.405244644138904
2021,17,197,Will,366.0602972635836,23.400580515731118,28.685958580805146,18.092693893322192
2021,17,043,DuPage,327.16468077386315,23.33091347169479,28.74653594285514,17.908192345274802
2021,17,097,Lake,255.38483340375524,22.736466525953592,27.813712367860763,17.6534208340199
2021,17,091,Kankakee,364.941894727496,23.269302490352782,28.583900776271783,17.915827664290322
2021,17,011,Bureau,324.87343863981005,23.235720863246964,28.784464159730764,17.761823831166595
2021,17,155,Putnam,347.29362581923516,23.43731557831631,28.806882210796466,18.077179218962772
2021,17,099,LaSalle,302.8230398212297,23.168024472435153,28.534774040094344,17.823890877885436
2021,17,131,Mercer,329.25738428135,23.44155580362255,28.94764748038207,17.944421445074994
2021,17,161,Rock Island,267.90903786436235,23.633193934704078,28.887131685893856,18.380032495666043
2021,17,073,Henry,353.77884800527346,23.334576602505205,28.73543937047912,17.880570781819905
2021,17,103,Lee,216.31266871006105,22.760937719462554,28.54175220149299,17.038634262494412
2021,17,195,Whiteside,211.0808510881397,23.095219988607703,28.674576075637585,17.4871604593055
2021,19,149,Plymouth,249.8048535908055,23.017472143805364,29.648194233349145,16.421950658201972
2021,19,193,Woodbury,247.70699729394659,23.153521337126605,29.80514665167352,16.564541827045623
2021,19,027,Carroll,275.9661023884313,22.948292984841014,29.375111243938505,16.517932298088503
2021,19,061,Dubuque,303.1036624164727,22.25080799449876,28.217238874388446,16.365467458170624
2021,19,101,Jefferson,360.35352268005903,23.661345511717265,29.132989383563757,18.14851690409981
2021,19,187,Webster,305.36921295709965,22.835316261388186,29.073919541705354,16.58727299209301
2021,19,111,Lee,376.65382484534337,24.101963248853277,29.265690170286526,18.910492927240565
2021,19,127,Marshall,231.6015538254962,23.113831037022035,29.35701025393537,16.83964805176931
2021,19,195,Worth,431.1391980692896,21.93776592859306,27.941275063486195,15.946185214883993
2021,19,033,Cerro Gordo,343.53888732416164,22.399201755798952,28.569473952744843,16.228684363990155
2021,19,051,Davis,493.67319530230856,23.742300199461745,29.228268509076745,18.261889958347155
2021,19,179,Wapello,401.10915873460823,23.810482728481777,29.144258561458198,18.376553674475947
2021,19,041,Clay,279.3573234912481,22.670133744659122,29.18517800739834,16.143592304794232
2021,19,059,Dickinson,226.28061389782033,22.849463674871924,29.186470548237875,16.525477566278244
2021,19,021,Buena Vista,287.38584507594027,22.630437894374722,28.927965454986058,16.315580560316707
2021,19,013,Black Hawk,291.28350697321343,23.11491912556853,29.290312289346435,16.924663012310294
2021,19,075,Grundy,300.4417631750701,22.895970486733045,29.183585035120863,16.590008271166187
2021,19,017,Bremer,343.6694008922821,22.83754748994389,28.9859466895755,16.667087833433524
2021,19,085,Harrison,337.2647201382313,23.80564850387889,30.21160194805901,17.316138406296204
2021,19,129,Mills,296.8531801262062,24.456935188330498,30.344278809935744,18.656979424343714
2021,19,155,Pottawattamie,346.6281609444791,23.87301865495768,29.917387293014944,17.77243616591363
2021,19,123,Mahaska,274.93552760254715,23.959113754023196,29.564979621325026,18.153483841248068
2021,19,125,Marion,258.9616873049689,24.161481772494838,29.745742612367405,18.34322495545987
2021,19,053,Decatur,384.584717406574,23.644731797668346,29.544902628737567,17.7837935439113
2021,19,031,Cedar,253.6495617543135,23.16126431634249,28.941022000127354,17.39112771610411
2021,19,151,Pocahontas,328.8766540055446,22.736788141510495,29.081296588069286,16.379840542603993
2021,19,109,Kossuth,329.6368888593458,22.512096671122798,28.811258570606295,16.199957411146634
2021,19,089,Howard,556.0550102336726,21.397689896203374,27.615550120798744,15.211395808202772
2021,19,147,Palo Alto,304.7470917709118,22.638491656181678,28.89093851841453,16.38279102764547
2021,19,159,Ringgold,366.7659780457399,23.6573113488785,29.529783484937795,17.791155268806527
2021,19,025,Calhoun,305.16707120442567,22.859526690213073,29.03511158945324,16.690322540234543
2021,19,039,Clarke,341.92247653027994,23.81656973295243,29.82455817430081,17.79168297078354
2021,19,065,Fayette,408.97615975367637,22.060931140945662,28.19762198847766,15.895868475064068
2021,19,001,Adair,353.4953046323684,23.167880970449836,29.28805566224372,17.054048574851503
2021,19,037,Chickasaw,536.6785847004584,22.12003907711181,28.179489669136245,16.083057832507187
2021,19,081,Hancock,346.5718929625921,22.305883112019007,28.55507389778713,16.071078580692287
2021,19,157,Poweshiek,269.2777553429942,23.524032029655974,29.463394220604403,17.517629942173347
2021,19,165,Shelby,337.5263133994053,22.812182427536317,29.295021707985782,16.40114312760495
2021,19,185,Wayne,357.81931600984365,23.31226807454384,29.199154797475927,17.579876008938413
2021,19,097,Jackson,265.3924717813568,22.64219414443248,28.486243348349113,16.830258157614434
2021,19,043,Clayton,305.802425472056,22.22690297820821,28.474157004298533,15.997665322972553
2021,19,007,Appanoose,454.8572398271861,23.46423184197032,29.097804026476876,17.87476482361673
2021,19,177,Van Buren,513.1792841618254,23.954899967519584,29.307529383667642,18.560020361000895
2021,19,197,Wright,296.8990854446578,22.651578425587914,28.982549512317384,16.324014506846375
2021,19,137,Montgomery,329.6787413074653,23.547437305248366,29.65051110933191,17.485160034483464
2021,19,175,Union,393.5078843707993,23.417045975863246,29.293171652904437,17.55956017392829
2021,19,107,Keokuk,325.97772151503113,23.517683764194004,29.147742441640496,17.851244835557093
2021,19,131,Mitchell,507.41468783359767,22.03900667047396,27.947296428315735,16.150458585467838
2021,19,191,Winneshiek,433.37086000095286,21.708014007574608,27.789927637530674,15.646721155018978
2021,19,161,Sac,325.96563390372205,22.85107592525042,29.173309981322404,16.52882650630061
2021,19,055,Delaware,349.8046609399844,21.699345649892376,28.265579114798363,15.16874514518092
2021,19,067,Floyd,410.883636919066,22.597078614849842,28.59794140552227,16.618650552416533
2021,19,009,Audubon,352.9360139702277,22.581436795980753,29.143577608368044,16.142419836253634
2021,19,079,Hamilton,287.5667911629744,22.796653428695006,29.220143124248054,16.331751511160515
2021,19,069,Franklin,271.3783063920542,22.759082784978016,29.14527130954814,16.377520913584537
2021,19,141,O'Brien,269.8954888410194,22.606757585734442,29.037930363203188,16.182545134027666
2021,19,167,Sioux,325.21278778956366,22.74566664414093,29.372817709116852,16.11941340288479
2021,19,005,Allamakee,403.87132844215915,22.10335991166424,28.140788083295277,16.110154946154918
2021,19,189,Winnebago,322.88379144725144,22.19607492231812,28.365741131840302,16.01781145952041
2021,19,093,Ida,342.6217039466284,22.79376140392043,29.262481063317686,16.329974401689082
2021,19,029,Cass,337.6392881082953,22.994157780505326,29.391485991801513,16.660168832427082
2021,19,083,Hardin,282.32092828099366,23.01984919507863,29.47467465208769,16.55624204739765
2021,19,173,Taylor,322.97881244133015,23.700951713752836,29.557241530190517,17.854044799302123
2021,19,145,Page,346.755750303028,23.852513787375845,29.830147847381546,17.871678034770603
2021,19,035,Cherokee,296.9877828463866,22.63634432900324,29.061167389734436,16.205858398254207
2021,19,071,Fremont,323.2399984455107,24.263258151040343,30.27632366252098,18.290997826343684
2021,19,095,Iowa,260.55186431782175,23.294753995944394,29.372429039410264,17.204958977425203
2021,19,023,Butler,297.69025754842147,23.02140477206413,29.248865107742166,16.786925042889916
2021,19,063,Emmet,280.2174062136045,22.3096218892666,28.647673825599107,15.980131313129617
2021,19,047,Crawford,288.8506168816856,22.978240346640042,29.50946804882512,16.481818067712727
2021,19,019,Buchanan,365.24421377565443,22.48612764782778,28.87437190706014,16.091589155212876
2021,19,143,Osceola,282.1377984825616,22.525589250298665,29.000207998901764,16.055096139248324
2021,19,073,Greene,288.1508521326978,23.01759952567689,29.24415452818304,16.748201332082694
2021,19,087,Henry,382.2917905824382,23.793357165263682,29.26680079683706,18.308700486279843
2021,19,119,Lyon,342.97746262594194,22.612101523981792,29.310986565777764,15.922168787277906
2021,19,003,Adams,317.0904867453756,23.299175762547176,29.293168285000874,17.3190288255597
2021,19,133,Monona,244.7983934463731,23.41157559198468,30.262289381203257,16.624413015120727
2021,19,091,Humboldt,338.5165127020208,22.73347225130471,29.047262955005618,16.4174448134341
2021,19,115,Louisa,369.49819935732285,23.786361926479522,29.358445096294002,18.205973913770578
2021,19,171,Tama,281.4126490251403,22.989845066787577,29.322285505394156,16.64792206548215
2021,19,135,Monroe,413.6694896022273,23.736095329990654,29.289402895473813,18.06058697079769
2021,19,117,Lucas,428.10369526858875,23.528946150396013,29.512174706224734,17.60051816805367
2021,19,057,Des Moines,388.5351128275129,23.760560857692838,29.05408964114834,18.435737030359004
2021,19,011,Benton,287.4397057149983,23.115366732050358,29.40998704302551,16.80181878674539
2021,19,113,Linn,276.7090459833682,22.98478815545931,29.178390393098724,16.784641192924543
2021,19,105,Jones,265.42336888649794,22.381029648418583,28.636867585470508,16.191833279188288
2021,19,103,Johnson,252.98369536482363,23.615399260163688,29.382076690682233,17.847170386115366
2021,19,183,Washington,302.5535665660003,23.587594866544254,29.282411684126888,17.87828364794306
2021,19,045,Clinton,224.2699514862529,23.057777587959812,28.63736427853057,17.483314420434976
2021,19,163,Scott,225.2365489178488,23.44916105106272,28.682456628265495,18.214011064902124
2021,19,139,Muscatine,258.9667243763172,23.722090905194552,29.293754146912562,18.147543050216047
2021,19,169,Story,254.58344599152113,23.181314669758905,29.472237817434422,16.90123270458006
2021,19,015,Boone,256.0110907446869,23.21092726563592,29.456904078612613,16.95596623588313
2021,19,121,Madison,312.95104852453096,23.584892117693457,29.635740528165368,17.59015377125579
2021,19,181,Warren,324.1118460965678,24.124244260960275,29.97042764051694,18.128231104753596
2021,19,049,Dallas,275.61964099715976,23.57062135349632,29.809024636641283,17.317964755741507
2021,19,153,Polk,278.13251805776787,24.127536153062938,30.019959469528338,18.175196088004054
2021,19,077,Guthrie,315.10530209239994,22.981383119626123,29.460929286545316,16.52649060736917
2021,19,099,Jasper,244.46172952467026,23.752887260680385,29.681227638046344,17.785871429762853
2021,31,043,Dakota,213.07601022641808,23.432965319180234,30.170497874774917,16.72917403445329
2021,31,051,Dixon,205.4267235598932,23.18031409962292,29.743844382726927,16.62439162435652
2021,31,053,Dodge,371.1793091786293,23.995016376533634,30.155028687033763,17.816512880038257
2021,31,025,Cass,344.92661413193485,24.372815389885105,30.233738703685106,18.59530478493074
2021,31,055,Douglas,362.82638414064115,24.768103344260528,30.34536655699614,19.138116905251664
2021,31,153,Sarpy,350.87674078583353,24.7724297138575,30.457459252849908,19.103609954224556
2021,31,155,Saunders,359.42731863119695,24.014617088877156,30.278450645466464,17.76573050473607
2021,31,177,Washington,337.2021274006452,24.13348975237239,29.866302805656943,18.357950643523363
2021,31,067,Gage,247.978158192,24.42735323804646,30.63557195192372,18.185264346340997
2021,31,109,Lancaster,285.039334738616,24.352906036161663,30.492321409843374,18.22110540137954
2021,31,159,Seward,239.5807935288997,23.8535836705446,30.183184379438917,17.599768753107345
2021,31,139,Pierce,388.8035514631481,23.54641407766997,30.1384230410987,17.037832219480098
2021,31,119,Madison,278.2340453824151,23.360225466554134,29.664501181381567,17.039406375727488
2021,31,167,Stanton,324.11458508870345,23.425383774830884,29.866414833774147,16.969171036110275
2021,31,117,McPherson,212.13066599706417,22.812947227526166,30.57623253386104,15.03940107201176
2021,31,111,Lincoln,155.68769310877065,23.192695401584675,30.901969824666207,15.493247130718506
2021,31,113,Logan,170.0777970088366,22.92631614544038,30.62878995249588,15.234591705413616
2021,31,007,Banner,78.75653158704938,21.937261969190015,31.133047839782876,12.765066461242355
2021,31,157,Scotts Bluff,83.72384301751315,22.910547105704186,31.842491559652785,13.965583661928429
2021,31,165,Sioux,90.8439625890651,21.674638620070084,30.735873720727295,12.605699091513163
2021,31,039,Cuming,308.79337945458377,23.319106750684494,29.707964233265873,16.921698917436416
2021,31,129,Nuckolls,223.18615550751306,24.174823044444324,30.843808410169615,17.540130813367263
2021,31,101,Keith,169.0597934509005,23.26835917126776,30.991517556303478,15.554586436595692
2021,31,137,Phelps,274.74834634678064,23.2848654085689,29.53561482312694,17.04762990768034
2021,31,181,Webster,269.5165101238402,24.144697868773363,30.594279113095016,17.701658145337127
2021,31,015,Boyd,164.56453284264646,23.77401477607495,30.967104494369313,16.588934136109494
2021,31,171,Thomas,148.76323229108493,23.038317738582304,30.705253002640077,15.332069774215862
2021,31,089,Holt,204.49570451098717,23.208233637813,30.293069631888393,16.140581765668717
2021,31,017,Brown,204.48674861633776,22.991273807951703,30.301374185131912,15.668860180209377
2021,31,103,Keya Paha,214.1659152366979,23.444058029243493,30.915882447498422,15.99269619899615
2021,31,077,Greeley,230.04196846283347,23.145290001127705,30.264431272693766,16.034493334886793
2021,31,095,Jefferson,215.3836102843168,24.443343053352773,30.887418471050605,17.996508096401882
2021,31,151,Saline,229.3505643797391,24.058772296535103,30.284199570744175,17.81333247151051
2021,31,057,Dundy,89.914828745762,23.627652443802802,31.958120017280823,15.34769184861285
2021,31,131,Otoe,330.9751770686727,24.284348457170744,30.365280721684886,18.2476253218838
2021,31,087,Hitchcock,87.68456561607265,24.394164449891512,32.54991005134474,16.222553620787338
2021,31,105,Kimball,100.63316899828911,21.348917775798217,30.388183737838844,12.332143268817429
2021,31,127,Nemaha,316.2267888613616,24.30544651506478,30.42147837255194,18.221379421774657
2021,31,041,Custer,174.3766116768196,23.05381826577763,30.19420204954803,15.93637483377624
2021,31,143,Polk,316.0384257300782,23.71419469003139,29.982337233822836,17.45968130884738
2021,31,045,Dawes,101.99048868287251,22.851679534959427,31.61438575273622,14.070902949588671
2021,31,179,Wayne,309.2923590058263,23.26894607081464,29.804813446905147,16.69953130304657
2021,31,071,Garfield,225.87288449851962,22.919445454448798,30.027955366938432,15.816926450701633
2021,31,013,Box Butte,78.17052224570958,22.135684776328397,31.107656760503783,13.245941789818838
2021,31,173,Thurston,265.7012741814843,23.45497023679614,30.403507192597473,16.59935456183954
2021,31,011,Boone,247.73719475340837,23.104468742042982,29.610423263541378,16.58544173049194
2021,31,145,Red Willow,133.8448804556871,24.378265302753118,32.06990315599586,16.674541544230937
2021,31,149,Rock,183.7527507545698,22.809178683747476,29.962552696351256,15.724465967161008
2021,31,005,Arthur,165.78282722058879,22.828205695319678,30.535033942366947,15.100322719428528
2021,31,085,Hayes,122.40921830618005,23.678848002629525,31.665002369547743,15.666221024912927
2021,31,097,Johnson,278.07407725410724,24.21041630563615,30.440372923840638,17.96945884055167
2021,31,003,Antelope,299.64215914485396,23.09232513910211,29.55044444287933,16.649067439626894
2021,31,163,Sherman,168.99630101531005,23.24272197835946,30.24212704013692,16.243679155432993
2021,31,161,Sheridan,139.4241852333512,22.38774247445818,30.74162814713516,14.055725133048155
2021,31,133,Pawnee,281.0250163779553,24.271246374011415,30.510212329110335,18.02933739502924
2021,31,075,Grant,169.3880473135585,22.31246289687566,30.007168898731432,14.57720459243128
2021,31,021,Burt,305.63823642903844,23.586787514616553,29.995696626575036,17.22091097529196
2021,31,009,Blaine,174.26963050770806,22.95435365975624,30.385081978280294,15.557097948160921
2021,31,027,Cedar,244.35564095686289,23.497060674904308,30.04718543749083,16.959761956723604
2021,31,169,Thayer,228.39912898038898,24.30009612850354,31.00007146875364,17.618598975278378
2021,31,049,Deuel,158.89421876223804,22.70921275389851,30.802743189524083,14.637364274837836
2021,31,123,Morrill,91.73312343152742,22.619060091286595,31.624372446315732,13.674912121499451
2021,31,115,Loup,163.4219073324154,22.849085878891895,30.07122829859294,15.655934131026271
2021,31,063,Frontier,150.81250127865243,23.607696648228877,31.06285180466266,16.140396821339028
2021,31,125,Nance,226.43500408587994,23.524289245211083,29.918203952373805,17.106235578369915
2021,31,107,Knox,256.1715526648954,23.8466877446855,30.77351298537403,16.948162636076255
2021,31,135,Perkins,134.8659592478668,23.266425185584655,31.260861267068748,15.28052861425568
2021,31,037,Colfax,279.48238439684724,23.84182363370246,30.167035531580666,17.50315551789192
2021,31,023,Butler,387.5976701590676,23.742087186413062,30.09742462883845,17.47702344443418
2021,31,031,Cherry,153.742257216577,22.73611873285654,30.498712451676912,14.999680835591015
2021,31,183,Wheeler,242.85611182469955,23.23881891768445,30.236188747106503,16.23296260142543
2021,31,061,Franklin,247.96291344528177,24.166318967447673,30.664397857126477,17.693071155971726
2021,31,029,Chase,170.9657215043532,23.423695095171695,31.505430872401245,15.350465801309365
2021,31,059,Fillmore,181.09234775183265,23.80749652078681,30.122603940380156,17.490689404260216
2021,31,185,York,202.50948067511294,23.716203947805493,30.000812003631353,17.445626499543636
2021,31,035,Clay,182.30095141321465,23.81531395400272,30.06401885837098,17.565355029533077
2021,31,033,Cheyenne,120.41354972810284,22.115027504182475,30.791546677183604,13.439943748720722
2021,31,069,Garden,144.10371476395585,22.767060870363398,30.910411558150248,14.613751191177263
2021,31,083,Harlan,298.5743614044266,24.201362614452083,30.92698483666869,17.47768088464535
2021,31,091,Hooker,197.479670486043,22.461961002010273,30.032661541244174,14.846103022565456
2021,31,147,Richardson,375.03448829152,24.36188315667035,30.400444857373284,18.32512578122267
2021,31,065,Furnas,215.8108596924316,24.12796517424123,31.64061581275028,16.651048399586184
2021,31,175,Valley,210.1970480110113,23.186964078197008,30.247802881989465,16.15534724167122
2021,31,141,Platte,274.9951498269148,23.562650629558156,29.826306843976134,17.283245198030716
2021,31,121,Merrick,218.12675510078907,23.705711370619582,29.876201475739013,17.530447225013393
2021,31,079,Hall,206.3827951358274,23.705314452733436,29.82448308084162,17.56967428895211
2021,31,081,Hamilton,216.81428308429318,23.80777614729333,29.906015220311495,17.699813519606938
2021,31,093,Howard,197.4341091745826,23.54277943517075,30.084751763360895,17.002291009521294
2021,31,001,Adams,184.9146269761568,23.85726436190635,29.97929545564245,17.753013775345295
2021,31,099,Kearney,226.66283508328817,23.569893006829652,29.792215619504724,17.36822595292447
2021,31,019,Buffalo,172.51300759752638,23.397521694644627,29.960875379225364,16.838643513914548
2021,31,073,Gosper,230.24761948506136,23.352676226217863,30.040740399362374,16.657004226642307
2021,31,047,Dawson,184.6986795536994,23.119852764680868,29.88263835236949,16.367754537953562
2021,37,037,Chatham,397.2311500485932,25.098030547433257,30.468704464432403,19.750481304199603
2021,37,115,Madison,471.1765814644182,21.54174335167832,27.451857450945628,15.604056850529698
2021,37,087,Haywood,472.8777804414597,19.53083376372838,24.780470413678486,14.363955024186774
2021,37,021,Buncombe,468.0003869172467,21.57456755204529,27.000176584251882,16.113246781899043
2021,37,089,Henderson,518.6987648016689,21.621028842942106,26.862695295147663,16.40670647330608
2021,37,175,Transylvania,680.7616528279932,20.517253913483053,25.592938416320003,15.497222123975876
2021,37,167,Stanly,351.3688636717305,25.422007022634673,31.01711706040889,19.839709167309366
2021,37,109,Lincoln,282.16459201670733,24.966948039378313,30.864888537481217,19.053854032184084
2021,37,159,Rowan,304.12310327792295,24.831337601129263,30.604019269710644,19.07544668902007
2021,37,025,Cabarrus,324.5200542818867,25.39135064720227,31.137212603986402,19.63692053708239
2021,37,097,Iredell,315.87638175981783,24.601871642292622,30.408834108005895,18.761245875346525
2021,37,071,Gaston,293.8926918518507,25.455269746785557,31.142167453072467,19.756515461740065
2021,37,179,Union,349.0075211664396,25.863518692484487,31.168272871053194,20.536565303758177
2021,37,119,Mecklenburg,329.7868532838196,25.762773558784772,31.07772285705976,20.405334086163005
2021,37,045,Cleveland,342.4188829479502,24.962810971632504,30.955369534416725,18.991820858866117
2021,37,005,Alleghany,420.1961000651973,20.162908665020886,25.920847415056087,14.37604057743477
2021,37,173,Swain,533.2114746066391,20.67241728670061,25.661152763995396,15.657784469868487
2021,37,011,Avery,524.614063523538,19.669235928978942,24.4841090220041,14.794982405925913
2021,37,033,Caswell,324.48939839363624,25.289423407382323,31.353481271946634,19.200245347833654
2021,37,075,Graham,614.9796327591451,21.69567173610125,26.874433224584607,16.64693046940003
2021,37,007,Anson,346.86906867083053,25.91590635826422,31.35238844187728,20.48207496553786
2021,37,149,Polk,371.66998651498625,24.12857489150952,29.674618560931194,18.62345440856195
2021,37,039,Cherokee,641.6643669029199,22.44692674980943,28.0318085820484,16.918502259054925
2021,37,113,Macon,530.538384536314,20.924599983486125,25.957788481541638,15.933878725673356
2021,37,009,Ashe,410.5094174159462,20.015774245719474,25.33926542354114,14.792136538982456
2021,37,123,Montgomery,377.61550657582677,25.473723385971663,30.964377296178213,19.978121972945114
2021,37,043,Clay,614.1963831427157,21.390453644712938,26.599715206274016,16.20072331705099
2021,37,121,Mitchell,467.9264556404166,20.189515124581874,25.41217393893601,14.894341877528605
2021,37,199,Yancey,481.09215737666,19.889422099312895,24.84392961035415,14.765506184965872
2021,37,189,Watauga,450.4554026660451,20.093803616134533,25.17307389028569,14.995122902905038
2021,37,099,Jackson,573.1072244605724,20.406197856880407,25.417412483129834,15.389580049442143
2021,37,161,Rutherford,360.01273165589373,24.546336139269478,30.42475897683716,18.64473612190486
2021,37,193,Wilkes,392.41923187821345,23.41398095555895,29.285341222488718,17.57259805953359
2021,37,125,Moore,409.31174428491835,25.650575376286007,30.929554017079784,20.37163635960216
2021,37,153,Richmond,383.11756820372943,25.94673746814685,31.1634111794628,20.726773119733163
2021,37,093,Hoke,375.43665003737783,26.412548134303556,31.50050297099636,21.321478428595295
2021,37,165,Scotland,379.803144747993,26.40494032411543,31.599750772450694,21.201539793836414
2021,37,155,Robeson,472.72220285871254,26.399851086608493,31.241959495031978,21.53561668628632
2021,37,001,Alamance,397.2126974831637,25.231259977148447,30.84985524786406,19.61175953258168
2021,37,151,Randolph,399.13728243327057,24.901480934647047,30.26654502320311,19.552285174962282
2021,37,081,Guilford,336.90816402784367,25.17181577528347,30.3499858564681,19.97227383050948
2021,37,157,Rockingham,379.14249413873614,24.82553404513861,30.516261095596576,19.1295667846809
2021,37,171,Surry,422.53025261147076,23.420527397074324,29.73346820484132,17.111100619478123
2021,37,057,Davidson,329.2037029414147,25.0275305437488,30.63571049790555,19.4259519059805
2021,37,169,Stokes,400.37783147991206,24.066577138715104,29.898073751662608,18.24912064982568
2021,37,067,Forsyth,336.4945916055953,24.959556599630144,30.417318127554637,19.452247602296758
2021,37,197,Yadkin,350.49086492887534,23.976463669593286,30.181248808576935,17.7841443476894
2021,37,059,Davie,297.39237980653695,24.498348043554227,30.558104061305638,18.442191819060707
2021,37,027,Caldwell,421.12741054988646,23.88830702203617,29.708509266000224,18.077139199564556
2021,37,003,Alexander,363.2082621420832,24.16300450805818,29.669461568243857,18.608306182408874
2021,37,035,Catawba,285.62276386011416,24.831496964243144,30.5355270089602,19.06416516741517
2021,37,023,Burke,395.15017930755357,23.922422171321887,29.875064598133335,17.990780429969014
2021,37,111,McDowell,481.8499025884213,22.98774288926955,28.85225881833376,17.11838388956672
2021,37,029,Camden,614.1274824272558,26.14963663278489,30.55029937698419,21.736617595368514
2021,37,139,Pasquotank,580.0502406305951,26.125732700675968,30.474743708567107,21.74715455478198
2021,37,143,Perquimans,583.4906845638737,26.119030778698114,30.558694612746415,21.644453342562258
2021,37,177,Tyrrell,615.0658625826785,26.17234375844508,30.368749617214633,21.95936930157276
2021,37,055,Dare,511.38238228213635,26.342834772236497,29.430908850243576,23.31243407740952
2021,37,073,Gates,643.4577050798987,25.41474431015184,30.41195662775479,20.406274836490837
2021,37,053,Currituck,578.8603250466206,26.260520058232245,29.928386795313216,22.570088545742003
2021,37,019,Brunswick,661.2600242396525,26.281427259034626,30.515817041466534,22.005916132579728
2021,37,031,Carteret,727.1802721807022,26.493958178287052,29.396041388730204,23.690500495871277
2021,37,137,Pamlico,678.1240836136176,26.376615160888427,30.230445053738418,22.549071764443497
2021,37,049,Craven,640.5749686067326,26.236003145586576,30.784345054992478,21.70279905434626
2021,37,103,Jones,655.3331302308412,25.99785754119213,30.90992313350888,21.077796899523996
2021,37,085,Harnett,469.3423748942486,26.088317699870906,31.248426711071723,20.979770065530822
2021,37,063,Durham,382.79189537192445,25.539642675458893,30.666418954479596,20.420824061421783
2021,37,145,Person,342.86256316268754,24.954824464923124,30.661878920113768,19.29790008644461
2021,37,135,Orange,375.751682777559,25.14195243344513,30.638798355655542,19.722150864676166
2021,37,181,Vance,469.708621736863,25.22630062910944,30.64445655704019,19.768077500350568
2021,37,077,Granville,427.23220379024525,25.0248948980092,30.219108826345597,19.85942946793046
2021,37,069,Franklin,447.4751147236192,25.252419664330603,30.438306330239485,20.04003159900122
2021,37,101,Johnston,534.867797856196,25.877194576637237,30.827096407123005,20.901648385966286
2021,37,183,Wake,432.96026164677215,25.57073061830506,30.387213835098525,20.7769377638654
2021,37,105,Lee,455.47125232156253,25.52248758320683,30.9488136360577,20.105144966831304
2021,37,131,Northampton,526.8217340643212,25.130126228825713,30.18387437263319,20.04633093907733
2021,37,083,Halifax,424.842591451674,25.200739785596383,30.20420402475113,20.19487977039989
2021,37,127,Nash,449.84140266035763,25.66396069520654,30.497314963475382,20.785917203144617
2021,37,065,Edgecombe,509.70803482911157,25.616839577503946,30.287960812318122,20.931131874259666
2021,37,195,Wilson,628.0983840937834,26.02935478590511,30.77740250689517,21.239994925628164
2021,37,163,Sampson,573.0332268511366,26.10602673446545,30.957580032579898,21.261832449310834
2021,37,185,Warren,431.59215564292145,25.579382734265177,30.955631923591728,20.156984462805074
2021,37,187,Washington,587.5981072609213,26.181424118874805,30.747884175603208,21.60712298270622
2021,37,061,Duplin,558.4932604149511,25.70718692634541,30.716364232164626,20.72497550362049
2021,37,091,Hertford,590.3165736824175,25.20838334360776,30.20957460345118,20.177776827004177
2021,37,017,Bladen,523.9301485198403,26.264571420651865,31.21476663601421,21.29979244374566
2021,37,095,Hyde,631.5269852778322,26.502515916278636,30.16498076953421,22.919133077850134
2021,37,015,Bertie,589.3008396068676,25.763283609522787,30.551700504755306,20.936460165484036
2021,37,079,Greene,747.4437008738984,26.104163486955436,30.863127192505978,21.293991813755287
2021,37,041,Chowan,568.9973136554104,26.277082000736243,30.653555356649637,21.855206154815882
2021,37,117,Martin,583.2526653269599,25.747582656335876,30.352500217654914,21.172770509320344
2021,37,047,Columbus,562.6023348718468,26.09004627113392,30.771754820607722,21.411150460873174
2021,37,191,Wayne,647.8821593816467,25.83205435275273,30.57608560527315,21.069506809496865
2021,37,133,Onslow,640.3853309645954,26.188084286531776,30.461241268484024,21.885729497272628
2021,37,107,Lenoir,612.9747642478006,25.915913416783706,30.696136150583563,21.09510194474791
2021,37,129,New Hanover,775.7595958397427,26.351469121355212,30.15788619839797,22.61113069930156
2021,37,141,Pender,629.4680546721706,26.103385040875093,30.938597894762594,21.236769993208863
2021,37,051,Cumberland,490.24080517445725,26.51514904028057,31.48512265043323,21.547403057997194
2021,37,147,Pitt,735.6143958051483,26.16162549583423,30.858875178324016,21.47767478767137
2021,37,013,Beaufort,637.4997497625759,26.268458001089744,30.86820984203151,21.740054442689942
2022,17,121,Marion,425.61132251014806,24.580385808465675,30.166509945512054,18.99440337547333
2022,17,005,Bond,433.05783429733117,24.339291536642303,29.808074419973547,18.870651178038162
2022,17,083,Jersey,269.93356242297807,24.64809365702554,30.287333177700525,19.008994571474812
2022,17,163,St. Clair,350.9448416994346,25.786673602273233,31.299393585642846,20.27409441320765
2022,17,027,Clinton,375.8534787630913,24.975699146405756,30.5162679912153,19.435272598180248
2022,17,013,Calhoun,284.8520981070652,24.731263409712458,30.489409519366976,18.97325874758836
2022,17,119,Madison,351.9950571897178,25.076474976996632,30.30026579689253,19.852825611988987
2022,17,133,Monroe,276.58754355079515,25.67588619383354,31.28894391256122,20.062969376586178
2022,17,117,Macoupin,370.41957451624484,24.080826541780002,29.51688094025956,18.644913641919246
2022,17,171,Scott,265.4275552626344,24.01927765307992,29.8122027107949,18.22649517868011
2022,17,137,Morgan,348.18343804303316,23.797595657543628,29.48968021285847,18.105653579974742
2022,17,107,Logan,260.0034362699053,23.700051550577253,29.345558316887605,18.054687673576648
2022,17,129,Menard,291.78876855165856,23.73515899444837,29.224862800515755,18.24559967456943
2022,17,167,Sangamon,400.76418433078493,23.801017305848042,29.276303473918645,18.325874082399412
2022,17,021,Christian,351.7851073857491,23.73226027531357,29.31834448378383,18.14631850774695
2022,17,127,Massac,256.8732157339971,25.459151572573997,31.248741761480414,19.669702787413787
2022,17,057,Fulton,208.74794905601956,23.112527755694305,28.858241646038298,17.36695692481744
2022,17,175,Stark,311.299461771337,22.22345903778514,28.03397016755971,16.413090072381525
2022,17,203,Woodford,250.2997704547212,23.028658522294606,29.064691164346204,16.992769121264015
2022,17,179,Tazewell,228.05745056542713,23.57178325021956,29.315726263660192,17.827983703013132
2022,17,123,Marshall,264.7526339590276,22.62412329180093,28.580373765622777,16.66801588981553
2022,17,143,Peoria,254.3135861786739,23.115341832284102,28.85805777053956,17.372768257347705
2022,17,001,Adams,260.60879854962604,24.031988972450783,29.356750340449572,18.707370622662435
2022,17,177,Stephenson,501.1491456011148,21.31203425274124,26.984069695554187,15.640142221652678
2022,17,141,Ogle,454.21025460281635,21.615909211740213,27.403616884219986,15.828344860393583
2022,17,201,Winnebago,441.45810775626506,21.743761808375588,27.47223950546763,16.01542836482134
2022,17,007,Boone,420.916649514609,21.404650332263067,27.313619945982083,15.495822278548964
2022,17,025,Clay,547.5051577860052,24.473853824332874,30.188141133236233,18.759707889891214
2022,17,185,Wabash,458.49060833549396,24.780328829162276,30.416626648229094,19.144174024829173
2022,17,009,Brown,260.33731907988346,23.46137902348741,29.0061495216976,17.916750219241795
2022,17,151,Pope,280.10640610853494,24.850535046648375,30.921010066152963,18.78019862277507
2022,17,033,Crawford,394.350363799148,24.21329191539087,29.95004753186034,18.476678358886403
2022,17,135,Montgomery,426.6309815886357,23.945463418772803,29.519679759877704,18.371387755619843
2022,17,055,Franklin,315.90379077284547,25.002353995359446,30.760654137708457,19.244195503559027
2022,17,023,Clark,353.7674791900957,23.959551897510156,29.892920844702434,18.026324157099882
2022,17,059,Gallatin,306.2489402277175,25.00106207265087,30.793093018887365,19.2091737304524
2022,17,075,Iroquois,297.54489808368135,22.536435499999023,28.729093699650676,16.34392044105075
2022,17,041,Douglas,247.9560557909059,23.468727895027197,29.143161166217787,17.794437908552503
2022,17,189,Washington,358.4235490534832,24.910483450489952,30.451426059860285,19.369681564159
2022,17,159,Richland,515.9231812253057,24.391701391216415,29.991856207174212,18.7916903416991
2022,17,065,Hamilton,313.77398208833273,24.76316429892222,30.56617096781914,18.96029844827755
2022,17,193,White,390.83250545742976,24.958928049201187,30.657040563012718,19.26095635322986
2022,17,169,Schuyler,230.23691484195237,23.41485443088063,29.086705822896096,17.743146816926078
2022,17,181,Union,275.90793838623983,25.299648656538793,31.05054216727574,19.548895796842235
2022,17,085,Jo Daviess,432.44901905356164,21.43885697428547,27.017583327752142,15.860273465803658
2022,17,125,Mason,226.11131209907833,23.820728269894236,29.60871473592102,18.03288476612523
2022,17,191,Wayne,409.27282563439405,24.519150920022554,30.146567277361875,18.891876398885064
2022,17,069,Hardin,309.92196944757404,24.745321443381687,30.702711610244936,18.788070554151858
2022,17,061,Greene,307.6413141781311,24.04220739767655,29.749523320177833,18.3350339065062
2022,17,157,Randolph,260.9456902509308,25.217248854270807,31.055187148418824,19.379451458341077
2022,17,149,Pike,271.4108838988634,24.178610578680345,29.680058417742433,18.677304829075556
2022,17,145,Perry,263.7029579533924,24.970611631839823,30.5901299986332,19.351234167870054
2022,17,087,Johnson,296.70071614556133,25.037097430547803,30.940871676497597,19.133462853225307
2022,17,173,Shelby,431.74966329980106,23.849619541469778,29.541555173719956,18.15782563195617
2022,17,051,Fayette,445.6030712699747,24.106506531428327,29.773347769254297,18.43980625998148
2022,17,139,Moultrie,323.47278175522115,23.7206527546702,29.30239640089185,18.139052489225353
2022,17,017,Cass,281.68084610944754,23.712664380608416,29.51225574126288,17.913215689336983
2022,17,015,Carroll,461.57712842791415,21.813858244503056,27.60848476926912,16.01937574420187
2022,17,047,Edwards,493.3058772777187,24.820007725834245,30.503413974365547,19.13674288754569
2022,17,079,Jasper,524.4727087157089,24.12735445688493,29.615435750819262,18.63941663390762
2022,17,187,Warren,241.79375836788708,22.676805368298442,28.339893016306476,17.013860740296693
2022,17,153,Pulaski,253.23890014938485,25.924907915217656,31.422181107509086,20.42777654652181
2022,17,165,Saline,332.4448112460028,25.033326481870937,30.995532329074898,19.071259782754137
2022,17,101,Lawrence,428.99219932412876,24.499256885083593,29.977872291956242,19.020782569586306
2022,17,045,Edgar,292.11756300988003,23.33465608953718,29.252879693965397,17.41657457176301
2022,17,071,Henderson,174.40363810868783,23.225147678907504,28.684261324048986,17.766177936727974
2022,17,199,Williamson,336.06503463173146,24.903814559683155,30.715580474999772,19.092190155710345
2022,17,077,Jackson,225.76881952851033,25.203038017550554,30.8835948504922,19.522622651668676
2022,17,147,Piatt,241.89735476313342,23.362493030616275,29.102336924780545,17.622791690605787
2022,17,053,Ford,281.5866177805708,22.74342826810351,28.876906663941696,16.610093417354584
2022,17,019,Champaign,245.02645508065171,23.16239339864175,29.123612512680253,17.201316887786223
2022,17,029,Coles,385.0378080610468,23.80325633431638,29.31217042637032,18.29448433088268
2022,17,035,Cumberland,511.09781591687766,24.036730345236293,29.729050647013885,18.344551191897
2022,17,183,Vermilion,311.17870472222125,22.996314546837215,29.07859238358645,16.914179916194055
2022,17,115,Macon,341.01862261094095,23.73708482823713,29.265072449301925,18.20924018996926
2022,17,049,Effingham,587.4783414356431,24.101816127157104,29.714987018405385,18.488787404296684
2022,17,067,Hancock,181.8695246615621,23.72257977711653,29.20630631876792,18.238995403545616
2022,17,095,Knox,306.3466473500598,22.41879319166086,28.16295647085905,16.67477350633428
2022,17,109,McDonough,170.07852849079407,22.908035638609856,28.5360260424316,17.28018784636922
2022,17,081,Jefferson,363.40910313738533,24.668838854570126,30.36170750246609,18.976111406101428
2022,17,113,McLean,231.55934669478668,23.11628343446282,29.059338231672935,17.17337169285835
2022,17,039,De Witt,236.92030422871767,23.33233976462888,29.162317769669745,17.5025057547102
2022,17,105,Livingston,285.74849052759924,22.649917894667254,28.66266048458179,16.637318442707134
2022,17,003,Alexander,212.01893587032782,26.072854785469787,31.647019154438915,20.498830442475278
2022,17,093,Kendall,271.29049752022655,22.11878174902905,27.716317229196147,16.521387998836232
2022,17,031,Cook,298.0893073877537,23.21258758878111,27.58881166481469,18.83650624275756
2022,17,037,DeKalb,380.55113410829654,21.539587414594273,27.19247195582054,15.88684595508751
2022,17,089,Kane,353.1053451064354,21.761584812425475,27.38013672126069,16.143175177624826
2022,17,063,Grundy,270.2208609778578,22.28905061392327,28.12086650982242,16.457377497602124
2022,17,111,McHenry,366.51001154010476,21.378746564887848,27.28183040869547,15.475805743338578
2022,17,197,Will,281.12285401861425,22.565517665996495,28.23661599214306,16.89456164238126
2022,17,043,DuPage,254.68610932415243,22.58055288156343,28.09214473692567,17.06910290934764
2022,17,097,Lake,310.28674672347455,21.746362138423212,26.605835619966655,16.887031308675898
2022,17,091,Kankakee,272.21377683099035,22.417283053317743,28.298519270695042,16.53618961913017
2022,17,011,Bureau,341.83217487727075,22.280282303255238,27.949192683590496,16.611514907755097
2022,17,155,Putnam,349.6395607333729,22.618743732458807,28.388913118107357,16.848719826057433
2022,17,099,LaSalle,297.9210063425796,22.1907283632831,27.96452676783019,16.41707255431444
2022,17,131,Mercer,312.5662462528221,22.91718663841302,28.610178748011837,17.22433857108779
2022,17,161,Rock Island,316.7725261266485,23.028092592140958,28.477235846601104,17.57909287371374
2022,17,073,Henry,311.54673791963444,22.579739087244477,28.185129997891984,16.97449101644729
2022,17,103,Lee,377.43763002464357,21.680546054914622,27.448374432366936,15.912861487699994
2022,17,195,Whiteside,375.9726110553029,22.294062514645535,27.91621693851853,16.6720504311774
2022,19,149,Plymouth,204.2286634643191,22.823767413222473,29.440230111412042,16.207446161245716
2022,19,193,Woodbury,223.3631707136615,23.011423920325782,29.703998437436645,16.318990521498158
2022,19,027,Carroll,236.61759914604286,22.650266138728483,28.914218999744897,16.386455120013647
2022,19,061,Dubuque,319.8399606615794,21.34400325422527,27.05850334001672,15.629646366653292
2022,19,101,Jefferson,141.3053479527416,23.616976626736665,29.586857926345797,17.647238065783277
2022,19,187,Webster,242.82629538917334,22.388189145974604,28.416390365169885,16.36013003132238
2022,19,111,Lee,148.1165418930109,23.953074088398512,29.49248872909517,18.413801862525702
2022,19,127,Marshall,257.77815190853494,22.526890542337757,28.597144336508872,16.45677955654654
2022,19,195,Worth,479.33200021035293,21.134808414784683,26.760189616127725,15.509570268347636
2022,19,033,Cerro Gordo,407.5523813324218,21.50162610923101,27.335666302635182,15.667728892583153
2022,19,051,Davis,195.70265021909717,23.59602630100444,29.5604101724114,17.63178388013164
2022,19,179,Wapello,154.39819128040352,23.691129219884168,29.55993957764589,17.822460805103674
2022,19,041,Clay,209.48197768560567,22.35701347642628,28.633783135683185,16.080386486652824
2022,19,059,Dickinson,348.7519516087289,22.457260338881756,28.278103259776824,16.636558751653194
2022,19,021,Buena Vista,196.9966325788243,22.305495649084833,28.5424059481097,16.06872775924943
2022,19,013,Black Hawk,382.9724782164295,22.336412125530604,28.1275396041284,16.54542557717289
2022,19,075,Grundy,353.9437498831918,22.154453143064057,28.12052508488643,16.188523891895077
2022,19,017,Bremer,441.64346700307254,21.842995673369877,27.631388657462278,16.054744878633873
2022,19,085,Harrison,182.39986824782804,23.539413928541094,30.057702168672584,17.021267490372146
2022,19,129,Mills,225.9356988191526,24.24317983788552,30.223077220164715,18.263421746063294
2022,19,155,Pottawattamie,210.74738974644646,23.691688547834314,29.78787939468462,17.595639546374635
2022,19,123,Mahaska,192.767758669796,23.7062038708143,29.7375086185544,17.675040710321934
2022,19,125,Marion,188.62126873617498,23.73222861491458,29.501643271086003,17.962955532672325
2022,19,053,Decatur,202.66272968922087,23.783257782700773,29.911966774982865,17.65468907249833
2022,19,031,Cedar,388.5231531243467,22.399783850608753,28.1922992232309,16.607411179011866
2022,19,151,Pocahontas,175.39774011159014,22.265771344912444,28.449570393304327,16.082114953274687
2022,19,109,Kossuth,279.7250696358328,21.848704006561256,27.80572686740245,15.89182410925683
2022,19,089,Howard,484.79257887728147,20.37888793163151,26.304018793278903,14.45390118570654
2022,19,147,Palo Alto,220.55883402305778,22.14190450602129,28.2521424067498,16.03180969075855
2022,19,159,Ringgold,221.74671692205922,23.7944535703407,29.94854946842178,17.640499344717607
2022,19,025,Calhoun,211.02180115989208,22.423743442751995,28.514416424675908,16.333213795418136
2022,19,039,Clarke,181.07015494683253,23.896627877165297,30.1783608900603,17.615034870561296
2022,19,065,Fayette,389.38400321136146,21.100918762353732,26.91092653852366,15.291053477329925
2022,19,001,Adair,235.1082325946899,23.45875277338901,29.82787177495377,17.08977605881485
2022,19,037,Chickasaw,403.168949466413,21.134138133788905,26.913913341243155,15.354506648472302
2022,19,081,Hancock,329.0051572986932,21.433849746180996,27.37585187880504,15.491989612180637
2022,19,157,Poweshiek,213.56011579004794,23.102316582585733,29.31903716837947,16.885738648378414
2022,19,165,Shelby,253.73127732771295,22.66328753061946,28.977077905948914,16.34963924435725
2022,19,185,Wayne,247.80896940653855,23.335988181262874,29.467486983107793,17.20463067160822
2022,19,097,Jackson,391.04153165710784,21.750720749859056,27.497464212466998,16.00412098875157
2022,19,043,Clayton,397.54218529458126,21.272300876236486,27.14150392799484,15.403242077995424
2022,19,007,Appanoose,213.05989888718298,23.34218666495479,29.451778275924834,17.232736444028006
2022,19,177,Van Buren,175.0896796560206,23.78691940299055,29.642742812151823,17.931237732211624
2022,19,197,Wright,273.0458462141334,21.95946248983146,28.07626352874151,15.8428029174646
2022,19,137,Montgomery,245.9435630858699,23.4586536075184,29.66415476456783,17.25329340889449
2022,19,175,Union,193.36136709599998,23.597985183491424,29.76199637018694,17.434116051128967
2022,19,107,Keokuk,168.9600897500879,23.323073356470623,29.464645408235494,17.181643896347175
2022,19,131,Mitchell,428.70025431460783,21.065059379774418,26.701811696722057,15.428449303097228
2022,19,191,Winneshiek,536.8397050622242,20.711753018635253,26.576236287907406,14.847413172761902
2022,19,161,Sac,236.2051766736372,22.54303320997866,28.78107653607249,16.305132596935856
2022,19,055,Delaware,363.4971140122371,20.869718282768027,27.010032769138846,14.729547428713483
2022,19,067,Floyd,395.66270123258784,21.64116634973952,27.30739580510543,15.975079824859911
2022,19,009,Audubon,283.3105605132403,22.50202343980261,28.790882784380116,16.213306788094727
2022,19,079,Hamilton,298.94864920982394,22.323457513450453,28.389431183579653,16.25762680838968
2022,19,069,Franklin,298.1651288576954,21.87197958756985,27.886091461536093,15.858009418075246
2022,19,141,O'Brien,215.74999894466973,22.30400532405324,28.562026354548404,16.04612619923587
2022,19,167,Sioux,179.74547611855866,22.511930813885137,28.991226642474423,16.03277740261662
2022,19,005,Allamakee,497.39190899624634,21.169382417840417,26.850346799080793,15.488562395587435
2022,19,189,Winnebago,391.44271404521027,21.37655006513507,27.140324415941116,15.612917848628204
2022,19,093,Ida,265.497679015,22.53343654809701,28.974931583278014,16.09208223997656
2022,19,029,Cass,194.86095212739966,23.098241393934437,29.506508030087563,16.690115810716186
2022,19,083,Hardin,347.1931056657783,22.305655291850396,28.361516281401666,16.249937169615066
2022,19,173,Taylor,272.0104202856826,23.788724856822125,29.871434809875545,17.706155065590885
2022,19,145,Page,249.53616457784733,23.711373990569182,29.848574206524084,17.57431544385225
2022,19,035,Cherokee,184.44232568193206,22.405459930751928,28.7847340439316,16.02632870493416
2022,19,071,Fremont,233.71895834101966,24.10399162501121,30.27232019479727,17.93580282953039
2022,19,095,Iowa,243.82366178700244,22.87317440322042,29.141094586367334,16.605395635028053
2022,19,023,Butler,351.8274156868816,22.135545924535677,28.006835978136632,16.26439807456011
2022,19,063,Emmet,327.95606158336,21.78431472411841,27.63252520681443,15.936247425978129
2022,19,047,Crawford,243.9300356916756,22.68669927141392,29.07314255678255,16.300398851828344
2022,19,019,Buchanan,478.79261163509597,21.60859990027128,27.547577750317917,15.669765702923735
2022,19,143,Osceola,281.66827687399524,22.298381032263272,28.40112732134587,16.195777477637076
2022,19,073,Greene,251.41909138244796,22.733927282404412,28.825034930967927,16.64296226520632
2022,19,087,Henry,159.8096954435033,23.557657078485686,29.366884926586845,17.748571125494983
2022,19,119,Lyon,203.62534062331505,22.283988341990813,28.725029117079853,15.843089125118393
2022,19,003,Adams,192.53394644956072,23.558889301451124,29.855921563646074,17.26199844127557
2022,19,133,Monona,197.89172632847058,23.262690720448628,30.189286045063906,16.33623770642124
2022,19,091,Humboldt,211.53916411536383,22.170768199085625,28.295220634676262,16.04645774364279
2022,19,115,Louisa,218.6087625525485,23.350730064348074,29.069438276517065,17.632164072836378
2022,19,171,Tama,268.2884757924963,22.39125303230639,28.557249959995016,16.225398445872937
2022,19,135,Monroe,172.49389017002326,23.563573080679518,29.56013801685958,17.567149574590577
2022,19,117,Lucas,180.8579624858309,23.45263347090947,29.647472933535433,17.257937063279446
2022,19,057,Des Moines,186.95211256687887,23.435097641071863,28.979045488222294,17.89129351716053
2022,19,011,Benton,313.80431715763467,22.52788946761366,28.58435400066299,16.47156705284151
2022,19,113,Linn,364.35016002870503,22.129722300928456,28.135767261560865,16.12382122568081
2022,19,105,Jones,425.31769942569423,21.403211216712187,27.46970995265753,15.336854768974836
2022,19,103,Johnson,301.8180845750448,23.01788549619335,28.862694622652437,17.17321792264187
2022,19,183,Washington,179.37746271206746,23.278105067797615,29.35939367164893,17.196958078565952
2022,19,045,Clinton,385.36068117614116,22.29862226438007,27.896993680813658,16.700393317283616
2022,19,163,Scott,331.748294226089,22.79797449425047,28.179947844790437,17.416144050658037
2022,19,139,Muscatine,343.18837223503255,23.279730646801248,29.01040713398278,17.54919603734832
2022,19,169,Story,319.3767572767944,22.73701323957806,28.635825013180803,16.838344276789204
2022,19,015,Boone,345.7442596395476,22.87545219973124,28.79648650945068,16.954559374878976
2022,19,121,Madison,267.006558993357,23.6401630355294,29.816296983595052,17.46417128038152
2022,19,181,Warren,203.1960959212897,23.923951035619705,29.98869937484858,17.859344580975673
2022,19,049,Dallas,303.8082755391293,23.47326764856471,29.62962458041509,17.317052670017215
2022,19,153,Polk,248.84110562285278,23.797933589381312,29.675240830221412,17.920767391284578
2022,19,077,Guthrie,325.34033952272824,22.943251992027463,29.293033955287523,16.59361111834454
2022,19,099,Jasper,206.6899148357709,23.351117881317265,29.37788270418684,17.32449620643086
2022,31,043,Dakota,167.91172110407976,23.378334898207715,30.291252570727444,16.46555618845737
2022,31,051,Dixon,189.76130999859657,23.05680560292752,29.937986949552215,16.175764401292835
2022,31,053,Dodge,134.5242201285521,24.062630807946757,30.51780931204857,17.6075925619068
2022,31,025,Cass,218.43452093540324,24.235802443647408,30.322575891863448,18.14917041090877
2022,31,055,Douglas,212.70129755123838,24.612434473189037,30.450342383944975,18.77466810628848
2022,31,153,Sarpy,201.50650120236307,24.59710941818829,30.501096167018474,18.69326220605974
2022,31,155,Saunders,183.10567106801005,23.987053321259754,30.614519789552727,17.359726320630106
2022,31,177,Washington,158.51318884948722,24.156702730481918,30.23210619775792,18.081439840024668
2022,31,067,Gage,238.0575756109061,24.238732963861345,30.62260853831907,17.85499732145047
2022,31,109,Lancaster,195.1012066486441,24.358091274710944,30.79745347501711,17.918869152782882
2022,31,159,Seward,214.97887737976893,23.900273108446115,30.545711496428563,17.254976481758156
2022,31,139,Pierce,146.88723898749438,23.571263370778954,30.455114761470973,16.687554072724858
2022,31,119,Madison,157.4804492352007,23.567658306182565,30.283536906998055,16.851921741062643
2022,31,167,Stanton,148.1099393728861,23.610582147949803,30.474686478755,16.746617437020117
2022,31,117,McPherson,155.77198649776253,23.388902985325128,31.771292683654533,15.006651176809639
2022,31,111,Lincoln,141.30417303855097,23.820149579013947,32.221792451601594,15.418646040418185
2022,31,113,Logan,175.09727046201007,23.365864185371162,31.662306962494977,15.069560409179054
2022,31,007,Banner,91.17024981892104,22.305501256402678,31.617127658538106,12.994012875354478
2022,31,157,Scotts Bluff,84.1456637289696,23.192718085634603,32.12054184981627,14.265031230631012
2022,31,165,Sioux,134.15640006823108,21.620061904600263,30.70933574015832,12.53092632989237
2022,31,039,Cuming,164.88332825333725,23.37876678137529,30.09516738425219,16.66250581678219
2022,31,129,Nuckolls,220.9422436995586,23.93530037979651,30.7034023985136,17.167338756186815
2022,31,101,Keith,85.423039661547,23.965826857304656,32.3895586868795,15.54223379242878
2022,31,137,Phelps,192.83026861122573,23.46696949788219,30.331877827986947,16.60220092041509
2022,31,181,Webster,239.13025730099378,23.991888005082625,30.838477541925265,17.145439840611193
2022,31,015,Boyd,147.70657202946074,23.341323768105635,30.585347427590825,16.097441127605993
2022,31,171,Thomas,137.294935449687,23.487068017992762,31.65731125048151,15.316963391144197
2022,31,089,Holt,166.79042602083354,23.061449780216048,30.298115447594256,15.82492411833833
2022,31,017,Brown,109.76606002213103,23.34019037160841,31.062161642928633,15.61835801297244
2022,31,103,Keya Paha,142.96815175080002,23.269451319423936,30.93645587025946,15.602586834241565
2022,31,077,Greeley,191.10590967531243,23.236993152514266,30.641173578739483,15.832952292121917
2022,31,095,Jefferson,240.3491214475133,24.12422732278729,30.51858732328788,17.73000774680732
2022,31,151,Saline,196.41626943750677,23.970330982517943,30.29362882834565,17.647174142280683
2022,31,057,Dundy,153.33296540266983,24.320520196542347,32.873702734965526,15.767475598126115
2022,31,131,Otoe,206.87455643874617,24.218228098337626,30.55802278758647,17.878574736080566
2022,31,087,Hitchcock,105.47712449006515,25.126202512293123,33.76365048607022,16.488892892728106
2022,31,105,Kimball,120.81901323459407,21.714283124557813,30.938530891746872,12.490174994287203
2022,31,127,Nemaha,262.4541092125654,24.18093874950567,30.521374208067616,17.840644596950817
2022,31,041,Custer,208.57563377834154,23.324076287048207,30.89022096125085,15.758070164069668
2022,31,143,Polk,202.3919029167227,23.829169340418048,30.376088470771638,17.28239113859945
2022,31,045,Dawes,179.88948697093693,22.647089726428785,31.471231595703525,13.823087196631091
2022,31,179,Wayne,133.29604855579373,23.277115891480314,30.265170740777744,16.289200612197483
2022,31,071,Garfield,199.70441308624706,22.84072038578405,30.15896647955286,15.522615872769093
2022,31,013,Box Butte,176.52351259872512,22.101790343303396,31.05371592172563,13.150002835328833
2022,31,173,Thurston,132.71087280605022,23.377031787469903,30.527172010554,16.227031832148487
2022,31,011,Boone,195.2930567648727,23.19712352027944,30.057175259451093,16.337212889497106
2022,31,145,Red Willow,151.1901881361242,25.064386461023027,33.407295262705816,16.721616815812762
2022,31,149,Rock,145.93326109257083,23.01293126800539,30.375931778068566,15.650070535068782
2022,31,005,Arthur,121.16354024185412,23.445621134353694,31.752383814401636,15.138997451203318
2022,31,085,Hayes,131.4623468822239,24.38603574426227,32.94844400671783,15.823766102231591
2022,31,097,Johnson,192.93584240593484,24.135192913410766,30.60435242839256,17.666174546057825
2022,31,003,Antelope,144.1264912554962,23.20493915566086,29.974859352780186,16.43515910827996
2022,31,163,Sherman,196.81822285470952,23.320277425794803,30.73542928958147,15.905265304075414
2022,31,161,Sheridan,205.66988600462903,22.30909741481591,30.873135862864707,13.745198207542854
2022,31,133,Pawnee,196.40272333025976,24.138527552014008,30.593621024182006,17.683574276844425
2022,31,075,Grant,155.8124139343318,22.671274450889896,30.795160838604616,14.547527790135208
2022,31,021,Burt,183.75229274041044,23.59416121735566,30.199027741791014,16.989435736749947
2022,31,009,Blaine,167.64407620587292,23.407021721515964,31.27425516037045,15.539927052754855
2022,31,027,Cedar,181.2471337085961,23.27882884667703,30.011019888611802,16.546777862335336
2022,31,169,Thayer,221.32849216013037,24.031909824714578,30.691591942461386,17.37236789410175
2022,31,049,Deuel,107.15791034430573,23.427567451698618,32.02344326286083,14.83182996700318
2022,31,123,Morrill,106.15266785043562,23.00406447797014,32.04071989006075,13.967548000510348
2022,31,115,Loup,188.569320196865,23.085148470082633,30.57074925311263,15.599686343036826
2022,31,063,Frontier,174.27649296296144,24.346192581073733,32.38121467888435,16.311309353648703
2022,31,125,Nance,141.5526565989884,23.63206745801086,30.29109627212232,16.973179177638556
2022,31,107,Knox,154.09809756973937,23.663511810775816,30.872554245205514,16.45460917378907
2022,31,135,Perkins,101.38497646109899,24.04144956267966,32.775564713474935,15.307473003726495
2022,31,037,Colfax,148.83306369808687,23.888620151566336,30.534909261399104,17.242470934583217
2022,31,023,Butler,177.20721102216015,23.549416570627173,30.154306303344928,16.9446671241356
2022,31,031,Cherry,153.5544276877849,22.857789267672345,30.87589704520631,14.839820456953987
2022,31,183,Wheeler,170.4451193750905,23.218392046586306,30.36649215857722,16.0704315989353
2022,31,061,Franklin,203.79124571738308,24.065944993255503,31.173509278040548,16.958520928846195
2022,31,029,Chase,147.4396265980948,24.082687783749364,32.58164669439439,15.583867188535748
2022,31,059,Fillmore,219.89730182121383,23.729507241162235,30.132277183070748,17.326878777517113
2022,31,185,York,250.06357227911778,23.67664572735346,30.108020534967366,17.245412638816408
2022,31,035,Clay,211.97867566375675,23.756956712524413,30.198236516859296,17.31581890691542
2022,31,033,Cheyenne,110.61343875343441,22.852529155744573,31.852657916229994,13.852538943534256
2022,31,069,Garden,149.82313378771303,23.20302306368842,31.754663934568836,14.651521343686117
2022,31,083,Harlan,161.0626031483727,24.3969815232736,31.72847528776411,17.065628261190497
2022,31,091,Hooker,160.1213036485839,23.013692367885277,31.04825361258126,14.979268469293492
2022,31,147,Richardson,241.20640965002812,24.205584868222896,30.41690519047026,17.994406693672374
2022,31,065,Furnas,165.5262777305673,24.49464778924556,32.716693150335054,16.272740911113228
2022,31,175,Valley,183.56956109182087,23.192995155069426,30.60183340152106,15.784295881150294
2022,31,141,Platte,180.765826831996,23.6504708655476,30.257542346207714,17.043539095361936
2022,31,121,Merrick,152.45051296812576,23.854315667061844,30.24313841929611,17.465632679612938
2022,31,079,Hall,212.91425856803434,23.889572260090723,30.37759092596697,17.401693115264607
2022,31,081,Hamilton,241.45273691459843,23.82165840239904,30.142895048113928,17.500561367492367
2022,31,093,Howard,148.96973073242944,23.71391481194946,30.609626268976907,16.818343760612787
2022,31,001,Adams,188.236632699889,23.760762625391802,30.2823601808948,17.239306905036507
2022,31,099,Kearney,181.5755359808208,23.720676693650212,30.478523167165502,16.96297026940099
2022,31,019,Buffalo,215.7514782279014,23.522646510656084,30.523998286926087,16.5214351010364
2022,31,073,Gosper,160.70450343362808,23.793608514056015,31.175231004535572,16.412124598338764
2022,31,047,Dawson,156.5352338422189,23.678569149220102,31.019370845296155,16.337907753626773
2022,37,037,Chatham,260.69038583682914,25.443882635208013,31.163218630137997,19.72468635663423
2022,37,115,Madison,345.5824563161937,22.148993392711233,28.1463943006636,16.151736638330977
2022,37,087,Haywood,323.5067417305651,20.16543863708243,25.583864575314855,14.747156797266127
2022,37,021,Buncombe,312.61907275827116,22.094169772479923,27.5789988290931,16.609484289225904
2022,37,089,Henderson,413.29906183478346,22.1297630288544,27.343029672979373,16.91664007110684
2022,37,175,Transylvania,485.4556104119288,21.106014602165722,26.204678694192467,16.007492581602815
2022,37,167,Stanly,279.8637209786223,25.877938671780672,31.590722131703565,20.165294079782672
2022,37,109,Lincoln,344.81717687194924,25.3270138572498,31.139966846445088,19.51420058883435
2022,37,159,Rowan,282.27561565821696,25.2690311930912,30.912736381115216,19.625467750923768
2022,37,025,Cabarrus,336.9108303815248,25.719585850258493,31.389615908958056,20.049694564227494
2022,37,097,Iredell,341.25120670557163,24.92278355040557,30.617415498935163,19.228293340535675
2022,37,071,Gaston,300.4092851737323,25.79945397483093,31.552030735978345,20.04701633650003
2022,37,179,Union,269.96993451676923,26.25971810764918,31.78907686050081,20.730498108340242
2022,37,119,Mecklenburg,325.57154607709583,26.210478714857047,31.651303163421282,20.769795027945683
2022,37,045,Cleveland,284.9027786906735,25.320834281024652,31.292521294402462,19.349286698778585
2022,37,005,Alleghany,402.37218087596466,20.496270553138146,26.122248432444106,14.870434866546493
2022,37,173,Swain,346.15015250575766,21.21703245682746,26.23714110749231,16.197065741421405
2022,37,011,Avery,355.3100452920234,19.990418209345705,24.960022165877962,15.020956263321747
2022,37,033,Caswell,313.9345931338522,25.228523440620314,31.42589881649361,19.03128760010684
2022,37,075,Graham,428.19578502549746,22.197195871766784,27.62007985344852,16.774453927859884
2022,37,007,Anson,309.0111165382123,26.34823726420429,32.07311791636811,20.623495244439447
2022,37,149,Polk,316.13917571083056,24.491800548343175,30.055504005449794,18.928239531281005
2022,37,039,Cherokee,456.1820641363167,23.189397624079685,29.008074854787605,17.37086265908795
2022,37,113,Macon,395.6547171931934,21.62348050202082,26.8300202316704,16.417083457509836
2022,37,009,Ashe,356.4684841673781,20.409380982407516,25.518342303523497,15.300563503896402
2022,37,123,Montgomery,265.3358197414929,25.939609082379793,31.66456683478016,20.214791771785702
2022,37,043,Clay,492.5545662909447,22.270009099090007,27.753788198675533,16.786373915684848
2022,37,121,Mitchell,327.0359115572192,20.639205673577948,25.900584843789943,15.377969906534641
2022,37,199,Yancey,341.6115281357511,20.40573804444319,25.467718093589387,15.343899324374975
2022,37,189,Watauga,358.3949598191711,20.413248441492673,25.457488533277107,15.369151004005266
2022,37,099,Jackson,334.54385656607576,21.10110524155229,26.25301041400215,15.949344314177585
2022,37,161,Rutherford,299.8397905072695,24.897648556744294,30.826031186623087,18.96940571586866
2022,37,193,Wilkes,433.2578098065053,23.61996622175573,29.312804774019313,17.92726926607847
2022,37,125,Moore,319.92100020120984,26.11157798937849,31.729770033440154,20.493526292408205
2022,37,153,Richmond,361.11967224268614,26.47110860033085,32.00781496535165,20.934543315842337
2022,37,093,Hoke,348.8430596668843,26.9299323499281,32.39061119500275,21.469393493889864
2022,37,165,Scotland,385.1240058126358,26.995083627398508,32.488955789181546,21.501351441883592
2022,37,155,Robeson,395.0960304803474,26.8927605985898,32.20615927025915,21.579501321939976
2022,37,001,Alamance,251.13472380653707,25.388011891488432,31.306541979513774,19.469619899343986
2022,37,151,Randolph,285.3642563934259,25.256904124715913,30.85530654767486,19.65864267476754
2022,37,081,Guilford,317.4759775705327,25.349009428733826,30.721604182427185,19.976555936320082
2022,37,157,Rockingham,319.03545172673256,24.87125469906048,30.670685396097472,19.07196445309914
2022,37,171,Surry,424.09527403553494,23.56716532312942,29.7189999873888,17.415472352545706
2022,37,057,Davidson,243.09917010880565,25.32310345942525,30.92633934068526,19.72000714554468
2022,37,169,Stokes,384.70735793217415,24.000395887780712,29.841667367379525,18.159265121231314
2022,37,067,Forsyth,297.5732695618948,25.010489525777608,30.520503939306742,19.500616345416187
2022,37,197,Yadkin,412.93869611754695,24.188908640639188,30.289309763675483,18.088648438791342
2022,37,059,Davie,285.08035796785816,24.857767694891418,30.79607324820375,18.91960256027134
2022,37,027,Caldwell,395.94343233086,24.143004428633567,29.807798318020485,18.478352501245105
2022,37,003,Alexander,440.9579235043218,24.400922100410742,29.76765685614452,19.0343295779438
2022,37,035,Catawba,393.88785912139593,25.129553609457943,30.70594694990778,19.55330210479161
2022,37,023,Burke,371.69323228970046,24.174899865558825,30.055321551354375,18.294618002650132
2022,37,111,McDowell,339.3041745787011,23.26887899849324,29.164016384015273,17.373883923957937
2022,37,029,Camden,370.871041362868,25.937080155762036,30.63672810314048,21.23757461525467
2022,37,139,Pasquotank,341.91921196654295,26.00274500996427,30.772353800730194,21.233277580557136
2022,37,143,Perquimans,346.28128078752945,26.030673363795977,30.9172873826975,21.14419922191948
2022,37,177,Tyrrell,420.3026612106091,26.068436497916807,30.508648287578442,21.628365637606475
2022,37,055,Dare,375.64975413539054,26.20176919435479,29.26981134280335,23.133870829467497
2022,37,073,Gates,284.8283614422673,25.34644964378348,30.956068550069766,19.7369723862389
2022,37,053,Currituck,410.86684974810134,26.061754743770106,29.901345720780373,22.222307452796592
2022,37,019,Brunswick,483.6358511218828,26.701967869189303,31.29568376656527,22.10839331040169
2022,37,031,Carteret,477.78480518552635,26.712872679990994,29.656730853330927,23.769159716625992
2022,37,137,Pamlico,457.72187717614736,26.419505808045642,30.403517187977613,22.435638740872154
2022,37,049,Craven,453.33379405965945,26.313654137658116,31.21552377471203,21.411925359947745
2022,37,103,Jones,471.24429872570596,26.039511397043746,31.303731064946707,20.775432846074423
2022,37,085,Harnett,353.63451796972305,26.358016702775277,31.844184380900117,20.871988084372628
2022,37,063,Durham,253.88848630149343,25.769451587390503,31.251287051108708,20.287757175434535
2022,37,145,Person,304.93299987733735,24.763965852793042,30.645110636331992,18.88296099342205
2022,37,135,Orange,300.79150177592504,25.292736759303793,31.1064833264256,19.479131576431794
2022,37,181,Vance,341.69847808356315,25.349788595773244,31.14301325010727,19.55670447416855
2022,37,077,Granville,305.4779792380313,25.106631498465163,30.621810891276628,19.59159304392046
2022,37,069,Franklin,335.54873095349507,25.465815623607558,31.08808879674334,19.843683817702022
2022,37,101,Johnston,324.13579666744937,26.204356129306586,31.689775664865607,20.719076711754163
2022,37,183,Wake,315.1622809657224,25.940277307075977,31.0924902595503,20.788205225124134
2022,37,105,Lee,301.61542439708103,25.868265240495692,31.69719153849439,20.03947982146692
2022,37,131,Northampton,301.38545027850205,25.181556204256356,30.906785118183752,19.456467943109676
2022,37,083,Halifax,298.36450284522795,25.27662239312025,30.908364427324262,19.645020514996382
2022,37,127,Nash,336.37764584259463,25.85751950764457,31.365750018115637,20.349428688124412
2022,37,065,Edgecombe,317.2005047620592,25.915503105129957,31.35632600595543,20.47481970752394
2022,37,195,Wilson,307.70377039732654,26.267513879425085,31.802505613114867,20.732662851356743
2022,37,163,Sampson,429.71111507285417,26.32516995048503,31.67457446192729,20.97590480504196
2022,37,185,Warren,327.4609156009765,25.689400936555774,31.51282617932673,19.8661157478138
2022,37,187,Washington,396.1550729794387,26.10720433624225,31.092979608918643,21.121569521971924
2022,37,061,Duplin,446.83143758128307,25.761067511820293,31.30729653939403,20.214979643531695
2022,37,091,Hertford,330.12662424336384,25.1886029816128,30.85231122585024,19.525035520081726
2022,37,017,Bladen,440.337741549568,26.568960989481862,31.934232502404463,21.20383000996202
2022,37,095,Hyde,427.86062487896316,26.43714536152353,30.14294352115661,22.73148996987201
2022,37,015,Bertie,345.55348788037605,25.86166981217892,31.258883805088825,20.464596774703875
2022,37,079,Greene,354.25924529271975,26.321987279499922,31.96302754940167,20.681085341168657
2022,37,041,Chowan,369.8710707457323,26.21922581959719,31.085974979392656,21.352617195680043
2022,37,117,Martin,364.3662803378681,25.99098019412458,31.193677467731344,20.788423358085463
2022,37,047,Columbus,471.77836866569965,26.446026340243307,31.520126118179917,21.372067486860416
2022,37,191,Wayne,342.5407991086699,26.09205692121948,31.578410080902696,20.605842818101273
2022,37,133,Onslow,494.3918385455212,26.300804100548053,30.904401590147547,21.697348988989102
2022,37,107,Lenoir,363.76348900342845,26.10006301121601,31.52012376821897,20.68014150700067
2022,37,129,New Hanover,607.6139964994735,26.6622130071747,30.499853461862724,22.824715427206353
2022,37,141,Pender,534.7640389264873,26.242212712839283,31.505545184859955,20.97902076862994
2022,37,051,Cumberland,394.43626499257726,26.910311570632896,32.28928152108456,21.531481729203485
2022,37,147,Pitt,400.7917667091325,26.43539534758652,31.866156935713292,21.004773618192306
2022,37,013,Beaufort,400.8827739331285,26.252745344387645,31.16103562214093,21.344596787903836
2023,17,121,Marion,374.045453254759,24.209939892897676,30.258913200109397,18.161107654559704
2023,17,005,Bond,328.79528313844094,23.595875422597036,29.702165268523657,17.48972737720646
2023,17,083,Jersey,307.1741022461877,23.88786456094313,29.775832810755926,18.000036404699483
2023,17,163,St. Clair,282.5230656392554,25.267637428760903,31.022545128655427,19.512870998667697
2023,17,027,Clinton,279.2122908661233,24.45647062960637,30.467849131450105,18.445233928980052
2023,17,013,Calhoun,284.87297657271745,24.10307747057377,30.06678331953171,18.13951403740121
2023,17,119,Madison,286.4015308177923,24.44837445344122,29.948748181624577,18.94814277667858
2023,17,133,Monroe,229.82160840580926,25.45999024948898,31.512095210446343,19.408025903486653
2023,17,117,Macoupin,280.31757146605537,23.273526834789003,29.078721036808833,17.468475942430096
2023,17,171,Scott,226.98423159173646,23.402491592153822,29.596344016985626,17.208781568017198
2023,17,137,Morgan,256.3939088190092,23.24842625166765,29.407714237183708,17.089279604450617
2023,17,107,Logan,261.86469384089133,23.21052087182791,29.346613698628083,17.07456946144334
2023,17,129,Menard,231.63782091903485,23.211213338128214,29.32119001642539,17.101377685243477
2023,17,167,Sangamon,295.795770287235,23.264466923685823,29.256753114438503,17.27232373652024
2023,17,021,Christian,277.17578096594985,23.26035691903809,29.25017807587052,17.2706789861408
2023,17,127,Massac,455.29706994645346,24.527112412088485,30.239653795497524,18.814713417296698
2023,17,057,Fulton,291.1674431239181,22.812158561188255,29.11648404645756,16.507974458539405
2023,17,175,Stark,303.5295297218571,21.967413895160746,28.300514581672616,15.634455399255442
2023,17,203,Woodford,330.365891760426,22.50221698657115,28.95197117112513,16.052605034278685
2023,17,179,Tazewell,282.191988932074,23.080138258060767,29.31053518267845,16.849882693648723
2023,17,123,Marshall,302.50221277451527,22.102454059899284,28.49825479052729,15.7067938350129
2023,17,143,Peoria,326.18234622231347,22.743633110434025,28.887777538468942,16.599630505307346
2023,17,001,Adams,286.2219724872127,23.64472219824488,29.505549214184033,17.78403681432583
2023,17,177,Stephenson,232.20491449567996,21.28420624165047,27.66306079495047,14.905495039208509
2023,17,141,Ogle,213.24288921275274,21.38952015208916,27.724964991410236,15.05421813147396
2023,17,201,Winnebago,213.31163325798738,21.538650077458747,27.745661308286206,15.331782281766532
2023,17,007,Boone,259.1903285270038,21.234592087108087,27.578158722631645,14.891167393495492
2023,17,025,Clay,355.71153706310315,24.12770589126404,30.252836637484332,18.002716902872507
2023,17,185,Wabash,374.1352955942283,24.008098911096177,29.927588931994425,18.088751913836322
2023,17,009,Brown,259.80626342041325,23.052498179398796,29.14134373651627,16.963794458647165
2023,17,151,Pope,449.3054088729271,24.330071077954067,30.40904000663619,18.251244592269288
2023,17,033,Crawford,307.51608398073,23.488370558215927,29.41553040481628,17.561353671775596
2023,17,135,Montgomery,273.3058687590731,23.1760297764153,29.202739706463515,17.149462395867957
2023,17,055,Franklin,343.7445700250398,24.686716631447513,30.74130253351942,18.63227278343614
2023,17,023,Clark,307.2893864392131,23.10389883105003,29.224362081248987,16.983577560221896
2023,17,059,Gallatin,274.8460355486694,24.343081683647345,30.204863042269057,18.48144134414009
2023,17,075,Iroquois,308.4194018760441,21.99285051459305,28.436266838212124,15.549576492420833
2023,17,041,Douglas,311.8954875128748,22.782756802630292,28.657757220229986,16.907899261614592
2023,17,189,Washington,295.6289692001323,24.508066883234818,30.53858929296729,18.477685767847532
2023,17,159,Richland,309.1484310610036,23.78196921291649,29.69699805052445,17.867082408003608
2023,17,065,Hamilton,259.5135290736871,24.37025091963509,30.550425327829185,18.19021896834208
2023,17,193,White,252.29598724542703,24.210230302163843,30.112502717150544,18.308099041804923
2023,17,169,Schuyler,241.54552824094893,23.03391522638369,29.2360440478495,16.831928213455715
2023,17,181,Union,370.5026028344853,24.543366597554723,30.312661577114785,18.774213756148324
2023,17,085,Jo Daviess,256.3303841643171,21.324321650554467,27.768086924087545,14.880698988605275
2023,17,125,Mason,249.80256970684044,23.347495880671662,29.748434935430026,16.94669853721924
2023,17,191,Wayne,361.6775312490565,24.126728836404943,30.175161649619806,18.078438239056112
2023,17,069,Hardin,334.94400520106393,24.2548381236526,30.222434232640712,18.287382840706464
2023,17,061,Greene,269.42676055455877,23.3935450032747,29.42785049897629,17.359381367117106
2023,17,157,Randolph,293.93135057969874,24.595513220075965,30.73509494255346,18.45607246189003
2023,17,149,Pike,260.4726930776053,23.723083942965964,29.699382513431026,17.74692765093882
2023,17,145,Perry,324.418421563121,24.573439933289876,30.612291807621077,18.53472908028135
2023,17,087,Johnson,417.5329930704085,24.438996167674098,30.40737399625901,18.470761342193654
2023,17,173,Shelby,265.86134871477805,23.19522199185346,29.204442706814266,17.186143935343857
2023,17,051,Fayette,295.17399892501595,23.663054755553333,29.761737590582662,17.56451415077658
2023,17,139,Moultrie,296.20568058168664,23.019836007054483,28.849046175576728,17.190769077416984
2023,17,017,Cass,246.54980751608753,23.20199027722988,29.50629372412305,16.897827264210214
2023,17,015,Carroll,237.1068406670438,21.672492746919808,28.22696107788435,15.11816800381834
2023,17,047,Edwards,384.37273957373174,24.08995148107994,30.016696044330505,18.1633482388784
2023,17,079,Jasper,287.09820755353803,23.618408994963243,29.38628564189985,17.85067366790944
2023,17,187,Warren,315.96820051046524,22.466975775958762,28.672515746574625,16.26157778276454
2023,17,153,Pulaski,484.9788438764984,25.025501214945535,30.539784682844477,19.511360354911425
2023,17,165,Saline,291.15487119397864,24.662098421918127,30.721507494164417,18.602833266927064
2023,17,101,Lawrence,315.6760842128327,23.815907360548042,29.680039439729683,17.951917053188797
2023,17,045,Edgar,313.83680154983324,22.700933671549954,28.805532724441083,16.596476652641016
2023,17,071,Henderson,318.33601787969735,22.87183106828762,28.728962002231608,17.01484463524178
2023,17,199,Williamson,437.59384259236396,24.55662896746602,30.651842636916783,18.46155551393242
2023,17,077,Jackson,356.2000714875927,24.69805907464312,30.804167028608312,18.59209119077561
2023,17,147,Piatt,291.4377677711743,22.762854832148825,28.7303893471767,16.795462613672363
2023,17,053,Ford,280.9870827093102,22.239123527159638,28.698817684914932,15.779571875620844
2023,17,019,Champaign,243.89645403152048,22.600012932095186,28.750262264884412,16.44990687471917
2023,17,029,Coles,288.2386359607611,23.07247700798225,28.89266045621051,17.252434986776166
2023,17,035,Cumberland,283.1671766048926,23.37613928366995,29.383575346560093,17.368844217455056
2023,17,183,Vermilion,265.55823160972216,22.45541348884245,28.6868397916235,16.22413027613435
2023,17,115,Macon,274.1707721803916,23.195162810450135,29.083090602103248,17.307377074963725
2023,17,049,Effingham,264.6519802045473,23.700351476566723,29.739497730173802,17.66134705889512
2023,17,067,Hancock,265.69560669920656,23.344428753388335,29.23187111602632,17.457128322205506
2023,17,095,Knox,359.90169843582675,22.202435894694183,28.448565994875818,15.956448018074598
2023,17,109,McDonough,268.2708110059251,22.736791215048505,28.85844698807877,16.61527738507734
2023,17,081,Jefferson,272.1373461376034,24.393873229774805,30.617715449145802,18.17017194860049
2023,17,113,McLean,292.335474971457,22.589541581240884,28.947402487671823,16.23182308415149
2023,17,039,De Witt,279.41377375238875,22.79040385712427,28.95769163907066,16.62325870876092
2023,17,105,Livingston,304.1660364089338,22.1490623651041,28.596450904876775,15.701816555014313
2023,17,003,Alexander,488.5517389162016,25.186227497447522,30.704132023464656,19.668462793713246
2023,17,093,Kendall,266.8569353966562,21.770824264679913,27.741565338723188,15.80022566327491
2023,17,031,Cook,355.10062365131375,22.169003714802013,26.91344761802256,17.424701750649895
2023,17,037,DeKalb,259.98350660563847,21.223649824828016,27.39385940673504,15.053583105020872
2023,17,089,Kane,297.7001848579966,21.467968375141485,27.510043957740013,15.42603610941798
2023,17,063,Grundy,233.91327564194864,21.936106825621856,28.119711738801946,15.75264381014384
2023,17,111,McHenry,233.5225005380243,21.141750802384443,27.490442992338313,14.793200778428055
2023,17,197,Will,265.64163869186234,22.00590102231384,27.962039063151753,16.0499052442293
2023,17,043,DuPage,296.5277995139526,22.026610723558562,27.853135737054732,16.200228523958046
2023,17,097,Lake,261.2009008204835,21.039878742922443,26.273558402300385,15.80634115844547
2023,17,091,Kankakee,249.70657785018525,21.8451605870566,28.021398894749176,15.669064798015683
2023,17,011,Bureau,243.96536534159233,21.982793213972595,28.255765856131585,15.70996399179989
2023,17,155,Putnam,231.07044362276224,22.168478232055673,28.435692954805333,15.901408865433766
2023,17,099,LaSalle,252.91711992301475,21.82228385122802,28.063392103975072,15.581318269771524
2023,17,131,Mercer,275.21580229856824,22.65766165437639,28.820522868841348,16.494944376499987
2023,17,161,Rock Island,244.54481005498818,22.871644112951298,28.836112450431166,16.907317454930666
2023,17,073,Henry,260.99099505902734,22.4382043179264,28.550316982940974,16.326235334714205
2023,17,103,Lee,249.40113883494968,21.46970924413858,27.791038801262392,15.148522331564033
2023,17,195,Whiteside,202.03622448542464,22.170710775968697,28.449247818483116,15.892316071809397
2023,19,149,Plymouth,270.2442093485744,22.114322814400587,28.404471867931438,15.8243168077278
2023,19,193,Woodbury,200.80084158992963,22.408887592763705,28.86360824514075,15.95431041259954
2023,19,027,Carroll,232.90756579624363,22.131387629368096,28.503240255973246,15.759677561463008
2023,19,061,Dubuque,208.05609371230747,21.389650124434077,27.868282949458138,14.911160627678495
2023,19,101,Jefferson,228.29252080037494,22.893685701332085,29.00901223968616,16.778500861617243
2023,19,187,Webster,228.9148598310959,21.801575806307614,27.875329860392227,15.727964122007325
2023,19,111,Lee,318.6388746169258,23.359715225040105,29.120547162660337,17.59902700084748
2023,19,127,Marshall,210.0546395579654,22.137326440190208,28.393996897337868,15.880798703398327
2023,19,195,Worth,176.8080637584677,21.065533996506023,27.479038755715052,14.65217245485215
2023,19,033,Cerro Gordo,229.3776098579452,21.348268101351458,27.851307798722143,14.845372208441628
2023,19,051,Davis,184.95832201627596,23.00081657155723,29.094286918502128,16.907488636618588
2023,19,179,Wapello,195.56700958462423,22.96741777457689,29.03920522499334,16.895771187592494
2023,19,041,Clay,262.85309646013314,21.783970700647956,28.079182088632663,15.488902595723495
2023,19,059,Dickinson,238.33235467317027,21.732971780004373,27.777682793008786,15.688403401991122
2023,19,021,Buena Vista,289.4205625269519,21.7998573107703,28.02716406116853,15.572693536945984
2023,19,013,Black Hawk,175.9811351676178,22.149700254773705,28.590102496430216,15.709439918532775
2023,19,075,Grundy,189.43149975294295,21.912530802649272,28.336659207251117,15.488543585025496
2023,19,017,Bremer,259.6997182003683,21.692355238269784,28.19131975585576,15.193534389653717
2023,19,085,Harrison,283.12781871059883,22.545088180638782,28.91828799536659,16.17203237330092
2023,19,129,Mills,305.56928305125643,23.48520206523947,29.12207759155717,17.848468804852008
2023,19,155,Pottawattamie,296.516430180294,23.159685670775616,29.036066873905988,17.283447067565312
2023,19,123,Mahaska,239.43800975991772,22.93491713095482,29.090472593104998,16.77950303010921
2023,19,125,Marion,223.16706000883528,22.828675278200837,28.81331480938403,16.844177998073885
2023,19,053,Decatur,327.2773308894533,23.077555305117325,29.130107301054856,17.02514516098078
2023,19,031,Cedar,216.67462985438988,22.39800287389927,28.889818529966007,15.906329844590363
2023,19,151,Pocahontas,252.8471781843329,21.86359095884203,28.096148174734353,15.631177607599408
2023,19,109,Kossuth,253.94683416055074,21.689977457779396,27.676215224014538,15.703883021675734
2023,19,089,Howard,191.6848035271898,20.48835849006064,27.234736256643252,13.742122922944255
2023,19,147,Palo Alto,231.59016899475608,21.8140840056999,27.92639738156683,15.70191250250214
2023,19,159,Ringgold,300.60930954753366,23.018104700021837,28.90641599390106,17.12993614359382
2023,19,025,Calhoun,252.8209296024368,21.946075356024515,28.025976075835082,15.86631727486983
2023,19,039,Clarke,295.29217898073637,23.052526487688315,29.230851065304016,16.874344854702755
2023,19,065,Fayette,210.13114530416829,20.905697391900027,27.504063285614798,14.30747416794615
2023,19,001,Adair,277.16115791391826,22.684544274862912,28.5661709342483,16.80305867028499
2023,19,037,Chickasaw,209.44265174459298,21.088221487243423,27.62371401978449,14.55287246546237
2023,19,081,Hancock,230.5665848967576,21.091836157899742,27.495376509830972,14.688439126522837
2023,19,157,Poweshiek,228.73673332770335,22.44245310651344,28.807495283528105,16.077553673496638
2023,19,165,Shelby,253.52558863174244,22.051894491213307,28.4781321212798,15.62580039022976
2023,19,185,Wayne,276.2063708210073,22.7027333272314,28.847195574345463,16.558412950249743
2023,19,097,Jackson,203.36932509933746,21.69819016723985,28.251240851860935,15.14528283845266
2023,19,043,Clayton,192.31251970751893,21.15533217104881,27.915907884774246,14.39489924206014
2023,19,007,Appanoose,236.4370991741385,22.802330679318707,28.914920700965926,16.689883035188622
2023,19,177,Van Buren,223.53387114792497,23.205206339746788,29.243827026142252,17.166727037352736
2023,19,197,Wright,205.6657824472879,21.429206311365377,27.78079336286994,15.077761899510653
2023,19,137,Montgomery,258.2324340541911,22.933854071065653,28.79506600522376,17.07278526033022
2023,19,175,Union,329.21380707810573,22.721546999318186,28.532382890946018,16.910854229042926
2023,19,107,Keokuk,240.84265744405735,22.667805858927796,28.93155054867116,16.404203514470677
2023,19,131,Mitchell,156.14319233508076,21.068197461523166,27.612640843073567,14.523897637024515
2023,19,191,Winneshiek,167.68474539106862,20.71582707386145,27.39850084454022,14.033296855336305
2023,19,161,Sac,255.04363318997792,22.070268732292156,28.34899388023399,15.791685357233156
2023,19,055,Delaware,222.33863449541167,20.78140577349768,27.762253788485342,13.800701067600391
2023,19,067,Floyd,201.95629565493832,21.536621727759766,27.997792705560535,15.07559512635925
2023,19,009,Audubon,254.383083427612,21.899228746765036,28.45397064306882,15.344630006699383
2023,19,079,Hamilton,247.02988082404676,21.79270602985621,28.039094774214814,15.546459638556518
2023,19,069,Franklin,219.0175063880724,21.563331038492173,28.07457900674028,15.052226740451962
2023,19,141,O'Brien,294.93049941212973,21.59752489294914,27.68713743009811,15.508054343094264
2023,19,167,Sioux,314.15274059596413,21.814185898274626,28.097708110387842,15.530806516746908
2023,19,005,Allamakee,166.1930630035077,21.161007269124003,27.84842179234539,14.473736164259053
2023,19,189,Winnebago,229.40936572347744,21.16573400928107,27.450362539295515,14.881248530496741
2023,19,093,Ida,243.56115161946573,22.04594879577408,28.474102481127158,15.617938072052754
2023,19,029,Cass,297.28962330393944,22.5059333411905,28.52756194215326,16.4844477138628
2023,19,083,Hardin,226.189384937248,21.920176739328166,28.240244079208956,15.600252502161693
2023,19,173,Taylor,301.99036479153096,22.970062040499844,28.643152672696345,17.297113972519686
2023,19,145,Page,313.5303514957503,22.92194238738805,28.72321857966616,17.120809584897028
2023,19,035,Cherokee,264.5882345425051,21.788789146753217,27.979446024417687,15.598275479344744
2023,19,071,Fremont,350.4080712757259,23.28566311659326,29.09969332023759,17.47177509573491
2023,19,095,Iowa,194.28438961737766,22.553013230042403,29.105950797794296,16.000218020274822
2023,19,023,Butler,202.20502627792217,21.995196804234787,28.34553473525131,15.644999893674713
2023,19,063,Emmet,250.61294266929454,21.54856729316744,27.52077267866841,15.576505534152652
2023,19,047,Crawford,221.00747116382496,22.12503658309477,28.613068206008045,15.63714831419901
2023,19,019,Buchanan,230.58070721777776,21.414968547025747,28.10704692036011,14.723033568408658
2023,19,143,Osceola,300.71340376295325,21.46772051738985,27.605675291695775,15.329909745979514
2023,19,073,Greene,278.9542500150409,22.07213117501131,28.107842718219864,16.03656366519701
2023,19,087,Henry,210.54854265135575,22.833842478684996,28.89662376474795,16.77120332791773
2023,19,119,Lyon,274.2725930587309,21.638293787127996,28.155430875191158,15.121299404588417
2023,19,003,Adams,274.5273446630633,22.713796091812352,28.36153422687715,17.066200764863893
2023,19,133,Monona,223.58608603614238,22.55285894352456,28.980358294134167,16.12550200867887
2023,19,091,Humboldt,206.0115460152218,21.678295747707647,27.781885050560234,15.574848748343202
2023,19,115,Louisa,209.2419064345534,22.84359793577635,29.088563681713566,16.598773925451095
2023,19,171,Tama,171.67520576621595,22.035626471158068,28.620069218775885,15.451326826759272
2023,19,135,Monroe,223.61489108990475,22.850641327903606,28.90681628162997,16.79460943987782
2023,19,117,Lucas,215.3851299657663,22.810987708978363,29.049730140627975,16.57238717399672
2023,19,057,Des Moines,292.09454933566246,22.86304868661703,28.7568785946726,16.969361393759772
2023,19,011,Benton,176.22562984128822,22.288115239101074,29.054364090377614,15.522007622751333
2023,19,113,Linn,162.03397298127206,22.199788284860134,28.984913345283157,15.414805322430789
2023,19,105,Jones,170.73700146623375,21.57260225470491,28.437250056895177,14.708095543824422
2023,19,103,Johnson,187.81183781294456,22.85493225930589,29.233122664662183,16.476882983364625
2023,19,183,Washington,199.17524097986987,22.76131096831872,29.102142584397754,16.420621047420795
2023,19,045,Clinton,195.79488680893292,22.217448173872388,28.502397752813923,15.932642895528696
2023,19,163,Scott,227.75493487695957,22.745542599340848,28.66435774892373,16.826870074538245
2023,19,139,Muscatine,255.70125801146088,22.846378223175623,29.03803860127997,16.654859587834967
2023,19,169,Story,299.3620533878921,22.266151160360817,28.22513515792457,16.30730886051214
2023,19,015,Boone,302.0443967588076,22.224550671614537,28.151974923592153,16.297267835151352
2023,19,121,Madison,252.4823061293971,22.77944498709033,29.055102108311118,16.50393064362111
2023,19,181,Warren,228.71398437443239,22.83946580735079,29.1356864489758,16.543388770407027
2023,19,049,Dallas,244.9159044415369,22.757086683016535,28.886454340683873,16.627862027173705
2023,19,153,Polk,228.36204204329883,22.947829725890394,28.985928177112676,16.909873430514555
2023,19,077,Guthrie,241.69538208627642,22.217909215209975,28.609026522871773,15.82693521841352
2023,19,099,Jasper,260.5398424182374,22.51454257920452,28.631056786828587,16.398170678464925
2023,31,043,Dakota,268.1532635932212,22.663489895346466,29.255104630157312,16.07201807375865
2023,31,051,Dixon,281.8498973101204,22.279971132314625,28.64992392165076,15.910160003572482
2023,31,053,Dodge,305.7583882930462,22.91516939131312,29.08966470488736,16.740816196135462
2023,31,025,Cass,366.7793469060019,23.342919551368386,29.0493287524304,17.636652164442616
2023,31,055,Douglas,303.1591701745196,23.815515625742652,29.479242947866336,18.15193051478057
2023,31,153,Sarpy,317.20525753439205,23.722461513687506,29.3556938703372,18.089371960436058
2023,31,155,Saunders,334.6581634824751,23.007196478152338,29.17829603558748,16.83623949105993
2023,31,177,Washington,266.20422897862744,23.136772802307036,29.08695825829492,17.186729061089622
2023,31,067,Gage,324.2524272514611,23.751130627630314,30.124011843483792,17.37839179844557
2023,31,109,Lancaster,341.75462466284745,23.64257887563453,29.893139636091163,17.392160449351376
2023,31,159,Seward,299.0631835175739,23.30764296033088,29.86711700271968,16.748310504621863
2023,31,139,Pierce,250.17206688610113,22.554857722687373,28.859092480072576,16.250765560982998
2023,31,119,Madison,299.72670917172564,22.49256655641877,28.74774235274932,16.237532796113204
2023,31,167,Stanton,281.15018644149967,22.511196304223187,28.935092564640605,16.087443099201046
2023,31,117,McPherson,276.9893370544201,21.544986278562003,28.882935110507333,14.207180105203339
2023,31,111,Lincoln,231.00571389172546,22.037292733923444,29.295687348635912,14.779039711986098
2023,31,113,Logan,210.08691130138402,21.828714890164594,29.18722588528249,14.47034649835763
2023,31,007,Banner,233.88197936858765,20.08418624051145,27.714171185358524,12.454341981323045
2023,31,157,Scotts Bluff,241.41844015575134,20.97168936170723,28.66262974414418,13.280888382614645
2023,31,165,Sioux,228.72501808116377,19.74541245058394,27.714102539489154,11.776863301745236
2023,31,039,Cuming,282.8623033320613,22.440235474086997,28.806098605430144,16.07451501413252
2023,31,129,Nuckolls,250.3850887204942,23.578861166306346,30.628121359019126,16.529742401835456
2023,31,101,Keith,190.75256518209602,21.965360723921762,29.117809728083767,14.813053410547012
2023,31,137,Phelps,268.8216891209978,22.312398812897122,28.766545360516115,15.858395060615862
2023,31,181,Webster,283.31871895089574,23.377059822663696,30.288298424995496,16.465962647774905
2023,31,015,Boyd,329.1174641089894,22.654402090258433,29.340309832232453,15.968635787195499
2023,31,171,Thomas,258.8356458024383,21.851148895641646,29.238312778170176,14.46412695281725
2023,31,089,Holt,314.00434528655524,22.17792086406167,28.881904011064986,15.474079767754803
2023,31,017,Brown,307.10766948234794,21.94179990147238,29.048781113065793,14.834961086158373
2023,31,103,Keya Paha,381.8752629925908,22.15316018462045,29.188529849025063,15.11793082981794
2023,31,077,Greeley,305.03160530442943,22.480192699249073,29.443348817334304,15.517178792710114
2023,31,095,Jefferson,298.2471157724946,24.036251230368144,30.755752804548596,17.316890526303954
2023,31,151,Saline,358.12593481197797,23.463699768379733,29.877560406769597,17.049980900705865
2023,31,057,Dundy,267.06765155128625,22.430455180610792,29.938171805709572,14.92287985265481
2023,31,131,Otoe,398.16029999825565,23.394529148635694,29.390592629526818,17.398609032750905
2023,31,087,Hitchcock,253.1404958223716,23.021850261548156,30.60368029831628,15.44016254910042
2023,31,105,Kimball,265.7520402037827,19.51760393518831,26.864025347935197,12.17132277554079
2023,31,127,Nemaha,365.8000781356622,23.466687391653497,29.480694962082516,17.45282299974122
2023,31,041,Custer,246.4294840690002,22.13345803438113,29.103756798262236,15.163301830280021
2023,31,143,Polk,288.2352051755724,23.21082464115195,29.6144415680496,16.807348634528257
2023,31,045,Dawes,284.63014886235123,20.73608774135502,28.22947719388197,13.242839932855105
2023,31,179,Wayne,266.42530490321354,22.332888813600754,28.761254694197333,15.904666184791289
2023,31,071,Garfield,338.5722336247959,22.203541379222706,28.961539305813435,15.445687571643864
2023,31,013,Box Butte,231.6780308234593,20.163409219863453,27.874336825105292,12.452622389621474
2023,31,173,Thurston,256.8869809930551,22.559953576435433,29.194826046737074,15.925224000540009
2023,31,011,Boone,294.7882085344226,22.215880682900433,28.66175211810361,15.77015164810727
2023,31,145,Red Willow,232.0735994690264,23.1098107103288,30.560779405668214,15.658983423861917
2023,31,149,Rock,323.93191655764156,21.808742385431987,28.630869324219294,14.986757307681328
2023,31,005,Arthur,250.0500660838863,21.469498824113202,28.612079066037374,14.3270605719943
2023,31,085,Hayes,190.6342284181508,22.46243816399352,29.825777662915627,15.099239683258727
2023,31,097,Johnson,318.0571514857251,23.446645532021943,29.612800588803037,17.28063156243016
2023,31,003,Antelope,298.4406340983784,22.203039143239234,28.50318051316814,15.903041210051981
2023,31,163,Sherman,312.7521069415448,22.36022763678311,29.39286685276814,15.32773010283938
2023,31,161,Sheridan,313.68184625288757,20.39740827380744,27.759503267618747,13.03545504790029
2023,31,133,Pawnee,344.3633800624887,23.532436427804928,29.810491335214007,17.254525416707914
2023,31,075,Grant,283.8113907668775,20.834904381642232,27.936984666723806,13.732965945934993
2023,31,021,Burt,259.9484925555276,22.66084988824557,28.905661256960293,16.416180589890192
2023,31,009,Blaine,235.66836941438694,21.97956476324895,29.26710376211515,14.692167293366943
2023,31,027,Cedar,277.42955865949267,22.48245263040941,28.608838423396286,16.356208800927412
2023,31,169,Thayer,275.12097828377284,23.91360977348134,30.88489970522502,16.942461387793443
2023,31,049,Deuel,228.0440222218166,21.476848851281648,28.824883087321485,14.128956433156475
2023,31,123,Morrill,212.76034679320398,20.79795715549191,28.44218879569681,13.153865629096325
2023,31,115,Loup,280.1598931939394,21.989335540973173,29.00485314338786,14.97396026711693
2023,31,063,Frontier,247.94451420068845,22.650209106512637,29.80818292133344,15.492377663475164
2023,31,125,Nance,245.84377487963104,22.79094987861188,29.2522226502553,16.32981953175283
2023,31,107,Knox,249.42777113635205,22.817503648797825,29.311267303810563,16.323882572389344
2023,31,135,Perkins,182.6703195032669,22.087606797602565,29.55407765936819,14.621277939670934
2023,31,037,Colfax,306.93799662312955,22.825815017899032,29.03394346322236,16.617829317777776
2023,31,023,Butler,299.65720599067424,22.931549126818574,29.22246545439124,16.640775174349432
2023,31,031,Cherry,327.65059445237085,21.178977940659674,28.338828312025292,14.01926976831835
2023,31,183,Wheeler,327.9897239100985,22.5401277096544,29.041182762564627,16.039213978771073
2023,31,061,Franklin,311.9665923221004,23.25283207192176,29.97957104263421,16.526234925204104
2023,31,029,Chase,194.9471175143799,22.135088701678093,29.50528113275276,14.765036878742151
2023,31,059,Fillmore,328.7945271396607,23.156919946113295,29.668690028059963,16.64529202839177
2023,31,185,York,283.4481224588869,23.073729657900852,29.513392579740078,16.634209761958555
2023,31,035,Clay,277.890141563339,23.08054583708763,29.53824333476323,16.62299086819639
2023,31,033,Cheyenne,296.34731809204834,20.650968407225104,27.96062043674619,13.341457124417245
2023,31,069,Garden,252.9173613402392,21.251206314914466,28.52918758610009,13.973366966433284
2023,31,083,Harlan,294.7864725192052,23.21988273681056,29.9709237052133,16.468984420115827
2023,31,091,Hooker,282.3308127578673,21.258236964050823,28.437780109589813,14.078836736881293
2023,31,147,Richardson,350.284459126065,23.673206930238575,29.664917195513457,17.68164031783574
2023,31,065,Furnas,257.4525210270857,23.024165203200905,30.57763082549674,15.470841596167443
2023,31,175,Valley,286.4183006312606,22.423878772947646,29.391512150205674,15.456388330897585
2023,31,141,Platte,334.5688554807475,22.661138500188308,28.882780219787012,16.439640355815897
2023,31,121,Merrick,269.64057614620566,23.02207899628536,29.323363708920088,16.720936208205163
2023,31,079,Hall,260.4206169977866,22.8538575730065,29.26771710752759,16.440139677152988
2023,31,081,Hamilton,264.4602820935477,22.907332735699132,29.152810574635026,16.661996593738024
2023,31,093,Howard,315.6313750846006,22.74037154716667,29.45423667467693,16.02664771146994
2023,31,001,Adams,273.30336083388397,22.950327343786785,29.319319896401694,16.581476624753474
2023,31,099,Kearney,261.92096842803244,22.498935763859222,28.996069298051655,16.001944995234933
2023,31,019,Buffalo,285.8264252707341,22.30983451101136,28.96626304885109,15.653547590606642
2023,31,073,Gosper,293.49313944440445,22.47654471941597,29.240449304501443,15.712782394316072
2023,31,047,Dawson,238.8516632118842,22.35292482933326,29.10395472994621,15.602036512592873
2023,37,037,Chatham,360.3584914795078,24.67091702885803,30.350612212539602,18.99136362883234
2023,37,115,Madison,399.11740080966507,20.920199483128616,26.863703352493825,14.976837415846667
2023,37,087,Haywood,390.7661070818439,19.242030073660466,24.983661106963936,13.500541553624545
2023,37,021,Buncombe,319.20704824625454,21.113315456129342,26.772456308360272,15.454317064736895
2023,37,089,Henderson,383.92325390449565,21.266342262816583,26.811588555681237,15.72124099334332
2023,37,175,Transylvania,494.52382828591766,20.493350957895252,25.91532243822766,15.071523361949177
2023,37,167,Stanly,350.22797524144477,25.092119826850187,31.006649665856706,19.177730581690778
2023,37,109,Lincoln,320.10198988020454,24.173128834504585,30.050839031501898,18.295558977419983
2023,37,159,Rowan,369.1445039744199,24.217001406389787,29.94318240212945,18.490961492516483
2023,37,025,Cabarrus,394.90164835754877,24.784771588717994,30.514256667282634,19.05542772637922
2023,37,097,Iredell,350.24325852556706,23.820334569764682,29.59562986727424,18.04518005483029
2023,37,071,Gaston,335.17020714917015,24.80156938322069,30.495742707813953,19.107536209218214
2023,37,179,Union,322.7796147956295,25.53473679505764,31.164865002123324,19.904749338800766
2023,37,119,Mecklenburg,388.61008140140916,25.39604794739737,30.825901393421837,19.96633505159649
2023,37,045,Cleveland,367.63216867244154,24.127230512844147,30.09233738717048,18.162264546882213
2023,37,005,Alleghany,442.2727492676241,19.44729404806123,25.078217626979132,13.816513974087016
2023,37,173,Swain,485.1737433940739,20.12546371893784,25.602435596312798,14.648634170795662
2023,37,011,Avery,486.8205304251716,19.05151552571839,24.02888371464951,14.07428916605599
2023,37,033,Caswell,294.40006649641236,24.08594643702716,30.324402490964232,17.847631486195127
2023,37,075,Graham,560.1209611463981,21.01205090304955,26.82708637485833,15.197160523933157
2023,37,007,Anson,334.7930113825396,25.798453537472287,31.7413488679772,19.855697717595866
2023,37,149,Polk,427.51725735074365,23.494030434492103,29.17095364768108,17.8172491208111
2023,37,039,Cherokee,593.5919220597243,21.9159865007643,27.94594867818594,15.886168161501343
2023,37,113,Macon,438.82815814632033,20.677807109899742,26.27733744916794,15.078419317796506
2023,37,009,Ashe,386.5287192428227,19.293134543838423,24.44023589399856,14.146175955963514
2023,37,123,Montgomery,340.20320951761323,25.321009556233577,31.32457678278065,19.31758265750809
2023,37,043,Clay,507.6405680588215,21.04433669777328,26.746382966344097,15.342435358007146
2023,37,121,Mitchell,505.0886196012121,19.65381180553426,25.0043976791984,14.30336838858804
2023,37,199,Yancey,455.7265849742539,19.418900582506392,24.72064660542628,14.117296850874553
2023,37,189,Watauga,444.280703900478,19.366310512269504,24.40368250987032,14.32908065465516
2023,37,099,Jackson,371.25456548524664,20.184908589096487,25.678292524197147,14.691667776823833
2023,37,161,Rutherford,375.73024579688945,23.724630594585044,29.679519504474463,17.769883449569566
2023,37,193,Wilkes,520.6718444028697,22.411279755608533,28.236440514271436,16.58626065532823
2023,37,125,Moore,345.7492620840247,25.541581884380463,31.35031770589258,19.73298681429009
2023,37,153,Richmond,344.8250091378723,25.988407508007278,31.806989118005554,20.16996511261063
2023,37,093,Hoke,421.7674880276785,26.40415538387593,31.994438277136304,20.81401178538709
2023,37,165,Scotland,435.7446747909345,26.452419008223835,32.191853113254744,20.713123661861264
2023,37,155,Robeson,543.194692556308,26.373677669772718,31.80841823327414,20.939076841573293
2023,37,001,Alamance,337.4928990072202,24.3383949718459,30.063774923750472,18.61315735659374
2023,37,151,Randolph,344.59691239716346,24.38190269474956,30.026434005376316,18.73751313082355
2023,37,081,Guilford,300.103412386659,24.372591849203097,29.617519338935118,19.127805046437896
2023,37,157,Rockingham,331.04403145219214,23.828239766718966,29.532124961723717,18.124496064978132
2023,37,171,Surry,453.88177648530586,22.469740471547425,28.635631645137757,16.303992370845652
2023,37,057,Davidson,319.38068440354715,24.35158376311173,29.970334811773892,18.732973197644178
2023,37,169,Stokes,370.9236666097733,23.150498655080145,28.88344932522605,17.417689864182734
2023,37,067,Forsyth,319.0358496094897,24.12062533725831,29.458139874434245,18.78325321580803
2023,37,197,Yadkin,375.57530112850645,23.039241339486566,29.1350020503397,16.943622652509532
2023,37,059,Davie,358.19437745786905,23.73841369209912,29.635959570976837,17.841009321326354
2023,37,027,Caldwell,521.2683510967545,22.98389536127347,28.75206889563988,17.21586386653886
2023,37,003,Alexander,471.19383680985857,23.30372835665622,28.828086857563246,17.77951222665245
2023,37,035,Catawba,346.5465909502997,24.00509777196087,29.656486913829912,18.353849037593008
2023,37,023,Burke,452.12046278498013,23.030650214057847,28.971185889673645,17.090255273996764
2023,37,111,McDowell,457.9793171238219,22.217363165377506,28.20659033971116,16.228278855540626
2023,37,029,Camden,310.9219359067953,25.552538939217108,30.192037549772863,20.913182266762114
2023,37,139,Pasquotank,315.6114413776202,25.630588069870726,30.364061140603994,20.897258114227757
2023,37,143,Perquimans,301.90626408169567,25.749141819102125,30.64886141349725,20.84956484718209
2023,37,177,Tyrrell,437.9692193323821,25.82088622727364,30.231357959315645,21.41055612606374
2023,37,055,Dare,440.483468067452,25.457202047904666,28.409429854039868,22.505118546940952
2023,37,073,Gates,337.9851890118448,25.024869453025715,30.632137594893944,19.417743392524514
2023,37,053,Currituck,310.6753370015819,25.57985032670549,29.224519487528273,21.93532383018405
2023,37,019,Brunswick,506.56028799462734,26.526714404726764,31.49852458976521,21.55504415401512
2023,37,031,Carteret,581.0401544725247,25.90648241820291,29.239042725422077,22.57406573517119
2023,37,137,Pamlico,435.25998557346765,26.14306858036302,30.4077656430726,21.878512947007614
2023,37,049,Craven,413.1925701601645,26.15858101646538,31.25901213625561,21.05829046678098
2023,37,103,Jones,453.3495971494642,25.931083035152152,31.40668277761204,20.455623022840125
2023,37,085,Harnett,426.7523496277145,25.773875893282508,31.37301599070345,20.17487576399694
2023,37,063,Durham,326.11645777566935,25.047096307162477,30.657794643725662,19.436538688024548
2023,37,145,Person,272.19681149893273,24.004437704042385,29.934252742246212,18.074763694728045
2023,37,135,Orange,315.5389473200866,24.410669673057658,30.19462819535871,18.626851861409197
2023,37,181,Vance,295.6191198205976,24.637661945013036,30.619033626124263,18.65643196354472
2023,37,077,Granville,328.1156759423353,24.4423016951767,30.056924931270398,18.827820495959386
2023,37,069,Franklin,313.41561285624715,24.86321430624055,30.633271590234582,19.093299754044654
2023,37,101,Johnston,417.2116533422806,25.76626037968441,31.424156129590283,20.10850477775559
2023,37,183,Wake,324.6868221658472,25.282554071794987,30.48663720542144,20.078613050741247
2023,37,105,Lee,416.1276893344501,25.19883460238149,31.09544659313891,19.302364896726687
2023,37,131,Northampton,301.16589528690986,24.941837039671302,30.666240165184114,19.217575065090266
2023,37,083,Halifax,300.3741356324566,25.05500602197625,30.76602029254229,19.344132417620727
2023,37,127,Nash,265.90081644421184,25.47660714362315,31.05853621934152,19.89481900529372
2023,37,065,Edgecombe,321.35649924414,25.62700372120503,31.183214207530227,20.07093372075105
2023,37,195,Wilson,304.33334798091295,25.90871821027966,31.476899727885186,20.340676003427454
2023,37,163,Sampson,535.2291530731861,26.065093085981918,31.53630486096885,20.594020731541086
2023,37,185,Warren,240.83056351242595,25.303223645959456,31.322394641882926,19.28419202442537
2023,37,187,Washington,425.1408878876325,26.024176208097334,31.21058446132508,20.837908493380766
2023,37,061,Duplin,593.9181005407893,25.811314514449954,31.450175534203122,20.17259291684423
2023,37,091,Hertford,379.44782280902245,25.022730588306487,30.687725336770896,19.3578757629667
2023,37,017,Bladen,529.6211408029044,26.31685444045393,31.84498898632432,20.78885921160358
2023,37,095,Hyde,519.1195503520051,25.830042430165683,29.59934227067704,22.06088499243317
2023,37,015,Bertie,377.2373458139582,25.702479843389728,31.228281224231086,20.17681933331511
2023,37,079,Greene,376.92586108156667,25.96897716010366,31.613494058725436,20.324599972238097
2023,37,041,Chowan,333.61603639697597,26.04818098906182,30.98970242396857,21.10680156891846
2023,37,117,Martin,346.92598808287823,25.816252140491784,31.2241503752187,20.408494875915068
2023,37,047,Columbus,631.0980571701073,26.157609854838746,31.461471732159147,20.85388728469535
2023,37,191,Wayne,405.1647471144601,25.790938711727048,31.334468936512707,20.247548726128556
2023,37,133,Onslow,551.4490678807067,26.02583151635473,30.983818417343926,21.067984942269327
2023,37,107,Lenoir,376.0781607301635,25.895115809916177,31.420904984586386,20.369467468821323
2023,37,129,New Hanover,545.8043513941313,26.43111569068033,30.584802956834544,22.277570467142475
2023,37,141,Pender,592.5019678967686,26.208736121636516,31.8016580326436,20.61595433593911
2023,37,051,Cumberland,507.5798465554367,26.413798202216,31.84979668650657,20.97793895477642
2023,37,147,Pitt,363.3900600049941,26.13706385768259,31.6469644228789,20.627302509200554
2023,37,013,Beaufort,376.8335529524591,26.109178782876704,31.162133644901875,21.056364348417965
