year,state_fips,county_fips,county_name,precip_sum_mm,tmean_c,tmax_c,tmin_c
2010,17,121,Marion,172.52399267008397,25.34524110512132,30.76264805913599,19.928835645712002
2010,17,005,Bond,249.72142097780608,25.34664845903423,30.71808827397068,19.976232271331703
2010,17,083,Jersey,193.24886760368855,25.135367538421733,30.44487479570558,19.82685011306329
2010,17,163,St. Clair,145.10696636704952,26.005880927160582,31.332557723189083,20.68020377047104
2010,17,027,Clinton,179.3151700645847,25.584663234170414,30.761871002057372,20.408427847526408
2010,17,013,Calhoun,164.0376963297634,25.150540158658515,30.596849947495176,19.705213164626755
2010,17,119,Madison,197.98399757504188,25.847816676465133,30.90992635887423,20.7867062369603
2010,17,133,Monroe,116.30841534705091,25.916564233461457,31.447200923593854,20.38692609214028
2010,17,117,Macoupin,210.6043857881851,24.86219499509661,30.048027942647384,19.677368925372033
2010,17,171,Scott,240.23047853992674,24.488917909210553,29.994231065336233,18.984584243390955
2010,17,137,Morgan,220.29917622918492,24.472603473870294,29.84044918744046,19.10575750684844
2010,17,107,Logan,240.17550359081176,24.057202282101777,29.381317054732808,18.734079134446098
2010,17,129,Menard,224.6092282149703,24.009669222700335,29.146917219689204,18.87341736011346
2010,17,167,Sangamon,212.54916774096358,24.38298977891946,29.538015928802686,19.228957480578668
2010,17,021,Christian,241.55113411737963,24.744080720944684,30.25033021942143,19.23883479780916
2010,17,127,Massac,105.31537173927173,26.164818814456208,31.67635293774611,20.654266577400815
2010,17,057,Fulton,289.97490952595774,24.064124522129056,29.538606782523303,18.590639065019296
2010,17,175,Stark,289.3767581554387,23.273891425843427,28.90185250978475,17.646946598729137
2010,17,203,Woodford,186.81633191840734,23.6608437242281,29.193233613723002,18.129441874298983
2010,17,179,Tazewell,235.0804107319983,23.85534956137402,29.15388812370594,18.5578010354155
2010,17,123,Marshall,241.3868281737867,23.555586918633452,29.02492441863626,18.087223125345957
2010,17,143,Peoria,256.8922950055802,23.749294087577564,29.13147166278933,18.368107840448754
2010,17,001,Adams,307.5789277690344,24.565224353600698,29.79330171084344,19.338141418171816
2010,17,177,Stephenson,225.7167976366787,22.09398821481968,27.645796499335006,16.5431713813484
2010,17,141,Ogle,224.12909790609226,22.01272720579852,27.49168572659764,16.5347724993676
2010,17,201,Winnebago,197.79945261858927,22.016515414062525,27.402133460720556,16.631894373268327
2010,17,007,Boone,192.89817421717004,21.81995646514379,27.307903366273095,16.333019580745315
2010,17,025,Clay,201.45798801724,25.568005500968802,31.26252688889537,19.87445812975857
2010,17,185,Wabash,182.17359047070372,25.822454718223657,31.464589810898133,20.18133988581185
2010,17,009,Brown,272.1766553498976,24.312252862277184,29.957441766476858,18.668056564068785
2010,17,151,Pope,118.0640425078973,25.69935049989588,31.328085841667537,20.071629537867484
2010,17,033,Crawford,219.19574585872763,25.413654841858857,31.231918077405158,19.596397309963507
2010,17,135,Montgomery,234.1381069144748,24.90822966675711,30.348553740546997,19.468899633187583
2010,17,055,Franklin,114.32925118381131,25.843292252570645,31.015098742876607,20.67248184998029
2010,17,023,Clark,226.65712739549014,25.117123684515775,31.01405795043295,19.22120062276376
2010,17,059,Gallatin,127.21925613987608,25.93196680193432,31.433955877663706,20.430978173142055
2010,17,075,Iroquois,245.91555391339074,23.322030321922647,29.174777808038836,17.47028479180524
2010,17,041,Douglas,232.034601339574,24.247374054747674,29.582325016855744,18.913407099995634
2010,17,189,Washington,147.55556995566147,25.69738961235516,30.895232131993954,20.50052705050237
2010,17,159,Richland,189.23976055037184,25.574474007793878,31.282085478955217,19.86786110438564
2010,17,065,Hamilton,123.82351972186702,25.6082616224547,31.002463352976704,20.215048614861335
2010,17,193,White,125.05048174108181,25.896870295206703,31.435460071304984,20.359267627914914
2010,17,169,Schuyler,241.07332616641654,24.22696310139154,29.787546285222586,18.667373455519275
2010,17,181,Union,124.47349043744049,26.50055532100627,32.063959525476626,20.938163118739773
2010,17,085,Jo Daviess,221.21463726293564,22.077315077585386,27.644388928830235,16.511214763835884
2010,17,125,Mason,235.0983975357234,24.206053935654573,29.640964160118866,18.772117384744867
2010,17,191,Wayne,154.68537458249992,25.58532073207212,31.14407876314613,20.027560628536293
2010,17,069,Hardin,103.37478646971347,25.631937557514373,31.18475533601694,20.08009866412466
2010,17,061,Greene,188.94496877300003,24.68183740291122,30.031394671101697,19.333283158126495
2010,17,157,Randolph,115.56358935497079,26.15567256062441,31.76913689756338,20.54319490448343
2010,17,149,Pike,243.69125891652715,24.563289410462364,29.98072286425205,19.146850031166295
2010,17,145,Perry,136.6049435601272,25.973914677315566,31.126014210964755,20.822797843202626
2010,17,087,Johnson,123.0306719806913,26.001733373220176,31.5414369880304,20.463036686282
2010,17,173,Shelby,255.35279191347806,24.740891151103874,30.307951288931665,19.174823637847638
2010,17,051,Fayette,252.1560108256839,25.069271476878015,30.59349083090897,19.54606055409407
2010,17,139,Moultrie,235.29026650371245,24.40539644131283,29.813156228747715,18.998632684942358
2010,17,017,Cass,244.172229972896,24.306587691723596,29.805376180234052,18.80880829499191
2010,17,015,Carroll,249.65913645148734,22.444389748025642,28.150829412305523,16.73893708094703
2010,17,047,Edwards,182.40329203575547,25.92645330022913,31.707102292725338,20.146795288748805
2010,17,079,Jasper,243.2400248542836,25.23370585610333,30.848507774593088,19.619882666011367
2010,17,187,Warren,362.6189423774408,23.597480769670458,28.97294813210996,18.22300291633612
2010,17,153,Pulaski,107.89019464387246,27.000744840317964,32.33767373355998,21.664809558726212
2010,17,165,Saline,148.13471599194807,25.669276412011843,31.11508900045735,20.224452374110918
2010,17,101,Lawrence,186.46804041253424,25.517812733402756,31.149426130671593,19.887187859169074
2010,17,045,Edgar,253.5634479161526,24.323696125199977,29.800325207873115,18.84806110644243
2010,17,071,Henderson,359.5870307422109,24.028695981460775,29.15907697840252,18.8992915302701
2010,17,199,Williamson,142.54853384814166,25.967207069798533,31.366971889369818,20.568434914347645
2010,17,077,Jackson,118.81595295827664,26.309825958199152,31.735955447329463,20.884705209841062
2010,17,147,Piatt,237.93853049056082,24.004966367045654,29.366577150443117,18.64435528294897
2010,17,053,Ford,225.1213824135644,23.226359423159177,28.974253930030788,17.47946776184675
2010,17,019,Champaign,253.7295278515349,23.944980220540593,29.46936074190575,18.421589360659624
2010,17,029,Coles,252.17583114588282,24.418574060841987,29.67887361247796,19.15926779575597
2010,17,035,Cumberland,262.7465028800433,24.900792457786757,30.49175271111565,19.31079871471508
2010,17,183,Vermilion,249.1921096226655,23.843604262642167,29.435637677235412,18.25255962724307
2010,17,115,Macon,255.22728782394648,24.52672268825278,29.82841823027087,19.226024785115392
2010,17,049,Effingham,261.86201993180094,25.141577856764037,30.70173007667403,19.582418315312225
2010,17,067,Hancock,385.851633695541,24.51240298729653,29.986983781623593,19.038816101452753
2010,17,095,Knox,337.51225312079276,23.305698624115916,28.655259129264497,17.95711782415818
2010,17,109,McDonough,324.39752121774376,24.025708229072812,29.51291139372336,18.539497633152777
2010,17,081,Jefferson,133.65714776762363,25.40880423177563,30.69284985410041,20.125752814461094
2010,17,113,McLean,212.97509228434723,23.50922191038594,29.038960285723526,17.980486061014933
2010,17,039,De Witt,277.89087563743755,23.809851124621417,29.239025860507784,18.381672123297136
2010,17,105,Livingston,204.97188025300474,23.221016376015225,28.88916488279595,17.55385683826646
2010,17,003,Alexander,107.55166329902269,27.26705438752215,32.70359790456485,21.83148248046819
2010,17,093,Kendall,235.73683147576045,22.298110650223553,27.640718684817553,16.95651761684968
2010,17,031,Cook,220.90509866771814,22.929551337626783,27.641133915245863,18.218959502293583
2010,17,037,DeKalb,233.6294050519135,21.876078343280202,27.171886295924512,16.58125967311566
2010,17,089,Kane,205.15997618986881,22.146483597657543,27.467434469818368,16.82651986718682
2010,17,063,Grundy,228.87154766398967,22.783185079724635,28.31908263921768,17.248278749093302
2010,17,111,McHenry,187.95740913144977,21.638169398748673,27.149544593765704,16.127797832668204
2010,17,197,Will,238.22773412428282,22.909376589214258,28.272835879320056,17.546922044784356
2010,17,043,DuPage,231.6966789900669,22.683489384231905,28.021785658230918,17.346167429764765
2010,17,097,Lake,177.57898538543762,21.706630761912788,26.551109913040747,16.863147341822177
2010,17,091,Kankakee,248.59183769311994,23.199213224354356,28.855994706259768,17.543417615484724
2010,17,011,Bureau,282.74223990931387,23.060479766991875,28.6391408923863,17.482806965273056
2010,17,155,Putnam,264.80514038311276,23.488984792346805,29.09274616213381,17.88618626145378
2010,17,099,LaSalle,244.18685019092467,22.907223117907357,28.27512753264907,17.540316224614457
2010,17,131,Mercer,337.60864381497197,23.546968819301973,28.8749094876543,18.220004077197586
2010,17,161,Rock Island,289.530143580483,23.499602420392282,28.60432628319144,18.395867123015208
2010,17,073,Henry,274.12743584883134,23.195034954839905,28.575661960865588,17.815418012565967
2010,17,103,Lee,245.07798737446353,22.106486919673088,27.56306754584577,16.6508934593946
2010,17,195,Whiteside,217.51361888702144,22.74002986748621,28.212384077517104,17.268680983545188
2010,19,149,Plymouth,273.81397473451943,21.781953859797696,27.713045244533593,15.851857062136858
2010,19,193,Woodbury,266.3071297496037,21.98513511288398,27.880728838629743,16.090550526727856
2010,19,027,Carroll,339.75978170065,21.737093175018842,27.239580182980472,16.235607217903596
2010,19,061,Dubuque,273.8088341621742,21.740300645609935,26.82952894433551,16.652068251369656
2010,19,101,Jefferson,382.4976042094172,24.104859247814893,29.841655583174568,18.369068903919437
2010,19,187,Webster,306.31599281388117,21.89767165184976,27.221037666679653,16.57529605335426
2010,19,111,Lee,392.72448198073806,24.343257182526877,29.497271273835572,19.190224355933125
2010,19,127,Marshall,293.4807873554256,22.204558446706372,27.36075334330232,17.049380519804043
2010,19,195,Worth,249.92364729468386,20.586551948025292,25.639608670809185,15.534482318676613
2010,19,033,Cerro Gordo,242.9974837792814,21.001972424076563,26.32420268511046,15.680751323920996
2010,19,051,Davis,348.4630200683079,23.543099246873876,28.873756871451167,18.2134421481755
2010,19,179,Wapello,396.0868422033542,23.521609120808087,28.799504246273802,18.244706603157805
2010,19,041,Clay,311.28806624658665,21.458396429543964,27.1140159635665,15.803758537494069
2010,19,059,Dickinson,220.44474139985502,21.41907113003612,27.091679043139077,15.747480825460118
2010,19,021,Buena Vista,309.8604955124864,21.689211210549196,27.22562360865321,16.15377906902091
2010,19,013,Black Hawk,385.1686169320558,22.00506412438367,27.121870130041945,16.889257852512973
2010,19,075,Grundy,304.823715427996,21.984609443579345,27.18384540333723,16.786365159529005
2010,19,017,Bremer,327.5418453462118,21.620387431375043,26.803841736260413,16.437931072122264
2010,19,085,Harrison,426.2519115759912,22.429992317128587,28.204304271038183,16.656682636378527
2010,19,129,Mills,312.2779717730615,23.383803226318015,28.90447933607723,17.864121264141268
2010,19,155,Pottawattamie,384.20403098428335,22.817121667245207,28.40980394567051,17.225428355162904
2010,19,123,Mahaska,401.625686964269,23.105158290197693,28.306015810060064,17.905285412790324
2010,19,125,Marion,422.76365079197706,23.338311946163106,28.40503783061167,18.27255608684427
2010,19,053,Decatur,391.1042537202683,23.04910816853866,28.466105761481188,17.633114139634692
2010,19,031,Cedar,329.3170608866969,22.613746514536807,27.90179310527747,17.32670623600135
2010,19,151,Pocahontas,303.598771908034,21.760449326630603,27.18065843280759,16.341231978414573
2010,19,109,Kossuth,294.85481499103344,21.318101915307565,26.60403444674461,16.033175752105343
2010,19,089,Howard,259.28510324444716,20.276973259256927,25.63838835170332,14.916562835075299
2010,19,147,Palo Alto,344.14316040346773,21.40134669127348,26.847198591744846,15.956491463247827
2010,19,159,Ringgold,389.51464857978596,23.077098219563393,28.351986215303622,17.803179974568163
2010,19,025,Calhoun,288.3910489658535,21.697460663980586,27.041985650728087,16.353908479839873
2010,19,039,Clarke,334.0071833361227,23.132217146562866,28.59657740195034,17.66884808931786
2010,19,065,Fayette,329.04429789753146,21.17047797756553,26.3986147171869,15.943330829990064
2010,19,001,Adair,369.6940843174725,22.64079454920215,28.164219409448986,17.118387906281644
2010,19,037,Chickasaw,272.85761632491864,20.887604612165973,26.122419739251146,15.65378354800954
2010,19,081,Hancock,275.4517793382559,21.08241471963397,26.245015292400826,15.920799928386177
2010,19,157,Poweshiek,381.9176189403658,22.79831250139375,28.154344081789798,17.44327047062376
2010,19,165,Shelby,429.17295569091965,21.867623346296572,27.555509249535273,16.180744249021636
2010,19,185,Wayne,419.4927341420225,22.965690094353672,28.323272227326797,17.609112090782553
2010,19,097,Jackson,245.29389086374627,22.059892313189035,27.405716021402817,16.71508116683646
2010,19,043,Clayton,265.8569886615712,21.431433464109368,26.621593656207374,16.24226079679294
2010,19,007,Appanoose,428.4356457418054,23.214528304544217,28.406535339409444,18.02350760902735
2010,19,177,Van Buren,364.207447852819,24.050444220112173,29.78850119679818,18.313393673116096
2010,19,197,Wright,413.34258347387834,22.049929269278376,27.38579680266324,16.71506311805425
2010,19,137,Montgomery,345.8418493078501,22.920119805443562,28.546832851734546,17.29438102163848
2010,19,175,Union,380.73492708125707,22.94548657344794,28.33441192373033,17.557553465111283
2010,19,107,Keokuk,380.70759030151555,23.222920897851008,28.596492087774465,17.850356056378324
2010,19,131,Mitchell,269.14179319735064,20.4816520595386,25.674880791454108,15.289421216152842
2010,19,191,Winneshiek,260.7609010877843,20.86272703920161,26.112278143255633,15.614169287286082
2010,19,161,Sac,296.8997119713677,21.54168542922642,26.986010297791648,16.098366011167656
2010,19,055,Delaware,313.3764730998798,21.466327062357777,26.714368891939657,16.219284014095223
2010,19,067,Floyd,258.2800363784932,21.39905826478242,26.71546683286381,16.08364923983316
2010,19,009,Audubon,444.42099644193405,21.756236765191442,27.31871996288325,16.194754908876863
2010,19,079,Hamilton,286.2111121523445,22.176064163246657,27.579089371329434,16.774027842754773
2010,19,069,Franklin,358.46942244504606,21.68158311304012,27.06180360297115,16.302349384292462
2010,19,141,O'Brien,282.8142235957828,21.491210756631748,27.35448705352494,15.628941763573026
2010,19,167,Sioux,257.99225562803593,21.506343980696595,27.45006291438813,15.563615493435817
2010,19,005,Allamakee,304.9315069760255,21.24573554415699,26.23471948985341,16.257755853755818
2010,19,189,Winnebago,262.2696096090269,20.843980565500537,25.99459265852507,15.694357711975172
2010,19,093,Ida,336.07204695377675,21.578531996250938,27.09312090905349,16.064944735886048
2010,19,029,Cass,425.6150888028486,22.40478026206208,28.12460668050189,16.685944209010515
2010,19,083,Hardin,266.0589290969733,21.978189716725932,27.319960820142988,16.63739709999928
2010,19,173,Taylor,365.3149875546103,22.92114367749911,28.27423731769572,17.56901746707932
2010,19,145,Page,326.90350058992544,22.97278180942247,28.42766807731932,17.518873597765563
2010,19,035,Cherokee,348.51481869623905,21.66565787549842,27.437278902493297,15.895046439269851
2010,19,071,Fremont,291.172654381411,23.68790799429715,29.20308171657632,18.173723636406447
2010,19,095,Iowa,333.1020772787954,22.74369658423654,28.026180032682273,17.462191149958674
2010,19,023,Butler,321.21407227086297,22.10110282798551,27.42469503527194,16.778489780551737
2010,19,063,Emmet,262.6902358292951,21.12941160071022,26.578907715136253,15.680896443007324
2010,19,047,Crawford,340.01509093874006,21.52128434193745,27.09301564838751,15.950546710444343
2010,19,019,Buchanan,360.9871926218928,21.679911888314276,26.886090865595644,16.474711334998982
2010,19,143,Osceola,214.48410558631608,21.22075900005587,27.163504816970242,15.27900677045535
2010,19,073,Greene,318.62399108766635,21.940184540548227,27.349849723270566,16.53149840769011
2010,19,087,Henry,401.83667968423657,23.876753279800635,29.10465332722173,18.64987677385928
2010,19,119,Lyon,222.8346224978525,21.257744252890298,27.208758251823244,15.307729268061914
2010,19,003,Adams,377.2473132287937,22.59824913650642,27.972599744518124,17.224905529488638
2010,19,133,Monona,288.0148984942074,22.193314667066844,28.294474638320075,16.093162494863623
2010,19,091,Humboldt,386.41136499949044,21.806565494415242,27.075437991968283,16.538674849128316
2010,19,115,Louisa,361.8666849414241,23.998360303746374,29.35068113547591,18.64703503630081
2010,19,171,Tama,307.26714860729277,22.201217356792306,27.466479148718868,16.93694459939125
2010,19,135,Monroe,392.1747018592357,23.12585715330711,28.290859354926386,17.961826871013553
2010,19,117,Lucas,381.0140643762419,23.162222290856864,28.484632516920517,17.84077829093729
2010,19,057,Des Moines,369.2041792206206,24.0327424556779,29.082861560869667,18.98360232822407
2010,19,011,Benton,326.3376224955874,22.317470976579465,27.57399811152859,17.061946737923844
2010,19,113,Linn,351.668548283673,22.163654093960396,27.395990450350837,16.932300363675466
2010,19,105,Jones,322.1027106671831,21.910332879354794,27.252583579425664,16.569076058380368
2010,19,103,Johnson,332.63915719273814,23.03296062119734,28.09626478586927,17.970650527331827
2010,19,183,Washington,379.4114116923881,23.610076502277625,29.02341241422829,18.197743578137494
2010,19,045,Clinton,279.3813929338534,22.588117652204673,27.90924957266451,17.267998532994294
2010,19,163,Scott,301.02458003785495,23.12189694469547,28.200286488691788,18.044509517274772
2010,19,139,Muscatine,351.2414926476862,23.61561894573879,28.82541754165281,18.4068126805675
2010,19,169,Story,303.0516725919097,22.19350722988686,27.412776913808045,16.975235639386867
2010,19,015,Boone,328.7263638290382,22.19403988448124,27.530895718445485,16.858167415874004
2010,19,121,Madison,357.3094206035631,22.73771765833826,28.154779997052593,17.321649755311476
2010,19,181,Warren,396.5072125660171,23.27427741777296,28.46754192464028,18.08200001551852
2010,19,049,Dallas,374.72739181787597,22.587981661362885,28.00720075862914,17.16974570665138
2010,19,153,Polk,368.07073434258683,23.168688761198847,28.40145298709899,17.936917224458615
2010,19,077,Guthrie,399.6961355858912,22.26259380674158,27.84597311996236,16.680206791065867
2010,19,099,Jasper,410.49825548694673,22.918419517491717,28.159287754410755,17.678523914860094
2010,31,043,Dakota,227.44151749343516,22.207448626623073,28.33373902972033,16.082158704402133
2010,31,051,Dixon,252.63130337785387,21.86715408097999,28.144108475446803,15.591194754613364
2010,31,053,Dodge,390.64203769804396,22.61577984749274,28.3993009263616,16.83326603063373
2010,31,025,Cass,364.9162054569416,23.49239312575424,28.860422490792995,18.12535741115944
2010,31,055,Douglas,366.6905231533938,23.33592752792823,28.58526131904351,18.087593595118715
2010,31,153,Sarpy,378.97469543404173,23.368762008776162,28.69411415335173,18.044377771632686
2010,31,155,Saunders,381.13706581186585,22.65345226642095,28.666782180042617,16.64113033670639
2010,31,177,Washington,402.67494498633323,22.986483286387614,28.440275425102204,17.53367557861813
2010,31,067,Gage,259.6100214333684,23.485011428143643,29.267738872932096,17.703271350428302
2010,31,109,Lancaster,351.93850153050465,23.2572246948816,28.98045011277601,17.534990317334824
2010,31,159,Seward,296.1568671708761,22.94336397697402,28.89345393317397,16.99426554032407
2010,31,139,Pierce,283.3358436529963,21.789559182550054,27.904497245161547,15.675604976978551
2010,31,119,Madison,358.37165490364544,21.76467405551532,27.655576460559203,15.874765751002277
2010,31,167,Stanton,390.63725798059687,21.917546391376924,27.91716590457849,15.918910356397054
2010,31,117,McPherson,311.456650946308,20.881365475699727,27.845008186396488,13.918720413994219
2010,31,111,Lincoln,290.0141699842877,21.21447435022855,28.14138969191355,14.288551042296604
2010,31,113,Logan,302.5420983891561,21.018028666406956,27.940440076907414,14.096618090231077
2010,31,007,Banner,138.7986524978951,19.420646208438416,27.10354409087984,11.738733794930319
2010,31,157,Scotts Bluff,159.10214258341057,20.044382417677628,27.500390887312584,12.589368626531096
2010,31,165,Sioux,165.50488982738742,18.282476874545388,25.535419360250046,11.03052732558547
2010,31,039,Cuming,400.07870331911374,22.07669430869632,28.064430903787205,16.089944853954798
2010,31,129,Nuckolls,254.96624510024378,23.15454423434052,29.497839379580817,16.812249717986415
2010,31,101,Keith,245.34378096619147,21.460361859363374,28.637227741055217,14.284476653243257
2010,31,137,Phelps,240.08667717606596,22.233143104612225,28.453484955802416,16.013793266992558
2010,31,181,Webster,258.0599850306142,22.917688887694002,29.199542844103984,16.636840940447012
2010,31,015,Boyd,268.82034872301136,21.41697125280455,27.577332571362913,15.257618186242837
2010,31,171,Thomas,323.0560292387105,21.05192032728867,27.775434022041413,14.329398228088388
2010,31,089,Holt,315.15654670659484,21.169248557149302,27.278082090521174,15.061402658948852
2010,31,017,Brown,282.6645000078005,20.984411547631804,27.310943610531616,14.658874104582173
2010,31,103,Keya Paha,221.74413025723868,21.057129852959353,27.138464270601315,14.976784828002586
2010,31,077,Greeley,375.2484814541584,21.464210480332092,27.78366442150931,15.14575405004925
2010,31,095,Jefferson,229.93927495549048,23.290262691143763,29.267176106805287,17.314358588706956
2010,31,151,Saline,215.46307505038325,23.038263190244276,28.92539480033858,17.15212758060323
2010,31,057,Dundy,145.13353024591493,22.55538432603906,30.090348882005063,15.021411608234377
2010,31,131,Otoe,333.8656256701253,23.56913921285599,29.18685114624163,17.95243773805044
2010,31,087,Hitchcock,191.3406039834572,22.9551889044277,30.449998106551675,15.461350961848481
2010,31,105,Kimball,161.7416512724146,18.99162195717862,26.661426790201038,11.322808045950548
2010,31,127,Nemaha,268.3810316003116,23.901687385786058,29.440347021295896,18.36401590165679
2010,31,041,Custer,333.288502891379,21.093583769618046,27.494901823715892,14.693265537075291
2010,31,143,Polk,337.2099863283642,22.478717079524813,28.37567569358377,16.58273999047204
2010,31,045,Dawes,183.58792945048296,19.396356090705268,26.32135433377874,12.472367735107246
2010,31,179,Wayne,305.70116845777176,21.86676884318005,28.016969570484424,15.717577063336375
2010,31,071,Garfield,374.63868602452646,20.88880270659992,27.21421443045945,14.564414420491426
2010,31,013,Box Butte,187.6708252374448,19.3384123257158,26.360379069016684,12.317441302147714
2010,31,173,Thurston,301.1952230282993,22.247820163155502,28.53933448955225,15.957299331103215
2010,31,011,Boone,399.0147120321459,21.61558139197859,27.653902122344878,15.578258626826976
2010,31,145,Red Willow,192.75683654716696,22.87339985052374,29.964194612480867,15.783600412743544
2010,31,149,Rock,323.8507485055731,20.81548381320966,26.874712418689278,14.757249963063655
2010,31,005,Arthur,224.7473970493741,20.746596034121854,27.835436714300027,13.658751813639663
2010,31,085,Hayes,280.91173937358434,21.892130097804532,29.024053605925452,14.76122946237517
2010,31,097,Johnson,273.59570277062613,23.46405582930551,29.271213939344275,17.657837605333917
2010,31,003,Antelope,321.3870214328102,21.345570803252556,27.296390993884437,15.395752393239377
2010,31,163,Sherman,316.37190253861905,21.475097311623454,27.790771213178456,15.160418475522675
2010,31,161,Sheridan,208.8314523934131,19.363042492316442,26.09442889668462,12.632641370372246
2010,31,133,Pawnee,293.7574023901928,23.657062314643802,29.35344876452541,17.961681433642156
2010,31,075,Grant,229.1225966824935,20.112564586524424,27.01147317871039,13.214644987812747
2010,31,021,Burt,394.048997052759,22.457165397473496,28.390658601996684,16.524674672720998
2010,31,009,Blaine,398.63236042861485,21.145635203886354,27.734012727502325,14.558249888766278
2010,31,027,Cedar,255.83292886259207,21.769003847827605,27.907370097292475,15.631625261298774
2010,31,169,Thayer,213.22556216199646,23.500618655718537,29.69982638908962,17.30241308275753
2010,31,049,Deuel,180.4796758801641,21.237331366506506,28.612258519924243,13.863390132171125
2010,31,123,Morrill,198.57980218460875,20.327929946300294,27.668485600158206,12.98836908872004
2010,31,115,Loup,387.6116754743588,20.953387019724435,27.326621984607392,14.581152788964484
2010,31,063,Frontier,251.66808531506754,22.047485163989236,28.89548777032269,15.200480749674112
2010,31,125,Nance,389.36501693629316,22.22628656826436,28.275468262272142,16.178085734734744
2010,31,107,Knox,285.79879360961473,21.66354646332983,28.000853726585504,15.327241589398785
2010,31,135,Perkins,250.5507415540137,21.71890371128464,29.001127045173472,14.437667112211885
2010,31,037,Colfax,403.2717762558576,22.342361726743516,28.306480499870045,16.379231778044996
2010,31,023,Butler,358.72266496862864,22.68504226589972,28.707067071659825,16.664005764531623
2010,31,031,Cherry,220.68173528856468,20.180107205188104,26.93376313909775,13.4274501866062
2010,31,183,Wheeler,364.6603786982239,21.251302350972054,27.554490363047577,14.949112289859922
2010,31,061,Franklin,242.8630305440341,22.963062005472747,29.375396658578687,16.551725089869567
2010,31,029,Chase,225.99553621329952,22.03260041862236,29.236987440664247,14.829183961231196
2010,31,059,Fillmore,242.92020163804793,22.861215780382604,28.986973141464386,16.73647087930174
2010,31,185,York,256.6842991171656,22.870199972216007,29.01725107810697,16.724143550927046
2010,31,035,Clay,261.01771630187596,22.803903700252505,28.80984060741687,16.798967137175737
2010,31,033,Cheyenne,183.8143201824565,20.412988500192338,27.83089860292956,12.99606834659672
2010,31,069,Garden,214.09692901223107,20.43051861481521,27.6069893592041,13.255040669833134
2010,31,083,Harlan,225.90015210531442,23.032957015291757,29.581938555389474,16.4849713799615
2010,31,091,Hooker,265.3950733798293,20.54351968587839,27.249782980811837,13.83824459329369
2010,31,147,Richardson,278.4763265727002,24.10376294731181,29.51598578991385,18.69253741368884
2010,31,065,Furnas,199.41223562050988,23.11979182355386,30.149844385590857,16.090727463603354
2010,31,175,Valley,352.2374294163106,21.255843658939508,27.48006119894949,15.0326094873657
2010,31,141,Platte,429.03541524659767,22.14900955093507,28.10151471150357,16.19750644097549
2010,31,121,Merrick,323.0837115073118,22.656682251992386,28.641344637926363,16.673024573453013
2010,31,079,Hall,253.04679187212975,22.57158893078871,28.51598656530671,16.62820258632377
2010,31,081,Hamilton,262.92276200153043,22.685413482904362,28.63364478698464,16.73817671146976
2010,31,093,Howard,325.40991348883904,22.10391792842372,28.182091040671594,16.026760182507225
2010,31,001,Adams,205.43873768619818,22.801693823575064,28.739727849431286,16.86464716101036
2010,31,099,Kearney,223.98383403593164,22.707488962059095,28.994703227903443,16.421271864793056
2010,31,019,Buffalo,239.1717229478778,22.03949187125083,28.26772637355567,15.812245731781376
2010,31,073,Gosper,261.81469938341144,22.145809112943294,28.548653686938117,15.743959919049487
2010,31,047,Dawson,297.6448134747894,21.710520796512824,27.999217008209058,15.422819908653647
2010,37,037,Chatham,103.85280213292955,26.193666879145557,32.14742796097235,20.24087964260891
2010,37,115,Madison,131.08876119615493,22.43564111484276,29.26852968229352,15.603731809251371
2010,37,087,Haywood,162.5615203945439,20.38582552626428,26.392234476662278,14.380413743944086
2010,37,021,Buncombe,91.9026378019858,22.43937670348936,28.691359888944184,16.18839432515711
2010,37,089,Henderson,104.63393438348845,22.985554877399213,29.028592247915697,16.943526768015833
2010,37,175,Transylvania,178.96665350174203,21.51169210191206,27.488065155128382,15.536319441510486
2010,37,167,Stanly,136.0322498429118,26.6098034728376,32.791063569928944,20.42951353020208
2010,37,109,Lincoln,110.55232574928782,26.163441923001493,32.696065537766884,19.63184715811195
2010,37,159,Rowan,130.9215607626458,25.87751784082767,32.22913793823274,19.52690823542292
2010,37,025,Cabarrus,150.98412673439697,26.675316598300363,32.91910122208677,20.432534882526003
2010,37,097,Iredell,132.37215301701883,25.387242962800933,31.892523736171498,18.882957633724004
2010,37,071,Gaston,99.563208210305,26.507298908968433,32.81690922394046,20.19868478894039
2010,37,179,Union,164.80004322432137,26.800458299749977,32.7893115962458,20.81260114453867
2010,37,119,Mecklenburg,161.73975929149233,26.802888777635445,32.91085223358752,20.69591591366034
2010,37,045,Cleveland,70.25997834083378,25.91843188783101,32.46397621744456,19.37388353557973
2010,37,005,Alleghany,132.3345705912983,21.761002770682225,28.179516467988126,15.343505921001638
2010,37,173,Swain,143.79992421500953,21.068042630154107,27.33996593151539,14.79712792061129
2010,37,011,Avery,114.92468765948837,20.525980196937365,26.256849927536717,14.796117418154283
2010,37,033,Caswell,99.4388645889332,26.03438525688518,32.884472984628125,19.185266962039744
2010,37,075,Graham,136.03144755501583,22.263693066527534,28.20978702557155,16.318592592144956
2010,37,007,Anson,148.34699058570357,27.150291701347836,33.42334128195381,20.878214884527782
2010,37,149,Polk,71.69609126981723,25.382501450304822,31.620300965324127,19.145666477795043
2010,37,039,Cherokee,121.00574402467093,23.457695893952483,29.536731729693393,17.379662370201707
2010,37,113,Macon,136.49484290611198,21.80179662777676,27.451841720922584,16.152738097337924
2010,37,009,Ashe,85.80294639964609,21.761532608769826,27.717460168896817,15.806595953562276
2010,37,123,Montgomery,127.92934079638168,26.562778259113447,32.84121541206275,20.285328730205666
2010,37,043,Clay,124.2017288263031,22.469921055101512,27.99367334068584,16.94717148686208
2010,37,121,Mitchell,120.26019853317527,20.87640438362056,27.140933117438994,14.61286531520264
2010,37,199,Yancey,116.77046243795657,20.42632599447594,26.113311375770014,14.740303984928126
2010,37,189,Watauga,106.05230302434757,21.299412595606128,27.12456349762065,15.475239001349765
2010,37,099,Jackson,145.71446705326298,20.84034415533718,26.695683549164322,14.986035213472741
2010,37,161,Rutherford,56.229088294996274,25.436700450167372,32.02608445349736,18.84831753502434
2010,37,193,Wilkes,142.43524146725596,24.80370962593346,31.653037219460412,17.955383427865687
2010,37,125,Moore,124.54504349335245,26.70416263485016,32.783701229178156,20.625615425676568
2010,37,153,Richmond,164.114683472012,27.189561088131647,33.4812919957474,20.89883758494308
2010,37,093,Hoke,174.61849055575496,27.304705724790402,33.11229883088123,21.498083534634034
2010,37,165,Scotland,226.16771617767802,27.271367910771524,33.25897018835058,21.28476221564975
2010,37,155,Robeson,210.513417709745,27.273086177629978,32.88046946964167,21.666696522160265
2010,37,001,Alamance,129.59645707777403,26.252411502883902,32.343856926891746,20.161962543782902
2010,37,151,Randolph,127.85277351761897,26.261790891558505,32.110383264551196,20.41420618348582
2010,37,081,Guilford,154.38864818367367,26.216259443309376,32.09510684495076,20.338405340902877
2010,37,157,Rockingham,117.0675834518242,25.726905032465012,32.24778478506056,19.206996464486853
2010,37,171,Surry,133.35278933847792,24.371217386015545,31.105792904711112,17.637648717632814
2010,37,057,Davidson,130.6644763937504,25.983543195708975,32.25203659884906,19.716063237143203
2010,37,169,Stokes,124.307384978015,24.71487305309277,31.499297687916165,17.931446965926334
2010,37,067,Forsyth,153.6510863005391,25.546827940422016,31.695339107915146,19.39931221058853
2010,37,197,Yadkin,138.23690846327224,24.888644030510523,31.52713061407183,18.251144519106663
2010,37,059,Davie,122.29785315593121,25.34027848091569,31.935328290070206,18.7462356440058
2010,37,027,Caldwell,127.92311275018031,24.912189206318786,31.470709422390456,18.354668638889862
2010,37,003,Alexander,152.45295494853048,25.37252538808036,31.79515078802029,18.950896185870402
2010,37,035,Catawba,117.45067621179585,25.832953781313105,32.221437919509704,19.445450315373247
2010,37,023,Burke,104.56548106102302,24.751659687129795,31.303916023036777,18.20039725706978
2010,37,111,McDowell,91.65692720011313,23.820114467949246,30.404662197862503,17.236573273698752
2010,37,029,Camden,122.70238511958348,26.52750779305574,31.553597594030826,21.502429973350587
2010,37,139,Pasquotank,118.49877438972487,26.59758245201175,31.63119926735683,21.564962346686467
2010,37,143,Perquimans,106.20592116862447,26.766622363806476,32.14994261223767,21.38431660094671
2010,37,177,Tyrrell,181.2216404886316,26.40775398640312,31.327143493805192,21.489355401840864
2010,37,055,Dare,158.9921187454116,26.04256566246148,29.184664202565802,22.90147453983202
2010,37,073,Gates,89.78458620604745,26.784400285883596,33.34842017608632,20.221372705913343
2010,37,053,Currituck,121.47495195296472,26.38999438149929,30.173663906035767,22.607322759889676
2010,37,019,Brunswick,198.4258971941853,27.136747300218936,31.962602986450428,22.31188053775406
2010,37,031,Carteret,132.42836069244663,27.111907310193466,30.549875965383947,23.674916507864758
2010,37,137,Pamlico,194.83979899462693,27.458543361648925,32.2156587876331,22.702417988591094
2010,37,049,Craven,195.30794299890448,27.099209303097673,32.563617441412354,21.6358000338192
2010,37,103,Jones,171.3299023718529,26.615365888545664,32.44551829292075,20.786211484612338
2010,37,085,Harnett,103.17223801194244,27.52753130688727,33.372602167679716,21.683444889287173
2010,37,063,Durham,98.34530182308409,26.320544005942942,32.35267743856467,20.28938607070126
2010,37,145,Person,76.8740645709478,25.758134727375555,32.19090549843364,19.326353774012183
2010,37,135,Orange,105.46033644296074,26.15670481517421,32.30821677692984,20.00616581630786
2010,37,181,Vance,77.38241063979204,26.25300819101517,32.706466054623,19.800553311690706
2010,37,077,Granville,80.37516717595167,26.262868827806564,32.397981204453764,20.128766895254984
2010,37,069,Franklin,86.2963603220671,26.579070811008865,32.84363846587713,20.315496736226223
2010,37,101,Johnston,86.99498430563195,26.94331377718127,32.82554581372276,21.062093001951578
2010,37,183,Wake,88.63900381953286,26.745082363789724,32.66653997262152,20.82461348532626
2010,37,105,Lee,85.12416498694478,26.675032092388708,32.776071845360526,20.574988499111466
2010,37,131,Northampton,57.555644494848494,26.6246265936905,32.9014839458768,20.34876875162898
2010,37,083,Halifax,90.01790143340686,26.758158804345236,33.0566259155037,20.460691341363177
2010,37,127,Nash,79.5897893550197,26.95586222060926,33.141418951011914,20.77128097299226
2010,37,065,Edgecombe,93.91379404009214,27.163577338062822,33.176011571859085,21.15212164254024
2010,37,195,Wilson,108.47159242175773,27.14053860052548,33.04208639202206,21.239974555506727
2010,37,163,Sampson,175.30614571057993,27.00049962374414,32.70497916727913,21.297006780306
2010,37,185,Warren,81.06987857302678,26.625956498047167,33.10520396592956,20.1476973677771
2010,37,187,Washington,152.52579843567128,26.7481052145486,32.53574520740986,20.961457112230267
2010,37,061,Duplin,201.52941812086414,26.48676943895946,32.49920185154466,20.475328987178173
2010,37,091,Hertford,72.93666675001613,26.717721402506392,32.89743172266256,20.5390025402758
2010,37,017,Bladen,218.45198238571186,27.04176058623776,32.84286859657157,21.241657023889754
2010,37,095,Hyde,177.01494700759525,26.682356266806494,30.95580332691079,22.40990334866806
2010,37,015,Bertie,95.19993595889373,26.97221263058851,33.18239580397902,20.763023552848406
2010,37,079,Greene,136.48620367275277,27.26524537392191,33.20154564614775,21.329932534002126
2010,37,041,Chowan,104.90435428058038,27.00677887384654,32.554101949552816,21.460489583013445
2010,37,117,Martin,98.51703978264568,27.008529359713023,32.92347451674055,21.094589838177498
2010,37,047,Columbus,224.8155761039369,27.0283325459221,32.531064418733905,21.52660398606809
2010,37,191,Wayne,118.17113085924143,27.18821105103065,32.99933016321668,21.37809535003282
2010,37,133,Onslow,142.56810498614226,26.62599481068062,31.627365641835848,21.625628113199742
2010,37,107,Lenoir,193.40467786951356,26.70926875500999,32.64145958211181,20.77807200132211
2010,37,129,New Hanover,175.22948051384492,27.119842621289497,31.520775022036325,22.719886210368994
2010,37,141,Pender,209.82573455410466,26.689773721196072,32.534499871447544,20.846033686761626
2010,37,051,Cumberland,142.37590848536195,27.55968511074883,33.16121860889251,21.959138641503994
2010,37,147,Pitt,127.81880570274345,27.171896456098967,32.93839389047514,21.40638517067761
2010,37,013,Beaufort,157.27708699884192,27.35250780079651,32.888135146610324,21.81788859218139
2011,17,121,Marion,302.6378033348012,24.851342834823722,30.3028486629511,19.400821619218632
2011,17,005,Bond,292.85785937128276,24.935937078395284,30.43726522448582,19.435590985727845
2011,17,083,Jersey,222.66106597183733,24.76737064129687,30.02589040128045,19.509848237334637
2011,17,163,St. Clair,322.55822052125416,25.591476315016745,31.041360811422393,20.1425887160694
2011,17,027,Clinton,277.03174352047887,25.263490445531275,30.614376847576487,19.91358663594508
2011,17,013,Calhoun,206.7475082854834,24.636726524064695,30.159687391035323,19.114762918663033
2011,17,119,Madison,240.87845747336493,25.342715995255176,30.4577543534402,20.228688744841072
2011,17,133,Monroe,290.4923696466983,25.458533489025907,31.054002317954073,19.864053707458446
2011,17,117,Macoupin,280.5695090990737,24.261940468584754,29.490238807953578,19.034633987281808
2011,17,171,Scott,316.1934159723095,23.734430058171174,29.26939213057795,18.200427122142013
2011,17,137,Morgan,317.3521928205301,23.78532397256114,29.098918529597263,18.472714703602637
2011,17,107,Logan,165.39470598025494,23.342627324884457,28.826431668295147,17.859836980684015
2011,17,129,Menard,207.67983270093,23.47775960293509,28.69735271900169,18.25916760869065
2011,17,167,Sangamon,226.96404665175064,23.86042548222859,29.16794869558112,18.553892797865867
2011,17,021,Christian,235.35899410844755,24.229853854031486,29.873482643457454,18.58720674818546
2011,17,127,Massac,243.70629257914896,25.85307607625586,31.387891540124606,20.319269625747587
2011,17,057,Fulton,206.6599012938292,23.258125423999445,28.594143470597775,17.923095881937687
2011,17,175,Stark,134.10887224581595,22.499034768492482,28.025534477460315,16.973513788929484
2011,17,203,Woodford,157.6903016193859,22.933094998643973,28.494419299472316,17.372766327824227
2011,17,179,Tazewell,161.2369840796522,23.15175450181222,28.55254388649769,17.75196289016368
2011,17,123,Marshall,121.55984643743335,23.026272970728257,28.36927032382665,17.68428081650672
2011,17,143,Peoria,155.66516195294702,22.96605892023123,28.283629194474283,17.649479659687643
2011,17,001,Adams,323.1977276086772,23.695813160542215,28.767337203370168,18.625282280062248
2011,17,177,Stephenson,98.68488642272098,21.906308934141922,27.748499716887878,16.065103075115754
2011,17,141,Ogle,101.15998242517092,22.03123888268105,27.682580283161254,16.380897275693137
2011,17,201,Winnebago,79.70512568581881,21.984495297611062,27.710732636056086,16.259253860337665
2011,17,007,Boone,77.81410633349391,21.612717649386266,27.471068837799166,15.75534422639865
2011,17,025,Clay,336.78736010626704,24.886871677649772,30.512747604806506,19.2619941760083
2011,17,185,Wabash,315.88136632575265,25.411129205472378,30.9836766860345,19.839531330905295
2011,17,009,Brown,269.51495363929877,23.366463735960252,28.77098306599061,17.962946014142034
2011,17,151,Pope,342.46067144702727,25.09162140657793,30.89228527713442,19.29197311116864
2011,17,033,Crawford,225.0922061099987,24.754603080133254,30.55016481671692,18.960045029182766
2011,17,135,Montgomery,294.5016972724119,24.399386801243747,29.974981595532693,18.82480273089296
2011,17,055,Franklin,283.10091322776276,25.566669244454552,31.060182295458283,20.074153326045508
2011,17,023,Clark,166.77308195303164,24.342462202865192,30.310263786403763,18.37562009369173
2011,17,059,Gallatin,287.4500840010647,25.639186465536888,31.150581620445816,20.128793266323477
2011,17,075,Iroquois,141.0203621722594,22.80162653141472,28.673304383767128,16.930940937301703
2011,17,041,Douglas,144.76318782876075,23.63548197224489,29.02935361792441,18.242607795510075
2011,17,189,Washington,348.53824123277525,25.292789775793178,30.80143714597914,19.785129250841322
2011,17,159,Richland,329.01755825924016,24.813052998763368,30.302520744694796,19.32460664553171
2011,17,065,Hamilton,280.96691712178915,25.4552402225119,30.93046963494594,19.98101251338931
2011,17,193,White,284.1422671710045,25.755614181205186,31.223691825622502,20.288528696899462
2011,17,169,Schuyler,242.64344769991166,23.352815450399106,28.7246954181844,17.981946000346802
2011,17,181,Union,188.5828088780673,26.06435975320974,31.775184349919936,20.354548635938983
2011,17,085,Jo Daviess,105.58285236153814,21.841785837884967,27.648771464218147,16.035806409800966
2011,17,125,Mason,217.0374114308118,23.530264266684913,28.96648975963746,18.095050011573164
2011,17,191,Wayne,336.1572230400565,25.2958680896814,30.788867674769346,19.803871585689908
2011,17,069,Hardin,333.3510228931333,24.893817765141403,30.708058840737912,19.080546092421788
2011,17,061,Greene,243.79623631710626,24.085948313377262,29.503133890353745,18.66976838557587
2011,17,157,Randolph,280.0943379844794,25.727355135808324,31.57293876906148,19.882760043523966
2011,17,149,Pike,252.7786231575426,23.701995956207362,29.00677064069033,18.398226465143964
2011,17,145,Perry,356.9418676710917,25.512350130771065,31.009938975476203,20.015762915103995
2011,17,087,Johnson,283.5078582662918,25.625383373403775,31.337486072295448,19.914254469819852
2011,17,173,Shelby,220.4358930583339,24.025598286972503,29.682201075188527,18.369969014898174
2011,17,051,Fayette,322.94873640151314,24.466915103816174,30.055820660721032,18.878991458106608
2011,17,139,Moultrie,157.17662274894175,23.701190624146808,29.148388598481116,18.255004723391387
2011,17,017,Cass,227.66508082538348,23.59497662899351,29.038980342815794,18.151970967832455
2011,17,015,Carroll,98.84818052870675,22.29899303624677,28.208098131810715,16.390888861346575
2011,17,047,Edwards,335.4959276120989,25.458315585784653,31.09878989240786,19.818824880817687
2011,17,079,Jasper,241.637495881752,24.390142534630606,29.904515375364568,18.876767539963634
2011,17,187,Warren,196.25655820151812,22.599317846854948,27.86868122941448,17.33094373645685
2011,17,153,Pulaski,198.67508359508878,26.799973060713835,32.153168150842674,21.447781853550694
2011,17,165,Saline,311.1840890388439,25.53373209101304,31.097104693220473,19.971344361179916
2011,17,101,Lawrence,323.8475470710548,25.230832608422222,30.811845965931077,19.65081442095603
2011,17,045,Edgar,186.9034776176998,23.42785164288925,28.877309272646304,17.979360825069655
2011,17,071,Henderson,226.37574169296715,22.84816392666808,27.86199811397785,17.835320633022018
2011,17,199,Williamson,279.62915249482654,25.599865467652023,31.322220046485118,19.878505790368287
2011,17,077,Jackson,242.8668321670572,25.809780093174407,31.48055170404145,20.139996560055312
2011,17,147,Piatt,121.66460665328516,23.66427475368688,29.187656336161613,18.14188010664016
2011,17,053,Ford,123.2206360403254,23.006742422133616,28.775956578743283,17.238520787381823
2011,17,019,Champaign,119.51841041763096,23.61559700629668,29.229867617803063,18.002319864380407
2011,17,029,Coles,172.77637006147899,23.69494073787076,28.985861716776864,18.405017253922296
2011,17,035,Cumberland,192.07001690068373,24.050845173191366,29.634118094057637,18.468576226517957
2011,17,183,Vermilion,141.7308464995183,23.255033863244844,28.833579905516498,17.677484778117766
2011,17,115,Macon,176.33288290175926,23.868304351101248,29.318643321805414,18.418978591899126
2011,17,049,Effingham,314.3775195681507,24.19124740579695,29.76644911934851,18.617033428533098
2011,17,067,Hancock,338.81738250846263,23.468883675582614,28.650044789290508,18.288712596504414
2011,17,095,Knox,157.54130757788147,22.43726450338359,27.69112061204706,17.184406479279367
2011,17,109,McDonough,250.98258215242603,23.231039486926676,28.51664051981142,17.94643603239925
2011,17,081,Jefferson,346.6361191841928,24.96035886735411,30.455137659365892,19.46655991366251
2011,17,113,McLean,145.14540455610347,23.01313407245219,28.898959324303135,17.12830182246123
2011,17,039,De Witt,144.5561711118163,23.403943251562797,29.032963117797603,17.77592026136744
2011,17,105,Livingston,107.4799184719633,23.115926486056615,28.81739500537899,17.41545874281424
2011,17,003,Alexander,156.8887951855276,27.006843163888345,32.42965439571161,21.58504061599694
2011,17,093,Kendall,194.3447448059277,22.21179119403678,27.655038573393586,16.76950930492949
2011,17,031,Cook,140.16268387158578,22.112764248323025,27.00721655061591,17.21929516144513
2011,17,037,DeKalb,128.97312873752884,21.903983298985395,27.336624847552734,16.472351842887413
2011,17,089,Kane,138.3134224809907,21.851424324492385,27.40412264062739,16.29971852218435
2011,17,063,Grundy,134.385896993224,22.713831489967934,28.271587742133523,17.157065956786756
2011,17,111,McHenry,87.85298101938982,21.086468931754077,27.018700149698695,15.15523524812879
2011,17,197,Will,179.58332639206085,22.456724109625632,27.842810961297666,17.071617617521508
2011,17,043,DuPage,144.70803781295677,22.1538268498305,27.670278034584594,16.638370708599947
2011,17,097,Lake,77.72366197794122,20.601322711368265,25.798793706545865,15.404850457383882
2011,17,091,Kankakee,139.25930608376646,22.811475171422714,28.507100611904363,17.116842184508265
2011,17,011,Bureau,142.65228067997066,22.508140034141363,27.98292819427878,17.034351453459397
2011,17,155,Putnam,143.1027693957862,22.99944435617721,28.441334300927494,17.558504131283446
2011,17,099,LaSalle,144.8638435803819,22.70028506837149,28.139708675380298,17.26187844313357
2011,17,131,Mercer,156.92727943448423,22.40625603775469,27.57684305126663,17.236670051144863
2011,17,161,Rock Island,104.8383652870951,22.526087841025827,27.61110380059786,17.44206496316974
2011,17,073,Henry,121.76160269614424,22.30150880418073,27.656941898513576,16.94707530667832
2011,17,103,Lee,143.31663227040067,22.062788389849075,27.54807409740388,16.578478340508944
2011,17,195,Whiteside,123.4173515415541,22.2090563660632,27.70321338550929,16.715886207080914
2011,19,149,Plymouth,214.2593027711291,21.87440168976669,27.462819652306727,16.286972877848125
2011,19,193,Woodbury,134.09942275017764,22.147638198696185,27.68398526561823,16.612291848930706
2011,19,027,Carroll,172.66518958327734,21.89508177746298,27.11792310063004,16.673246291768173
2011,19,061,Dubuque,124.72479783156044,21.506214881295644,26.938024515070737,16.075401112764546
2011,19,101,Jefferson,235.24915717692014,23.252004406839397,28.41907821277345,18.085935363469474
2011,19,187,Webster,157.79882923346221,21.644371856694423,26.769644546976917,16.520093185823768
2011,19,111,Lee,305.39807877227224,23.359002498114975,28.2524443384911,18.466557740216135
2011,19,127,Marshall,159.28519011775626,21.8175758269197,27.015260530269316,16.620887767029906
2011,19,195,Worth,149.22939363916524,21.091801697312615,26.296776866954126,15.887813964784272
2011,19,033,Cerro Gordo,161.023794591582,21.231407625431956,26.60647874695336,15.857336611499719
2011,19,051,Davis,359.2764580110717,23.01048417312192,27.953698368734976,18.06828081411149
2011,19,179,Wapello,274.76156782415165,23.042345214507765,27.88215994662592,18.203551816515084
2011,19,041,Clay,274.03325659563274,21.613088991188953,26.98367750681481,16.243490734988193
2011,19,059,Dickinson,349.7643726825926,21.527867747189337,26.89288572834591,16.16385368793964
2011,19,021,Buena Vista,186.22621205916354,21.632529118873105,26.898660138306077,16.367382514760333
2011,19,013,Black Hawk,129.89349408411067,21.824011631167952,27.234086345320637,16.414931485593385
2011,19,075,Grundy,134.05820974109554,21.748432077135668,27.13628292490771,16.36158813387558
2011,19,017,Bremer,101.97862309746955,21.61804202633541,27.116531420401525,16.12054510718599
2011,19,085,Harrison,202.68161211182513,22.71567986990613,28.142301566708202,17.290050513209724
2011,19,129,Mills,182.04816666755016,23.38883840016293,28.619232885002923,18.15944576184928
2011,19,155,Pottawattamie,152.07517585704372,23.151296602433984,28.44906264413088,17.854525746454577
2011,19,123,Mahaska,255.03358966945606,22.85592346533725,27.756427751513165,17.956421274326456
2011,19,125,Marion,289.9802598286858,23.524106884613236,28.16578382932881,18.88343070282978
2011,19,053,Decatur,179.96347094997236,22.684676324000655,27.821095572912338,17.549243699602922
2011,19,031,Cedar,154.69917933894973,22.049815668342305,27.301894779145716,16.798723082912566
2011,19,151,Pocahontas,222.00503033038186,21.790622026534482,27.032497352235616,16.54972176925924
2011,19,109,Kossuth,240.0923986264155,21.378833956154597,26.64962755964427,16.109059860328205
2011,19,089,Howard,110.23669142296993,20.730056903228576,26.496033475355805,14.965059556209772
2011,19,147,Palo Alto,268.24186006551884,21.598673326395488,26.88418042739845,16.31417593314713
2011,19,159,Ringgold,151.00619197868713,22.776492923759346,27.929196475875354,17.62478791590542
2011,19,025,Calhoun,161.40379449862465,21.764984596127444,26.816056605933486,16.71491791994468
2011,19,039,Clarke,223.83873510721622,22.70487032452221,27.767702630954645,17.64303639323188
2011,19,065,Fayette,96.56512409618652,21.357972857969095,27.05480301145169,15.662150552049123
2011,19,001,Adair,198.7667074859051,22.51946257059704,27.8787452996015,17.16116959885469
2011,19,037,Chickasaw,100.46481571144513,21.130756539382716,26.723694368809138,15.538792508459698
2011,19,081,Hancock,205.34730296419127,21.29774720233686,26.499246614065203,16.097236290089075
2011,19,157,Poweshiek,180.09845479903777,22.31845843142563,27.456954508155345,17.180933250182232
2011,19,165,Shelby,209.45881781938095,22.31539091989657,27.65703616955477,16.974750142202762
2011,19,185,Wayne,204.11030247710866,22.630809128141077,27.58270957827373,17.67992485344499
2011,19,097,Jackson,112.72179449426388,21.773037574508265,27.322006573063927,16.225076715660105
2011,19,043,Clayton,96.66462723639542,21.413691129420215,27.019047454532437,15.809330452289407
2011,19,007,Appanoose,286.5584401904705,22.90475859396459,27.713948592332777,18.096582225034247
2011,19,177,Van Buren,372.80929929382114,23.30329589528332,28.58544421260209,18.022141018159306
2011,19,197,Wright,168.6301679264214,21.467561948673957,26.792429967104116,16.143691655024
2011,19,137,Montgomery,179.70055013696754,23.077646838828294,28.511524643787183,17.644757140766494
2011,19,175,Union,196.19057765605305,22.40866195495324,27.57603375822315,17.242299701325198
2011,19,107,Keokuk,231.36230964632665,22.601879900473914,27.624891227453446,17.579869960863103
2011,19,131,Mitchell,132.4628148200231,21.069891423579147,26.36649829229242,15.774280997474593
2011,19,191,Winneshiek,103.93826381109758,21.252802180189253,26.88789918675131,15.618697125038214
2011,19,161,Sac,145.21609266352675,21.608350078832547,26.78295473269399,16.434744914252086
2011,19,055,Delaware,134.06628742353885,21.19845779230213,26.942143922797086,15.455761215229801
2011,19,067,Floyd,128.367594584887,21.479504139486412,26.86274175724384,16.097258069274762
2011,19,009,Audubon,194.6356914754814,22.07608799693359,27.356702524636436,16.79647687426334
2011,19,079,Hamilton,137.5599087913625,21.67566116362938,26.988378839283932,16.363939079065727
2011,19,069,Franklin,169.8747191829837,21.501942116002425,26.99933769534131,16.00554145885163
2011,19,141,O'Brien,241.72011158275836,21.409722204619097,26.990009360065287,15.830415727407125
2011,19,167,Sioux,181.01977263271766,21.54011429473706,27.15554398910481,15.925701704434111
2011,19,005,Allamakee,108.54730473828172,21.46006655292163,26.799288669005005,16.121839936815558
2011,19,189,Winnebago,212.2293798817403,21.31029169698145,26.493030052204897,16.128548671439376
2011,19,093,Ida,142.31420148798748,21.715163566658934,27.03498160969557,16.396365907298982
2011,19,029,Cass,139.919082850184,22.73639912763243,28.20804978419123,17.265763995816528
2011,19,083,Hardin,167.58302383595037,21.67219021373159,27.096662421025638,16.248703787947957
2011,19,173,Taylor,176.76934144829903,22.971724674477322,28.290489462917495,17.65396481166922
2011,19,145,Page,187.91141329853355,23.199910081957853,28.528814135161852,17.872001909061836
2011,19,035,Cherokee,204.5800315321388,21.725860073412722,27.151872896447315,16.30084057619745
2011,19,071,Fremont,184.6617842559149,23.46729266738307,28.86786364036715,18.067725416368372
2011,19,095,Iowa,181.15924418984707,21.99652221835847,27.168989363153955,16.825040043187276
2011,19,023,Butler,133.86225448551104,21.841757255870633,27.286311451740694,16.398192623296644
2011,19,063,Emmet,277.2153377919899,21.305149930722816,26.559316146106337,16.051971537282085
2011,19,047,Crawford,163.23314252268588,21.9082002505867,27.121865711252738,16.695530933642203
2011,19,019,Buchanan,142.50620111694042,21.5219612877679,27.14073001886637,15.904196350130432
2011,19,143,Osceola,273.70710317838996,21.196347545368344,26.713794637987807,15.679866077159287
2011,19,073,Greene,150.99623461545596,22.01167488517447,27.300489261831572,16.723838073031313
2011,19,087,Henry,245.6086091599819,22.91062627130985,27.834000136965475,17.98824245016676
2011,19,119,Lyon,173.7429347557711,21.237650133111188,26.909438269715245,15.566855633932997
2011,19,003,Adams,191.84294142561365,22.529514272706738,27.839331077141466,17.220703283416018
2011,19,133,Monona,141.0842789172191,22.38003506867782,28.06346003895808,16.697601174261845
2011,19,091,Humboldt,200.72035710178935,21.529813072343092,26.619414594167832,16.4412284288098
2011,19,115,Louisa,191.59008436396917,22.887449915884716,28.066513021661216,17.709393817987777
2011,19,171,Tama,133.42370198964224,21.715927544431977,27.067536859862297,16.365324800677637
2011,19,135,Monroe,266.0224540565263,23.029036919090636,27.780094313280927,18.278990711627568
2011,19,117,Lucas,257.5427678211066,22.84917865913368,27.774482229788326,17.924858403389273
2011,19,057,Des Moines,251.39776103361928,22.81565864387731,27.6830078760512,17.94929877076993
2011,19,011,Benton,157.3374170987054,21.78734880056233,27.15070703749971,16.424991559266182
2011,19,113,Linn,155.03140387563147,21.71031546831089,27.09267523031598,16.32893996861329
2011,19,105,Jones,139.4705622800962,21.657821058228958,27.226261309483256,16.090372961709665
2011,19,103,Johnson,169.13228025567295,22.26326262919432,27.282416672386702,17.24508023770298
2011,19,183,Washington,202.02809657369713,22.91244134719584,28.04724844401087,17.778635632175344
2011,19,045,Clinton,119.9193089750067,22.121032702648293,27.51633888144149,16.726715484898612
2011,19,163,Scott,99.23366554920679,22.40852932668331,27.531049223435563,17.28701200617628
2011,19,139,Muscatine,135.68147283587143,22.685635503029697,27.80741400189299,17.564862595442197
2011,19,169,Story,181.35236749952495,21.883785462343543,27.03675985707335,16.7318111585685
2011,19,015,Boone,158.8476608606037,21.891073863917896,27.017612418357185,16.765543921724262
2011,19,121,Madison,234.7882852873981,22.45893568459194,27.51231267026507,17.406561583385745
2011,19,181,Warren,272.59266397904116,23.127019676750706,27.836373161983897,18.41867499798016
2011,19,049,Dallas,226.25108299884823,22.413948169182067,27.58682930680626,17.24208560505074
2011,19,153,Polk,244.16317678062745,22.877668921261066,27.80162653882197,17.95469589753313
2011,19,077,Guthrie,215.093990365769,22.311776169330006,27.66537741097933,16.95915139969495
2011,19,099,Jasper,219.4431301914492,22.709168145491834,27.637834355983536,17.781507504140528
2011,31,043,Dakota,173.42704455558362,22.337328658444452,28.020342478939607,16.6553208749541
2011,31,051,Dixon,163.83822107797633,22.009740563908235,27.705990862231246,16.314485838957655
2011,31,053,Dodge,213.2312995285447,22.69140700917579,28.17797264284116,17.2058293963276
2011,31,025,Cass,172.31669227403845,23.291804178343305,28.466029969199305,18.118579801750105
2011,31,055,Douglas,158.17046795849524,23.40822565555572,28.432672494169378,18.384805599269082
2011,31,153,Sarpy,149.17897207499527,23.35558914302665,28.416587489369853,18.295604650662316
2011,31,155,Saunders,169.81447073675903,22.817904682403874,28.476463390062484,17.160335579535026
2011,31,177,Washington,197.58430450561997,23.079026893743798,28.18730280012694,17.971732639730874
2011,31,067,Gage,173.645278000031,23.578665535771375,29.50022256046193,17.658087679605018
2011,31,109,Lancaster,208.49341450047066,23.195921856485302,28.792249629757745,17.600594474321824
2011,31,159,Seward,165.17753475292628,23.00997367892481,28.763045461058187,17.25790113298288
2011,31,139,Pierce,177.38822609645914,21.74247861493512,27.493564010382777,15.992372191871594
2011,31,119,Madison,127.36433851006574,21.703145351500343,27.376832571307247,16.030439137985752
2011,31,167,Stanton,118.90206867258875,21.85671878844833,27.486925162711216,16.22751358723739
2011,31,117,McPherson,217.24675015349257,20.756291690429293,27.79883845593024,13.714742831181022
2011,31,111,Lincoln,195.99085128983097,21.10608353064838,28.103425334752313,14.10973948884932
2011,31,113,Logan,166.46922718841105,20.826898489841334,27.8240314268841,13.830769411215998
2011,31,007,Banner,124.94613359180175,19.434012932956517,27.640854474543644,11.228162274963886
2011,31,157,Scotts Bluff,143.96761838382878,20.1220359133001,28.195587923756523,12.049466883353519
2011,31,165,Sioux,120.48990492413188,18.770459110772485,26.738898957185818,10.803023652172467
2011,31,039,Cuming,151.21084648347025,22.08791315346564,27.67836343584413,16.49843873191881
2011,31,129,Nuckolls,133.62870880350195,23.512212349967022,30.03562901879728,16.98977160503269
2011,31,101,Keith,224.46191840923757,21.289928340619902,28.79481840336162,13.786032748041048
2011,31,137,Phelps,180.18613952422038,22.12437379808845,28.247587194451896,16.002145950912013
2011,31,181,Webster,147.3512714919067,23.18339981926622,29.60282135460574,16.76496492237402
2011,31,015,Boyd,188.12068483302707,21.035070700382683,27.270158328347488,14.800989063236289
2011,31,171,Thomas,232.53090112679828,20.831844133305797,27.58322206986289,14.081461044833018
2011,31,089,Holt,232.08973650474957,21.126798765675478,27.199122904842472,15.055457816957501
2011,31,017,Brown,236.4773553061032,20.71821493881697,27.17901389232872,14.258409440583543
2011,31,103,Keya Paha,225.8924513589671,20.621453590536746,26.985673326326978,14.25822843689883
2011,31,077,Greeley,201.68353698958418,21.513458785690275,27.47258179154241,15.555337928188585
2011,31,095,Jefferson,168.9683384585665,23.56825962237087,29.805095473498415,17.3324235628611
2011,31,151,Saline,156.29600729427025,23.236065443622493,29.151375161868984,17.321738734422922
2011,31,057,Dundy,159.9220345686787,22.42815845190817,30.226875367379005,14.630436072893534
2011,31,131,Otoe,212.85117759879046,23.372324382545923,28.885062468816518,17.860578901616655
2011,31,087,Hitchcock,167.43937460494345,22.921568324230268,30.702031699603737,15.142094370041807
2011,31,105,Kimball,150.4250983142042,18.93693869057466,27.17509548292214,10.699774107276141
2011,31,127,Nemaha,168.57785405317867,23.761775070854096,29.385549355570795,18.13901962101249
2011,31,041,Custer,177.43253498134277,20.87556282684072,27.177471268259854,14.574643026263772
2011,31,143,Polk,186.14504391970627,22.53479222569807,28.178689847523902,16.891900757759906
2011,31,045,Dawes,136.81940487922137,19.773222685795634,27.26792242959889,12.279528997800595
2011,31,179,Wayne,135.30741778604428,21.802399325722458,27.54516698930161,16.060624294238615
2011,31,071,Garfield,181.6361554861526,21.044192540779747,27.22484963804479,14.864544186101943
2011,31,013,Box Butte,147.03244391470514,19.64540465570901,27.35524847885194,11.936574789765714
2011,31,173,Thurston,150.02159218600437,22.378509263925526,28.33724058223196,16.4207716318617
2011,31,011,Boone,140.09508925757805,21.663905668234836,27.397404720243493,15.931414579585912
2011,31,145,Red Willow,145.80957609150772,22.830066322633954,30.277750025600724,15.383380600195224
2011,31,149,Rock,249.37008105022826,20.72735882376058,26.877868604908326,14.57783132000473
2011,31,005,Arthur,243.16719036672797,20.701018558635162,28.08486631707123,13.318164465978514
2011,31,085,Hayes,222.817985345006,21.968942845157095,29.293759188252654,14.645131382282152
2011,31,097,Johnson,134.92466442024585,23.399348491388825,29.18891820852478,17.610808524110194
2011,31,003,Antelope,182.311860048262,21.447948711302868,27.143853791116225,15.753027864488793
2011,31,163,Sherman,163.96589061556492,21.473655621332824,27.518411803416463,15.429897143635705
2011,31,161,Sheridan,184.84665057144355,19.458088841912513,26.5889706027273,12.328200582313768
2011,31,133,Pawnee,166.10172344753303,23.738454800149622,29.628877629623283,17.848987251443432
2011,31,075,Grant,228.40659379483083,20.018396534372613,27.095633884271898,12.942182021703932
2011,31,021,Burt,190.76149761029347,22.59479572731067,28.14178302341007,17.0487890576071
2011,31,009,Blaine,211.6006134643859,21.086046677215226,27.604089433863088,14.568988494783525
2011,31,027,Cedar,206.4480256959851,21.82695589582129,27.573021719710283,16.08188255850127
2011,31,169,Thayer,159.06622247676196,24.024623916256857,30.44624198299356,17.603978691311024
2011,31,049,Deuel,211.50647413607717,21.066307249568375,28.971493621531813,13.16210482358568
2011,31,123,Morrill,161.36460221689077,20.412861094380236,28.335442938926928,12.491270033054786
2011,31,115,Loup,186.6579050359424,21.01887883766656,27.291766248669497,14.74699306713677
2011,31,063,Frontier,193.6919384928528,22.110713249594564,29.093699250585143,15.12872756011041
2011,31,125,Nance,198.33359010766253,22.239782688090557,28.016465491792033,16.46411567381018
2011,31,107,Knox,218.14516875238238,21.554090007335905,27.58117443773889,15.527998139308284
2011,31,135,Perkins,218.01417590254388,21.518358661445,29.106491881679833,13.931220775354483
2011,31,037,Colfax,161.57170463752513,22.363524557512157,28.034375668439065,16.69365896762877
2011,31,023,Butler,148.08276481018078,22.721634853926016,28.47116607102674,16.973098694904028
2011,31,031,Cherry,249.2948163395325,20.022995850250442,26.835054307961677,13.211934094836943
2011,31,183,Wheeler,198.78049576890783,21.32878534013958,27.245087642047906,15.413482175918157
2011,31,061,Franklin,183.47742422563877,23.0492327776313,29.491069759189216,16.608411270774134
2011,31,029,Chase,179.35827540108755,21.844592399558078,29.29587597592931,14.394311451775115
2011,31,059,Fillmore,140.01760496335407,23.17337583192824,29.200121604696655,17.14762334096657
2011,31,185,York,186.7608413949241,23.00261049653305,28.926102358801483,17.080109676343003
2011,31,035,Clay,148.9744922940577,23.02907656102681,29.093685404833106,16.965468890193996
2011,31,033,Cheyenne,220.45326229094226,20.17476274961741,28.11867935638962,12.231848123390185
2011,31,069,Garden,207.0215821419279,20.449888996523267,28.071999269285165,12.828790345589857
2011,31,083,Harlan,176.09155303695604,23.08839414539902,29.77744607747371,16.400335215953206
2011,31,091,Hooker,238.12015570435815,20.499307611985884,27.09015996352652,13.909447659490393
2011,31,147,Richardson,200.77300947141816,24.126406761874733,29.747791600454473,18.50599110412801
2011,31,065,Furnas,160.3697974251658,23.07082720767027,30.409882249727197,15.732738814757917
2011,31,175,Valley,168.02916030725507,21.311602858325852,27.293301277317035,15.330905425390554
2011,31,141,Platte,135.47694013396867,22.097566295998707,27.779579901285885,16.416547244584418
2011,31,121,Merrick,179.88359188046164,22.751891268393067,28.54678625864354,16.957997886287952
2011,31,079,Hall,161.1149477075829,22.71651620769434,28.550499720390572,16.883533492838392
2011,31,081,Hamilton,187.62363482123644,22.758318304190666,28.52122972076438,16.996386255335402
2011,31,093,Howard,172.449201369712,22.205944613544993,28.029381000389744,16.383483178757917
2011,31,001,Adams,135.61541611608263,22.944326071244785,28.873859341306577,17.015790119059012
2011,31,099,Kearney,166.98334248843364,22.719164101309524,28.93292999964863,16.5064033898507
2011,31,019,Buffalo,190.35969093264262,22.051599372384842,28.07154845449566,16.03264166344549
2011,31,073,Gosper,192.28220455809173,22.094690101904995,28.531318714931555,15.659073464926248
2011,31,047,Dawson,212.90377576160782,21.554106265472104,27.767147604821506,15.342068603189306
2011,37,037,Chatham,93.3555070250705,25.92554043009182,32.38361725471731,19.46846425051801
2011,37,115,Madison,233.95855132723224,21.91266361183926,28.641724308852588,15.184575390871608
2011,37,087,Haywood,242.86755138357688,20.244282300926365,26.396141170203403,14.0934097336464
2011,37,021,Buncombe,175.27956023285472,22.121916183265938,28.552600742738274,15.692228886876551
2011,37,089,Henderson,184.2546978249567,22.654345091752003,29.07664966311807,16.233035330427555
2011,37,175,Transylvania,258.2172516124341,21.45754388001677,27.580127174773768,15.33596151956335
2011,37,167,Stanly,221.33962936693405,26.41890685521472,32.98932496221928,19.849497184476306
2011,37,109,Lincoln,176.97223552703989,25.263949528350977,31.914034645063285,18.614845558558695
2011,37,159,Rowan,209.3641195420566,25.581663549258533,32.18287223787094,18.981418704943763
2011,37,025,Cabarrus,176.03611516053536,26.359793170541852,32.944205643663416,19.776377198075483
2011,37,097,Iredell,154.06968606843012,24.947296727234598,31.611220952002483,18.2843664039534
2011,37,071,Gaston,152.65109575576344,25.838811684379223,32.3051104309115,19.373484734873113
2011,37,179,Union,159.6339791590203,26.698253005182696,33.07043584179947,20.327044298568698
2011,37,119,Mecklenburg,150.7523221192284,26.351387140957122,32.68469731123962,20.019080419330983
2011,37,045,Cleveland,121.84147515098962,25.23671671097204,31.81035811918474,18.66407575369775
2011,37,005,Alleghany,185.51792295880048,20.824655057814617,27.117047768958486,14.533272359577522
2011,37,173,Swain,266.1781576597863,20.852345455903805,27.399192910412438,14.30650266067192
2011,37,011,Avery,169.5103335860578,20.10206560506409,25.81969943308443,14.385399722939933
2011,37,033,Caswell,133.40760011914892,25.40357964845935,32.2157255995313,18.592423324057318
2011,37,075,Graham,288.38085406322836,22.164799942153472,28.565877209039417,15.764719185684287
2011,37,007,Anson,197.7948148883335,27.127581100086452,33.75445832719991,20.501671910527975
2011,37,149,Polk,105.22392552608756,24.950409055841494,31.52076898018189,18.381084257592185
2011,37,039,Cherokee,211.5665947079804,23.45555435813611,30.00235948440682,16.90972418684019
2011,37,113,Macon,187.8239263149313,21.70254847470085,27.64630629362701,15.759775897819976
2011,37,009,Ashe,136.44096962347095,20.508733057541413,26.63265635252247,14.385790928095457
2011,37,123,Montgomery,158.9139642870076,26.322686718397375,32.96938594941479,19.676998169794153
2011,37,043,Clay,209.16174238858778,22.617232417999706,28.727437479435192,16.508032418059127
2011,37,121,Mitchell,188.12340783668787,20.514679122227314,26.810442685450987,14.21989971066479
2011,37,199,Yancey,233.7232619295235,20.166308298735927,26.16029161039114,14.173302998208225
2011,37,189,Watauga,158.75214015559553,20.451096707509834,26.154335451375132,14.748831040051051
2011,37,099,Jackson,189.05581619763979,20.76725118982292,26.678338099326467,14.857165254547036
2011,37,161,Rutherford,113.91067769861506,24.889457158769204,31.66946604075502,18.11044609520141
2011,37,193,Wilkes,175.40588750652944,23.836523248722543,30.343938880827153,17.3301091193661
2011,37,125,Moore,135.34457843722328,26.506423180489442,33.03625095498596,19.97761651420587
2011,37,153,Richmond,162.24595838685894,27.227246918918574,33.871805910863934,20.583687035388767
2011,37,093,Hoke,177.63172144791588,27.08798089485781,33.27237106808321,20.904575261237774
2011,37,165,Scotland,166.67125810774354,27.344959202351223,33.79158611354289,20.89931818540289
2011,37,155,Robeson,143.11536388920268,27.32028915173754,33.4550587417299,21.186500570341725
2011,37,001,Alamance,208.35923281027917,25.80179416654951,32.2507191329186,19.353875354740605
2011,37,151,Randolph,136.06148351497026,25.77521326632083,32.04769727251,19.503726205684075
2011,37,081,Guilford,192.40808710645564,25.64929172832325,31.755018679070478,19.54454719490412
2011,37,157,Rockingham,155.46567364725524,24.986153827473277,31.585962472754012,18.387347653146517
2011,37,171,Surry,159.3608249419025,23.805719930801676,30.600521136167053,17.011904987599543
2011,37,057,Davidson,190.76370170326723,25.831573411005905,32.35390474696201,19.310221887891558
2011,37,169,Stokes,90.22306402292838,24.35414705966992,31.18936728258602,17.519957226889378
2011,37,067,Forsyth,156.1451707198278,25.15775841586526,31.462608623473034,18.85391279386049
2011,37,197,Yadkin,163.30370327956751,24.39047676773112,31.161611685236597,17.620314395264394
2011,37,059,Davie,153.38472975050811,25.228459214904763,31.952015940712897,18.50589203662757
2011,37,027,Caldwell,138.3686470311845,24.124606481640967,30.523881750118218,17.726316982829125
2011,37,003,Alexander,175.4222676369795,24.612088218313627,30.944638102573396,18.280527264978318
2011,37,035,Catawba,168.47160379295764,25.090824344709052,31.573272279241408,18.609366543700435
2011,37,023,Burke,120.48498701680496,24.06361504218722,30.6776388662671,17.450584357722672
2011,37,111,McDowell,164.4677964707677,23.4758927294329,30.281735554457214,16.67105203110651
2011,37,029,Camden,153.34317676869455,25.85634335585097,31.282137453753265,20.431515638238444
2011,37,139,Pasquotank,142.96457273097033,26.203491618010073,31.662489256963354,20.745519059488377
2011,37,143,Perquimans,167.64503675723802,26.16628944283777,31.85432453008363,20.479250269813424
2011,37,177,Tyrrell,157.44961919474432,26.03802477510363,31.251894982097205,20.82514550673744
2011,37,055,Dare,123.65292265301616,25.897084659101868,29.174491904852665,22.62066507734923
2011,37,073,Gates,117.75253162118156,25.56343992640943,32.43749136029309,18.690379137534737
2011,37,053,Currituck,147.97928651195332,25.795100318954567,29.973589193237334,21.6176045078895
2011,37,019,Brunswick,80.1463271231931,26.944465109460676,32.00750392022092,21.882422350129815
2011,37,031,Carteret,135.75611461121852,26.679077299611215,30.069573001303667,23.28957036028964
2011,37,137,Pamlico,127.91321113577762,26.875435679002777,31.765412129128052,21.986456552358323
2011,37,049,Craven,134.9664250754634,26.9445276030284,32.715161670198285,21.17488320257805
2011,37,103,Jones,107.59151959212674,26.622311116181645,32.72737438782574,20.518237853901223
2011,37,085,Harnett,115.71377002840158,26.904314143420986,33.17437136947019,20.6352485898965
2011,37,063,Durham,159.35834244834436,25.96824651130107,32.34816027714426,19.589322639989252
2011,37,145,Person,148.12837974791856,25.30121298204086,31.931384060717686,18.672045666075444
2011,37,135,Orange,160.98413277513754,25.734853016464363,32.216267464925,19.254465855441378
2011,37,181,Vance,115.9843097137404,25.561232089754732,32.22932939436227,18.894111954298655
2011,37,077,Granville,132.52528903142428,25.726232747814894,32.14781586729438,19.30564140773126
2011,37,069,Franklin,123.62520204459271,26.01286760058584,32.60019990307658,19.426517046269876
2011,37,101,Johnston,106.1655070566539,26.46350632975933,32.826360250267435,20.101638977685504
2011,37,183,Wake,102.84798473371119,26.1863449933965,32.587841909406215,19.78583719571854
2011,37,105,Lee,115.26959260024758,26.327974585738026,32.85466388950823,19.80233172229783
2011,37,131,Northampton,188.20851201420803,25.612260148256652,31.989333616038593,19.236197048499342
2011,37,083,Halifax,156.31732865113318,25.90846788162281,32.26471011601018,19.553231286909618
2011,37,127,Nash,147.54798846308742,26.233398175653104,32.51734620430944,19.95044041391807
2011,37,065,Edgecombe,177.81595557300977,26.29433418452068,32.38515055918781,20.204512468644452
2011,37,195,Wilson,187.8146782526705,26.476663793786045,32.65186763757393,20.302429664643984
2011,37,163,Sampson,119.04049959245083,27.112799168520244,33.449465922525796,20.77713424783896
2011,37,185,Warren,141.04993017077405,25.791702258105012,32.358582525638774,19.22583253580573
2011,37,187,Washington,148.09915701485144,26.604357432083987,32.397510443783595,20.812220510788034
2011,37,061,Duplin,96.3884787011336,26.640155392173845,33.22248646430775,20.05879069237672
2011,37,091,Hertford,114.2462120242373,25.475755397637453,31.85801264416083,19.09449959740646
2011,37,017,Bladen,124.76891192718459,27.12661965711615,33.56844438487741,20.685792296181013
2011,37,095,Hyde,112.56055994635655,26.40233370767952,30.69839382865449,22.107288533452408
2011,37,015,Bertie,162.95499200492867,26.150601843159674,32.494425049838895,19.807788345650206
2011,37,079,Greene,212.518740213278,26.74279905244404,32.894996612692815,20.5916054333884
2011,37,041,Chowan,186.23059324716704,26.26797870984691,32.07017803311778,20.466789091990282
2011,37,117,Martin,133.56830199968633,26.231255611333633,32.29267113240013,20.170832470034423
2011,37,047,Columbus,122.6855527330084,27.001380889078032,33.069542215815765,20.934216611345988
2011,37,191,Wayne,147.52427057512799,26.764247224448845,32.98932177053788,20.540185677003837
2011,37,133,Onslow,100.67527642243705,26.42765441520044,31.635583804033985,21.220734540606205
2011,37,107,Lenoir,125.76850075634958,26.696612219788417,33.02932103224552,20.36491082439252
2011,37,129,New Hanover,103.8940410541946,26.82743764395986,31.5829549852755,22.072930889908832
2011,37,141,Pender,85.0423180140408,26.723768937468986,32.99116854918737,20.457357293395912
2011,37,051,Cumberland,120.11117766286,27.534832153375284,33.59079522651122,21.47983711019837
2011,37,147,Pitt,142.90552269853455,26.510320092998054,32.518507017513535,20.503130883663115
2011,37,013,Beaufort,81.38923160630658,26.867688678003596,32.70154499476335,21.034835271672815
2012,17,121,Marion,38.42939832815581,25.483904917195964,32.5971739512884,18.371634411996503
2012,17,005,Bond,47.17452865039253,25.574823972360164,32.60844233097055,18.542198006803115
2012,17,083,Jersey,40.61132915658549,25.477280150804575,32.268754454281535,18.68678970669535
2012,17,163,St. Clair,53.28256144799465,26.108167842008744,33.194834584290476,19.022512345873025
2012,17,027,Clinton,37.351746187362394,25.904665140154705,32.713385996238905,19.09694330084056
2012,17,013,Calhoun,47.55223467293621,25.410551630280562,32.408684329657085,18.41343254424142
2012,17,119,Madison,33.53078758443162,26.022013655237966,32.662510813277194,19.38252099515251
2012,17,133,Monroe,99.10240528703262,26.171183370953784,33.57148679658416,18.771889673076853
2012,17,117,Macoupin,41.068636855162644,24.975837908033974,31.90597657839224,18.04668862209586
2012,17,171,Scott,42.5402668967781,24.5148706038822,31.81806415109649,17.212694757576326
2012,17,137,Morgan,36.27506361502562,24.592961104122832,31.643674641625534,17.54324332042868
2012,17,107,Logan,42.36290197366973,24.664706499731633,31.551236195701183,17.77916508980888
2012,17,129,Menard,28.74635864007797,24.44212419002469,31.18624916427767,17.69901643026416
2012,17,167,Sangamon,33.21220101650076,24.616541070542986,31.437050035378892,17.797024336233683
2012,17,021,Christian,42.17746077805452,24.949261032953267,32.17138063292217,17.72813801107263
2012,17,127,Massac,96.67077337098833,25.787288254035587,32.9204411012768,18.65512980177604
2012,17,057,Fulton,58.34698999429987,24.275888969877567,31.059442916976796,17.493326866279666
2012,17,175,Stark,56.939438825462936,23.46375438913949,30.387036024120285,16.541475816715604
2012,17,203,Woodford,49.238176386468,24.03206706601445,31.00999803865118,17.055153302445106
2012,17,179,Tazewell,49.73891264927027,24.287489373128235,31.028462092491072,17.54751916511296
2012,17,123,Marshall,69.78383272811158,23.923401467353898,30.710001339044137,17.137800296173342
2012,17,143,Peoria,85.50305897364596,23.97668993415783,30.699227972859518,17.25513754120074
2012,17,001,Adams,69.02222847952828,24.89155783288642,31.633445335751176,18.15065602389249
2012,17,177,Stephenson,28.96947090706689,23.365134826213595,30.297363789827653,16.43390565798982
2012,17,141,Ogle,51.09188691022443,23.450598443520555,30.188891780886113,16.713305356299447
2012,17,201,Winnebago,25.69539590080971,23.796718588207707,30.56964661711715,17.024804838794015
2012,17,007,Boone,21.65693599775956,23.56931028822413,30.51017500356274,16.629440472633085
2012,17,025,Clay,32.778304722199344,25.641697091127888,33.15712973458601,18.127261357695502
2012,17,185,Wabash,53.58366915158724,25.663409091175076,33.1194516629167,18.208380296777918
2012,17,009,Brown,47.577619736006454,24.357142352609255,31.60403610549722,17.111210233094596
2012,17,151,Pope,66.63489098555574,25.373513489173718,32.97232116174946,17.77572736915719
2012,17,033,Crawford,33.22463621194593,25.342620986574534,33.01642844645311,17.669812811295174
2012,17,135,Montgomery,37.33924767250544,25.113572205233936,32.240418224952585,17.9877282161315
2012,17,055,Franklin,44.99319348012681,25.74234599004996,33.23184015705281,18.253838685859005
2012,17,023,Clark,34.8949425093491,25.09301072564099,32.800276114552574,17.386741276579425
2012,17,059,Gallatin,60.81224749211362,25.73252153288354,33.03321691067062,18.432827875856898
2012,17,075,Iroquois,76.46860503111542,23.540101015311315,30.4801696749591,16.60102001737679
2012,17,041,Douglas,42.993254186569736,24.325604202804076,31.177707856826704,17.474483349494136
2012,17,189,Washington,32.132038419764704,25.80612662972444,32.966436905477316,18.646798597109193
2012,17,159,Richland,40.12443231326593,25.570434556392417,33.154233196023704,17.987612814635554
2012,17,065,Hamilton,43.06455651987882,25.630992276348938,33.03351894129275,18.22945871069755
2012,17,193,White,60.634322588765045,25.800604032645264,33.09980081439908,18.502385165629235
2012,17,169,Schuyler,49.37242632257598,24.34209744052293,31.287154823393053,17.398021450259304
2012,17,181,Union,48.46897054406677,26.01419870240292,33.456866630901125,18.572510115243485
2012,17,085,Jo Daviess,39.30919655288041,23.17758020094211,30.11682720139112,16.239333951726877
2012,17,125,Mason,45.84237484263624,24.51475247151805,31.466500011308415,17.56399097131544
2012,17,191,Wayne,45.02336103477257,25.51490049534413,32.85406358696127,18.17673469973555
2012,17,069,Hardin,52.25128313190889,25.25833766365534,32.87966707457332,17.638018713877617
2012,17,061,Greene,41.574746147719026,24.82868791634755,31.830139042562088,17.828237557649384
2012,17,157,Randolph,92.3267530972967,25.91674263050957,33.6218471062636,18.212637237159708
2012,17,149,Pike,52.91050289282355,24.77137477627481,31.75529045140402,17.788470782941545
2012,17,145,Perry,48.76179316168375,25.82965979369142,33.19348652535296,18.466828782588873
2012,17,087,Johnson,72.04754320223867,25.734425439054668,33.24074438699616,18.22908304312346
2012,17,173,Shelby,32.14283796126948,24.895339586088465,32.106535016481175,17.685143251554052
2012,17,051,Fayette,34.17644833926371,25.222823365512003,32.47921916721571,17.96740729375866
2012,17,139,Moultrie,39.732555448377035,24.574746321034503,31.511368736537996,17.63911255260776
2012,17,017,Cass,32.66048122991045,24.4698798054229,31.544009532188873,17.396745370272374
2012,17,015,Carroll,67.26508256892046,23.435037982336038,30.484253424561214,16.386811064870574
2012,17,047,Edwards,45.75854548009652,25.67386932178088,33.08895952429439,18.25979468493486
2012,17,079,Jasper,35.09965565886893,25.235051199704998,32.695046535466915,17.776031284883484
2012,17,187,Warren,75.91901860241317,23.752834361267546,30.347890919645806,17.158752294468897
2012,17,153,Pulaski,88.09406476379867,26.50685687135862,33.38819220438797,19.62648888929301
2012,17,165,Saline,43.21351079833373,25.55958075911079,33.12940014394313,17.990759092559113
2012,17,101,Lawrence,69.51833175242442,25.604776323674294,32.9995994777565,18.210940010459026
2012,17,045,Edgar,23.869243324808366,24.19907624288194,31.331922495937413,17.06723883165105
2012,17,071,Henderson,69.76532008783438,24.07120424635492,30.472666142084588,17.670738633295944
2012,17,199,Williamson,45.812184141999026,25.800887772009318,33.49865996319314,18.104105830478243
2012,17,077,Jackson,38.83792317863244,25.87720461790411,33.51907786688345,18.23630386080753
2012,17,147,Piatt,53.18315737022574,24.172441997588248,30.88712666901629,17.458751141601304
2012,17,053,Ford,45.71590798928528,23.665941653750345,30.569666301931683,16.76321232840317
2012,17,019,Champaign,51.36056889110225,24.051709316948156,30.795612021406665,17.30881152021808
2012,17,029,Coles,23.16613335837797,24.594061387176875,31.505289379454748,17.68385231138521
2012,17,035,Cumberland,25.36899545679155,24.946486552470432,32.32676738625602,17.567204228375406
2012,17,183,Vermilion,44.2910836489322,23.91425516572368,30.889347867131423,16.940152363625078
2012,17,115,Macon,44.48244774041239,24.63476405608019,31.51446880382758,17.756054118190175
2012,17,049,Effingham,42.516021869183994,25.114714487270902,32.4631238126018,17.767290160419556
2012,17,067,Hancock,68.98499145091115,24.519835354960996,31.181469543735325,17.859190527929357
2012,17,095,Knox,78.75102880731222,23.531717733887977,30.083161515062944,16.981275946657114
2012,17,109,McDonough,56.615029226116945,24.21358342997583,30.903608801437638,17.52454414542787
2012,17,081,Jefferson,32.28874376024057,25.49257899993966,32.81192091631789,18.174225449693715
2012,17,113,McLean,53.381946895693865,24.050359282787802,30.926373473424547,17.17534302193359
2012,17,039,De Witt,51.846622429194106,24.226526983762238,31.036257662069367,17.4177971705208
2012,17,105,Livingston,55.46561885571125,23.926186939050293,30.69616590545594,17.157198208233307
2012,17,003,Alexander,81.0816205854304,26.68033115414394,33.49259283084473,19.86901136623602
2012,17,093,Kendall,46.66510479157661,23.636440419059785,30.140198966250452,17.13366727525009
2012,17,031,Cook,57.97083492048983,24.30943944256895,29.66500331593482,18.954876314224368
2012,17,037,DeKalb,42.678613647714194,23.526436015137875,30.02358313460768,17.030283147584242
2012,17,089,Kane,40.56266459773471,23.660422372652384,30.20912765944202,17.112719765941204
2012,17,063,Grundy,61.389387256357985,23.719276570289257,30.26940389133128,17.170130321717075
2012,17,111,McHenry,21.397106463242483,23.280261865961343,30.1975205789581,16.36398952563513
2012,17,197,Will,72.94707778534364,23.802932017106063,30.066168392872797,17.540688174927247
2012,17,043,DuPage,55.7841138483101,24.103863820801436,30.515476757212653,17.69324362073479
2012,17,097,Lake,35.26489067907189,23.203763933805096,29.027645913439915,17.38088187515097
2012,17,091,Kankakee,121.73547762177527,23.61451928177267,30.141505446470994,17.088526511453892
2012,17,011,Bureau,59.33145269347066,23.616822324599482,30.363182896705833,16.871452858188857
2012,17,155,Putnam,76.01897151580869,23.96249168454547,30.762328326150673,17.16365308918002
2012,17,099,LaSalle,61.682975385263994,23.818902996190456,30.462007025382114,17.176800182439603
2012,17,131,Mercer,103.46286940952797,23.618468256824073,30.011694441830606,17.226231907366234
2012,17,161,Rock Island,77.3050437285695,23.74556255428515,29.984479578955156,17.507635459002163
2012,17,073,Henry,52.73213244514786,23.450278629563748,29.969550978864746,16.93199979222317
2012,17,103,Lee,63.078974759908576,23.415275606326254,30.100776299186375,16.730750572435547
2012,17,195,Whiteside,58.21230233239226,23.449815372919744,30.175270081159088,16.72536377205811
2012,19,149,Plymouth,42.728498130320666,23.941998713062873,30.39290616030283,17.492088243547517
2012,19,193,Woodbury,80.87608980141647,23.79311635036803,30.18682927005567,17.40041632447441
2012,19,027,Carroll,84.893274042505,23.394848905796206,29.579305114918167,17.211393390740486
2012,19,061,Dubuque,45.378608646233545,22.987068695968155,29.60526785130641,16.36984287041991
2012,19,101,Jefferson,75.69053766355486,24.138113823987158,30.99565282760529,17.281590558766176
2012,19,187,Webster,77.9559970501426,23.534035251795512,29.80932945351016,17.259737193620264
2012,19,111,Lee,81.52827355852247,24.49072450188705,30.96079185949682,18.021669949840536
2012,19,127,Marshall,67.06286285177045,23.5030050980411,30.05411296077151,16.95288199372257
2012,19,195,Worth,60.99891346107229,22.574477957440116,28.63796806888902,16.511971908939405
2012,19,033,Cerro Gordo,65.71780216372989,22.793987683792746,29.14768407848593,16.441290976926993
2012,19,051,Davis,84.95186686798252,24.36216412515268,31.215625151676996,17.509694114124727
2012,19,179,Wapello,81.42828240233943,24.217473812787663,30.857782487307794,17.578169530194053
2012,19,041,Clay,75.23101931395755,23.303430433375752,29.58372889696661,17.024126412824636
2012,19,059,Dickinson,97.38534986771349,23.393733286687265,29.76170652529511,17.026746495344543
2012,19,021,Buena Vista,105.40009516790981,23.133111823585605,29.142403779505806,17.1248058376438
2012,19,013,Black Hawk,70.41593968244703,23.263314647706007,29.769060478847464,16.758575893350727
2012,19,075,Grundy,75.95030977160279,23.378865411125894,29.7974177300294,16.961312383417553
2012,19,017,Bremer,68.9341887604801,23.188652684377924,29.604429627867756,16.773877311438913
2012,19,085,Harrison,134.17556918721723,23.999738026406092,30.3908427530345,17.60963574147236
2012,19,129,Mills,114.19549281655107,24.942576640897805,31.225143594087925,18.66100985892604
2012,19,155,Pottawattamie,140.44270415405143,24.21859640793897,30.402071232020734,18.036114122617548
2012,19,123,Mahaska,61.63389471128632,24.116268523180565,30.773060067900513,17.460495171942288
2012,19,125,Marion,69.6502408651935,24.70109392506822,31.029077507927536,18.37410436201645
2012,19,053,Decatur,113.05446972055293,23.987357057653004,30.912818652474524,17.06289843148676
2012,19,031,Cedar,78.05430198629358,23.47818731052635,30.077267035211705,16.880125950735717
2012,19,151,Pocahontas,128.02608230107674,23.331427839901206,29.542985553936127,17.120893252054227
2012,19,109,Kossuth,91.74123368526523,23.09063925025669,29.18322771397326,16.999048796556856
2012,19,089,Howard,46.19364278657933,22.511045411004567,29.150853719779786,15.872239725699677
2012,19,147,Palo Alto,79.38050040987403,23.234945483930247,29.42900029270469,17.041900291938802
2012,19,159,Ringgold,101.84851430998937,24.168033527462075,30.741210653072535,17.59584980755714
2012,19,025,Calhoun,97.12005487091251,23.380681970108746,29.5308231405761,17.231525437303517
2012,19,039,Clarke,76.62127235845838,24.080154470705427,30.838864573086923,17.322440841787557
2012,19,065,Fayette,71.14716964930102,22.74387211905164,29.45663246600606,16.032107230438797
2012,19,001,Adair,98.84162669335944,24.13942815878945,30.486259364214398,17.793570763219847
2012,19,037,Chickasaw,55.49257806454743,22.85885514167496,29.316123162712607,16.40259360638308
2012,19,081,Hancock,66.64820966789661,22.728157168384797,28.972513723431007,16.484793961315777
2012,19,157,Poweshiek,73.10209853039812,23.675633189026424,30.444851268055313,16.90740287270603
2012,19,165,Shelby,133.80905603475932,23.26943393058351,29.46577464327143,17.074102566336745
2012,19,185,Wayne,93.55903669425778,23.924104434988703,30.826843837267464,17.022360258093432
2012,19,097,Jackson,51.34324074781626,23.081775914734393,29.823332375734786,16.341222955991086
2012,19,043,Clayton,56.67743013892578,22.88263117962379,29.653823412306153,16.112423464987366
2012,19,007,Appanoose,76.20899397473264,24.204964690648303,30.906790762279567,17.504129516316056
2012,19,177,Van Buren,121.19683946567928,24.551767205521227,31.538920838045755,17.565631680058992
2012,19,197,Wright,63.77984327568204,23.287927898724764,29.68183526436412,16.89503098654536
2012,19,137,Montgomery,153.36157436459987,24.43507041942561,30.85210520717596,18.01904183442839
2012,19,175,Union,93.66139009756532,23.987792817431693,30.508176062088214,17.468412818554366
2012,19,107,Keokuk,64.63712898766808,23.87392706257079,30.68275382775909,17.06608475116331
2012,19,131,Mitchell,56.64766111086683,22.76469277452473,28.945612037897803,16.58477978643077
2012,19,191,Winneshiek,54.287344686752974,22.853251392519574,29.4228052749708,16.284695523941874
2012,19,161,Sac,133.42503256888685,23.085121206799997,29.091937045057428,17.07929250873266
2012,19,055,Delaware,59.50741520413254,22.600899179844173,29.72320667642303,15.479554785283755
2012,19,067,Floyd,57.842910625509404,23.191029427142183,29.4688263468019,16.914223695569767
2012,19,009,Audubon,96.41734829937741,23.41490511960103,29.728131230640923,17.102682184802596
2012,19,079,Hamilton,83.50709502768032,23.423625242035126,29.861714473775386,16.986530742421962
2012,19,069,Franklin,84.85473043760153,23.151851718532725,29.568403702432853,16.736273236548143
2012,19,141,O'Brien,42.93085937285444,23.46021631451418,29.78935201851955,17.132060751762932
2012,19,167,Sioux,18.88143510574899,23.75645798947884,30.292972195523177,17.22094540251966
2012,19,005,Allamakee,62.348314149173206,23.23360061036818,29.603310034208494,16.86488099305237
2012,19,189,Winnebago,71.54322077277162,22.681092932658867,28.769903154464924,16.59327504613572
2012,19,093,Ida,138.8629788616032,23.153495307862244,29.212401937845325,17.095585644185835
2012,19,029,Cass,110.53730728377109,23.83069975768579,30.294757830063197,17.36762818949802
2012,19,083,Hardin,78.7911631781383,23.26534522188991,29.683695729593396,16.84797859566818
2012,19,173,Taylor,108.36615593117469,24.44164948658612,30.90022385649221,17.984069585562956
2012,19,145,Page,118.19393353295486,24.730654856394544,31.170020184523466,18.292302576547797
2012,19,035,Cherokee,92.65045452183777,23.44220223394109,29.570272134566014,17.315145862573537
2012,19,071,Fremont,108.39383498735666,25.433782164245578,31.814762515214504,19.05379181759631
2012,19,095,Iowa,60.40209361137205,23.428902419014523,30.294808931453623,16.56397479943404
2012,19,023,Butler,62.890098006340224,23.53501534721435,29.9274604570266,17.14356138055656
2012,19,063,Emmet,72.39310680011951,22.94268056799527,29.003711903163627,16.88264579313606
2012,19,047,Crawford,115.98663153674715,23.225223478580535,29.27278203380644,17.178659489115727
2012,19,019,Buchanan,88.85331442112967,22.654132661328553,29.469800466572448,15.839462386085458
2012,19,143,Osceola,34.43252374259984,23.249715264547536,29.77267939905695,16.727750107883487
2012,19,073,Greene,73.08308279390265,23.738358384048453,30.216819787622953,17.26088288761654
2012,19,087,Henry,90.78250188083432,23.898440366001708,30.607094127347303,17.190790973234822
2012,19,119,Lyon,30.183048054194646,23.514386276517545,30.206646957155595,16.82312214010536
2012,19,003,Adams,115.56781255986326,24.052511394346357,30.490288061353716,17.615741992579782
2012,19,133,Monona,110.68466963441159,23.986112859818263,30.63449241486213,17.33872113059641
2012,19,091,Humboldt,67.24524575320272,23.45691131202569,29.662417922687364,17.252444282344392
2012,19,115,Louisa,107.3502509033055,24.115886799548864,30.77154535780607,17.461205524453998
2012,19,171,Tama,72.60731780733428,23.24703068441245,30.037454361060036,16.45762016953543
2012,19,135,Monroe,84.71580910078254,24.224683579925184,30.739598761639336,17.71075192058098
2012,19,117,Lucas,100.39743219622486,24.13791280252002,30.757651756668572,17.51916658072038
2012,19,057,Des Moines,89.22697666759392,23.97010353113091,30.360560539432896,17.58064110474988
2012,19,011,Benton,63.61961489082154,23.185035289056245,30.01108875678346,16.35997570724829
2012,19,113,Linn,74.2225287939756,23.189173169642014,30.015372097694804,16.363959018341866
2012,19,105,Jones,52.716257404177796,23.041384142025496,29.96291706735774,16.120829844186467
2012,19,103,Johnson,50.487071516608495,23.826610523251205,30.380871442464024,17.273329896315843
2012,19,183,Washington,72.25699372154484,23.951288034986785,30.738650447106526,17.164923051027575
2012,19,045,Clinton,62.1245102203743,23.417856608822845,30.021998110919476,16.814714018793733
2012,19,163,Scott,60.747574146685025,23.666895898590102,29.89598200154224,17.43878541482685
2012,19,139,Muscatine,92.91046807045785,23.98501335057167,30.465210845267773,17.505798046101194
2012,19,169,Story,114.69870355917237,23.503921898433482,29.862381231593307,17.146484148370686
2012,19,015,Boone,80.88145897337589,23.680608651619497,29.98012760174219,17.38208422006751
2012,19,121,Madison,68.1360730616007,24.099338535817097,30.59909187410765,17.600579131381
2012,19,181,Warren,69.04216844009885,24.562932568906042,30.873214545129315,18.253648654664694
2012,19,049,Dallas,71.9536279082675,24.309977607813543,30.72641385660079,17.89452613940667
2012,19,153,Polk,82.32431752399273,24.55426460836614,30.790794271503135,18.318727286959685
2012,19,077,Guthrie,85.11485919983545,23.93389135025972,30.475617985257564,17.393145099200535
2012,19,099,Jasper,74.5722694885926,24.062239965868038,30.493829850038136,17.63164143562904
2012,31,043,Dakota,50.76190338283446,24.181706957525037,30.868916436930206,17.495501941396256
2012,31,051,Dixon,41.14537057801486,24.08151768258856,31.00587650674615,17.158130337149785
2012,31,053,Dodge,87.65518217878636,24.513305489339153,30.964098674876237,18.063509331323626
2012,31,025,Cass,106.18660396088205,25.174465303778156,31.382449084595898,18.967481716330596
2012,31,055,Douglas,108.72273201713485,24.988066992260784,30.996526346811915,18.9806070850194
2012,31,153,Sarpy,112.79812238696287,24.97416071106339,31.13510394486309,18.814218860920327
2012,31,155,Saunders,103.02408488658027,24.529487443636107,31.14340503784018,17.91656732550084
2012,31,177,Washington,102.89692570609851,24.797227102429652,30.940452098824245,18.655012112376085
2012,31,067,Gage,114.31347996631204,25.30449406029867,32.14950274162876,18.460486333822455
2012,31,109,Lancaster,107.56541607826038,24.905322018043975,31.457667527311006,18.35396911051059
2012,31,159,Seward,110.80245257917227,24.38033092511347,30.97591246703042,17.78574611103843
2012,31,139,Pierce,39.174527926563485,24.29100548474861,31.32877507141726,17.254231793437537
2012,31,119,Madison,21.183511309613056,24.088174540614673,30.78761066535349,17.389745253934457
2012,31,167,Stanton,24.15898132296865,24.093124332343024,30.716977387298538,17.470247009159362
2012,31,117,McPherson,24.235248704268535,24.062509760731285,32.587652954679186,15.53836760042593
2012,31,111,Lincoln,57.859930150947605,24.46519553955885,33.04713121904793,15.884270070718404
2012,31,113,Logan,34.14164804505268,24.057803930360798,32.6640627870079,15.45253251440683
2012,31,007,Banner,46.13981949182783,22.892426737232615,32.19279743163035,13.593067275682579
2012,31,157,Scotts Bluff,57.06178429920309,23.653955657819203,32.767347347958236,14.541560667344502
2012,31,165,Sioux,50.620878939102205,22.122791416391102,31.32507480143959,12.921500604013405
2012,31,039,Cuming,47.808397735495376,24.096518288583567,30.664807072720137,17.529252448966012
2012,31,129,Nuckolls,161.81831195973274,24.86341926221552,32.2418011888046,17.486017606876803
2012,31,101,Keith,45.97697747427195,24.506238599069523,33.2433140750273,15.770168276141112
2012,31,137,Phelps,55.329416803217306,24.28531047448555,31.68025485621247,16.891367545610123
2012,31,181,Webster,111.68371899269056,24.713691370577596,32.29221966098415,17.13615466350604
2012,31,015,Boyd,50.5003974737714,24.318447112601238,32.04298099907361,16.594905173881273
2012,31,171,Thomas,24.98385656573326,24.245178239726737,32.60248993258043,15.88886232730565
2012,31,089,Holt,70.06365301851669,23.97023471201663,31.582497160515754,16.358965401282276
2012,31,017,Brown,36.19164071190131,23.974150420696894,32.07791486479406,15.871383213346794
2012,31,103,Keya Paha,81.91786741721651,23.94943949137079,32.025672736414755,15.874214209444046
2012,31,077,Greeley,25.286488734407428,24.019870448156478,31.37360419904163,16.667139985958457
2012,31,095,Jefferson,138.30024502875952,25.02008396658022,32.13194600724917,17.909208588086543
2012,31,151,Saline,102.43943364728237,24.739541700728108,31.5163427880599,17.9637279014381
2012,31,057,Dundy,104.71260339063267,25.50890009913177,34.78522101298348,16.233576625638808
2012,31,131,Otoe,106.5277980125457,25.358112636031372,31.89984814266,18.817400866384077
2012,31,087,Hitchcock,94.53047325500651,25.810161159412143,34.93399242974964,16.68731196114869
2012,31,105,Kimball,76.91944540554981,22.184162177158193,31.480224202488586,12.889103978588302
2012,31,127,Nemaha,117.39057333749581,25.418786273790385,32.01794301481529,18.820628144381246
2012,31,041,Custer,30.5923202777184,23.941505333534543,32.161906655306126,15.722108440127238
2012,31,143,Polk,59.537946366895135,24.064220394231118,30.575756784560152,17.553683304615905
2012,31,045,Dawes,58.27934803561677,23.124350039294573,31.838140664419416,14.411549251033165
2012,31,179,Wayne,27.344554589224458,24.10005452889677,30.910301777887273,17.290789197473522
2012,31,071,Garfield,50.7355002722234,23.670444973803207,31.50307589720377,15.838800901678718
2012,31,013,Box Butte,50.994393414085444,22.969727697182968,31.728150497605,14.212301772125222
2012,31,173,Thurston,53.537551339133906,24.282539619116648,31.147455906356356,17.41860958338053
2012,31,011,Boone,31.74919370703862,23.951751388794158,30.91485634478039,16.98964907019666
2012,31,145,Red Willow,75.63713676901936,25.649868733982004,34.47115919948886,16.82955739205732
2012,31,149,Rock,62.60281559867754,23.606079122704774,31.44092489748723,15.772219503623393
2012,31,005,Arthur,32.58549067815856,24.03226296974605,32.67491930103215,15.390605977059494
2012,31,085,Hayes,99.13359889242962,24.816609292324483,33.59425096653414,16.039939345187815
2012,31,097,Johnson,111.90348463413613,25.104844280713355,32.019201828807795,18.191474995821878
2012,31,003,Antelope,36.63816133848541,23.922118923462502,30.98240890015021,16.86281979704129
2012,31,163,Sherman,13.797355013071453,24.11660795997976,31.894600278404646,16.339609897997345
2012,31,161,Sheridan,52.18703968572172,22.85824025340444,31.204032258600915,14.513441655250585
2012,31,133,Pawnee,153.40316088773994,25.252068123769153,32.123777890913225,18.381335187617054
2012,31,075,Grant,46.58083409137998,23.323911106312455,31.643369068491044,15.005454780716695
2012,31,021,Burt,106.84406584433606,24.339498304918855,30.992985152839484,17.68702239696329
2012,31,009,Blaine,38.27014195977654,24.089476676089404,32.406037542857234,15.77390524398225
2012,31,027,Cedar,29.221411360208094,24.128646947059494,31.064956625537327,17.193350700406683
2012,31,169,Thayer,179.74704418080802,25.169507841866775,32.347862250548886,17.992151053663136
2012,31,049,Deuel,54.65396372624366,24.282375495722487,33.375958783114314,15.189786636416208
2012,31,123,Morrill,57.547791272636594,23.899061418738267,33.00241187721933,14.796706279342242
2012,31,115,Loup,27.626970701790068,23.92266619979043,32.00384549355409,15.842498740877934
2012,31,063,Frontier,103.5181976517175,25.036442514318214,33.58638312331095,16.487480249286033
2012,31,125,Nance,31.573515136391073,24.149159465151318,30.92249270185745,17.37681043035469
2012,31,107,Knox,32.74201377067979,24.458210621730604,32.059469647663526,16.857939904214472
2012,31,135,Perkins,72.55894688388942,24.673234788280183,33.65585063321115,15.691609566305397
2012,31,037,Colfax,63.66807119231264,24.155495021485464,30.665562121359653,17.64642072209073
2012,31,023,Butler,104.6155134981979,24.228016227329842,30.831790661097457,17.625230981034075
2012,31,031,Cherry,40.81276391233091,23.34767381485563,31.60554351707886,15.09080279408912
2012,31,183,Wheeler,49.788766119431635,23.89222691167984,31.16209854758674,16.623353915886753
2012,31,061,Franklin,83.76638710839931,24.841696829889568,32.5116874863671,17.17269620427922
2012,31,029,Chase,87.75946165824539,24.816541706968515,33.804196850432696,15.82987264441662
2012,31,059,Fillmore,128.34582734334285,24.605350568090735,31.44533978444114,17.766370823310506
2012,31,185,York,71.54940254600173,24.37263798748337,31.086562638486175,17.65971221724958
2012,31,035,Clay,166.58609071280893,24.569391462387486,31.433948032590184,17.705827048377227
2012,31,033,Cheyenne,97.69330735545367,23.555283503496785,32.79026274785051,14.321285115721968
2012,31,069,Garden,54.61880181944672,23.71020241113198,32.546919166973126,14.874487311916683
2012,31,083,Harlan,105.23698916119145,25.08645660658343,33.04612586401438,17.127772589495272
2012,31,091,Hooker,24.291027670276826,23.728263722727064,31.81354222185112,15.643996656644479
2012,31,147,Richardson,126.94275303158399,25.441833035443334,31.971840444002055,18.912828273778317
2012,31,065,Furnas,90.23773784724402,25.411194938608897,34.1977413877551,16.625655525408657
2012,31,175,Valley,17.260389016039795,24.13318696873923,31.819034807203803,16.448319902939264
2012,31,141,Platte,34.611867072519,24.072210736386737,30.70162969849627,17.443788453548866
2012,31,121,Merrick,44.22164038642533,24.456187600080476,31.09862480475427,17.814753829161166
2012,31,079,Hall,62.41986500863653,24.72520826760448,31.583910276719788,17.86749352674637
2012,31,081,Hamilton,88.55593927177199,24.51386500298677,31.180457023169552,17.848260262399304
2012,31,093,Howard,17.909736282588266,24.43106166585964,31.512228356374113,17.350911190364734
2012,31,001,Adams,101.69693004749091,24.70225778313408,31.564455557062146,17.841061141340827
2012,31,099,Kearney,77.89823421335814,24.675836487776195,32.06219532817825,17.290489398648255
2012,31,019,Buffalo,41.21775042535521,24.298476294235012,31.78410910754021,16.81383788660337
2012,31,073,Gosper,61.43231318964144,24.612094585441206,32.541591107479235,16.683602172547136
2012,31,047,Dawson,44.49620969105102,24.331464897147335,32.16165377982613,16.502288171143142
2012,37,037,Chatham,129.77836962933964,24.304089650597724,30.81055160585743,17.798612237188262
2012,37,115,Madison,175.10197577893595,21.10712378749975,27.68942940656265,14.525793958709794
2012,37,087,Haywood,168.71240725568578,19.257588730797725,25.18331012189845,13.332872454835174
2012,37,021,Buncombe,160.66710518541277,21.023499054046816,27.08305319271637,14.964920709675102
2012,37,089,Henderson,143.9021458133526,21.278129352136865,27.27778539108671,15.279462191265841
2012,37,175,Transylvania,237.45409666899917,20.233516394082592,25.83558585209041,14.632429644299789
2012,37,167,Stanly,125.23639367580712,24.769260908834227,31.44082086981666,18.09869337823516
2012,37,109,Lincoln,175.89573486611874,24.186501002689408,30.775612692797484,17.598378595302215
2012,37,159,Rowan,150.12025972967461,23.977409728679692,30.485816082375752,17.46998686706986
2012,37,025,Cabarrus,142.2175972141857,24.569971336794126,31.255260095343505,17.885691917134285
2012,37,097,Iredell,143.21489522071292,23.58124212884227,29.984326549200343,17.179149499535658
2012,37,071,Gaston,132.38674199328256,24.688744366460043,31.16307058794888,18.215399698142573
2012,37,179,Union,130.9247461292797,25.055001343539093,31.353825925602816,18.75717782399704
2012,37,119,Mecklenburg,140.97605972243232,24.922815396641603,31.23277299434593,18.6138607448281
2012,37,045,Cleveland,172.3808179806978,24.09132076271305,30.677549150219257,17.506078184035285
2012,37,005,Alleghany,153.07163832727986,19.756280164735983,26.021090167416606,13.492475996817571
2012,37,173,Swain,150.10172732373326,20.01918049348241,26.41654754208328,13.622823333232557
2012,37,011,Avery,143.73146632782007,18.945635695139053,24.32100959033279,13.571292838387128
2012,37,033,Caswell,109.37118008079422,24.25196329128977,31.202854590417463,17.30204252198123
2012,37,075,Graham,176.883405648347,21.129321364971766,27.43460523651306,14.825032042982441
2012,37,007,Anson,169.09828379614908,25.303008286922783,31.891920387698686,18.715071662776936
2012,37,149,Polk,164.33527104832754,23.565350631830054,29.806445241112556,17.32529093614971
2012,37,039,Cherokee,168.1820064487802,22.301066408545836,28.671750289815215,15.931363957765107
2012,37,113,Macon,218.66973082029364,20.585023110150438,26.34414362561297,14.826903475991692
2012,37,009,Ashe,145.74725886490424,19.411312349716415,25.38470692829771,13.438924979981596
2012,37,123,Montgomery,147.92497280594202,24.70409382039646,31.46359591694554,17.945588999592218
2012,37,043,Clay,182.45416671653564,21.359197286768747,27.245154071851836,15.474215845539295
2012,37,121,Mitchell,177.5316373280582,19.59583949253176,25.409971861094267,13.782678474438368
2012,37,199,Yancey,190.69860245072934,19.191266727155025,24.48412404475511,13.899394642868753
2012,37,189,Watauga,142.24379770487735,19.34048711562803,24.89905804788494,13.78292939390777
2012,37,099,Jackson,194.733457601542,19.66084025424178,25.30748211582187,14.015185387017898
2012,37,161,Rutherford,173.36296110702506,23.856168352788497,30.572782870991215,17.140553893680966
2012,37,193,Wilkes,193.8849512315704,22.794018368939618,29.15735888779915,16.43167416575177
2012,37,125,Moore,173.64064012486554,24.81182933207894,31.405329808902533,18.2193277249775
2012,37,153,Richmond,173.25421243033327,25.32539869595568,31.79189188865772,18.859905526794137
2012,37,093,Hoke,194.69326251960348,25.36804424801816,31.650703248271054,19.08639468672446
2012,37,165,Scotland,139.15951337617517,25.44970358321429,31.878186121619894,19.022216650446552
2012,37,155,Robeson,188.27248527356556,25.24567634803484,31.373254906669757,19.119100285837522
2012,37,001,Alamance,150.32595109012658,24.37584089363943,30.93178210590403,17.82087952570075
2012,37,151,Randolph,154.1542677184863,24.124838153282234,30.457441594362606,17.793207499253196
2012,37,081,Guilford,137.79311380010017,24.319888734522813,30.49154928894033,18.149232014301752
2012,37,157,Rockingham,115.88838710694564,23.888302777112553,30.532353078551214,17.245253607604464
2012,37,171,Surry,186.03237541371948,22.728546302771942,29.29041266830443,16.16767776621084
2012,37,057,Davidson,173.00242442562757,24.039173233889876,30.468788382907448,17.610556660669555
2012,37,169,Stokes,170.56173729390346,23.255744260191264,29.829029841908348,16.683472047738046
2012,37,067,Forsyth,125.02142981544192,23.968093860966913,30.134447632095924,17.802723465947974
2012,37,197,Yadkin,168.7576552537567,23.274410181096812,29.759479046832688,16.790339421561654
2012,37,059,Davie,170.29324565917378,23.708719598775463,30.20010368348289,17.21833385654871
2012,37,027,Caldwell,173.64617712455896,23.113892425506883,29.214239495940777,17.014529736388187
2012,37,003,Alexander,125.43142725844625,23.53682869608989,29.576706458782336,17.497956166227706
2012,37,035,Catawba,165.620780999595,23.949150487148,30.208038454910977,17.69125655524121
2012,37,023,Burke,154.21327421966197,23.081811106118053,29.307504940466345,16.85708667153359
2012,37,111,McDowell,168.5292495518068,22.321262835656302,28.588335596215103,16.055166284759043
2012,37,029,Camden,131.08993128799582,24.992724476328537,29.844512833363645,20.141918274769743
2012,37,139,Pasquotank,130.14317037724737,25.2044868745852,30.11521642430838,20.29475400915033
2012,37,143,Perquimans,121.35491260318767,24.904283029120474,30.124333010710313,19.685239675844453
2012,37,177,Tyrrell,142.669051463324,24.742539643481713,29.440942546639615,20.045122065475994
2012,37,055,Dare,148.9964993552563,24.929447494616838,27.65846040828006,22.20142331927804
2012,37,073,Gates,183.50447089352576,24.354181624488167,30.869588629749593,17.839748813700403
2012,37,053,Currituck,125.50917210531193,24.867144846028204,28.542592724787983,21.19269921247766
2012,37,019,Brunswick,112.87764670417724,24.941632436707845,30.1520621886277,19.732209617663372
2012,37,031,Carteret,157.81198911269618,25.314342597294313,28.756436898147815,21.873256383508323
2012,37,137,Pamlico,169.3127528420542,25.30577086080267,30.001130580717547,20.611408230287047
2012,37,049,Craven,167.22085203577163,25.08738280715152,30.68856089336879,19.487201210969673
2012,37,103,Jones,191.45692833646856,24.696997692899284,30.698088044617197,18.6969041949499
2012,37,085,Harnett,145.77273371230925,25.085204502711147,31.312278798231045,18.859121688724663
2012,37,063,Durham,134.7976811411585,24.506869558777126,31.017185576698374,17.997560294736335
2012,37,145,Person,112.81794875038015,24.035787856862434,30.838742586894842,17.23384181820056
2012,37,135,Orange,135.16701380407784,24.34951375429581,30.980665878648207,17.719345559460184
2012,37,181,Vance,111.31589556622282,24.31902098350235,31.20468956915918,17.43435845224917
2012,37,077,Granville,140.40339890169648,24.382479357018898,31.036214118791328,17.729730971454106
2012,37,069,Franklin,138.60409060435862,24.398298070130444,31.11425532202782,17.683340094349095
2012,37,101,Johnston,118.15261575123611,24.70845612499793,30.987145140467696,18.430757895632684
2012,37,183,Wake,126.56814871633341,24.60564935731598,30.95137769478887,18.26091365262594
2012,37,105,Lee,156.85298534526282,24.640790934542363,31.18329642984246,18.099290604861274
2012,37,131,Northampton,164.74735152023868,24.187005761317025,30.551076658270443,17.823926009042196
2012,37,083,Halifax,139.32691749500273,24.55469226019788,30.91208522312727,18.198298104292576
2012,37,127,Nash,142.2471279816922,24.862944472111625,31.27651928319824,18.45035351025572
2012,37,065,Edgecombe,158.02282710252376,24.801603236005995,30.99701547423599,18.607183731079704
2012,37,195,Wilson,118.94222136451792,24.929520275898202,31.20382720693891,18.65620458177597
2012,37,163,Sampson,167.62520415152878,24.960600632445942,31.082340112564346,18.839843393969563
2012,37,185,Warren,115.23813311363807,24.62514774074453,31.32320800523137,17.928036445222123
2012,37,187,Washington,145.38196298749986,25.075887814503265,30.414497958897,19.738253339808043
2012,37,061,Duplin,186.86319406391831,24.54866063436671,30.812852833133505,18.285449486128165
2012,37,091,Hertford,160.3141047968664,23.995575152260532,30.270453719134807,17.721706285810626
2012,37,017,Bladen,159.14369966136022,24.92800424327631,31.205757036654976,18.65125162999129
2012,37,095,Hyde,169.53353737340743,25.154494434663313,29.053677038613714,21.256305749253944
2012,37,015,Bertie,146.47175199531964,24.607242883738266,30.816026476606094,18.399445216397933
2012,37,079,Greene,110.37418199440779,24.969420151245064,31.18519946010863,18.754620524923627
2012,37,041,Chowan,144.6188186770216,24.710103443576756,30.156067770121844,19.265163009597607
2012,37,117,Martin,126.32276030578203,24.791600863398326,30.719697532694777,18.864487456619806
2012,37,047,Columbus,121.92062598348444,24.73977102714363,30.71044332144373,18.770082877759805
2012,37,191,Wayne,136.37543785638744,24.92387921771173,31.03882308993095,18.809909142299933
2012,37,133,Onslow,150.35132827976597,24.618376491574306,29.98537956261751,19.252358506503313
2012,37,107,Lenoir,131.2041400644504,24.76843272760603,30.934305324837997,18.603540061765894
2012,37,129,New Hanover,143.60860780437116,25.13626421375798,30.083193721659168,20.190328149134906
2012,37,141,Pender,159.52624672792473,24.85821254511761,31.05132901858243,18.666086118512965
2012,37,051,Cumberland,188.41790460320578,25.47493113234147,31.457152348459605,19.493717925499098
2012,37,147,Pitt,127.74473031994046,24.717298573877297,30.669600585034573,18.766005278191425
2012,37,013,Beaufort,132.6904934919024,25.26698065976052,30.703064286159968,19.83188722568439
2013,17,121,Marion,275.77805413428354,23.180783753971824,28.21496896585759,18.147597030212786
2013,17,005,Bond,260.93659390432373,23.20072549517997,28.41605828238047,17.986378113573178
2013,17,083,Jersey,96.85203286888833,23.27431321726192,28.560714697540842,17.98892880141824
2013,17,163,St. Clair,208.40606517392075,23.83192198172276,29.052371816312487,18.612465342497767
2013,17,027,Clinton,215.89792144208772,23.41808254235034,28.456358510161813,18.380807256802946
2013,17,013,Calhoun,85.98127356216328,23.214103833553963,28.61106568524015,17.81813705785687
2013,17,119,Madison,219.6211498891125,23.478433049955825,28.540249203914783,18.417598254132866
2013,17,133,Monroe,155.1516391411879,23.822207742076426,29.318095626405366,18.327316575616813
2013,17,117,Macoupin,112.83158706724612,22.824240618939776,28.054719402646004,17.59473383488202
2013,17,171,Scott,91.43947336420896,22.773013128594158,28.428546673563563,17.118468868276068
2013,17,137,Morgan,84.11341606500575,22.765640906250276,28.26882576446842,17.263445561189943
2013,17,107,Logan,139.24054888663738,22.57680554732007,27.980010565550067,17.174576409193364
2013,17,129,Menard,117.19891974388254,22.564230235180418,27.929114593419417,17.200340739365025
2013,17,167,Sangamon,82.992814966309,22.694147654786107,28.00393346783506,17.385355033339057
2013,17,021,Christian,83.27995248457206,22.678315687406524,28.10319627813418,17.254431134306788
2013,17,127,Massac,144.8001408126138,23.770337793795214,29.03797098080616,18.50369890718415
2013,17,057,Fulton,111.83269651724969,22.399804336801015,27.963646631321456,16.83695879250245
2013,17,175,Stark,157.99674929947392,21.40934454806573,27.195498836408,15.62419882226691
2013,17,203,Woodford,128.69280253597205,21.891681804388302,27.5728833670403,16.211479149184843
2013,17,179,Tazewell,87.72298572884567,22.257859762381965,27.69739983849494,16.81931081188466
2013,17,123,Marshall,114.41661358764625,21.669028049788576,27.36127109637636,15.977772732516128
2013,17,143,Peoria,120.58269671826694,21.930051396017713,27.492338583337155,16.36877326957002
2013,17,001,Adams,67.67312226429334,23.029868901373483,28.26159369534321,17.799126460497522
2013,17,177,Stephenson,206.89836786264036,20.701795518474288,26.381667785150782,15.022914755469035
2013,17,141,Ogle,201.38723888844873,20.822437790553582,26.356664520603854,15.289185300807917
2013,17,201,Winnebago,242.47920904047047,20.771741122758304,26.23991907510346,15.304545037243717
2013,17,007,Boone,253.34200179884562,20.501071259202323,26.11663566575296,14.886489000906444
2013,17,025,Clay,339.773347828301,23.110919677509756,28.141360042327666,18.081468158315072
2013,17,185,Wabash,250.36234010520326,23.5650486421764,28.651097205043985,18.479977894187126
2013,17,009,Brown,128.77158551319218,22.489826713909835,28.246563853810336,16.73409353425772
2013,17,151,Pope,161.45629359941822,23.099548804172574,28.59221483481148,17.607857122795036
2013,17,033,Crawford,266.8192239689937,23.1979003408723,28.205349571862357,18.19145805444712
2013,17,135,Montgomery,135.51451633667452,22.826069902996938,28.169724657184172,17.483392139354105
2013,17,055,Franklin,137.43323583202002,23.524068828570684,28.706545720369753,18.34260632505046
2013,17,023,Clark,256.33785421507224,22.86621546088193,27.953814418113446,17.779616212784628
2013,17,059,Gallatin,180.95986473678641,23.493863338543957,28.624619965531355,18.364136270347316
2013,17,075,Iroquois,97.1890543284749,21.60599592714195,27.06449910410639,16.14848079400744
2013,17,041,Douglas,175.10109622514267,22.317815145617583,27.331428570944556,17.30519289675162
2013,17,189,Washington,185.9893919669598,23.496408737424,28.6454107449537,18.34841211769004
2013,17,159,Richland,324.3193085233633,23.291115443872936,28.3685490817464,18.21467863493628
2013,17,065,Hamilton,145.0255549581942,23.393728198203217,28.40851701202828,18.37994288176448
2013,17,193,White,117.441410504632,23.70547591613354,28.83293822741585,18.579020480778215
2013,17,169,Schuyler,112.88629798881549,22.47250558488174,28.063401188864187,16.88261850073914
2013,17,181,Union,114.29123169861494,23.848030728569892,29.283112040763065,18.4139231177238
2013,17,085,Jo Daviess,184.7177506152737,20.60522131623216,26.280513945991082,14.93092678364618
2013,17,125,Mason,131.05819017726648,22.571787862902017,28.070973216085747,17.073578890878377
2013,17,191,Wayne,265.33062623171037,23.291854537186783,28.284000798432206,18.300699081648858
2013,17,069,Hardin,155.22919503396741,22.906131136528405,28.3767571219138,17.436470906478064
2013,17,061,Greene,69.01316533997176,22.9079044467205,28.336162776354485,17.480648015125254
2013,17,157,Randolph,169.65337571251547,23.880376139641662,29.40529308486103,18.356439778921498
2013,17,149,Pike,78.21971730387934,22.824181804521,28.322817487293648,17.326517870048047
2013,17,145,Perry,156.36403558739718,23.612844448008413,28.775220069398262,18.45145500921695
2013,17,087,Johnson,144.33019868948804,23.552528585163213,28.937176999850138,18.168857677367193
2013,17,173,Shelby,123.97285379414569,22.72835936450951,27.979616274220195,17.47810020110352
2013,17,051,Fayette,203.3543897637574,23.02884108413594,28.184854255435877,17.873833637775018
2013,17,139,Moultrie,139.58177065089836,22.468180877620817,27.534747214423366,17.402590102813353
2013,17,017,Cass,129.87306309536078,22.632707582286137,28.244467548644998,17.02193664292157
2013,17,015,Carroll,159.4385317136667,20.885227900588312,26.85666382710748,14.914801686500148
2013,17,047,Edwards,249.83545336217117,23.556007782320354,28.633531246477748,18.47947848058438
2013,17,079,Jasper,303.04119737833435,22.956053820896233,27.929826491861117,17.983278559782118
2013,17,187,Warren,86.31277573405035,22.132065100251257,27.744397745434508,16.520723909174887
2013,17,153,Pulaski,101.14914209623254,24.452302465152272,29.64950712228647,19.25610159122704
2013,17,165,Saline,179.63709868447694,23.290694706541306,28.435914286006973,18.146473068091133
2013,17,101,Lawrence,267.3141065212958,23.419406633849853,28.244943627142927,18.594897233506206
2013,17,045,Edgar,167.01580114424803,22.301546862793327,27.228992724663485,17.37508921051527
2013,17,071,Henderson,78.65395715757957,22.579289937970287,27.887400670286723,17.272186034762743
2013,17,199,Williamson,155.94257699504527,23.544916558208552,28.816067774709623,18.274764587192735
2013,17,077,Jackson,146.13127684585456,23.68824700846537,29.10999879450674,18.26748408749226
2013,17,147,Piatt,150.94769725243853,22.28108691796143,27.45397810132721,17.109199398614376
2013,17,053,Ford,119.80280125894566,21.6892030700642,27.177570631054067,16.201819154305777
2013,17,019,Champaign,159.59979329729177,22.25815461036864,27.47728064349779,17.040019598280598
2013,17,029,Coles,210.7054970188269,22.359948268751246,27.180373824433033,17.54050614953903
2013,17,035,Cumberland,237.00159510957604,22.698788591951924,27.750457062179972,17.648120917346024
2013,17,183,Vermilion,129.19420537750221,22.256610252639348,27.45516461640452,17.059044156442745
2013,17,115,Macon,141.51498634332887,22.57949935422605,27.747726188964975,17.412279965974903
2013,17,049,Effingham,217.99174944787345,22.79813678427356,27.893448038920006,17.703823557465178
2013,17,067,Hancock,89.09492409401022,22.99431816705169,28.21303852152167,17.776590369025346
2013,17,095,Knox,99.21541191032115,21.77535113556279,27.385759384797037,16.16595104101697
2013,17,109,McDonough,113.7781869285044,22.674457337949143,28.186321482080498,17.163585704654203
2013,17,081,Jefferson,195.19727702005065,23.173786322348068,28.167385596584758,18.181174949393256
2013,17,113,McLean,111.39091915869025,22.105113217374583,27.607650198378003,16.603571654023014
2013,17,039,De Witt,147.21003904532785,22.25697900032206,27.643539160634045,16.871392277491957
2013,17,105,Livingston,87.04186526558169,21.942559648032223,27.52098242794117,16.365147145749486
2013,17,003,Alexander,118.62607049211991,24.656344925175393,29.774122017395833,19.53953712266691
2013,17,093,Kendall,196.0425570514921,21.163082788428706,26.510396032833558,15.816756841994183
2013,17,031,Cook,147.7297848078126,20.91510661818446,25.541809996037806,16.289403606585985
2013,17,037,DeKalb,206.211905126223,20.798977562314835,26.12330924454152,15.475618913700202
2013,17,089,Kane,146.80877529459676,20.739032091388864,26.13564286494836,15.343437457075634
2013,17,063,Grundy,140.5013263282483,21.571189772532566,27.05390552595973,16.08945896288977
2013,17,111,McHenry,218.51838002400748,20.090638824484323,25.74002607055686,14.442240276917804
2013,17,197,Will,126.5569888963589,21.22190367326356,26.375955806897217,16.068840247812638
2013,17,043,DuPage,132.87231782395364,20.951210842250525,26.360450642055696,15.542950930624887
2013,17,097,Lake,162.0386802237786,19.648657507775233,24.44172051649565,14.856569029439479
2013,17,091,Kankakee,112.47001086218611,21.32173656711675,26.606099840827177,16.038356767480366
2013,17,011,Bureau,123.25462529653122,21.314913224240534,26.993544125030667,15.637278511126006
2013,17,155,Putnam,95.20750508872959,21.666559045308766,27.403733557467696,15.930382717949081
2013,17,099,LaSalle,152.17812972422215,21.529252212503916,27.210891206957488,15.848605455688265
2013,17,131,Mercer,73.9903808395804,22.082125527596823,27.710821135516532,16.454426255742625
2013,17,161,Rock Island,123.65021751206923,21.91159917671373,27.243243295657095,16.580959531350253
2013,17,073,Henry,128.21565503536127,21.522058942233997,27.045427718417454,15.999694628284477
2013,17,103,Lee,181.35488100353177,20.852595516085398,26.403759424024965,15.302429989631115
2013,17,195,Whiteside,143.2723679579874,21.008109723317407,26.587991018404185,15.429206176026021
2013,19,149,Plymouth,97.49267002368111,21.570164320723205,27.21747365630602,15.923839151733269
2013,19,193,Woodbury,84.03153020777361,21.622471681712305,27.28081908105706,15.965121133407898
2013,19,027,Carroll,159.55902652261346,21.38644365225999,26.725480329683776,16.04838714944379
2013,19,061,Dubuque,194.6573574460334,20.572075251764712,25.876012603872525,15.269129888218963
2013,19,101,Jefferson,103.51762692959575,22.031925915055826,27.371648441487373,16.693201820118816
2013,19,187,Webster,118.38797236152995,21.44659076805129,26.819134435871508,16.075054931010065
2013,19,111,Lee,95.50808996611984,23.027982149898634,28.099346762625267,17.957615951996477
2013,19,127,Marshall,129.3271935597026,21.297079088750476,26.674822990611062,15.920347597202095
2013,19,195,Worth,297.72462828284716,20.70514990557525,25.896906557987634,15.51438227757172
2013,19,033,Cerro Gordo,198.74521682174785,20.794967957184305,26.19535294484528,15.395576021360862
2013,19,051,Davis,76.85853935247322,22.091521958090286,27.461149241230782,16.722904870548053
2013,19,179,Wapello,82.3408691358454,21.96034518493752,27.224289765165913,16.69739115588346
2013,19,041,Clay,125.0467355220412,21.46474164555817,27.048193225832335,15.88228323139045
2013,19,059,Dickinson,123.12191937038335,21.55125207027642,27.227087642011455,15.87641693436498
2013,19,021,Buena Vista,100.21089300683441,21.398130456575814,26.774129865724774,16.023143069714394
2013,19,013,Black Hawk,142.7955943174748,21.2773758040979,26.531454375754244,16.024279639618378
2013,19,075,Grundy,141.06391548088692,21.190060489902553,26.54353674147679,15.83756186111093
2013,19,017,Bremer,174.5377225815279,20.975794128334115,26.24859822617356,15.70398082973655
2013,19,085,Harrison,108.94523027981258,21.96860304901106,27.617287710378463,16.32089036465431
2013,19,129,Mills,139.71746977938454,22.37307774456392,27.99305373143241,16.7540967473278
2013,19,155,Pottawattamie,142.94455828192199,22.003038190931747,27.47776848691569,16.529296067008346
2013,19,123,Mahaska,106.77985097545877,21.674021618190253,27.01148981765982,16.33755843511606
2013,19,125,Marion,112.89124755728933,21.97642733467679,27.114963330746303,16.838902965611595
2013,19,053,Decatur,117.12257397293067,21.67998848029541,26.9662824340201,16.39468041609853
2013,19,031,Cedar,165.4933340621593,21.393284864028203,26.82022781226899,15.967340492198248
2013,19,151,Pocahontas,123.89833836019342,21.580550682351205,26.95406905776811,16.20802274890211
2013,19,109,Kossuth,136.6057605969996,21.34390339821612,26.660657613111134,16.02815502485646
2013,19,089,Howard,240.18233429708286,20.073498935377934,25.620239099038308,14.527774758587874
2013,19,147,Palo Alto,139.32017194456273,21.403479080409006,26.93172055941132,15.876231545771965
2013,19,159,Ringgold,110.30691364871679,21.56497154665115,26.777969368611867,16.352978385866756
2013,19,025,Calhoun,120.68068745975893,21.379585666439425,26.59659146833205,16.163577098677074
2013,19,039,Clarke,98.0366734991775,21.761174536948136,27.180293158887064,16.343034730816402
2013,19,065,Fayette,185.18219875883682,20.59548106239501,25.99369200490639,15.198268425437496
2013,19,001,Adair,112.68746773776556,21.69784849686393,27.167278815769066,16.229408212603616
2013,19,037,Chickasaw,177.98269971758268,20.652020350590885,25.973572345320783,15.331471885764902
2013,19,081,Hancock,136.98725679443766,21.077383128742657,26.44428452402597,15.711483972217536
2013,19,157,Poweshiek,116.00781663337489,21.521352285568412,26.95156998080165,16.09213001339011
2013,19,165,Shelby,152.1971312768838,21.425394818097523,26.877792865388464,15.97398745852918
2013,19,185,Wayne,121.5263139532341,21.523137208504515,26.897959860650403,16.149322603108626
2013,19,097,Jackson,150.42180528348533,20.77121014576261,26.307102705999363,15.236317172906165
2013,19,043,Clayton,258.3620925708406,20.4959350407249,25.896896180926856,15.095963301000605
2013,19,007,Appanoose,91.13551115899553,21.66989907748833,27.06890298771062,16.271900339354612
2013,19,177,Van Buren,100.48233102792615,22.177145373425216,27.60716308458449,16.748114005172727
2013,19,197,Wright,108.056652542014,21.38340384506416,26.848473251148583,15.919345331683633
2013,19,137,Montgomery,134.0909462303799,21.832241659692443,27.442231692684405,16.223240499250387
2013,19,175,Union,90.44990077291085,21.628205524427514,26.92400822854345,16.333413192403235
2013,19,107,Keokuk,78.47762273907458,21.62914706947122,27.05653897693882,16.20275397722172
2013,19,131,Mitchell,252.7448764177728,20.522853829723566,25.738424164428157,15.308256443395791
2013,19,191,Winneshiek,264.3877970947033,20.380909522976655,25.80368797685825,14.959133685648302
2013,19,161,Sac,108.7791388819305,21.192567259833346,26.439423974880135,15.946692971989052
2013,19,055,Delaware,254.18520379562085,20.366839493526797,25.90287794107667,14.831792648032211
2013,19,067,Floyd,215.61067360055236,20.96230517286491,26.131433252955464,15.794168475286366
2013,19,009,Audubon,157.5833000365199,21.296982498756957,26.778067481017853,15.816880256552121
2013,19,079,Hamilton,107.37547127132943,21.400380689677345,26.885494995930262,15.91626376396931
2013,19,069,Franklin,128.35406181266876,21.13411269675898,26.61973089133487,15.649481248091856
2013,19,141,O'Brien,111.94398517852055,21.322497050885367,26.972936574178107,15.67305442300675
2013,19,167,Sioux,111.33215513915339,21.376180326665374,27.028307683656468,15.725040968586782
2013,19,005,Allamakee,331.5379801500001,20.614923697017435,25.734888688132237,15.495958057124183
2013,19,189,Winnebago,233.74383733527753,21.088417943247045,26.283793869243404,15.894031356151213
2013,19,093,Ida,106.82663170207313,21.193036807393938,26.558800140858473,15.82825979146593
2013,19,029,Cass,146.76680154269664,21.563301167146207,27.165532542793493,15.962048718386518
2013,19,083,Hardin,122.43316441384205,21.186647825136937,26.629374465466277,15.744919872670746
2013,19,173,Taylor,129.83890735559993,21.583518066704652,26.951115582137927,16.21692752870855
2013,19,145,Page,138.1507190803323,21.80916106881268,27.379376584857166,16.239973205746118
2013,19,035,Cherokee,96.35856506275326,21.49143277984182,26.948194356605093,16.03567598332061
2013,19,071,Fremont,113.26058093752303,22.662588304821668,28.278497411864127,17.047677705635362
2013,19,095,Iowa,109.32885508882846,21.42005869168922,26.908892901595475,15.932226233073534
2013,19,023,Butler,207.84302541381848,21.27399287284186,26.548212925926837,16.000765223114435
2013,19,063,Emmet,129.49819951009547,21.271393011640697,26.594150446701246,15.949635696668159
2013,19,047,Crawford,119.58601549207647,21.188837679759267,26.47152084658015,15.90715493932712
2013,19,019,Buchanan,244.59931566620466,20.877545450445954,26.237077113599298,15.518999079240196
2013,19,143,Osceola,124.75282889256388,21.235792710757533,27.023266592685264,15.449324201338895
2013,19,073,Greene,133.36707622874667,21.623955422149784,27.13475656308733,16.114142761616222
2013,19,087,Henry,103.9111744209091,22.43766495594475,27.774968992142046,17.101313541135465
2013,19,119,Lyon,136.3142437373197,21.087918776261066,26.923205887661318,15.253617219570975
2013,19,003,Adams,121.99497564066178,21.54465780243732,26.934678372942606,16.155629906719366
2013,19,133,Monona,94.52472993912885,21.87364131779432,27.76873241520201,15.979544279685847
2013,19,091,Humboldt,121.2897926455558,21.485428665047372,26.893584287961723,16.078270110060682
2013,19,115,Louisa,89.14730604779324,22.335069704917938,27.76240901320969,16.90873018398829
2013,19,171,Tama,118.69714759923191,21.254180900294113,26.69469210982777,15.814663992066858
2013,19,135,Monroe,70.12691341492732,21.74132806662257,27.00786917188705,16.47577783208558
2013,19,117,Lucas,91.92554414688418,21.808788250090856,27.13928846743864,16.479285416925194
2013,19,057,Des Moines,72.95296015406244,22.611826555337913,27.93573592556975,17.28889182530041
2013,19,011,Benton,151.3878102227923,21.426558235982686,26.77239746190597,16.081710910775673
2013,19,113,Linn,211.20867235764692,21.152481290908256,26.567943050011536,15.738009389954502
2013,19,105,Jones,177.60534913367852,20.835068002390308,26.397344532752225,15.273782000726511
2013,19,103,Johnson,134.25501327639807,21.708838910359734,27.0288011869726,16.389870287976002
2013,19,183,Washington,86.55139403960983,22.021662856216704,27.4453982610989,16.598926389613286
2013,19,045,Clinton,143.1137297252075,21.205804659874733,26.6828827081058,15.729723741548085
2013,19,163,Scott,141.04600749810842,21.691088695076925,26.962233795026762,16.42094361729981
2013,19,139,Muscatine,128.6140219267552,22.080358698233297,27.44975626264076,16.711951415584355
2013,19,169,Story,119.7437682115151,21.44476145033136,26.86987208272797,16.020657079137226
2013,19,015,Boone,92.83019607595766,21.548912071655177,27.01607276364767,16.082767522642815
2013,19,121,Madison,93.34781378514478,21.71989015323243,27.18422356164434,16.256552740044246
2013,19,181,Warren,94.97212134835247,22.1627576694139,27.42993125753486,16.89659812906447
2013,19,049,Dallas,91.45297639268712,21.893285004427437,27.384646653150167,16.40291222737652
2013,19,153,Polk,112.02462377370101,22.181313933363636,27.44523359383544,16.9183980754006
2013,19,077,Guthrie,155.6667410441886,21.61250558291753,27.23837606190617,15.987618649899412
2013,19,099,Jasper,115.99558179922779,21.7577431778967,27.055970977236292,16.46050969918001
2013,31,043,Dakota,102.5310632749677,21.76799844656121,27.750549891059425,15.786425935294291
2013,31,051,Dixon,82.87291665593324,21.47977638159537,27.52580439662374,15.434738989186233
2013,31,053,Dodge,117.28261091345632,22.355489248192825,28.228055068178723,16.483924154007315
2013,31,025,Cass,116.762146143178,22.678447944988836,28.294502613217862,17.063388367666334
2013,31,055,Douglas,116.54011690479791,22.59702230041678,27.985561451413005,17.20946825102713
2013,31,153,Sarpy,122.7638767016525,22.651473385986858,28.167713290480794,17.136234358927908
2013,31,155,Saunders,106.65008328919265,22.391591536652157,28.44717297781124,16.337006203049285
2013,31,177,Washington,111.06441081947858,22.371426410211132,27.843863620961177,16.899982703772658
2013,31,067,Gage,70.76480217224777,23.01941336172415,29.241213408501938,16.798606718200503
2013,31,109,Lancaster,75.22325921537677,22.667390973987995,28.701771359171655,16.634002284104398
2013,31,159,Seward,89.38907078565576,22.38921379940315,28.63046436127345,16.14896715702409
2013,31,139,Pierce,93.05479459318805,21.566199841174587,27.732120269528025,15.401287246329462
2013,31,119,Madison,90.70866386189026,21.48722684225805,27.561180984782624,15.414283515063431
2013,31,167,Stanton,117.47910599340172,21.64807492815674,27.7347452715271,15.562424717555379
2013,31,117,McPherson,105.84618018206235,21.16907447341615,29.021819892947473,13.317324128055676
2013,31,111,Lincoln,76.44598295690211,21.978387318113903,30.170616753868,13.787153964227901
2013,31,113,Logan,128.43559287487125,21.146836534544278,29.122709774041923,13.171947655462905
2013,31,007,Banner,71.52326015063647,20.781810815259316,29.68137706673432,11.883249630737597
2013,31,157,Scotts Bluff,63.996151790747625,21.443693039489915,30.11179046595637,12.77660059821138
2013,31,165,Sioux,58.9829892959991,19.731534910332027,28.232530234816792,11.231529097160687
2013,31,039,Cuming,155.2481861836981,21.75778928404414,27.764273137896406,15.752301371666258
2013,31,129,Nuckolls,35.59377841813784,23.438238931398633,30.651680367143285,16.225800799699382
2013,31,101,Keith,89.97961815236842,21.94088330441373,30.08065843298032,13.802110251387674
2013,31,137,Phelps,78.39372536623704,22.69179150107721,30.17092693254986,15.213652735192392
2013,31,181,Webster,44.733133387343024,22.995524103995074,30.577584397975947,15.414457026130757
2013,31,015,Boyd,137.48380235837845,21.007983907453998,27.503033735136306,14.513921428206196
2013,31,171,Thomas,97.79324512092046,21.128642279564637,28.48734480299455,13.77093987346185
2013,31,089,Holt,90.83514441401441,21.04936954950653,27.718597478141223,14.381128786393306
2013,31,017,Brown,114.41812893427854,20.844925010754874,27.77245119258777,13.918393764993086
2013,31,103,Keya Paha,169.08983352758258,20.603396584796982,27.57542485876715,13.632342749012995
2013,31,077,Greeley,77.56564448222306,21.459729925935058,28.30058694127058,14.619893239000113
2013,31,095,Jefferson,73.99248042135176,23.00519469436621,29.638769742677187,16.372594652416172
2013,31,151,Saline,75.61482768359134,22.68559777995501,29.04097193481436,16.331217894725683
2013,31,057,Dundy,82.07895012991615,23.269821491490784,32.137941894640015,14.402678201497181
2013,31,131,Otoe,93.53090897302555,22.742640890896222,28.623998064737133,16.862280493223718
2013,31,087,Hitchcock,72.83388544249966,23.81243458747326,32.797830458678234,14.828030639556559
2013,31,105,Kimball,49.95297809678559,20.564671092325494,29.53524253054555,11.595106713393085
2013,31,127,Nemaha,117.35681473779897,22.867318684934695,28.623693514995608,17.111951759014826
2013,31,041,Custer,91.09314525401574,21.332217417192506,28.707590264233172,13.95784180352732
2013,31,143,Polk,80.47145891836335,22.188449665405113,28.489810023370556,15.888098952970013
2013,31,045,Dawes,88.97024084686285,20.342281365692116,28.10239353458018,12.583155038733535
2013,31,179,Wayne,86.13008216366954,21.427526729673918,27.547650149413407,15.308414748857224
2013,31,071,Garfield,89.64397278943201,21.15972854503565,28.063161117446622,14.25728727125582
2013,31,013,Box Butte,57.913095698883005,20.403258850209717,28.39437025547513,12.413135533313211
2013,31,173,Thurston,104.90098197818055,21.90716085018195,28.170424435212485,15.644893569937661
2013,31,011,Boone,99.43415658704238,21.398677112972855,27.80009250234111,14.99824598055031
2013,31,145,Red Willow,51.2506542757098,23.666235639511566,32.48007990533978,14.853390279322236
2013,31,149,Rock,122.94903072323788,20.658519088654888,27.44293675542604,13.875091838710427
2013,31,005,Arthur,119.85413433913577,21.151612456645594,29.051220975150784,13.25300691109476
2013,31,085,Hayes,65.33106499378698,22.719648555899017,31.265707355517957,14.174585240292258
2013,31,097,Johnson,95.38600346520202,22.613645456717453,28.654400258564497,16.573870195068743
2013,31,003,Antelope,71.2947218671216,21.267262087421066,27.447839986042485,15.087672512590816
2013,31,163,Sherman,76.43816593342079,21.76138482433189,28.89822672680593,14.625553140411979
2013,31,161,Sheridan,74.95626448133237,20.058088151039343,27.561152855254644,12.556016249274505
2013,31,133,Pawnee,68.45513016351764,22.822845771665815,28.854241955765165,16.7924527825715
2013,31,075,Grant,89.65972410964842,20.487091032995043,28.064621433444092,12.91056195176971
2013,31,021,Burt,120.19171196169603,22.16764608133567,28.11331744671109,16.222957627262577
2013,31,009,Blaine,100.53240601418753,21.087383328116093,28.378517767473905,13.797229613262479
2013,31,027,Cedar,106.39242726612348,21.41258072557166,27.450653404364452,15.375515001258906
2013,31,169,Thayer,43.72819014733772,23.571347671908182,30.497642547239284,16.64604239974638
2013,31,049,Deuel,91.8501057874828,21.753920506775085,30.314844733135143,13.193990049119108
2013,31,123,Morrill,69.14052083491242,21.293768447851434,29.81899040761881,12.769534921594193
2013,31,115,Loup,91.95977692111985,21.13811220088258,28.286579018959312,13.990642645745716
2013,31,063,Frontier,63.81701233569237,23.146938505037657,31.503422684230575,14.791455722380741
2013,31,125,Nance,101.62589059543748,21.981103280901873,28.52707567388871,15.436133404307549
2013,31,107,Knox,116.0267847041342,21.439811196111933,27.791316580461128,15.089295507186828
2013,31,135,Perkins,99.48029111336415,22.257972030611292,30.804139134433484,13.712792139170661
2013,31,037,Colfax,114.3161319423558,22.20327358648822,28.311322288437214,16.096205217558143
2013,31,023,Butler,97.5191234849172,22.255814287651507,28.45955076795911,16.053078481930676
2013,31,031,Cherry,102.64999785299455,20.297862972085504,27.47136103751545,13.125354924222748
2013,31,183,Wheeler,64.10169462263374,21.496913996237616,28.19080506205277,14.804013644460866
2013,31,061,Franklin,65.50039095235812,23.083138094040876,30.777597862450108,15.38967051103098
2013,31,029,Chase,74.98036624241331,22.503704376181602,31.01170962368854,13.996686515690845
2013,31,059,Fillmore,42.680140422826895,22.855621605450033,29.445406455438558,16.266844832009944
2013,31,185,York,72.89386020154532,22.568292662995695,29.11431475309399,16.023258972318626
2013,31,035,Clay,29.829232184878823,23.06682790462323,29.825584608807763,16.30905184980651
2013,31,033,Cheyenne,64.2114962384997,21.2219607464441,29.917440167976814,12.527468971392608
2013,31,069,Garden,95.69751218085852,21.122673274649213,29.297086335626435,12.949252327343965
2013,31,083,Harlan,49.51236072853651,23.476792875825772,31.477258821505668,15.477308335539517
2013,31,091,Hooker,123.93903552900015,20.70018784197169,27.927154640980678,13.474210124441226
2013,31,147,Richardson,112.0059796719687,22.99872505816776,28.73789428369032,17.26055380048231
2013,31,065,Furnas,46.12348962037011,23.719798746248138,32.4608141165119,14.979786097304668
2013,31,175,Valley,77.373350280935,21.484384382824004,28.357438282332648,14.612326497340218
2013,31,141,Platte,105.64130267042405,21.851883930187014,28.06860028987915,15.636144245737011
2013,31,121,Merrick,78.86889182480928,22.507884343861388,29.134060606630285,15.882693502505989
2013,31,079,Hall,54.152876203212315,22.845607698670406,29.61546020598521,16.076771697341666
2013,31,081,Hamilton,49.599077257497115,22.656416778961685,29.226437381773856,16.087402222466462
2013,31,093,Howard,75.23028947899915,22.2282446730609,29.049169770757892,15.408314354437321
2013,31,001,Adams,39.677237785835544,22.978314881427025,29.813207946082237,16.144434425041283
2013,31,099,Kearney,63.779583525042,22.854060798369655,30.180943763579503,15.528195902829626
2013,31,019,Buffalo,62.56819850052361,22.371091794289114,29.687968188839548,15.05521003723715
2013,31,073,Gosper,63.33869765344668,22.96744289117195,30.85646721527246,15.07941682779642
2013,31,047,Dawson,81.60617008487681,22.409579581339102,29.99777767579068,14.822372527072888
2013,37,037,Chatham,374.1626845801407,24.146097559586025,28.753071290304856,19.540134894863748
2013,37,115,Madison,432.1297076602353,20.597940694105194,26.2681328827552,14.928755775630787
2013,37,087,Haywood,390.706612023723,18.972973974665347,23.880591742260847,14.066347730724845
2013,37,021,Buncombe,449.85696642090215,20.76232801331158,25.97527503365508,15.550377629209663
2013,37,089,Henderson,515.7620900723281,21.18998913028032,26.137444010470546,16.24350581414433
2013,37,175,Transylvania,655.7642834843604,20.087593722058582,24.629069333361336,15.54710032619129
2013,37,167,Stanly,441.8243368574941,24.685843028002104,29.48336060307177,19.889309096828057
2013,37,109,Lincoln,355.7421419762172,24.147785026557678,29.055305957146683,19.241252757706686
2013,37,159,Rowan,290.18891729089506,24.083724957819605,28.903054268331953,19.265389774010853
2013,37,025,Cabarrus,397.4939133149085,24.5149845153754,29.46347374835257,19.567520325000473
2013,37,097,Iredell,347.59465073905983,23.74721505175774,28.64826672315151,18.847151445052045
2013,37,071,Gaston,322.22596334528816,24.57653803025907,29.368890043890993,19.78516345104315
2013,37,179,Union,341.1393785281246,25.061754244526274,29.6703527724981,20.454156854578407
2013,37,119,Mecklenburg,331.303364071567,24.831468560623957,29.44375710711458,20.2201791210374
2013,37,045,Cleveland,335.2368194783836,24.01730107451274,28.931235854336027,19.104359560978583
2013,37,005,Alleghany,485.12261162756545,19.861566606389346,24.710390516095217,15.01372707724551
2013,37,173,Swain,384.6394858627722,19.431704037074567,24.499278185169896,14.365125534493247
2013,37,011,Avery,542.7174984364514,18.66595098992102,23.22276576090028,14.110151416216382
2013,37,033,Caswell,327.80355375163833,24.074070709984458,29.00576948329617,19.14336710778433
2013,37,075,Graham,345.53494761158055,20.778902068195567,25.743714178963558,15.815050945536758
2013,37,007,Anson,420.2407478844651,25.37108720823565,30.206744667435405,20.53642635682725
2013,37,149,Polk,519.0483296675646,23.20067728286033,28.117867523935963,18.284494330405078
2013,37,039,Cherokee,375.41124179669043,21.776319704881807,26.824081109043167,16.729532525278202
2013,37,113,Macon,466.0125391140717,20.172190576898217,24.70559375663201,15.639786087126593
2013,37,009,Ashe,415.55302168802876,19.4461980127074,24.178521311898898,14.714890190226061
2013,37,123,Montgomery,431.4669311659436,24.70000751272344,29.541774198892437,19.85923493826771
2013,37,043,Clay,405.4235412545031,20.8716394295112,25.53539921699186,16.20885151363364
2013,37,121,Mitchell,409.9914109681092,19.26728880352929,24.43748455491099,14.098102273583232
2013,37,199,Yancey,408.8583936221904,18.7296064682088,23.85461788448485,13.605572751117993
2013,37,189,Watauga,517.8550586533751,19.228440022415207,23.75368164404504,14.704173399778893
2013,37,099,Jackson,503.5093704809673,19.465042702912797,23.979597653787078,14.951506103034358
2013,37,161,Rutherford,453.59780084322057,23.372834196411585,28.411251513923506,18.335393422039786
2013,37,193,Wilkes,401.2707968814419,22.576210705936784,27.650904210415092,17.502510503178055
2013,37,125,Moore,421.6282969685962,24.792660521436357,29.521959493447262,20.064357895457974
2013,37,153,Richmond,448.70830153125326,25.345620126294733,30.119559144240892,20.572690954628445
2013,37,093,Hoke,467.4608914754393,25.213226893668004,29.973850230193175,20.453568740138312
2013,37,165,Scotland,435.3561367639168,25.425723763489977,30.184611319196648,20.667822689511752
2013,37,155,Robeson,437.50326281368564,25.337839195059107,29.987141107841843,20.689540563766002
2013,37,001,Alamance,349.5114494056815,24.141390126479944,28.79538966191622,19.488384612816308
2013,37,151,Randolph,364.4016265541121,24.138037771168758,28.645769866265706,19.631293894264687
2013,37,081,Guilford,278.53769154051184,24.07069098164526,28.525380290940223,19.616991882174606
2013,37,157,Rockingham,294.4539972642749,23.8014348300352,28.673338691905396,18.9305447883606
2013,37,171,Surry,403.44335462974584,22.877087974513827,27.936840618638072,17.818340235979836
2013,37,057,Davidson,296.9688272705359,24.15688475028329,28.854584066476605,19.460187216461563
2013,37,169,Stokes,305.3104317799276,23.316101111186665,28.15622107920751,18.476966624295777
2013,37,067,Forsyth,257.1481053255142,23.886218271070888,28.400604896287224,19.372798400525763
2013,37,197,Yadkin,367.86266084928536,23.396202127315654,28.331552186076507,18.46185539711335
2013,37,059,Davie,278.75116790085104,23.865458287941742,28.755087117976316,18.976829782196255
2013,37,027,Caldwell,501.96899131789326,22.817406598680677,27.719521266013206,17.916276548789885
2013,37,003,Alexander,437.18365447106424,23.45600346166654,28.186013254767797,18.727000849709075
2013,37,035,Catawba,366.2722585033747,23.975932223457853,28.766861211309568,19.186007040488278
2013,37,023,Burke,466.0101709788132,22.783464232120025,27.814983900640282,17.752954970667286
2013,37,111,McDowell,490.14068209985174,21.75689703488718,27.063574672892642,16.451243985409754
2013,37,029,Camden,267.5581966331643,24.902522581169407,29.192970639631334,20.613079087357228
2013,37,139,Pasquotank,256.41120183451665,25.075655683289078,29.245239485150442,20.907062457311422
2013,37,143,Perquimans,254.76076013798757,25.15599696173512,29.519288748902454,20.793714882372388
2013,37,177,Tyrrell,275.0351983662424,25.163565436488664,29.003910361152293,21.324199280697318
2013,37,055,Dare,224.9338712272492,25.171917051834114,27.708107665083197,22.636726433760458
2013,37,073,Gates,248.47227508652537,24.83185288389049,30.328764671527935,19.335919540289236
2013,37,053,Currituck,271.1127979693625,24.85241524717274,28.21270059800181,21.49312838024712
2013,37,019,Brunswick,402.91522937398764,25.53774636517862,29.467142379102942,21.60935081259208
2013,37,031,Carteret,253.13395746015917,25.638673192899446,28.352078021040704,22.926247652114405
2013,37,137,Pamlico,290.64157314597867,25.639025193130504,29.28736468416093,21.991681405532496
2013,37,049,Craven,310.5092726092434,25.5886218252642,29.979618059577774,21.198630102000706
2013,37,103,Jones,335.8805162332557,25.213988443247235,29.900794031069363,20.52821115549417
2013,37,085,Harnett,513.6085201992579,24.897410356195742,29.52646530156621,20.269341395085743
2013,37,063,Durham,367.60271541590015,24.19918905737021,28.807903015187808,19.59146193771803
2013,37,145,Person,292.47121452663356,23.893651365867864,28.617014233277374,19.17127594541606
2013,37,135,Orange,353.14788036453336,24.073446173832597,28.743900695612,19.40400160955288
2013,37,181,Vance,347.73386624687566,24.372798054847348,29.297123053623547,19.449460584410627
2013,37,077,Granville,334.60702820141574,24.219216239350562,28.898873002506015,19.540558884847457
2013,37,069,Franklin,366.60926988845296,24.510589606094392,29.41766168029259,19.604526910233655
2013,37,101,Johnston,455.66143546273173,24.66066185724589,29.283040368154623,20.03926199567822
2013,37,183,Wake,362.58341123608136,24.36205822930633,28.99595441156212,19.729152895070737
2013,37,105,Lee,421.71386249658116,24.561425143164673,29.2954035316091,19.828452655765535
2013,37,131,Northampton,358.6852499818879,24.613217390606405,29.572331567891943,19.65511320492997
2013,37,083,Halifax,347.5160988878107,24.798757795765145,29.685396873002137,19.913097302299292
2013,37,127,Nash,403.686308970593,24.876049290526645,29.679493311398865,20.07360971351831
2013,37,065,Edgecombe,388.3829040902375,25.070916584696786,29.826904422738778,20.31592299246209
2013,37,195,Wilson,417.7632250801362,25.08386506938784,29.78460533220515,20.384102974279834
2013,37,163,Sampson,428.8273524381824,25.104825281984724,29.692561765423346,20.518068086558948
2013,37,185,Warren,367.15768077370524,24.74870922410425,29.638795726957127,19.859604743243516
2013,37,187,Washington,307.66527509660193,25.621838125269477,29.939829272059363,21.304848973029856
2013,37,061,Duplin,468.4103963590396,24.956862382515684,29.748078415779432,20.166625416198464
2013,37,091,Hertford,276.7700484444808,24.608464569964685,29.609523576749964,19.608393939534853
2013,37,017,Bladen,474.88952965173826,25.255699090501906,29.96401317045802,20.548382619980607
2013,37,095,Hyde,231.3023800203123,25.649607840156037,28.91878638290906,22.381421367530923
2013,37,015,Bertie,331.4784595475243,25.248469765164725,30.214591326998843,20.283343451162345
2013,37,079,Greene,400.09977546069916,25.344354828632326,30.03512241171721,20.654577234015637
2013,37,041,Chowan,288.73008639191767,25.299544366713878,29.749902614833736,20.85019768653251
2013,37,117,Martin,402.58771259569187,25.353040125403314,30.056293397651448,20.650788449329404
2013,37,047,Columbus,498.96941447428253,25.223780577157882,29.730280377300208,20.718263995937562
2013,37,191,Wayne,443.18467463013553,25.002102899718075,29.592934507067806,20.412257644905463
2013,37,133,Onslow,348.2641632532129,25.22630229384314,29.22247111743702,21.23113028941868
2013,37,107,Lenoir,378.8917496768912,25.183434066498297,29.924008178654596,20.44383965466239
2013,37,129,New Hanover,414.5908982648375,25.648782418422115,29.30153971282588,21.99703657087984
2013,37,141,Pender,476.0179503207456,25.38069658622,29.926790686236444,20.835580359764112
2013,37,051,Cumberland,448.2370913730443,25.35953405769185,29.890391138090703,20.829660539092014
2013,37,147,Pitt,358.94516551616425,25.472513868672745,30.115937874817877,20.830078005955183
2013,37,013,Beaufort,294.3238828367872,25.85377385443241,30.30343288068945,21.4051034312238
2014,17,121,Marion,160.83496128989586,23.72400610279954,29.102214218195005,18.34679120266148
2014,17,005,Bond,167.55666948338364,23.505157016608184,28.852228824595425,18.159083541539594
2014,17,083,Jersey,235.6994359513587,23.37593098085914,28.53225081053668,18.220598588419833
2014,17,163,St. Clair,149.37992778184702,24.116270862805305,29.27943971573242,18.954100385762146
2014,17,027,Clinton,174.30697997733543,23.664287655360557,28.822883509747673,18.50668319209084
2014,17,013,Calhoun,200.67298299692,23.41758870286339,28.734356344744256,18.101843824644753
2014,17,119,Madison,163.58210446393358,23.772071337525404,28.7937819663053,18.75134499945839
2014,17,133,Monroe,180.39701068928295,24.14518972752779,29.500709769096932,18.790665830595536
2014,17,117,Macoupin,197.52609377738213,22.974858679813003,28.09918973227984,17.85151188050786
2014,17,171,Scott,246.8483282609005,22.81000793051146,28.30315808277913,17.317846485883273
2014,17,137,Morgan,234.82694803365686,22.87431507556948,28.323350383029418,17.42628713700799
2014,17,107,Logan,234.7125160102483,22.888353118527213,28.290025045074582,17.487666765193474
2014,17,129,Menard,218.06821314439594,22.83127227266444,28.198180943029417,17.465374597905836
2014,17,167,Sangamon,189.36163249296345,22.89500109279162,28.16803582046967,17.62295731058012
2014,17,021,Christian,182.53758408207213,22.75524630502425,28.04735864920313,17.464141816223474
2014,17,127,Massac,157.10602479337956,24.365245327571575,29.192184365864502,19.539319536852414
2014,17,057,Fulton,279.9455117866858,22.448695424527823,28.062335857513563,16.836069919475122
2014,17,175,Stark,283.1020174495028,21.419449946643997,27.088174899931474,15.751697090259949
2014,17,203,Woodford,253.07565261001426,22.074421241404416,27.70213586740789,16.447711633609103
2014,17,179,Tazewell,248.26776159996632,22.544605736155564,27.970577813711223,17.119634570256377
2014,17,123,Marshall,264.5435704929678,21.81968880703344,27.394352878699973,16.2460340437811
2014,17,143,Peoria,293.51009882483913,22.1087331268426,27.606494326222894,16.611973634032054
2014,17,001,Adams,244.46662125095517,22.760273639853978,27.7473093055119,17.774248563666003
2014,17,177,Stephenson,284.6319561306832,20.337732885480385,25.863785057948334,14.812682618173035
2014,17,141,Ogle,303.44423837124054,20.672799050126706,26.23424022304592,15.112350069541856
2014,17,201,Winnebago,310.81158231290726,20.680461813657235,26.051139951002906,15.310792811041571
2014,17,007,Boone,294.8951536246764,20.557250073974636,26.063130543981444,15.052372272915896
2014,17,025,Clay,134.39393923781134,23.726116197251045,29.329003057976756,18.124219024393195
2014,17,185,Wabash,174.55810338859416,24.165870590973224,29.57280251795971,18.759911991388122
2014,17,009,Brown,230.32593942995305,22.45799844748953,27.917609673388355,16.99938154950991
2014,17,151,Pope,159.41310329113637,23.584455666798597,28.732053699617005,18.437855049877317
2014,17,033,Crawford,170.95311289003183,23.804276420472586,29.409933035117383,18.199619006053915
2014,17,135,Montgomery,153.13232064562627,23.056337706002633,28.442610123254255,17.671048263855834
2014,17,055,Franklin,183.45914724648986,24.00105013986177,28.950689972385074,19.052405156030062
2014,17,023,Clark,212.13824949873904,23.427718034374006,29.051412596708605,17.805033900569317
2014,17,059,Gallatin,146.75218211656062,23.962783447639566,28.95697730553081,18.969575291955643
2014,17,075,Iroquois,300.4212133465141,21.859974971671804,27.410152187496504,16.310790701124528
2014,17,041,Douglas,256.3373061084736,22.692891175054893,27.79944402894795,17.587325069121658
2014,17,189,Washington,183.06520403947826,23.75304907731679,28.869084545034056,18.638021325888516
2014,17,159,Richland,173.5001880627832,23.51716745145216,28.801345477392292,18.23398077560654
2014,17,065,Hamilton,183.15748514446224,23.82426819949325,28.914048558427666,18.735499328489002
2014,17,193,White,178.9452233727036,24.188120303221584,29.34824642395941,19.028988058002714
2014,17,169,Schuyler,226.5883353228961,22.29522382857919,27.837470825773273,16.75396173468942
2014,17,181,Union,189.830989649982,24.298763521482385,29.279396001328582,19.319127411518075
2014,17,085,Jo Daviess,341.9531365703082,20.643486686760802,26.15363947657056,15.134336419369092
2014,17,125,Mason,255.650245527964,22.866116626999606,28.47027431212436,17.26296795410079
2014,17,191,Wayne,155.16513609449743,23.832999752150283,29.209544841621415,18.45744390696214
2014,17,069,Hardin,153.21461842843547,23.379795297538685,28.56106120484242,18.199535582653045
2014,17,061,Greene,224.48110744738008,22.99719629728861,28.327913018442363,17.66748015225072
2014,17,157,Randolph,189.71231924882062,24.036394913605264,29.448677137716935,18.6251052836087
2014,17,149,Pike,224.88803461936422,22.887609692783222,28.131439228499364,17.6447872466299
2014,17,145,Perry,253.2470006252494,23.88365384316951,28.900964130969754,18.867325975702162
2014,17,087,Johnson,180.3898411749957,24.037992205313245,29.0282483512351,19.04874189790441
2014,17,173,Shelby,207.22684189923504,23.01574340008247,28.496021965997656,17.53646796762712
2014,17,051,Fayette,163.10601185016526,23.37587969213739,28.865151591662382,17.887614414228093
2014,17,139,Moultrie,272.8987181022572,22.812079545017472,28.010337422583685,17.61480118479099
2014,17,017,Cass,243.43469218373656,22.74126604061687,28.413187876898487,17.070336223276062
2014,17,015,Carroll,318.832114838885,20.86616870155743,26.763838309715936,14.969515446937464
2014,17,047,Edwards,180.22371021768797,24.086595832265832,29.456184303862077,18.71802674152173
2014,17,079,Jasper,169.6440540033295,23.370213813712663,28.750155996954295,17.99126341448526
2014,17,187,Warren,267.06540165618,21.85178945869105,27.34983368449901,16.354727337480703
2014,17,153,Pulaski,223.11144012945138,24.95788166177459,29.625992602837684,20.290745364980314
2014,17,165,Saline,170.51693745195493,23.713995752355693,28.69154834245998,18.737414012544438
2014,17,101,Lawrence,194.21196852933284,24.076462246393067,29.391540149798583,18.76239167287074
2014,17,045,Edgar,245.0178563446252,22.601806422876585,27.810941933389774,17.39367325829241
2014,17,071,Henderson,270.648812841348,22.228194429676417,27.329802031415,17.12757881821461
2014,17,199,Williamson,172.1144081909262,23.891002466155406,28.877974376332386,18.90500649406827
2014,17,077,Jackson,207.38722099550031,24.08578598908067,29.09750429694351,19.075065077940824
2014,17,147,Piatt,342.2150988813148,22.611852054936904,27.77351260741802,17.45117619744109
2014,17,053,Ford,304.55561977100825,21.97172063891313,27.349942394404973,16.594489311655902
2014,17,019,Champaign,330.2116647358379,22.56926252727531,27.768329599878488,17.37120383292951
2014,17,029,Coles,244.99237561812893,22.793996684114344,27.887825860064687,17.701153870206088
2014,17,035,Cumberland,189.50500884081274,23.161305423427272,28.631452638471444,17.692160342654663
2014,17,183,Vermilion,294.08698871515924,22.302716396317308,27.508550541462764,17.097876489400832
2014,17,115,Macon,269.0605420569446,22.82563890712364,28.012724950948794,17.63954713227407
2014,17,049,Effingham,149.97465472759163,23.304163382157363,28.834098011720393,17.775226471108414
2014,17,067,Hancock,265.8547911510411,22.593315859925553,27.751429680390892,17.43619723080185
2014,17,095,Knox,259.1989990199019,21.67277683803732,27.13974240000325,16.206815294647157
2014,17,109,McDonough,252.8336798648494,22.158535090145897,27.651034822634642,16.667018344556208
2014,17,081,Jefferson,190.58181828896016,23.58186908169357,28.727672587373345,18.437042666116525
2014,17,113,McLean,298.2126500960253,22.164581381378923,27.654262811369005,16.675907463795784
2014,17,039,De Witt,300.77508168455034,22.50458825489848,27.857453456985585,17.15272270775658
2014,17,105,Livingston,275.9524025931689,22.122799373999175,27.690680690365795,16.555924653351607
2014,17,003,Alexander,194.35348605351723,24.980461367486885,29.74246093065386,20.219483065196616
2014,17,093,Kendall,290.39948248361543,21.403960275733116,26.781539462483735,16.027377385180156
2014,17,031,Cook,285.39507752043335,21.15138157509639,26.132476613512047,16.17125317613049
2014,17,037,DeKalb,282.0701284701151,20.893148295287187,26.228649376059618,15.558634283491365
2014,17,089,Kane,292.2334259575784,21.060042988528025,26.48085418363528,15.640219421048286
2014,17,063,Grundy,281.15824567213775,21.78714221291852,27.327485242264657,16.247801942377944
2014,17,111,McHenry,264.3632131215763,20.325979578005512,25.94269290506172,14.710268199211798
2014,17,197,Will,324.17983999918,21.48451208351215,26.905769652159133,16.064242785286428
2014,17,043,DuPage,284.5883566030337,21.364471977338503,26.895418980212,15.834558534378576
2014,17,097,Lake,235.19481057163185,19.71174397680425,24.725235061418477,14.699242941074218
2014,17,091,Kankakee,312.656375827938,21.6583112088888,27.24665097508929,16.070965599445913
2014,17,011,Bureau,289.61534465789833,21.34237422248018,26.844886910344396,15.840865193501653
2014,17,155,Putnam,261.43712026249307,21.757550060698918,27.34883976824851,16.16723479274143
2014,17,099,LaSalle,246.62730921688654,21.714059357321325,27.2067407558894,16.222367451476206
2014,17,131,Mercer,247.57555407177506,21.89113506313712,27.26196348373405,16.52130982622474
2014,17,161,Rock Island,294.8080975089116,21.88740511961021,27.12342102961671,16.6523775965488
2014,17,073,Henry,297.4153781257862,21.52321304792221,26.922316673270753,16.12511877095413
2014,17,103,Lee,320.3649907742346,21.013233634221148,26.542609975665467,15.484851206540649
2014,17,195,Whiteside,290.4989829357003,21.308859652091417,26.76851313296358,15.85020565013005
2014,19,149,Plymouth,364.41250046766135,20.717387313733663,26.611553277334064,14.82421754406039
2014,19,193,Woodbury,495.5533136599267,20.83479870661588,26.762033135552574,14.908572902400632
2014,19,027,Carroll,274.7520953226005,20.634072997285394,26.137872686063748,15.131254806714537
2014,19,061,Dubuque,324.0947152540762,20.568209910828017,25.756511365182504,15.380915680583824
2014,19,101,Jefferson,251.49248716038915,21.830375556955367,27.17898107789946,16.482750612864898
2014,19,187,Webster,257.36122544686646,20.45291735604777,25.89227664563823,15.0145561060956
2014,19,111,Lee,261.63722856245755,22.62887596583571,27.670063683739507,17.588710845131192
2014,19,127,Marshall,323.9550930640777,20.782873366018627,26.080897119711327,15.485834996246215
2014,19,195,Worth,239.4653432284141,20.014051392688636,25.19025376312863,14.83883533077148
2014,19,033,Cerro Gordo,259.24343505128724,20.08830098642805,25.46679409670918,14.710816993993967
2014,19,051,Davis,297.13917034102116,22.085810050191483,27.35702667484753,16.81558406390951
2014,19,179,Wapello,285.81188964881767,21.888648254541565,27.080352607711877,16.697949080469037
2014,19,041,Clay,360.5772610473889,20.330094814771545,25.869315320848756,14.791886438218318
2014,19,059,Dickinson,251.84982246360477,20.235499927300243,25.634733631012626,14.837260060538517
2014,19,021,Buena Vista,365.94533643358784,20.28579656249383,25.818547993720465,14.75404551361881
2014,19,013,Black Hawk,309.80192159661664,20.795863636706187,26.18158711632912,15.411145198670294
2014,19,075,Grundy,377.1359984926117,20.63881968488596,25.987886912928886,15.290748168774632
2014,19,017,Bremer,295.98258579865404,20.519385290115043,25.93289793073419,15.106859740338361
2014,19,085,Harrison,351.6403085865476,21.42979063565468,27.28145030627653,15.579126767060227
2014,19,129,Mills,247.36427870269364,22.13841133610643,27.895883515672182,16.38194329721543
2014,19,155,Pottawattamie,313.33897375206897,21.757448246617844,27.411461145982283,16.104442290728038
2014,19,123,Mahaska,343.2223410977349,21.585444769676098,26.957438604655703,16.214445884596586
2014,19,125,Marion,290.6872994114185,21.77703370260369,26.963500387934207,16.59153697225105
2014,19,053,Decatur,340.6598284005979,21.55762682667752,26.934367033096063,16.181878429496937
2014,19,031,Cedar,365.06744610843566,21.32623332737585,26.621044160528886,16.032404202686998
2014,19,151,Pocahontas,346.0835070563987,20.33219738975278,25.772787222590168,14.892614710407187
2014,19,109,Kossuth,292.89651176786646,20.36822396342833,25.563643414555962,15.173794351797095
2014,19,089,Howard,288.66907196311985,19.761489198785693,25.34732009273892,14.176645543708098
2014,19,147,Palo Alto,396.56905355973294,20.323038073373873,25.621820400116537,15.025241395495186
2014,19,159,Ringgold,294.70645990883065,21.482067505624286,26.77231340940041,16.192813019813478
2014,19,025,Calhoun,277.5017201814362,20.38915903565883,25.826588103567264,14.952723794188604
2014,19,039,Clarke,218.156231452406,21.656261129885927,27.099615030624427,16.21390213619884
2014,19,065,Fayette,298.1549399801612,20.380648776579235,25.994436345008246,14.767857819958714
2014,19,001,Adair,304.53785438330766,21.403529452258038,26.928911607437062,15.879170120742046
2014,19,037,Chickasaw,324.9501512728915,20.149882694527204,25.552414887013484,14.748367818548907
2014,19,081,Hancock,264.4261830065239,20.150600838552652,25.489895637419828,14.812307418745743
2014,19,157,Poweshiek,387.2293780803929,21.352302340441096,26.82680262271732,15.878783074778289
2014,19,165,Shelby,325.529748255392,20.890972238790603,26.46866451790744,15.314280813322661
2014,19,185,Wayne,303.8656065553196,21.399140217856953,26.825606466897863,15.973661530432954
2014,19,097,Jackson,356.4753028456646,20.923395991584627,26.257868702492303,15.589891643079445
2014,19,043,Clayton,258.01227895052244,20.50434219006389,25.96853832084199,15.041151452793395
2014,19,007,Appanoose,267.79162407790903,21.685194543815296,27.0078291786412,16.363545199876192
2014,19,177,Van Buren,239.53880881881494,22.024014662426055,27.452986974838932,16.5960394686762
2014,19,197,Wright,321.07655450587487,20.401419730820606,25.901261223771353,14.902580097465854
2014,19,137,Montgomery,326.25163022238667,21.72855438570086,27.450244975350763,16.00787707737514
2014,19,175,Union,249.58756848225093,21.4336107172505,26.796699530569008,16.07149731567482
2014,19,107,Keokuk,309.84616162402307,21.537634110988545,26.985743759389017,16.09051549979515
2014,19,131,Mitchell,268.90649069435807,19.9355692151623,25.13524959036781,14.736901977765303
2014,19,191,Winneshiek,298.8053203681905,20.16588424352161,25.73289986343235,14.59985145659762
2014,19,161,Sac,325.0930266183976,20.191550138231705,25.75033170589009,14.633766415180569
2014,19,055,Delaware,274.50303180119823,20.30163548613425,25.934303864122054,14.669954524268608
2014,19,067,Floyd,296.55820728342724,20.33653026667939,25.61216598311705,15.06190289456874
2014,19,009,Audubon,300.9673451243519,20.98064443758482,26.610015151255666,15.35227461959419
2014,19,079,Hamilton,290.9424507007635,20.48826062703226,25.988843996678813,14.988692399404012
2014,19,069,Franklin,357.2446462353986,20.424486346080986,25.853484076033407,14.996488954053412
2014,19,141,O'Brien,356.0399876502902,20.2728315380228,25.97101953834224,14.57562693133433
2014,19,167,Sioux,356.4793540099661,20.62492177654078,26.59287459718213,14.65797991402911
2014,19,005,Allamakee,289.45840671495034,20.739798113437185,25.92882461786212,15.551772410962498
2014,19,189,Winnebago,229.5266633224969,20.144064055144643,25.322863632361518,14.966213117452181
2014,19,093,Ida,382.5909697347533,20.326913229466264,26.021351300819983,14.633488943446329
2014,19,029,Cass,281.6460588080862,21.31153899344535,27.012312112325365,15.61177135230317
2014,19,083,Hardin,358.1764643278919,20.524280284280504,25.94898256304854,15.100587759270853
2014,19,173,Taylor,325.7277249388067,21.464692343936544,26.907567824450975,16.022808865813424
2014,19,145,Page,293.1081808410851,21.880050788325807,27.55233966848381,16.20875848313637
2014,19,035,Cherokee,379.2676540517585,20.350751585018617,26.067532893491453,14.634958734887377
2014,19,071,Fremont,284.51803992529113,22.315957221831177,28.259194675178563,16.373707152621762
2014,19,095,Iowa,388.7049894105906,21.411832472715073,26.8409854584146,15.983685195009253
2014,19,023,Butler,330.3034438741534,20.611413432616192,26.02527887387569,15.19853869534325
2014,19,063,Emmet,241.7360890153607,20.14721006021315,25.324944802604115,14.97047346423054
2014,19,047,Crawford,346.24241457276406,20.507409213890412,26.00608533501938,15.00971975867165
2014,19,019,Buchanan,264.98134292294964,20.54839006208406,26.14174336415681,14.95603045770425
2014,19,143,Osceola,337.7343066976955,20.080191116584242,25.800061738718735,14.361308661669193
2014,19,073,Greene,283.00658060141984,20.68471724249806,26.242737520715185,15.127712663428037
2014,19,087,Henry,249.31915809689173,22.03548119171735,27.452032493717855,16.619955316461983
2014,19,119,Lyon,359.38602480342996,20.376422757726218,26.33846230815927,14.415384091810983
2014,19,003,Adams,314.61254091509176,21.366407648502193,26.84577516969781,15.888060711214894
2014,19,133,Monona,398.4801336152808,21.220507340268878,27.33261350743392,15.10938570020724
2014,19,091,Humboldt,315.5587795288733,20.498328252514593,25.89816420564622,15.099503610902968
2014,19,115,Louisa,258.3871963994515,22.093105332537025,27.40550560606571,16.781702114403437
2014,19,171,Tama,318.30833011986715,20.893558153443337,26.349217851840258,15.438896580072049
2014,19,135,Monroe,248.87312811270053,21.648577938295702,26.952995152578758,16.345174362981744
2014,19,117,Lucas,221.279325229909,21.406301446618244,27.00580722538317,15.8077775170741
2014,19,057,Des Moines,258.629344987037,22.194954321321845,27.3218415741054,17.069095383070863
2014,19,011,Benton,314.9193297110899,21.14387476437392,26.505422345183387,15.783339417210998
2014,19,113,Linn,333.8575489508352,20.964264569890716,26.341621457461272,15.587894869698928
2014,19,105,Jones,382.3333817546989,20.796783940574002,26.170078362753227,15.424475621925769
2014,19,103,Johnson,362.6082971654696,21.522479256887387,26.78804169046383,16.257907666473205
2014,19,183,Washington,297.45691021220017,21.77323489805179,27.231164427362792,16.31631058299369
2014,19,045,Clinton,316.4662070926526,21.377310189691606,26.661850001871734,16.093763626712583
2014,19,163,Scott,292.35666627635686,21.70543441601339,26.85034894911889,16.56149889577445
2014,19,139,Muscatine,322.7325125042683,21.90772811149667,27.22486812068757,16.591579031197693
2014,19,169,Story,335.0954434923476,20.679821589565172,26.024769665127295,15.335870654408229
2014,19,015,Boone,287.0272973346597,20.724227110001017,26.160457934532342,15.288986314236654
2014,19,121,Madison,236.0162170874028,21.499815178627685,26.925527318689223,16.075099935557866
2014,19,181,Warren,232.18788292942054,21.77063801833824,27.034339813728685,16.507936460792095
2014,19,049,Dallas,314.515297456824,21.233139480882084,26.727326075158086,15.73993631817341
2014,19,153,Polk,296.3773770009187,21.59772244700595,26.826611034748005,16.3698042337563
2014,19,077,Guthrie,295.6621501160823,21.050031321721413,26.7681943744657,15.33287906530497
2014,19,099,Jasper,296.1826686830636,21.30619859762387,26.614308475006204,15.999078629812383
2014,31,043,Dakota,481.23178486777147,21.122622207576313,27.234784135336405,15.011450496769484
2014,31,051,Dixon,479.76460061114176,20.800923287766572,26.96991463375496,14.632910885840289
2014,31,053,Dodge,344.9442318926934,21.77880654956984,27.829621654242587,15.729015396239367
2014,31,025,Cass,199.77762014730286,22.310019773609948,28.115616714947077,16.505407193474312
2014,31,055,Douglas,310.40539572910654,22.248718306703392,27.812287485313252,16.686152027054064
2014,31,153,Sarpy,265.53169972200266,22.29153549504056,28.001715407750293,16.582356297524168
2014,31,155,Saunders,274.11854543242663,21.86694393138806,28.110163048742013,15.624727376973985
2014,31,177,Washington,305.36228442573344,21.98329571360837,27.654231021134052,16.313353222514042
2014,31,067,Gage,251.42177645967328,22.298735060172202,28.400496886048025,16.197957229466464
2014,31,109,Lancaster,216.0905286956957,22.37231489286517,28.43717837708376,16.308449606354312
2014,31,159,Seward,199.5236999994447,21.92290735788533,28.05297506931042,15.793831360775146
2014,31,139,Pierce,305.1985730592493,20.835076415664147,27.147429980632364,14.523714075311755
2014,31,119,Madison,303.5992562415413,20.722518789377812,26.718941999282038,14.727105415675554
2014,31,167,Stanton,288.7667811546893,20.957997600033824,27.04926284275814,14.86774989462408
2014,31,117,McPherson,235.55650293455156,20.012810229392713,27.302056751672406,12.724558224462434
2014,31,111,Lincoln,229.25968102103482,20.547358707186497,27.778198813171816,13.317516353029133
2014,31,113,Logan,238.46006397827335,20.192480796379996,27.444310378592178,12.94165348486459
2014,31,007,Banner,85.39746206221885,18.564123340772166,27.193523984797267,9.935736675730045
2014,31,157,Scotts Bluff,84.56653520858019,19.36690727552196,27.83219420882654,10.902623181000806
2014,31,165,Sioux,91.37846777401589,17.723902757487288,26.054554299713583,9.394248850700455
2014,31,039,Cuming,330.5289837493114,21.082011880746922,27.181709244025196,14.983329814047876
2014,31,129,Nuckolls,229.2771333325731,22.530480606919383,29.018510824144137,16.043436567027957
2014,31,101,Keith,212.13269335040633,20.601187127453628,27.995755662361457,13.207602014393125
2014,31,137,Phelps,225.12873080899246,21.26979489611654,27.786814683958827,14.753767518056184
2014,31,181,Webster,241.8114441342014,22.227248737769326,28.911780741919213,15.543712198481083
2014,31,015,Boyd,187.72924416187388,20.088773118823834,26.874701581072244,13.30385855751705
2014,31,171,Thomas,208.6528580606825,20.09932889010359,27.136892901733425,13.062744233787294
2014,31,089,Holt,240.47646988459866,20.09623409902415,26.696046053529198,13.497420329566289
2014,31,017,Brown,218.054590367881,19.72096571026091,26.344410874947023,13.098509449003009
2014,31,103,Keya Paha,221.81598070673004,19.630791370806584,26.205501069199485,13.057066545122428
2014,31,077,Greeley,234.04693716834845,20.2117793958328,26.909227949198414,13.515325037624182
2014,31,095,Jefferson,242.90862628300758,22.263636578621067,28.576142004710736,15.95212464677299
2014,31,151,Saline,225.85744391550568,22.165282741742168,28.261308508092384,16.07022914291377
2014,31,057,Dundy,165.448510172891,21.5855706731969,29.082156134165942,14.08998192648649
2014,31,131,Otoe,231.25268181223504,22.334037341053293,28.375355314894666,16.29368748867003
2014,31,087,Hitchcock,207.99973334817938,22.183815066163373,29.938959422730374,14.429679134202958
2014,31,105,Kimball,105.2887998265014,18.172259407822416,26.589149266168842,9.756360534702345
2014,31,127,Nemaha,275.68214528022844,22.474784211726952,28.396811725282905,16.553756883319213
2014,31,041,Custer,251.80349122680363,20.367845223411123,27.370809963681715,13.36587622238601
2014,31,143,Polk,224.73472843106603,21.431642329952986,27.544607683557004,15.31967679111437
2014,31,045,Dawes,96.11821811070115,18.511536249560567,26.057479231378153,10.966589410704474
2014,31,179,Wayne,358.3559027484931,20.722620790041834,26.92125336197463,14.52497433149638
2014,31,071,Garfield,305.2737266813374,20.03654066442253,26.663377921248763,13.410704849613099
2014,31,013,Box Butte,104.98062263949171,18.690969177218903,26.398527519505222,10.98442214135693
2014,31,173,Thurston,410.17030893907713,21.259638340865784,27.642116745594855,14.878160701671572
2014,31,011,Boone,225.7468855044717,20.418885792880662,26.714203038948273,14.124563900877524
2014,31,145,Red Willow,244.9508894195957,21.994050677038732,29.52218204122041,14.466906053078683
2014,31,149,Rock,245.3766181023738,19.716750682318757,26.249073858768625,13.185410291281062
2014,31,005,Arthur,228.15913620151287,19.87824821630573,27.37082965169685,12.386651196473194
2014,31,085,Hayes,178.7917678330858,21.075716497008703,28.39823385724046,13.754185913294663
2014,31,097,Johnson,261.2731547001586,22.274501956540252,28.352835208688425,16.19716180425302
2014,31,003,Antelope,255.02761563215657,20.315562500907447,26.501963471141565,14.130139671324558
2014,31,163,Sherman,314.6413567422272,20.664253128167005,27.45413949101386,13.87535583731827
2014,31,161,Sheridan,143.27492178786235,18.41676897048315,25.635550345565264,11.198987430392918
2014,31,133,Pawnee,281.2603646791052,22.322314663041364,28.330251259523074,16.315368022480072
2014,31,075,Grant,196.86253174248046,19.140619886639566,26.443301437217972,11.838943641885907
2014,31,021,Burt,351.2349603497874,21.584119356101997,27.787596903203976,15.38163393637141
2014,31,009,Blaine,291.0917783368706,20.116875101427503,27.077609633667848,13.157135065187465
2014,31,027,Cedar,411.6770645947499,20.59022171306049,26.80371547618236,14.377722623583997
2014,31,169,Thayer,241.78227831686678,22.648544111401968,29.05160604785991,16.246492146377634
2014,31,049,Deuel,115.2562134100362,20.378803424549197,28.29498794071243,12.463615366343644
2014,31,123,Morrill,124.60633214608845,19.59369781702027,27.692049906456628,11.496357862046567
2014,31,115,Loup,297.849961917245,20.063358887952493,26.829982989766798,13.297740789854084
2014,31,063,Frontier,228.22989047506607,21.396475333644513,28.599643805252292,14.194280996712704
2014,31,125,Nance,247.17753238122756,21.109783591839047,27.421517074399265,14.799043564290262
2014,31,107,Knox,277.2504285231467,20.647332068888947,27.412025669805026,13.883642156657594
2014,31,135,Perkins,209.61242815787975,20.77559657392917,28.251027537305568,13.301153644092647
2014,31,037,Colfax,303.63139300107116,21.485155514426346,27.673339208159785,15.29797155849448
2014,31,023,Butler,252.63811523636394,21.591005456185506,27.84029170150994,15.342722082251584
2014,31,031,Cherry,200.92101962615564,18.825009359532302,25.606648218354653,12.04435958559664
2014,31,183,Wheeler,257.70368224153816,20.368703662273777,26.821586511169805,13.91681678238475
2014,31,061,Franklin,221.94345177165096,22.039676824637382,28.790352133423927,15.290012768010623
2014,31,029,Chase,199.29925408494242,20.96220940644623,28.248336640889526,13.677070191355991
2014,31,059,Fillmore,224.094462503089,22.129373561504625,28.310353777073225,15.949388468737684
2014,31,185,York,197.26489542592665,21.87307365610325,28.07239594192866,15.67472655303859
2014,31,035,Clay,218.90111587370754,22.22067711710521,28.42475003711665,16.017606111410384
2014,31,033,Cheyenne,111.7830594415514,19.540618084312698,27.651048194215246,11.431194231891473
2014,31,069,Garden,163.92912595598534,19.789001640760766,27.591841728147333,11.987163261562944
2014,31,083,Harlan,249.8568007496481,22.087530502294374,28.95335507333229,15.222704688878796
2014,31,091,Hooker,196.33149640305535,19.59425076100082,26.651095510936067,12.53841145161653
2014,31,147,Richardson,250.18652560745792,22.610823219004505,28.439419629508876,16.78321937290787
2014,31,065,Furnas,259.934196767831,22.171476053160294,29.58962611385645,14.754331595555332
2014,31,175,Valley,272.32140640691676,20.35506645141772,27.003649129486536,13.707492924636801
2014,31,141,Platte,248.2111045129104,21.057260862005087,27.198814770525654,14.916701078188881
2014,31,121,Merrick,249.4021698029593,21.73760602844627,27.966234309030533,15.509968296140245
2014,31,079,Hall,268.87366898618313,21.96879012008541,28.121508723588132,15.817062451252907
2014,31,081,Hamilton,238.10419586017542,21.969085462965495,28.073162270873667,15.865984494629268
2014,31,093,Howard,265.89257762843164,21.266832504446633,27.657464402445928,14.877197595037096
2014,31,001,Adams,256.15909558778793,22.135904827638498,28.285479051920294,15.987321347592363
2014,31,099,Kearney,205.78437976282348,21.857701323347772,28.282725907069352,15.433673669726122
2014,31,019,Buffalo,229.081786022291,21.27366075555157,27.867102525423203,14.681218319077944
2014,31,073,Gosper,249.82078577607166,21.250579910933727,28.065625256390657,14.436538356027441
2014,31,047,Dawson,222.38196706529774,20.854321104959997,27.635136765531275,14.074496771172443
2014,37,037,Chatham,72.39098719437624,25.123980099235272,31.124982803861556,19.123968738425955
2014,37,115,Madison,131.34438330617647,21.168700093621233,27.61733089798327,14.721048067410921
2014,37,087,Haywood,145.6080113641028,19.411584744898725,25.04873182697118,13.775439152046257
2014,37,021,Buncombe,159.3709611209476,21.241778640231576,27.12212686192105,15.36241276198832
2014,37,089,Henderson,196.54672324668877,21.906195479104866,27.440435995161845,16.372927220039106
2014,37,175,Transylvania,231.6806823796518,20.79865204590636,26.153358702127033,15.44497457132711
2014,37,167,Stanly,104.56372447882038,25.48420837746041,31.661818015616678,19.307624336221476
2014,37,109,Lincoln,98.88339587605306,24.711303651860863,30.78058460222029,18.643001943786203
2014,37,159,Rowan,89.86515397688663,24.561545465407438,30.596878095495835,18.527206621108686
2014,37,025,Cabarrus,90.50427937144855,25.226812044468627,31.434063702446128,19.020574935878273
2014,37,097,Iredell,82.77602341608248,24.269196843586034,30.2450193755795,18.29437873733404
2014,37,071,Gaston,94.04179298661903,25.217795235296983,31.073058899161744,19.36353062864108
2014,37,179,Union,133.70464446688135,25.78016767231547,31.55785391206284,20.003476553035622
2014,37,119,Mecklenburg,117.92190256435818,25.519763194593047,31.239020124607716,19.801505991762287
2014,37,045,Cleveland,107.84608510761628,24.61443514737303,30.663684163103014,18.56616917891942
2014,37,005,Alleghany,120.52632081702052,20.29945648274791,26.020132331368384,14.579772686851785
2014,37,173,Swain,161.83108410513438,20.043535421081184,25.695081713944965,14.392971612253906
2014,37,011,Avery,189.9767885238687,19.29516128455636,24.449608277012256,14.141707710106346
2014,37,033,Caswell,113.70106602623902,24.870418262779133,31.255049033066477,18.486812422138996
2014,37,075,Graham,200.87264247441755,21.410409631998885,27.01283640222064,15.808972272215986
2014,37,007,Anson,105.14200352275907,26.15581121476034,32.35955625649037,19.953068775919263
2014,37,149,Polk,183.3833846104817,23.848119468922608,29.712913860017288,17.98430225695626
2014,37,039,Cherokee,227.10247974850662,22.00497505408692,27.729517288729788,16.281433016911244
2014,37,113,Macon,174.35066136592565,20.65693001668485,26.061654096970013,15.253187645493718
2014,37,009,Ashe,146.2176872681408,20.049601780215205,25.50969878668939,14.590501466390354
2014,37,123,Montgomery,70.84496431091075,25.653127463329717,31.99661051608883,19.31064848712618
2014,37,043,Clay,175.32761550662235,21.27740472023333,26.749920006833634,15.805856277086317
2014,37,121,Mitchell,165.57320675401417,19.756552851617986,25.550083595324267,13.964012724298689
2014,37,199,Yancey,200.97313960791618,19.27325187595242,24.99581948527633,13.551685886880877
2014,37,189,Watauga,163.1392986911658,19.85394617136187,25.042029905900286,14.666832924659973
2014,37,099,Jackson,172.5872889788476,19.999557276234878,25.285076884325193,14.715045553174162
2014,37,161,Rutherford,172.72367760623067,23.893390363395152,30.00778604190264,17.780013394236438
2014,37,193,Wilkes,130.9037546041951,23.165055215257286,29.141947878426954,17.18915843466892
2014,37,125,Moore,72.20325247563733,25.860620703250415,32.009047111086666,19.713217318713372
2014,37,153,Richmond,104.50540532349326,26.18047670119722,32.38982421686065,19.9721415365399
2014,37,093,Hoke,117.43104526212102,26.100207993563203,32.14920753142379,20.052179813722407
2014,37,165,Scotland,113.30735608211671,26.342436276431595,32.42850216572211,20.257340793151446
2014,37,155,Robeson,147.23928199856013,26.26854928666988,32.08616296781898,20.45192283101779
2014,37,001,Alamance,81.95042130234005,25.187665189694105,31.25830632295788,19.118018375023535
2014,37,151,Randolph,79.25007578099212,25.083694643680182,30.793253742621687,19.375131231397386
2014,37,081,Guilford,77.46254816470898,25.047468949928405,30.69729546965628,19.398636997411963
2014,37,157,Rockingham,79.25289392721714,24.523047351578537,30.73888516203024,18.30821429701983
2014,37,171,Surry,102.59626921731649,23.18505035498397,29.373413708008535,16.997650764000145
2014,37,057,Davidson,106.8718604913718,24.64837619002658,30.459356672843956,18.838377083267535
2014,37,169,Stokes,101.176240954443,23.82602758249625,29.99250225079516,17.660543175668668
2014,37,067,Forsyth,90.39630765163265,24.38262786090704,30.08926154539314,18.676986421083807
2014,37,197,Yadkin,96.1125906903472,23.638026277566492,29.6828899482777,17.59413213369868
2014,37,059,Davie,77.95988816754756,24.103075801090462,30.165509107270292,18.041636133663722
2014,37,027,Caldwell,145.79078796105333,23.501088263783195,29.3461593644141,17.65702448935134
2014,37,003,Alexander,111.04472850523034,24.100838037648472,29.81252847514453,18.390145852647983
2014,37,035,Catawba,99.92388218927405,24.614150959005347,30.471189190512003,18.758102798606025
2014,37,023,Burke,155.41620675216802,23.362206229212354,29.319356674262526,17.406037251309364
2014,37,111,McDowell,243.23988861474703,22.297484355530727,28.429253535575942,16.16671500637568
2014,37,029,Camden,216.03393941591585,24.86965361331479,29.80790428615509,19.932391693860122
2014,37,139,Pasquotank,201.39684278145188,24.872187069897706,29.71391136413882,20.03145936370901
2014,37,143,Perquimans,188.41475920047571,24.936013866277406,30.011163129608423,19.861833282832933
2014,37,177,Tyrrell,226.7045181770538,24.817201615632847,29.475201685280997,20.16019279152951
2014,37,055,Dare,207.01667955017948,24.831619182294265,27.60321765508878,22.06101934184364
2014,37,073,Gates,234.13723961519972,24.712801982140245,30.9396802008172,18.486916999744363
2014,37,053,Currituck,203.2470894414733,25.09949474613216,28.97955836551272,21.22042533226368
2014,37,019,Brunswick,229.7722921223861,25.808713305630135,30.326699616338992,21.291704784023075
2014,37,031,Carteret,278.57876980066703,25.704516148101032,28.853313189553823,22.5567164549521
2014,37,137,Pamlico,287.9870155985219,25.792926400364063,30.37852517696386,21.208320632238774
2014,37,049,Craven,253.37591030700892,25.922460377666212,31.239622536598606,20.60629450995797
2014,37,103,Jones,265.4108455237571,25.676934072607217,31.351640418053538,20.00323643549263
2014,37,085,Harnett,95.98971866844413,26.06415865255436,31.919247564105408,20.210077353142193
2014,37,063,Durham,92.45380819068536,24.889775122789782,30.779931341024007,19.000629291940136
2014,37,145,Person,96.53087642638111,24.541356891919712,30.67728956671558,18.406463900896917
2014,37,135,Orange,68.55387390825172,24.977406952801438,31.130469034137256,18.825322324321792
2014,37,181,Vance,98.43813657570335,24.9851028123456,31.189260606216948,18.781936171121288
2014,37,077,Granville,103.3209203885564,24.85133188908585,30.78966099847708,18.9140023185127
2014,37,069,Franklin,131.28581203739301,24.957803561054618,30.983243089481196,18.933345176112823
2014,37,101,Johnston,175.0715442792128,25.480777123653336,31.22159904335368,19.740981669965443
2014,37,183,Wake,127.0902054608256,25.091820759974663,30.81673959236214,19.36790496005907
2014,37,105,Lee,84.26069801826334,25.625495868707223,31.73471930008142,19.517255971581193
2014,37,131,Northampton,179.68044340225762,24.726581498896152,30.666736705225848,18.787394025503506
2014,37,083,Halifax,172.30616162640493,25.005969342232333,31.057315006652804,18.955605091769943
2014,37,127,Nash,164.84645534341175,25.234169523163395,31.038350116668784,19.430990754158763
2014,37,065,Edgecombe,205.03509999526142,25.25773656742455,30.92597162533677,19.59050416924291
2014,37,195,Wilson,206.26684627375883,25.602893086716442,31.281113746333375,19.925657208090275
2014,37,163,Sampson,159.60922335626853,25.90353693291723,31.638248189768852,20.16981952811179
2014,37,185,Warren,137.04883833436634,25.412240612066896,31.607508294234577,19.21796282481644
2014,37,187,Washington,224.44101271851952,25.401090826004545,30.613554484043593,20.189641260681718
2014,37,061,Duplin,226.1827390488469,25.509025303319547,31.409744277905055,19.60930007903413
2014,37,091,Hertford,204.09095538552117,24.547793971141864,30.344423455309933,18.752172154730427
2014,37,017,Bladen,143.4385007686425,25.961289605299562,31.81892916159421,20.104673387760652
2014,37,095,Hyde,220.33114358334632,25.282719665444194,29.11380466086987,21.452628421055845
2014,37,015,Bertie,225.20001300038967,25.13146154325109,30.94675661757383,19.317157694671184
2014,37,079,Greene,260.6285735939481,25.776200762332206,31.38576066167051,20.167678022201837
2014,37,041,Chowan,205.54866085955672,25.021719412130874,30.214106301096074,19.83030862274642
2014,37,117,Martin,283.7419362563636,25.387954530644226,30.88264510567539,19.89424767892675
2014,37,047,Columbus,157.19718310675012,25.748311838282568,31.152071512553448,20.34553681930251
2014,37,191,Wayne,194.86380793513806,25.82700297686092,31.461606849524127,20.193406760568422
2014,37,133,Onslow,217.94058162399767,25.577177304296807,30.419579265324824,20.73576635140087
2014,37,107,Lenoir,294.5418467494991,25.6559292244092,31.36876259589979,19.944060745231738
2014,37,129,New Hanover,198.7893558422844,25.867705425940525,30.054753889752817,21.68165552324569
2014,37,141,Pender,203.3900400891615,25.697569415529106,31.321073416704504,20.07506733240072
2014,37,051,Cumberland,112.50689577146015,26.51742377965534,32.298606880402595,20.737251666437214
2014,37,147,Pitt,291.06713439027004,25.735159474381398,31.240860865459506,20.230440412698368
2014,37,013,Beaufort,292.673158831419,25.878543079045887,31.31406953782894,20.44400623409979
2015,17,121,Marion,354.2198064740751,23.772459822724255,28.45865670298941,19.087260525749972
2015,17,005,Bond,248.88835483913894,23.769307498115875,28.501441346515197,19.038151106634626
2015,17,083,Jersey,295.40713060084687,23.46134470980977,28.03579806625753,18.887887663620287
2015,17,163,St. Clair,324.60037291541454,24.563635361922163,29.108226812996598,20.020036395110345
2015,17,027,Clinton,292.12764693358565,24.0963912923714,28.664304222150676,19.52946538039354
2015,17,013,Calhoun,409.0165617320574,23.394818405130156,28.1726278514232,18.617992308084727
2015,17,119,Madison,302.96647851038944,24.166266331973688,28.485136198685368,19.848394975335967
2015,17,133,Monroe,308.47765572407104,24.484792981595064,29.193887657177545,19.776683468454593
2015,17,117,Macoupin,315.162524275594,22.932109063263134,27.43244641919212,18.432766298386657
2015,17,171,Scott,431.5873743513322,22.723163675653986,27.500870166251307,17.946438715576868
2015,17,137,Morgan,376.92589858636256,22.617106364683195,27.324461203211193,17.910737333211696
2015,17,107,Logan,384.0266093811232,22.513419739933845,27.321790088697895,17.706054584584887
2015,17,129,Menard,384.0189014189768,22.26333239957838,26.989374566453765,17.53831171619483
2015,17,167,Sangamon,325.07472531453675,22.52105837049064,27.17997729004322,17.863162201145794
2015,17,021,Christian,278.08419936390885,22.427485840310244,27.197675371651403,17.658304395495588
2015,17,127,Massac,265.4697846870467,25.084157154577824,29.72055114090734,20.44876681622777
2015,17,057,Fulton,395.97337050959527,21.97948285221966,27.115746898067965,16.84420764857016
2015,17,175,Stark,294.7174834532727,20.763710978994904,26.20538911900416,15.323008111739588
2015,17,203,Woodford,343.8464457851962,21.57209615346805,26.819784212314897,16.32541079253466
2015,17,179,Tazewell,447.91963235687166,22.1411356087408,27.09181286940134,17.191455497205624
2015,17,123,Marshall,323.73083538085945,21.071920892137488,26.38034533789657,15.764488667757275
2015,17,143,Peoria,356.33028538629344,21.634009169588136,26.82543720356987,16.443574678368545
2015,17,001,Adams,421.01564097392696,22.65395219271327,27.277906680208407,18.0310121430111
2015,17,177,Stephenson,255.0205042136538,19.495737468609548,25.064121126125315,13.928355067945562
2015,17,141,Ogle,281.0479184323462,19.87679658990876,25.320952518589266,14.433651664868094
2015,17,201,Winnebago,206.8218062700375,19.796393599826917,25.21472323680876,14.379073163912503
2015,17,007,Boone,220.50315575408766,19.625840972882937,25.234261067401285,14.018414799773325
2015,17,025,Clay,404.8699706877531,23.608692749098104,28.478656849129187,18.739749087853568
2015,17,185,Wabash,311.1981212755807,24.152191086101652,29.206079907435193,19.09929870646812
2015,17,009,Brown,353.8802922695094,22.419447015585884,27.18739951797078,17.65248049799401
2015,17,151,Pope,321.3969601827913,24.36819199335549,29.27937294762146,19.458027905979314
2015,17,033,Crawford,316.2127779107357,23.353389002653113,28.18723639411027,18.520561883889773
2015,17,135,Montgomery,278.7410258901792,22.97462231196486,27.774005632384988,18.176246361275094
2015,17,055,Franklin,309.0086625859239,24.405476737529437,29.010506780250967,19.80144133795928
2015,17,023,Clark,279.13844440324266,23.120498132107027,28.156996543849694,18.0849838902254
2015,17,059,Gallatin,345.890571548553,24.49469213631719,29.275927838141694,19.71444672159795
2015,17,075,Iroquois,442.22371327293166,21.100143164152616,26.239107677950592,15.962178974470083
2015,17,041,Douglas,246.19991232527823,22.196416759080975,26.923980515502898,17.469836409905703
2015,17,189,Washington,284.137204878645,24.157598159659074,28.716071705864724,19.600113994157983
2015,17,159,Richland,366.8078805468375,23.424573920289266,28.10594916750106,18.744180078371755
2015,17,065,Hamilton,285.5366161351558,24.15208120293588,28.86407958552776,19.441071500448626
2015,17,193,White,278.52144002197053,24.346518765897063,29.178310239193305,19.515719763408836
2015,17,169,Schuyler,394.04249790417265,22.071231732236814,27.01899402404395,17.12446461738008
2015,17,181,Union,322.6771602764855,24.9875056219519,29.65563312456522,20.32037457266102
2015,17,085,Jo Daviess,288.201517468561,19.683716103724038,25.30011733089962,14.068316763578803
2015,17,125,Mason,452.1779716603289,22.403128064076185,27.411537379672552,17.395714466859307
2015,17,191,Wayne,366.17666022121745,23.844814617966243,28.56831029331499,19.122338742102063
2015,17,069,Hardin,380.4240481746058,24.118654896504378,29.015079157318123,19.223239247421397
2015,17,061,Greene,393.28392547476335,22.8638818739409,27.574431374083805,18.154339961775904
2015,17,157,Randolph,322.46702782504735,24.739068683815418,29.61811894991354,19.86102450444054
2015,17,149,Pike,428.7994248029492,22.886894575287553,27.545700253829263,18.22907299874556
2015,17,145,Perry,271.1541521117709,24.439762744741234,28.933671101022263,19.946845938256438
2015,17,087,Johnson,334.9278747470293,24.761493771499588,29.538780419679508,19.98523161530999
2015,17,173,Shelby,289.8238798709151,22.785342653215835,27.694373083889467,17.877310385520378
2015,17,051,Fayette,344.98978016684777,23.42524770533667,28.20384747743873,18.64763844007941
2015,17,139,Moultrie,267.34863223296344,22.31611619765025,27.07382042177596,17.559410582502014
2015,17,017,Cass,347.22372940066884,22.401697544262017,27.363247333935345,17.441148806104124
2015,17,015,Carroll,280.6017445111342,20.01066836040198,25.884728808059805,14.137607641753158
2015,17,047,Edwards,309.4679541344459,24.148600789676127,29.134013646140417,19.16418098956601
2015,17,079,Jasper,366.78752557565394,23.234341917942494,28.002365133676562,18.467308616940414
2015,17,187,Warren,318.6852338033244,21.45296169896479,26.622068394319655,16.28483972155177
2015,17,153,Pulaski,289.01521277074545,25.475680684263416,29.85687935402204,21.095494302246863
2015,17,165,Saline,340.05788433577555,24.357060365295045,29.152526776757245,19.562547593197593
2015,17,101,Lawrence,326.30587238770056,23.869519464511164,28.63520613115383,19.10481971366737
2015,17,045,Edgar,271.0813945201012,22.20419006094831,26.927175607036673,17.48220261070874
2015,17,071,Henderson,323.2918420578887,21.769935102621886,26.724497331027855,16.816375562288176
2015,17,199,Williamson,354.6237769606228,24.56905203198619,29.256738552039952,19.882381227154383
2015,17,077,Jackson,314.13640128147324,24.70549407524901,29.27357450353939,20.138395753765515
2015,17,147,Piatt,266.75782518231824,22.045143990260943,26.801300153521705,17.28997650884554
2015,17,053,Ford,356.69231332780765,21.320170769302454,26.44584558092015,16.195505811638743
2015,17,019,Champaign,300.5135407687662,21.86795135901892,26.665364653747496,17.07153444609275
2015,17,029,Coles,306.2520392855757,22.477834674700528,27.189844857547612,17.766819728134436
2015,17,035,Cumberland,316.3226441683305,22.998403430938712,27.911991070721598,18.08582001784041
2015,17,183,Vermilion,313.59021472205274,21.621771230023768,26.399704594280074,16.8448294649661
2015,17,115,Macon,271.629903475181,22.46224285505377,27.175257279979327,17.750219776649963
2015,17,049,Effingham,375.7090274558541,23.19577893190553,28.027060853975676,18.36549343330716
2015,17,067,Hancock,363.60263095166385,22.324528439940515,27.22587329659681,17.424184267867673
2015,17,095,Knox,304.3703916680492,21.143695520721458,26.299257091534702,15.98911621790674
2015,17,109,McDonough,391.9917745225145,21.833252059561996,26.948109310824275,16.71938365060363
2015,17,081,Jefferson,312.6067887724063,23.877728324015447,28.530905079322807,19.225532481375357
2015,17,113,McLean,379.28782320801685,21.804709275017352,26.859014919965148,16.751401592240583
2015,17,039,De Witt,330.88860387350195,22.05933758866755,26.965216454999194,17.154464265404748
2015,17,105,Livingston,357.12574420746074,21.321530464439913,26.55488258659822,16.089170572443276
2015,17,003,Alexander,307.34620890631743,25.502756891227275,29.99814444729281,21.008391793967757
2015,17,093,Kendall,278.477448417101,20.401656785189015,25.587269284711926,15.217027359731455
2015,17,031,Cook,233.3023621967598,19.862584354361815,24.63387071280868,15.092299015098233
2015,17,037,DeKalb,281.1296585198649,19.839369043987595,25.052207980251968,14.627544185246927
2015,17,089,Kane,312.0631031238614,19.930072399884608,25.12865351741905,14.732498038918191
2015,17,063,Grundy,393.91857045119036,20.830452348927924,26.115420025747902,15.546475979130463
2015,17,111,McHenry,210.5722905984676,19.111371111157354,24.815622399771403,13.408108805781115
2015,17,197,Will,311.83066275449534,20.471357564706086,25.58395219916409,15.359756575156558
2015,17,043,DuPage,249.33279353004014,20.17098490619377,25.56461929604391,14.778354657084172
2015,17,097,Lake,175.85374410713342,18.5240405174981,23.490982115747784,13.558091448560006
2015,17,091,Kankakee,452.10880171338493,20.785790062716263,25.98271376196635,15.589868111440698
2015,17,011,Bureau,265.76988989309365,20.560157478535892,25.844907285808684,15.27640127774231
2015,17,155,Putnam,307.74742098204763,20.982864003305775,26.291455520913818,15.675262780225603
2015,17,099,LaSalle,324.29337434810753,20.741782699242503,26.022543713325607,15.462015889232449
2015,17,131,Mercer,304.79510328167726,21.442350775737776,26.682296393710725,16.203400337016802
2015,17,161,Rock Island,345.0452140127717,21.377421552175328,26.49430808757946,16.261555149681094
2015,17,073,Henry,312.578953967831,20.909940202185005,26.13497836204481,15.685885065822623
2015,17,103,Lee,334.27180679876227,20.134619640562242,25.503054049281907,14.767184877180998
2015,17,195,Whiteside,301.81591822788675,20.43908021500483,25.811764975987185,15.067393561160536
2015,19,149,Plymouth,122.76222825722405,21.245142024424148,26.988030589141292,15.503260793631755
2015,19,193,Woodbury,154.3058472169369,21.358451128825152,27.063541134396445,15.654354512821158
2015,19,027,Carroll,232.49111288695477,20.992977154463674,26.418658142732763,15.568263222783514
2015,19,061,Dubuque,191.88009330019648,19.735056627207793,25.092098659116342,14.379006779155883
2015,19,101,Jefferson,233.38029537722102,21.792778736995796,26.862390046977122,16.72416432022939
2015,19,187,Webster,130.754891616344,20.850983726311906,26.18069143945911,15.52226590214547
2015,19,111,Lee,330.7092178684341,22.275928042556544,27.118773623946584,17.434078147313766
2015,19,127,Marshall,265.857422830153,20.75814184565586,25.96017841636185,15.557080098719657
2015,19,195,Worth,154.9264936889185,20.1534820147746,25.43801710881315,14.869938505692309
2015,19,033,Cerro Gordo,148.93460914130313,20.378841919705476,25.754086447376594,15.00457430034705
2015,19,051,Davis,411.3030702431718,22.068983382116006,27.080778276937576,17.05820658589928
2015,19,179,Wapello,291.58687509717254,21.846995801535897,26.752422949199786,16.94255923309912
2015,19,041,Clay,88.9825764466773,20.926656210506412,26.707779866322298,15.146541667493832
2015,19,059,Dickinson,85.42131505619585,20.884350710891752,26.723398504362503,15.046293877574575
2015,19,021,Buena Vista,127.98612634677902,20.925625231430544,26.39347953481337,15.458766731087103
2015,19,013,Black Hawk,161.07452960596757,20.631169684376548,26.03040012265073,15.232952552985449
2015,19,075,Grundy,153.56571743912747,20.627122088980585,25.979157855728136,15.276084846682998
2015,19,017,Bremer,147.4479703149095,20.46675575885656,25.94809081875852,14.986401425955796
2015,19,085,Harrison,173.99033382231602,21.6974347146171,27.44969456221758,15.946163462086206
2015,19,129,Mills,159.37810960530842,22.370734934139968,27.9603574561115,16.782093925783776
2015,19,155,Pottawattamie,157.24348741486753,21.826233325917027,27.260912652343954,16.392547691377054
2015,19,123,Mahaska,214.47148359490896,21.49349599335384,26.529966258785723,16.45804572078288
2015,19,125,Marion,236.67950788154556,21.7973061821067,26.566882719059446,17.02872162573468
2015,19,053,Decatur,260.93654813621856,22.000013636082183,27.208530410961515,16.792467637471745
2015,19,031,Cedar,239.30759302442502,20.824034843611237,26.160390133868198,15.488676385173429
2015,19,151,Pocahontas,134.84527696934853,21.060679471850452,26.49572515088939,15.626626853455013
2015,19,109,Kossuth,155.4833922732987,20.69258595025454,26.04023356025688,15.345929555082767
2015,19,089,Howard,201.192744159077,19.227825626212454,25.316933615182027,13.13969258502992
2015,19,147,Palo Alto,131.42816213627177,21.037219446314648,26.58528411248988,15.490140646540365
2015,19,159,Ringgold,243.71657165638098,22.031722782587057,27.15238621723925,16.912067186464537
2015,19,025,Calhoun,158.19222251361424,21.022857192339085,26.29929535689504,15.747385642270919
2015,19,039,Clarke,263.1370000685988,21.82501434029381,27.116344193184645,16.534672998473784
2015,19,065,Fayette,156.89690164628362,19.879014812520662,25.596102789919815,14.162944194646634
2015,19,001,Adair,234.91033478489055,21.63346214391826,26.932315756781215,16.335619300013242
2015,19,037,Chickasaw,136.2595918196668,19.911876746629385,25.48704778742572,14.337707407721846
2015,19,081,Hancock,144.5002266111578,20.317665560174408,25.74538419587124,14.890938875272132
2015,19,157,Poweshiek,274.0176806188412,21.16292020556156,26.39707445960598,15.929778353339639
2015,19,165,Shelby,157.7174641825813,21.030032455443394,26.529350890907093,15.53170891510452
2015,19,185,Wayne,316.539472072481,21.59163664488349,26.712535081958,16.471736117934093
2015,19,097,Jackson,264.92791332243917,20.070495891673435,25.49711556864778,14.644855921013882
2015,19,043,Clayton,161.12521959342666,19.664266533713096,25.344248793950186,13.98527677447307
2015,19,007,Appanoose,434.0871297319998,21.699654375690493,26.63854954326362,16.76174683967551
2015,19,177,Van Buren,284.87086501052374,22.088886445812463,27.151768711932714,17.027006352172574
2015,19,197,Wright,143.37072852205816,20.676910994763105,26.145581230863563,15.2092410218673
2015,19,137,Montgomery,186.0112737952213,21.91835054386502,27.449335449457333,16.38835623536465
2015,19,175,Union,251.2043855264412,21.803028613298167,26.966073788684525,16.64103120825812
2015,19,107,Keokuk,209.1292741415976,21.450278335572243,26.589831954227225,16.311720183906292
2015,19,131,Mitchell,185.62649841126628,19.949600741147652,25.297039504994004,14.603158896961707
2015,19,191,Winneshiek,180.1724119554292,19.555925731651122,25.436217080269977,13.676636908329243
2015,19,161,Sac,181.78603044388146,20.839749965651762,26.187861055912435,15.492652885914366
2015,19,055,Delaware,201.31779874806972,19.576528441954327,25.330653219223908,13.823389776476638
2015,19,067,Floyd,148.40677035899023,20.369982074200628,25.711011447449287,15.029942163355697
2015,19,009,Audubon,231.49634869787914,20.992825454751323,26.46255629922672,15.524096913967744
2015,19,079,Hamilton,134.07812701781137,20.721445564211347,26.134285535751392,15.309605074316215
2015,19,069,Franklin,170.79991144632504,20.509886319369983,26.095689598425817,14.925062123276602
2015,19,141,O'Brien,91.71707236755847,20.78586719372557,26.618603461745366,14.954114075103103
2015,19,167,Sioux,102.5696995847821,20.950349910799094,26.81849391721013,15.083214457911959
2015,19,005,Allamakee,179.51204907179027,19.90874277151849,25.39369045595058,14.4247953114715
2015,19,189,Winnebago,141.231593991882,20.24724749662418,25.570861893034145,14.924661295329445
2015,19,093,Ida,178.25282431399825,20.86805418324509,26.401648665818794,15.33546772513223
2015,19,029,Cass,200.3978486598478,21.35098499902552,26.900024824019624,15.802944885941217
2015,19,083,Hardin,145.05062048192903,20.639538304392875,26.039702044470626,15.240366549886136
2015,19,173,Taylor,251.46762022413634,22.100785838067694,27.32074759444696,16.88181979240601
2015,19,145,Page,240.29873002933263,22.295758221992262,27.66196208892203,16.93054564684589
2015,19,035,Cherokee,146.42030353039593,20.85763265001902,26.45934561547588,15.256918786154241
2015,19,071,Fremont,205.65259368382505,22.63159054496281,28.254022929045078,17.010149288922154
2015,19,095,Iowa,247.2937888583175,21.088329065495845,26.260212035102917,15.917433592191236
2015,19,023,Butler,161.1088970081714,20.605747262426082,26.010952210434372,15.201541398816325
2015,19,063,Emmet,100.5865073920183,20.531956816192206,25.989726457113264,15.075180844749873
2015,19,047,Crawford,193.4751499346287,20.925006172830358,26.42929971914777,15.421704380325156
2015,19,019,Buchanan,167.7893763498387,20.137265595637526,25.75162052065091,14.523894329122713
2015,19,143,Osceola,108.30849470509999,20.699809480032723,26.577554761465763,14.82307619000633
2015,19,073,Greene,260.63772884926647,21.02896158794504,26.411595240616258,15.647311591389236
2015,19,087,Henry,267.09322894953834,21.847075895574118,27.045086115689006,16.650062596609224
2015,19,119,Lyon,135.5603370195592,20.99041557312013,26.870682125432083,15.111155663765329
2015,19,003,Adams,214.77566078827834,21.679748829286666,26.97161399232081,16.388894321257563
2015,19,133,Monona,147.4963026026818,21.595644173072532,27.584824209481212,15.607453209636061
2015,19,091,Humboldt,153.40719108413555,20.884264281294772,26.248062188200848,15.52146129846206
2015,19,115,Louisa,269.1921563396979,21.80348248645705,27.0659142762031,16.54203879319953
2015,19,171,Tama,230.14580413842373,20.649539930507764,26.027134862220553,15.272942490437275
2015,19,135,Monroe,343.7974256148949,21.584560451691093,26.514242617081706,16.65586609505065
2015,19,117,Lucas,277.7744416050982,21.552575337530506,26.70895229876629,16.39719525162872
2015,19,057,Des Moines,302.40099280257857,21.79902325056943,26.76402489146478,16.835012894866825
2015,19,011,Benton,262.67031224993497,20.753293381694338,26.14123903466753,15.366341080216742
2015,19,113,Linn,239.3476054042601,20.52365705424953,25.961835133274324,15.086460428656471
2015,19,105,Jones,221.0852071370447,20.136135102915212,25.69345735594284,14.579814602341767
2015,19,103,Johnson,200.7064170908202,21.23457121205246,26.41326744343367,16.05687759695499
2015,19,183,Washington,241.12165754018608,21.61610721780294,26.83623132504134,16.396978869726865
2015,19,045,Clinton,300.2772266593564,20.54917229424432,25.87195325373922,15.22738633030467
2015,19,163,Scott,326.9166987448735,21.101764084231696,26.190512599891225,16.014010521987466
2015,19,139,Muscatine,301.75015127578405,21.53420661245239,26.774836340256936,16.294560816347136
2015,19,169,Story,244.57235638203312,20.837782723058652,26.043406846173777,15.633139831234645
2015,19,015,Boone,244.00843929104235,20.942647037298457,26.219806039374145,15.666519707135427
2015,19,121,Madison,254.59422491135828,21.646282669964084,26.827715845649955,16.465845371855874
2015,19,181,Warren,255.8424387279367,21.88654544966725,26.852342180056045,16.921738563868438
2015,19,049,Dallas,320.3191731180084,21.383584463038986,26.599857121810107,16.168329486119934
2015,19,153,Polk,271.27336358107135,21.70064631183785,26.591273137920563,16.811006116212784
2015,19,077,Guthrie,279.4065695594884,21.20795356057752,26.666025736272363,15.750880232792957
2015,19,099,Jasper,247.38678674164157,21.309991982811578,26.311975864401465,16.309011340549475
2015,31,043,Dakota,155.19904494335935,21.776032914067063,27.464900134623,16.08817181264567
2015,31,051,Dixon,159.06247566605714,21.588672175036205,27.222099647122047,15.956232563324853
2015,31,053,Dodge,200.697509578857,22.18431349298228,27.700134062240753,16.669487651199805
2015,31,025,Cass,183.77786855870627,22.537498720821993,28.042571353915417,17.03342224344786
2015,31,055,Douglas,155.8620406691661,22.459403289938876,27.769495029187734,17.15033976577772
2015,31,153,Sarpy,164.93006810325758,22.456535776920397,27.917934827436895,16.996121512534454
2015,31,155,Saunders,185.8933639025146,22.301882584768123,27.949912459957936,16.65484834716078
2015,31,177,Washington,163.11172324068895,22.267432223961624,27.68281038161271,16.853071491025197
2015,31,067,Gage,274.4070311463179,22.62812953277434,28.306626057455972,16.950637442530773
2015,31,109,Lancaster,247.56885197582173,22.62944459422468,28.274683743660937,16.985183537415235
2015,31,159,Seward,236.5929166070534,22.20084821688483,27.858959333702078,16.543725272875655
2015,31,139,Pierce,204.81716922725067,21.732478370055233,27.52368798110267,15.942240609965086
2015,31,119,Madison,187.86568728475132,21.541821496057768,27.05914703400524,16.025486522526872
2015,31,167,Stanton,202.6584280716247,21.603061608220667,27.114339860470047,16.092771217856896
2015,31,117,McPherson,146.99313331273697,21.25115449289669,27.977450759277993,14.525859892691715
2015,31,111,Lincoln,142.68557290149482,21.821535775170247,28.671250228137538,14.972824975310013
2015,31,113,Logan,181.32547258050323,21.268115064326754,28.031765669666616,14.505452384891788
2015,31,007,Banner,114.91684108891079,20.132970541448955,27.587500620190106,12.67945289399061
2015,31,157,Scotts Bluff,124.81699480184555,21.022193438226907,28.25128825011982,13.794076259904278
2015,31,165,Sioux,135.72733171799408,19.66483759198025,26.866287140648993,12.464375112790531
2015,31,039,Cuming,185.37584626187694,21.621834255149476,27.102884693718256,16.141780007398886
2015,31,129,Nuckolls,277.44626992002674,22.808124514592723,29.080914297872624,16.536330499063002
2015,31,101,Keith,122.61203176343321,21.867689668125642,28.771361891911052,14.965014170834314
2015,31,137,Phelps,210.582685851015,22.014430431231798,28.325356901238514,15.70448333740365
2015,31,181,Webster,172.17463056536846,22.488110249972074,28.972614205844206,16.004599998278195
2015,31,015,Boyd,163.37642280070637,21.449010702859443,27.786636693323832,15.11237754290021
2015,31,171,Thomas,166.97253602925755,21.364717398119726,27.888640382083036,14.841791850039204
2015,31,089,Holt,179.77433551769388,21.448429196169286,27.732450080532246,15.165399413015296
2015,31,017,Brown,153.56747351935635,21.174369263928785,27.52365158707705,14.826077635542838
2015,31,103,Keya Paha,140.87277769670567,21.124952800195818,27.746346372723792,14.50454927278175
2015,31,077,Greeley,103.83030323775058,21.619114779776595,28.102283094747587,15.136945391796807
2015,31,095,Jefferson,321.8354311771246,22.706845814291327,28.689591280256277,16.72509513219259
2015,31,151,Saline,338.9338010599307,22.47595602780609,28.122226093757384,16.83068238816722
2015,31,057,Dundy,111.16249769148658,22.85852556416127,30.070475494061775,15.647578734768592
2015,31,131,Otoe,245.72320069878495,22.687581646545475,28.391231723401333,16.9849018665145
2015,31,087,Hitchcock,120.65332432798117,23.512483487088314,30.97957595224515,16.04639438536874
2015,31,105,Kimball,119.33241211694249,19.601052648284476,26.866869875125555,12.336226376517144
2015,31,127,Nemaha,212.16711134108465,22.800041548672628,28.311050216612035,17.29001374084724
2015,31,041,Custer,141.6824660894127,21.515093181093714,28.297661003739506,14.73352950514486
2015,31,143,Polk,205.82771675288913,21.936623981669015,27.531660041430975,16.34259795562716
2015,31,045,Dawes,165.97447406774808,20.412323202531535,27.132716231952397,13.692925507596188
2015,31,179,Wayne,212.16937706223527,21.482930955329937,27.07510814593522,15.891760636879042
2015,31,071,Garfield,173.44498810126467,21.509998237850056,27.84022167030727,15.180752929385323
2015,31,013,Box Butte,122.32213508432768,20.298744013583963,27.124640462035106,13.4738447641273
2015,31,173,Thurston,146.97556860396503,21.836655854457163,27.751277316093223,15.92303349288344
2015,31,011,Boone,123.95360361818453,21.475013069959918,27.4186833504608,15.53235377526596
2015,31,145,Red Willow,173.38730128660913,23.13609507886008,30.367037866012765,15.906158902212342
2015,31,149,Rock,159.992052877635,21.125923589279367,27.471909559251728,14.780941651515736
2015,31,005,Arthur,157.23721521224502,21.337814997078638,28.221683043396755,14.45494738665559
2015,31,085,Hayes,107.03137310193553,22.35944198045667,29.4688274607689,15.251059475141249
2015,31,097,Johnson,260.12702716488377,22.572366701679673,28.214477664518927,16.931244545625603
2015,31,003,Antelope,179.80750240981703,21.383508099757215,27.122419933085826,15.645588588600804
2015,31,163,Sherman,147.3777390754648,21.857012066972977,28.770359969969242,14.944650244541927
2015,31,161,Sheridan,156.2375290389979,20.261892582665457,26.770641840356408,13.754134423182503
2015,31,133,Pawnee,279.6084183292049,22.52480350588982,28.09392842997688,16.95668496335986
2015,31,075,Grant,162.5106245322751,20.64627329590135,27.20134322022101,14.092192144149339
2015,31,021,Burt,143.671035934137,21.966230123111878,27.841125566242045,16.09231107269278
2015,31,009,Blaine,164.70767704871528,21.374507277398536,27.98354752382794,14.766450308752313
2015,31,027,Cedar,146.49239685475715,21.58756423876299,27.2929296789793,15.883201766615626
2015,31,169,Thayer,310.34130406697477,22.938891320806547,29.021590617345993,16.857178878833004
2015,31,049,Deuel,103.73850170877687,21.717868683117256,28.953420744069522,14.483316091286207
2015,31,123,Morrill,111.25441379426644,21.103460473721334,28.1835714327072,14.024341089606125
2015,31,115,Loup,139.53644003607047,21.41788023576183,27.982285787639633,14.854476624608603
2015,31,063,Frontier,154.9956463227699,22.66628296741383,29.548070670059886,15.785496613178552
2015,31,125,Nance,127.92535801738384,21.84172585731762,27.779974237477415,15.904462446261217
2015,31,107,Knox,157.643186625591,21.84420479379936,28.09099983811673,15.598395848309156
2015,31,135,Perkins,112.13853363706245,22.09599918792397,29.223658331043648,14.969352093720852
2015,31,037,Colfax,229.9727042539981,22.01297901958518,27.527437260619724,16.499542018409123
2015,31,023,Butler,193.6021417339062,21.96116519747629,27.63388917645253,16.28942298087083
2015,31,031,Cherry,168.92004324235052,20.548353920090825,26.977222979166573,14.120477193806265
2015,31,183,Wheeler,167.70507561730224,21.66660462882931,27.826244474451123,15.507965593977591
2015,31,061,Franklin,158.65798276542398,22.656036724629125,29.110841417117843,16.20223949148486
2015,31,029,Chase,73.72328664440577,22.267126129142564,29.35694214656704,15.178301407900012
2015,31,059,Fillmore,302.88841637577264,22.463362058892134,28.24463480805758,16.68309833293423
2015,31,185,York,245.17153566290816,22.21420238374346,27.983445151511333,16.445992902843123
2015,31,035,Clay,266.1501511434652,22.655143926299235,28.49630351408571,16.814979868610525
2015,31,033,Cheyenne,116.81611161090366,20.92779032748944,28.14104384512304,13.715529200645058
2015,31,069,Garden,138.1324781347458,21.17541376896121,28.13314760078523,14.218672700248302
2015,31,083,Harlan,183.7820174195638,22.82433750310198,29.413912752390967,16.235767444561162
2015,31,091,Hooker,142.37305228886115,20.821779345722042,27.21824486834164,14.426292244733203
2015,31,147,Richardson,287.8930564306278,22.98415442170768,28.404935878250523,17.56437135123413
2015,31,065,Furnas,202.58710408466624,23.016411281553466,30.09463701030925,15.939188768529876
2015,31,175,Valley,131.24599208186487,21.684705986622127,28.254826576359722,15.11557511210619
2015,31,141,Platte,184.75195160332015,21.689350975711328,27.294186165746446,16.085512959415894
2015,31,121,Merrick,176.56840977641798,22.200199754193196,28.0747150990592,16.326682710693024
2015,31,079,Hall,201.21371444340107,22.371768356767205,28.323686967733373,16.420842315220025
2015,31,081,Hamilton,237.66957201646423,22.262812489249146,28.02051350174232,16.50611618831328
2015,31,093,Howard,141.59585968510282,22.063013227004305,28.352325253973618,15.77470201801765
2015,31,001,Adams,206.13164135084028,22.5039844989667,28.398311789268288,16.61065990028152
2015,31,099,Kearney,199.45395809460354,22.379128378833265,28.603507282050202,16.155745104834878
2015,31,019,Buffalo,157.1427250776671,21.966722822373896,28.52419422547469,15.41026487806802
2015,31,073,Gosper,161.3073775282029,22.20970022650142,28.717948713123064,15.702472564988522
2015,31,047,Dawson,133.2226111585107,21.879845046310734,28.460206416150317,15.300490242846758
2015,37,037,Chatham,223.78762196233197,25.662648296440864,31.295416593657457,20.03087659941427
2015,37,115,Madison,235.93485658467435,21.432537685116486,27.787838529002876,15.078229714739543
2015,37,087,Haywood,208.2369791784206,19.73358618438226,25.61562547330452,13.852538388018376
2015,37,021,Buncombe,172.46114823062322,21.701042320116805,27.72223621154607,15.680844392216438
2015,37,089,Henderson,178.75226353874518,22.304587262053285,28.14587520482342,16.46426495087189
2015,37,175,Transylvania,212.77918567592772,21.16920628634366,26.83442048694561,15.504964244892065
2015,37,167,Stanly,143.65124277024142,26.466717149575405,32.805041389749896,20.1294010343315
2015,37,109,Lincoln,90.0853411816884,25.57620435185005,32.09300660356285,19.060369896110195
2015,37,159,Rowan,118.92187267679762,25.604400212440463,31.939286233707048,19.27049857942569
2015,37,025,Cabarrus,113.86284273955266,26.39175140531309,32.841016750965686,19.943480636388625
2015,37,097,Iredell,152.84952313668623,25.15145501036519,31.394826807590594,18.909071794559285
2015,37,071,Gaston,67.8659198014596,26.217725868038805,32.54792417504511,19.88851374037811
2015,37,179,Union,106.91915425057881,26.936156357636268,33.112413587329435,20.760911959429095
2015,37,119,Mecklenburg,95.82922037611391,26.594314895306386,32.732735422110316,20.45689105977198
2015,37,045,Cleveland,85.16153666422485,25.498203012975306,31.939257989706807,19.05815338765913
2015,37,005,Alleghany,211.64033465627566,20.94433169417796,26.25034764230044,15.639316890722228
2015,37,173,Swain,277.8764392516531,20.052294673487108,26.064791614496585,14.04079791863724
2015,37,011,Avery,185.8137037598408,19.73481243816301,24.8366807870552,14.63394606389437
2015,37,033,Caswell,191.36190026133374,25.188100757744575,31.106329332029325,19.2708812359794
2015,37,075,Graham,292.2327597363214,21.400565335611937,27.37383563884455,15.42828720199181
2015,37,007,Anson,156.0356189285113,27.147291766399775,33.42457089805581,20.87102643838597
2015,37,149,Polk,152.93558574042163,24.80531406039493,30.877886998852706,18.733734079868338
2015,37,039,Cherokee,304.6378502879914,22.297568996023188,28.25559981937471,16.340545814599718
2015,37,113,Macon,212.9963099414725,20.889006549884193,26.405416552723455,15.373597775294241
2015,37,009,Ashe,200.41447491533327,20.63644642357845,25.73992959912853,15.533947529870126
2015,37,123,Montgomery,208.4572713576351,26.430734628096108,32.59601747200803,20.266461105085536
2015,37,043,Clay,275.0775306283482,21.547105570351064,27.079683456704824,16.01554343033218
2015,37,121,Mitchell,194.97705285266923,20.198342978460854,25.827363043619293,14.570309231855386
2015,37,199,Yancey,197.14933797525936,19.562388893271184,25.093278575810555,14.032503559076497
2015,37,189,Watauga,210.3982619793338,20.32991944021089,25.34584213910011,15.314981474208764
2015,37,099,Jackson,240.8179754318143,20.267526208976506,25.764976140590445,14.771050107674458
2015,37,161,Rutherford,106.77005015658246,24.904993301901854,31.427489811573206,18.38349366148269
2015,37,193,Wilkes,189.14414245681687,23.97585838047964,29.91678281942125,18.035923980546457
2015,37,125,Moore,218.70212822248064,26.47550586994682,32.30695201131073,20.645060766277883
2015,37,153,Richmond,199.05060607381614,27.019763645840303,33.039665224368534,21.000865980998128
2015,37,093,Hoke,180.49320904053747,27.271740412598824,32.96143582813614,21.583036773525084
2015,37,165,Scotland,193.36140204504633,27.32889235875819,33.267932447600685,21.39083569424173
2015,37,155,Robeson,196.0819645791511,27.431624569167287,33.11543238046825,21.748816096388197
2015,37,001,Alamance,181.38307313391775,25.61344252008538,31.300958253461662,19.92691807812671
2015,37,151,Randolph,208.89066986203144,25.64839109352234,31.265185313905253,20.032583198915194
2015,37,081,Guilford,152.86056690203338,25.574268716005573,31.015621278244602,20.133942782808035
2015,37,157,Rockingham,174.4507170069539,24.909015500149486,30.640627698025465,19.17840967100758
2015,37,171,Surry,179.89517401335254,23.92354789790482,29.774627672295164,18.073450039842363
2015,37,057,Davidson,153.7358326484644,25.625083806824755,31.650498806054273,19.60067584199152
2015,37,169,Stokes,176.00628276783814,24.39518834764515,30.106453539243823,18.68491879577845
2015,37,067,Forsyth,132.01920301741796,25.20716198981642,30.796586865691367,19.61873156800171
2015,37,197,Yadkin,139.53750155435677,24.543422177234998,30.586867330198235,18.50098368933976
2015,37,059,Davie,146.50643992634127,25.08566236909637,31.328201914163138,18.844110194838514
2015,37,027,Caldwell,148.16014302533355,24.24053488735043,30.20085377816533,18.28123020267026
2015,37,003,Alexander,137.98023101794868,24.872183752400133,30.774852064220013,18.97050918225868
2015,37,035,Catawba,109.0834852548056,25.41547181195701,31.598534877348563,19.23340218644836
2015,37,023,Burke,126.9107827977359,24.14894679238462,30.413610659910415,17.885288993212573
2015,37,111,McDowell,144.5593068311606,23.106360739903728,29.51247518653112,16.70123305958627
2015,37,029,Camden,283.4820359541356,26.264120163844026,30.56475878705454,21.964470936271375
2015,37,139,Pasquotank,265.07928501317025,26.240170411983193,30.57631428350285,21.905009870223612
2015,37,143,Perquimans,273.1738732171152,26.31590011619319,30.969530801971164,21.663264755792365
2015,37,177,Tyrrell,342.2873704500458,26.391628273399924,30.793614143713636,21.990625748154283
2015,37,055,Dare,253.51385295480216,26.213477384295935,29.181052766528342,23.246886954021537
2015,37,073,Gates,336.75596878690453,26.052320756603976,31.49813385711611,20.60752355368422
2015,37,053,Currituck,206.4039355946799,26.1073833163099,29.680430804276686,22.53532559104497
2015,37,019,Brunswick,187.0250254049325,27.19037042525221,31.920577240562466,22.46117085668673
2015,37,031,Carteret,180.88025560002856,26.963664160725013,30.215429747677103,23.712891766664356
2015,37,137,Pamlico,223.95350077288973,27.000922543616397,31.329399717176646,22.673450332863876
2015,37,049,Craven,240.3345073271793,27.145764661674022,32.165891307593164,22.126614614074093
2015,37,103,Jones,244.7054839409455,26.98941600134386,32.31863582376391,21.6611829600804
2015,37,085,Harnett,199.04673596026416,26.650633043324646,32.17295150678011,21.12931829623487
2015,37,063,Durham,167.55885402283369,25.29499880593865,30.68229344700064,19.90870601164193
2015,37,145,Person,263.01123589878216,24.847708895676696,30.38926625800699,19.30715233613597
2015,37,135,Orange,213.13551256390429,25.363373020050783,31.03028692923448,19.69748027237921
2015,37,181,Vance,220.8345111599008,25.122573836937878,30.655284477203512,19.59086273378365
2015,37,077,Granville,209.69545201115514,25.042620655561706,30.357991252523167,19.728233989059085
2015,37,069,Franklin,175.311013961442,25.34210960718166,30.739738466089833,19.94549802973345
2015,37,101,Johnston,199.27545699368747,26.23195205791557,31.628220606308037,20.836679803585284
2015,37,183,Wake,207.43488895398795,25.60850098369509,30.896250364147964,20.32174453099074
2015,37,105,Lee,223.58026761864912,26.18313382633995,31.8884944169897,20.47877713216199
2015,37,131,Northampton,283.9945895964451,25.510853627079868,30.849185858483757,20.1734939183495
2015,37,083,Halifax,201.30229353283974,25.69536125072697,31.09386537628421,20.297854421154863
2015,37,127,Nash,148.41686676010232,25.97172118703457,31.274462428861046,20.66996462544328
2015,37,065,Edgecombe,132.2238447713733,26.34192048185333,31.66816347534218,21.01668862307001
2015,37,195,Wilson,127.43105750162894,26.579435987276465,31.93182940676643,21.228028631738187
2015,37,163,Sampson,182.17756575877638,26.875697666262706,32.28907776110172,21.463323101658947
2015,37,185,Warren,226.1696011613683,25.604688759721643,31.18851303936936,20.02183094158742
2015,37,187,Washington,279.17068131093305,26.659546713956956,31.656345706907928,21.663766346983515
2015,37,061,Duplin,186.6762855599967,26.738802756347834,32.23287550198882,21.245720580740542
2015,37,091,Hertford,265.1384968571557,25.65991160685981,30.957311884603467,20.363510105409507
2015,37,017,Bladen,205.16642370822098,27.15338869848103,32.79479274322075,21.512986665751
2015,37,095,Hyde,295.18275851243317,26.80270976414797,30.613419714805545,22.99299442800579
2015,37,015,Bertie,199.34290421574127,26.353589012995904,31.823252808921527,20.884910238027942
2015,37,079,Greene,142.56271910997123,26.947681951930623,32.397719420081785,21.498631315082267
2015,37,041,Chowan,241.14348022782312,26.370299722694305,31.258397494688804,21.483193758429913
2015,37,117,Martin,203.8097480101681,26.560770475262586,31.808391632588148,21.314152463837157
2015,37,047,Columbus,194.51382171418305,27.042644994862137,32.448169080771116,21.638103564255996
2015,37,191,Wayne,166.85383586904277,26.761674845556662,32.10259030660892,21.42173621147805
2015,37,133,Onslow,238.53808940316475,26.821778471329367,31.515698017911962,22.12884715736419
2015,37,107,Lenoir,181.89796270114786,26.936576046295322,32.42634481997358,21.44779215716254
2015,37,129,New Hanover,222.43256987128748,27.2722255419082,31.6566232959337,22.888843130749372
2015,37,141,Pender,220.51746423089088,27.023497022001774,32.49260369878706,21.555390273991584
2015,37,051,Cumberland,207.57186337467166,27.2440367793055,32.68893556243015,21.800136046913018
2015,37,147,Pitt,185.4755801247874,26.908091742235438,32.200632679463155,21.616542259437352
2015,37,013,Beaufort,300.9906882061204,26.969403364844716,32.03150143729612,21.908295204927338
2016,17,121,Marion,158.0344441808376,24.939739898691116,30.479604549963348,19.400852386817196
2016,17,005,Bond,155.20745957349192,24.833530399418628,30.56760869639122,19.100422552136774
2016,17,083,Jersey,186.0256548746147,24.751281469427767,30.257797865684672,19.245719727391194
2016,17,163,St. Clair,120.26562448798036,25.559043395595623,30.959274874036865,20.15980603210682
2016,17,027,Clinton,93.05094389447953,25.220147441937982,30.81432080454154,19.626950242317353
2016,17,013,Calhoun,148.47233818413625,24.886256582724812,30.626144347069978,19.14733663666642
2016,17,119,Madison,160.59337873983847,25.004506447808403,30.36767310378478,19.64234980468023
2016,17,133,Monroe,128.08360997691915,25.510137747090074,30.981654178408913,20.03962553860128
2016,17,117,Macoupin,155.61820339694873,24.226841834860146,29.783737157961422,18.67091907724944
2016,17,171,Scott,163.20167504820714,24.16805476218723,30.21381891976464,18.12328165421383
2016,17,137,Morgan,133.04895229615195,24.03973049138134,29.914360819150914,18.16610522294516
2016,17,107,Logan,124.24389461094903,23.84580995492962,29.601982368972298,18.090610193068663
2016,17,129,Menard,102.53601682924025,23.779927560998818,29.454530252187357,18.106313324739837
2016,17,167,Sangamon,124.0006095598069,23.970924589198276,29.675683819637474,18.267148475732714
2016,17,021,Christian,170.35215204180741,23.870818545500466,29.605189619718285,18.137422510667157
2016,17,127,Massac,238.33150677708426,25.557563244757777,30.918728964734747,20.197418780533926
2016,17,057,Fulton,140.2466144201329,23.49433734511254,29.340202332816794,17.649467917204177
2016,17,175,Stark,201.0286726955357,22.362113863033816,28.26279307145244,16.462429697347545
2016,17,203,Woodford,139.76102708190973,23.099061882125486,29.071941154234693,17.127164227369377
2016,17,179,Tazewell,141.21791989240432,23.55963891137588,29.280597668506754,17.839657138719602
2016,17,123,Marshall,178.31148885645004,22.5889793172379,28.46224140736843,16.71674988634615
2016,17,143,Peoria,173.8100145392602,23.056194765416095,28.833198172779888,17.28018819537116
2016,17,001,Adams,107.07228519660538,24.111235997022543,29.97044856983824,18.253003862740748
2016,17,177,Stephenson,163.79026058574053,21.056727808976895,26.98304236534145,15.131406721063057
2016,17,141,Ogle,139.438562467894,21.486310867895202,27.367064857509828,15.606554471494944
2016,17,201,Winnebago,113.17192378178657,21.47412724629877,27.276513011012323,15.672724508202876
2016,17,007,Boone,94.2709433000122,21.3675085322151,27.35777001769674,15.378232424888068
2016,17,025,Clay,198.37859803620424,24.986835020323213,30.817897396815205,19.156766132395894
2016,17,185,Wabash,179.94289743513173,24.833777097803,30.65560560333774,19.012964391608993
2016,17,009,Brown,141.69679907339707,23.64577081093898,29.641677408306947,17.650831958695747
2016,17,151,Pope,302.0087741611374,24.813805572388905,30.49374041858004,19.134870183944894
2016,17,033,Crawford,169.94337776036429,24.345722742475132,30.181359555569433,18.511050294077382
2016,17,135,Montgomery,175.56168511734123,24.251306667549187,30.050829285153828,18.452785287309183
2016,17,055,Franklin,148.43758112259655,25.328247795868627,30.613264498684472,20.044211565919362
2016,17,023,Clark,202.84055325248525,24.18347843305625,30.20304101941561,18.164902649807118
2016,17,059,Gallatin,187.48255095776588,25.19953242252589,30.72091136918828,19.679140313553365
2016,17,075,Iroquois,188.49354017218303,22.32221499304932,28.25546952977241,16.3899486110267
2016,17,041,Douglas,171.39079440304204,23.35330036080317,28.988954679153274,17.718615541177897
2016,17,189,Washington,128.84780864402558,25.172815769058168,30.58997004857893,19.756663027133893
2016,17,159,Richland,177.52923441461772,24.46552773070821,30.103943006019037,18.828105044080313
2016,17,065,Hamilton,158.02146125317174,25.131404829182717,30.597655787920335,19.666146728663406
2016,17,193,White,190.7922693530863,25.21008299429449,30.806486374029877,19.614666872645206
2016,17,169,Schuyler,87.28949342744086,23.514214857845214,29.546486400831697,17.48292029899412
2016,17,181,Union,172.6035143317873,25.606933308076602,31.007752940866272,20.20710570574056
2016,17,085,Jo Daviess,225.12492543475244,21.225845668296035,27.217977347691555,15.234722730465005
2016,17,125,Mason,133.14150017338454,23.829114042909136,29.77794727317445,17.881300972246223
2016,17,191,Wayne,205.7831175294073,25.01063296746916,30.586671846875394,19.435596025274716
2016,17,069,Hardin,274.45675279896534,24.61566157587294,30.309748773348716,18.9225631850337
2016,17,061,Greene,173.25206005520113,24.29740867044395,30.107017649562735,18.488791311490353
2016,17,157,Randolph,166.9213084671073,25.59917037395296,31.172477267639692,20.026849320214318
2016,17,149,Pike,135.30057507338853,24.40955910899232,30.307919414042175,18.51220202273916
2016,17,145,Perry,136.57880597924924,25.392302475300234,30.630055272203812,20.15554674619309
2016,17,087,Johnson,252.18320941918535,25.30121030200663,30.832928247015925,19.77049901801052
2016,17,173,Shelby,187.5737556166894,24.135799953672493,29.97846879925882,18.29412121370474
2016,17,051,Fayette,172.48305879300452,24.7103400835992,30.48301866326061,18.938657176202103
2016,17,139,Moultrie,141.99546308964528,23.73917842254895,29.44883311167581,18.030503009815018
2016,17,017,Cass,105.05825056080961,23.807591057956586,29.85542590414702,17.76073626006574
2016,17,015,Carroll,183.1374500617886,21.39015967710824,27.877171078648356,14.904146265910555
2016,17,047,Edwards,177.62510872553082,25.025840571954266,30.854927311723443,19.197743366442918
2016,17,079,Jasper,172.39243126071437,24.382061415453343,30.144266884758505,18.620876183736854
2016,17,187,Warren,174.10792393207666,23.033509508581744,28.856419576736386,17.211611618115747
2016,17,153,Pulaski,180.32441388213041,25.91312913143757,31.03311172462136,20.7941415016984
2016,17,165,Saline,218.9140780059295,25.133350231945606,30.620731650989445,19.646964518041766
2016,17,101,Lawrence,188.75047282949978,24.511047496311825,30.147484813841974,18.875614286593276
2016,17,045,Edgar,248.0852438185511,23.103947726188874,28.646272115386232,17.562635873535356
2016,17,071,Henderson,165.83578068601219,23.346785969845925,29.09476222543249,17.599837292539284
2016,17,199,Williamson,157.78010419442703,25.29011536493403,30.77664855423548,19.804578329267176
2016,17,077,Jackson,185.24228412510232,25.455781600546167,30.78080476859454,20.131748878565237
2016,17,147,Piatt,163.33530280823734,23.257239308001235,28.884989488603697,17.630473142236806
2016,17,053,Ford,163.48620288038467,22.591631645259216,28.43541587209203,16.7488373686691
2016,17,019,Champaign,197.81918488948585,22.977541464980366,28.5971974170392,17.35887417652321
2016,17,029,Coles,161.53272313488102,23.707528923070356,29.26459149259649,18.151483333962116
2016,17,035,Cumberland,210.5965460810096,24.191788016860542,30.0615553768261,18.323002030243746
2016,17,183,Vermilion,198.64891965494212,22.61358077466188,28.207192699599418,17.020956199786045
2016,17,115,Macon,128.45060930495737,23.855540052845253,29.49310573670827,18.218974861361854
2016,17,049,Effingham,168.981159021905,24.54694877555872,30.34418821918644,18.7507163104679
2016,17,067,Hancock,95.00070031202151,23.767840109921508,29.69798957948292,17.838679511870104
2016,17,095,Knox,197.67236356517085,22.720963209919642,28.42522947892448,17.017690002965118
2016,17,109,McDonough,89.14922776205957,23.318728099327803,29.235328463527082,17.40312572678542
2016,17,081,Jefferson,158.47650547036514,24.899156323575717,30.357172905543127,19.44212772825315
2016,17,113,McLean,160.5045952380057,23.21129121213817,29.041938613743266,17.381633687863015
2016,17,039,De Witt,160.58864262106928,23.4068619639739,29.15994948705302,17.654738293091736
2016,17,105,Livingston,201.07439936788785,22.728817608576158,28.56785928386348,16.890783345300463
2016,17,003,Alexander,158.42369985028608,26.049882428882462,31.151378584170715,20.949376170171234
2016,17,093,Kendall,168.44950145966828,22.022457401683724,27.73964680236323,16.30628074544351
2016,17,031,Cook,109.93672112730867,22.407380436638277,27.416479881267854,17.399270369344006
2016,17,037,DeKalb,153.43876795022985,21.63114359620515,27.262161208658522,16.001129106010975
2016,17,089,Kane,127.14277200303306,21.745542811681705,27.403747673896483,16.088311875580978
2016,17,063,Grundy,190.47175114493584,22.284549123606755,28.102865949180618,16.467214498981782
2016,17,111,McHenry,83.92488763781448,21.068158094369466,27.142336007447383,14.994972892001124
2016,17,197,Will,141.24334022477015,22.244703172331977,28.007512846478956,16.482890099082816
2016,17,043,DuPage,120.48351037681158,22.06067740883228,27.88786896461759,16.234466005711504
2016,17,097,Lake,86.52377012056662,21.10336364747137,26.376126165709998,15.831592339703139
2016,17,091,Kankakee,169.41857916611727,22.284653705844967,28.238889086638835,16.331403218331356
2016,17,011,Bureau,231.50466692170667,22.27435545446673,28.12184649200949,16.427847524584955
2016,17,155,Putnam,204.30021198620054,22.58112865681403,28.482139859107278,16.68110932032534
2016,17,099,LaSalle,208.19245928433233,22.259556091734257,27.947654777208523,16.572457672653933
2016,17,131,Mercer,199.5640129854793,23.040791165534962,28.919621521381384,17.162974532196408
2016,17,161,Rock Island,205.19844675509145,23.04897919438326,28.725803385337947,17.373151532029283
2016,17,073,Henry,236.60501497660456,22.58030488528993,28.30986474802287,16.851735709726402
2016,17,103,Lee,208.77257024950114,21.769890645305427,27.489778982329366,16.051002148935183
2016,17,195,Whiteside,227.1098524164845,22.161725565651057,27.98576094539487,16.33869122472267
2016,19,149,Plymouth,111.70728920034283,22.810356264272922,29.306492229117403,16.31519591732711
2016,19,193,Woodbury,118.06361109251675,23.095044201717037,29.666142200016495,16.524950254042725
2016,19,027,Carroll,144.7996703215344,22.895833453156314,29.165718434198375,16.62694955307575
2016,19,061,Dubuque,236.36583568140114,21.22122081611786,26.877775148708427,15.56565577717872
2016,19,101,Jefferson,128.71692635250008,23.298698415397926,29.432407420964882,17.165968283540817
2016,19,187,Webster,116.09769098423764,22.380214511977957,28.644943581676454,16.116489616001186
2016,19,111,Lee,112.84370056995321,23.7884629040331,29.69323511032485,17.884683978304913
2016,19,127,Marshall,167.89791735719152,22.326267108515612,28.439405236053677,16.214116575914783
2016,19,195,Worth,238.18325148891333,21.046876497545398,26.75278484159445,15.341966206132193
2016,19,033,Cerro Gordo,216.30977269555436,21.338945614502066,27.234992154460897,15.443892424475823
2016,19,051,Davis,116.99954450286789,23.36564986964555,29.434812325437584,17.29748527945037
2016,19,179,Wapello,125.46846988920475,23.224589499026212,29.25613676867366,17.194041217110527
2016,19,041,Clay,163.0354863393423,22.251213785718573,28.489966832968843,16.013440342269746
2016,19,059,Dickinson,201.34041739613124,22.011156708245977,28.117327972613623,15.905989966399739
2016,19,021,Buena Vista,105.93956715973876,22.429326563726026,28.62009916901717,16.23952337178464
2016,19,013,Black Hawk,272.98545705130783,21.978883764639047,27.819925001991216,16.13883065363289
2016,19,075,Grundy,239.22711202218295,22.015248262080043,28.00004660582912,16.03146649078584
2016,19,017,Bremer,242.30721250313258,21.7109390134531,27.58425031238646,15.838632033898772
2016,19,085,Harrison,135.94814196440433,23.65685867885429,30.142720018650564,17.171999979735283
2016,19,129,Mills,205.84775039627692,24.356108064798264,30.507580187872346,18.205631240639367
2016,19,155,Pottawattamie,134.19308548463275,23.814755088130465,29.989872098163485,17.640627121197397
2016,19,123,Mahaska,128.95837616843224,23.075598703416706,29.242089313913517,16.91012901387152
2016,19,125,Marion,133.86746957435534,23.39690252772977,29.32067100095077,17.474125429243806
2016,19,053,Decatur,130.5336190737788,23.342064444143276,29.402691540764902,17.282458669249728
2016,19,031,Cedar,218.88786413028217,22.28853397594223,28.14321587626501,16.43484334047801
2016,19,151,Pocahontas,111.99915435035534,22.505394382718393,28.82980708459065,16.1820009065507
2016,19,109,Kossuth,159.34230923980869,21.841821725994265,27.930207414177552,15.754425703880633
2016,19,089,Howard,251.6938793643093,20.142820134203895,26.225121494239684,14.061497911585192
2016,19,147,Palo Alto,137.27173698564962,22.399798903070174,28.771848503230476,16.02874105138012
2016,19,159,Ringgold,130.94891967820197,23.298889212905088,29.19617492161951,17.402587522683948
2016,19,025,Calhoun,113.75049744277338,22.57868682634478,28.811183751673028,16.34720361232758
2016,19,039,Clarke,135.85250659249982,23.383981396419184,29.510892245705413,17.25808456177244
2016,19,065,Fayette,202.56828739605618,21.030089780020706,27.023688183596626,15.037479421858833
2016,19,001,Adair,108.79807029900016,23.27829922349978,29.42951950394634,17.128093547525825
2016,19,037,Chickasaw,243.49074070960364,20.98564432064832,26.895072608975056,15.077228697785957
2016,19,081,Hancock,154.2819040136667,21.317364854621545,27.261139351284033,15.374572067984909
2016,19,157,Poweshiek,166.49402359997046,22.8007594653039,29.17398819099102,16.42851596314297
2016,19,165,Shelby,103.21548714678973,22.930104789524172,29.189075994885506,16.672131970489545
2016,19,185,Wayne,120.93895735174239,23.135351608918864,29.188903688125432,17.082790734565215
2016,19,097,Jackson,243.0938545006038,21.591880799179922,27.459852538330797,15.724880654060966
2016,19,043,Clayton,191.47639366619694,20.933912067798367,26.87392431103517,14.994884595977256
2016,19,007,Appanoose,113.98513543611047,23.251479611332023,29.316103767862952,17.18785882981133
2016,19,177,Van Buren,124.6600350441852,23.594825942799627,29.771240818967946,17.419413095960643
2016,19,197,Wright,145.4260807180318,21.902961463938727,28.161085278223396,15.645816985007277
2016,19,137,Montgomery,191.22734972230302,23.616778968053573,29.8414757678709,17.393065477264965
2016,19,175,Union,124.08878911468348,23.253657448525505,29.210005238985406,17.298308082409303
2016,19,107,Keokuk,140.75687483937043,23.0349274906871,29.265668905614795,16.805172796841173
2016,19,131,Mitchell,237.14015621365417,20.86326714867709,26.58800429823053,15.139501158601389
2016,19,191,Winneshiek,197.57438182294106,20.517556312702833,26.466686567761194,14.56943076855087
2016,19,161,Sac,116.008555619428,22.55277724344222,28.72739227928793,16.379157798483604
2016,19,055,Delaware,222.2307338692449,20.852959682920844,26.920633275588827,14.786264534295388
2016,19,067,Floyd,300.93521052219836,21.505222871477194,27.310785353438337,15.700658928608584
2016,19,009,Audubon,106.96652168230345,22.838394887146414,29.12177995723909,16.556000013972678
2016,19,079,Hamilton,129.1483307004073,22.27309280151352,28.58044837299086,15.966706541747968
2016,19,069,Franklin,191.26196262126277,21.80050413811727,27.875617894964247,15.726391522571584
2016,19,141,O'Brien,128.43544790611705,22.136268431866295,28.401869799996025,15.871668488766801
2016,19,167,Sioux,120.57273314095286,22.36913145961256,28.8860557350818,15.853219102034055
2016,19,005,Allamakee,202.31528876066523,20.984324127105594,26.670494344907162,15.299161535771129
2016,19,189,Winnebago,234.15490237222022,21.135246611058918,26.99255834291637,15.278940132898631
2016,19,093,Ida,132.84031872208217,22.60970101403952,28.977950300782854,16.242445747887906
2016,19,029,Cass,113.10939679281256,23.14091167198196,29.452898701890017,16.82992136531127
2016,19,083,Hardin,176.8768121362673,22.198968388442854,28.388645158431444,16.010287311720578
2016,19,173,Taylor,130.7092071867421,23.367192141060126,29.332339399195586,17.40304829501965
2016,19,145,Page,174.18733247470306,23.600968273273033,29.647583565456184,17.555329211837165
2016,19,035,Cherokee,99.8072736150151,22.422954206001627,28.7804739304079,16.066421772035973
2016,19,071,Fremont,176.8579335815869,24.391617058016003,30.517199849965078,18.267013209845484
2016,19,095,Iowa,176.10011019095586,22.726920194831965,28.99938901619298,16.455441764440202
2016,19,023,Butler,235.46968973207495,21.9298461878279,27.856900769356475,16.003804540857804
2016,19,063,Emmet,143.02583451003068,21.623389464464417,27.677887306734082,15.569896078715008
2016,19,047,Crawford,107.90070755438049,22.77261705786426,29.075181276027575,16.471069440625662
2016,19,019,Buchanan,223.15936345166747,21.45430481270161,27.43484538694262,15.47477422874064
2016,19,143,Osceola,193.8481557405636,21.822651733917667,28.10540560993483,15.540918969992873
2016,19,073,Greene,117.32688098726464,23.09712898916173,29.596188199122516,16.599074770072825
2016,19,087,Henry,118.88896267603533,23.33658671507572,29.49229838045889,17.181872025287763
2016,19,119,Lyon,135.91942487648683,21.992334560646764,28.5159514569479,15.469700168421717
2016,19,003,Adams,142.61329936088384,23.194019095233653,29.229850122418345,17.159163108137204
2016,19,133,Monona,110.75118069536637,23.488616820580642,30.27812624730665,16.70009784365013
2016,19,091,Humboldt,108.06944502931508,22.08855888172858,28.331959452135603,15.846183779328733
2016,19,115,Louisa,192.08010147545366,23.287867133441544,29.323276270099022,17.25343632570905
2016,19,171,Tama,198.28654380897666,22.144855104196253,28.348755390788384,15.941932971092596
2016,19,135,Monroe,105.67325074190292,23.200799083543973,29.223425117344878,17.17917557056991
2016,19,117,Lucas,111.80919082240858,23.32774286584036,29.393047897215062,17.263424287052203
2016,19,057,Des Moines,160.53857398130071,23.38037319830405,29.245804589151568,17.51595283034228
2016,19,011,Benton,251.3533358858742,22.184987847125065,28.239546850192976,16.13142070917059
2016,19,113,Linn,249.02125222723888,21.93424615721099,27.896728204587152,15.97276406538117
2016,19,105,Jones,236.7785975428332,21.56990649443634,27.488157910783162,15.652650848773103
2016,19,103,Johnson,232.94896163135883,22.728573510931515,28.65524484541623,16.802913869910945
2016,19,183,Washington,152.6269842288885,23.089940984166137,29.258791412542642,16.922086866031137
2016,19,045,Clinton,217.52227338126903,22.175267786461735,27.98918743645656,16.36235086065653
2016,19,163,Scott,213.9268805940726,22.650266110000423,28.24799420735026,17.053530665136208
2016,19,139,Muscatine,202.42079523586398,23.070785768577938,28.95296753126704,17.189584677216473
2016,19,169,Story,125.4809886862748,22.57694976911487,28.736317957740226,16.418568848606085
2016,19,015,Boone,105.62611455716234,22.79222253772741,29.070849115837415,16.514571801418462
2016,19,121,Madison,115.47755023045403,23.18804538375413,29.27132527544524,17.105740499041012
2016,19,181,Warren,163.1085668576527,23.611944937640985,29.530215980209558,17.694663618072408
2016,19,049,Dallas,127.16027984900464,23.30316881838657,29.51856250530351,17.088771534006973
2016,19,153,Polk,152.9846275773629,23.51644196952213,29.443424993249728,17.59046720938081
2016,19,077,Guthrie,103.62410724325764,23.155232745245556,29.56461500456098,16.74685060714963
2016,19,099,Jasper,155.27063652987638,22.96438967914677,29.028604508667886,16.90117659387307
2016,31,043,Dakota,104.15936322951657,23.396770823795734,30.01254293350461,16.78198202372426
2016,31,051,Dixon,138.10642057524015,22.933869623607823,29.51823342937601,16.350496638228055
2016,31,053,Dodge,228.47493748556778,24.07058376758793,30.342810096485564,17.799342165088973
2016,31,025,Cass,206.2438880751701,24.605484784881792,30.669863246192634,18.542101907079523
2016,31,055,Douglas,194.94234538670767,24.604016952817275,30.56530055735983,18.64372298147012
2016,31,153,Sarpy,207.36574485751382,24.622707489494953,30.656979500690344,18.58943055681536
2016,31,155,Saunders,222.3048846020708,24.30987905074188,30.604008084914128,18.016733880661427
2016,31,177,Washington,156.15923759908588,24.303259306295914,30.46639082599549,18.141113916796336
2016,31,067,Gage,84.1051887650942,24.724204642853593,31.088599197196533,18.360803787097772
2016,31,109,Lancaster,142.19560105776569,24.716251351844313,30.91195421685897,18.52154483809243
2016,31,159,Seward,104.81677651307366,24.198254846765252,30.53831963598336,17.859190048992605
2016,31,139,Pierce,91.10165816041398,23.10602774068482,29.56293882598983,16.65012859748971
2016,31,119,Madison,124.47056056150477,22.87993365798141,29.05841978437677,16.70245360950811
2016,31,167,Stanton,172.14350585253118,23.056338465647574,29.3491636013041,16.7645152170765
2016,31,117,McPherson,150.97387964619236,22.16526581235739,29.876843495895432,14.454686468146441
2016,31,111,Lincoln,110.56947166391113,22.741774485271446,30.34725683943844,15.13727854352198
2016,31,113,Logan,141.8225063330159,22.070513446844327,29.691665994514114,14.450359568461254
2016,31,007,Banner,51.17563971203016,21.285939107160576,30.547023039789853,12.025853547703273
2016,31,157,Scotts Bluff,42.65034565243153,22.449684650376472,31.506561657948726,13.393806733652676
2016,31,165,Sioux,46.976782305805095,21.059723874188897,30.293188136311528,11.827259217949454
2016,31,039,Cuming,179.11274666538418,23.269659540806746,29.60810378806017,16.932193696698913
2016,31,129,Nuckolls,53.44951297743819,24.57689714576375,31.502308806764177,17.65247555409255
2016,31,101,Keith,71.29256058231284,23.09032864643924,31.062408831504353,15.119256154337984
2016,31,137,Phelps,86.96696680448235,23.43925431705588,30.325214993012377,16.55428347288053
2016,31,181,Webster,55.44162459110242,24.41147499939791,31.61402782770494,17.209928219242773
2016,31,015,Boyd,105.07927327835539,22.482154185854753,29.602132568162613,15.363163827697859
2016,31,171,Thomas,124.93890533903509,22.237812718188856,29.880967298184363,14.595648320885083
2016,31,089,Holt,122.35844999877129,22.5417074456785,29.574213605002797,15.510199515871667
2016,31,017,Brown,112.35536120314376,22.048844177097738,29.441962089639922,14.656722767991873
2016,31,103,Keya Paha,84.76834587819191,22.307417064041395,29.91340594812745,14.702413022307345
2016,31,077,Greeley,97.80337084447532,22.68274334229162,30.071116971596336,15.29535701177307
2016,31,095,Jefferson,72.35168705338529,24.788380116015666,31.394898707522334,18.182847344039693
2016,31,151,Saline,82.00834646680138,24.58917359185423,30.92964261427536,18.249697214993127
2016,31,057,Dundy,110.0330777703922,23.763093834644184,31.678571984641376,15.848625163552043
2016,31,131,Otoe,149.62660077048736,24.418316506102798,30.62902472620608,18.208612298714716
2016,31,087,Hitchcock,69.24811620907265,24.165256562496733,32.214530935518184,16.11696351652649
2016,31,105,Kimball,82.70174372728606,20.627562194793498,29.764127755935373,11.491983957540246
2016,31,127,Nemaha,139.75832354831084,24.621715526941276,30.886330100767594,18.358085296179677
2016,31,041,Custer,116.86117046194366,22.531111515134675,29.927261789816498,15.135955058180059
2016,31,143,Polk,82.83384203416941,23.81367259650713,30.43712332692322,17.19122207011856
2016,31,045,Dawes,55.120513050559644,22.063111375072033,30.863830890477377,13.263388051715612
2016,31,179,Wayne,122.04967818840352,22.862484572636614,29.241220549858816,16.4847323473354
2016,31,071,Garfield,121.83005122033227,22.326751046633504,29.5382663598629,15.116225526522465
2016,31,013,Box Butte,67.74471576562675,21.70852777434481,30.436334154962307,12.98171323550433
2016,31,173,Thurston,120.571382937209,23.565327085155058,30.44722971014657,16.6844154133871
2016,31,011,Boone,123.4466544746147,22.698251511184246,29.315792176125935,16.08170992470003
2016,31,145,Red Willow,91.24139906097162,24.142987088322354,31.897803011095668,16.38916850886601
2016,31,149,Rock,100.64732875694288,22.046391975868094,29.337678848130594,14.756074438531913
2016,31,005,Arthur,127.1653052137646,22.34167374591339,30.333222404797738,14.351128356706063
2016,31,085,Hayes,52.40476473210643,23.351402963300167,31.1345821068217,15.569225670695358
2016,31,097,Johnson,102.62717216414201,24.487843941796807,30.881052351731217,18.09560837093162
2016,31,003,Antelope,108.88110137912619,22.694316273135254,29.11585985586857,16.273776721381388
2016,31,163,Sherman,74.94662863130654,23.424051171440507,30.875192690615897,15.973898631911128
2016,31,161,Sheridan,81.19955680455129,21.598821955183638,29.90935946256431,13.289279507375275
2016,31,133,Pawnee,105.68811902391995,24.472068618701083,30.88864850285982,18.056479498966493
2016,31,075,Grant,126.6310537444748,21.68302504928931,29.60763313772809,13.75942457737866
2016,31,021,Burt,149.33834993827242,23.912627919869138,30.552661606676107,17.27361099566322
2016,31,009,Blaine,117.37892667211968,22.186709973202596,29.67898399114109,14.69543306451349
2016,31,027,Cedar,104.47384257631063,22.959566820521644,29.380676640646584,16.539444436950557
2016,31,169,Thayer,69.67827781067406,24.782525909186543,31.481149598454508,18.084890956016903
2016,31,049,Deuel,59.20946965643713,23.199126254189014,31.832550766871183,14.566696633684717
2016,31,123,Morrill,63.675322360966916,22.403134273243214,31.174856075883955,13.632406887598403
2016,31,115,Loup,131.70222258696097,22.09153688254427,29.494769425718435,14.689309045506478
2016,31,063,Frontier,90.66680509364976,23.762777809851336,31.16508798704089,16.361457767877535
2016,31,125,Nance,81.90783973994839,23.341208585657146,30.09814444328899,16.585255055425996
2016,31,107,Knox,83.87828478091996,23.12704268162418,30.136390853395447,16.118696726082057
2016,31,135,Perkins,77.27316493916554,23.330935240224935,31.31949008369383,15.343384919109871
2016,31,037,Colfax,178.8459561108621,23.763345857855246,30.109882396932832,17.41782089406478
2016,31,023,Butler,142.47157235693317,23.878800493501426,30.353564226739014,17.40503884765448
2016,31,031,Cherry,139.28310937863608,21.687812826413193,29.42799169022952,13.94863778931956
2016,31,183,Wheeler,131.7790801960051,22.690300994983158,29.677687904290988,15.7039260400592
2016,31,061,Franklin,58.899457279296236,24.354399749506538,31.474945075420017,17.234857544961066
2016,31,029,Chase,111.6965671116037,23.27189010233175,31.057767671405266,15.487010045129733
2016,31,059,Fillmore,50.14589119577403,24.352865794427107,30.921426568924755,17.785318201366564
2016,31,185,York,81.41222127618829,24.139952010144174,30.79459984012501,17.48630979064893
2016,31,035,Clay,37.631586544032594,24.364693338525775,31.064431376719163,17.665931454607346
2016,31,033,Cheyenne,55.183805163261624,22.024454444900375,30.70534834858119,13.344547441046055
2016,31,069,Garden,83.06692347981807,22.246473817303077,30.694474778341597,13.799456805282205
2016,31,083,Harlan,90.42017167328278,24.312930698092526,31.448523798158384,17.178335741209153
2016,31,091,Hooker,144.3214547754152,21.807610556229896,29.353739565433237,14.262472221197468
2016,31,147,Richardson,114.74082782622064,24.750309253177196,31.055575121269595,18.44602630328096
2016,31,065,Furnas,121.88706933555238,24.228993213674066,31.845659091608702,16.61330643037045
2016,31,175,Valley,91.30027033999983,22.828388074074606,29.988024082625767,15.669737445820504
2016,31,141,Platte,146.2608828495907,23.252261942685955,29.649029719042208,16.85649520605191
2016,31,121,Merrick,64.58266192518006,23.881732866485933,30.55729744998806,17.207163297952597
2016,31,079,Hall,66.26529020574188,24.015771542000497,30.792785208686425,17.239756812294658
2016,31,081,Hamilton,79.02179764093583,23.967931592580573,30.558428579823143,17.37843826878259
2016,31,093,Howard,67.07889862301137,23.534572596903622,30.587519871719504,16.482622932883544
2016,31,001,Adams,50.375260914580885,24.227092692428155,30.934523079451438,17.520660923600655
2016,31,099,Kearney,40.886315781320924,24.09267984609493,31.056142160924185,17.13020777580136
2016,31,019,Buffalo,71.46068323621513,23.58716615468486,30.72343283342096,16.451896339448172
2016,31,073,Gosper,101.53499186958759,23.48333889225171,30.51771085498028,16.449956292644003
2016,31,047,Dawson,100.58523834942477,23.15454287248338,30.188630208341213,16.12143398333567
2016,37,037,Chatham,190.12365123953393,24.895452044510694,30.650282239416555,19.14162112869689
2016,37,115,Madison,131.32840111007062,21.914893798142725,28.900840045573666,14.929943796144094
2016,37,087,Haywood,150.86549324716808,20.324980452018064,26.834168272061746,13.816784237583624
2016,37,021,Buncombe,132.60968547994563,22.082029242506614,28.663192162688446,15.501857901455464
2016,37,089,Henderson,209.3966082449822,22.736621475259934,29.039060297581337,16.435185828742757
2016,37,175,Transylvania,172.19829077329248,21.93355590929303,28.415806765271462,15.452311037583776
2016,37,167,Stanly,119.43560503935379,26.001321422124406,32.35179391529635,19.65183572070334
2016,37,109,Lincoln,129.89014931452033,25.42281939385973,31.939642995050555,18.906975476856644
2016,37,159,Rowan,122.89732764559584,25.02746669906851,31.417194428387557,18.63874991261529
2016,37,025,Cabarrus,135.70757857287353,25.905884038878757,32.39373957442492,19.41903197324986
2016,37,097,Iredell,151.98691773619393,24.691885373885597,31.106886058092066,18.27787564597209
2016,37,071,Gaston,127.40779058990553,26.07320767545984,32.35553191977225,19.791874744189673
2016,37,179,Union,128.9294869066962,26.632849427238412,32.82386564042373,20.442836669075863
2016,37,119,Mecklenburg,102.34569487891989,26.30934478241128,32.396453417519275,20.223218201650756
2016,37,045,Cleveland,149.48510322055392,25.478975668905594,32.07477916116444,18.884180419910937
2016,37,005,Alleghany,197.4499938537332,20.39725723721107,26.29724802395651,14.49824248657466
2016,37,173,Swain,179.1752000122726,20.66178226283175,27.236095401761414,14.08847298424275
2016,37,011,Avery,147.35294148152076,19.84068768055529,25.276953062753044,14.405401167686813
2016,37,033,Caswell,267.2441529753364,24.323065161440987,30.521584674656054,18.12554993793481
2016,37,075,Graham,201.49951554566385,21.749730843158826,28.096103223098254,15.404373122797757
2016,37,007,Anson,155.1245641255497,26.689515870496443,32.871824987993726,20.508204792868607
2016,37,149,Polk,158.69640907428226,25.112313714017134,31.61965237901495,18.605958715848345
2016,37,039,Cherokee,182.7034356375189,22.865271265639112,29.49424137183374,16.237301765345634
2016,37,113,Macon,161.35805501168036,21.66124920041544,27.86875120187464,15.454722166695639
2016,37,009,Ashe,162.74624906936182,20.119910900609373,25.8531183358308,14.387720464051576
2016,37,123,Montgomery,148.55362745718475,25.99822792746886,32.316363890171594,19.68106443184686
2016,37,043,Clay,158.65135006401803,22.123958808211263,28.29574643495435,15.953165859971362
2016,37,121,Mitchell,140.43266282807198,20.411838052221146,26.45970954579201,14.36493628953615
2016,37,199,Yancey,140.82372480157613,19.990937447438977,25.992024227280098,13.990850061396456
2016,37,189,Watauga,145.60047520996088,20.13733472423274,25.676529767530468,14.599138870016315
2016,37,099,Jackson,139.6937193846107,21.05165783948954,27.42305604504304,14.681249449539141
2016,37,161,Rutherford,151.43998423120573,25.044076062084173,31.835157281166985,18.253982107485495
2016,37,193,Wilkes,168.9734480117152,23.499763717757588,29.857990668425025,17.14254499036269
2016,37,125,Moore,195.14944165644863,25.966610571815348,31.894194623324214,20.039999478945834
2016,37,153,Richmond,203.4789885556689,26.538278417733846,32.48520141756232,20.592344452951775
2016,37,093,Hoke,202.5489849266112,26.883359959956238,32.50253979675115,21.265166084746866
2016,37,165,Scotland,180.30153750753226,26.90366047133663,32.69921150438971,21.109107791934644
2016,37,155,Robeson,198.54264932664444,27.02266562086694,32.61943102133758,21.426885069751904
2016,37,001,Alamance,212.88369442129755,24.7964926734108,30.661147156570838,18.93282084241532
2016,37,151,Randolph,162.04229125646773,25.117485805524563,30.924052842361704,19.3119212882503
2016,37,081,Guilford,177.26354332755048,24.966271973517664,30.61464156304284,19.31890255656241
2016,37,157,Rockingham,227.4322573964556,24.177742756019207,30.32993667492624,18.026526471024855
2016,37,171,Surry,167.02435096728013,23.26347935874832,29.62464531639158,16.903337587791732
2016,37,057,Davidson,137.01694212600137,24.995939515318838,31.08057507120948,18.912302857704855
2016,37,169,Stokes,144.2887548617773,23.75627340881225,29.989865828488693,17.523668533140192
2016,37,067,Forsyth,179.36854855952066,24.606344692976414,30.479751947097753,18.73395651855642
2016,37,197,Yadkin,168.58211092650208,23.92783515906361,30.29591758210258,17.56073900881349
2016,37,059,Davie,165.9568449798962,24.44953061159771,30.877000102960366,18.023055636519945
2016,37,027,Caldwell,200.6335953588165,24.071104940518385,30.416694918437074,17.726495784467247
2016,37,003,Alexander,190.29298394481893,24.48575175758207,30.650658919893466,18.32185383429851
2016,37,035,Catawba,151.6435777794221,25.160966382303855,31.466778681828426,18.856141166364573
2016,37,023,Burke,155.68520451785275,24.15990979429209,30.690799948394098,17.63001129355642
2016,37,111,McDowell,136.6494001117307,23.233235005679767,29.898117009430266,16.56935301660701
2016,37,029,Camden,145.05236270762458,25.189677854819326,29.69350244162631,20.68685730090488
2016,37,139,Pasquotank,124.36669900115095,25.18585672696967,29.68166997565385,20.691050522210826
2016,37,143,Perquimans,159.210630850334,25.27523215749497,30.050013412000162,20.501436620876408
2016,37,177,Tyrrell,223.94502866398503,25.51845415729003,29.918395991833595,21.119492238220623
2016,37,055,Dare,249.41311981959657,25.505291276539094,28.421444467681155,22.59011786065871
2016,37,073,Gates,160.77935115704267,24.57946540615781,30.34686435323583,18.813056927454742
2016,37,053,Currituck,151.52370531347924,25.20435300353279,28.80035596107202,21.609364820921037
2016,37,019,Brunswick,183.553483003684,26.80076071239215,31.65488962239306,21.947622932467343
2016,37,031,Carteret,279.16181003291507,26.31388981173375,29.712496903251086,22.91628862068013
2016,37,137,Pamlico,268.3478403772784,26.185841274573544,30.64717897639512,21.72548037597746
2016,37,049,Craven,273.02497281515707,26.2642864411759,31.419821916560448,21.109737662102727
2016,37,103,Jones,232.93459685519102,26.149569596074777,31.68356274757298,20.616572394415265
2016,37,085,Harnett,222.17521150128698,26.116505176351872,31.64821790398475,20.58578743709889
2016,37,063,Durham,261.96266269653637,24.478554283746153,29.949626457290496,19.00846184614827
2016,37,145,Person,252.0563443726391,23.9377552209592,29.71368074709876,18.162790681889483
2016,37,135,Orange,247.55887992780166,24.525468497578494,30.280275116290134,18.771681206057604
2016,37,181,Vance,201.92124450077054,24.30433258722107,29.996338615182783,18.613319554365162
2016,37,077,Granville,239.05931687541738,24.121460193800225,29.60539203871002,18.638519326034857
2016,37,069,Franklin,245.53765421131314,24.40102805934462,29.91475836388197,18.888290255137793
2016,37,101,Johnston,214.97156881401423,25.63945356760947,31.21083643586755,20.06907384041382
2016,37,183,Wake,203.59213831396136,24.763914464600475,30.152706271750123,19.376117065002703
2016,37,105,Lee,193.7985700606218,25.455086397094405,31.23549191021584,19.675649969010394
2016,37,131,Northampton,214.9187119281104,24.312062393274353,29.92282789573883,18.70229504465671
2016,37,083,Halifax,218.20668147745687,24.51277602416276,30.06380255594783,18.962723537582875
2016,37,127,Nash,204.76967756348722,24.83805383148034,30.28219572069117,19.394913312957303
2016,37,065,Edgecombe,199.25379261606486,25.106830763931125,30.560201479880998,19.654452474699415
2016,37,195,Wilson,237.98103307176322,25.482632284913496,30.95038602634925,20.01587572917224
2016,37,163,Sampson,217.32239031363656,26.501105502975804,32.10520117177452,20.897997560298734
2016,37,185,Warren,211.908942406768,24.61983335072629,30.334394229862095,18.906272005490134
2016,37,187,Washington,236.09692125068744,25.46573367961351,30.346741864242347,20.585737799010165
2016,37,061,Duplin,226.93241143948282,26.261506067929616,32.0829927335086,20.441009653993554
2016,37,091,Hertford,194.04944378193127,24.2609865100132,29.765581572179048,18.75741160106251
2016,37,017,Bladen,188.95921832339735,26.69539932509724,32.43579412184669,20.956003555632794
2016,37,095,Hyde,282.87311299988966,26.01538878924191,29.838174578331472,22.19359491065023
2016,37,015,Bertie,195.6836485864938,25.037145293771044,30.50456096197841,19.57072103176744
2016,37,079,Greene,250.8609192859692,25.969861217179293,31.48406451545047,20.45664483191024
2016,37,041,Chowan,183.32526307941106,25.453390028780394,30.364172959333672,20.54360784674365
2016,37,117,Martin,238.91508765812134,25.275019042673737,30.55525728137614,19.995766314579257
2016,37,047,Columbus,202.39900396621496,26.600588272642028,32.12114958645678,21.081026368200344
2016,37,191,Wayne,236.6908204567125,26.101720251760415,31.613064993126972,20.59137538401977
2016,37,133,Onslow,240.91755395860176,26.232166141610076,31.185383216611875,21.27995473747768
2016,37,107,Lenoir,230.84761211390233,26.092822442951896,31.65997636572893,20.526654192672957
2016,37,129,New Hanover,229.7073537264785,26.783986027505577,31.28208264484971,22.286890596717342
2016,37,141,Pender,219.3384969188979,26.36853591450601,32.08211524239066,20.655950977677975
2016,37,051,Cumberland,210.7127489027075,26.970802657932644,32.42700975743473,21.515591359884958
2016,37,147,Pitt,290.2027468454417,25.753999275949816,31.09107549340257,20.41792518663089
2016,37,013,Beaufort,268.27071802348297,25.904949616315474,30.961732885241034,20.849163213323884
2017,17,121,Marion,106.13528124420117,24.112424028905817,30.19447255394047,18.031372700942466
2017,17,005,Bond,113.27708957759194,24.18489455483482,30.197685574752136,18.173104697427547
2017,17,083,Jersey,109.29298481518939,24.36838023228971,30.171119690321536,18.566622889641806
2017,17,163,St. Clair,92.71546715168014,24.995786477035654,30.91942011137631,19.07315357859328
2017,17,027,Clinton,112.51682188517204,24.405821567084352,30.23529778859538,18.577333725633
2017,17,013,Calhoun,105.9630180100496,24.418029939168115,30.400941130201147,18.43610229368473
2017,17,119,Madison,128.886659422574,24.53432226667636,30.174926908310024,18.894723494427012
2017,17,133,Monroe,91.25621468634446,24.86873213976169,30.981910447784635,18.75654690382426
2017,17,117,Macoupin,121.4782225960019,23.857822840919017,29.666083933034695,18.05057200691331
2017,17,171,Scott,70.71725406479396,23.881835218232364,30.037790141349856,17.726874965023296
2017,17,137,Morgan,61.51147390815051,23.859821381234138,29.99306201143099,17.72757933220531
2017,17,107,Logan,102.16237906735894,24.015062530404514,30.11439474390247,17.91670456364565
2017,17,129,Menard,78.51985999826583,23.904743219900354,29.968778141072804,17.841699934109826
2017,17,167,Sangamon,82.50188303713162,24.066895292054088,30.048431929111945,18.086346560805346
2017,17,021,Christian,81.47395800407133,23.814452610677293,29.880603285737166,17.74931393001885
2017,17,127,Massac,205.95712104067246,24.502461318463247,29.889075624840764,19.11680324880598
2017,17,057,Fulton,111.32667790607371,23.405093231925655,29.643076247555925,17.16811900428948
2017,17,175,Stark,171.41130494654985,22.48397435695779,28.844945202578664,16.124018785149552
2017,17,203,Woodford,119.85121699903495,23.23371771560281,29.59792900381122,16.870502539350152
2017,17,179,Tazewell,121.61780359539775,23.62356006364314,29.737172924426403,17.510961548344074
2017,17,123,Marshall,144.96520730754557,22.72270553671624,29.016623557623618,16.429785545995326
2017,17,143,Peoria,145.50826823841118,23.01474525189535,29.211885398734807,16.81858342148919
2017,17,001,Adams,145.0187547164757,23.893455988244686,29.689000013549137,18.098923511351185
2017,17,177,Stephenson,208.92267136536682,21.311101144869944,27.291712409529993,15.331477433526677
2017,17,141,Ogle,181.56358044742865,21.72342429693283,27.682351663999558,15.765486574448834
2017,17,201,Winnebago,243.47717917731842,21.603931543240357,27.375870681869984,15.8329876032895
2017,17,007,Boone,285.5004150524411,21.397031457540667,27.412575633202994,15.38247152867717
2017,17,025,Clay,85.21013719847883,24.313079682963302,30.75316398834513,17.873971757540314
2017,17,185,Wabash,139.4155383164562,24.092125446054037,30.25394920104244,17.931298648600485
2017,17,009,Brown,113.94408720432924,23.47476394443053,29.58068815196125,17.369855499083535
2017,17,151,Pope,164.72535850382687,23.820386118732372,29.739944229227994,17.901833530414635
2017,17,033,Crawford,107.45530838632597,23.863865749027138,30.14843163590719,17.580295923870754
2017,17,135,Montgomery,115.74227450201843,23.855861742077025,29.93672942429282,17.775981898870327
2017,17,055,Franklin,159.2000604016727,24.289351833196722,30.07896191258825,18.500726879177183
2017,17,023,Clark,121.38187633588254,23.95576393564427,30.369944755234524,17.542570995687598
2017,17,059,Gallatin,143.71829930803173,24.152038910078208,29.806536947683707,18.498534541821492
2017,17,075,Iroquois,221.2974249541928,22.849684593274315,29.02855536383323,16.67180224834948
2017,17,041,Douglas,127.27144123612169,23.53693784634198,29.447743155001774,17.627130061574253
2017,17,189,Washington,112.2014816958838,24.346076322508676,30.224479443342425,18.468672848742884
2017,17,159,Richland,114.38905185326233,23.92487364964211,30.161421333209184,17.689327868581074
2017,17,065,Hamilton,171.3336246538425,24.151254300338532,30.04989630564597,18.253597482374367
2017,17,193,White,158.302176216641,24.247552897795327,30.166451925766978,18.329647862426107
2017,17,169,Schuyler,95.46716666518161,23.54944504899164,29.803448161566607,17.29645229295966
2017,17,181,Union,152.69516150660357,24.60315533383563,30.233376567499015,18.97392599597727
2017,17,085,Jo Daviess,173.64696829561504,21.379381079457623,27.632878767076633,15.126861544420715
2017,17,125,Mason,93.774323501302,23.93333535367117,30.291788599553122,17.57587283098168
2017,17,191,Wayne,138.26974684023807,24.213052295277414,30.367914180714763,18.059188113856493
2017,17,069,Hardin,130.36668676804894,23.57503859094396,29.465069426408146,17.686021589203257
2017,17,061,Greene,100.38123596160902,23.924879851967063,29.939193130828336,17.91155812664301
2017,17,157,Randolph,134.77673398644714,24.83470512530573,30.993430933378754,18.67697555811893
2017,17,149,Pike,125.67718701223579,24.01261998989742,29.962563356449216,18.063664045453052
2017,17,145,Perry,161.59713162792067,24.49502819564494,30.23512605439855,18.75590878750415
2017,17,087,Johnson,195.30679741841524,24.31209766136395,30.09012491634981,18.535054757926403
2017,17,173,Shelby,92.33518982651731,23.98239950827391,30.222103170335927,17.743687824421464
2017,17,051,Fayette,114.53126882900716,24.103743461920754,30.302945970251358,17.905540097523758
2017,17,139,Moultrie,108.73526965893222,23.72498509301609,29.70440170432882,17.746589770693845
2017,17,017,Cass,68.95684758935515,23.838576039559214,30.1517444513704,17.526398203260005
2017,17,015,Carroll,157.41010725215648,21.830414246052356,28.273816933274077,15.388000766351059
2017,17,047,Edwards,135.50438301271816,24.230552224446804,30.39203510755575,18.070068426310918
2017,17,079,Jasper,124.04392501535798,23.996659986731565,30.29978453030921,17.694535735039715
2017,17,187,Warren,146.4363468823128,22.978135074486133,29.321943457355577,16.635336212376384
2017,17,153,Pulaski,137.17050079927702,24.9504722099696,30.149882341619236,19.752078054340313
2017,17,165,Saline,168.9540191025991,24.041448659857036,29.85062588368668,18.23327248717843
2017,17,101,Lawrence,105.1636815370398,23.954985433762502,30.04462679761447,17.866322301689266
2017,17,045,Edgar,144.4666207774442,23.22269526067769,29.139573899549937,17.306812614935637
2017,17,071,Henderson,144.17666639233198,23.459997764041216,29.65975855516023,17.26121988352486
2017,17,199,Williamson,175.5745890328037,24.271905916596634,30.068853837584264,18.47594628714405
2017,17,077,Jackson,170.17789410277624,24.506563349487152,30.20576178824688,18.80837830184285
2017,17,147,Piatt,77.57521514297035,23.627707837783692,29.512141786529188,17.744269542754257
2017,17,053,Ford,146.09288374617418,23.052959988476992,29.207627708114035,16.899282587590363
2017,17,019,Champaign,85.75501321230597,23.54382335551637,29.502869821247263,17.585785556326353
2017,17,029,Coles,111.86925266422283,23.703742540890804,29.579987291651552,17.828474461653276
2017,17,035,Cumberland,108.06316071435624,23.99369064279504,30.33667027994104,17.65169407117689
2017,17,183,Vermilion,145.9488434671767,23.080055273551096,29.014413283106215,17.14669196287579
2017,17,115,Macon,94.56046834877374,23.92942048061906,29.811819729826595,18.048035119529498
2017,17,049,Effingham,108.06663343855189,24.097522014063582,30.414921796930386,17.781114387847936
2017,17,067,Hancock,120.9718524097412,23.75996331274105,29.869579465906725,17.65136197297132
2017,17,095,Knox,136.5702275335919,22.761346993666873,29.072660860624982,16.451038971638198
2017,17,109,McDonough,113.27065946654062,23.239842591665273,29.48327569997584,16.997401691378755
2017,17,081,Jefferson,136.24509860895563,24.056742207575788,29.9839888244064,18.130490374774197
2017,17,113,McLean,99.98818811504852,23.465450396667247,29.653282253953538,17.278611747765552
2017,17,039,De Witt,74.56989024169735,23.690685806702778,29.72786415778103,17.654484518815615
2017,17,105,Livingston,158.47981137040196,23.05507745042698,29.33269317013577,16.778468850668418
2017,17,003,Alexander,136.5415773950505,25.08290029038998,30.30964914631815,19.857109118266667
2017,17,093,Kendall,115.32232688259934,22.307484434791395,28.391917571536858,16.22405477904759
2017,17,031,Cook,161.03333832698587,22.42943036409549,27.693635842805605,17.166215784894156
2017,17,037,DeKalb,173.61184313742297,21.802060597205212,27.651242725677445,15.953880070392175
2017,17,089,Kane,201.66839381806338,21.84021508777728,27.7517652995304,15.929668365845275
2017,17,063,Grundy,143.72334674357643,22.62989643430185,28.824967136970162,16.435828280399583
2017,17,111,McHenry,283.37438970400876,21.123567707060545,27.271613368529717,14.976510399773115
2017,17,197,Will,110.47291351049333,22.48847357272582,28.613140425768663,16.364812348943286
2017,17,043,DuPage,150.57530145835528,22.232836319753385,28.29249388224721,16.17415523026443
2017,17,097,Lake,351.54127464132733,21.099060013579873,26.45091203908185,15.74820057750584
2017,17,091,Kankakee,158.97113623525215,22.666699305415175,28.90306791545937,16.431331474563468
2017,17,011,Bureau,164.20592282065533,22.370203305244047,28.512218484159618,16.22917636575822
2017,17,155,Putnam,174.29497665164695,22.678102246445693,28.91511287641083,16.442041866512636
2017,17,099,LaSalle,143.13058143913636,22.506025315054565,28.617810503641774,16.395232053916185
2017,17,131,Mercer,119.27061278471344,23.075903448480844,29.50901474636928,16.6437862924849
2017,17,161,Rock Island,140.18979082597042,23.103916003270783,29.245584200394255,16.963208408261664
2017,17,073,Henry,162.0744501801163,22.722229545578458,28.961657812577624,16.4837861707135
2017,17,103,Lee,148.09821930050137,21.980088839210406,27.945195112725106,16.01598147873756
2017,17,195,Whiteside,146.55125214357332,22.386868653763056,28.49001042509533,16.28471053904574
2017,19,149,Plymouth,60.66524397419745,22.499145174423813,29.58315550732938,15.41613439827106
2017,19,193,Woodbury,76.70568119945344,22.779882944521855,29.78900857760572,15.771759560945434
2017,19,027,Carroll,71.79501597552724,22.744181494699227,29.512874675750854,15.97648036614766
2017,19,061,Dubuque,203.28897324500494,21.31697396201281,27.30791295548171,15.327013447429088
2017,19,101,Jefferson,60.772298208955284,23.328916565402956,30.014396563821947,16.644411854141072
2017,19,187,Webster,92.0831045742229,22.29972100912318,28.92860378404104,15.671826767577507
2017,19,111,Lee,103.36092958323019,23.865564134897774,30.124645052432143,17.60748575090068
2017,19,127,Marshall,92.28722752339519,22.363359880792014,28.808239949629403,15.919503460620884
2017,19,195,Worth,120.38665369372718,21.0641050022368,27.22508107346855,14.904129088415415
2017,19,033,Cerro Gordo,114.49488298409472,21.561022378187197,28.03337563291506,15.089660342869884
2017,19,051,Davis,76.20496350561844,23.330434979302147,29.898934861858056,16.762930391286805
2017,19,179,Wapello,57.76275531324935,23.45920170682064,30.0059592041974,16.913432875195873
2017,19,041,Clay,91.08120110262844,22.044674024712606,28.724946158861634,15.365402916799816
2017,19,059,Dickinson,137.49086819555993,21.67489058830491,27.822952537511846,15.527828401465205
2017,19,021,Buena Vista,70.54357704717533,22.232904896571977,28.900456866971993,15.566379185696958
2017,19,013,Black Hawk,166.33776110402542,21.960980284765263,28.33977497654938,15.583176665316916
2017,19,075,Grundy,151.90465141117332,21.99220435007788,28.40887036800452,15.576545418233108
2017,19,017,Bremer,230.99262042536924,21.81377808029429,28.10705187989022,15.52149946555481
2017,19,085,Harrison,126.22177440351108,23.281365261048236,30.00183208614725,16.561896286944165
2017,19,129,Mills,167.91583692688076,23.82043290536621,30.15027805775493,17.491577435426816
2017,19,155,Pottawattamie,112.02278457038437,23.368117879559726,29.75864067424886,16.97859396799769
2017,19,123,Mahaska,70.05350217578311,23.185695300268563,29.775311093781173,16.597082603749175
2017,19,125,Marion,95.7283801399205,23.507756017387,29.748322624311566,17.268196877383083
2017,19,053,Decatur,92.33137047723704,23.25652083062952,29.675596925536226,16.838443989135122
2017,19,031,Cedar,161.5066087163809,22.327042149537004,28.65770780454122,15.997386001330089
2017,19,151,Pocahontas,76.25345235677054,22.353565086828223,29.094010853849493,15.614119849179216
2017,19,109,Kossuth,104.11283455369006,21.860298250440476,28.333250343138474,15.388333002012978
2017,19,089,Howard,146.4241488957625,20.36760295542422,26.969705279376573,13.766503468439216
2017,19,147,Palo Alto,84.00074102865176,22.155204996418433,28.820915846422437,15.490474870235174
2017,19,159,Ringgold,141.16059441058846,23.016454205265035,29.30485894608883,16.729019933897312
2017,19,025,Calhoun,67.38413716452473,22.49674218979521,29.19171498756876,15.802748612220912
2017,19,039,Clarke,69.49652199690536,23.382161214193996,30.02588550198096,16.739425491992034
2017,19,065,Fayette,248.20519266214774,21.19766013780598,27.5672042018687,14.829099205127205
2017,19,001,Adair,115.174872018268,22.962368365553026,29.39659736241301,16.52913899735932
2017,19,037,Chickasaw,224.7118820886873,21.252087512741745,27.53089739201555,14.974266257202121
2017,19,081,Hancock,109.31207551093239,21.582600333640368,28.225243161533943,14.94094782923172
2017,19,157,Poweshiek,100.68458601061039,22.92548032804811,29.71950116279859,16.132443026553265
2017,19,165,Shelby,99.35109470084376,22.606030662311447,29.211672531160257,16.00140468916309
2017,19,185,Wayne,82.5703769228781,23.188233524971245,29.685695639085107,16.691770213192715
2017,19,097,Jackson,180.92063048427005,21.689967428613727,27.875958825528084,15.504973296574134
2017,19,043,Clayton,277.5512235754954,21.18402989897495,27.46069843739938,14.908361436857446
2017,19,007,Appanoose,114.70479453208546,23.1441148296884,29.62082598097391,16.66839620907832
2017,19,177,Van Buren,68.61834800163177,23.51083580008242,30.229430810165635,16.793234293491533
2017,19,197,Wright,138.83691903872574,21.985861731140115,28.638089981660283,15.334628069802314
2017,19,137,Montgomery,161.25844814126373,23.082287000534226,29.616661399826977,16.54891745920305
2017,19,175,Union,73.91406867462145,23.08179990860617,29.42412928990329,16.740461124847293
2017,19,107,Keokuk,73.60359068715387,23.159547742412155,29.990664494166683,16.329427859491076
2017,19,131,Mitchell,130.410191427843,21.303432824989397,27.48987185126473,15.117991307189888
2017,19,191,Winneshiek,146.88215918719774,20.8065592782702,27.07999801464851,14.53411909549079
2017,19,161,Sac,71.01724364577166,22.300957020785564,28.975067179278906,15.62781966252353
2017,19,055,Delaware,207.73635405657058,20.966716946114353,27.458832519010627,14.475608944557019
2017,19,067,Floyd,176.99600031919232,21.78415556954214,28.065173683229798,15.50411773184991
2017,19,009,Audubon,100.56001206300625,22.470710431381484,29.17569496212022,15.766726824980513
2017,19,079,Hamilton,114.94828814171842,22.253885965161988,28.909093406030788,15.599675728378978
2017,19,069,Franklin,187.96885891541632,21.875986853239365,28.49177654215986,15.261182445552238
2017,19,141,O'Brien,79.01484952130517,21.930113384396588,28.645360187207807,15.215876253493303
2017,19,167,Sioux,76.05280527861683,22.163062443392658,29.18918754701378,15.137944330468613
2017,19,005,Allamakee,160.54602783302963,21.32671795435086,27.169080391749606,15.48537001207888
2017,19,189,Winnebago,115.87098313837193,21.417504113789107,27.830374975618604,15.005628418589714
2017,19,093,Ida,76.79063092645794,22.32436480023966,29.143954534831117,15.50575445160936
2017,19,029,Cass,113.03917493458312,22.78783269538667,29.428237063899857,16.148423837410103
2017,19,083,Hardin,135.14852943246376,22.22820177813214,28.794823068032567,15.662580169017145
2017,19,173,Taylor,172.0699669290964,23.031905743410515,29.395940686800223,16.668844520507864
2017,19,145,Page,214.89980252906096,23.26519417913613,29.66801804053242,16.863358008123654
2017,19,035,Cherokee,55.02471475426734,22.118727975922237,29.00162104676399,15.236847268538597
2017,19,071,Fremont,208.87137332309155,23.719143979259623,30.084783402221,17.354504501721422
2017,19,095,Iowa,118.41158305858286,22.734771788726576,29.573284151233963,15.897237291628857
2017,19,023,Butler,209.82162105377432,21.916213652763183,28.329543784095847,15.503860558677378
2017,19,063,Emmet,133.63606592690866,21.45847704099211,27.718400404735583,15.19952203708821
2017,19,047,Crawford,85.47163804884863,22.563363786567784,29.23743611339216,15.890279992855087
2017,19,019,Buchanan,193.8992665320223,21.47144131233857,27.97981070183297,14.964057729715899
2017,19,143,Osceola,91.56823698141656,21.642399756958135,28.23535699570087,15.050453825195843
2017,19,073,Greene,74.43934885693305,22.94711009336397,29.879061248402635,16.016164496184427
2017,19,087,Henry,75.85889963792805,23.475412742904478,30.11104277763031,16.840789879400262
2017,19,119,Lyon,87.12366105769914,21.88688348794727,28.80771973670932,14.967034492352349
2017,19,003,Adams,133.51322667901292,22.748825125744837,29.21693507113825,16.281712049654722
2017,19,133,Monona,104.48912533693573,23.135875001366358,30.227364726052897,16.0453798717852
2017,19,091,Humboldt,95.32241855953855,22.044137494607927,28.694349646790524,15.394936253431515
2017,19,115,Louisa,108.51022604967677,23.37181024626235,29.963633561482702,16.780996310640088
2017,19,171,Tama,110.49252097848833,22.168849369700155,28.80990399848788,15.528808721193887
2017,19,135,Monroe,100.13515457327476,23.229023604469614,29.66832523912709,16.79070519279197
2017,19,117,Lucas,83.85127883973776,23.2132579521722,29.85188481874756,16.57560197936916
2017,19,057,Des Moines,115.67829051459958,23.544506115593116,29.903613442005742,17.186389955448448
2017,19,011,Benton,138.78351902440158,22.114102978247505,28.74251420495689,15.486688721700963
2017,19,113,Linn,185.60943480581946,21.918835816198925,28.443673084991655,15.394986510723381
2017,19,105,Jones,204.7890987700721,21.630165647166642,27.979938056945805,15.281386862259506
2017,19,103,Johnson,133.9977524208237,22.740140879897947,29.28379434006401,16.197467612207813
2017,19,183,Washington,100.38979202152571,23.081895230431332,29.922808924089566,16.241953272162572
2017,19,045,Clinton,154.12480305838432,22.30434373082468,28.39317944454568,16.216506345077228
2017,19,163,Scott,161.57772989381212,22.796978178348464,28.78858010941027,16.806390227424718
2017,19,139,Muscatine,158.84525899327954,23.103206780345612,29.555536967770447,16.65186919328302
2017,19,169,Story,89.20448372515781,22.56441507545341,29.062059820416454,16.06776560406129
2017,19,015,Boone,87.41293600495295,22.781003101758234,29.315610317153105,16.247394697121106
2017,19,121,Madison,94.43523422370438,23.29980268807247,29.796773354158407,16.803830768152295
2017,19,181,Warren,77.84463462786607,23.71482753306239,30.10524068797449,17.32540416028257
2017,19,049,Dallas,98.61472319632445,23.179636395761385,29.778669198169027,16.5815986533603
2017,19,153,Polk,95.53289870771938,23.533665660527117,29.84141521955622,17.226912773800482
2017,19,077,Guthrie,116.30960832436755,22.87449950335012,29.63794907012558,16.112040069348772
2017,19,099,Jasper,79.70224874737349,23.08226247604939,29.4936768264573,16.671842786951263
2017,31,043,Dakota,64.10784722283614,23.129833638970947,30.20459386211374,16.056077163976347
2017,31,051,Dixon,47.9954249458996,22.944600117553154,30.08135537947322,15.80884382596946
2017,31,053,Dodge,125.46776755183997,23.704632260631964,30.309154140829648,17.101122287061305
2017,31,025,Cass,179.27084069981203,24.001481209124865,30.279547872925686,17.72440896103298
2017,31,055,Douglas,117.74147841036502,24.19444642150791,30.346684561892193,18.04318526392327
2017,31,153,Sarpy,143.2889309766468,24.164867431760943,30.43213631045594,17.898586699617233
2017,31,155,Saunders,130.69561078916283,23.74085510935415,30.425266331539135,17.05744442833957
2017,31,177,Washington,119.4865455424361,23.851681718558847,30.197214875405077,17.507121685698475
2017,31,067,Gage,109.37157248795711,23.652096543930227,30.367602039098312,16.937570239536903
2017,31,109,Lancaster,186.89941217694454,23.861482993651983,30.332034580034964,17.391915416162732
2017,31,159,Seward,202.6615895989205,23.388582981303443,30.081774039070307,16.69638712334862
2017,31,139,Pierce,52.94874914130407,23.083035661151076,30.207500518114493,15.959576697545346
2017,31,119,Madison,80.33402035844965,22.90234911880879,29.86532751556453,15.940371101915538
2017,31,167,Stanton,93.49370975367479,23.087503261712033,30.085058151608678,16.090939870511036
2017,31,117,McPherson,40.29222443966774,22.03571371008295,30.334742436815134,13.737670857502714
2017,31,111,Lincoln,46.33789248316995,22.69171732472092,30.94894704794119,14.435480919091932
2017,31,113,Logan,37.5436649625664,22.21661114956949,30.529669464624526,13.904563593509314
2017,31,007,Banner,37.30965532783441,20.264098302403237,29.580328895718498,10.948876122631205
2017,31,157,Scotts Bluff,37.259317627199884,21.289949232376657,30.166216610066247,12.414671593228702
2017,31,165,Sioux,43.72004393739351,19.82637788601193,28.75681569170743,10.896937664187252
2017,31,039,Cuming,101.69367071209642,23.174512294298722,30.02154641082181,16.328455994771762
2017,31,129,Nuckolls,79.81313420409589,23.95081722737502,31.071433990612487,16.831180713102523
2017,31,101,Keith,54.16207788209068,22.50645809620643,30.92147918569565,14.092445005951266
2017,31,137,Phelps,50.74038645341257,23.386062298719,30.70160355430239,16.071488924778258
2017,31,181,Webster,119.39647043368716,23.625516326018754,30.9846477708363,16.267401118246365
2017,31,015,Boyd,54.542420523274274,22.429604595589797,30.31507074144871,14.545135035935758
2017,31,171,Thomas,17.516806353062734,22.336426612529426,30.531234399801253,14.14260961658712
2017,31,089,Holt,58.425593948910084,22.16880017299114,29.78699459444328,14.551607588601913
2017,31,017,Brown,37.3394113512487,22.07999603191636,29.955985299856167,14.205006912709978
2017,31,103,Keya Paha,39.84732924320721,22.17147610783385,30.316914479912434,14.027037639446203
2017,31,077,Greeley,50.20776051527857,22.629367177675935,30.478906460496614,14.780828596610492
2017,31,095,Jefferson,58.611712659928095,23.82755091568821,30.778726800925778,16.877332704606154
2017,31,151,Saline,103.89772232391063,23.631752292095044,30.316984050754378,16.947506075290992
2017,31,057,Dundy,53.98002154786581,23.121882325418373,31.440462062595223,14.804301305011297
2017,31,131,Otoe,166.76003693738974,23.83428198258325,30.36513859925149,17.304417805402394
2017,31,087,Hitchcock,65.60210057239792,23.693711094799692,32.13715650757229,15.251264583898566
2017,31,105,Kimball,51.31004922285574,19.8461878305793,28.990756266289207,10.702603016570732
2017,31,127,Nemaha,121.9236274385061,23.836164272179683,30.306952436747064,17.3663794592283
2017,31,041,Custer,60.83968440646372,22.56709618653459,30.560700511943814,14.57448459650536
2017,31,143,Polk,109.79307896568974,23.37256343464404,30.302350419492665,16.443785362952195
2017,31,045,Dawes,48.637623864153205,20.866218571746547,29.46820346444984,12.265221154906746
2017,31,179,Wayne,72.2133458412659,23.05440426501006,30.123126094985373,15.986655167883926
2017,31,071,Garfield,91.7612625082315,21.836594448603265,29.67357216636184,14.00061365128889
2017,31,013,Box Butte,42.621891271277406,20.542935240768404,29.040791116817044,12.046083389361764
2017,31,173,Thurston,77.80783078248544,23.13737673667906,30.238274710125054,16.037484145999255
2017,31,011,Boone,50.154395234869796,22.76514052396794,30.06429581706223,15.466980911322493
2017,31,145,Red Willow,65.14780460121865,23.999028794771007,32.28737128957307,15.7116894172631
2017,31,149,Rock,50.607812224183846,21.80641775534378,29.42120908522225,14.192626156300694
2017,31,005,Arthur,64.27115925539596,21.737484751963322,30.157610675249643,13.318368144507547
2017,31,085,Hayes,38.60549106277533,23.005786942794522,31.3877227343118,14.624849658960041
2017,31,097,Johnson,118.56734876178636,23.550876314299778,30.219957172327653,16.88279058716301
2017,31,003,Antelope,60.98372373108098,22.61742601947441,29.793393511521707,15.442451863623155
2017,31,163,Sherman,93.9179375939516,22.977315929384044,30.656796191389365,15.298836156580919
2017,31,161,Sheridan,72.90439654422946,20.516505437797704,28.93154981803842,12.102446195766904
2017,31,133,Pawnee,102.21360070326769,23.52615311069269,30.173107466935825,16.88018360566741
2017,31,075,Grant,47.40769201252945,20.87117914185041,29.16532920298019,12.578029201299483
2017,31,021,Burt,107.40006273948474,23.515861885166284,30.40663152416113,16.62609529719463
2017,31,009,Blaine,27.917404214960253,22.319925047217886,30.366705034890295,14.274161109321728
2017,31,027,Cedar,44.27975258372448,22.967515210137176,30.097594355430697,15.838437135781474
2017,31,169,Thayer,46.48171798229999,24.151709160425742,31.230169848597473,17.074248610576717
2017,31,049,Deuel,74.00352852051314,21.994997140913807,30.988905185285486,13.002088715449315
2017,31,123,Morrill,36.705275359340234,21.229129597960117,30.175835247904846,12.283418545487134
2017,31,115,Loup,55.113947125399584,22.026985640976946,29.789546686037284,14.265412791173404
2017,31,063,Frontier,67.54906106099179,23.474955855243326,31.555483367608556,15.395427142630272
2017,31,125,Nance,50.55768791627795,23.225242633378617,30.367886473324344,16.083580829428755
2017,31,107,Knox,23.40391534381784,23.100558403404296,30.672223187464642,15.529883593548366
2017,31,135,Perkins,39.62888865991948,22.699909977349133,31.27087346427979,14.129944861387955
2017,31,037,Colfax,83.13279391574689,23.421838837997736,30.2056953133066,16.638989060355915
2017,31,023,Butler,127.29650309422316,23.325498957908344,30.186233165589147,16.465771691239837
2017,31,031,Cherry,43.9912984810501,21.419514869204676,29.67644004825302,13.163582721224707
2017,31,183,Wheeler,101.3138098392865,22.30634807861013,30.142735188230148,14.470956573353428
2017,31,061,Franklin,109.46258901057334,23.749737827212403,31.18958394832382,16.310875688915136
2017,31,029,Chase,39.568881424199525,22.727071371234818,31.255216863780703,14.199933078289023
2017,31,059,Fillmore,77.69435070852693,23.725741066745357,30.571752390512746,16.880734391984596
2017,31,185,York,156.48582053589956,23.570126904371605,30.47488157335615,16.666350733680186
2017,31,035,Clay,61.478876003395726,23.945385456731607,30.8129904894576,17.078780575954735
2017,31,033,Cheyenne,52.61974165383539,21.10996459851017,30.058962159840917,12.16196168974271
2017,31,069,Garden,61.425069257833925,21.276189102865416,30.075398816214637,12.477973293182222
2017,31,083,Harlan,105.08843639304669,24.042665160718727,31.770820749588403,16.31550788760086
2017,31,091,Hooker,41.565518198815994,21.42842144068538,29.508515625578053,13.349319794626801
2017,31,147,Richardson,106.24417258325528,23.830469609714413,30.293596556566385,17.368332741997243
2017,31,065,Furnas,90.75183406177004,24.128510320744983,32.497516946912214,15.760488333285908
2017,31,175,Valley,55.24202889606947,22.61812687959833,30.338469455751607,14.898791776626243
2017,31,141,Platte,67.45324811046561,23.151665389041792,30.09068587199788,16.21363951046526
2017,31,121,Merrick,89.29303907134702,23.652238374546865,30.525900289069966,16.779587888553326
2017,31,079,Hall,88.88453355477436,23.818294627257252,30.66602587897528,16.971562706348173
2017,31,081,Hamilton,110.75848878240461,23.649403337395984,30.45458700073057,16.84520983063298
2017,31,093,Howard,71.57436122265928,23.41324011384997,30.64686619167666,16.18060821959075
2017,31,001,Adams,63.34102327013797,23.860173045893937,30.646173962482727,17.075168787092082
2017,31,099,Kearney,47.73883266140034,23.649327724160504,30.779311047391268,16.52033300759702
2017,31,019,Buffalo,70.31643322598964,23.37463991462644,30.811014663745357,15.939260834252527
2017,31,073,Gosper,74.27719355232863,23.623129361339362,31.291414041348048,15.955828549080831
2017,31,047,Dawson,67.00129838965809,23.295370745866137,30.95530729445361,15.636419942478549
2017,37,037,Chatham,160.52948624286358,24.55891647039389,30.19029908068065,18.928529869012706
2017,37,115,Madison,169.05937843139185,20.67355719275715,26.622516349562023,14.7255900391025
2017,37,087,Haywood,157.12344446468867,19.128149678481766,24.631221880738188,13.626074130481658
2017,37,021,Buncombe,152.2874170206559,20.755857328391127,26.08908950588115,15.423598185058761
2017,37,089,Henderson,237.6761159799654,21.235519685851802,26.415561279012955,16.056499687297766
2017,37,175,Transylvania,266.5430893895362,20.467597118724477,25.739953758437903,15.196233259077193
2017,37,167,Stanly,185.70840890954062,24.939882273699826,30.61061529057534,19.27013002439987
2017,37,109,Lincoln,162.722785005769,24.269375991451284,29.992679304880795,18.547055817390376
2017,37,159,Rowan,240.10050317723213,24.248195298574604,29.88871229021346,18.60870394313584
2017,37,025,Cabarrus,206.15811740978612,24.875017573034597,30.6058159141839,19.145240197540215
2017,37,097,Iredell,206.85177708066936,23.84601911219948,29.472488309602497,18.22055477250387
2017,37,071,Gaston,147.91871704110306,24.853993360464557,30.354480114904224,19.35448940916677
2017,37,179,Union,211.85833459912928,25.33191245907468,30.79225275418661,19.872566877438665
2017,37,119,Mecklenburg,185.4876168211617,25.06941990120738,30.398272774041047,19.741552861812192
2017,37,045,Cleveland,145.24722732690307,24.317949533532854,30.118515589931597,18.518383546667092
2017,37,005,Alleghany,141.4711627864311,20.022211799987705,25.407510313829125,14.637899945000433
2017,37,173,Swain,174.97115272434482,19.361949477790002,25.042232472535115,13.68267831212624
2017,37,011,Avery,191.43117166013937,18.82956302496624,23.698062394231442,13.962059684234935
2017,37,033,Caswell,204.94180119256313,24.203795324455836,30.341127841623393,18.067462706551847
2017,37,075,Graham,245.07651389774944,20.528765385409436,26.065120403150907,14.993410445808296
2017,37,007,Anson,161.61448833714667,25.657594888637774,31.303635648875062,20.012543327393207
2017,37,149,Polk,319.6933574039568,23.584774591496117,29.064941122089458,18.105621886004716
2017,37,039,Cherokee,241.8208032668161,21.530419967911918,27.1075999895691,15.954227839496198
2017,37,113,Macon,217.69820952987678,20.254973071029394,25.04737447802577,15.463556562358324
2017,37,009,Ashe,141.49672858628247,19.467883566324804,24.72795368764939,14.208813554690053
2017,37,123,Montgomery,148.00204285249492,25.177086888819876,30.92380578085125,19.43136353529881
2017,37,043,Clay,242.62344455004836,20.674029898143587,25.64230987737191,15.706728207845376
2017,37,121,Mitchell,185.97935049613034,19.400227710481307,24.60234552373008,14.199098460372328
2017,37,199,Yancey,194.78184907349672,18.74782780687092,23.50881479648548,13.987827600193922
2017,37,189,Watauga,150.1743821990168,19.207353312884415,24.37802749343015,14.037661517801878
2017,37,099,Jackson,190.4893677562933,19.751149123895434,24.673450983332614,14.829836490075454
2017,37,161,Rutherford,180.67018571629032,23.783028294366513,29.458764023656197,18.10829588575279
2017,37,193,Wilkes,154.57273430941075,22.738464840592954,28.614080069857017,16.863833980497347
2017,37,125,Moore,131.42398793940373,25.338548294102385,30.867608182782394,19.810478194120186
2017,37,153,Richmond,132.9349857968886,25.699621048486055,31.239891683968388,20.160370702035024
2017,37,093,Hoke,169.87999624476538,26.07645077552591,31.40433370188612,20.749579118258023
2017,37,165,Scotland,148.22898644742955,26.071914551811922,31.65502746793645,20.48977952643513
2017,37,155,Robeson,194.5320673192352,25.984000979913425,31.268723565419855,20.70025931658387
2017,37,001,Alamance,227.28185213680567,24.50177010781458,30.26012028153438,18.744417233664887
2017,37,151,Randolph,192.22688348858262,24.4438724878549,29.928257433627135,18.960491315893915
2017,37,081,Guilford,203.8502040839962,24.297935378106605,29.57054167329939,19.02632153734108
2017,37,157,Rockingham,199.312237939314,23.804925727456308,29.654320550821595,17.956540137662728
2017,37,171,Surry,151.9854501872394,22.736053678686158,28.849492452285677,16.623630540901953
2017,37,057,Davidson,214.12131854751107,24.311840297928832,29.852755445931155,18.77192238213649
2017,37,169,Stokes,153.48044631685224,23.39263299677541,29.30153193597585,17.484725538987284
2017,37,067,Forsyth,162.99722007192474,23.98123205586555,29.413390652173916,18.550099730835807
2017,37,197,Yadkin,139.04342425449315,23.199675862269153,29.15969218476757,17.240657756780507
2017,37,059,Davie,203.28353934570532,23.80463984012253,29.6295109304185,17.980767228746746
2017,37,027,Caldwell,188.47295410325017,23.113867757461758,28.706999091615717,17.521751490570647
2017,37,003,Alexander,205.92070115322574,23.432215303926775,28.847471991702296,18.017950799178852
2017,37,035,Catawba,204.66513430668468,24.031590935708486,29.563212274519973,18.500959519033554
2017,37,023,Burke,202.10551962766675,23.09151807375626,28.79704260064069,17.386990119598163
2017,37,111,McDowell,195.45922056115117,22.094526507059722,27.68777462847709,16.502275375256723
2017,37,029,Camden,186.08904192988115,25.582084871869952,30.1525151085873,21.012659512355587
2017,37,139,Pasquotank,185.32453318061215,25.636233336527475,30.17691841048294,21.096527358339774
2017,37,143,Perquimans,204.07220877544998,25.738570161927,30.459803531544846,21.01834846904087
2017,37,177,Tyrrell,268.0294728177296,25.749595953204746,30.18856584057468,21.31161805752913
2017,37,055,Dare,225.32872785260582,25.440803400431584,28.235140033966886,22.647462861524218
2017,37,073,Gates,214.7138810357248,25.179509080558958,30.66832397869671,19.691694364599993
2017,37,053,Currituck,213.67920749141246,25.454244890434186,29.233497059502564,21.675988523707115
2017,37,019,Brunswick,152.17502112440707,25.99509945916824,30.10418404515028,21.886994594973565
2017,37,031,Carteret,163.21612763090567,25.900386315997217,28.9073931669417,22.894375757229053
2017,37,137,Pamlico,183.9638269545337,25.959322617687445,30.076104032083567,21.8435314532542
2017,37,049,Craven,199.37796160240865,26.01912084249825,30.866096838572567,21.173124075454414
2017,37,103,Jones,232.35752341357357,25.732883389992786,30.87228760683025,20.594460071712625
2017,37,085,Harnett,180.0758683252535,25.70036074867237,30.97160456196133,20.43013469214718
2017,37,063,Durham,214.84247911165136,24.610006821756603,30.09435349489962,19.126640511034918
2017,37,145,Person,211.29027615445608,23.946108460609302,29.754124215265822,18.139076894370753
2017,37,135,Orange,222.27918770194037,24.40591519746135,30.134955025118753,18.677851470169795
2017,37,181,Vance,162.7461987505591,24.39303029585351,30.16017075440955,18.626872048531588
2017,37,077,Granville,208.81823971620935,24.25672068991352,29.74413331480823,18.770305032960618
2017,37,069,Franklin,190.97009546906278,24.573926676287712,30.083610603137675,19.065246715652734
2017,37,101,Johnston,169.02114005723143,25.357161034030238,30.540586924559996,20.17473427668593
2017,37,183,Wake,182.98761889487955,24.799026322114965,30.000374297290975,19.598687571333258
2017,37,105,Lee,131.95290268567246,25.03090412400511,30.630153362154584,19.432638645462333
2017,37,131,Northampton,190.74324298624316,24.94242545709815,30.44146025635542,19.4443875497005
2017,37,083,Halifax,192.1699144061769,25.03933234565283,30.486516169163867,19.59316193049439
2017,37,127,Nash,210.36222297017562,25.015325358700547,30.306909240915786,19.724742697369475
2017,37,065,Edgecombe,208.87835173627292,25.351346136780048,30.580029411000346,20.123673115186577
2017,37,195,Wilson,185.12735252306604,25.443332357813812,30.669344422436403,20.218311729089297
2017,37,163,Sampson,176.5475783816989,25.763646056792382,30.835347200459267,20.692950670719394
2017,37,185,Warren,160.54107010103124,24.951982822569043,30.681824032409743,19.223158106862552
2017,37,187,Washington,215.47810997252054,25.93797059557594,30.81313121673909,21.063792795433592
2017,37,061,Duplin,168.28192516746836,25.593042706704647,30.77715945296262,20.40991181001948
2017,37,091,Hertford,248.18299636170545,24.93150236250847,30.238948331893692,19.625026575393957
2017,37,017,Bladen,178.28552785952726,25.867253002418206,31.1089559204048,20.626539212794253
2017,37,095,Hyde,161.22556790485166,26.03893829862818,29.697543868758682,22.38133189074025
2017,37,015,Bertie,185.96920239426478,25.567372543090524,30.766399023730504,20.369340357388193
2017,37,079,Greene,155.7962437663895,25.82642698217655,31.053050719401504,20.600783966101574
2017,37,041,Chowan,217.66698450075927,25.975384658701174,30.74058640724023,21.211206170560885
2017,37,117,Martin,191.54686791807313,25.657509497407936,30.69483268893494,20.621162711941462
2017,37,047,Columbus,203.97735307281818,25.673358140398992,30.591144550032993,20.756564018363985
2017,37,191,Wayne,171.3890596823439,25.653347706770322,30.76446204271184,20.543229669716602
2017,37,133,Onslow,197.46803794708813,25.70442842790468,30.17742645972544,21.23242713242117
2017,37,107,Lenoir,185.056852459465,25.744316836728274,30.961253346849453,20.528361020506487
2017,37,129,New Hanover,215.33894076633334,26.12934860555765,30.04508328467122,22.21461933970956
2017,37,141,Pender,234.68419786494272,25.77778210134719,30.713574852989293,20.842983330322724
2017,37,051,Cumberland,205.80818884031405,26.23764125222908,31.3679945025102,21.108286062871613
2017,37,147,Pitt,202.44830195880428,25.899990161989354,31.07520766324313,20.72576765704903
2017,37,013,Beaufort,186.61167619207757,26.16043555687709,31.08021266851467,21.24165121899186
2018,17,121,Marion,260.997443543565,25.67059284433235,31.325886668190886,20.016272301977615
2018,17,005,Bond,216.21831577964923,25.668926668562932,31.392406866565537,19.946443925455903
2018,17,083,Jersey,125.22001575264053,25.75111842609247,31.400734891829707,20.10249807208583
2018,17,163,St. Clair,188.9980525497935,26.30489603535464,31.841687258407074,20.769098666192065
2018,17,027,Clinton,247.84021162298137,26.040900159959723,31.605094947446503,20.477701240455495
2018,17,013,Calhoun,141.9233470893256,25.873151925233604,31.599783289747318,20.1475013962918
2018,17,119,Madison,203.30152652256047,25.953316207848637,31.465833226792384,20.441800611222163
2018,17,133,Monroe,176.12132356654192,26.146788647817353,31.83720726361744,20.457355466703763
2018,17,117,Macoupin,161.79011108188445,25.174688310027044,30.764463716746175,19.585903654841914
2018,17,171,Scott,114.60870533169727,25.103326841213235,30.968502867378618,19.239156502981498
2018,17,137,Morgan,147.28575201078982,24.84795991921522,30.57821293789852,19.118717486662934
2018,17,107,Logan,172.58050551732208,24.69436735002928,30.279289337066565,19.11045854856883
2018,17,129,Menard,150.3242157521053,24.6591522425661,30.198069261571934,19.121252429162478
2018,17,167,Sangamon,190.30084028829975,24.901957367239064,30.423907004393147,19.380997023678106
2018,17,021,Christian,271.83075300484876,24.746141377599727,30.331675341229186,19.161633065532612
2018,17,127,Massac,251.40943095654217,26.38127890871133,31.820606985445316,20.94295207986753
2018,17,057,Fulton,152.3570481350013,24.216342961652586,29.889993000120086,18.543690152005563
2018,17,175,Stark,210.42478131951975,23.29174327357282,29.102252435005482,17.482226541779326
2018,17,203,Woodford,168.13380495792825,23.953156296676756,29.666878194655336,18.240425732062334
2018,17,179,Tazewell,162.23822927018733,24.367630187758056,29.891040839538107,18.845228067151066
2018,17,123,Marshall,217.3109832070801,23.514624187892945,29.23198902870529,17.798233897026268
2018,17,143,Peoria,160.49889571118132,23.906179137097325,29.51745817234709,18.29590082894699
2018,17,001,Adams,105.67631868492415,25.28279806755312,30.853600908277784,19.713008441819706
2018,17,177,Stephenson,294.1755737067345,21.661618052012937,27.146135674967677,16.17808521295561
2018,17,141,Ogle,309.5124211673407,22.034022676715406,27.53560075391623,16.53341853935414
2018,17,201,Winnebago,336.4867939507093,21.654874794666696,27.028554129734474,16.282187398474164
2018,17,007,Boone,281.76418466989867,21.521900979719753,27.071283468321717,15.973505992299149
2018,17,025,Clay,242.3731157495025,25.65555398820238,31.57651001996529,19.735593412562327
2018,17,185,Wabash,228.62722467353092,25.528434805096868,31.24885256736664,19.809013482936976
2018,17,009,Brown,125.57863270865312,24.59979819032197,30.459573128156986,18.741021170574157
2018,17,151,Pope,263.41088746247215,25.678504591456118,31.384823858878953,19.97317109835416
2018,17,033,Crawford,244.7526269070918,25.189364662854427,31.13651902948067,19.243190746828457
2018,17,135,Montgomery,209.31057756830154,25.064257496741522,30.793261275314208,19.33625975434732
2018,17,055,Franklin,154.0909558502759,26.00167409186005,31.5600780231262,20.444291553142694
2018,17,023,Clark,236.0305357690399,25.112535087024895,31.223797566202954,19.002277128923684
2018,17,059,Gallatin,184.68768743479225,25.84078201164265,31.343153631737806,20.33940897643535
2018,17,075,Iroquois,203.222316475959,23.355633998011324,29.056637964262887,17.65563155802772
2018,17,041,Douglas,261.579960498112,24.2703261279692,29.729769596789147,18.811877249783773
2018,17,189,Washington,243.8901259339499,25.92822874281711,31.480668664532303,20.376776819668887
2018,17,159,Richland,202.95845357605592,25.276043477734774,30.961935011119923,19.591164145623534
2018,17,065,Hamilton,147.92083950240269,25.765389111313336,31.34800186677833,20.183780213880187
2018,17,193,White,165.14725819079928,25.778079515258593,31.36374821827881,20.193401570546154
2018,17,169,Schuyler,156.461510744005,24.4897053802838,30.36346698725344,18.616967341524973
2018,17,181,Union,149.79057800016307,26.320653038543043,31.851767720505933,20.790543128223167
2018,17,085,Jo Daviess,294.3922343251193,21.98952547501459,27.637325801086245,16.342713192146647
2018,17,125,Mason,153.61423351128414,24.562466143468615,30.340015546116952,18.78591339375936
2018,17,191,Wayne,236.1603228557246,25.625980622203734,31.310052565269498,19.94289912363996
2018,17,069,Hardin,261.3181820996868,25.403241677570897,31.043130242148248,19.764343230023808
2018,17,061,Greene,123.59653028317767,25.307673220075195,31.12554185361432,19.490809205098174
2018,17,157,Randolph,164.84840598631885,25.939819713116112,31.528891471619957,20.351749219264153
2018,17,149,Pike,88.01543003276589,25.51433481177149,31.17905418353692,19.850610662652375
2018,17,145,Perry,198.1890498467184,26.040863477341656,31.465214636701194,20.617488235148965
2018,17,087,Johnson,173.89805481537599,26.072078965294114,31.704149978818958,20.441007869141213
2018,17,173,Shelby,274.63027875829886,24.95968824449745,30.755286737519565,19.165097175505387
2018,17,051,Fayette,272.93863660136356,25.334102431855545,31.087524202349933,19.581694327705222
2018,17,139,Moultrie,222.3197021761248,24.65575447758788,30.198775208516924,19.113746118750374
2018,17,017,Cass,179.94399703292703,24.625816213784717,30.47696627048102,18.775656296127085
2018,17,015,Carroll,268.6002505334151,22.35627827753882,28.40790338728001,16.305632095059423
2018,17,047,Edwards,221.15955715542918,25.621260354303633,31.34202228932811,19.901499737994634
2018,17,079,Jasper,248.29727480015208,25.192300013593474,31.00426882678568,19.381336754945902
2018,17,187,Warren,147.54169640854275,23.892801917349182,29.638043958589595,18.14856434097292
2018,17,153,Pulaski,184.19266459995046,26.68036116987818,31.94222675452626,21.419494002796753
2018,17,165,Saline,173.68187360501332,25.802028241552275,31.320254562610337,20.28479450790867
2018,17,101,Lawrence,215.06577421969254,25.52263846799714,31.17046170939512,19.875815723155053
2018,17,045,Edgar,207.05192122587306,23.94863359905924,29.430519271927565,18.467750867454594
2018,17,071,Henderson,148.27803023697567,24.438356902091684,29.967908299927377,18.909766095432904
2018,17,199,Williamson,158.7763488186289,25.87345845035721,31.425654979243497,20.32225986271433
2018,17,077,Jackson,150.38276932581212,26.116857292508616,31.57568694487241,20.659035242721156
2018,17,147,Piatt,220.88259706851446,24.131418679174185,29.53502467824332,18.728817774936097
2018,17,053,Ford,239.6405133562707,23.550937573415744,29.231960440107805,17.8708984619084
2018,17,019,Champaign,268.62207667146595,23.93097166354787,29.356961573051535,18.505972679404245
2018,17,029,Coles,288.86971717119326,24.519679053625627,29.942555231253703,19.09779618234455
2018,17,035,Cumberland,286.7055065513608,25.013634277859236,30.917038028820148,19.1112373019038
2018,17,183,Vermilion,225.47530770696662,23.587910072914255,29.02359316304284,18.153218637301528
2018,17,115,Macon,214.85593473712055,24.62311993338438,30.104554116833555,19.14268082987085
2018,17,049,Effingham,283.23657678790795,25.25529859629764,31.08984763923046,19.421741126135277
2018,17,067,Hancock,132.0698645683172,24.856337337338346,30.455335323357954,19.25832149153876
2018,17,095,Knox,191.7361948846385,23.634494424806732,29.313564156304185,17.956418665270512
2018,17,109,McDonough,135.50449095540176,24.04620708162645,29.791797347456388,18.301609847143805
2018,17,081,Jefferson,166.59577048280664,25.677712790863044,31.276893633253668,20.079549492888347
2018,17,113,McLean,177.98898535120986,24.034822251441614,29.69103176594297,18.37961660745745
2018,17,039,De Witt,179.28120478335407,24.270717665090196,29.829930629429136,18.712486878470177
2018,17,105,Livingston,236.36749131968082,23.557157133687372,29.24989436099657,17.86541472709043
2018,17,003,Alexander,173.7118248101054,26.82809436700628,32.10773751128698,21.549466757908593
2018,17,093,Kendall,222.22727303741152,22.787739202984138,28.228473680699828,17.348016162473243
2018,17,031,Cook,220.98722722176558,22.780665305074834,27.538041514863945,18.024274021308553
2018,17,037,DeKalb,237.13164020146473,22.214040376394326,27.52662881197329,16.90242559590537
2018,17,089,Kane,241.79676408460145,22.329270743490763,27.708335120307122,16.95118120855324
2018,17,063,Grundy,181.50155147832012,23.192609045647774,28.828652125991884,17.55759219392824
2018,17,111,McHenry,258.71593447674246,21.338236188764338,27.00857367423314,15.668887652285138
2018,17,197,Will,214.57450107327767,23.010083844909197,28.520771065656454,17.500389951070414
2018,17,043,DuPage,216.59415699186175,22.756112362358248,28.24272191672595,17.27050123458333
2018,17,097,Lake,244.775056597725,21.096571318496604,25.855844619348574,16.338286383270983
2018,17,091,Kankakee,149.7853101436917,23.240373954078787,28.934917193783573,17.546841916918016
2018,17,011,Bureau,243.44864636522294,23.147162667774555,28.71491319492727,17.580401412331526
2018,17,155,Putnam,298.40138211821466,23.515797029933175,29.173647380857723,17.858918511436404
2018,17,099,LaSalle,246.37431806498495,23.219301924080725,28.702914767885574,17.73669077238805
2018,17,131,Mercer,163.2638030391042,24.00119517410071,29.757698890732062,18.24568046106205
2018,17,161,Rock Island,201.87489908199043,23.88725522378585,29.416985346570033,18.358528047280313
2018,17,073,Henry,235.77296483034448,23.466407599804967,29.09869631588594,17.83512921383542
2018,17,103,Lee,306.87412481975736,22.45190872301444,27.928831703132065,16.975983379490625
2018,17,195,Whiteside,233.77469779916018,23.000612150892085,28.581232259301725,17.420998675765723
2018,19,149,Plymouth,299.89677533585194,23.53559725081866,28.99926244880965,18.072929833760906
2018,19,193,Woodbury,263.20496223458156,23.523320958427597,29.054988549041497,17.992654315890245
2018,19,027,Carroll,308.1043858785863,23.436464329291095,28.818004214686333,18.05593665799888
2018,19,061,Dubuque,227.75904785802567,22.2081741898967,27.565988916426388,16.85136757560206
2018,19,101,Jefferson,159.2588429340377,24.125792151684042,29.992319189727105,18.260252731214074
2018,19,187,Webster,319.43280778293723,23.346778936793104,28.61057811527639,18.08399390410001
2018,19,111,Lee,147.4918486223903,24.8807918435154,30.362063871059263,19.40051227144283
2018,19,127,Marshall,261.88990824223845,23.296131696373113,28.910146438024768,17.683132344933952
2018,19,195,Worth,295.23657006291546,22.05436952069704,27.00849720272163,17.101232280045572
2018,19,033,Cerro Gordo,322.27715517035006,22.528119733602743,27.792953518031826,17.264274816332975
2018,19,051,Davis,145.86544511768915,24.354017105737412,30.38064514207082,18.328383529928075
2018,19,179,Wapello,156.42098043369558,24.214008514206316,29.98542565236574,18.44359761913582
2018,19,041,Clay,373.19571941092426,23.22613255555784,28.43945826423184,18.0137782032688
2018,19,059,Dickinson,386.93645580609865,23.120386982893212,28.212431909346837,18.02933902843712
2018,19,021,Buena Vista,281.5084832323764,23.13884150359842,28.291187485849427,17.98749530330517
2018,19,013,Black Hawk,265.54881159259725,22.882135065188287,28.51861849100163,17.246661249416942
2018,19,075,Grundy,249.1763031053409,23.028255719822425,28.639550226005046,17.417970133160164
2018,19,017,Bremer,318.20713351264044,22.728649798389256,28.205964657854125,17.252323077405656
2018,19,085,Harrison,301.93249490875,23.941270940801378,29.642565133891406,18.240952597153363
2018,19,129,Mills,282.2393804931966,24.79667341668906,30.439622154490166,19.154743806473338
2018,19,155,Pottawattamie,299.14162156197074,24.162287764908257,29.762508713505007,18.56304669607167
2018,19,123,Mahaska,217.57577145146246,23.89827569713487,29.63313462381054,18.16439301269722
2018,19,125,Marion,247.6326558591984,24.074995273573,29.575658245306467,18.575344275451346
2018,19,053,Decatur,197.7073715184397,24.375124325571168,30.187408124047245,18.563829570016026
2018,19,031,Cedar,160.4350202416929,23.20492353657973,28.927814741941045,17.483015928147157
2018,19,151,Pocahontas,361.1607947192421,23.244569284189996,28.45310463069169,18.037003655065412
2018,19,109,Kossuth,292.3422021419154,23.015216725441835,28.094950270456483,17.936471571353277
2018,19,089,Howard,294.47549442496404,21.649014571654103,27.076264303512094,16.222786762741617
2018,19,147,Palo Alto,331.8932236560487,23.28859991931178,28.59047356634241,17.98772439508184
2018,19,159,Ringgold,156.30668773298854,24.147463370776023,29.871240213301487,18.424664102409604
2018,19,025,Calhoun,294.3515884473088,23.282814388158258,28.403832267796535,18.162803846696065
2018,19,039,Clarke,270.54025867682446,24.230892309217264,29.872734993163355,18.59003352564034
2018,19,065,Fayette,243.53362785909525,22.230803506128513,27.706943869700464,16.755663577030024
2018,19,001,Adair,262.91265382896785,23.728901970259063,29.368578798249345,18.09022356303891
2018,19,037,Chickasaw,309.66457233115494,22.25336820992128,27.54827635928894,16.959456893432314
2018,19,081,Hancock,324.6948777015447,22.682653078153226,27.767775901477115,17.59851433674019
2018,19,157,Poweshiek,192.09166380399373,23.66904921886809,29.521898840057062,17.817195496919602
2018,19,165,Shelby,308.54974639001614,23.385689539440886,28.90730523311851,17.865069283932687
2018,19,185,Wayne,195.49486718967268,24.160996631171688,30.031081984917286,18.291914287243888
2018,19,097,Jackson,235.12700542339078,22.44466232167282,28.058522123222893,16.831799842936746
2018,19,043,Clayton,238.145895410837,22.21091941753927,27.64576318587255,16.777074892045686
2018,19,007,Appanoose,155.32398037507343,24.309428559229357,30.337321769132004,18.282534028421914
2018,19,177,Van Buren,136.13569323121197,24.414645048645003,30.348675659123167,18.48161557854667
2018,19,197,Wright,261.64832929659207,23.152667222837156,28.522788962894236,17.783538146904025
2018,19,137,Montgomery,244.70157976722527,24.09160451349623,29.947072024143306,18.237125058167617
2018,19,175,Union,248.71108115633314,23.967388958302724,29.56863752508802,18.36713531347824
2018,19,107,Keokuk,188.6218436456273,23.838503963708604,29.719160375284762,17.958834540158527
2018,19,131,Mitchell,316.83249835059905,22.18410322574461,27.321635792796513,17.047550445751707
2018,19,191,Winneshiek,307.5236481248543,21.85075101446182,27.146372540622572,16.55612809758632
2018,19,161,Sac,286.20073350709845,22.98172270597429,28.18012806910334,17.784318644725087
2018,19,055,Delaware,246.26482864620257,22.034405271764648,27.714362353546896,16.35544918336316
2018,19,067,Floyd,340.24171745019163,22.692355820355548,28.020556714678083,17.36514194976153
2018,19,009,Audubon,280.3906361803804,23.313132255146666,28.810153976429174,17.817085667396977
2018,19,079,Hamilton,302.85415835892053,23.27981906078156,28.783196586823575,17.777451098972367
2018,19,069,Franklin,222.48358742934724,22.906709162817847,28.400870065610953,17.413549237065293
2018,19,141,O'Brien,349.3200331601476,23.243528027612708,28.4781779457224,18.00987126331127
2018,19,167,Sioux,340.9605097252417,23.447062897323313,28.83934380549244,18.055792458687772
2018,19,005,Allamakee,240.38124272278418,22.181180388255658,27.294822619879422,17.068518106364973
2018,19,189,Winnebago,324.68528481979513,22.555705533982813,27.421548814452002,17.690869553803964
2018,19,093,Ida,244.62187465572768,23.17271683908021,28.486703543797447,17.859727708775402
2018,19,029,Cass,277.8156678675391,23.712089249178327,29.430642367707787,17.994522951181946
2018,19,083,Hardin,217.56080137094742,23.246337764638803,28.873639018554204,17.620041949946113
2018,19,173,Taylor,155.56399112408403,24.143777478803404,29.982366237836043,18.306184071686666
2018,19,145,Page,177.43339424581333,24.365875678541236,30.2815694623997,18.451178612374537
2018,19,035,Cherokee,298.7188965335216,23.236357758201123,28.504916306932078,17.968792130398963
2018,19,071,Fremont,229.3596713786991,24.837741401202585,30.64990473393727,19.026562429899993
2018,19,095,Iowa,191.24987213567587,23.577961056240486,29.574060317754444,17.582839360880065
2018,19,023,Butler,249.46892030454018,22.91778981379037,28.563687421087078,17.272890019082798
2018,19,063,Emmet,335.46042644120905,22.74379874685291,27.665505305432657,17.82308030870557
2018,19,047,Crawford,308.3107773475999,23.264195764976275,28.6520231233343,17.877360277792906
2018,19,019,Buchanan,270.5772129185804,22.51671992716429,28.228290167042832,16.806145646261538
2018,19,143,Osceola,429.3330736330255,23.03317946156607,28.34851994209834,17.718815730458154
2018,19,073,Greene,276.34864529497344,23.733930646351148,29.335579048680493,18.133282317429973
2018,19,087,Henry,140.13567898535658,24.206350277071643,30.024338204999594,18.38938033665097
2018,19,119,Lyon,367.8323084557144,23.12595840267227,28.614531903923325,17.638377617601765
2018,19,003,Adams,229.64315382408196,23.7343015693478,29.541471801870088,17.928125122506177
2018,19,133,Monona,284.66500989033835,23.772352232856765,29.601936659478465,17.943773343682377
2018,19,091,Humboldt,307.8528780558482,23.176703130457884,28.429968513558645,17.924446675966614
2018,19,115,Louisa,115.50017068099206,24.331179642364056,30.229786827336483,18.433584870238892
2018,19,171,Tama,190.8300698606696,23.143929938713068,28.980185968965742,17.308680612268844
2018,19,135,Monroe,164.29137959900618,24.056749880397255,29.72317268564329,18.3913412226307
2018,19,117,Lucas,203.70225613063002,24.174322910349712,29.75271034529362,18.59692564230707
2018,19,057,Des Moines,139.02790310462822,24.478063812850888,30.082372279041994,18.874764213536004
2018,19,011,Benton,231.7841610959531,23.108455954553854,28.964649210686577,17.25327933721418
2018,19,113,Linn,244.1628068735605,22.91231856463366,28.725797638008334,17.099830402574238
2018,19,105,Jones,207.19923607073991,22.518551345588623,28.25278622649437,16.785313771506615
2018,19,103,Johnson,196.59831617531827,23.63634635147903,29.452324126288648,17.821365510794664
2018,19,183,Washington,154.70472003544464,23.936253102155707,29.870584810524594,18.002927443478427
2018,19,045,Clinton,203.17340055253257,23.021103106182508,28.633130348357934,17.410064157847835
2018,19,163,Scott,166.1257283318994,23.510180584003876,28.938313750500804,18.08302753514427
2018,19,139,Muscatine,169.9525081020161,24.002028862952013,29.80424686407062,18.20080599775154
2018,19,169,Story,380.3492724736214,23.398571648391837,28.900510159601637,17.89763665109514
2018,19,015,Boone,347.90186628736853,23.544730377137938,28.972587593754945,18.117856588704782
2018,19,121,Madison,299.3232442080685,24.017071479042706,29.5301473698146,18.504987560060396
2018,19,181,Warren,272.56754234868947,24.23562095641848,29.630366755810627,18.841857357650323
2018,19,049,Dallas,291.2926980227842,23.884924844255252,29.37707743845455,18.393774513316163
2018,19,153,Polk,334.7233318990357,24.12322028336006,29.4761889680452,18.771237693175603
2018,19,077,Guthrie,262.9847796826146,23.698069056964798,29.309649014516538,18.087483135946343
2018,19,099,Jasper,284.70332285867244,23.751862752477226,29.29994118022483,18.204786369632888
2018,31,043,Dakota,320.4318619065218,23.61341734218164,29.233296422915018,17.99453032147473
2018,31,051,Dixon,391.46468923065635,23.441789312516555,29.040757419646617,17.843802161212842
2018,31,053,Dodge,282.69306881834785,24.29953461286616,30.007341977058857,18.59270935026699
2018,31,025,Cass,240.5709713411926,24.813823663530492,30.42391495731874,19.204734596333893
2018,31,055,Douglas,282.3631355883255,24.889912156563888,30.261514286336524,19.519284944080372
2018,31,153,Sarpy,260.2585858979615,24.944205675308933,30.48137126584475,19.408063769201245
2018,31,155,Saunders,241.55153347709566,24.44568614884014,30.32075027167205,18.5716157970122
2018,31,177,Washington,247.0119039024853,24.47656353319521,29.93323151129364,19.02087796630844
2018,31,067,Gage,204.80575026803837,25.22714966743012,31.292572246247797,19.16270502473516
2018,31,109,Lancaster,225.47126922833658,24.875803614652252,30.70284030912981,19.04975767687108
2018,31,159,Seward,211.7880376748266,24.33227953425048,30.21267261350451,18.452888341766897
2018,31,139,Pierce,334.5445832822367,23.472810565440376,29.09418803659391,17.852422721217618
2018,31,119,Madison,301.46945100645945,23.302288403506395,28.78738998600904,17.81816228240776
2018,31,167,Stanton,313.57642381965917,23.456874972361966,29.078788846448187,17.83594132503629
2018,31,117,McPherson,224.31818190616562,22.341896457972965,29.395949247462507,15.288838790408189
2018,31,111,Lincoln,154.85493300556018,22.70143601819798,29.915547974950456,15.488323635573115
2018,31,113,Logan,233.52113834748803,22.28337457242341,29.31586517104766,15.251857703989106
2018,31,007,Banner,70.38425631210534,20.915731898993485,29.613896565090567,12.218553420594809
2018,31,157,Scotts Bluff,75.87833353527022,21.714008857564654,30.07695303024898,13.352055331630279
2018,31,165,Sioux,88.25628749682019,20.191666787280912,28.083155081991947,12.301180858839805
2018,31,039,Cuming,390.3435707515978,23.64458394170993,29.28763728056087,18.002537601816602
2018,31,129,Nuckolls,172.1584143682006,24.947153308012933,31.48472617889917,18.410570967933804
2018,31,101,Keith,184.0962788519843,22.80706484989545,30.237931124000934,15.377183357008583
2018,31,137,Phelps,193.2760174258263,23.856116348437325,30.475772956074454,17.237453027644044
2018,31,181,Webster,149.14904262333104,24.663408363366887,31.34496257662213,17.98286884922789
2018,31,015,Boyd,240.22095886201325,23.04936542122443,28.773896023946318,17.325815336795777
2018,31,171,Thomas,212.55396298667708,22.594229063236487,29.317526107566806,15.871941103629862
2018,31,089,Holt,268.29258861181995,22.73346970735369,28.56070516333968,16.907223304453648
2018,31,017,Brown,212.5390414740437,22.204775596448698,28.41930649873147,15.991242666645975
2018,31,103,Keya Paha,224.1537257810704,22.543321298132543,28.550524973254973,16.537131155447792
2018,31,077,Greeley,255.3874063035971,23.08815360459229,29.45051612579669,16.7267904920717
2018,31,095,Jefferson,211.96675313185747,25.162698297055446,31.516881762283415,18.809505600841426
2018,31,151,Saline,183.35694980362788,24.619285119987904,30.545307562268505,18.694252996678486
2018,31,057,Dundy,92.7941374515349,23.705888828182815,31.568664367695384,15.844116123990865
2018,31,131,Otoe,188.50071386035663,24.848329373170397,30.819762006353766,18.877878552979634
2018,31,087,Hitchcock,125.53699687629519,24.024307228446126,31.85662778354097,16.192993461317368
2018,31,105,Kimball,68.99735063131936,20.5632168984964,29.214837713079756,11.912594055894031
2018,31,127,Nemaha,188.3917629095567,25.00023144181204,31.025033093283508,18.976439271635922
2018,31,041,Custer,186.65602440115603,22.66001937796752,29.31209072597502,16.008945369264094
2018,31,143,Polk,259.9194429916605,24.143271509218508,30.086085939733017,18.201424657633243
2018,31,045,Dawes,95.24811414432561,21.21945468314939,28.710030637485175,13.729864146686689
2018,31,179,Wayne,332.81778981610785,23.39490013569624,29.011476773246404,17.77933418233844
2018,31,071,Garfield,303.6588162420122,22.370388940487278,28.646309183134946,16.095475999002797
2018,31,013,Box Butte,88.68795533986354,20.775578605742954,28.6118471309311,12.940294679778344
2018,31,173,Thurston,348.6074712876584,23.760952044018026,29.75701419312447,17.765874857069925
2018,31,011,Boone,305.34505814435636,23.226135290770245,29.084665727288066,17.36859072473812
2018,31,145,Red Willow,123.39074991082845,24.191108119146108,31.79330953543356,16.589898429986828
2018,31,149,Rock,260.0394103255565,22.097070785271992,28.11753608391192,16.077597856929803
2018,31,005,Arthur,158.59656688624733,22.29621128136517,29.64034557431331,14.953084867219884
2018,31,085,Hayes,119.6023601078869,23.12443383825472,30.63937417080764,15.6104792608474
2018,31,097,Johnson,167.04095270150773,24.829919546495184,30.923426294060533,18.73740493353299
2018,31,003,Antelope,301.0507510684991,22.999309277794502,28.54275637878167,17.4568408370275
2018,31,163,Sherman,210.69073182093885,23.298466975970946,29.83433828143908,16.76359727720817
2018,31,161,Sheridan,152.83825861949512,21.154840193839703,28.50940866649578,13.801270258642775
2018,31,133,Pawnee,177.83854645269832,25.01278705328513,31.180961070184274,18.845609913523692
2018,31,075,Grant,166.7359475095775,21.529964565897156,28.715662216950964,14.345269617588311
2018,31,021,Burt,301.47799040835764,24.034121190208882,29.805111153826203,18.26411988322456
2018,31,009,Blaine,235.47689341737595,22.423695319648672,28.988144617100666,15.860243975239312
2018,31,027,Cedar,409.47841939957755,23.445775030560988,28.97439318831053,17.918161368355786
2018,31,169,Thayer,170.83328106748493,25.273401756499013,31.797158785121443,18.75066540779232
2018,31,049,Deuel,167.21885896201513,22.38656137912165,30.453132924160162,14.320977568483597
2018,31,123,Morrill,93.03897002376226,21.747298114983046,29.919215783510413,13.57637420407383
2018,31,115,Loup,262.9744348827594,22.26749897270933,28.661029942272833,15.87496401531892
2018,31,063,Frontier,143.57674565226318,23.6294823801046,30.925828242626093,16.33413615965259
2018,31,125,Nance,280.07000714403017,23.83503252828754,29.828845733930123,17.842230864667375
2018,31,107,Knox,307.17620047447053,23.512369438750024,29.2267232155921,17.799023687815364
2018,31,135,Perkins,154.25587111054665,23.00067243105984,30.659913520162604,15.342422946185225
2018,31,037,Colfax,303.81710603466723,24.01137860362813,29.755770106575312,18.267986020894057
2018,31,023,Butler,241.7486210279996,24.03332295003035,29.951598296842654,18.116052056792007
2018,31,031,Cherry,188.37301667195095,21.775702320008044,28.549722633536582,15.00267399200093
2018,31,183,Wheeler,318.32646093568354,22.842339908689567,29.059114342440687,16.62657000998648
2018,31,061,Franklin,122.16916529897667,24.613972952696383,31.398400021171508,17.830537309140183
2018,31,029,Chase,96.99204921611661,23.186702818401514,30.886432739242178,15.487960352702213
2018,31,059,Fillmore,166.97689019671066,24.508511002610348,30.58849983984864,18.42950994422895
2018,31,185,York,236.18625319474145,24.308789361046763,30.32084546244351,18.29771265231791
2018,31,035,Clay,202.06543069672534,24.567477421473974,30.679495066487064,18.456462704537408
2018,31,033,Cheyenne,101.22362233053899,21.5945912325813,29.8394403406461,13.350759004161638
2018,31,069,Garden,126.16333625458518,21.81032528582199,29.569755080267733,14.051891054781105
2018,31,083,Harlan,159.75684222627257,24.614065438579733,31.656659685441916,17.572455814775427
2018,31,091,Hooker,189.9589148679054,22.07347653870296,28.75281241183805,15.395127559142196
2018,31,147,Richardson,169.72778177804213,25.21215072625694,31.286680570244382,19.13862063640654
2018,31,065,Furnas,151.2769200060141,24.40936065651371,31.955723788386145,16.863991825385934
2018,31,175,Valley,264.9904615402257,22.954974593427536,29.214448661368934,16.69651151252816
2018,31,141,Platte,335.6300449002239,23.714160940286213,29.40366175030804,18.025663458784887
2018,31,121,Merrick,218.12387055661108,24.345712662022844,30.310938248912965,18.381477578171044
2018,31,079,Hall,156.38651612367235,24.41926108852608,30.455366663843186,18.384131909660848
2018,31,081,Hamilton,194.65579877736874,24.293447927744708,30.2290864255711,18.358819007168776
2018,31,093,Howard,196.39524599353666,23.923229531761947,30.10134537933088,17.746102666260686
2018,31,001,Adams,175.79531848382695,24.519121567024545,30.61336886443877,18.425854124474583
2018,31,099,Kearney,159.33665025741513,24.233470422154035,30.65682084044009,17.811101586890214
2018,31,019,Buffalo,164.98146749074175,23.830775662677922,30.332431692779192,17.330126849859468
2018,31,073,Gosper,161.7698884017286,23.935369448010796,30.825913861822826,17.04580518338094
2018,31,047,Dawson,177.31095661632918,23.518618198648657,30.26461497225685,16.773606329506507
2018,37,037,Chatham,104.45151395254268,25.449919389239213,31.310506374794706,19.590330471211516
2018,37,115,Madison,179.68313029054895,22.09731017134998,27.952568830730655,16.2430753486871
2018,37,087,Haywood,157.68414035961098,20.457782138588414,26.227922408986142,14.688647344509645
2018,37,021,Buncombe,138.66856436303345,22.021613593966837,27.358845094983423,16.685375544855766
2018,37,089,Henderson,131.0000195203001,22.334411783658716,27.68507559129061,16.984723203674335
2018,37,175,Transylvania,200.9819228365675,21.490571995227363,26.905859544134753,16.076306486947193
2018,37,167,Stanly,81.8149560666768,26.19096939221193,32.47990915050083,19.903026559422507
2018,37,109,Lincoln,101.7687308494903,25.31260670015351,31.437063791402675,19.18917139351193
2018,37,159,Rowan,64.8411059473876,25.367039991284887,31.59177833835683,19.143285053175546
2018,37,025,Cabarrus,62.77684882736065,26.13254423444036,32.438963996592115,19.82711075099331
2018,37,097,Iredell,89.16717588737335,24.937602153052744,31.038530530906716,18.837673165845377
2018,37,071,Gaston,90.60493557149324,26.020185497592344,32.02227640788451,20.019099575607783
2018,37,179,Union,80.79279245968807,26.535235673982097,32.634115860472136,20.43734002517291
2018,37,119,Mecklenburg,80.284717185111,26.2975198196384,32.17421192638281,20.42181300506256
2018,37,045,Cleveland,135.0224821483711,25.331211716653797,31.531904799722483,19.131511805587934
2018,37,005,Alleghany,130.09644332152985,21.157105951342334,26.447036666466104,15.868191851303902
2018,37,173,Swain,203.82438534540265,20.75254053976677,26.760920108646904,14.745177821762537
2018,37,011,Avery,170.28834191161414,20.272692342220857,25.240382889107426,15.305995329921297
2018,37,033,Caswell,125.75672322973428,24.91736825245422,31.126668860046607,18.709050576887197
2018,37,075,Graham,218.07805029146658,21.99898996572958,27.800683097354764,16.198299843082253
2018,37,007,Anson,124.3724620490353,26.71085946973303,32.898437421703576,20.524292189688804
2018,37,149,Polk,156.62813130103243,24.621009661373435,30.23140457508837,19.011616075380296
2018,37,039,Cherokee,218.20381292231468,22.871902685147983,28.768370913920414,16.976421776585955
2018,37,113,Macon,192.91201779940437,21.375227783628173,26.736813129095378,16.01466011930364
2018,37,009,Ashe,105.2989381169577,20.75822734265178,25.98112337993614,15.53636161834008
2018,37,123,Montgomery,105.03194735304156,26.27211501711105,32.487110642653704,20.05813254315038
2018,37,043,Clay,223.39856426066734,21.854254539166345,27.27585060903552,16.43367579637513
2018,37,121,Mitchell,172.96892698108798,20.83972097732493,25.991218337421383,15.689221154431843
2018,37,199,Yancey,187.80925335954564,20.158584245298673,24.74983500831453,15.568334545802362
2018,37,189,Watauga,133.1426979751056,20.627768551760777,25.787062032695314,15.46944705860676
2018,37,099,Jackson,210.25153135057212,20.78030804683871,26.22744153636253,15.334187085265638
2018,37,161,Rutherford,162.3153190325132,24.9400810597338,30.902274965643233,18.978864056780296
2018,37,193,Wilkes,126.96509631993678,23.69381192048825,29.58331111068729,17.8053024098808
2018,37,125,Moore,134.92429165368705,26.260610316831816,32.15993890948296,20.362260083141255
2018,37,153,Richmond,95.9453489676329,26.699426843708505,32.74167051405296,20.658190925403556
2018,37,093,Hoke,143.12801855694087,26.961388389369926,32.752381788157564,21.171403592895434
2018,37,165,Scotland,130.8815133189727,27.025682986520668,33.07278752669419,20.979573390931414
2018,37,155,Robeson,183.1100300482644,26.91531027195042,32.65678132992116,21.174834775697835
2018,37,001,Alamance,74.28330051724942,25.42807769783962,31.418979556920604,19.438190602058395
2018,37,151,Randolph,85.14548049760776,25.520234886069705,31.349330121014795,19.692143650615215
2018,37,081,Guilford,72.98026131319568,25.382935503981646,30.92362844306442,19.843229678341903
2018,37,157,Rockingham,101.93410624655598,24.796898439245712,30.735382100056793,18.859417390661733
2018,37,171,Surry,125.66730977738234,23.783800514529016,29.846353738838967,17.722238504552315
2018,37,057,Davidson,56.763238316960994,25.54592082582398,31.646439747082077,19.44639445458585
2018,37,169,Stokes,99.2972498289673,24.38151414171269,30.350697191930863,18.41331762107995
2018,37,067,Forsyth,71.93297190033579,25.179613022229,30.910545719234662,19.44967710206216
2018,37,197,Yadkin,102.99751549212122,24.381148339144815,30.536159518909127,18.227135914227503
2018,37,059,Davie,84.27553790128626,24.934914843577907,31.19266281049404,18.678188076336195
2018,37,027,Caldwell,151.96398670813005,24.021107086535455,29.905326932974862,18.137872374332712
2018,37,003,Alexander,109.00670164381027,24.308698364302042,30.07633332775266,18.54204115615305
2018,37,035,Catawba,93.84696935905461,25.048537376329236,31.005842292894794,19.092241040267762
2018,37,023,Burke,147.38103128432843,24.189652744726896,30.163590665416606,18.216706967660645
2018,37,111,McDowell,159.85258032101285,23.26785087130716,28.934942313524783,17.60175391342466
2018,37,029,Camden,166.30597468716476,25.272518856411274,29.895874355041595,20.650176874193274
2018,37,139,Pasquotank,183.49189475310615,25.469570102016192,30.080243319789624,20.859885697903557
2018,37,143,Perquimans,173.74061002809688,25.595377509799143,30.461443036359576,20.730317064392818
2018,37,177,Tyrrell,184.7423924993551,25.67038825171825,30.184482938202933,21.15730370527652
2018,37,055,Dare,152.9046496703426,25.88651241319896,29.13757664554531,22.63644066419514
2018,37,073,Gates,180.175571500768,25.267565468149353,30.9100699220484,19.626066237324753
2018,37,053,Currituck,187.15094896242363,24.741881786580848,28.257149218656583,21.227616716326658
2018,37,019,Brunswick,224.80970534497837,26.596470608575782,31.465494892274027,21.728442460223828
2018,37,031,Carteret,240.91826703454853,26.516167736933603,30.013830338079362,23.019497960754624
2018,37,137,Pamlico,234.81376987498575,26.287987446878088,30.70273620529232,21.874231057106485
2018,37,049,Craven,214.86593082932004,26.256885491720453,31.453809989479268,21.060957004244074
2018,37,103,Jones,204.0595992028043,26.0340121680654,31.62952108222941,20.439496287232906
2018,37,085,Harnett,118.23704053921107,26.61518359688644,32.267599774899,20.963748034419336
2018,37,063,Durham,113.81027380658614,25.330441587612405,31.075856591598324,19.586050175067758
2018,37,145,Person,134.145523432992,24.509677547449698,30.41254338418531,18.607789431730783
2018,37,135,Orange,116.85274714326133,25.158335870574355,31.055331506802986,19.262351200197234
2018,37,181,Vance,94.52294805985719,24.74509698631019,30.536619360637637,18.954574277631366
2018,37,077,Granville,105.82596767015755,24.770281436250425,30.375279947237544,19.166292245420117
2018,37,069,Franklin,104.91954783763288,25.191472943106053,30.986770715168316,19.397165135356236
2018,37,101,Johnston,70.45894720145438,26.074672750278392,31.73425617754182,20.41608090496507
2018,37,183,Wake,106.84892061637959,25.561697207800737,31.098715659972324,20.02567617205773
2018,37,105,Lee,82.63454034999664,26.0040802801809,31.8730649997458,20.13608206544645
2018,37,131,Northampton,142.61608667025916,25.043635982561398,30.584852613657038,19.50341324402523
2018,37,083,Halifax,124.76975570421084,25.21144436324507,30.7666762336228,19.65722537041347
2018,37,127,Nash,100.41694504669775,25.5017485605351,31.131707024709247,19.872782887797236
2018,37,065,Edgecombe,124.09175300649503,25.64969477278199,31.170796695624883,20.129603886652237
2018,37,195,Wilson,105.60183136332313,25.96362015448184,31.67920169739831,20.249019840081615
2018,37,163,Sampson,121.76677690111016,26.49519817148541,32.07854671739443,20.91285647071989
2018,37,185,Warren,105.75359870909291,25.330841457320002,31.175612204439396,19.487061997080094
2018,37,187,Washington,221.1503120490149,25.96559856434204,31.036837930264685,20.895343857446722
2018,37,061,Duplin,163.42597945095753,26.10631868207425,31.796136585944737,20.417489488546053
2018,37,091,Hertford,136.63774509565283,25.035598024336387,30.493744520396,19.57845687122967
2018,37,017,Bladen,206.5450802027,26.63346210262514,32.308926871630256,20.95897433839817
2018,37,095,Hyde,207.61661346306525,26.399492206157703,30.503050096210412,22.296935596310142
2018,37,015,Bertie,155.8814333782155,25.642544083274252,31.004462420649368,20.28161979443336
2018,37,079,Greene,89.19723393374518,26.21041810551213,32.00295413542342,20.418874265028993
2018,37,041,Chowan,159.4352224094367,25.79392068111109,30.821040125508127,20.767784486180254
2018,37,117,Martin,158.9735346254273,25.786401903621616,31.00923815472168,20.564558484889762
2018,37,047,Columbus,195.33919423317712,26.460096934047915,31.880553088544517,21.04064160098584
2018,37,191,Wayne,91.5667488621992,26.144556616369663,31.832571760922264,20.457567294099128
2018,37,133,Onslow,205.94584819900723,26.265873263712784,31.342133966141528,21.190601077187463
2018,37,107,Lenoir,168.38295706187756,26.00676877740167,31.657637019155988,20.356885843839397
2018,37,129,New Hanover,204.14402780701076,26.76681549905149,31.401545966969653,22.13304209718939
2018,37,141,Pender,219.27937271630108,26.428155077717495,31.935102943163123,20.92219606157961
2018,37,051,Cumberland,142.4276921978408,27.06680985706305,32.690288405257654,21.444338075931373
2018,37,147,Pitt,126.27410700542141,26.114009774458466,31.6920265278185,20.536998137709237
2018,37,013,Beaufort,208.01651972035646,26.209089743003055,31.26109510520512,21.158081027614905
2019,17,121,Marion,266.6506547395991,23.996905833585014,29.32478332027095,18.669128624604944
2019,17,005,Bond,230.627298215892,23.883921890749694,29.226666861359437,18.541279038662015
2019,17,083,Jersey,143.05096218613738,23.858627638082684,28.98527185100788,18.732083695434955
2019,17,163,St. Clair,153.08731210589974,24.34221275069546,29.447210337936948,19.237312264156778
2019,17,027,Clinton,190.643191414361,24.104959741355085,29.272683705472588,18.937336922339526
2019,17,013,Calhoun,217.19467621163278,23.854478910035763,28.95070142327489,18.75835839380805
2019,17,119,Madison,164.98183564689967,23.97652039768539,29.063945867005195,18.88919661543815
2019,17,133,Monroe,156.52070047514258,24.077433336752676,29.283958107874042,18.871008035740836
2019,17,117,Macoupin,149.0058693959295,23.509148465626794,28.71421783252668,18.304177306124814
2019,17,171,Scott,164.37695634533029,23.378648817079334,28.69900713703425,18.05839260719955
2019,17,137,Morgan,175.86257471772515,23.33674463787521,28.691949614201796,17.981638724109768
2019,17,107,Logan,147.7910920475073,23.54253030547726,29.00923357855831,18.075926362230515
2019,17,129,Menard,164.56823530374598,23.262289660554682,28.66875087536149,17.855929841319462
2019,17,167,Sangamon,178.72654140273792,23.438623324771513,28.78637993616294,18.09096672749187
2019,17,021,Christian,242.5586895805961,23.445407936716318,28.91944435586914,17.97147167416707
2019,17,127,Massac,184.16323712472985,24.476041619609678,29.681165875048386,19.271020187851448
2019,17,057,Fulton,180.55547311034013,23.058166878170923,28.46461278160468,17.651821351113526
2019,17,175,Stark,180.6009512959495,22.41254871906755,28.023539547838954,16.80165712319192
2019,17,203,Woodford,147.42038861789896,22.93820010332628,28.612730874955478,17.26377065719889
2019,17,179,Tazewell,166.64169674041324,23.185685893174593,28.606227032088157,17.76524477943142
2019,17,123,Marshall,154.85053847471195,22.61236409209987,28.19925864453187,17.025569754485417
2019,17,143,Peoria,154.64243674785087,22.851901385620664,28.31223762779886,17.391664305523268
2019,17,001,Adams,187.6502713329478,23.58576857446106,28.561951718982634,18.609685255697244
2019,17,177,Stephenson,167.12554273126648,21.07133819296239,26.658357782225238,15.48441701074
2019,17,141,Ogle,166.1884283370065,21.529997874021717,27.128847987097522,15.93124564284636
2019,17,201,Winnebago,150.2105777168089,21.36919147588364,26.963220429056403,15.77526547985952
2019,17,007,Boone,142.87838726315022,21.158747572982794,27.01971256132236,15.297881336930878
2019,17,025,Clay,267.0719371865549,24.1461143113422,29.738596547635417,18.553734376520307
2019,17,185,Wabash,255.084462766676,23.997467337254932,29.52345205993144,18.471582538180176
2019,17,009,Brown,154.85531678189489,23.100595934919276,28.363147166105694,17.838146178544942
2019,17,151,Pope,192.64177071322143,23.717190561685992,29.212017682486252,18.222461483137874
2019,17,033,Crawford,250.27118923213322,23.774148903693245,29.354341752979053,18.194061792149903
2019,17,135,Montgomery,174.97658743390573,23.514128905603897,28.922339323481125,18.1060202657103
2019,17,055,Franklin,157.01798461922718,24.10194463396929,29.3950961688395,18.808899987413074
2019,17,023,Clark,269.074332866242,23.64875945608503,29.337395630764142,17.96022676048905
2019,17,059,Gallatin,214.83996541394305,23.968376351968324,29.272004872444263,18.664843559986817
2019,17,075,Iroquois,186.93192284436478,22.495904593858462,28.245548490878,16.74636131011218
2019,17,041,Douglas,187.93911132534168,23.272139412690116,28.59253175445775,17.951846748507258
2019,17,189,Washington,145.31083924404865,24.04375391471912,29.26406855754923,18.823540550047042
2019,17,159,Richland,256.1806595195087,23.75940685265257,29.239557810908014,18.27935635498552
2019,17,065,Hamilton,168.92157388966777,23.981630762290404,29.27229800491953,18.691066511365356
2019,17,193,White,238.79741175859846,24.105599083891015,29.49349619618751,18.717802397889752
2019,17,169,Schuyler,195.40401852995726,23.184488024715407,28.556468859972355,17.812607915159617
2019,17,181,Union,232.0517219488199,24.466135861596037,29.731263810684023,19.20110450676698
2019,17,085,Jo Daviess,164.6315105964486,21.24741511958049,26.803708837497695,15.691220706392507
2019,17,125,Mason,171.08611922928168,23.309987763864413,28.79502487769802,17.825052679502534
2019,17,191,Wayne,253.65521320531866,24.00950607489031,29.383248122460458,18.635862359188884
2019,17,069,Hardin,198.3143080566909,23.432181210360397,28.863907347888258,18.000557112552457
2019,17,061,Greene,161.25982522355073,23.524565981369882,28.803888948374514,18.245341743671798
2019,17,157,Randolph,166.638483204244,24.074568858494704,29.3803317504482,18.768905646719016
2019,17,149,Pike,176.38409262716124,23.539579162545607,28.61879965596332,18.46045907629436
2019,17,145,Perry,201.83697955316393,24.165068487532587,29.335936311762374,18.994298242041395
2019,17,087,Johnson,206.3091352810047,24.19452078552363,29.604031824052036,18.785109638649853
2019,17,173,Shelby,235.0292157101112,23.544650732894436,29.01975391375021,18.069646931607664
2019,17,051,Fayette,218.02932802065735,23.741591245040674,29.148796148937635,18.33448593265306
2019,17,139,Moultrie,224.30122179383835,23.50285965340049,28.829968849761727,18.17584956728865
2019,17,017,Cass,184.49447683875658,23.26126439605112,28.72266784486342,17.7999651560405
2019,17,015,Carroll,200.06537746083475,21.65547560301892,27.37566197820317,15.935387230649653
2019,17,047,Edwards,260.05220511408396,24.054068253759233,29.56971908712306,18.53851364499666
2019,17,079,Jasper,235.45788306075383,23.718283540427375,29.07930055316201,18.357368205508077
2019,17,187,Warren,123.87216956506958,22.85768651225659,28.28306260602338,17.432412894491097
2019,17,153,Pulaski,234.8679971270921,24.958062010874265,29.843316029577306,20.072907577317316
2019,17,165,Saline,180.95957940602042,23.976825521830357,29.31574753536637,18.6380034711665
2019,17,101,Lawrence,243.61315803910853,23.920428619892647,29.394503553766533,18.446453825621507
2019,17,045,Edgar,229.13451628914476,23.020497013225963,28.442779413236472,17.598310063612438
2019,17,071,Henderson,124.11839712888444,23.1661198221062,28.370837014015788,17.961503116713274
2019,17,199,Williamson,195.75042073499145,24.061490672453342,29.41341536178119,18.709668960933687
2019,17,077,Jackson,205.65764398913566,24.26705349433351,29.467655045931068,19.066549780467522
2019,17,147,Piatt,143.12691200458045,23.085442373795214,28.56077957979637,17.610202346384586
2019,17,053,Ford,136.13027334282702,22.65014642079189,28.409148720437702,16.891245783376714
2019,17,019,Champaign,145.36852988989475,22.8511950707592,28.426534509932566,17.275956231070055
2019,17,029,Coles,260.9040255440531,23.37545099252149,28.601581264471037,18.149422721201958
2019,17,035,Cumberland,287.16937298326275,23.631859324377928,29.1234705589913,18.140346560503986
2019,17,183,Vermilion,155.3214887342879,22.858478983046886,28.37727625407433,17.33978066838053
2019,17,115,Macon,173.81134389163412,23.411023621277963,28.731329094045023,18.090818469996737
2019,17,049,Effingham,227.51544867085158,23.803860886064765,29.350071928045548,18.25775301258274
2019,17,067,Hancock,168.9495198470326,23.516082000689217,28.67291183571066,18.359354847137574
2019,17,095,Knox,142.51202781238612,22.705795042827063,28.197176868671658,17.21451456033126
2019,17,109,McDonough,179.58380174999684,23.009211855512746,28.368203370451937,17.650324626615628
2019,17,081,Jefferson,169.34069857182092,23.82841625027783,29.006039032993396,18.65089459780092
2019,17,113,McLean,129.16280363047036,23.0243702255747,28.62790559902304,17.420934919904862
2019,17,039,De Witt,138.57188012937888,23.151509976978428,28.694045331706462,17.609075245797328
2019,17,105,Livingston,146.5579395978261,22.769626981590065,28.41091602937278,17.12844235848184
2019,17,003,Alexander,211.1637378759753,25.029809932813798,29.87840107794636,20.18131949399647
2019,17,093,Kendall,210.00598390788582,22.155519498983445,27.815610434649948,16.49552556371949
2019,17,031,Cook,140.56061267624713,21.914909254925956,26.862134163287827,16.967786248773013
2019,17,037,DeKalb,126.36385291803124,21.721987531540236,27.328708109995077,16.115365194506662
2019,17,089,Kane,132.4075667414572,21.770836796460003,27.42623036603218,16.11554286757139
2019,17,063,Grundy,218.06590102289485,22.459581076331236,28.12820850477495,16.79105364923486
2019,17,111,McHenry,149.64768036979356,20.814218066317654,26.82940700132532,14.799130406207901
2019,17,197,Will,183.43359582993344,22.159309155582676,27.83089553522274,16.48782206934401
2019,17,043,DuPage,140.95599002713055,22.148757615977956,27.826969514966294,16.4706444112291
2019,17,097,Lake,168.52298449225577,20.381996398447193,25.30141159137467,15.462684562978753
2019,17,091,Kankakee,188.83163460977283,22.404247969754202,28.156361404625137,16.652234966920147
2019,17,011,Bureau,189.6450555859978,22.302834859067136,27.78181493875137,16.823956340534004
2019,17,155,Putnam,159.4205342250888,22.539237728231182,28.128056938453714,16.950513530519455
2019,17,099,LaSalle,190.99623463975044,22.309845798275983,27.79761831742696,16.822176135198674
2019,17,131,Mercer,149.92626595741623,22.929182763400743,28.318092685460556,17.54037348372246
2019,17,161,Rock Island,156.05842580669588,23.11587408602833,28.337619572812166,17.894229365261143
2019,17,073,Henry,188.34294394624095,22.66263591397817,28.057065786031924,17.268308347022533
2019,17,103,Lee,185.31468486761096,21.799722627874786,27.315070750233733,16.28447569301659
2019,17,195,Whiteside,188.2527724545392,22.232477542493818,27.584693851940653,16.880360203829973
2019,19,149,Plymouth,189.4197299556914,22.13678374043577,28.04795557751968,16.22571131867101
2019,19,193,Woodbury,165.50417383157648,22.194731224966375,28.072563784536463,16.316998002402475
2019,19,027,Carroll,129.750735852432,22.211638962549166,27.93790939645113,16.485470577565156
2019,19,061,Dubuque,187.58694275972528,21.212777338439714,26.577486662476414,15.848167422832669
2019,19,101,Jefferson,109.36000983667043,22.935069189820954,28.41197274070575,17.458263618019807
2019,19,187,Webster,174.71375572407194,21.911994651954167,27.44291108921902,16.381177970962277
2019,19,111,Lee,149.94277764220453,23.606673557882512,28.764619827400292,18.448831203791503
2019,19,127,Marshall,151.46790531396218,21.842689871747,27.347209879813498,16.338269117004497
2019,19,195,Worth,153.98903631249098,20.679980976274894,25.900408879953726,15.459655026741071
2019,19,033,Cerro Gordo,125.43957531776539,21.166605200332633,26.74453353522258,15.588776643496448
2019,19,051,Davis,154.4499304181676,22.859274443186145,28.308503369760587,17.410148309315687
2019,19,179,Wapello,125.62975476150469,22.897027223704,28.293874448464514,17.50028089979012
2019,19,041,Clay,144.0643628254268,21.847937870414214,27.473619478899014,16.222358021180945
2019,19,059,Dickinson,109.26112931682843,21.699583112060512,27.218934709309856,16.180335472331574
2019,19,021,Buena Vista,164.956083438053,21.776130226232237,27.336925574321576,16.21543537758074
2019,19,013,Black Hawk,134.61578405816684,22.043426410703397,27.57632237896529,16.510632028967315
2019,19,075,Grundy,129.2648129977432,21.703735613012274,27.306014393315166,16.101555558420515
2019,19,017,Bremer,156.8289534214083,21.726402974845602,27.265941484746072,16.186964985008505
2019,19,085,Harrison,103.51342490461651,22.77247786178667,28.506882618302065,17.038175486283624
2019,19,129,Mills,137.58737001660725,23.745823118596196,29.088584269718993,18.4031632998243
2019,19,155,Pottawattamie,113.95136258968738,22.968464944811636,28.44893775631033,17.488095901904515
2019,19,123,Mahaska,131.73057040728565,22.77520057525866,28.233248429845627,17.31725154902986
2019,19,125,Marion,111.38792249859604,22.867149618554212,28.13328072594314,17.60111858670751
2019,19,053,Decatur,130.0067569020062,22.747934029084483,28.351720751187408,17.144247750415307
2019,19,031,Cedar,135.74276594649155,22.389531296103055,27.861793209253076,16.917371234726787
2019,19,151,Pocahontas,165.02994469080505,21.892527447682685,27.508944568702063,16.276211086013785
2019,19,109,Kossuth,127.13323935679475,21.469924578661946,26.935140698887718,16.00481010950562
2019,19,089,Howard,236.96227014895354,20.031448571153998,25.992648378754822,14.070348681387891
2019,19,147,Palo Alto,153.08112139323293,21.70204959505379,27.280960476792956,16.12323882019796
2019,19,159,Ringgold,116.30802133145967,22.655899336311617,28.125465625590575,17.18643403927282
2019,19,025,Calhoun,182.5153501960584,22.05295284012665,27.571653293036647,16.534352916010985
2019,19,039,Clarke,112.64945047185597,22.763705049355114,28.3698725756067,17.15763821308033
2019,19,065,Fayette,160.03207909744765,20.995742753509656,26.69143294780002,15.300150904186866
2019,19,001,Adair,117.64750057253451,22.29800678409609,27.89219107852326,16.703921622128245
2019,19,037,Chickasaw,212.61205334661977,21.01707599523769,26.583330299373156,15.450919071537854
2019,19,081,Hancock,117.91533153277118,21.30529042778194,26.780880821156916,15.829801130411465
2019,19,157,Poweshiek,153.7557717383126,22.55029782141741,28.147966907427055,16.952729664053837
2019,19,165,Shelby,112.82939951388751,22.11018856359397,27.79806627403778,16.4224094154098
2019,19,185,Wayne,139.8085256555448,22.46431688950084,28.062123720516848,16.866609916286777
2019,19,097,Jackson,155.947979389442,21.686942092622893,27.10958874548849,16.26439408743795
2019,19,043,Clayton,178.90538695424024,21.007078127064688,26.7063294363707,15.307925938311337
2019,19,007,Appanoose,157.16253158782754,22.524992217164833,28.04229309414494,17.00779219394224
2019,19,177,Van Buren,145.96392940329673,23.034019421689063,28.473568152039746,17.594572630159803
2019,19,197,Wright,149.45359620903076,21.705656413300837,27.320380219891845,16.09103284573757
2019,19,137,Montgomery,106.15178582118496,22.81932829457934,28.559209240273265,17.07954836942851
2019,19,175,Union,158.1277238477456,22.476492133138912,27.941421358536946,17.011662735986587
2019,19,107,Keokuk,133.69977930847708,22.809342257679674,28.28027954841819,17.338504661774525
2019,19,131,Mitchell,206.4777089946166,20.73723852808725,26.123349150358543,15.351228557212547
2019,19,191,Winneshiek,228.21583692960039,20.506467660772692,26.295590284782286,14.717445154451775
2019,19,161,Sac,174.73043166152829,21.93617077725522,27.58784883019132,16.284594033145606
2019,19,055,Delaware,169.04276796942978,20.906285918317362,26.71729405652134,15.095379927788821
2019,19,067,Floyd,147.04357674003538,21.424722240508732,26.871990043536982,15.977555938162107
2019,19,009,Audubon,87.0638530478577,21.99175229172462,27.778243400443305,16.20535925312079
2019,19,079,Hamilton,159.8773747261115,21.750047639527413,27.37969241234921,16.12050585587245
2019,19,069,Franklin,117.21500299247886,21.48169086865331,27.203348355445417,15.760135027435009
2019,19,141,O'Brien,141.10513989077893,21.746312271723294,27.419501654234782,16.073220919045255
2019,19,167,Sioux,200.28544459862272,21.967295742833386,27.788475891467947,16.146215246969096
2019,19,005,Allamakee,209.65399884865423,20.880242526053287,26.298820012336147,15.461764996777285
2019,19,189,Winnebago,119.86919018718963,21.13265153677075,26.40044407771388,15.864958852604444
2019,19,093,Ida,128.0296874168304,21.84503486389741,27.544431927903954,16.145740776987218
2019,19,029,Cass,130.0684594305487,22.318095069482446,28.1252808029772,16.511007249748676
2019,19,083,Hardin,137.34969292376124,21.78389705634152,27.471478439307234,16.096416000211473
2019,19,173,Taylor,86.54117539058007,22.658651626772237,28.21102465896798,17.106375804179596
2019,19,145,Page,94.26862371025562,23.055173368007967,28.698417412234456,17.412030792892224
2019,19,035,Cherokee,194.91899396588502,21.736460533666627,27.443146484533187,16.029873433628016
2019,19,071,Fremont,130.55094500219562,23.694304472946087,29.17829311770858,18.210417386422666
2019,19,095,Iowa,153.73558956330947,22.492897382690856,28.09162792181868,16.89426831252883
2019,19,023,Butler,127.6173577558174,21.70373251261197,27.274298698048987,16.133269062523446
2019,19,063,Emmet,139.9020787483358,21.262224221018123,26.705510206625473,15.819040482945072
2019,19,047,Crawford,134.91133996377476,22.03016985550853,27.758066857626396,16.302374743090567
2019,19,019,Buchanan,133.59248994732613,21.619360512902823,27.33160075239148,15.907223097906005
2019,19,143,Osceola,132.75805970071744,21.57506981423604,27.299415980987046,15.850823273182433
2019,19,073,Greene,178.64905107721037,22.40228671265654,28.33446069539741,16.470213873063962
2019,19,087,Henry,121.56287952761248,23.313580130759846,28.798832281706257,17.828428959517247
2019,19,119,Lyon,199.37399569387165,21.784348303177108,27.637360002241774,15.931438387547269
2019,19,003,Adams,140.44717963433843,22.330820248308083,27.951467280665454,16.710270761004054
2019,19,133,Monona,142.41825474794123,22.543189500129248,28.579465101447827,16.50701350907599
2019,19,091,Humboldt,142.25326077897006,21.734712167578024,27.292260147259835,16.17726641654274
2019,19,115,Louisa,136.19891168913145,23.210343489874123,28.603643879660716,17.817146055232048
2019,19,171,Tama,138.86117297160146,21.909371145018902,27.524319285070586,16.29452279642096
2019,19,135,Monroe,140.66727615675435,22.551547547829095,27.904186394391402,17.199007817017286
2019,19,117,Lucas,93.40139204562341,22.558932579752817,28.143495355559807,16.974465374227197
2019,19,057,Des Moines,120.77158310620791,23.230947061240204,28.528146658259125,17.933848965098907
2019,19,011,Benton,116.43507575772166,22.037043229051154,27.654088560443846,16.420097487956827
2019,19,113,Linn,110.95230509051953,21.874804544345924,27.531088692071233,16.21862116147931
2019,19,105,Jones,143.95965465115603,21.6179412865454,27.262704901466076,15.97327945496315
2019,19,103,Johnson,128.19345953088512,22.68479186711207,28.131899490929584,17.23778434742574
2019,19,183,Washington,118.4811650366695,22.988500008976327,28.497067329846825,17.480034013327163
2019,19,045,Clinton,160.0619843702451,22.37670575797448,27.730030064576013,17.023484780294293
2019,19,163,Scott,165.4832704907334,22.9079740780164,28.01849023012114,17.797558040877792
2019,19,139,Muscatine,142.11429167695243,23.115400435411622,28.496244622052508,17.73465701712491
2019,19,169,Story,145.48261300977546,21.966517897794038,27.4962996949393,16.436835297918215
2019,19,015,Boone,202.83038069110765,22.149663276079107,27.785554344153514,16.513876745600722
2019,19,121,Madison,111.90222711939909,22.593348479058655,28.15833535394334,17.02846519917332
2019,19,181,Warren,94.53149961803184,22.891273619036827,28.324484242638974,17.4581623922053
2019,19,049,Dallas,115.93141574770657,22.502024887019974,28.223914039186845,16.780237383012334
2019,19,153,Polk,98.52830891555797,22.799183350810797,28.210833439339684,17.387635595690107
2019,19,077,Guthrie,79.79797141854522,22.319337110269508,28.201528107400776,16.437246613092785
2019,19,099,Jasper,112.04638272598613,22.529752674518587,27.954698477344632,17.10490826375232
2019,31,043,Dakota,185.62798083309923,22.447250162927048,28.32603971420618,16.568556865927814
2019,31,051,Dixon,172.99830007772778,22.382339251902096,28.09811467356431,16.66666750532428
2019,31,053,Dodge,120.17786869595155,23.167849870892276,28.807821286880856,17.527980227454456
2019,31,025,Cass,147.24535210158078,23.655895312947575,29.004745728069125,18.307146081308304
2019,31,055,Douglas,120.27029980188524,23.760533107185854,28.979077013340447,18.542090348784345
2019,31,153,Sarpy,129.06889136661115,23.91823955005574,29.186698504558212,18.649883414540326
2019,31,155,Saunders,145.91985241933293,23.223773296224138,29.05522230032664,17.39242369492909
2019,31,177,Washington,114.80399385101246,23.346550002960917,28.70695479603714,17.986245768572378
2019,31,067,Gage,165.93525888874558,23.29705458261498,29.054805699824612,17.53940641658093
2019,31,109,Lancaster,152.55897545398614,23.407113938216927,28.962978407876463,17.85134817985256
2019,31,159,Seward,163.36061025267702,22.8654663533773,28.622268341122943,17.108763756452326
2019,31,139,Pierce,164.89077353078676,22.159449540261456,27.796810852687365,16.52218811537065
2019,31,119,Madison,148.10272286837585,21.975281742853095,27.596518206934007,16.354144980185982
2019,31,167,Stanton,120.61695977993446,22.23510863210126,27.986488143599683,16.483830682950234
2019,31,117,McPherson,178.78093673609166,20.50189094735997,27.63875918006296,13.3651226967291
2019,31,111,Lincoln,211.4609529413506,20.90398580129039,27.90365928525044,13.90441266914377
2019,31,113,Logan,195.66224258288403,20.58718552727075,27.530016938452828,13.644453367273922
2019,31,007,Banner,154.75532176409044,18.382557684485054,26.49811598018491,10.267100604181332
2019,31,157,Scotts Bluff,125.70875611839189,19.300470311248795,27.205585021646392,11.395456458989614
2019,31,165,Sioux,137.31480701181133,17.943412046130724,25.647413432234075,10.239512092393605
2019,31,039,Cuming,116.5196703868199,22.48764570866924,28.186619756063465,16.788772598861
2019,31,129,Nuckolls,289.7065223317521,22.753922920074846,28.766046796039127,16.74189964056967
2019,31,101,Keith,172.30071193384143,21.031759161967518,28.339271609078438,13.724347866589671
2019,31,137,Phelps,344.8154869110028,22.023647954530205,28.086808638679074,15.960589986567268
2019,31,181,Webster,276.971841142355,22.57380466807817,28.746032406466004,16.40167649034653
2019,31,015,Boyd,129.2899103916148,21.894422865312446,27.967175951076246,15.821771463111226
2019,31,171,Thomas,169.5535288549266,20.799644312518375,27.69677291132363,13.902619181597647
2019,31,089,Holt,145.64031193808043,21.41855299896353,27.471058390970903,15.366149259495936
2019,31,017,Brown,187.7654085834732,20.961528844644597,27.27382802793425,14.649329128995928
2019,31,103,Keya Paha,200.44702666101594,21.273639488754633,27.684818355037628,14.862560665342983
2019,31,077,Greeley,206.76135683822773,21.359407622969098,27.715942409274792,15.002973138129079
2019,31,095,Jefferson,189.61240702645142,23.127590721763138,29.06436356544772,17.19091812386552
2019,31,151,Saline,218.17450147646022,22.887855310388446,28.588386348128047,17.18742095117772
2019,31,057,Dundy,148.4277986965672,21.586938878868768,29.473292129246637,13.700686567018362
2019,31,131,Otoe,147.9057076394157,23.540768562807152,29.17980793466515,17.901830908937757
2019,31,087,Hitchcock,172.5068089526117,21.908867152689492,29.635871634866117,14.18196487235739
2019,31,105,Kimball,178.85048234144742,18.050793550140437,25.971987852941897,10.12969920635909
2019,31,127,Nemaha,144.11994413385773,23.57909990566442,29.242906451430088,17.9153961695947
2019,31,041,Custer,204.54810217578225,20.94801319299442,27.35620913094655,14.539917946724662
2019,31,143,Polk,194.19322864474478,22.649029835410733,28.419368049650824,16.878793262231955
2019,31,045,Dawes,137.08473454924356,19.078735753410697,26.41567086394967,11.741901347881411
2019,31,179,Wayne,148.70995418026766,22.200999374528394,27.98262954013567,16.41946949052146
2019,31,071,Garfield,179.53214061039108,20.779890370438288,27.07824587041199,14.481635475719393
2019,31,013,Box Butte,145.2025410163953,18.64030996608478,26.20914752873234,11.071575008022407
2019,31,173,Thurston,147.85028107025838,22.643393297025252,28.769886962118566,16.517001441522996
2019,31,011,Boone,188.80458555539295,21.58906027097656,27.495460195781362,15.682760267386335
2019,31,145,Red Willow,240.26704408551169,22.123010956419233,29.444825629587154,14.801297751883952
2019,31,149,Rock,199.8488540123651,21.090560585751174,27.164400708918407,15.016821188552589
2019,31,005,Arthur,137.42654508470102,20.331835939420067,27.83198712258814,12.831786292505601
2019,31,085,Hayes,195.84237467616398,21.267588750738973,28.5683064467302,13.966972137504937
2019,31,097,Johnson,160.409064021453,23.181184969425704,29.037217370185612,17.32525313576634
2019,31,003,Antelope,138.3229758962307,21.62776367138948,27.34945418451337,15.906173670918994
2019,31,163,Sherman,201.3543767311974,21.727203853668712,28.08263332735132,15.371872654128433
2019,31,161,Sheridan,171.304302187436,19.07851978638316,26.461307266573222,11.695831386796566
2019,31,133,Pawnee,144.1623888690008,23.239229737535965,29.09675322565877,17.381806520567093
2019,31,075,Grant,150.33341166689377,19.593896983626585,26.952062347752676,12.235832002483745
2019,31,021,Burt,99.36829789408077,22.944844448470704,28.708600585008586,17.181190398204592
2019,31,009,Blaine,207.2897366822475,20.816982054915545,27.33062648356867,14.303437258263571
2019,31,027,Cedar,128.73954665647065,22.458097180461486,28.029897287777686,16.88639541241906
2019,31,169,Thayer,225.365446684075,22.930023171388136,28.981551129091997,16.87859396719069
2019,31,049,Deuel,184.4856075980946,20.31407190087206,28.197892033448596,12.430351745409116
2019,31,123,Morrill,167.99228872969022,19.419226217488458,27.357225982340275,11.481325520920663
2019,31,115,Loup,213.25489248846839,20.759828601320773,27.08475063406649,14.435006377110252
2019,31,063,Frontier,269.7904950079661,21.54858983184141,28.40724445612705,14.690033632144024
2019,31,125,Nance,177.32800749691478,22.25102943257686,28.0856358855138,16.416522022646046
2019,31,107,Knox,111.52099656957398,22.257588248861616,28.308638836511175,16.206639106983943
2019,31,135,Perkins,190.50344677401995,21.145744459277882,28.63555405984783,13.65603392402908
2019,31,037,Colfax,139.95477101282552,22.763270532695724,28.4835308035975,17.043112321213332
2019,31,023,Butler,172.26710784062146,22.83637215763027,28.701343791154027,16.97150313870804
2019,31,031,Cherry,208.24603329814346,20.18264991200889,27.136584412930265,13.228816038741275
2019,31,183,Wheeler,194.1705785509489,21.25430815401133,27.520952265550655,14.987765284724924
2019,31,061,Franklin,274.79417193049943,22.72974524712239,29.090247628638284,16.36934245573126
2019,31,029,Chase,186.89930989606316,21.26344482570397,28.791945896930372,13.735045239866748
2019,31,059,Fillmore,193.576953865593,22.62316168671473,28.42351196500806,16.822912592619982
2019,31,185,York,198.06962391588323,22.598243690478675,28.34914932118397,16.84743956410678
2019,31,035,Clay,193.3287488220723,22.64657128679844,28.365095236312037,16.928147616345466
2019,31,033,Cheyenne,178.21729203118798,19.219782842457835,27.13521635631614,11.304450454281534
2019,31,069,Garden,164.29365086195546,19.741339782325017,27.603259028555662,11.879522401821474
2019,31,083,Harlan,288.1833753398714,22.54464779290501,29.173853664651492,15.915546547558154
2019,31,091,Hooker,149.92917430873055,20.190095047398454,27.15818243123073,13.222106579876728
2019,31,147,Richardson,138.68803711213312,23.606020441762897,29.263149036843547,17.948992541855834
2019,31,065,Furnas,282.9179989930662,22.325362327308152,29.644484095430627,15.006342087592616
2019,31,175,Valley,209.16878087776126,21.182800212765887,27.422988304296034,14.942710959425993
2019,31,141,Platte,145.6178329846516,22.336427333871576,27.98192861772596,16.691026415297973
2019,31,121,Merrick,183.42393805733582,22.666359403928926,28.343011646521056,16.98980520407696
2019,31,079,Hall,188.60667411916035,22.6221455507547,28.287851925180327,16.95654061119426
2019,31,081,Hamilton,176.79943641495822,22.55826722248553,28.238750998446065,16.877884426699975
2019,31,093,Howard,203.66872252978402,22.202442838052637,28.182083886738393,16.222904191231386
2019,31,001,Adams,268.32628111953477,22.684285593905162,28.35020294995066,17.01846789220568
2019,31,099,Kearney,305.2883946456868,22.386124761261552,28.312532406400845,16.459815525905203
2019,31,019,Buffalo,287.7989365317996,21.99479346821991,28.1415740603224,15.848111431249004
2019,31,073,Gosper,335.9187553539321,21.77297023916985,28.112840774436293,15.43319909555661
2019,31,047,Dawson,257.43372834429283,21.388364839676147,27.576401080333635,15.200430368483529
2019,37,037,Chatham,168.29225708391758,24.953295502724036,30.535401277154804,19.37128833744508
2019,37,115,Madison,288.22819164422094,21.18314777137856,26.7264169133917,15.63997930350915
2019,37,087,Haywood,262.06583855968233,19.626096129451252,24.984493242689343,14.26779770631192
2019,37,021,Buncombe,275.49102931547804,21.27714042386529,26.48682888176453,16.06755254864533
2019,37,089,Henderson,267.0585403081619,21.459569461632693,26.607979953125657,16.311262793915944
2019,37,175,Transylvania,361.36274463108157,20.73484326340316,26.039864415057295,15.42992327241773
2019,37,167,Stanly,155.36592742953482,25.5192481698358,31.228486693391893,19.81010988376914
2019,37,109,Lincoln,237.61841096857808,24.5852253383238,30.052091341730918,19.118458718202117
2019,37,159,Rowan,178.75314714062037,24.542053853825127,30.058521815943145,19.02568700087743
2019,37,025,Cabarrus,182.67364412037116,25.361646277549116,31.04735159604564,19.676040528287892
2019,37,097,Iredell,207.49267442389137,24.13007732744067,29.57597006603312,18.684285914905352
2019,37,071,Gaston,186.96143226451971,25.310065717795457,30.611117278733968,20.00911252926823
2019,37,179,Union,137.9880697950751,25.812711369793753,31.40200640185248,20.223518269612576
2019,37,119,Mecklenburg,182.7516000335723,25.552570254347014,30.784049703357127,20.321194122343158
2019,37,045,Cleveland,208.10965542969748,24.57845207255188,30.19419449597183,18.962810371592152
2019,37,005,Alleghany,311.06724174930497,20.003972036957276,24.79783462898119,15.210215851030812
2019,37,173,Swain,248.61028558381602,19.948523463770314,25.221265202894127,14.675881033695518
2019,37,011,Avery,383.3470363105207,19.36764679889535,24.032771437067318,14.70262511135419
2019,37,033,Caswell,206.524969831688,24.54528574138934,30.426241025169002,18.664433311748986
2019,37,075,Graham,216.67071800934576,21.304178010736727,26.561392261820846,16.047063676832604
2019,37,007,Anson,138.54790895821992,26.129346243130886,31.941149633347663,20.317643695039745
2019,37,149,Polk,293.04176983723426,23.722593764046362,29.11261749946405,18.33266914524279
2019,37,039,Cherokee,243.82096386799117,22.249358388288957,27.904822567863235,16.593995518087045
2019,37,113,Macon,268.06428311563025,20.599436206242096,25.45358800797457,15.745384482325525
2019,37,009,Ashe,372.0089318552191,19.38816237444229,24.143616189636486,14.632805951704986
2019,37,123,Montgomery,164.24777959759746,25.629927817163146,31.37915925959353,19.880798314855667
2019,37,043,Clay,209.35057170234944,21.11859256221193,26.135779324445252,16.101505860298115
2019,37,121,Mitchell,309.8980790570079,19.874730167116773,24.78323772589002,14.966323393004789
2019,37,199,Yancey,357.81913065041755,19.300852663534762,23.773960060759038,14.827845550802616
2019,37,189,Watauga,401.2609229987143,19.483576458682172,24.20576152099481,14.761489051457396
2019,37,099,Jackson,307.5952995704368,20.040902613357634,25.060911086563998,15.020995822428725
2019,37,161,Rutherford,277.593348103443,24.020131169357345,29.61921689825938,18.421144274768896
2019,37,193,Wilkes,339.50166519877496,22.767694498103147,28.168975033439647,17.366514955848864
2019,37,125,Moore,204.03618133365669,25.752572757697575,31.34236373604668,20.162881820726085
2019,37,153,Richmond,126.71594691209138,26.190357698194326,31.880180486834444,20.500636581319675
2019,37,093,Hoke,211.21847115535678,26.580983199521846,32.09966073874383,21.062406899677686
2019,37,165,Scotland,161.70945991865094,26.574606997828603,32.28397973036047,20.865339129794176
2019,37,155,Robeson,179.68652190285067,26.551004036890326,32.11207045811675,20.990039994961112
2019,37,001,Alamance,184.26795005258634,24.950307057176285,30.572174770218258,19.32854318668058
2019,37,151,Randolph,197.79358688170672,24.804614192170657,30.190684622908623,19.418646986734935
2019,37,081,Guilford,243.51407243130288,24.665960980504426,29.763497004351418,19.568524933212693
2019,37,157,Rockingham,251.40734673232728,24.141202462147863,29.59747773057323,18.68502766463716
2019,37,171,Surry,296.254198469829,22.820553068392574,28.521191974071858,17.12001439017414
2019,37,057,Davidson,197.79521258417705,24.6429947665707,30.07406748714664,19.21202536285784
2019,37,169,Stokes,276.4161764018244,23.493029721773382,29.06240413293162,17.92375578271235
2019,37,067,Forsyth,269.123786703833,24.225720451571988,29.475672235434267,18.975870483422263
2019,37,197,Yadkin,267.6762562306712,23.43223863100344,29.245526454525752,17.61905114742655
2019,37,059,Davie,189.66360172159256,24.006580608554696,29.692871601927582,18.320394948026284
2019,37,027,Caldwell,404.97117155910337,23.179683415218953,28.47982184513225,17.8796459315963
2019,37,003,Alexander,339.4819493162074,23.55986756972269,28.683556272640526,18.436278360919072
2019,37,035,Catawba,301.02171826447153,24.306112096505224,29.59481796464237,19.017504658437627
2019,37,023,Burke,336.8733183317015,23.332934781375815,28.77449623596202,17.891476618818903
2019,37,111,McDowell,358.38603478121155,22.463161636083058,27.922118779702416,17.004304466163344
2019,37,029,Camden,183.24766562459382,25.469783277158562,30.18170926919017,20.757955258835775
2019,37,139,Pasquotank,203.17552565567956,25.647498627352256,30.39068833195137,20.904409854496507
2019,37,143,Perquimans,219.76127632891564,25.74676443898007,30.71946091535891,20.77417467519155
2019,37,177,Tyrrell,220.00663467740608,25.635944099006515,30.3796164535971,20.89237284679917
2019,37,055,Dare,222.50282814042933,25.872643026414107,29.192967243723107,22.55242019632129
2019,37,073,Gates,196.6287160544665,25.236615763242835,30.95150516076105,19.521830922071207
2019,37,053,Currituck,178.33687560493698,25.150472116459174,28.769793155238567,21.531249871175422
2019,37,019,Brunswick,275.13794822610737,26.351494436307515,31.192994352903554,21.51009567206077
2019,37,031,Carteret,152.06955200101552,26.460154713112008,29.93466099196527,22.98574915957083
2019,37,137,Pamlico,214.81052770740882,26.22506138233249,30.69054985522872,21.75967124939502
2019,37,049,Craven,207.71939243458348,26.358251069698312,31.57694906078826,21.139654255486736
2019,37,103,Jones,200.76937025054158,26.07799414939468,31.67554422960644,20.480542260887194
2019,37,085,Harnett,222.98758360135307,26.038781781872064,31.49762755439054,20.58003818015623
2019,37,063,Durham,191.37385075326063,25.27447019367159,30.90945412469011,19.639581630710804
2019,37,145,Person,228.0963524336359,24.288382954626744,30.011529855332906,18.565337000584837
2019,37,135,Orange,190.96321490051716,24.91387249931125,30.539882933996484,19.287962582800173
2019,37,181,Vance,220.38826781275912,24.695012569945238,30.28627808923269,19.10385231476438
2019,37,077,Granville,218.92205035445755,24.630095049551244,30.05391342861812,19.20637819904687
2019,37,069,Franklin,208.7374130723018,25.02668817028034,30.584347172255494,19.46912797452942
2019,37,101,Johnston,204.7272488084014,25.765772520711163,31.2616532019999,20.269994060839572
2019,37,183,Wake,168.88294890407207,25.227833241416587,30.52250519788593,19.933263750800293
2019,37,105,Lee,203.95262551826028,25.422884149081227,31.049396068383746,19.796466486960444
2019,37,131,Northampton,211.2590427289156,24.85157282700519,30.41386242159438,19.289384507146217
2019,37,083,Halifax,195.9078699219848,24.91786878105731,30.43154317381048,19.404294095077432
2019,37,127,Nash,157.9723320111812,25.362480279262808,30.743200452684267,19.981861003765534
2019,37,065,Edgecombe,155.6253118933571,25.54100322848736,30.908700826419864,20.173406758595245
2019,37,195,Wilson,162.04662726399158,25.89621031675203,31.315706903681846,20.476812793709566
2019,37,163,Sampson,166.49806348967846,26.21992524088121,31.71683557350283,20.72311424234637
2019,37,185,Warren,217.08271420514313,25.17518604384155,30.854167947702113,19.496306864029485
2019,37,187,Washington,222.16304871926727,26.022592542261908,31.408118892267385,20.637164503198107
2019,37,061,Duplin,159.8652897966283,25.943073843623736,31.71260921551187,20.17363900840794
2019,37,091,Hertford,196.167087158757,24.93952654114777,30.424311925007824,19.45484267175601
2019,37,017,Bladen,222.29972949143024,26.396544147495124,32.056704837486635,20.73648370746179
2019,37,095,Hyde,182.18403386388857,26.215854858923347,30.42259862793237,22.009210343373887
2019,37,015,Bertie,157.48699433563706,25.70300332096302,31.199787686107776,20.206319131463847
2019,37,079,Greene,220.44344767876225,26.15386887209776,31.699492091311356,20.608344052893262
2019,37,041,Chowan,193.2090919069305,25.959040807762445,31.08139937173425,20.83678195727173
2019,37,117,Martin,188.26390750541583,25.793554392239965,31.09029007138293,20.496917850727936
2019,37,047,Columbus,198.82296442893914,26.19579828613449,31.598353834493693,20.79334306566246
2019,37,191,Wayne,251.64266604991738,25.99349089077286,31.447870493734932,20.539213145251903
2019,37,133,Onslow,181.97621726004644,26.15131857746572,31.00773086138363,21.295006910542174
2019,37,107,Lenoir,220.9770593914589,26.037551404501,31.571763299752543,20.503440641448446
2019,37,129,New Hanover,237.77442004492443,26.40432042381056,30.77574275611348,22.032998717503876
2019,37,141,Pender,209.32415908915343,26.091470842996028,31.70654835454849,20.47649391617985
2019,37,051,Cumberland,198.62475651440923,26.696750348065095,32.067036827599736,21.326563942641034
2019,37,147,Pitt,223.060273840964,26.12706223990635,31.55313000396707,20.70109743262788
2019,37,013,Beaufort,207.41917015620785,26.208019022861116,31.380458677438135,21.035681669582758
2020,17,121,Marion,136.04621655486693,24.805708287755607,30.587830225148746,19.023683603637615
2020,17,005,Bond,136.16636605246475,24.747122855790497,30.53959334625628,18.95475274344617
2020,17,083,Jersey,110.48224954583533,24.895798252848884,30.498083960623894,19.293613173727607
2020,17,163,St. Clair,141.76280587070048,25.199983112729235,30.728228302983815,19.671838984136247
2020,17,027,Clinton,143.04117394497797,25.029506706016733,30.650520305421974,19.408591644058564
2020,17,013,Calhoun,158.43085489579124,24.79416952411536,30.40990612311039,19.178534029999074
2020,17,119,Madison,157.42064475054798,24.904619948541765,30.420917611205326,19.38842392972378
2020,17,133,Monroe,95.52028641620389,25.0806149245275,30.74931681589925,19.4120171888174
2020,17,117,Macoupin,132.15168748791848,24.38803084485212,29.982281780354622,18.793881630776525
2020,17,171,Scott,167.79613648033148,24.24534440879757,30.00471585803732,18.486076027581948
2020,17,137,Morgan,124.55779303663498,24.219082971104836,29.992788724765884,18.445478851272476
2020,17,107,Logan,99.37630045905665,24.54946506382057,30.42585697654457,18.673174355399105
2020,17,129,Menard,77.95114005896899,24.316772508427093,30.139122789479593,18.49452379444889
2020,17,167,Sangamon,102.14204101880718,24.379762048682082,30.12337195499672,18.636252704798466
2020,17,021,Christian,115.28244691999312,24.237138289214116,29.944597398893713,18.529777988104826
2020,17,127,Massac,159.5292687687958,24.765999412551878,30.35648913544807,19.1756085389177
2020,17,057,Fulton,114.82298842818332,23.893979903400965,29.680895754943432,18.107164992139694
2020,17,175,Stark,91.26344060609429,23.392857017183506,29.544707218963197,17.241107775346737
2020,17,203,Woodford,86.20994802204427,24.19664676595812,30.486024987949083,17.90737150222728
2020,17,179,Tazewell,69.64092178625182,24.287523509553594,30.266368338698793,18.308780416223062
2020,17,123,Marshall,95.045135690245,23.774494908815054,29.995191272565684,17.553902169163113
2020,17,143,Peoria,95.26426330897579,23.827205615030458,29.81605942393343,17.83845373712646
2020,17,001,Adams,211.98870532596732,24.356278020847423,29.65036869677023,19.06228972218658
2020,17,177,Stephenson,190.12750424821874,22.488478524075028,28.525928718525048,16.451129598053278
2020,17,141,Ogle,159.67037934994568,22.992975311194968,29.104718617036962,16.881331242160826
2020,17,201,Winnebago,187.47970787058813,23.025482816322395,29.046843727529687,17.00422111189865
2020,17,007,Boone,162.5970535594574,22.847364253431785,29.18977262728806,16.505057517126417
2020,17,025,Clay,97.39528059878293,24.763616558829447,30.898258908638134,18.629076231095453
2020,17,185,Wabash,124.16663906339818,24.48122835242784,30.415648722360416,18.546906103060216
2020,17,009,Brown,170.25932802097458,23.92558993379912,29.506719581756744,18.344558378681306
2020,17,151,Pope,200.12598424747995,24.028000876143466,29.892565919420687,18.163538415298788
2020,17,033,Crawford,105.07525780119003,24.299740197321157,30.45303205607718,18.14654661727256
2020,17,135,Montgomery,119.78851155292534,24.30739749482455,30.093639894302115,18.521255273959657
2020,17,055,Franklin,139.70870024952933,24.92898081181184,30.484583578169683,19.373478818329872
2020,17,023,Clark,122.89212466808803,24.27612475932295,30.419710475705404,18.132641275750345
2020,17,059,Gallatin,220.59646428931296,24.31235529076159,29.962114127261426,18.662703445206297
2020,17,075,Iroquois,159.1802870216721,23.509982150152087,29.702056535730424,17.31800860358855
2020,17,041,Douglas,149.2743938525888,24.164404226660757,29.904133226042728,18.42477915541995
2020,17,189,Washington,133.01111229346532,24.999669640283315,30.606474192107974,19.392965814313758
2020,17,159,Richland,79.1428668816704,24.384770271819495,30.31035877113044,18.45928415754743
2020,17,065,Hamilton,164.77214716743856,24.583239900260242,30.303337013031346,18.86324183593992
2020,17,193,White,217.3006691246192,24.546343744536976,30.253040834237048,18.839748068456156
2020,17,169,Schuyler,112.27851477809064,23.957105599595703,29.670982333348842,18.243328869904712
2020,17,181,Union,219.75230625927654,25.01187274433604,30.71960605572296,19.30424076746287
2020,17,085,Jo Daviess,215.522126328759,22.663603575333305,28.746724766123414,16.580581574281197
2020,17,125,Mason,75.94972159999354,24.306410740516103,30.332494154343113,18.280428781844847
2020,17,191,Wayne,124.43886002475895,24.633169168091868,30.40612335939392,18.860316424648584
2020,17,069,Hardin,233.45912876938442,23.74652612663546,29.545784321404618,17.94736711702337
2020,17,061,Greene,137.1560720228528,24.410827737737492,30.120667017418157,18.70108968646774
2020,17,157,Randolph,95.84761802897535,24.9731587497502,30.60681150844299,19.339604043539996
2020,17,149,Pike,217.427222398066,24.304357717163512,29.7295943349836,18.879221039409273
2020,17,145,Perry,130.55027860969142,25.039239185576744,30.57342429400504,19.505153826693267
2020,17,087,Johnson,242.94615300465188,24.600522980099683,30.4251819250378,18.775961726594133
2020,17,173,Shelby,139.36901318132152,24.280648613677734,30.057615840130378,18.50378013558053
2020,17,051,Fayette,119.49158941907855,24.440731739007163,30.266120738336507,18.615442017092285
2020,17,139,Moultrie,118.26641097273539,24.3447741860569,30.02756194387939,18.662086123062444
2020,17,017,Cass,91.09558890462385,24.168258512720655,30.06473690990639,18.271884296705878
2020,17,015,Carroll,137.10327949297564,23.046049471178975,29.37204211499388,16.72015615648733
2020,17,047,Edwards,112.13912706205922,24.49782059944062,30.354455860306903,18.641288297383507
2020,17,079,Jasper,98.5158169593253,24.26503291770862,30.03339098804647,18.496772863617903
2020,17,187,Warren,156.90963416800145,23.5301266675933,29.210549532663983,17.849802669693677
2020,17,153,Pulaski,157.8887406058885,25.380920340326544,30.771769342788865,19.990173092265692
2020,17,165,Saline,185.72329935967548,24.334275454486285,30.07571049668931,18.592939738435508
2020,17,101,Lawrence,111.21346652866919,24.48347620497771,30.518802059334615,18.44824904997282
2020,17,045,Edgar,193.98786895042798,23.990151239346854,29.91325046493981,18.067148910150735
2020,17,071,Henderson,152.67624105004424,23.928868817782813,29.41468785083156,18.443149894312032
2020,17,199,Williamson,180.83757011036803,24.5626558427409,30.344521237497084,18.78089130532859
2020,17,077,Jackson,128.39922553879995,24.985983947705947,30.639998066446516,19.332070588520526
2020,17,147,Piatt,136.30379871077406,24.018425299787875,29.851259620337572,18.185693115811993
2020,17,053,Ford,152.1407995533302,23.659872804771336,29.787529392900645,17.53231514270644
2020,17,019,Champaign,201.64786667891153,23.81864979293565,29.751915517845664,17.885483605450187
2020,17,029,Coles,155.90960634680266,24.26447772157182,29.891117376939963,18.637938991937265
2020,17,035,Cumberland,148.66893739210198,24.28309590107685,30.155705531558464,18.4105884502514
2020,17,183,Vermilion,175.21211140112135,23.77275403949642,29.801999186481673,17.743606920059417
2020,17,115,Macon,124.57460933433214,24.32623560689012,30.00726692166105,18.645305986417398
2020,17,049,Effingham,96.55579189748278,24.352256218775736,30.14655910703083,18.558050170785034
2020,17,067,Hancock,181.44172193676457,24.2229870119082,29.618937139636447,18.827136239154235
2020,17,095,Knox,128.0288469845802,23.457541965494208,29.284192216507922,17.63099069557355
2020,17,109,McDonough,161.47700265261548,23.692609095414852,29.330531886295272,18.054786078529276
2020,17,081,Jefferson,119.40818101429228,24.743400247021903,30.501794139469315,18.98510819875253
2020,17,113,McLean,95.7160577957772,24.163004815336727,30.254228695225553,18.071882126814867
2020,17,039,De Witt,101.92796419062961,24.185828879686127,30.1436262794785,18.22813174381034
2020,17,105,Livingston,118.3024088946247,23.99957858197719,30.101679800889016,17.897578382148943
2020,17,003,Alexander,162.0929678919335,25.48453344636331,30.857833488626614,20.11133468282413
2020,17,093,Kendall,120.92104927143156,23.33901310808724,29.41912172707681,17.25900552689483
2020,17,031,Cook,136.4895762503557,23.835574571549213,28.84281631057967,18.828434418217867
2020,17,037,DeKalb,138.416653679231,23.042164187692297,29.100073773430427,16.984358035578154
2020,17,089,Kane,138.7204459487893,23.02590649141324,29.118605541595095,16.933304582606773
2020,17,063,Grundy,143.6131806945209,23.748492759279685,29.908144241621006,17.588942708454894
2020,17,111,McHenry,164.37971474049732,22.508838029783803,28.984041993687168,16.033737802490137
2020,17,197,Will,146.11847953287483,23.627744585965875,29.605887675571875,17.649702037780578
2020,17,043,DuPage,140.52738615821647,23.513939757320177,29.41361535891116,17.61436893209779
2020,17,097,Lake,139.49755976264234,22.307896649987935,27.569276650251936,17.046620139941282
2020,17,091,Kankakee,138.87687715422925,23.654090124839172,29.84636775642784,17.461913439051674
2020,17,011,Bureau,119.86307663831793,23.48393975904911,29.63667218940349,17.331308407646482
2020,17,155,Putnam,110.35762187542348,23.813990029294107,30.060292718989988,17.567791311955425
2020,17,099,LaSalle,120.16644259103008,23.65591188258652,29.71049788685909,17.601425921688975
2020,17,131,Mercer,167.87311813942713,23.772806882123927,29.453073738965173,18.092639421719053
2020,17,161,Rock Island,171.79469154643,23.858224110132486,29.471759013871935,18.244791877005454
2020,17,073,Henry,145.27426139547154,23.541943847657596,29.402404338897703,17.681583004980524
2020,17,103,Lee,137.2667967245437,23.203241357087744,29.313801418492567,17.09278326085963
2020,17,195,Whiteside,134.9405533100111,23.451158442755204,29.46761800565115,17.434801950723156
2020,19,149,Plymouth,94.16728612539504,24.021518180052393,30.448082951009383,17.595054352693147
2020,19,193,Woodbury,130.06993843544691,24.040620401361387,30.415352773362944,17.665987055835867
2020,19,027,Carroll,71.50720890595464,23.81601240590029,29.932487823241573,17.699639027319076
2020,19,061,Dubuque,228.88712476916078,22.48933001213992,28.262547431023908,16.716215329127394
2020,19,101,Jefferson,246.66777134912832,23.601422169190357,29.12542158062512,18.07752255098299
2020,19,187,Webster,97.93429404521066,23.532811289725952,29.389743509189405,17.67597990135371
2020,19,111,Lee,166.32281684013148,24.281221288475255,29.645437323142264,18.91710683470726
2020,19,127,Marshall,200.1481866152866,23.25521719826838,28.87292157094949,17.63761555959426
2020,19,195,Worth,213.21656952659936,22.34406692171158,28.030944240036433,16.65728886217304
2020,19,033,Cerro Gordo,214.60951495100957,22.794128959279202,28.760863949873283,16.827494508010155
2020,19,051,Davis,159.03703384532216,23.8271218392335,29.41820789777422,18.236137278414674
2020,19,179,Wapello,222.17862724171826,23.877963728606655,29.24216525920733,18.51386598821051
2020,19,041,Clay,130.91061326009827,23.585100777311975,29.779059893703113,17.391238333399105
2020,19,059,Dickinson,151.93803793927444,23.591882203146078,29.730776221619497,17.45308872321179
2020,19,021,Buena Vista,148.06547342992926,23.523281918252273,29.509788123442338,17.536876350732513
2020,19,013,Black Hawk,321.82123657702783,23.300341405037248,28.951565058339515,17.649215535485563
2020,19,075,Grundy,307.019699021546,23.255386537399108,29.019840421878794,17.49103296489935
2020,19,017,Bremer,279.9627713084171,23.138751549124144,28.848128506330255,17.429476093868217
2020,19,085,Harrison,145.05374996317235,24.451634840814634,30.6572245646733,18.246146780020943
2020,19,129,Mills,89.62938592671367,25.170392142410503,31.07565356380252,19.265229702192094
2020,19,155,Pottawattamie,85.99022086445545,24.583036479772705,30.60855850604596,18.557616121403168
2020,19,123,Mahaska,181.4840450331917,24.028698113075517,29.55634163827819,18.5011546207993
2020,19,125,Marion,212.64641961726542,24.127514213605977,29.579767063546264,18.67535966788914
2020,19,053,Decatur,135.74291424200862,24.023631608843946,29.787266288122286,18.260097152935792
2020,19,031,Cedar,174.56417885711073,23.226354498323392,28.970845853112078,17.481964526187216
2020,19,151,Pocahontas,123.86230192872593,23.56578450031722,29.584336957671177,17.54732920011745
2020,19,109,Kossuth,127.0386702179283,23.18149318886615,28.973106035560253,17.389982323356207
2020,19,089,Howard,278.12439561361225,21.399994282879867,27.645473657736563,15.154616419739257
2020,19,147,Palo Alto,136.94722957853577,23.42931419155674,29.45408669381806,17.404641000095594
2020,19,159,Ringgold,136.84547395950997,23.97854350064824,29.750929592031756,18.206257958765832
2020,19,025,Calhoun,86.11629424834436,23.650838360838915,29.586889357135078,17.714885611662936
2020,19,039,Clarke,133.1287836096039,24.08233286656355,29.86622133691198,18.298547222451578
2020,19,065,Fayette,319.7426652539523,22.295899875101558,28.11977496391729,16.47212276730334
2020,19,001,Adair,84.06605046786547,23.862238732863414,29.808521403812886,17.916055658077806
2020,19,037,Chickasaw,281.81398560763387,22.45119052639999,28.290432360544017,16.612047016700068
2020,19,081,Hancock,158.28375079025525,22.929459919716408,28.82444411070414,17.034579884281992
2020,19,157,Poweshiek,229.89300820418384,23.63371002660033,29.291894331534635,17.975627102772783
2020,19,165,Shelby,89.71330700253012,23.883575688232636,30.02320667684035,17.744043629049592
2020,19,185,Wayne,173.56231788700805,23.603520848618185,29.30924323501913,17.89789653533283
2020,19,097,Jackson,151.2052679351123,22.931052095349834,28.90922185551449,16.95298555673266
2020,19,043,Clayton,277.77289535583543,22.36760135000252,28.337602101786956,16.39770276768132
2020,19,007,Appanoose,130.60566231652362,23.674923156504583,29.326693526418044,18.023252326078044
2020,19,177,Van Buren,238.3136201965058,23.887534579342983,29.474130673452763,18.301039589268473
2020,19,197,Wright,144.99047113766832,23.392323120534506,29.345611391433078,17.43913540122566
2020,19,137,Montgomery,112.14089075978491,24.38677383976608,30.517550607617395,18.256093597298033
2020,19,175,Union,133.10320003003554,23.948063271702626,29.65367999255635,18.242548081814963
2020,19,107,Keokuk,247.33122403206812,23.668264098112815,29.21968582814314,18.1169442713653
2020,19,131,Mitchell,257.25574960526643,22.39560579704793,28.16038381884443,16.630928491611133
2020,19,191,Winneshiek,306.38360172126863,21.85302564523124,27.75741085170259,15.948739984644352
2020,19,161,Sac,102.50489577476439,23.662930963428696,29.689493228203407,17.63646680100214
2020,19,055,Delaware,257.89472274721976,22.13269740637066,28.110463592525523,16.15503285129674
2020,19,067,Floyd,248.71128747775623,23.02936602650476,28.766022423731293,17.292809009030165
2020,19,009,Audubon,71.20363291891178,23.688013025722555,29.897321048533744,17.478805337988067
2020,19,079,Hamilton,135.5894072566782,23.42069202058159,29.321869345379724,17.519616124804735
2020,19,069,Franklin,222.6743916088345,23.097738510443858,29.08259881488674,17.1129790980158
2020,19,141,O'Brien,128.83203837424097,23.608199156655534,29.78676742032961,17.42973196593653
2020,19,167,Sioux,104.12015668707025,23.761619620928148,30.105627934679745,17.41771238046644
2020,19,005,Allamakee,293.08966898188436,22.305317834452442,28.12232294870102,16.488414267017447
2020,19,189,Winnebago,131.12456200119644,22.824049681737662,28.586443994553,17.061752967325273
2020,19,093,Ida,114.2076980907052,23.616262479010288,29.70300794193399,17.529616754051062
2020,19,029,Cass,70.98056658596668,23.978937703397403,30.202209278646116,17.755765081376186
2020,19,083,Hardin,209.40432900147263,23.445217796718445,29.331394246022512,17.559140612562064
2020,19,173,Taylor,117.71498577673744,24.130350526489117,29.949314568698544,18.311487553209393
2020,19,145,Page,124.62763378717926,24.529852437973013,30.476510012953288,18.583294005439893
2020,19,035,Cherokee,120.73090335164824,23.565810348629615,29.69808768361707,17.433635113895477
2020,19,071,Fremont,101.7690503601588,25.08192978397633,30.95467412044612,19.209286625187133
2020,19,095,Iowa,223.34096019398882,23.38598525736072,29.082241105173804,17.689828356140247
2020,19,023,Butler,268.42639826186775,23.369990665460005,29.096336836072467,17.64374386115682
2020,19,063,Emmet,128.04560243877393,22.918938137555898,28.86914370159878,16.968832922819235
2020,19,047,Crawford,120.11262855460463,23.857800038385086,29.90331884524265,17.812381639983023
2020,19,019,Buchanan,301.9001625251405,22.66121340366679,28.475886527459902,16.846642164886596
2020,19,143,Osceola,166.91313358582258,23.418904149278454,29.703741117492065,17.13416657616356
2020,19,073,Greene,60.43205970266192,23.662079317037662,29.560226516563084,17.764032636977536
2020,19,087,Henry,211.5975319141393,24.0956946223944,29.745849162410416,18.445639687702275
2020,19,119,Lyon,150.32548212601372,23.536365166147394,29.9481818697172,17.12465029007817
2020,19,003,Adams,100.02698199227245,23.91321648657773,29.830218699277154,17.996312967220753
2020,19,133,Monona,151.33473591205677,24.264908305585525,30.789000016289524,17.74091777638199
2020,19,091,Humboldt,126.90592400828763,23.43829849467923,29.323439806919556,17.553256867258273
2020,19,115,Louisa,197.28885310353348,23.924084411688565,29.54214555733491,18.306124075740016
2020,19,171,Tama,278.36380903460764,23.127239500084507,28.84734602046,17.4072348885499
2020,19,135,Monroe,208.28077065988327,23.767036528621897,29.180818419403725,18.35335210714711
2020,19,117,Lucas,155.532195294403,23.764675072871167,29.46296661988228,18.066487518333627
2020,19,057,Des Moines,169.82806143446064,24.09148688995916,29.649113484222347,18.533959039030652
2020,19,011,Benton,291.6034954887838,22.824304592794384,28.48548985616642,17.163219816749834
2020,19,113,Linn,251.20687481362904,22.733522904360765,28.46401488987707,17.003134846702096
2020,19,105,Jones,207.71254452489075,22.613572279996657,28.4735507333445,16.753690973089647
2020,19,103,Johnson,188.36036302595897,23.376349798711974,29.034102347796317,17.718698013533153
2020,19,183,Washington,240.77726418700408,23.638500378322437,29.283067776110045,17.99403297652241
2020,19,045,Clinton,133.1326141830823,23.405620116674417,29.27531371491732,17.536027664416228
2020,19,163,Scott,156.3425510053464,23.761874732158372,29.348580521319096,18.17526923867471
2020,19,139,Muscatine,157.669243353723,23.905768786178637,29.627688206148697,18.183948912975406
2020,19,169,Story,107.59148233905816,23.6070008914035,29.35145826494118,17.86264533480726
2020,19,015,Boone,71.06482550465839,23.718674625556904,29.595293815755184,17.842156838673638
2020,19,121,Madison,108.78498235397669,23.995468653832834,29.745626875395843,18.24541180045431
2020,19,181,Warren,178.9512211553301,24.141601712084103,29.723970211384316,18.559332837800294
2020,19,049,Dallas,77.41705761293542,23.958528968368768,29.817072822296833,18.10008457368974
2020,19,153,Polk,152.94269076129098,24.08741844464838,29.61936752823325,18.55556973103321
2020,19,077,Guthrie,48.59269115593497,23.793248084171164,29.957708957934788,17.62888796636057
2020,19,099,Jasper,202.79250993362604,23.761553805760368,29.284006694432378,18.239203484802204
2020,31,043,Dakota,113.76375151076472,24.330298886193283,30.800951391466484,17.859748139551023
2020,31,051,Dixon,104.33019131202825,24.09233882537304,30.37092237602302,17.813859715781895
2020,31,053,Dodge,103.30745771528525,24.923250125706407,31.07238750247253,18.774213354308472
2020,31,025,Cass,116.52640602984874,25.182895819002617,30.9439397969446,19.42195583724077
2020,31,055,Douglas,97.85827932281599,25.295809306063745,31.03416056371267,19.55755340470254
2020,31,153,Sarpy,87.49418766413825,25.399260260930667,31.213055456353107,19.58556498475719
2020,31,155,Saunders,96.94069938453303,25.04369264736189,31.221734887922466,18.86575311623006
2020,31,177,Washington,104.87135666573808,24.804308967003113,30.64175891951616,18.966959946345032
2020,31,067,Gage,242.47398532484914,24.557728612400606,30.422312119715215,18.69324596787065
2020,31,109,Lancaster,195.99362082702663,24.85848412774987,30.636121664753574,19.080944525322966
2020,31,159,Seward,164.3243277954746,24.553166439191255,30.59219066835695,18.51424263518169
2020,31,139,Pierce,130.4916642187973,24.141040412139223,30.557971875250914,17.724207294124575
2020,31,119,Madison,110.04731341443652,23.925990527715353,30.15966258724432,17.69241649885097
2020,31,167,Stanton,73.08172077345966,24.16466202933465,30.541130324794175,17.788295091766404
2020,31,117,McPherson,90.45239136429753,22.68730875771379,30.74733245131595,14.627384865196221
2020,31,111,Lincoln,70.48592577331708,23.32985366693734,31.402976303745124,15.256832414949145
2020,31,113,Logan,147.0230190029094,22.821449706359584,30.504654739471462,15.13834453879221
2020,31,007,Banner,44.38384497538347,21.24454814037945,30.824579316084655,11.664617242306427
2020,31,157,Scotts Bluff,51.5054417711253,22.0435297515468,31.243660618474816,12.843502131322738
2020,31,165,Sioux,68.6803077202335,20.675143795480096,29.751362935953512,11.59902421278533
2020,31,039,Cuming,78.07154851792244,24.315373553254013,30.611526468080342,18.01932079962594
2020,31,129,Nuckolls,144.19466184141493,24.667365754927438,31.118443388090274,18.216387953640275
2020,31,101,Keith,69.23391335463812,23.215053409319353,31.53668483757111,14.893524559733152
2020,31,137,Phelps,83.98860029099143,23.867191790816594,30.574592220517317,17.159889975503813
2020,31,181,Webster,103.1702716308511,24.450486081643092,31.03856536815036,17.862507546384748
2020,31,015,Boyd,211.02866001920236,23.199810178263064,29.656544151054604,16.743177646505956
2020,31,171,Thomas,153.21135846955139,22.65490660878504,30.15582187697657,15.154091623962113
2020,31,089,Holt,176.28478218891323,22.986223702049426,29.461021725850646,16.51152704856919
2020,31,017,Brown,189.93913471848265,22.530138751313,29.3239070182716,15.736472530721905
2020,31,103,Keya Paha,185.19001845120138,22.650062813175587,29.370917579794913,15.929309455567926
2020,31,077,Greeley,104.34403373408823,23.407825136825007,30.503049450858967,16.312699649378406
2020,31,095,Jefferson,221.5515984572008,24.550849873203052,30.61861213320566,18.48318898805115
2020,31,151,Saline,203.2005292941796,24.368494183134406,30.34336571977306,18.393721758366688
2020,31,057,Dundy,75.0993206217782,24.105797908956156,32.890617357352795,15.321078182159711
2020,31,131,Otoe,187.95851269463952,24.989525486932028,30.88159954837928,19.09755065912076
2020,31,087,Hitchcock,93.52412685348163,24.392441133904004,32.83065640124939,15.954325607515909
2020,31,105,Kimball,54.72172811115361,20.8429746050538,30.419970801975794,11.26607911346995
2020,31,127,Nemaha,203.98880003166323,24.828241625253845,30.732466425189845,18.924118719714087
2020,31,041,Custer,118.8813966241562,22.996123788088376,30.149676466096363,15.842670529722891
2020,31,143,Polk,144.5719166610099,24.508401766987856,30.743501224975365,18.273402532100608
2020,31,045,Dawes,86.24436148356389,21.706072026885998,30.467699148160882,12.944546556341221
2020,31,179,Wayne,98.94105757389566,24.06874151324282,30.36823569132261,17.769345897721575
2020,31,071,Garfield,106.29851099395161,22.649621792215807,29.59382588614071,15.705518886403613
2020,31,013,Box Butte,68.64725003882448,21.28084047906319,30.152374851818195,12.409406958459039
2020,31,173,Thurston,101.16942042801232,24.438448765532595,31.075237407128526,17.801758634637483
2020,31,011,Boone,137.510138501979,23.494225631038162,29.905920054817326,17.082631671653424
2020,31,145,Red Willow,115.62153953349062,24.445955466042182,32.325338968847745,16.56667307669759
2020,31,149,Rock,202.2007365866431,22.487067685082227,29.029395376267228,15.944838563169833
2020,31,005,Arthur,113.8557986244897,22.411640658822005,30.680517963194863,14.142864929392188
2020,31,085,Hayes,68.10310912869127,23.8314816462981,32.04318077903533,15.619880007790755
2020,31,097,Johnson,178.72375434967287,24.57079498026838,30.527516211570312,18.61417519865242
2020,31,003,Antelope,159.52535539414865,23.44896729979504,29.71107153221643,17.18696179002363
2020,31,163,Sherman,103.42341167717757,23.450587297242794,30.593675187716904,16.307598439870716
2020,31,161,Sheridan,79.78942250441419,21.447603045597624,29.959566806675525,12.935740254506404
2020,31,133,Pawnee,182.42789562882191,24.488992594068684,30.408790028154566,18.56929809330706
2020,31,075,Grant,96.8975104231477,21.77156010016217,29.928022728669834,13.615196946334827
2020,31,021,Burt,102.42753587363866,24.54042933572436,30.864046626935117,18.216915771894463
2020,31,009,Blaine,221.73497305867494,22.54440498068084,29.65625740876608,15.432654856035175
2020,31,027,Cedar,115.1313919408959,24.018907876421217,30.170923720098298,17.866996490814227
2020,31,169,Thayer,216.57950267105105,24.764857081800578,31.072072756423182,18.457743600649792
2020,31,049,Deuel,48.015238281455225,22.689884777922426,31.53473532958738,13.845133731793354
2020,31,123,Morrill,68.34893246014019,22.06140194959804,31.29820897482652,12.824695473880851
2020,31,115,Loup,159.4291171533464,22.621813544227027,29.541169176282498,15.702558125414349
2020,31,063,Frontier,91.38793913936138,23.790345272541927,31.440526366146155,16.140265824714778
2020,31,125,Nance,124.43835486985313,24.119451423841905,30.476578750427134,17.762425544789075
2020,31,107,Knox,146.52526173182227,23.89646574205279,30.511771568098894,17.28126037877461
2020,31,135,Perkins,49.59672866294798,23.488549862504787,32.09532713390091,14.881873736903566
2020,31,037,Colfax,104.47252555746664,24.64424153903582,30.9058869079714,18.38269605941303
2020,31,023,Butler,141.21070383029195,24.699175378976292,30.909275500201783,18.489173092922748
2020,31,031,Cherry,139.5530475209798,22.097952619046783,29.688548069894708,14.507458371695256
2020,31,183,Wheeler,123.36953932695258,23.33630973455902,30.222622703613002,16.45009382912898
2020,31,061,Franklin,102.4311544840731,24.56469905136006,31.302145582515116,17.827353791859426
2020,31,029,Chase,68.59065400049866,23.74504890250376,32.43609858755204,15.054102824242383
2020,31,059,Fillmore,163.76854605600215,24.481424000692783,30.667238581763,18.29570931019874
2020,31,185,York,126.15924688615293,24.522924148173896,30.703987742841345,18.34195937706584
2020,31,035,Clay,90.26584470774972,24.564176728008068,30.845536836298212,18.282919432839716
2020,31,033,Cheyenne,61.062790222853906,21.76975370152073,31.14062334846698,12.398984327314823
2020,31,069,Garden,80.58626179616624,22.1582442615035,30.95739994007136,13.359189885264978
2020,31,083,Harlan,119.31142330656618,24.5232480293808,31.560931051198853,17.485663009942623
2020,31,091,Hooker,91.02637379384322,22.18309430938693,29.95693809095681,14.409352914431878
2020,31,147,Richardson,213.7679390234585,24.740381517746798,30.662967917904112,18.81789997960199
2020,31,065,Furnas,126.08003366722058,24.432328893975402,32.1702775343013,16.69448178166589
2020,31,175,Valley,117.4444454274076,23.181781965153338,30.169454272384506,16.194208796221414
2020,31,141,Platte,115.77440823206948,24.210921940330863,30.408911192315433,18.013030430219025
2020,31,121,Merrick,107.81553687648953,24.42961124667969,30.615436233779487,18.243886900713772
2020,31,079,Hall,78.34120200440437,24.409174959223105,30.710136015902822,18.108312742182303
2020,31,081,Hamilton,107.27770138424644,24.68842356883322,30.881445007016683,18.495498967066602
2020,31,093,Howard,107.22868072315099,24.054441856307598,30.69941722952484,17.409568310917862
2020,31,001,Adams,54.458369568260046,24.550333120859936,30.83116010461108,18.26960717277441
2020,31,099,Kearney,79.84599609336146,24.191609563205763,30.71612365920629,17.667198558848522
2020,31,019,Buffalo,92.06124821102641,23.8761067657308,30.756914538531472,16.99540112775984
2020,31,073,Gosper,116.65303091582501,23.72968451180771,30.79317260828861,16.666299948501482
2020,31,047,Dawson,81.31255589407758,23.43074378526258,30.537630538035263,16.323958090453537
2020,37,037,Chatham,188.8899597876757,24.296753279801955,29.482908722140547,19.110697456269698
2020,37,115,Madison,160.59606787950113,20.769546199368467,26.543505989483958,14.995686877157707
2020,37,087,Haywood,154.26588760532437,19.018888303782152,24.395046114752397,13.642830821488548
2020,37,021,Buncombe,120.30342895938516,20.854338511528773,26.130896688284682,15.577880254248674
2020,37,089,Henderson,122.91416565711671,21.09092344846651,26.19413994938518,15.987809773866768
2020,37,175,Transylvania,186.83993962504925,20.283270772859645,25.47519170637255,15.091452280762903
2020,37,167,Stanly,136.0025422722573,24.700132896791967,29.97998039630963,19.420389429188837
2020,37,109,Lincoln,130.80208961487875,24.24189193237185,29.684185625749066,18.799693159219938
2020,37,159,Rowan,150.88472613423212,24.10643621634781,29.415411967280825,18.797561074915752
2020,37,025,Cabarrus,105.67355535558082,24.728522091210284,30.15086113437784,19.30628342879228
2020,37,097,Iredell,165.63275527340735,23.862013279098527,29.270020737812192,18.45410697052545
2020,37,071,Gaston,114.08202112426508,24.8377292640301,30.119344097599015,19.55621359106385
2020,37,179,Union,97.76659232033504,25.0554601696783,30.2234397887002,19.88758032014353
2020,37,119,Mecklenburg,102.12732179178089,24.987050185530116,30.103588685195476,19.87061078698257
2020,37,045,Cleveland,118.13697856317107,24.215014399788497,29.872311720027596,18.557819312359005
2020,37,005,Alleghany,161.9842740710508,19.213052003801444,24.714544559341768,13.711662369651854
2020,37,173,Swain,173.53226629421272,19.422220749084136,24.925779110231073,13.918763092481653
2020,37,011,Avery,163.42227188942235,18.893371643826026,23.45003849257126,14.336808593505832
2020,37,033,Caswell,150.02024909131907,24.262710446017735,30.06492102426888,18.460598536739997
2020,37,075,Graham,170.82977106155997,20.70424690990937,26.148022637684463,15.260571576401217
2020,37,007,Anson,145.74608770333037,25.194953513385705,30.40033984590004,19.98966661922391
2020,37,149,Polk,121.30998538730731,23.41239098850573,28.741797953010327,18.083087627667894
2020,37,039,Cherokee,189.8683137982334,21.760975125885107,27.444612269464127,16.07743604502931
2020,37,113,Macon,184.0695454594014,20.374656350197476,25.31503587161605,15.434379055315736
2020,37,009,Ashe,145.772203751775,19.252865707482723,24.23561188391621,14.270217792822423
2020,37,123,Montgomery,147.39442272870758,24.75879825143607,30.115610613587684,19.40208724567672
2020,37,043,Clay,240.1534768897853,20.724028470393495,25.792437726446963,15.655718000352602
2020,37,121,Mitchell,144.9595482502699,19.456923516384204,24.506946945224026,14.407001413130647
2020,37,199,Yancey,133.82624173224548,18.853544072990854,23.540118979416857,14.167069042595237
2020,37,189,Watauga,160.3855859524237,19.253834532671558,24.064881937268407,14.442889034258906
2020,37,099,Jackson,196.68117151148786,19.79647921165917,24.73955548467941,14.853505212461421
2020,37,161,Rutherford,120.07363441015369,23.71093254313454,29.303827251687867,18.118136721272627
2020,37,193,Wilkes,177.84690401891368,22.702517547034947,28.331538928064727,17.073597544226043
2020,37,125,Moore,199.60098471324736,24.85738383091093,30.045487746219024,19.669379607934008
2020,37,153,Richmond,155.64021449750297,25.17266329503177,30.322929320786706,20.02249645352772
2020,37,093,Hoke,226.08428252173866,25.555425812618974,30.543364463049613,20.56758699722699
2020,37,165,Scotland,176.51985815398828,25.526440654195387,30.588685312620665,20.464294907124465
2020,37,155,Robeson,255.27697759585283,25.535614178716653,30.278136022218266,20.79319259279328
2020,37,001,Alamance,162.55754321229708,24.56695827953318,29.940389575323117,19.193626986307194
2020,37,151,Randolph,139.61833859397274,24.169225762856104,29.283317253730544,19.055235437918117
2020,37,081,Guilford,124.31119493690987,24.22132701802372,29.22568781125962,19.217068537867835
2020,37,157,Rockingham,122.24598972853254,23.828826951237044,29.30752397996288,18.350231206150376
2020,37,171,Surry,156.99449800550485,22.73346659800276,28.628851455086618,16.83818359595861
2020,37,057,Davidson,151.93608449725008,24.136145704125035,29.38284011612147,18.889550017109094
2020,37,169,Stokes,129.09281146044285,23.335921366520925,28.876276633371432,17.795665424948183
2020,37,067,Forsyth,111.38729031177817,23.915145135782296,29.174234095070656,18.65615453769291
2020,37,197,Yadkin,146.19270598483791,23.431922516662123,29.298639091303386,17.56530641659098
2020,37,059,Davie,122.91084043925737,23.811485752290263,29.43625358426733,18.18681762225837
2020,37,027,Caldwell,167.3330169702316,22.944947488228184,28.298855626957398,17.59113824360145
2020,37,003,Alexander,171.27783661614714,23.297015787163193,28.51464866344484,18.079483961378635
2020,37,035,Catawba,191.2854247574386,23.965414076963327,29.270526768448917,18.660401273371566
2020,37,023,Burke,176.9403921191351,23.010074619193144,28.542772699222727,17.477479309397847
2020,37,111,McDowell,131.97612128295427,22.14895774504469,27.723671873315812,16.57434343502221
2020,37,029,Camden,194.02814070227288,24.788132222406183,29.213243048470442,20.363119661648014
2020,37,139,Pasquotank,189.73990505749842,25.02872377984238,29.41539514834322,20.642151666161972
2020,37,143,Perquimans,177.74114910660182,25.10654345752931,29.663918683649175,20.549262952832866
2020,37,177,Tyrrell,216.94712867496997,24.98193123946343,29.114619578616633,20.849344140458605
2020,37,055,Dare,266.26410676819,25.414441015776973,28.29762233453851,22.531361689043145
2020,37,073,Gates,127.43398568372082,24.516437311218354,29.917121146112173,19.11585616766773
2020,37,053,Currituck,231.8827355318371,24.402550210325018,27.67093740090781,21.13426435934797
2020,37,019,Brunswick,306.20489860696995,25.334402609838058,29.11644285713394,21.552462809522975
2020,37,031,Carteret,210.74989992352943,25.795910264523435,28.59292962127834,22.9989919619215
2020,37,137,Pamlico,193.44413497271916,25.59045786881262,29.339661499855083,21.841350161145506
2020,37,049,Craven,229.47697622210384,25.411021232531777,29.860508427712062,20.96162963643683
2020,37,103,Jones,260.77064354162576,25.084547859644044,29.739756691867374,20.42943984091226
2020,37,085,Harnett,204.2537290568767,25.376607761835356,30.39727728777157,20.35604122196522
2020,37,063,Durham,141.1358286615202,24.686917465148856,29.929754397323155,19.444184926502846
2020,37,145,Person,179.72828563208867,23.997222621351224,29.55491322686099,18.43963189456248
2020,37,135,Orange,148.49909796403296,24.395881854075014,29.729155456057608,19.06270523885181
2020,37,181,Vance,292.5308025220632,24.332267792432837,29.65254891830815,19.012086157948914
2020,37,077,Granville,210.76349849441291,24.21669681311378,29.398769384459516,19.034727745315656
2020,37,069,Franklin,209.70313293762854,24.499556330076604,29.82371194799814,19.175499684124244
2020,37,101,Johnston,208.30066355891395,25.205049014995332,30.191488764444866,20.21871349597514
2020,37,183,Wake,157.65728298437259,24.734941067610738,29.67049625013391,19.799487025013445
2020,37,105,Lee,207.19447294550758,24.71673224890877,29.909332488269527,19.524229746799385
2020,37,131,Northampton,161.0202145843853,24.52038519070921,29.854784999855163,19.186085905432474
2020,37,083,Halifax,167.20184462903194,24.72063634824209,29.978083673963567,19.463288429795387
2020,37,127,Nash,257.1051930704418,24.806146082053257,29.8560966594732,19.756295873773958
2020,37,065,Edgecombe,170.34090829000635,24.89867780683066,29.904200791759628,19.89325583358996
2020,37,195,Wilson,249.3051502851631,25.10689802054172,30.05467979620178,20.159214905279832
2020,37,163,Sampson,227.22079932239004,25.3666716008123,30.076170430941502,20.65727297843804
2020,37,185,Warren,204.94252927052466,24.80878401959089,30.238332874452283,19.37933774346416
2020,37,187,Washington,169.14057712498268,25.262876075070622,29.96854345408112,20.557311386140157
2020,37,061,Duplin,200.46153323540594,25.068623954716355,29.777722590467924,20.3596241215413
2020,37,091,Hertford,125.70439073089187,24.434444804170166,29.69929117443383,19.16969608371506
2020,37,017,Bladen,245.56309394493275,25.42345310390387,30.115264612980923,20.73174375551567
2020,37,095,Hyde,202.25676785880822,25.800473507041822,29.43265763589406,22.16838982179314
2020,37,015,Bertie,161.47013689718648,24.971693199568264,29.976117856063766,19.967372515445017
2020,37,079,Greene,244.63579600421843,25.213383071368444,30.11724630536952,20.309619173754704
2020,37,041,Chowan,184.99757840688542,25.357433621855677,29.9369597783144,20.778011756706178
2020,37,117,Martin,153.8069060193375,25.06052063119398,29.824227220021054,20.29691383099581
2020,37,047,Columbus,264.52262912510145,25.30312970797839,29.5987236251175,21.00763316316829
2020,37,191,Wayne,224.25725264507724,25.171783540070482,29.92835790417903,20.41531030867659
2020,37,133,Onslow,311.8841506246696,25.222889515908765,29.209025044870465,21.23685498123131
2020,37,107,Lenoir,218.18721589266212,25.079295919579263,29.78814557496049,20.370547485783465
2020,37,129,New Hanover,317.57191858564636,25.44450005365698,29.071956714787003,21.817146343096205
2020,37,141,Pender,253.18441926528772,25.13570900938891,29.652439603954,20.6190784172138
2020,37,051,Cumberland,260.3776470768335,25.656024147947257,30.508139211249123,20.80400798061189
2020,37,147,Pitt,159.46807637133,25.24465487569805,30.101499475004662,20.387913217899804
2020,37,013,Beaufort,199.97375120866872,25.429588791973657,30.027541724342054,20.831738107266556
2021,17,121,Marion,188.58858889591508,24.095366708632138,29.464034422062834,18.714279023271487
2021,17,005,Bond,196.40923229661453,23.851800930758245,29.147914537026676,18.71024506705362
2021,17,083,Jersey,257.3952956647752,24.19774698362935,29.449251446726308,18.97559117163718
2021,17,163,St. Clair,182.2220961255688,24.778568928330426,29.9540131098771,19.518316896896728
2021,17,027,Clinton,169.63024839378426,24.33632492974129,29.600244560952653,19.059321963345425
2021,17,013,Calhoun,342.0831045748485,24.2306018197897,29.554239751013046,18.926748983075278
2021,17,119,Madison,220.2936903594639,24.425713219412856,29.51640781464313,19.299244886544518
2021,17,133,Monroe,178.2847457769826,24.610251105106286,29.857281546661163,19.311535597632073
2021,17,117,Macoupin,233.51233618607628,23.64458170670602,28.842192533305482,18.513752089339796
2021,17,171,Scott,259.1292549610052,23.632430495027315,29.02651401690481,18.19206327561269
2021,17,137,Morgan,253.6156696343487,23.507317135826177,28.844251165017216,18.19107138251835
2021,17,107,Logan,251.824647667286,23.718313391537517,28.9156306883563,18.437459642916814
2021,17,129,Menard,234.92065293306376,23.563757475937862,28.654068960173724,18.455830153212567
2021,17,167,Sangamon,256.7413664007718,23.617461529686405,28.812669771539916,18.42587945936573
2021,17,021,Christian,239.75327540323397,23.470921576973957,28.766608887022034,18.154836536345414
2021,17,127,Massac,224.5360791670551,24.459173548195846,29.57384754117752,19.350043600619838
2021,17,057,Fulton,192.04342203080688,23.022520217330253,28.128707752389005,17.85405617667852
2021,17,175,Stark,267.95914989745165,22.65866694429377,28.03493223873894,17.350781139116407
2021,17,203,Woodford,171.74406875675555,23.249181528895534,28.594773653584074,17.893706088198833
2021,17,179,Tazewell,235.00081227361795,23.575040813736734,28.593299026205212,18.331899669374483
2021,17,123,Marshall,237.43506137278257,22.956197487210236,28.259499465040868,17.66591103776289
2021,17,143,Peoria,221.30078665998266,23.11467691383468,28.205358760820975,17.896564086567526
2021,17,001,Adams,272.5861279878755,23.706765723653845,28.791718729289784,18.59988803644756
2021,17,177,Stephenson,115.32438208074761,22.19886944215536,27.591104280276735,16.801149196023992
2021,17,141,Ogle,127.31607151552613,22.3915188740789,27.897007592999085,16.902408073877076
2021,17,201,Winnebago,101.06222902754986,22.700945590711097,28.249834916415026,17.172185578631748
2021,17,007,Boone,105.79939693504764,22.402567975878785,28.258752959227703,16.685292507752667
2021,17,025,Clay,206.97396011205151,23.933205200109015,29.460137952397783,18.471239850426507
2021,17,185,Wabash,258.6019862192245,23.96488337769216,29.380514734354854,18.618423272689817
2021,17,009,Brown,283.1728144171584,23.244856315762775,28.523400125076797,17.97391396054254
2021,17,151,Pope,230.87204864201925,23.818182595410637,29.208004966094613,18.444996085950294
2021,17,033,Crawford,242.70331600116705,23.522922307678897,28.884510529340755,18.16478793213515
2021,17,135,Montgomery,226.4837530538717,23.53529843874989,28.904160598059516,18.228657063708347
2021,17,055,Franklin,218.58290070459037,24.333633894820217,29.663716541790134,18.95571548703085
2021,17,023,Clark,255.93999111747485,23.415255124745528,28.624329809394723,18.206432459427198
2021,17,059,Gallatin,212.29277576820866,24.026390851435664,29.32224887210822,18.707324833578202
2021,17,075,Iroquois,232.34975806404213,22.853190684412702,28.193592611775202,17.474440075017476
2021,17,041,Douglas,261.2724144748857,23.573993137276602,28.655577114740755,18.464211472254853
2021,17,189,Washington,168.2849306726992,24.353208458989368,29.65427996270466,19.09157776519611
2021,17,159,Richland,217.27743292729198,23.77087551726046,29.159447041242938,18.401348077026043
2021,17,065,Hamilton,222.7771967369241,24.02298306887721,29.38162287393646,18.663475890330687
2021,17,193,White,253.93903323805074,23.942652796812304,29.308756797783555,18.657051099144343
2021,17,169,Schuyler,225.47574562744583,23.255712831055817,28.528888571170967,17.971246726392934
2021,17,181,Union,171.75869932415344,24.59505241957938,29.876522895581815,19.38963185085386
2021,17,085,Jo Daviess,116.6342865389098,22.336076851854934,27.691489479146984,17.02321741042812
2021,17,125,Mason,229.0321744981181,23.72050016865076,28.91858225230454,18.299106717336127
2021,17,191,Wayne,225.53210873755125,23.834414779246305,29.218134838029506,18.543411317420492
2021,17,069,Hardin,237.68726452980707,23.657462109962214,28.884155755321604,18.319059861099976
2021,17,061,Greene,268.40517490088104,23.77298478811339,29.141350410339268,18.498395627315322
2021,17,157,Randolph,163.5479437705318,24.458441385722416,29.84169555194966,19.123622369418793
2021,17,149,Pike,278.7999044286571,23.777315558062696,28.969840776708377,18.458223367698423
2021,17,145,Perry,155.43685659191374,24.434843306926957,29.71985000999936,19.220283625907083
2021,17,087,Johnson,201.0299348874323,24.229957148913773,29.658948074031986,18.95797663239017
2021,17,173,Shelby,241.93305537973268,23.626335679673037,29.033024002812354,18.249320107278635
2021,17,051,Fayette,217.62588968492466,23.71733944702585,29.183076550132807,18.346624431709856
2021,17,139,Moultrie,221.17709611063896,23.62839424352776,28.7915081903942,18.478860624424232
2021,17,017,Cass,231.75512059153988,23.490767123934166,28.864367852581015,18.091762492160377
2021,17,015,Carroll,134.15337607162155,22.45297270690135,27.866171533663447,17.00094697537503
2021,17,047,Edwards,252.13264991014742,23.95109749051538,29.40693555584962,18.58105869731871
2021,17,079,Jasper,218.7373764131378,23.629291307536707,28.862580813525415,18.48546555986191
2021,17,187,Warren,261.4056336829459,22.702243859799424,27.929652472754153,17.48194322675356
2021,17,153,Pulaski,133.42519645335113,24.786080781204618,29.900565595761055,19.75270426305087
2021,17,165,Saline,194.72677774716448,24.113083892031415,29.422286354239247,18.80616891486614
2021,17,101,Lawrence,233.18387446075965,23.77999085190617,28.954532392243003,18.624109391022916
2021,17,045,Edgar,288.1795591472219,23.179404096100026,28.440432431164293,17.883495255418566
2021,17,071,Henderson,270.9994285043615,23.165255135119544,28.231720139690832,18.064140429485533
2021,17,199,Williamson,202.15146376260049,24.185782598494164,29.502745911178,18.90660755791838
2021,17,077,Jackson,149.2871487252229,24.564078168939265,29.762506217922635,19.325521103040447
2021,17,147,Piatt,230.50705773327988,23.356877489380775,28.476728120436796,18.214766456932928
2021,17,053,Ford,247.4009644763049,23.041674695578607,28.35872195617539,17.656122643701853
2021,17,019,Champaign,239.5516499895895,23.153858384114542,28.38925867878208,17.88780716117018
2021,17,029,Coles,260.6931343046964,23.613726995047227,28.603496491216294,18.595631948384206
2021,17,035,Cumberland,224.9160970333443,23.6504669290491,28.915557053334,18.411348804473864
2021,17,183,Vermilion,286.24937712424844,23.072558305584057,28.44085228859051,17.711252576663497
2021,17,115,Macon,261.0491676953207,23.658925353942493,28.787164304900127,18.50757903994718
2021,17,049,Effingham,216.10259007181335,23.746163882160992,29.057971634576628,18.424967010142915
2021,17,067,Hancock,259.5742380483601,23.51186232906043,28.56135359056731,18.452351079162128
2021,17,095,Knox,247.27668294066137,22.622948428889654,27.89827942191996,17.36280433566921
2021,17,109,McDonough,207.73840353861723,22.91391758760477,27.98889055160648,17.811092347881065
2021,17,081,Jefferson,184.8740405963134,24.093447592383125,29.525976962182146,18.65767953964982
2021,17,113,McLean,286.6466665668505,23.31038370770472,28.6791911248153,18.040253516723602
2021,17,039,De Witt,261.70154930540605,23.39557910085114,28.676973778191293,18.193459565533395
2021,17,105,Livingston,264.51901330018865,23.134079479028713,28.361272847888067,17.862137166175245
2021,17,003,Alexander,166.9970120255714,24.954762432829124,30.036546207116317,19.884604978736494
2021,17,093,Kendall,205.9598475001286,22.616042548605346,27.87123874205617,17.245138240923367
2021,17,031,Cook,215.83207048982516,23.066684671130883,27.428843996831972,18.64453846011142
2021,17,037,DeKalb,179.36653570370953,22.23228503336935,27.766120149028854,16.763891769250318
2021,17,089,Kane,181.70408795348408,22.39966388273581,27.87828301968583,16.99304440410038
2021,17,063,Grundy,276.8694202724719,22.730692722404477,27.965876631915354,17.47792868704197
2021,17,111,McHenry,115.39749868184244,22.215551368527375,28.075468217541193,16.41697246053449
2021,17,197,Will,243.53636284245067,22.72924059589108,27.900333826383157,17.511443827926676
2021,17,043,DuPage,198.8377129561914,22.703517056921847,27.97412588145663,17.418077673915896
2021,17,097,Lake,141.86941631238224,22.120106546416515,27.04053889907171,17.187527211504978
2021,17,091,Kankakee,223.31751645130072,22.72857465818025,27.920452906072903,17.456141305575873
2021,17,011,Bureau,220.77418207978582,22.915183668124687,28.298896778548382,17.686114175336563
2021,17,155,Putnam,252.373729885374,23.09247676899093,28.34245119062765,17.861855613774264
2021,17,099,LaSalle,214.41000899607403,22.80539195387967,27.980179972201714,17.67722631586809
2021,17,131,Mercer,236.533836228815,23.064496716985467,28.355693545184835,17.791671815043358
2021,17,161,Rock Island,198.34014797863009,23.309257476125158,28.329668321476827,18.29029851085377
2021,17,073,Henry,249.12844829492815,23.02833870207629,28.209398485994345,17.737217270464733
2021,17,103,Lee,156.72410613941312,22.331460630574696,27.8784310504615,16.905347011136143
2021,17,195,Whiteside,138.75651242434378,22.816657318463736,28.106493446517423,17.467304726762233
2021,19,149,Plymouth,115.99793718004939,23.011959693880858,29.902743715821472,16.193823599031617
2021,19,193,Woodbury,113.41665817720956,23.02959786428537,29.808873101210633,16.379732920614696
2021,19,027,Carroll,158.4004429273813,23.018677419388393,29.589028468493073,16.440846458383195
2021,19,061,Dubuque,133.29948104353812,22.231858010790862,28.005082720157134,16.62619117860067
2021,19,101,Jefferson,288.2651022240765,23.290512358111908,28.61165339728696,17.884044625910533
2021,19,187,Webster,146.6425504475534,22.9496975486299,29.29011601079468,16.589602065263104
2021,19,111,Lee,249.26099346319754,23.61644518188429,28.701482773800514,18.473876905559703
2021,19,127,Marshall,119.89512112874128,23.091902874791753,29.24083403177984,16.878699407257944
2021,19,195,Worth,157.4143869578247,22.312591661607712,28.400884345291278,16.248817311266677
2021,19,033,Cerro Gordo,155.14751424681288,22.70989191496398,28.973379862538017,16.445743789859122
2021,19,051,Davis,327.49578793121555,23.29946370531957,28.77387610668729,17.836394139274677
2021,19,179,Wapello,293.0948005820736,23.495053402363126,28.707238515863,18.0755815923952
2021,19,041,Clay,110.65083646974009,22.74018833492697,29.52293721315727,15.93350684426422
2021,19,059,Dickinson,89.42439211529431,22.87618222943785,29.54785346844465,16.231287356036187
2021,19,021,Buena Vista,140.56647479099192,22.70763208257776,29.248992756202224,16.13027605948047
2021,19,013,Black Hawk,121.78322526365761,23.280448012006932,29.33565763073796,17.19434694006108
2021,19,075,Grundy,116.59557683529452,23.040595532209853,29.267980491238202,16.775111099720206
2021,19,017,Bremer,136.7159215373372,23.16039743478963,29.291083163826592,16.983932734460772
2021,19,085,Harrison,186.90936978964507,23.73065062729821,30.225935127005435,17.062404867949596
2021,19,129,Mills,132.25896629276647,24.20559804909943,30.260457118162538,18.331323217743158
2021,19,155,Pottawattamie,179.19529026286796,23.759720974015536,29.940147709425997,17.462882140101907
2021,19,123,Mahaska,174.42172709489725,23.721439910971597,29.147371820239123,17.882208040437998
2021,19,125,Marion,145.44075858186844,23.865126541604155,29.355698055311287,17.890459324852607
2021,19,053,Decatur,264.59202195080076,23.151780165745723,29.06867881614047,17.315871403428694
2021,19,031,Cedar,176.85394541425669,22.94742573553122,28.449003431341968,17.465591535175502
2021,19,151,Pocahontas,165.2847829150424,22.90344426740993,29.432868919522672,16.348139083098147
2021,19,109,Kossuth,121.48456930910913,22.59273960207056,29.123820604217187,16.03466556954252
2021,19,089,Howard,186.83925111165377,21.713326046367722,28.084846003792915,15.406938588238178
2021,19,147,Palo Alto,129.74241545791924,22.726700976346372,29.196492345631473,16.250029610086646
2021,19,159,Ringgold,220.99560185645805,23.143744166407537,29.10932476125004,17.19107504198313
2021,19,025,Calhoun,166.9064827788773,22.93983461285543,29.319262456870057,16.57345176411009
2021,19,039,Clarke,231.05904257817767,23.40847431187235,29.36657978261498,17.41526949681582
2021,19,065,Fayette,143.82630469224554,22.445810661227238,28.629320725901813,16.20346856097618
2021,19,001,Adair,217.3180142011613,22.907083410856853,29.127984223183933,16.69914819830929
2021,19,037,Chickasaw,157.68615261457558,22.449051940074064,28.642981365284395,16.301439613983906
2021,19,081,Hancock,153.54917186278533,22.580730119858597,28.976702308932392,16.214358336211298
2021,19,157,Poweshiek,164.15461681678883,23.39181422476398,29.058170643761482,17.586655214711204
2021,19,165,Shelby,177.49094154198733,22.75379292662748,29.442253551539967,16.213673975297723
2021,19,185,Wayne,258.3223416766204,22.831992868672565,28.703667091764007,17.27968684625324
2021,19,097,Jackson,146.5438433441117,22.50811320739691,28.048236092794703,17.034251970379394
2021,19,043,Clayton,136.9955159383715,22.377461865661033,28.578739448037844,16.2132915501351
2021,19,007,Appanoose,274.88885177850494,22.984430830358583,28.618067954176222,17.441859513268202
2021,19,177,Van Buren,375.898829143055,23.539200360744314,28.8089882478283,18.18187926979487
2021,19,197,Wright,142.879812412196,22.89925185092188,29.327274072997035,16.478121941053235
2021,19,137,Montgomery,164.28237313349692,23.287591695622552,29.571814579989752,17.087590902045587
2021,19,175,Union,234.7112514483537,23.016854113633563,28.96849601121959,17.103612799229467
2021,19,107,Keokuk,200.62138897836968,23.24932967641702,28.66876154341935,17.754504390377722
2021,19,131,Mitchell,173.33764753184772,22.373117599707538,28.429608940604457,16.357302639861057
2021,19,191,Winneshiek,169.94688688980855,21.995182541484553,28.106174306646857,15.92668360956327
2021,19,161,Sac,165.4447867717689,22.936720011501663,29.46324760744135,16.410006515005005
2021,19,055,Delaware,179.38737759143746,21.968921293300408,28.318928399061345,15.692455328803728
2021,19,067,Floyd,149.7966918298377,22.875124990218346,29.011010346698985,16.785485354196034
2021,19,009,Audubon,181.63195667092123,22.531409661102202,29.312044695089977,16.005264946901555
2021,19,079,Hamilton,108.59669188589147,22.87431846885904,29.2724733090182,16.390363591191527
2021,19,069,Franklin,103.71981457319357,22.955926362452868,29.403263586951223,16.518004726177175
2021,19,141,O'Brien,120.93904879740242,22.74526668580692,29.519809796899946,15.984964782148628
2021,19,167,Sioux,164.00005698942897,22.888904326275238,29.877879846334388,15.901631275721876
2021,19,005,Allamakee,199.16658667844254,22.239751465364254,28.3419442634999,16.228867959386687
2021,19,189,Winnebago,123.23307727744081,22.426468217973234,28.776087728025715,16.058914835452825
2021,19,093,Ida,167.58369406180924,22.73625300227112,29.341191142273566,16.141362230457464
2021,19,029,Cass,190.4844021773807,22.794868296920622,29.35097083433132,16.369610744458473
2021,19,083,Hardin,113.73394755372931,23.06861099915645,29.490683845900882,16.628225757938086
2021,19,173,Taylor,172.78016738825053,23.22980928540448,29.244048261738975,17.23482374265296
2021,19,145,Page,197.7947463616805,23.51202483360836,29.69580162079824,17.3214727263995
2021,19,035,Cherokee,121.7090027536541,22.657596164062436,29.34095666551885,15.962369315957323
2021,19,071,Fremont,172.590926880536,23.99454658382627,30.187275970964397,17.886058592611864
2021,19,095,Iowa,165.1171666746756,23.094103611102003,28.880805564804653,17.282184539144808
2021,19,023,Butler,93.25182712169295,23.20214819502507,29.476295386234554,16.913329457524824
2021,19,063,Emmet,92.54585409993088,22.30140152335726,28.911229191562686,15.709129598115428
2021,19,047,Crawford,148.85676028490684,22.91092247870461,29.642844209992063,16.25083007387637
2021,19,019,Buchanan,168.01137254928994,22.773730988051533,29.004627678768713,16.52966473803652
2021,19,143,Osceola,112.91219722569393,22.70123802067811,29.52224780722323,15.888606780520119
2021,19,073,Greene,159.93393823856087,23.01715275822148,29.29028417452983,16.655262168317375
2021,19,087,Henry,318.46068541094445,23.41328563951971,28.756275018966324,18.046954151675845
2021,19,119,Lyon,126.33962643140302,22.77596270244086,29.827950670491187,15.742335263759452
2021,19,003,Adams,180.29758863236646,22.917941400577067,29.06825783908485,16.796109744651673
2021,19,133,Monona,138.45845165419618,23.308929122892724,30.274292697126096,16.47484930222692
2021,19,091,Humboldt,167.72115650897896,22.89986701073105,29.38076091761412,16.414193745109255
2021,19,115,Louisa,286.4442825388912,23.468686996213165,28.865826006294995,18.054219592885495
2021,19,171,Tama,132.79119280360294,23.017103810150996,29.19365070249435,16.82079312533426
2021,19,135,Monroe,281.56371048710645,23.38327107048091,28.859656570856284,17.653999386098125
2021,19,117,Lucas,306.9461701220719,23.140732628374394,29.132265069615077,17.26238728840397
2021,19,057,Des Moines,292.44892342014487,23.336500692643927,28.46745470567568,18.14067084594998
2021,19,011,Benton,155.26331739459448,23.094985258531892,29.114925235723586,17.035748077370076
2021,19,113,Linn,161.05872675516142,22.87708258890882,28.76068245143428,16.979794214880716
2021,19,105,Jones,153.6534632582754,22.345382243962245,28.29499445224732,16.533441810667043
2021,19,103,Johnson,164.4774202139824,23.347706690981703,28.89439377672839,17.797660351366616
2021,19,183,Washington,210.57557091362378,23.304927920370748,28.7816651766656,17.798060972043107
2021,19,045,Clinton,140.21132635089467,22.868794982292894,28.155241849929215,17.592792179522796
2021,19,163,Scott,173.90049319278512,23.206082173412426,28.163379007271097,18.244797185603304
2021,19,139,Muscatine,170.6455618001935,23.424921039334624,28.794208908856696,18.04951537350611
2021,19,169,Story,139.96874501164288,23.166598865246186,29.466032273678405,16.88943427519865
2021,19,015,Boone,130.6764150362383,23.181737919120735,29.48947791887109,16.855264203144266
2021,19,121,Madison,194.73667052382078,23.27373002620313,29.364991332899123,17.298363878813035
2021,19,181,Warren,197.7862076386201,23.85167966009599,29.576951691217506,17.816382318234417
2021,19,049,Dallas,152.09880991149092,23.445581715088988,29.669537377873215,17.19199646412651
2021,19,153,Polk,159.70933175612578,23.927920762663458,29.7838155669351,17.9479578063681
2021,19,077,Guthrie,168.2095210188511,22.905543028269495,29.48812753821493,16.37379524450633
2021,19,099,Jasper,163.0996965765994,23.5535968531498,29.387094738712772,17.63995947919465
2021,31,043,Dakota,95.12819736541547,23.320145629822616,30.140368244806748,16.56955683833936
2021,31,051,Dixon,101.4842668068051,23.231593899198955,29.93958882131811,16.539178413798428
2021,31,053,Dodge,196.67448558984307,23.880203867947376,30.20991670487318,17.512096247465717
2021,31,025,Cass,167.6561358904735,24.135465956563248,30.167002043293248,18.276291430206044
2021,31,055,Douglas,162.37171646136278,24.561713324811816,30.278530570900465,18.735704502662706
2021,31,153,Sarpy,148.6444750857524,24.543757383929226,30.37988354906299,18.741003935442897
2021,31,155,Saunders,159.4692124122551,23.862705167915955,30.286277119859815,17.469895230510723
2021,31,177,Washington,176.1044754488789,23.945227209592435,29.846624121856433,17.9553148611775
2021,31,067,Gage,129.77841277082464,23.892050769766737,30.238907741054714,17.47499325743369
2021,31,109,Lancaster,148.72837921158643,23.92016079198718,30.140918947481357,17.71500114576058
2021,31,159,Seward,115.70557349286923,23.47291314746907,29.989968358413005,17.11244723993815
2021,31,139,Pierce,195.27727256840657,23.335813574630972,30.131891363850226,16.712125868396157
2021,31,119,Madison,170.39325053016725,23.170245209372677,29.631514672780554,16.674608552145585
2021,31,167,Stanton,164.3964790519021,23.35090539098558,29.946734915301423,16.723525101401766
2021,31,117,McPherson,128.3980666895493,22.11640574658832,29.698788403732664,14.51265212374906
2021,31,111,Lincoln,58.30315985684671,22.476845284488583,30.043791586281383,14.930072391978307
2021,31,113,Logan,86.00249043566673,22.283967114170284,29.863956788459493,14.726059870596185
2021,31,007,Banner,57.71725441260174,21.44735702316323,30.217853628608268,12.725503691201487
2021,31,157,Scotts Bluff,66.45674567345894,22.56799207204354,31.186274062117413,13.922638937851925
2021,31,165,Sioux,58.41619298742725,21.311340764687888,29.88898612763548,12.717614012305235
2021,31,039,Cuming,165.5236304836976,23.30050823969154,29.822724774300863,16.760454214528174
2021,31,129,Nuckolls,65.4613364216359,23.654663003554663,30.534061731215214,16.84603933871697
2021,31,101,Keith,68.19201220117272,22.63583980806059,30.161690035326895,15.129252655265887
2021,31,137,Phelps,101.97452916962119,22.94929050606352,29.435219828661893,16.491159677016064
2021,31,181,Webster,68.79698707549285,23.651478346345478,30.231384300554318,17.084950382964074
2021,31,015,Boyd,81.60431843193072,23.158335993015363,30.401949925346702,15.931136880259684
2021,31,171,Thomas,72.90131966193742,22.439241267708628,29.880167272594942,14.916860484501449
2021,31,089,Holt,122.98781843323134,22.659166391173116,29.77459066465642,15.5791319273345
2021,31,017,Brown,104.58511543005895,22.470007451714974,29.71928499436401,15.195114072514693
2021,31,103,Keya Paha,123.06883668673895,22.850547973981854,30.234819412932335,15.508449732356558
2021,31,077,Greeley,74.83876906094817,22.857947717714087,30.178247884707766,15.554753561474486
2021,31,095,Jefferson,76.8626135222082,23.919163260384064,30.568074465328674,17.264394651532516
2021,31,151,Saline,117.87238600419211,23.599436464403816,29.982782235884887,17.17455164755427
2021,31,057,Dundy,40.3434307237163,22.872108423123606,30.962540160901774,14.885988571884312
2021,31,131,Otoe,193.198756177921,23.974726593730637,30.233921246797635,17.80681462822098
2021,31,087,Hitchcock,50.760044294767965,23.538798784145584,31.42330641327994,15.621334885505195
2021,31,105,Kimball,66.97534662205544,20.832849721512687,29.272315827052353,12.439753547257403
2021,31,127,Nemaha,200.02094051883168,23.96688733806726,30.214236075434677,17.785496953792975
2021,31,041,Custer,74.01763281716356,22.597917935447033,29.76276963761844,15.480361144955713
2021,31,143,Polk,122.73686960554845,23.52859826662253,30.032036997845783,17.053193762364756
2021,31,045,Dawes,65.23035766638431,22.30900438226497,30.54559008550797,14.034898053330341
2021,31,179,Wayne,164.60086819422122,23.289813649733865,29.964197964686587,16.54589397548352
2021,31,071,Garfield,94.87380283127706,22.395745970262613,29.536499988325836,15.267233398413142
2021,31,013,Box Butte,58.89564388641058,21.673180241929185,30.08486450180447,13.431414125547237
2021,31,173,Thurston,156.09419166540843,23.40163491548306,30.48857128866267,16.506725000640404
2021,31,011,Boone,121.56708362298458,22.8606761670162,29.551682505607207,16.14248052160345
2021,31,145,Red Willow,68.99632014824073,23.697127679125014,31.171146221934062,16.197964300027095
2021,31,149,Rock,106.32922837790174,22.242119169618185,29.39986386580665,15.226228413351658
2021,31,005,Arthur,73.22018810586425,22.170459444183546,29.675401057167377,14.621823552924761
2021,31,085,Hayes,42.0963540149979,22.849846831776112,30.557467953516827,15.087330130919996
2021,31,097,Johnson,163.54977007664823,23.72664310178066,30.095822014623224,17.33456157028926
2021,31,003,Antelope,180.9540934271288,22.7329709915321,29.364227111018494,16.13229968304216
2021,31,163,Sherman,77.88989123353848,22.88932663370144,30.14865691565394,15.63059406306765
2021,31,161,Sheridan,83.93043557109003,21.80351618877191,29.677994852630302,13.974117651780212
2021,31,133,Pawnee,161.44758606450108,23.773588255991427,30.148878597529905,17.3920600146275
2021,31,075,Grant,107.5885532295395,21.74957049058687,29.143000345194654,14.272120979492144
2021,31,021,Burt,172.36913375225157,23.549197130245332,30.108953540597504,17.07828732836672
2021,31,009,Blaine,67.7056371121072,22.414042862621155,29.783201103534854,15.113961962916697
2021,31,027,Cedar,133.4965409529365,23.41831873663728,30.09907163742922,16.763940891848346
2021,31,169,Thayer,61.71569250170164,23.797969837950387,30.806925076216512,16.82708078203991
2021,31,049,Deuel,70.01019151407183,22.06599208760716,29.958283982667147,14.218395810236192
2021,31,123,Morrill,57.367309759854116,22.1255626914416,30.741049531267528,13.636430057130152
2021,31,115,Loup,66.14968243654945,22.305527674707687,29.519687785805665,15.151174593695357
2021,31,063,Frontier,52.26793406596104,22.98981642369248,30.398881885758957,15.555484273013803
2021,31,125,Nance,89.0522519289838,23.35142030812211,29.972755720544725,16.68000964903358
2021,31,107,Knox,129.79818909251654,23.43908006735664,30.416415570416913,16.52012486135853
2021,31,135,Perkins,53.18636955454627,22.64335811669634,30.38005662952578,14.924173577714457
2021,31,037,Colfax,142.1512135242854,23.72022203862775,30.221785253276554,17.19067737065059
2021,31,023,Butler,175.31618605913664,23.52209089812376,30.126671568235153,17.104062528513797
2021,31,031,Cherry,85.18052496298473,22.14388438407637,29.61385656721562,14.727858268664498
2021,31,183,Wheeler,94.94070559855446,22.881384965894934,29.9733769354631,15.771688990084494
2021,31,061,Franklin,66.11518079740415,23.64201802248123,30.2770013246787,17.058240974439414
2021,31,029,Chase,57.7448383797898,22.73326637557295,30.534410449637733,14.949568362099217
2021,31,059,Fillmore,106.39688129815269,23.477502904791912,30.058910957376373,16.89242734881792
2021,31,185,York,91.58731957966381,23.500163490452103,30.033872726826118,16.99532118021406
2021,31,035,Clay,104.73914716283196,23.488304748458805,30.003156387107957,16.970707872009175
2021,31,033,Cheyenne,59.224713727747975,21.4687719776638,29.66213143699542,13.278233816754907
2021,31,069,Garden,76.07213631133577,22.17910002935195,30.044062496976508,14.293392067217173
2021,31,083,Harlan,89.37258765653033,23.64959745222941,30.47936563919498,16.82369289133879
2021,31,091,Hooker,116.16164465318573,21.835285492195176,29.190549161630194,14.386477761803729
2021,31,147,Richardson,260.6017220147009,24.039905727557418,30.186414704360566,17.896978880404845
2021,31,065,Furnas,84.15811867161187,23.55906670479815,31.09268212612553,16.099208096430253
2021,31,175,Valley,85.4806838068977,22.751172204407577,29.923230226884865,15.639400363389006
2021,31,141,Platte,146.58306396597848,23.392178920527662,29.843715979504697,16.907917949807516
2021,31,121,Merrick,87.33356474808527,23.568899886962438,30.00256214579561,17.125211373357192
2021,31,079,Hall,105.61596476184633,23.506734826164063,29.902961777319476,17.07628986119649
2021,31,081,Hamilton,100.95999802595017,23.644407658485665,30.025712975247973,17.242840673813767
2021,31,093,Howard,75.58117329874021,23.323216453865996,30.149110767820858,16.500239700486233
2021,31,001,Adams,72.74944193384742,23.549125513020464,29.905045673248704,17.229827214693735
2021,31,099,Kearney,80.32718735833959,23.204940691442353,29.642933910292346,16.809519174214238
2021,31,019,Buffalo,65.62247751031317,23.078016163146867,29.91825751450122,16.246880636095913
2021,31,073,Gosper,73.8384805588914,22.989698683070404,29.839605583937296,16.123907285435113
2021,31,047,Dawson,58.74159164702799,22.709756542682577,29.595406023613727,15.846061550315433
2021,37,037,Chatham,273.45407163304736,24.20509175528329,29.50846514937828,18.949393642303207
2021,37,115,Madison,237.86430959969942,20.66341046597454,26.457930662060622,14.811713627359223
2021,37,087,Haywood,160.14809109002138,18.767147107148695,24.121158466669375,13.584139737425087
2021,37,021,Buncombe,145.6269827000106,20.73051292541378,26.08953397414598,15.297480351251377
2021,37,089,Henderson,197.4370927475446,20.79252432691078,26.058856813610536,15.582591467458638
2021,37,175,Transylvania,251.463905324687,19.78343092207475,24.97094845769312,14.710860194961743
2021,37,167,Stanly,192.56024759412202,24.591130549250583,30.144578895217347,19.064033081376813
2021,37,109,Lincoln,116.21059357370937,24.16069813385157,30.03069042103443,18.25921538396441
2021,37,159,Rowan,140.40919815254006,24.01252147549555,29.759257699885655,18.300362965419552
2021,37,025,Cabarrus,148.82211623748753,24.656519222756884,30.398073236717437,18.897095418090363
2021,37,097,Iredell,121.48618830685346,23.777062275687726,29.586072914616096,17.89828135045649
2021,37,071,Gaston,125.83751266776311,24.6488902865579,30.32293335526002,18.950177317809224
2021,37,179,Union,210.32107117874833,25.051044707750954,30.319414005985514,19.736614897776548
2021,37,119,Mecklenburg,169.25596358667963,24.960617475246394,30.21597943385842,19.617229563727317
2021,37,045,Cleveland,103.16515281360424,24.14939267132264,30.197928702305276,18.145317341123956
2021,37,005,Alleghany,187.96611794033203,19.322011930114396,24.835210947254204,13.748827092875986
2021,37,173,Swain,216.52226969716736,19.84283003250358,24.839073645853865,14.792871993401553
2021,37,011,Avery,221.08377438595036,18.800695373945107,23.3388297519209,14.139600939469958
2021,37,033,Caswell,155.32279682185222,24.452157595756493,30.42346705639443,18.428745220977333
2021,37,075,Graham,277.37025953222894,20.851013047336714,26.042152413652463,15.92862513428773
2021,37,007,Anson,211.3974032573492,25.10758280610628,30.542088538636012,19.678411588042522
2021,37,149,Polk,122.91616093303107,23.21880846523997,28.825263568333206,17.696840929562743
2021,37,039,Cherokee,275.2856336336341,21.594116361639184,27.13400300185837,16.17083977540921
2021,37,113,Macon,213.7620222195669,20.021537381663833,24.989456469376442,15.141298064727444
2021,37,009,Ashe,209.90239580107658,19.162723491606823,24.392139960892937,14.139668164619994
2021,37,123,Montgomery,227.23316290323135,24.586883048536965,29.994306917616022,19.16907673053169
2021,37,043,Clay,236.4564889468005,20.4235098720127,25.51271585289792,15.37454557120178
2021,37,121,Mitchell,237.03028084027602,19.379442924719918,24.394445537911857,14.214313933184522
2021,37,199,Yancey,206.36791313982846,19.06857710928629,23.71261830355861,14.074016583400844
2021,37,189,Watauga,218.6116317762913,19.27664110406184,24.16618487811806,14.346800279391994
2021,37,099,Jackson,195.4953057352114,19.61697120526565,24.5831391407431,14.639476857424365
2021,37,161,Rutherford,109.70917270242128,23.659449593177495,29.539729451509945,17.731087575698723
2021,37,193,Wilkes,162.78387530178404,22.532150804138883,28.42211080424948,16.70403896883797
2021,37,125,Moore,247.66229993413077,24.764092878653248,30.03068244438231,19.497437032946067
2021,37,153,Richmond,220.5937899180645,25.142641209206207,30.381393619351716,19.896932664252144
2021,37,093,Hoke,237.367949713342,25.55710636105369,30.613121658343715,20.494502913369864
2021,37,165,Scotland,258.34425981253924,25.621536209064885,30.790738124904106,20.43441943912119
2021,37,155,Robeson,297.3867878751156,25.660273838760702,30.51499881484965,20.759639770049247
2021,37,001,Alamance,201.96548612785716,24.36220033711027,29.903816327970265,18.818564009003243
2021,37,151,Randolph,225.26033055700438,24.014909609641943,29.320367552495934,18.742119976928976
2021,37,081,Guilford,151.84154573062835,24.352109248036857,29.45898319934195,19.200885185414425
2021,37,157,Rockingham,196.95268773060158,23.974392740087996,29.629925803039036,18.3078711243969
2021,37,171,Surry,181.55115039188914,22.517464539438343,28.85914649031618,16.18289908693306
2021,37,057,Davidson,139.21760336730972,24.19418145823618,29.78189453953082,18.619972752958713
2021,37,169,Stokes,219.02759595024673,23.21052229095027,29.044906860003714,17.405025689654014
2021,37,067,Forsyth,165.21082246430197,24.15325266449771,29.590653063057225,18.613230414902635
2021,37,197,Yadkin,183.71795240202206,23.111311020937425,29.413662688016455,16.834592327905387
2021,37,059,Davie,145.4512792907875,23.62561351785659,29.71092986121035,17.54759197588476
2021,37,027,Caldwell,163.70555405031578,23.064228333217724,28.842307419982884,17.304681646217436
2021,37,003,Alexander,146.76156535993414,23.358113154644915,28.855875081029435,17.760427841533527
2021,37,035,Catawba,95.38073439763097,24.02559949259991,29.686776911406845,18.233352358237532
2021,37,023,Burke,133.55890650043108,23.102494864846744,29.03409339933045,17.214179684580746
2021,37,111,McDowell,134.76073636575845,22.12274873021948,27.930031948300112,16.305297755058234
2021,37,029,Camden,276.19504898014446,25.4769526453707,29.84428461164011,21.08391553541942
2021,37,139,Pasquotank,281.80388936046944,25.45375573092326,29.71638017316692,21.129829870548853
2021,37,143,Perquimans,308.91861401086106,25.459099797891227,29.79652474943891,21.049315597692654
2021,37,177,Tyrrell,310.00522935377904,25.489642909540684,29.55809203348521,21.38677542322001
2021,37,055,Dare,211.5642797319806,25.631486210439274,28.66068005029207,22.721417920607255
2021,37,073,Gates,301.95946362784184,24.725246220063788,29.715311765164127,19.711747450125117
2021,37,053,Currituck,277.17894916422966,25.55202082294932,29.145568652259886,21.911653100927637
2021,37,019,Brunswick,318.73496933889066,25.67959044124259,29.903517468490495,21.3704665865276
2021,37,031,Carteret,324.51598615282757,25.837296408509005,28.69205731258099,23.186355390210085
2021,37,137,Pamlico,332.7567950840857,25.671885401529565,29.399742481815153,21.998241754945738
2021,37,049,Craven,340.97689534611544,25.519390828978217,29.960803665614,21.10913670390894
2021,37,103,Jones,329.00425417488435,25.303002002415997,30.12045593288822,20.468862943323234
2021,37,085,Harnett,264.8896058546814,25.27488070273431,30.450176535103434,20.20607562091555
2021,37,063,Durham,244.6503971009664,24.702964662253354,29.74728749066341,19.67494982568657
2021,37,145,Person,194.17146954991244,24.245838975961263,29.838134013956903,18.757072889978666
2021,37,135,Orange,217.98247150968803,24.32309864253609,29.730561690716314,19.07482815016448
2021,37,181,Vance,229.90451602222132,24.418552762203106,29.87099043976946,18.88310054926781
2021,37,077,Granville,238.02630005314572,24.24749187712974,29.413162433250463,19.141130532485423
2021,37,069,Franklin,276.2851076292991,24.404546264792618,29.62177859976178,19.132354132392205
2021,37,101,Johnston,306.26213246422594,25.072540845515103,29.97718920821449,20.114707233999493
2021,37,183,Wake,295.405706682154,24.724446223070498,29.559701529977556,19.935969353158566
2021,37,105,Lee,336.1621790911009,24.65069040538187,30.002402437654702,19.317407378900796
2021,37,131,Northampton,237.28206630608264,24.502203991853236,29.54646508070498,19.3956506471457
2021,37,083,Halifax,219.49129172523794,24.56718325472971,29.57097179733782,19.558289864593345
2021,37,127,Nash,261.4653134485927,24.878791771596724,29.663638439194273,20.001371702257696
2021,37,065,Edgecombe,293.71962360438243,24.855303838003437,29.472071573394004,20.208220097129047
2021,37,195,Wilson,367.26824772030716,25.242462945575138,29.90023281769055,20.49910133383936
2021,37,163,Sampson,313.1156504125497,25.32816671664729,30.14280222205642,20.528601696843378
2021,37,185,Warren,205.32281075947697,24.830543529631168,30.223261507030937,19.342229327501855
2021,37,187,Washington,298.02108470163546,25.454486521474752,29.84206376000757,21.050542659565437
2021,37,061,Duplin,276.25753805544446,24.995726172950473,29.900324041327266,20.146749580804936
2021,37,091,Hertford,275.98681480134513,24.589115265973582,29.533168481904298,19.584076899731702
2021,37,017,Bladen,272.91226109858013,25.528250769472024,30.505262800759546,20.520928131210372
2021,37,095,Hyde,286.0061131348312,25.801265872310886,29.40035623812871,22.365579160591558
2021,37,015,Bertie,346.483405678755,25.046014241212546,29.68643524979553,20.326012633462273
2021,37,079,Greene,402.9018204213011,25.342617731957755,29.969989305539524,20.609186798799918
2021,37,041,Chowan,332.6001362684253,25.617076235071934,29.858050185182254,21.282051172565133
2021,37,117,Martin,337.816524674391,25.04510280015005,29.579134802731218,20.573185808405064
2021,37,047,Columbus,288.50336080970715,25.428546656736444,30.201329271554947,20.66143094198372
2021,37,191,Wayne,385.5751946795371,25.054443713488162,29.678856004358238,20.39158691165684
2021,37,133,Onslow,337.307556183077,25.536895502267242,29.685857551219247,21.32739654289715
2021,37,107,Lenoir,321.0251408337852,25.161342887506596,29.81738215872091,20.421210308719047
2021,37,129,New Hanover,379.78623445081,25.802152739862446,29.65007262289206,22.090743870793144
2021,37,141,Pender,347.0734411090091,25.431680347063107,30.243378283644496,20.554887407105365
2021,37,051,Cumberland,300.71339565299115,25.65994438709817,30.624474987073203,20.69987168582748
2021,37,147,Pitt,426.3024505226436,25.38850345243169,29.984116571479134,20.820246705281836
2021,37,013,Beaufort,348.1783845357757,25.51576026646637,30.006838904469415,21.17209385505138
2022,17,121,Marion,124.10601905233544,24.698712977043435,30.488897844406406,18.908671178219038
2022,17,005,Bond,153.8635996286066,24.53464507035465,30.189615538467017,18.879816660039506
2022,17,083,Jersey,76.18569651280039,24.805563663355322,30.6578996390327,18.95336809068042
2022,17,163,St. Clair,96.73419541812443,25.87042093721819,31.584065358692623,20.15691786652751
2022,17,027,Clinton,121.98695055303176,25.058183173094196,30.741154223057585,19.375354756915343
2022,17,013,Calhoun,85.60230315108831,24.773835219114915,30.762108673337075,18.785702226873468
2022,17,119,Madison,115.65241056387246,25.223185039430515,30.694080721878905,19.752431937607447
2022,17,133,Monroe,94.94834160329818,25.680775900131312,31.536001785407848,19.825690431061368
2022,17,117,Macoupin,160.49286456489253,24.273090021380582,29.914440152629922,18.63188218307181
2022,17,171,Scott,138.79973463311316,24.083018630806524,30.084750661177928,18.081429825092584
2022,17,137,Morgan,197.75876389669517,23.860941675943966,29.757664597132635,17.96436172804033
2022,17,107,Logan,110.72997413000688,23.9101541442862,29.74082687546377,18.07962410416716
2022,17,129,Menard,156.47281992701923,23.805487225770147,29.449417619425546,18.161701643978272
2022,17,167,Sangamon,217.1741289611513,23.955234551570292,29.593220240691352,18.317391689100425
2022,17,021,Christian,179.7643116738382,23.97106873307607,29.760429831153203,18.18184938734561
2022,17,127,Massac,135.09374441447306,25.339449748185924,31.497165537906398,19.181872131328134
2022,17,057,Fulton,122.57102542251857,23.162660317518984,29.047244806258824,17.278218860938704
2022,17,175,Stark,189.74028957583369,22.261111886011147,28.329248109743116,16.1931174482118
2022,17,203,Woodford,128.87699682815375,23.105874046222326,29.381777835935164,16.830112671188452
2022,17,179,Tazewell,103.11743775237561,23.664612397335457,29.583898290955915,17.74547030104681
2022,17,123,Marshall,161.738020226873,22.72829805194108,28.97070346421137,16.48603709036226
2022,17,143,Peoria,137.32538418867554,23.142266057328666,29.100107339605497,17.1845664929712
2022,17,001,Adams,185.13390855643874,24.060201740670017,29.472714856082142,18.647830051067217
2022,17,177,Stephenson,162.2174926618021,21.213622167748298,27.272628484651527,15.154759162696333
2022,17,141,Ogle,124.98476192074493,21.68947712883138,27.827574884043184,15.551522700808237
2022,17,201,Winnebago,160.62069994479768,21.6469794971563,27.79218923999951,15.501912237417654
2022,17,007,Boone,180.51168541333672,21.346432117962227,27.61704881501681,15.07595625630917
2022,17,025,Clay,182.93255279978908,24.60834382923114,30.521704254021863,18.695125504858986
2022,17,185,Wabash,127.52230507468529,24.92662122105499,30.922136624150603,18.931246893701086
2022,17,009,Brown,194.39040338929107,23.451339304138035,29.13084173967432,17.77197815284641
2022,17,151,Pope,136.41605012860464,24.56529076753507,31.07778914633779,18.052930942276788
2022,17,033,Crawford,142.11082732551412,24.59701279255679,30.750400715508267,18.443767294004104
2022,17,135,Montgomery,176.46354012074403,24.180105658874812,29.958063692848054,18.402288023265264
2022,17,055,Franklin,86.52124087254087,25.046992528443347,31.175326436769986,18.918799454712282
2022,17,023,Clark,133.74864285867204,24.331821279906205,30.762410594772128,17.901372374011814
2022,17,059,Gallatin,88.21652111977501,24.89918177477159,31.095369222076854,18.703137745783128
2022,17,075,Iroquois,105.26757271869481,22.73303025783269,29.308544319983046,16.15765856343272
2022,17,041,Douglas,85.42102412457392,23.83427638844417,29.830609347842152,17.838085172616257
2022,17,189,Washington,112.90960798247306,25.01713734173847,30.774176789742448,19.26023725697746
2022,17,159,Richland,165.47098872703188,24.54734058496459,30.419495073752092,18.67533100883637
2022,17,065,Hamilton,108.84205124218158,24.802595577622043,30.901379981556293,18.7039525990336
2022,17,193,White,118.35685559691098,25.04042726332704,31.102125283549285,18.978869644139458
2022,17,169,Schuyler,176.86779343099843,23.454100900797798,29.225128900501822,17.683216444202433
2022,17,181,Union,151.76934323045992,25.36837231433251,31.535250617011556,19.201635802008216
2022,17,085,Jo Daviess,154.44357435981348,21.34531216335782,27.313465580964504,15.377300209022032
2022,17,125,Mason,124.73301317597834,23.90878505691795,29.850368102282243,17.967344076731678
2022,17,191,Wayne,132.29383610798,24.69597416135389,30.6032059100427,18.788883333143893
2022,17,069,Hardin,121.87698733472716,24.410083747939662,30.822208765499866,17.99809906080957
2022,17,061,Greene,130.78983721500308,24.159836347344246,30.07670241738697,18.243112490084815
2022,17,157,Randolph,102.11730737341847,25.28165697512017,31.41704949786501,19.146405550824937
2022,17,149,Pike,147.13644479656733,24.201879518129854,29.845938106927,18.557963170755116
2022,17,145,Perry,67.31281838686229,25.098448669514752,31.023680766085366,19.173355869861354
2022,17,087,Johnson,161.1050155181014,24.909788479448608,31.27301508149237,18.54670287560611
2022,17,173,Shelby,174.0535673134418,24.049252259588105,30.009913900201898,18.08873389205024
2022,17,051,Fayette,136.59465046028427,24.25173134099428,30.14302215906693,18.360581959624252
2022,17,139,Moultrie,127.42974386333343,24.009135718679875,29.90179260797826,18.11662255752416
2022,17,017,Cass,195.38078438872066,23.768247451019615,29.723197931853978,17.813440226905275
2022,17,015,Carroll,138.87252051809497,21.781367203798624,27.975129682838833,15.587749102871413
2022,17,047,Edwards,133.90972861281725,24.99134714363787,31.04567566519093,18.93716021705121
2022,17,079,Jasper,173.3258422216444,24.313225754286172,30.07291691259898,18.553676341782246
2022,17,187,Warren,147.9489484699925,22.75744785340688,28.624187375800993,16.890851438639874
2022,17,153,Pulaski,117.40509874537476,26.011425069095793,31.81219893619107,20.21079165874756
2022,17,165,Saline,115.33169370453531,24.92890436420334,31.345048846790885,18.512898748496692
2022,17,101,Lawrence,127.53484338228414,24.699545413248178,30.547833576343795,18.851396914166664
2022,17,045,Edgar,104.50763508211145,23.57427628945131,29.92269413238326,17.226000808775495
2022,17,071,Henderson,107.93978010968299,23.277882335112952,28.915670999885855,17.640237739997755
2022,17,199,Williamson,132.36136200753856,24.86725573374856,31.114068143378365,18.6205857830152
2022,17,077,Jackson,71.84879356676315,25.360155348369602,31.422982684724797,19.29746856645851
2022,17,147,Piatt,89.36005880193792,23.719389675874435,29.80255893454566,17.63636292322201
2022,17,053,Ford,126.21696013971051,22.993104416645288,29.435179602852624,16.551172653918222
2022,17,019,Champaign,81.96092867122088,23.512923904032522,29.884900695532593,17.141089202227107
2022,17,029,Coles,165.01814541449016,24.119746369355664,29.941766689677802,18.297867681275907
2022,17,035,Cumberland,184.09903273707437,24.293672965075512,30.320706992175115,18.266779751030167
2022,17,183,Vermilion,90.16515292054842,23.21633526998939,29.760408186831857,16.67240541254895
2022,17,115,Macon,116.09647929433116,24.013310916054923,29.817163101420608,18.20960085327258
2022,17,049,Effingham,203.55999982457183,24.275480508683078,30.118658258433264,18.432443898404475
2022,17,067,Hancock,134.40129596223952,23.678009779808693,29.264908754463715,18.091253163018383
2022,17,095,Knox,206.5938954968279,22.438229662240882,28.412466802582777,16.464135141823377
2022,17,109,McDonough,108.64430429081041,23.04142790654015,28.775159663800853,17.307837946650295
2022,17,081,Jefferson,134.64219543689788,24.66608884631136,30.560761436048598,18.77155688639855
2022,17,113,McLean,119.59361674667457,23.294314499576878,29.429519487214872,17.159251622373347
2022,17,039,De Witt,106.47676080925031,23.575530431609536,29.64901584130347,17.502189405547412
2022,17,105,Livingston,144.27210860308102,22.82284253536491,29.116866863831852,16.528960705830322
2022,17,003,Alexander,103.04858519432754,26.240492552847154,32.10235830984618,20.378767479735462
2022,17,093,Kendall,94.64479049793741,22.166670822254204,28.15285198437477,16.180628684554957
2022,17,031,Cook,118.23141339923393,22.83990732642339,27.57802546230943,18.1019317265532
2022,17,037,DeKalb,123.86334490927753,21.653666825000972,27.68276604180287,15.624709770369954
2022,17,089,Kane,133.07038930701802,21.725434862908603,27.752269517743695,15.698740999667725
2022,17,063,Grundy,100.539051285839,22.385244150527793,28.575561313398012,16.195070168187087
2022,17,111,McHenry,180.24058048250035,21.23113617916712,27.433801849679636,15.028613407959979
2022,17,197,Will,96.35682142977598,22.44987776458235,28.527282577921124,16.372614678683686
2022,17,043,DuPage,92.04740230235028,22.428281596758953,28.29513099169852,16.56157338875024
2022,17,097,Lake,104.60356216845106,21.24035426918538,26.367757206124264,16.113093180414563
2022,17,091,Kankakee,89.09616403479343,22.47130932638215,28.692601753971857,16.250157904963064
2022,17,011,Bureau,179.11166487784624,22.335763903788262,28.320922134420055,16.350748449501918
2022,17,155,Putnam,207.8247626061468,22.704829777660635,28.816116958430477,16.593688318566972
2022,17,099,LaSalle,126.95161666776316,22.324275212523798,28.467880131121746,16.18081263119677
2022,17,131,Mercer,200.65894848545935,22.972094253592907,28.945098973703583,16.999233686091717
2022,17,161,Rock Island,193.4811495810759,23.164481099059174,28.93983837241317,17.389264956274992
2022,17,073,Henry,181.96238767334543,22.662021305663107,28.57943809217909,16.74474631613026
2022,17,103,Lee,113.07340606166268,21.81943983964929,27.9034483259531,15.73557408747419
2022,17,195,Whiteside,133.78095122072207,22.340968775860944,28.315366468798256,16.36671238445397
2022,19,149,Plymouth,100.91485696073713,23.238161440587078,29.788640381244914,16.687822663289367
2022,19,193,Woodbury,97.89968936437138,23.26271155972739,29.8457063107263,16.67985796551779
2022,19,027,Carroll,164.4640342533355,22.947893471576073,29.13460149108039,16.761327837520415
2022,19,061,Dubuque,139.12554371771355,21.312168499933605,27.346529267332368,15.277950042905896
2022,19,101,Jefferson,98.05038633408657,23.46596938062935,29.326681308492564,17.605400620579324
2022,19,187,Webster,143.71961977510742,22.64788902281186,28.603036003536985,16.692884031170426
2022,19,111,Lee,104.81599880996424,23.84786227940742,29.447113848834064,18.248753375933752
2022,19,127,Marshall,153.2261782267279,22.63982790032135,28.720352427435245,16.55944571186673
2022,19,195,Worth,225.0908773217998,21.504597775065662,27.22720143131075,15.782136262552507
2022,19,033,Cerro Gordo,206.575453605024,21.769294810861727,27.614753292477623,15.923980249743906
2022,19,051,Davis,154.48551342466877,23.357544569341226,29.166359418656494,17.54887135260012
2022,19,179,Wapello,108.05435962273124,23.554477491492033,29.25491296119991,17.854184977245783
2022,19,041,Clay,125.5775412459068,22.708591534423455,28.90789060360679,16.509433798678696
2022,19,059,Dickinson,213.79112723557165,22.842187872798082,28.610632902906413,17.073883830233807
2022,19,021,Buena Vista,93.63165102485402,22.626411146419812,28.87977858485607,16.373185545068715
2022,19,013,Black Hawk,237.89618304087045,22.514245224165098,28.5057502602094,16.522879796170933
2022,19,075,Grundy,218.79197571180802,22.324273114456076,28.37423810322536,16.274450118688588
2022,19,017,Bremer,227.9753064220042,22.03910557305663,28.003153138356502,16.07519983859885
2022,19,085,Harrison,128.89565304125182,23.58928058486969,29.859542608236403,17.319161010072488
2022,19,129,Mills,131.28017143530008,24.046371214497146,29.77704283517813,18.315838648778566
2022,19,155,Pottawattamie,140.90741981651723,23.663621976907756,29.546247343218532,17.781139368244972
2022,19,123,Mahaska,120.82047051005817,23.687915911508156,29.58978187603946,17.78619102936302
2022,19,125,Marion,134.47051066334387,23.568007785440564,29.161203275050468,17.974955214855765
2022,19,053,Decatur,154.6214656115778,23.550077029075542,29.412466030462735,17.687827949348396
2022,19,031,Cedar,268.35595911490805,22.447072804569817,28.569218653882515,16.325068522029266
2022,19,151,Pocahontas,95.11581109605744,22.597591244464905,28.723377421696203,16.471946930334127
2022,19,109,Kossuth,135.31192824811575,22.163203108068043,28.162369497042597,16.16417969857515
2022,19,089,Howard,242.08351365327442,20.41338483577409,26.525012846116894,14.301901052373685
2022,19,147,Palo Alto,120.09914105033478,22.500539231757138,28.61119999978102,16.390020419543404
2022,19,159,Ringgold,128.68925598198342,23.56704979313609,29.478018416317735,17.656223198385803
2022,19,025,Calhoun,141.89816946929636,22.690081754346206,28.706013628874736,16.67429431830126
2022,19,039,Clarke,127.39477451515064,23.62200007489487,29.605549306582333,17.63859122550861
2022,19,065,Fayette,202.30375496143847,21.287710455824584,27.299747288333894,15.27581613744068
2022,19,001,Adair,123.64486368869498,23.387192712287433,29.631997325490005,17.142530764806057
2022,19,037,Chickasaw,197.7207539962164,21.321434535459794,27.239436431946835,15.40357569222732
2022,19,081,Hancock,161.38150167253528,21.783912823785062,27.685755024320734,15.882211918704021
2022,19,157,Poweshiek,126.83341196579629,23.132177578483983,29.28516164451839,16.97933696298038
2022,19,165,Shelby,187.0779948540733,22.88230747489897,29.08620962178852,16.678548051473204
2022,19,185,Wayne,207.46458383370603,23.059922766912354,28.958786410707646,17.16120100920553
2022,19,097,Jackson,167.04379467834153,21.720344110343394,27.83092566379466,15.609906190661174
2022,19,043,Clayton,209.1920061110269,21.236512375338947,27.336940456752536,15.136227297369892
2022,19,007,Appanoose,171.98409695163664,23.001434567626347,28.857211360974574,17.14579987269576
2022,19,177,Van Buren,128.6116817510735,23.604978234565962,29.372494616076033,17.837604417875117
2022,19,197,Wright,141.96959936644225,22.378681624760276,28.430734291698695,16.326770328580427
2022,19,137,Montgomery,135.9916295852615,23.363984323411636,29.466260713986635,17.26184872911145
2022,19,175,Union,117.2818117675323,23.415569329450403,29.39078890124995,17.440492063606975
2022,19,107,Keokuk,114.135392722583,23.24723218750575,29.304668250673195,17.189938374890875
2022,19,131,Mitchell,217.3272619056413,21.311930690255405,27.07443198998971,15.549569815864286
2022,19,191,Winneshiek,282.4357356852779,20.734213259921752,26.686387783285294,14.78218277477715
2022,19,161,Sac,141.22728400531216,22.888895813948658,29.08808879585718,16.689843796210447
2022,19,055,Delaware,169.36850463197732,20.98388384293431,27.382060962474924,14.585850082915236
2022,19,067,Floyd,192.78727796160825,21.865920973441877,27.643107238135517,16.088877032461056
2022,19,009,Audubon,203.36874783862055,22.7202946991272,28.944331406247038,16.496399724282632
2022,19,079,Hamilton,182.5425716798858,22.585374082069748,28.56426260524591,16.606628626714812
2022,19,069,Franklin,164.02540072769446,22.10694650677309,28.116983892748845,16.097051219902877
2022,19,141,O'Brien,131.11983076202523,22.74180155965777,28.94187445358452,16.541869217826395
2022,19,167,Sioux,95.8261305262805,22.972158938492253,29.362859768799204,16.581600017035363
2022,19,005,Allamakee,238.0044131282636,21.04451855211893,26.881575362290842,15.207605712600301
2022,19,189,Winnebago,182.69658880478173,21.72650192023005,27.530212497487994,15.922933136248203
2022,19,093,Ida,123.37844163712327,22.936200786783516,29.30633775598768,16.566205095572638
2022,19,029,Cass,116.11022200817494,23.128693388450483,29.395404685946744,16.862123370529584
2022,19,083,Hardin,215.2741922583168,22.50334761388959,28.55279236845589,16.454045280837406
2022,19,173,Taylor,149.62456762214404,23.617865761798683,29.531417784316396,17.704454184061106
2022,19,145,Page,128.36731196567624,23.627844147177147,29.583936641895125,17.67189350095379
2022,19,035,Cherokee,86.15852151170422,22.781301904724458,29.125918246663897,16.436827756966554
2022,19,071,Fremont,111.54845563236371,24.040741793471028,29.89522664359186,18.186397478568317
2022,19,095,Iowa,178.57014128836985,22.874362522487687,29.213097881902968,16.53576842570089
2022,19,023,Butler,182.11357050295794,22.302014831718854,28.30467704785111,16.29949407430462
2022,19,063,Emmet,176.68079357847662,22.200364611248737,28.07962236187185,16.321249859744697
2022,19,047,Crawford,138.73466336286603,22.972150566025647,29.279856864109068,16.664586772591704
2022,19,019,Buchanan,289.061483896722,21.78760307122422,27.941931151179602,15.633418494144273
2022,19,143,Osceola,151.37379803380009,22.76832387771355,28.814323337609352,16.722465755491953
2022,19,073,Greene,166.91035963382365,22.944837774929997,28.96548658069912,16.92433090334553
2022,19,087,Henry,96.79619962151583,23.547332761021877,29.377872206860403,17.71693438044618
2022,19,119,Lyon,106.79188562385607,22.7940286221136,29.166055930424807,16.422142418526747
2022,19,003,Adams,103.18503290879383,23.38789527148453,29.504879784434433,17.27105150765553
2022,19,133,Monona,109.236519944474,23.38202119836854,30.097288567967052,16.666896632306393
2022,19,091,Humboldt,117.07088934420425,22.498511070775812,28.52920569070436,16.46795916671314
2022,19,115,Louisa,128.74330489467997,23.420600276060945,29.292501305932138,17.548842365152577
2022,19,171,Tama,181.6171675899987,22.475063056536616,28.673130499047986,16.277137222750373
2022,19,135,Monroe,124.89875746681997,23.356275327966358,29.134654268859265,17.57803645377939
2022,19,117,Lucas,129.325354680788,23.193103467728076,29.13209172081708,17.254259435579996
2022,19,057,Des Moines,104.73210540269525,23.46785980314677,29.162806364931505,17.773057383154594
2022,19,011,Benton,186.4867175863401,22.664667607223567,28.87617863102435,16.453297667406964
2022,19,113,Linn,215.38854772501185,22.15762983766909,28.423844938126532,15.891559107253284
2022,19,105,Jones,211.62740235297045,21.422149684699008,27.791799679364345,15.052641391399293
2022,19,103,Johnson,234.30089511808717,23.031319342636813,29.07299742693276,16.98978267100632
2022,19,183,Washington,123.63475545837395,23.28865180761924,29.384611509654402,17.19283386047402
2022,19,045,Clinton,186.75164509133,22.379535335859895,28.34493266561985,16.414279861899136
2022,19,163,Scott,207.58343854724708,22.951249907015733,28.678109938650532,17.224532583325136
2022,19,139,Muscatine,225.37145361828777,23.440852271254922,29.4393818098629,17.442464253649373
2022,19,169,Story,209.84386079449322,22.827377597969694,28.7333678305149,16.921530798915395
2022,19,015,Boone,233.93631418807732,22.990692843233997,28.86724553542782,17.114281767019033
2022,19,121,Madison,157.61902598790886,23.487984619214732,29.476468769423654,17.49964177633579
2022,19,181,Warren,128.09882438809365,23.644839142722155,29.45506878621091,17.834752370021366
2022,19,049,Dallas,190.01654100406827,23.479991718062923,29.502471942996287,17.457653699183307
2022,19,153,Polk,152.32227878451636,23.609982121710537,29.347283173731565,17.872821626301082
2022,19,077,Guthrie,219.56700947436045,23.061640275331033,29.340073730275805,16.78334716410988
2022,19,099,Jasper,118.64639713658225,23.284979114187127,29.20222003977642,17.36788007330022
2022,31,043,Dakota,80.68980788102232,23.527172502715114,30.25958071675776,16.794901994882213
2022,31,051,Dixon,99.05207433344783,23.27267537920775,29.93103794842744,16.614451919366765
2022,31,053,Dodge,84.14851627230806,24.056893110562324,30.32018148039496,17.793745902772738
2022,31,025,Cass,130.84720071687204,24.03616913800792,29.726230926914784,18.346249182185897
2022,31,055,Douglas,130.69576884423833,24.38123637662744,30.00136247916246,18.761252402134666
2022,31,153,Sarpy,102.49588896883722,24.322660872869392,29.96685901409553,18.67860302287283
2022,31,155,Saunders,125.30463397471907,23.911559306763476,30.216988360872698,17.606270379616998
2022,31,177,Washington,96.79481959987868,24.03127416450965,29.86438764969436,18.198301177199355
2022,31,067,Gage,191.2645277253187,24.01773003535714,29.91527688708785,18.120322902609896
2022,31,109,Lancaster,154.5539443931363,24.106951686815755,30.031486835829202,18.18255627994748
2022,31,159,Seward,143.31373220118763,23.765724654615795,30.097699329143722,17.43389308392186
2022,31,139,Pierce,90.97663148195544,23.512127134342695,30.363348391990872,16.661047687337103
2022,31,119,Madison,111.57646765382188,23.529054529128555,30.141117294246357,16.91713436837136
2022,31,167,Stanton,101.94103354262248,23.613199863807335,30.42002834092771,16.806512303508246
2022,31,117,McPherson,106.29817517658284,22.577961968663605,30.94770601390915,14.20835610328538
2022,31,111,Lincoln,94.9510392788475,23.358296648241062,31.682420982710628,15.034313977356708
2022,31,113,Logan,121.30548057419459,22.694333296457884,30.977846183489717,14.410960258387936
2022,31,007,Banner,51.90855984441666,21.223973458240906,30.630541412411603,11.81754346216345
2022,31,157,Scotts Bluff,51.02236883586743,22.099698151201306,30.983500108905652,13.21603438033535
2022,31,165,Sioux,75.40539458650933,20.235291319055687,29.168668762497838,11.302052261526702
2022,31,039,Cuming,112.00339017803131,23.528238876257095,30.102252561841226,16.954364752981096
2022,31,129,Nuckolls,141.31854499404736,24.029695559514597,30.621043942901313,17.43848736372551
2022,31,101,Keith,57.369547011965054,23.282857271306156,31.670210655601192,14.895642700026409
2022,31,137,Phelps,122.0639653062421,23.504529009769843,30.204175766244944,16.805022151326295
2022,31,181,Webster,150.9296091428303,24.04247369528342,30.709971992799467,17.375118659698508
2022,31,015,Boyd,68.84426966648846,22.69355645158578,29.772259168134212,15.614994354084901
2022,31,171,Thomas,96.92439748297468,22.576726858758892,30.662966890355882,14.490627236809003
2022,31,089,Holt,79.70431838562963,22.534112387584006,29.630173999769553,15.438191852220303
2022,31,017,Brown,56.95244882798202,22.541036922362174,30.14233730884344,14.939876501423926
2022,31,103,Keya Paha,88.22321465774611,22.41907109180878,29.85708683928209,14.98119537704743
2022,31,077,Greeley,146.5448998494054,23.14075465886042,30.455313845881907,15.82633504377151
2022,31,095,Jefferson,178.10136186229275,24.051046642927503,30.116981526160114,17.98525294970226
2022,31,151,Saline,150.53913282993312,23.874553959690747,29.866727469006143,17.882522118649494
2022,31,057,Dundy,59.68176547452043,24.156888395183387,32.63498116137068,15.678935087753882
2022,31,131,Otoe,162.08304327050845,24.027354700043112,29.90372401453064,18.151127973195965
2022,31,087,Hitchcock,51.6325692549085,24.86097739115193,33.3085517253428,16.41354203702954
2022,31,105,Kimball,52.72110238598891,20.652407425785437,30.17339991157275,11.131553877262832
2022,31,127,Nemaha,190.9210691368627,24.00207607025414,29.913278836002714,18.091014975890925
2022,31,041,Custer,134.18248181926992,22.946647249099264,30.48661140512057,15.406822747492502
2022,31,143,Polk,159.37353491213767,23.773768718572697,30.081212446170515,17.466466209361425
2022,31,045,Dawes,89.82171338043489,21.232203291866625,29.90706897225482,12.557476303259811
2022,31,179,Wayne,70.89108553990887,23.366051325294116,30.214987590679566,16.517254355710605
2022,31,071,Garfield,140.51125084230466,22.426573864894262,29.55733362524167,15.295957027878563
2022,31,013,Box Butte,100.6669866807663,20.904980964151783,29.70255666229611,12.107543692611916
2022,31,173,Thurston,67.59314697303908,23.48922090584251,30.357967160080356,16.62061403876425
2022,31,011,Boone,154.2918332837787,23.146617715014983,29.923976562906446,16.3694006833268
2022,31,145,Red Willow,97.72020025967812,24.881544096562823,32.93694129094822,16.82628747505209
2022,31,149,Rock,74.09248074569918,22.294080480882428,29.514646070778483,15.073655088180775
2022,31,005,Arthur,79.63673200304149,22.575316903035237,30.838483418778697,14.312289757714783
2022,31,085,Hayes,81.03998144216101,24.103225114688428,32.496233860246036,15.710356665619939
2022,31,097,Johnson,143.89385827193908,23.853215214414217,29.807344372936424,17.899229351413247
2022,31,003,Antelope,91.053025125508,23.021005832603198,29.770189144855355,16.271962261637142
2022,31,163,Sherman,111.79160704456837,23.12186821747364,30.489727774340263,15.754150626235784
2022,31,161,Sheridan,116.56018513798854,21.088118662377656,29.642306192111718,12.534070143378822
2022,31,133,Pawnee,148.2888208295787,23.864803320755577,29.79914156053043,17.930606383616137
2022,31,075,Grant,90.76060792141381,21.698249316934152,29.84209211667743,13.554547283580204
2022,31,021,Burt,119.0396446142877,23.680407728186772,30.043361316099446,17.31759496043217
2022,31,009,Blaine,114.96737866835282,22.666580482093444,30.44105032018615,14.892250341008083
2022,31,027,Cedar,93.472927329519,23.25573001105747,29.849961068558073,16.66163899167279
2022,31,169,Thayer,146.42895792665098,24.164492478157673,30.62512831417559,17.703997616210675
2022,31,049,Deuel,68.71006252367427,22.57226842759775,31.169885259374503,13.97479135711314
2022,31,123,Morrill,72.38833154448629,21.976053798880045,30.889208792505055,13.06303823564483
2022,31,115,Loup,138.67448928927283,22.493906676195746,29.887910209840378,15.100041833735139
2022,31,063,Frontier,126.66771745621428,24.11133610130617,31.92600238396271,16.29681005497508
2022,31,125,Nance,98.82577755749283,23.612424562979662,30.09388219483393,17.131106717234832
2022,31,107,Knox,73.44251677679499,23.341071817720604,30.47384644871105,16.208437077392094
2022,31,135,Perkins,65.9453333314999,23.60198182375458,32.26331810273299,14.940786232130998
2022,31,037,Colfax,109.99006892307536,23.888252749134622,30.362956150939137,17.413688461071832
2022,31,023,Butler,140.07504364312842,23.436047073802563,29.756635440250673,17.115599202474257
2022,31,031,Cherry,81.290617457392,21.806267543746298,29.773237650733073,13.839436771108076
2022,31,183,Wheeler,123.46836211057452,22.99227280614981,30.068917625057495,15.915766801824608
2022,31,061,Franklin,106.48760521660367,24.130383346407633,31.115336572877407,17.145570585245004
2022,31,029,Chase,79.62840964482349,23.805931047298856,32.23113131718557,15.38086997350707
2022,31,059,Fillmore,151.34425293642263,23.815644694662804,30.06625632661371,17.565174655731113
2022,31,185,York,176.83111482280793,23.73925164890139,29.948076377615546,17.530568851272072
2022,31,035,Clay,128.61254049517422,23.875378196353815,30.233957559003045,17.51694163970769
2022,31,033,Cheyenne,75.04525453649512,21.80524912379213,30.836220101020476,12.774417008261688
2022,31,069,Garden,90.04529636149312,22.282276862025345,30.835455515017472,13.729238268712738
2022,31,083,Harlan,73.12444734438124,24.433669840202743,31.61593976543631,17.251541884078392
2022,31,091,Hooker,94.58283738828938,22.012023989928675,30.06587431077407,13.95831213750513
2022,31,147,Richardson,184.4999281243417,24.02668602354939,29.84853756566919,18.204976794448736
2022,31,065,Furnas,86.20412460375502,24.488563771830023,32.44950932873037,16.527757268822157
2022,31,175,Valley,140.25948168456068,22.91524874178546,30.204590577942515,15.626047715733668
2022,31,141,Platte,138.55267149466573,23.662534928429842,30.09917279519436,17.226037503946426
2022,31,121,Merrick,106.8203892352814,23.849646514318085,30.04374580423854,17.655687294255273
2022,31,079,Hall,127.56242094117975,23.873412073396725,30.23656648184648,17.51039699261023
2022,31,081,Hamilton,167.8277899126379,23.948390861706002,30.145209960373684,17.751710830280995
2022,31,093,Howard,86.6505677476377,23.63630439476242,30.435727737418535,16.8370227228919
2022,31,001,Adams,119.47394732840776,23.807257155978665,30.188143052502586,17.42651386344304
2022,31,099,Kearney,108.5068370648124,23.75076732455708,30.37748751341751,17.12418760189825
2022,31,019,Buffalo,119.71531942077192,23.447205196761445,30.36015559452745,16.53439688209543
2022,31,073,Gosper,108.19955640237437,23.750382062121748,30.930824726780507,16.570079217656332
2022,31,047,Dawson,89.60713545318377,23.52877810270813,30.741204430171177,16.31649307807456
2022,37,037,Chatham,129.48845916555985,24.953551397025187,30.84144775935189,19.06579616172442
2022,37,115,Madison,164.05921001925012,21.754267350365623,28.06569756899492,15.442981070377847
2022,37,087,Haywood,144.27406353758627,19.926795119492127,25.702387419540095,14.151346669358155
2022,37,021,Buncombe,122.40489532102781,21.674783637403934,27.487419563457188,15.86229200201644
2022,37,089,Henderson,150.9717657657157,21.755581550047207,27.291161036003796,16.22014641741672
2022,37,175,Transylvania,222.8665417537854,20.850196063648568,26.320577799512193,15.37995522075504
2022,37,167,Stanly,167.6205141522736,25.55171844222417,31.589855196323594,19.51372165279139
2022,37,109,Lincoln,132.03603185458266,25.061703585190866,31.28082815059904,18.84272138347063
2022,37,159,Rowan,124.55543302513826,24.919649571015352,30.95488789123315,18.884553245168842
2022,37,025,Cabarrus,185.88418732782176,25.396477090851327,31.42381856224943,19.369276127158322
2022,37,097,Iredell,147.1502868142222,24.556238466985825,30.616249824449056,18.496368518886563
2022,37,071,Gaston,122.72430518604932,25.509873563856512,31.612077036385166,19.407809307183246
2022,37,179,Union,168.85544418328314,25.926317789444923,31.74768253732284,20.10509248733225
2022,37,119,Mecklenburg,172.8197988011781,25.894866785132443,31.62664280860333,20.163233217163672
2022,37,045,Cleveland,107.65055903875958,24.969499451044335,31.340729491710366,18.598410327825682
2022,37,005,Alleghany,161.80466202407152,20.06367910900554,26.091167655899365,14.036333934333214
2022,37,173,Swain,150.45006980757455,21.08629504879568,26.475497744149983,15.69723306331247
2022,37,011,Avery,121.28044610936973,19.685519341506858,24.94563021499711,14.425549788608796
2022,37,033,Caswell,97.85207730026183,24.7302257894947,31.279561777817083,18.181030477941
2022,37,075,Graham,210.01540177801303,21.923071208332388,27.852604855412018,15.993679005104305
2022,37,007,Anson,172.03085742171345,26.00889587465712,32.073555939696305,19.944372453837072
2022,37,149,Polk,103.98786531141074,24.111056406437555,29.995742184064806,18.2265110331603
2022,37,039,Cherokee,198.75446122418398,23.024915142779598,29.39034967854739,16.65962222341439
2022,37,113,Macon,171.29562874129283,21.522294170689566,27.070208522100504,15.974521319917098
2022,37,009,Ashe,120.41066521840733,19.994418044096985,25.418173646868382,14.570806419804445
2022,37,123,Montgomery,126.13493798842175,25.550990525120426,31.563989943866705,19.538132020177564
2022,37,043,Clay,179.32379722543527,22.157652891709084,28.062001938935435,16.253447592815707
2022,37,121,Mitchell,119.36381417409639,20.264024812612018,25.929257260003894,14.598938120824682
2022,37,199,Yancey,141.67570043551763,20.06217670936105,25.5508294857331,14.573665220641805
2022,37,189,Watauga,117.64789459748762,20.074350097825114,25.421283536454208,14.727558335449174
2022,37,099,Jackson,139.3574657769879,20.97793956859872,26.499127116374996,15.456895701465694
2022,37,161,Rutherford,104.47821331488598,24.501593082844895,30.78143639207815,18.22189036485749
2022,37,193,Wilkes,176.6552767461848,23.195355796154928,29.279503514500984,17.111349957531875
2022,37,125,Moore,122.21036416246811,25.70976651344889,31.60096071168205,19.818712270303546
2022,37,153,Richmond,180.26187936613886,26.16303565694815,32.00020129503113,20.326011190249776
2022,37,093,Hoke,146.76049472034632,26.57949179681454,32.31956741786468,20.83955603649386
2022,37,165,Scotland,175.96284719272384,26.736101619319907,32.52009626790521,20.95224783183207
2022,37,155,Robeson,219.10065432820383,26.581464064626637,32.2189013528327,20.944166562966785
2022,37,001,Alamance,95.08310731188487,24.95693944527241,31.186658888309303,18.727358707700027
2022,37,151,Randolph,143.05079585063234,24.814363051387527,30.695792154097585,18.933074641449334
2022,37,081,Guilford,133.01366806431793,24.982901415179963,30.629694976516475,19.336248810171714
2022,37,157,Rockingham,105.16137777411302,24.413837482969637,30.57498103397176,18.25283313938723
2022,37,171,Surry,221.44157000898554,23.084425980699237,29.671360183517038,16.497634208579807
2022,37,057,Davidson,101.92555939864937,24.937511353586313,30.90193465999308,18.97322856265511
2022,37,169,Stokes,159.67230258241153,23.53563710656323,29.732094342265626,17.33932164726687
2022,37,067,Forsyth,143.60361083319697,24.61511719804011,30.446025955360508,18.78434932832773
2022,37,197,Yadkin,210.90608291971193,23.666347165722147,30.21665571444201,17.116179321203507
2022,37,059,Davie,113.39062587109382,24.367806275895965,30.766824154516573,17.968927725292865
2022,37,027,Caldwell,159.66908349302884,23.79957976524019,29.814671535895652,17.784630641550862
2022,37,003,Alexander,170.24530013011517,24.073835327423996,29.80843070004132,18.33938145183922
2022,37,035,Catawba,154.65656721907374,24.881138787118974,30.815280626542624,18.94713907169318
2022,37,023,Burke,131.9644083525116,23.802161499738975,30.074111867243257,17.530351612573096
2022,37,111,McDowell,131.76304504756922,22.849230888905634,29.12865991091358,16.56994375788875
2022,37,029,Camden,157.26956403925197,24.908046230542638,29.797476308474835,20.018758210136287
2022,37,139,Pasquotank,140.13748548648692,25.007174724945525,29.971573031652234,20.042918010152015
2022,37,143,Perquimans,137.7384364086138,25.051212599893002,30.172309345732113,19.930256145715006
2022,37,177,Tyrrell,207.52101543036093,25.0892954700587,29.71245682657321,20.466276731473847
2022,37,055,Dare,201.07935831968166,25.4262396702761,28.558196286270277,22.294427053112102
2022,37,073,Gates,113.45179833565649,24.342232750881013,30.307404132327196,18.377201987384833
2022,37,053,Currituck,164.58265092793883,24.981185973402653,28.913921031533427,21.048595151977946
2022,37,019,Brunswick,212.6417453233278,26.1685075607226,31.101791415944806,21.235365180223045
2022,37,031,Carteret,245.6637927106592,26.423385302524107,29.57451980265023,23.272396235150506
2022,37,137,Pamlico,241.8524351486552,25.918670503096838,30.11104788521334,21.7264379939776
2022,37,049,Craven,220.489305376488,25.73581037971544,30.989313573399315,20.48244835301038
2022,37,103,Jones,233.54664097057366,25.489585241186838,31.113682289302105,19.86562945365825
2022,37,085,Harnett,158.34541167533223,25.947599382546592,31.669438499281263,20.225900158313944
2022,37,063,Durham,124.29892283502838,25.276856951352933,31.01448612315815,19.539370146243517
2022,37,145,Person,122.53805015951222,24.22154885653981,30.39061316744876,18.05262449395171
2022,37,135,Orange,145.80141737504147,24.84027444751306,30.928884353295786,18.75180677071754
2022,37,181,Vance,133.17582535637715,24.7628365402415,30.894488283641266,18.631328354958736
2022,37,077,Granville,112.18664671126224,24.585593702893537,30.394335963270873,18.776993135412788
2022,37,069,Franklin,150.87140796449995,24.895780366541807,30.878625592478855,18.91307591852806
2022,37,101,Johnston,158.43076368949173,25.732208324543016,31.576293364829464,19.88826325255244
2022,37,183,Wake,146.36920380716492,25.481659872114136,30.921535389519264,20.04192650603445
2022,37,105,Lee,119.5474373810751,25.402711976974814,31.40983051841604,19.39573610808452
2022,37,131,Northampton,132.00351138434038,24.346456343068667,30.50545734691243,18.18759705230043
2022,37,083,Halifax,110.19450944412407,24.583543186209628,30.613437431465215,18.55378986597284
2022,37,127,Nash,136.5185458617982,25.30089001268516,31.197395783059456,19.40452378421472
2022,37,065,Edgecombe,137.53619492173294,25.346752887939374,31.15307432860113,19.540571692407603
2022,37,195,Wilson,161.23430185390689,25.759478496738524,31.68459177142893,19.834505308108007
2022,37,163,Sampson,255.85720475492963,25.8081933533222,31.492679764971015,20.123848035630353
2022,37,185,Warren,118.12065071014273,25.071764300032946,31.26911578513615,18.874553261071387
2022,37,187,Washington,210.72942557279774,25.176961131188524,30.383520814382177,19.97054478453884
2022,37,061,Duplin,273.1953235378495,25.19569024757831,31.10262702361344,19.288895090347104
2022,37,091,Hertford,132.02201019254736,24.22022505096073,30.31934065203803,18.121250449575605
2022,37,017,Bladen,270.4199041376434,26.05147182617947,31.773863589774603,20.329219688526997
2022,37,095,Hyde,239.06887885812915,25.79451231709618,29.65345571021618,21.935713123118845
2022,37,015,Bertie,168.32672131747228,25.022908249992682,30.757259795106425,19.28869920689162
2022,37,079,Greene,172.41623649410866,25.867892447561328,31.907199085373964,19.82872623934643
2022,37,041,Chowan,175.92483972231278,25.256769945821482,30.405105592575,20.10857441015164
2022,37,117,Martin,193.23821477756817,25.237504999261137,30.722712399639448,19.752439516110528
2022,37,047,Columbus,228.4538708038842,25.93953388403382,31.35810195736377,20.521107212783264
2022,37,191,Wayne,186.22338041165327,25.610892511046345,31.496280118387922,19.72564245020407
2022,37,133,Onslow,247.78433950520278,25.836770070718966,30.813365871585244,20.86031757361702
2022,37,107,Lenoir,185.96117601481623,25.56415348310246,31.33700327569485,19.791443778854237
2022,37,129,New Hanover,287.59208106945437,26.07305305143216,30.21498791378921,21.931260759802136
2022,37,141,Pender,248.3358561612681,25.66852004017361,31.31573693587475,20.02144383584251
2022,37,051,Cumberland,234.0706003350678,26.501282693186567,32.22285171845222,20.779854192502736
2022,37,147,Pitt,225.4171102185128,25.834725448132914,31.63032075466532,20.03927195001383
2022,37,013,Beaufort,227.34052454455744,25.460546327891286,30.61994709383361,20.301288009998594
2023,17,121,Marion,120.7294536357111,23.587200583053995,30.16062971153946,17.01391229343093
2023,17,005,Bond,117.70419948723115,23.02508776962795,29.54393582316182,16.506381221566816
2023,17,083,Jersey,133.28855709625955,23.240633971951283,29.642079106907254,16.83932876021456
2023,17,163,St. Clair,112.0722698170764,24.665275959723633,31.03730223947151,18.293390578201034
2023,17,027,Clinton,112.00626918936355,23.838237849161917,30.317602496232418,17.359014065393552
2023,17,013,Calhoun,121.13149049228112,23.429954602658547,29.906130283039356,16.953921091896603
2023,17,119,Madison,129.71401688447602,23.82531828159578,29.81949936280731,17.831278236357093
2023,17,133,Monroe,81.1786559785916,24.75171033468215,31.54003723619709,17.963521759831472
2023,17,117,Macoupin,137.9968734668606,22.643138817777377,28.776455107807926,16.50996635809579
2023,17,171,Scott,114.74710489293385,22.796691778203854,29.369696863025737,16.22382982441693
2023,17,137,Morgan,136.95676217335532,22.680412771873545,29.19396323649022,16.167004597360034
2023,17,107,Logan,106.3157610113977,22.76869381488069,29.309137520729262,16.228391410109854
2023,17,129,Menard,84.84665827844411,22.69218555952118,29.21179510995809,16.172717078103865
2023,17,167,Sangamon,147.25763761818789,22.759017503998123,29.11893911795642,16.399239244829495
2023,17,021,Christian,142.73450188330693,22.712089788777178,29.01641038569131,16.40791341845564
2023,17,127,Massac,82.21735853506777,24.138943469820905,30.541930627262253,17.73609888543132
2023,17,057,Fulton,130.95847177516453,22.39159274120662,29.167814726870823,15.615511287807436
2023,17,175,Stark,175.08489576617347,21.67994920705389,28.424696725261082,14.935344210168335
2023,17,203,Woodford,185.6889454688163,22.087711752156018,28.981550286929302,15.194014479450807
2023,17,179,Tazewell,134.65696688053956,22.62108135821405,29.29494861402876,15.947355606796082
2023,17,123,Marshall,184.42860694269578,21.76056922958378,28.597276389084374,14.924003828697106
2023,17,143,Peoria,165.8777212594257,22.35537978780549,28.993099316607957,15.717801274182861
2023,17,001,Adams,135.29197154169873,22.985126041697562,29.290966826368418,16.679427279875043
2023,17,177,Stephenson,118.51205518903704,20.983227057409533,27.51130026525699,14.455299289668584
2023,17,141,Ogle,100.09992837604196,21.116507319884626,27.718478019270826,14.514679662629916
2023,17,201,Winnebago,96.44172249882257,21.146148686308564,27.652672262153295,14.639767924598022
2023,17,007,Boone,89.86396570145726,20.78350791245151,27.415147675563123,14.152010445280565
2023,17,025,Clay,135.02356837276702,23.463654378084854,29.979064425532368,16.94838535998455
2023,17,185,Wabash,189.4753520650447,23.4574349271799,29.832466977156425,17.08254480286408
2023,17,009,Brown,119.17154725048974,22.429906623209074,28.936355495349343,15.923600368801115
2023,17,151,Pope,85.25790729541141,23.817674447695246,30.614522843605663,17.020968522447678
2023,17,033,Crawford,185.97033472675065,22.77090825891773,29.098277270163738,16.44368225647131
2023,17,135,Montgomery,136.02542710363997,22.57465345219764,28.906097377761682,16.243352800214947
2023,17,055,Franklin,142.57160040633877,24.1040320183187,30.79347322997951,17.414733464498138
2023,17,023,Clark,220.06888005716226,22.405955477655663,28.846270888957463,15.965781863789065
2023,17,059,Gallatin,84.68754260170361,23.85270963136222,30.287607432924492,17.41795190573224
2023,17,075,Iroquois,145.1278252168011,21.75547898707006,28.537635524132014,14.973464826806294
2023,17,041,Douglas,176.44801642422502,22.28261539812751,28.45887811480962,16.1064955982255
2023,17,189,Washington,109.20664074083268,23.924236489690458,30.56417919384915,17.284434736220373
2023,17,159,Richland,160.9929403715406,23.147459202660876,29.46970266033834,16.82535829908475
2023,17,065,Hamilton,113.094295951451,23.837392080425822,30.620727911211688,17.054197701016054
2023,17,193,White,85.40029628984198,23.653338404258506,30.070897146180492,17.235922044560127
2023,17,169,Schuyler,110.62642533681141,22.47132941063945,29.101432668831592,15.84136806695339
2023,17,181,Union,58.54700605172872,24.129484473746473,30.562386741026454,17.69672425875349
2023,17,085,Jo Daviess,122.86494108408105,21.01915188446627,27.566939617449435,14.471506959828483
2023,17,125,Mason,83.7251150865456,22.882771320908958,29.721483906102318,16.044199719569253
2023,17,191,Wayne,109.02842589212318,23.470346225569166,29.912720181221474,17.028113710769638
2023,17,069,Hardin,101.64204686417932,23.708439271193644,30.365682507247644,17.051335469632697
2023,17,061,Greene,137.89183499915816,22.77533650538558,29.19349076722769,16.35732387736148
2023,17,157,Randolph,74.58984956227819,24.045636735394627,30.9435236826739,17.14788955632156
2023,17,149,Pike,118.78720409641919,23.037018068951834,29.44134791995664,16.63283051762063
2023,17,145,Perry,74.66406197276338,24.060347571920843,30.724937253586774,17.39589884283187
2023,17,087,Johnson,72.23477754030303,23.923717010796782,30.594400334029103,17.253177154629967
2023,17,173,Shelby,137.4993584692923,22.627984704519875,28.978132840988614,16.27797972103197
2023,17,051,Fayette,106.98926570212889,23.093269347946023,29.61156144873046,16.57511878351701
2023,17,139,Moultrie,179.8125838434425,22.488939586384028,28.655312034834697,16.322710255981686
2023,17,017,Cass,108.89837043893085,22.64881905160558,29.338379303763958,15.959400016927972
2023,17,015,Carroll,114.3414631801969,21.375946778287204,28.147636433728433,14.60440083484737
2023,17,047,Edwards,155.05038325156553,23.520595131375316,29.862216416250103,17.179117167828643
2023,17,079,Jasper,175.14864991922545,22.879069651692426,29.023946086748552,16.734334787080794
2023,17,187,Warren,179.6959698220268,22.125008543513744,28.777515969081236,15.472644650685885
2023,17,153,Pulaski,62.812476118947686,24.84301736791037,30.916998404157894,18.769179820470278
2023,17,165,Saline,93.29589389314071,24.292541013458568,31.06340115040476,17.52182517111434
2023,17,101,Lawrence,174.54290759490056,23.225165130643713,29.478154823587566,16.97231792536715
2023,17,045,Edgar,185.58914044521552,22.1375754443848,28.583428004205377,15.691864999234037
2023,17,071,Henderson,185.76771224762172,22.487680578868716,28.683163913025652,16.292343180330676
2023,17,199,Williamson,104.43051418789769,24.035078940429084,30.826758130941013,17.243539801936812
2023,17,077,Jackson,78.0926142500006,24.283155630953214,30.95860564536117,17.60784450193817
2023,17,147,Piatt,161.0251352923295,22.318114993780323,28.613896054850517,16.022476752248096
2023,17,053,Ford,134.2395343812232,22.01161097845114,28.767199128518854,15.2561649108449
2023,17,019,Champaign,123.39321055873098,22.226902891405377,28.680583147762267,15.773365518257982
2023,17,029,Coles,188.50524619425403,22.4428522365674,28.5841986954748,16.301646549323
2023,17,035,Cumberland,190.17057342362406,22.660142128609316,29.013519036885853,16.30690536674293
2023,17,183,Vermilion,125.39866855193455,22.077424276103702,28.646372295039665,15.50861927357567
2023,17,115,Macon,144.26656838606672,22.667352197937827,28.955777480988196,16.37906947537356
2023,17,049,Effingham,131.83957106883568,23.030010330749302,29.440619691430587,16.619543168373635
2023,17,067,Hancock,118.18375406399278,22.78936978194528,29.104570234313414,16.474311415102346
2023,17,095,Knox,182.16304548533975,21.89503302460093,28.606091823235808,15.184116088171622
2023,17,109,McDonough,141.3552484161164,22.32424903606128,28.9079661503189,15.740674004743715
2023,17,081,Jefferson,115.4380457008619,23.718707045876936,30.56456872940684,16.872985984428084
2023,17,113,McLean,147.27724569583933,22.292645714459475,28.970990544062854,15.61444326273919
2023,17,039,De Witt,146.1425653846619,22.36523677987968,28.892958287610334,15.837656866473269
2023,17,105,Livingston,160.41482213567141,21.97464980039221,28.76799716669289,15.181444323772304
2023,17,003,Alexander,63.38052837420881,25.006872946804567,31.03726381333398,18.976620717906602
2023,17,093,Kendall,176.1478258150392,21.41417426158046,27.69637345932636,15.132117579736398
2023,17,031,Cook,232.64282827420254,21.412066568371728,26.416658167610912,16.407617413245035
2023,17,037,DeKalb,146.38802275611584,20.965644460283787,27.47161288797985,14.459819366045137
2023,17,089,Kane,167.7241144025752,21.020000418673554,27.390850219170375,14.64929490836949
2023,17,063,Grundy,148.89038845161832,21.61653081805895,28.153235388734345,15.079968103126054
2023,17,111,McHenry,84.9250258560491,20.485131078479984,27.131878859180286,13.838525087716794
2023,17,197,Will,169.69192470905787,21.487674817567257,27.77005640215116,15.205436234398137
2023,17,043,DuPage,178.6595577288958,21.464018000874283,27.64672813066778,15.281450427312565
2023,17,097,Lake,118.73953062935308,20.149398549937075,25.59861790083963,14.700321449554822
2023,17,091,Kankakee,145.81517503428228,21.54371156853279,28.07420170569373,15.013363789937882
2023,17,011,Bureau,165.4006953715267,21.65051738924903,28.30741519256714,14.993763201041109
2023,17,155,Putnam,141.20492684396442,21.78941088288245,28.483491695258067,15.095476775434058
2023,17,099,LaSalle,148.1035109645791,21.481704377472372,28.066046592148073,14.897505789329148
2023,17,131,Mercer,152.23956382699436,22.380486200416364,28.86432558989622,15.896790776837774
2023,17,161,Rock Island,156.03853652965898,22.625806680616687,28.904132767772776,16.347622671434348
2023,17,073,Henry,152.1566200237146,22.189826023889157,28.688274249965783,15.69152158055584
2023,17,103,Lee,138.709576387755,21.18564045956965,27.83638452319615,14.535039174625723
2023,17,195,Whiteside,117.7240740122452,21.86358040891794,28.436275611583262,15.291028951226098
2023,19,149,Plymouth,141.5005849527352,21.661602261024623,27.973573714461363,15.349773173337557
2023,19,193,Woodbury,114.10105401317442,21.90510529545214,28.41082021939834,15.399533336896955
2023,19,027,Carroll,154.59440303293582,21.674689991739065,28.176444720991878,15.173077479852124
2023,19,061,Dubuque,113.19027624051185,20.970296630704624,27.635472585898622,14.305264039704229
2023,19,101,Jefferson,115.69902934730342,22.453696485364116,28.83681143617921,16.07072430983236
2023,19,187,Webster,143.83315941046175,21.204139595016443,27.29928240554409,15.109140067773119
2023,19,111,Lee,165.07931280262062,22.818111779434844,29.02546047401083,16.610907037994743
2023,19,127,Marshall,151.34536271357592,21.700783275915636,27.967353247897968,15.43435692270215
2023,19,195,Worth,119.56038651488065,20.717017346576664,27.161784566414198,14.272393818901122
2023,19,033,Cerro Gordo,150.94276957033492,20.89292980414199,27.408776563527745,14.37722739922225
2023,19,051,Davis,104.66991733030876,22.484064357084062,28.89332149315157,16.07495013877383
2023,19,179,Wapello,115.68346249709278,22.489696107124935,28.753018741761633,16.226514738937446
2023,19,041,Clay,161.16411591346665,21.401951235420153,27.723967391276798,15.0800794390252
2023,19,059,Dickinson,149.20290177859,21.40444612678549,27.445335241178597,15.36370040185783
2023,19,021,Buena Vista,167.0636100560772,21.402982493204146,27.73567608245073,15.07043241464098
2023,19,013,Black Hawk,117.33355168131611,21.679171281611655,28.116003827327756,15.242480760353635
2023,19,075,Grundy,136.06801871510308,21.43415218987697,27.85788653568143,15.010558900461373
2023,19,017,Bremer,183.45861559620954,21.242581101940793,27.68916290191012,14.796142111694085
2023,19,085,Harrison,136.90231224669506,21.92659277261568,28.506122290612737,15.347207319964896
2023,19,129,Mills,189.81947806012417,23.02378878270424,28.947982260264208,17.099737880514294
2023,19,155,Pottawattamie,142.80766449853795,22.725434631833807,28.848273510338785,16.602738506364883
2023,19,123,Mahaska,157.92288497661968,22.473086057405983,28.71499662024427,16.231317921975744
2023,19,125,Marion,147.33713892601102,22.29118278127321,28.22813745253218,16.354370123323495
2023,19,053,Decatur,139.19818269722975,22.5681704462954,28.985980971306038,16.15050293844027
2023,19,031,Cedar,137.39739101096876,21.960851211727242,28.600549364926465,15.321296349443982
2023,19,151,Pocahontas,152.59263683424692,21.465320660689162,27.738375982156956,15.19240883560059
2023,19,109,Kossuth,160.5894426745637,21.38058839972437,27.372632034524024,15.388688497544198
2023,19,089,Howard,132.82248617573075,20.26482954867403,26.773095471642584,13.756704212410595
2023,19,147,Palo Alto,130.3640086327622,21.529784630293506,27.636915829799214,15.422795371767231
2023,19,159,Ringgold,147.4957387080776,22.526936321534972,28.83470565308085,16.219310893670976
2023,19,025,Calhoun,135.41300588588823,21.47274125099421,27.581320054475047,15.364304407767618
2023,19,039,Clarke,156.62203774777043,22.513992930853867,29.00577843787133,16.02235095977945
2023,19,065,Fayette,150.64405264976423,20.513961649543813,27.126483629337258,13.90158219482267
2023,19,001,Adair,132.39797577084548,22.217344192144537,28.408819822947805,16.026009139631174
2023,19,037,Chickasaw,148.7387179259707,20.7116954326128,27.174870926893853,14.24866418235807
2023,19,081,Hancock,166.44895392015047,20.68101788491544,27.081218103939996,14.280959722666527
2023,19,157,Poweshiek,149.94699104804658,21.9294142280871,28.39518007055351,15.46379056069575
2023,19,165,Shelby,139.62221555017922,21.51629282829894,28.171005785419474,14.861722874965789
2023,19,185,Wayne,126.99433640931916,22.17886682590355,28.73856738812959,15.619309777883403
2023,19,097,Jackson,114.3460345049998,21.261896804436564,27.956132353873144,14.567805444901852
2023,19,043,Clayton,136.7716534933599,20.61443206443392,27.476586587309207,13.752420814231227
2023,19,007,Appanoose,127.28489415728917,22.31256792271414,28.759874867461946,15.865405245426357
2023,19,177,Van Buren,133.99901489177333,22.714120902118843,29.073371130704384,16.35501158119711
2023,19,197,Wright,135.0412776002164,21.06672464219537,27.424422444669084,14.709169063439159
2023,19,137,Montgomery,148.61708471012554,22.5367341920764,28.782500382001004,16.291111786440474
2023,19,175,Union,163.61912887494702,22.289458674666054,28.45596525313969,16.1230964128775
2023,19,107,Keokuk,160.8816611125836,22.209308091688087,28.60843672925097,15.810322223749377
2023,19,131,Mitchell,103.85070343536007,20.673061601599176,27.14946787834811,14.196799577940538
2023,19,191,Winneshiek,110.4453678056499,20.324182012152917,26.922589847305733,13.725917401871378
2023,19,161,Sac,113.33567244549806,21.658369972226403,28.03876878450607,15.278113062866641
2023,19,055,Delaware,155.58601825372654,20.342851440376297,27.49006848161208,13.195777786328348
2023,19,067,Floyd,128.7468726278396,21.05996192853753,27.50561550256328,14.614452236652385
2023,19,009,Audubon,147.23811953811295,21.37024082291274,28.093014561694545,14.647611406179529
2023,19,079,Hamilton,155.5770298697064,21.317903281532278,27.6116507233885,15.024298838975785
2023,19,069,Franklin,141.9236002898928,21.12218266434768,27.649100172124687,14.595408211536782
2023,19,141,O'Brien,169.18590187499427,21.26563085369831,27.379674500781018,15.151728557677608
2023,19,167,Sioux,157.88056693618077,21.41754226878297,27.641881942530844,15.193346043521416
2023,19,005,Allamakee,100.21234885759726,20.647008609994227,27.351206899504472,13.94295345741073
2023,19,189,Winnebago,163.268424827818,20.784368088725458,27.05259505315971,14.516283779527843
2023,19,093,Ida,105.31630400550074,21.62019472818074,28.18676187181551,15.053770092905646
2023,19,029,Cass,140.7653798248622,22.052370639387217,28.33264625847756,15.772238018985218
2023,19,083,Hardin,147.8802153249108,21.459560625549397,27.821310349105836,15.097954085881168
2023,19,173,Taylor,172.41407439883457,22.519912097794936,28.64151578383549,16.398451905857993
2023,19,145,Page,175.97522690231804,22.45287640091477,28.746805916396575,16.159090188707246
2023,19,035,Cherokee,130.0327623362512,21.390739574243515,27.63697186570766,15.14465050798416
2023,19,071,Fremont,203.60721632698795,22.745059076713773,28.943965009161005,16.546296066883716
2023,19,095,Iowa,132.9251771942786,22.092705183574964,28.732368364208206,15.453182862581409
2023,19,023,Butler,133.32434271112643,21.50098753052937,27.793499442612404,15.208616214673967
2023,19,063,Emmet,139.28306633383312,21.315754439971315,27.305619654707687,15.326032471146878
2023,19,047,Crawford,126.94980656833515,21.60747993983848,28.296346852466417,14.91875677121892
2023,19,019,Buchanan,158.858906144618,21.0186602878425,27.72736896600064,14.310095392101907
2023,19,143,Osceola,163.02257776398622,21.235603516763963,27.375460132385317,15.09589158189021
2023,19,073,Greene,190.6265403455528,21.57815970419698,27.67294611390844,15.483517332312434
2023,19,087,Henry,121.58596731444575,22.4385540968804,28.766849823454155,16.110400259113337
2023,19,119,Lyon,145.32542841250475,21.314486990777283,27.714417297603298,14.914699504673292
2023,19,003,Adams,154.4858055452765,22.31237350988894,28.328049524881397,16.296839582504735
2023,19,133,Monona,127.99440053886528,22.06407320875922,28.596314113144008,15.531973047394356
2023,19,091,Humboldt,135.92510816328016,21.230228354898234,27.34881265581365,15.111785921403953
2023,19,115,Louisa,121.62249448052617,22.43989072054622,28.92508269545157,15.954840276111351
2023,19,171,Tama,128.6559296866675,21.556286216522153,28.150147269071294,14.962568511589696
2023,19,135,Monroe,140.9692728184474,22.333401912721392,28.58845411186415,16.078494169466374
2023,19,117,Lucas,133.62862484155636,22.153191508057777,28.693072931789246,15.613453546545125
2023,19,057,Des Moines,180.42530019701837,22.46171353296579,28.63920234260078,16.284365694635852
2023,19,011,Benton,108.42625555961988,21.832629796819326,28.639918609985564,15.025481608994749
2023,19,113,Linn,95.34590274231017,21.71574744612269,28.606769822740286,14.824867594850456
2023,19,105,Jones,115.24582703645945,21.069624342689217,28.050713404869846,14.088677592432777
2023,19,103,Johnson,118.012305885871,22.432347572094965,28.929046383070574,15.935789731952873
2023,19,183,Washington,120.43310566908015,22.35937486585213,28.846378303320527,15.872512645015231
2023,19,045,Clinton,135.83624951919347,21.834961746966787,28.296655495977696,15.373412906819889
2023,19,163,Scott,156.41173296987677,22.432009304375153,28.59648262723757,16.2676793199906
2023,19,139,Muscatine,157.20662533710043,22.496876826679948,28.947912899000265,16.04598153995856
2023,19,169,Story,179.69724004127158,21.771030941402092,27.807428184762053,15.734775757364714
2023,19,015,Boone,201.4275682714943,21.689363888433522,27.70167165919375,15.67719745858461
2023,19,121,Madison,137.77071228418578,22.176048286219377,28.756594738274007,15.595646128964034
2023,19,181,Warren,133.4972630342621,22.172389899785728,28.54902060753056,15.795903318150351
2023,19,049,Dallas,157.66236553927203,22.137314335067845,28.355266163312486,15.91950585905101
2023,19,153,Polk,143.34023840590174,22.225151914132905,28.28529551806662,16.165150925654764
2023,19,077,Guthrie,159.89980145152288,21.697265493252303,28.270417160496773,15.124256494319845
2023,19,099,Jasper,141.52054988553394,21.922234231155034,28.069624352246635,15.774986489703902
2023,31,043,Dakota,180.14944250895516,22.0195952131328,28.659597512010766,15.379736025788047
2023,31,051,Dixon,192.1701933854726,21.678722567944412,28.109506364542014,15.248080645168452
2023,31,053,Dodge,162.3357139742283,22.400702720246592,28.785551803614386,16.015995055361337
2023,31,025,Cass,194.23096828133754,22.84102775135206,28.83973748318723,16.842460411646876
2023,31,055,Douglas,166.84130057891406,23.31054599974208,29.233002928885963,17.388233380702104
2023,31,153,Sarpy,184.50821546883307,23.206312108262665,29.128137037854305,17.28462947974694
2023,31,155,Saunders,194.97660321291195,22.504506367486034,28.944979229863574,16.06417500740167
2023,31,177,Washington,120.4482394773907,22.61351552568623,28.794879081221165,16.43229425926405
2023,31,067,Gage,153.6161928745287,22.953117105938823,29.608274217504885,16.298102375992055
2023,31,109,Lancaster,183.1966420623619,23.024458568667733,29.62185330153693,16.42720524517625
2023,31,159,Seward,189.39167226993283,22.648817670689702,29.529745441974256,15.768031756405414
2023,31,139,Pierce,161.38248650047493,21.831745869825642,28.189601317249537,15.4740324408398
2023,31,119,Madison,185.5491064236791,21.83084373241743,28.252144959641694,15.409685136894042
2023,31,167,Stanton,162.3872441607546,21.886149881947834,28.441940688477796,15.3305024399418
2023,31,117,McPherson,143.63810334470602,19.99061491780727,26.800739182914477,13.180633926792721
2023,31,111,Lincoln,123.66721650882238,20.45038275111751,27.150112646792675,13.75079607342466
2023,31,113,Logan,115.2411480872485,20.32464569666781,27.22765337105996,13.42178167718164
2023,31,007,Banner,132.7862408700509,18.203367585385905,24.97268987921259,11.43418693808424
2023,31,157,Scotts Bluff,165.94208758288323,19.1369263528532,25.934688159477123,12.339305517410128
2023,31,165,Sioux,145.3153617919664,17.753667281097627,24.72235322632923,10.78512350499884
2023,31,039,Cuming,137.95398298959162,21.82562320695947,28.29593048583863,15.355458005183621
2023,31,129,Nuckolls,134.23375182972998,22.33262147731432,29.1632150184528,15.502169390508683
2023,31,101,Keith,100.02871214009765,20.295475788394604,26.733351851496995,13.857742615605048
2023,31,137,Phelps,158.97636492100028,21.1103680504809,27.286485582006872,14.934395450695408
2023,31,181,Webster,174.5231781451155,22.035934003281486,28.64362601937814,15.428384243659542
2023,31,015,Boyd,216.11274094972495,21.706953615954223,28.17020752100572,15.243841810804275
2023,31,171,Thomas,160.05175635669065,20.39312560016343,27.261918937366264,13.52447484989243
2023,31,089,Holt,188.183162647859,21.226321965016073,27.83945261359663,14.613333361284889
2023,31,017,Brown,178.18704952820661,20.667934174002273,27.509140742474496,13.82687107216645
2023,31,103,Keya Paha,236.35194396617464,21.006016411969018,27.85617539126042,14.155998803144389
2023,31,077,Greeley,156.65035812038815,21.533623856332248,28.515259225083387,14.552130882057064
2023,31,095,Jefferson,149.1718639851342,23.010352897576357,29.879157091849127,16.141690488945933
2023,31,151,Saline,168.65029811780087,22.80881472274552,29.56320156035474,16.054569470855846
2023,31,057,Dundy,131.70207996834804,20.740247604830053,27.356554428530483,14.124085051042863
2023,31,131,Otoe,201.8766368335721,22.77979872306823,29.162268738366855,16.397473854870018
2023,31,087,Hitchcock,121.57279867726518,21.313097678092383,28.16961501942756,14.45672448934928
2023,31,105,Kimball,148.51922433059656,17.63046752674423,24.13635536715346,11.124720215616856
2023,31,127,Nemaha,195.58252637338026,22.803173716864432,29.175100995722712,16.43138996219643
2023,31,041,Custer,142.4861263270713,20.777234384689727,27.388810338455816,14.165801904511476
2023,31,143,Polk,178.37372403946006,22.47623960872144,29.126044926396332,15.826575145510143
2023,31,045,Dawes,164.23596559012626,18.932525538956433,25.663170347513805,12.202023342656492
2023,31,179,Wayne,168.81484121910856,21.671793909433223,28.20732593609603,15.136404217342141
2023,31,071,Garfield,194.49631649907136,21.123487094995387,27.796278257076995,14.450841029957335
2023,31,013,Box Butte,145.6037904698312,18.261221478796834,25.03336749736825,11.489217034604705
2023,31,173,Thurston,147.44642551598994,21.962810258798577,28.725039624338464,15.200723569140578
2023,31,011,Boone,168.83176372962913,21.459059206372178,28.081778749571605,14.836482897010185
2023,31,145,Red Willow,121.6183663754895,21.518122366371603,28.33068665662785,14.70570143158663
2023,31,149,Rock,185.4601074599241,20.66913440617824,27.312930966155832,14.025480007302589
2023,31,005,Arthur,134.42223913659856,19.84476245343946,26.351756264108268,13.33791236049411
2023,31,085,Hayes,107.5028366569138,20.763970790216597,27.38844414106191,14.139640666038911
2023,31,097,Johnson,166.96620940016226,22.699411129061687,29.231543133945177,16.167420554481023
2023,31,003,Antelope,195.09791604366796,21.44566065355121,27.834259618172343,15.057204636606945
2023,31,163,Sherman,202.75243179426093,21.132313111715916,28.137364334103037,14.127405106441465
2023,31,161,Sheridan,175.05323360697963,18.63712227313938,25.407102169782096,11.867284887644663
2023,31,133,Pawnee,163.60322076197002,22.715955215517592,29.33321839490189,16.098836030398715
2023,31,075,Grant,169.6151576982357,19.189770075511056,25.68291132648193,12.696772435545265
2023,31,021,Burt,113.41479980566872,22.130252977843252,28.52237241557751,15.738274951251235
2023,31,009,Blaine,126.61812685113476,20.580089311306864,27.448409824717405,13.711911628896612
2023,31,027,Cedar,179.2302321914583,21.83520780606914,27.960895821820966,15.709661702711747
2023,31,169,Thayer,148.64042801526523,22.76873171492757,29.704384729496944,15.833222074116849
2023,31,049,Deuel,120.28518314961516,19.72466555869718,26.3410282391088,13.108447267460889
2023,31,123,Morrill,117.08998934165537,18.91589884801587,25.708881777065642,12.123056833094827
2023,31,115,Loup,148.891048546985,20.762757437286098,27.539778941158794,13.985878961094325
2023,31,063,Frontier,130.80216194606737,21.118935387539505,27.747148539079465,14.490865947520017
2023,31,125,Nance,123.70123991543119,21.996416940630084,28.59731364444273,15.39566345127115
2023,31,107,Knox,142.85835787726305,21.968945617344158,28.228385256267835,15.709649001724074
2023,31,135,Perkins,108.81784035308188,20.422216275448523,27.051696549357967,13.792880153561516
2023,31,037,Colfax,181.3670903295381,22.265994234140397,28.682697240981575,15.84943313790209
2023,31,023,Butler,202.20804178927148,22.260066969098833,28.817472719445096,15.702802104854998
2023,31,031,Cherry,194.0250409702545,19.73497859600139,26.47474621772756,12.995353697473266
2023,31,183,Wheeler,212.64375923717193,21.5862876581318,28.15578091475328,15.016936727671895
2023,31,061,Franklin,178.000909469131,21.868651802575727,28.223527668628392,15.513917638234767
2023,31,029,Chase,128.17447257726877,20.450751453032243,26.907657709512527,13.993987856810199
2023,31,059,Fillmore,186.48811188227657,22.372633814394305,29.10870028879298,15.636709828637315
2023,31,185,York,152.9985568688606,22.365542395231657,29.045720605895426,15.685507655091008
2023,31,035,Clay,144.43893988850107,22.070824234706166,28.556231467259504,15.585560127545426
2023,31,033,Cheyenne,155.14135395819244,18.732396494468034,25.18999888906757,12.274935636114721
2023,31,069,Garden,129.54016602923843,19.46990836068305,26.018301450952837,12.921659603943658
2023,31,083,Harlan,177.18312889462098,21.85187798772514,28.238606632883922,15.465292781803651
2023,31,091,Hooker,181.93670205361096,19.74553183770985,26.413292700015287,13.077915824539875
2023,31,147,Richardson,169.60397615813622,22.98663981968838,29.317665398688682,16.655756706361647
2023,31,065,Furnas,152.5293692402698,21.627558461558586,28.736404130475304,14.518856141461661
2023,31,175,Valley,162.7411563105843,21.307717163534043,28.16204954185591,14.453527946812857
2023,31,141,Platte,205.54105370790342,22.02730500066443,28.446944732479167,15.607809306923993
2023,31,121,Merrick,139.4409972940093,22.159387250145503,28.546123032171664,15.772792855283788
2023,31,079,Hall,148.73351967286766,21.78856654904029,28.09435030716311,15.482925127006045
2023,31,081,Hamilton,131.57189739503036,22.048082243407134,28.429067113618142,15.667239341729433
2023,31,093,Howard,173.67573192685654,21.66431520582323,28.326166946155684,15.002605848651953
2023,31,001,Adams,143.4990413621812,21.791625419398958,27.95191762031317,15.631474845995985
2023,31,099,Kearney,147.21089764675833,21.332119289100266,27.513148415366786,15.151234386719306
2023,31,019,Buffalo,177.58484707664596,21.06083161052639,27.600712176738263,14.521093685363644
2023,31,073,Gosper,187.7907647219427,21.17575088410016,27.62122121174415,14.730424450179912
2023,31,047,Dawson,134.05367762450666,20.99631409337926,27.41448381060256,14.578287218665903
2023,37,037,Chatham,242.7132919811827,23.382278612916117,29.116959841104283,17.647740803080247
2023,37,115,Madison,131.37748383050652,19.770736338063536,25.928670279071834,13.612943925850097
2023,37,087,Haywood,173.42244089615275,18.05502678855319,23.863529876250965,12.24666565685424
2023,37,021,Buncombe,123.89804789945688,19.916084749285552,25.725427424662502,14.106884632195179
2023,37,089,Henderson,172.3283101534964,20.073310754531903,25.659352419372844,14.487415690927746
2023,37,175,Transylvania,255.4048602575476,19.3228540901085,24.777962968504262,13.867889084803592
2023,37,167,Stanly,179.10077804349768,23.769067613078054,29.57367096711657,17.96460679668795
2023,37,109,Lincoln,166.7590885526208,22.973663973877656,28.920132789895472,17.027335997395546
2023,37,159,Rowan,194.7041858701393,22.960904766909294,28.662080094572783,17.259871150354563
2023,37,025,Cabarrus,199.57455020138013,23.53682331549816,29.175766259885165,17.898023109444324
2023,37,097,Iredell,170.2286972490209,22.6092954842776,28.43276037925549,16.78597189092258
2023,37,071,Gaston,159.7834254462077,23.605038537425447,29.328525619175657,17.881693615036298
2023,37,179,Union,153.22426355374057,24.285656534578653,29.773852891879166,18.79760185786402
2023,37,119,Mecklenburg,172.3931873495756,24.198391501825302,29.553997720108587,18.842926798515116
2023,37,045,Cleveland,183.23718492623726,22.934260893271954,29.01042264459046,16.8582419162705
2023,37,005,Alleghany,204.00371030168077,18.37018347157363,24.01681760958087,12.723691755033139
2023,37,173,Swain,198.60126326755625,18.962281528868754,24.540684473781436,13.384020041160662
2023,37,011,Avery,186.01921270107243,17.861309052417976,22.94016653669063,12.782591876734951
2023,37,033,Caswell,215.8321631083024,22.812481155243763,29.093920592820293,16.53118329741546
2023,37,075,Graham,234.7312140291162,19.814371142604696,25.92099364631895,13.707893837428703
2023,37,007,Anson,179.53406940562624,24.4385873248241,30.251118399419273,18.626196763290945
2023,37,149,Polk,218.10967883510028,22.313611026631932,28.020973208250137,16.606390748941976
2023,37,039,Cherokee,271.91606513166835,20.743807085216357,26.991152190416685,14.496606098107149
2023,37,113,Macon,174.87249922798728,19.53474899098314,25.191047008778533,13.878592649854006
2023,37,009,Ashe,157.57924459429384,18.043105937941647,23.29715512912475,12.789197334279848
2023,37,123,Montgomery,171.37304996345924,23.91361657857839,29.768255588400322,18.05912020778813
2023,37,043,Clay,212.18040594988423,19.902749193248138,25.697701613872965,14.107940192706055
2023,37,121,Mitchell,210.81048569513675,18.4327966079591,23.988274259636142,12.877461517069236
2023,37,199,Yancey,186.7871779194257,18.213409625462464,23.74307917802454,12.683880641283292
2023,37,189,Watauga,201.21986141066023,18.15374477156891,23.32706739593578,12.980564080729055
2023,37,099,Jackson,156.34935627250425,19.046926703149417,24.581049780824912,13.512946843673154
2023,37,161,Rutherford,174.80862863455246,22.543549737224858,28.597720307224453,16.489522075029846
2023,37,193,Wilkes,233.93393897724454,21.219138634751378,27.265225080602534,15.173193653065967
2023,37,125,Moore,177.92290543228185,24.16125656358243,29.91124026459117,18.411414336101608
2023,37,153,Richmond,181.98266525549553,24.62534578394019,30.35720880862008,18.893624694165933
2023,37,093,Hoke,225.58502283676106,25.079516180337865,30.611156770749925,19.548014170863464
2023,37,165,Scotland,225.0987981158825,25.16307933227799,30.85764047838545,19.468659084583642
2023,37,155,Robeson,225.40246240102758,25.152319119752406,30.655672569897668,19.649105391998127
2023,37,001,Alamance,229.29717516410756,23.095827211686764,28.838221605829144,17.353576182569107
2023,37,151,Randolph,194.01465379932796,23.070306745294346,28.708444262671954,17.43231312423609
2023,37,081,Guilford,177.47674126994394,23.16212215796484,28.432968327005657,17.89141751650481
2023,37,157,Rockingham,181.11603160302653,22.605139070155268,28.388120979632355,16.822298772068347
2023,37,171,Surry,194.69504834326256,21.33831698033053,27.68686536696109,14.989912252079325
2023,37,057,Davidson,172.3823691259391,23.06922611869912,28.692345625572028,17.446248537431366
2023,37,169,Stokes,164.6845399934109,22.013455059928976,27.86825036147579,16.158802629331426
2023,37,067,Forsyth,182.4153340816225,22.914525299743882,28.30809088419952,17.521101219812397
2023,37,197,Yadkin,212.4346776590558,21.875925369059825,28.136357931989053,15.615635472037523
2023,37,059,Davie,200.46187203829228,22.484480633908824,28.481425064203574,16.48767786512584
2023,37,027,Caldwell,192.26479851695436,21.796206863651367,27.792376625708567,15.800180994117145
2023,37,003,Alexander,219.30633251997156,22.13932948276915,27.790092128352235,16.488710472614958
2023,37,035,Catawba,175.91067353243335,22.84506938240991,28.554384678029457,17.1358947877298
2023,37,023,Burke,170.35144035803512,21.8593136081673,28.011149335163385,15.70761917530296
2023,37,111,McDowell,231.7423052217341,21.028201240809008,27.191572608442492,14.864973030848219
2023,37,029,Camden,151.91033952363455,24.23656747040361,28.936515812153775,19.536762445203244
2023,37,139,Pasquotank,169.1477701893106,24.330573480744377,29.11655174113847,19.544739001886843
2023,37,143,Perquimans,160.12301642310553,24.496846183867415,29.474745631684886,19.519090967829218
2023,37,177,Tyrrell,214.55961094953867,24.519869836051367,28.984691100888757,20.055191879660878
2023,37,055,Dare,186.88707379173542,23.854077669063834,26.80641381916061,20.901884834602882
2023,37,073,Gates,136.64495767713709,23.80000293826833,29.520457191603814,18.079689741054654
2023,37,053,Currituck,155.4629657224269,24.201580706921266,27.91470585828496,20.488599200340683
2023,37,019,Brunswick,192.67297504575487,25.298759314526478,30.475827870874266,20.12183284369866
2023,37,031,Carteret,189.1602573035578,24.49813846440155,27.802954061285323,21.19346613371557
2023,37,137,Pamlico,200.03084927006023,24.750210600052647,28.98086732425678,20.51969584759005
2023,37,049,Craven,191.84939514127828,24.83750409397976,29.9823769451179,19.69277408819942
2023,37,103,Jones,210.04626841263845,24.618432145189256,30.177254802854026,19.059752334512442
2023,37,085,Harnett,287.1181017775078,24.440548892504292,30.03639433127372,18.844846404225535
2023,37,063,Durham,222.80114185606095,23.87926266248488,29.598952023422015,18.159713784561443
2023,37,145,Person,189.34887583864992,22.822427192652853,28.780441029933623,16.864556895616133
2023,37,135,Orange,216.01069734460097,23.197629768505006,29.060638546752042,17.334762128946746
2023,37,181,Vance,167.17404542571805,23.50383811975535,29.570794393047233,17.43702474063262
2023,37,077,Granville,222.54919410177578,23.305606917959505,29.003377112039242,17.60797929322086
2023,37,069,Franklin,150.38864234015946,23.679894351031738,29.612707068686937,17.747224296855766
2023,37,101,Johnston,232.73826560922112,24.455893493413726,30.163670691124207,18.748258348763454
2023,37,183,Wake,206.8537505479548,24.085591767857967,29.411361229390792,18.759965253826557
2023,37,105,Lee,236.65746665328538,23.875685476923014,29.785150194051997,17.96636486009933
2023,37,131,Northampton,134.8132671326522,23.729381489949883,29.578470136559112,17.8804331447051
2023,37,083,Halifax,137.9469181900756,23.83092673334824,29.643394244865263,18.018600236735185
2023,37,127,Nash,134.44936809090413,24.215553991372687,29.897443956106393,18.533806232957097
2023,37,065,Edgecombe,155.46889032503512,24.34557067413355,29.951752580740333,18.73952964566233
2023,37,195,Wilson,154.8741298870533,24.611653564324417,30.243115034389938,18.980332063484894
2023,37,163,Sampson,279.26569577596285,24.768837684287632,30.266511591507296,19.271305108830465
2023,37,185,Warren,121.89164085614573,24.098357183945826,30.24345676148921,17.953398674862665
2023,37,187,Washington,210.6680285467829,24.742255024376238,29.98797387565098,19.49667883678017
2023,37,061,Duplin,275.9701505149143,24.547029348810856,30.26879581465888,18.82540397053167
2023,37,091,Hertford,157.17401354311747,23.77683051827215,29.549568805445798,18.00423227603245
2023,37,017,Bladen,248.70024092805025,25.0238488387642,30.647366776090813,19.400471350503082
2023,37,095,Hyde,195.57883778923494,24.3768045795451,28.137064543082214,20.616686763841386
2023,37,015,Bertie,155.14539969937582,24.467434393305947,30.082535257626645,18.8524762161906
2023,37,079,Greene,161.83690297756783,24.686536985525013,30.399002222985303,18.974212013138885
2023,37,041,Chowan,153.17942638828995,24.84246085357474,29.869418526030792,19.81564481479523
2023,37,117,Martin,157.98380804181033,24.568013975346254,30.040950479804504,19.095219720334416
2023,37,047,Columbus,228.22030762550088,24.94502180038301,30.461500874037064,19.4286827515116
2023,37,191,Wayne,201.9856496327931,24.539764829663703,30.143450836303398,18.936220894938767
2023,37,133,Onslow,241.8034202418321,24.758529457662167,29.814637745660182,19.702563262762062
2023,37,107,Lenoir,175.43175482405164,24.60178879479365,30.164704094935875,19.039017358633245
2023,37,129,New Hanover,209.40114725709262,25.221528930992417,29.448712566410638,20.994487896270474
2023,37,141,Pender,251.23902288234447,24.926650848234033,30.67135000847829,19.18209201485873
2023,37,051,Cumberland,303.32344657257727,25.08584770832676,30.49732551383474,19.6745108920853
2023,37,147,Pitt,163.25150448020537,24.848999630560392,30.406932566520748,19.291208031696527
2023,37,013,Beaufort,178.1340885690293,24.81060481040221,29.892450218178823,19.728901093072164
