year,state_fips,county_fips,county_name,pct_continuous,rotation_pixel_count
2010,17,121,Marion,0.0354390288150455,5259
2010,17,5,Bond,0.0556268579860404,4610
2010,17,83,Jersey,0.3438227892042004,4605
2010,17,163,St. Clair,0.0867534212793029,6656
2010,17,27,Clinton,0.1110550628889621,6502
2010,17,13,Calhoun,0.4381642151372608,1435
2010,17,119,Madison,0.1526827557031032,7237
2010,17,133,Monroe,0.2096302950977059,3530
2010,17,117,Macoupin,0.4210823546951132,14694
2010,17,171,Scott,0.3262967952204067,4133
2010,17,137,Morgan,0.3957578130591656,10396
2010,17,107,Logan,0.4640119018513989,14308
2010,17,129,Menard,0.3161580891163177,5783
2010,17,167,Sangamon,0.519802078889345,16981
2010,17,21,Christian,0.4098968113030545,15423
2010,17,127,Massac,0.0716306506952386,1587
2010,17,57,Fulton,0.3106182681216087,10239
2010,17,175,Stark,0.4425097502027007,6701
2010,17,203,Woodford,0.3644826063961964,10077
2010,17,179,Tazewell,0.3545425606462859,11136
2010,17,123,Marshall,0.4430114789391478,7747
2010,17,143,Peoria,0.3967111471086383,7943
2010,17,1,Adams,0.2766366119032536,10282
2010,17,177,Stephenson,0.5639935849208644,12016
2010,17,141,Ogle,0.6315185681384692,17899
2010,17,201,Winnebago,0.544691690027484,7554
2010,17,7,Boone,0.5097270627697122,5709
2010,17,25,Clay,0.0431846185071978,5256
2010,17,185,Wabash,0.1209116842478475,3667
2010,17,9,Brown,0.3955861624701176,2696
2010,17,151,Pope,0.0679736876047981,466
2010,17,33,Crawford,0.0647973418999922,6116
2010,17,135,Montgomery,0.3036067185015662,12495
2010,17,55,Franklin,0.0300853380831059,2833
2010,17,23,Clark,0.0954587323833553,6992
2010,17,59,Gallatin,0.2830692788807287,4525
2010,17,75,Iroquois,0.3354632216409567,24499
2010,17,41,Douglas,0.2169290762809546,8286
2010,17,189,Washington,0.065036673980371,6940
2010,17,159,Richland,0.0460636247277437,5222
2010,17,65,Hamilton,0.0492125915070236,4535
2010,17,193,White,0.103752896713688,6877
2010,17,169,Schuyler,0.2945702646053995,4328
2010,17,181,Union,0.1308742225293711,780
2010,17,85,Jo Daviess,0.5186071838476245,5709
2010,17,125,Mason,0.466764088918485,10206
2010,17,191,Wayne,0.0481989966025216,8618
2010,17,69,Hardin,0.0823149642610099,86
2010,17,61,Greene,0.3572361604039018,8294
2010,17,157,Randolph,0.0789895965067169,3986
2010,17,149,Pike,0.4908811868347514,11335
2010,17,145,Perry,0.0382078158133898,3280
2010,17,87,Johnson,0.0547901644134659,470
2010,17,173,Shelby,0.2524483406540074,12999
2010,17,51,Fayette,0.0552591285281465,8404
2010,17,139,Moultrie,0.3163054589763945,6818
2010,17,17,Cass,0.4942426381973782,6534
2010,17,15,Carroll,0.7126117753242995,10062
2010,17,47,Edwards,0.0826373032667211,3119
2010,17,79,Jasper,0.0627643716587214,6865
2010,17,187,Warren,0.3662377490380359,11305
2010,17,153,Pulaski,0.0684299510792662,1419
2010,17,165,Saline,0.110622402028114,3076
2010,17,101,Lawrence,0.127394178660471,5696
2010,17,45,Edgar,0.2149276314957434,12239
2010,17,71,Henderson,0.4741160415385476,7161
2010,17,199,Williamson,0.0411659865481701,993
2010,17,77,Jackson,0.1078790773799605,2137
2010,17,147,Piatt,0.3044914957173458,9699
2010,17,53,Ford,0.2843631958068576,10941
2010,17,19,Champaign,0.2546733814121827,19939
2010,17,29,Coles,0.1613811869385396,8657
2010,17,35,Cumberland,0.0837956199589704,4858
2010,17,183,Vermilion,0.2140272623002196,16202
2010,17,115,Macon,0.4478443737522273,12046
2010,17,49,Effingham,0.0726709563992964,5966
2010,17,67,Hancock,0.2484806436379487,11528
2010,17,95,Knox,0.3731609026722024,12032
2010,17,109,McDonough,0.3435462268513703,9921
2010,17,81,Jefferson,0.0171681928264597,3603
2010,17,113,McLean,0.3409185747467053,24663
2010,17,39,De Witt,0.2700464045581671,7681
2010,17,105,Livingston,0.234511616917609,22002
2010,17,3,Alexander,0.0858355471354635,762
2010,17,93,Kendall,0.4152380670354955,6191
2010,17,31,Cook,0.0856264860881293,288
2010,17,37,DeKalb,0.5763600051258766,16217
2010,17,89,Kane,0.4592867553570874,6421
2010,17,63,Grundy,0.2886846954657393,7739
2010,17,111,McHenry,0.482604104091748,7235
2010,17,197,Will,0.1926711307246749,7785
2010,17,43,DuPage,0.2849673982188295,203
2010,17,97,Lake,0.1908272901457641,657
2010,17,91,Kankakee,0.4632808860957167,14766
2010,17,11,Bureau,0.604503638403578,21551
2010,17,155,Putnam,0.4844377292727645,2861
2010,17,99,LaSalle,0.3710071158003966,23560
2010,17,131,Mercer,0.3367718470261716,10168
2010,17,161,Rock Island,0.4119019255593396,5205
2010,17,73,Henry,0.4180490141509622,17665
2010,17,103,Lee,0.6674244673260307,19793
2010,17,195,Whiteside,0.6862031374226499,17574
2010,19,149,Plymouth,0.1613892817072973,15346
2010,19,193,Woodbury,0.2564299960498537,15094
2010,19,27,Carroll,0.382945824583827,12486
2010,19,61,Dubuque,0.5473050162820076,8897
2010,19,101,Jefferson,0.2412177104936043,4958
2010,19,187,Webster,0.3188880803967279,14466
2010,19,111,Lee,0.223716019152487,5844
2010,19,127,Marshall,0.2140777946294594,9835
2010,19,195,Worth,0.2642607700770958,7974
2010,19,33,Cerro Gordo,0.4097188584086336,11938
2010,19,51,Davis,0.1023485086642847,2493
2010,19,179,Wapello,0.2178615278605896,3939
2010,19,41,Clay,0.1891101734906722,10834
2010,19,59,Dickinson,0.128098195425955,6606
2010,19,21,Buena Vista,0.178136960816525,11159
2010,19,13,Black Hawk,0.3308280131591984,9978
2010,19,75,Grundy,0.2368134862277011,10165
2010,19,17,Bremer,0.3762390317929176,8419
2010,19,85,Harrison,0.2874248782606783,13201
2010,19,129,Mills,0.095516587224063,7294
2010,19,155,Pottawattamie,0.1699704600389231,16324
2010,19,123,Mahaska,0.3059752128136697,8931
2010,19,125,Marion,0.1668704018109791,5283
2010,19,53,Decatur,0.0903139456427308,1805
2010,19,31,Cedar,0.3226478600672472,11419
2010,19,151,Pocahontas,0.1930339615805172,12280
2010,19,109,Kossuth,0.2728853871078568,20532
2010,19,89,Howard,0.2847555903261515,8648
2010,19,147,Palo Alto,0.3177979193900125,12339
2010,19,159,Ringgold,0.0623695492372822,2957
2010,19,25,Calhoun,0.2757683858367659,12618
2010,19,39,Clarke,0.1115242082490335,1981
2010,19,65,Fayette,0.3495717147073693,12462
2010,19,1,Adair,0.1102123776339804,7079
2010,19,37,Chickasaw,0.3311490524921958,9779
2010,19,81,Hancock,0.375425981259627,12748
2010,19,157,Poweshiek,0.2340541812436377,9450
2010,19,165,Shelby,0.1941914545058347,11676
2010,19,185,Wayne,0.0452019687690944,3158
2010,19,97,Jackson,0.3671928182824582,6542
2010,19,43,Clayton,0.51668791529817,9369
2010,19,7,Appanoose,0.0702873605851064,1993
2010,19,177,Van Buren,0.2008823606010886,3826
2010,19,197,Wright,0.2253455119445113,11677
2010,19,137,Montgomery,0.1168428875968399,6521
2010,19,175,Union,0.1211125546295911,3277
2010,19,107,Keokuk,0.2595404084946734,7952
2010,19,131,Mitchell,0.4199542764036219,10184
2010,19,191,Winneshiek,0.4278178137792636,9122
2010,19,161,Sac,0.2452162071295882,11685
2010,19,55,Delaware,0.6175848518506716,13917
2010,19,67,Floyd,0.3129808306305152,9726
2010,19,9,Audubon,0.1627754021824064,8100
2010,19,79,Hamilton,0.4319728858522698,13116
2010,19,69,Franklin,0.433456213855563,13119
2010,19,141,O'Brien,0.1283963728997964,11294
2010,19,167,Sioux,0.3438872138078124,16655
2010,19,5,Allamakee,0.379314504545673,3881
2010,19,189,Winnebago,0.2689968017286402,8344
2010,19,93,Ida,0.1996083728546546,8435
2010,19,29,Cass,0.2088089250823303,9510
2010,19,83,Hardin,0.4183499080441883,12149
2010,19,173,Taylor,0.07662250519845,5026
2010,19,145,Page,0.1009239445895418,7548
2010,19,35,Cherokee,0.1057094130749673,10174
2010,19,71,Fremont,0.1389709449269233,8376
2010,19,95,Iowa,0.243226901380386,8068
2010,19,23,Butler,0.3622240997610503,11204
2010,19,63,Emmet,0.2142016380971623,7802
2010,19,47,Crawford,0.2649097830415584,13722
2010,19,19,Buchanan,0.4906940896706263,12954
2010,19,143,Osceola,0.1533922151781089,8022
2010,19,73,Greene,0.3062628877148996,11977
2010,19,87,Henry,0.2252026779888555,5939
2010,19,119,Lyon,0.2766421663710922,11487
2010,19,3,Adams,0.1204287215135139,4848
2010,19,133,Monona,0.253481334905221,12331
2010,19,91,Humboldt,0.255498579951652,8951
2010,19,115,Louisa,0.2768721105711135,6499
2010,19,171,Tama,0.2037422232419274,10994
2010,19,135,Monroe,0.172308968714196,1817
2010,19,117,Lucas,0.0868152967164068,1710
2010,19,57,Des Moines,0.2282484479068815,5621
2010,19,11,Benton,0.22422349685379,13069
2010,19,113,Linn,0.3262176949373452,10516
2010,19,105,Jones,0.480693653746472,10898
2010,19,103,Johnson,0.263938959101072,8356
2010,19,183,Washington,0.2928320047753474,8917
2010,19,45,Clinton,0.3821718297457319,13989
2010,19,163,Scott,0.4066858958195783,8125
2010,19,139,Muscatine,0.3007335484058999,7089
2010,19,169,Story,0.3300972613716947,10841
2010,19,15,Boone,0.3768673697930187,11085
2010,19,121,Madison,0.0971429609809062,4371
2010,19,181,Warren,0.1432004686265997,4542
2010,19,49,Dallas,0.2526322266228426,9081
2010,19,153,Polk,0.3125932648182888,5964
2010,19,77,Guthrie,0.2189820226530694,7888
2010,19,99,Jasper,0.2655001479855191,11497
2010,31,43,Dakota,0.238914720722835,4324
2010,31,51,Dixon,0.2958084448139033,7395
2010,31,53,Dodge,0.2439559800543706,9276
2010,31,25,Cass,0.0488717009618695,7637
2010,31,55,Douglas,0.2940761127697109,1864
2010,31,153,Sarpy,0.1235381230353089,2145
2010,31,155,Saunders,0.1414625933222176,11109
2010,31,177,Washington,0.1178260200531148,5171
2010,31,67,Gage,0.1476192083452448,9731
2010,31,109,Lancaster,0.1066322650956027,8704
2010,31,159,Seward,0.2484701560964408,8669
2010,31,139,Pierce,0.2764696274570833,9004
2010,31,119,Madison,0.2309021676130391,8575
2010,31,167,Stanton,0.3027914690473977,5645
2010,31,117,McPherson,0.7644400809094027,339
2010,31,111,Lincoln,0.6898577349754267,13829
2010,31,113,Logan,0.6641128431977205,1498
2010,31,7,Banner,0.2403169863589143,694
2010,31,157,Scotts Bluff,0.5365795141596907,5778
2010,31,165,Sioux,0.6899156331829728,1020
2010,31,39,Cuming,0.271012841816103,10345
2010,31,129,Nuckolls,0.4387150951019133,6268
2010,31,101,Keith,0.6329293996184274,7498
2010,31,137,Phelps,0.4707044339337565,11475
2010,31,181,Webster,0.3686820422003242,4440
2010,31,15,Boyd,0.3169256199087523,1767
2010,31,171,Thomas,0.8333333333333334,30
2010,31,89,Holt,0.5387880151884138,11691
2010,31,17,Brown,0.7599187209789436,2446
2010,31,103,Keya Paha,0.6172642362157276,923
2010,31,77,Greeley,0.5172818579835551,4588
2010,31,95,Jefferson,0.1761060416915617,6238
2010,31,151,Saline,0.3033606090306112,8709
2010,31,57,Dundy,0.7397148543277542,7628
2010,31,131,Otoe,0.0691308133342888,8069
2010,31,87,Hitchcock,0.3264110655326527,4176
2010,31,105,Kimball,0.4509584705750823,917
2010,31,127,Nemaha,0.1103701921704703,4856
2010,31,41,Custer,0.7228417722391127,15434
2010,31,143,Polk,0.4557797159748364,8345
2010,31,45,Dawes,0.2536585365853658,205
2010,31,179,Wayne,0.2413399543674469,7799
2010,31,71,Garfield,0.7076939459495813,707
2010,31,13,Box Butte,0.2922832698150339,3302
2010,31,173,Thurston,0.1908518354428699,5981
2010,31,11,Boone,0.406782114123167,10029
2010,31,145,Red Willow,0.3767680459869163,5696
2010,31,149,Rock,0.4283845921538446,1618
2010,31,5,Arthur,0.9082874145911396,181
2010,31,85,Hayes,0.5633945091248306,5373
2010,31,97,Johnson,0.1757791339581225,2547
2010,31,3,Antelope,0.3922417997210488,12969
2010,31,163,Sherman,0.6506402668849233,4905
2010,31,161,Sheridan,0.4047662032857916,2089
2010,31,133,Pawnee,0.1216260341386536,2382
2010,31,75,Grant,,0
2010,31,21,Burt,0.1689954331137616,8842
2010,31,9,Blaine,0.948326330671658,200
2010,31,27,Cedar,0.337538089883074,11586
2010,31,169,Thayer,0.383740937888461,8729
2010,31,49,Deuel,0.5978410285437052,1577
2010,31,123,Morrill,0.6258379871582922,4291
2010,31,115,Loup,0.618044716899528,422
2010,31,63,Frontier,0.4039314068248988,6051
2010,31,125,Nance,0.446764849969838,5318
2010,31,107,Knox,0.4120067086768595,7909
2010,31,135,Perkins,0.5886053668277789,14168
2010,31,37,Colfax,0.3422248901165661,7116
2010,31,23,Butler,0.3104248446146371,9461
2010,31,31,Cherry,0.6169068886889945,1125
2010,31,183,Wheeler,0.6478546428790349,2651
2010,31,61,Franklin,0.3374813662078126,5089
2010,31,29,Chase,0.7583668988280046,12411
2010,31,59,Fillmore,0.4142064589343797,12402
2010,31,185,York,0.5431890436835336,13649
2010,31,35,Clay,0.497630417647652,11599
2010,31,33,Cheyenne,0.4467282857747389,2178
2010,31,69,Garden,0.5507904581326226,1846
2010,31,83,Harlan,0.3466260058162416,5809
2010,31,91,Hooker,0.0,4
2010,31,147,Richardson,0.164035393675856,6702
2010,31,65,Furnas,0.3663774096714685,6182
2010,31,175,Valley,0.623338046840478,4477
2010,31,141,Platte,0.4038379786058196,12566
2010,31,121,Merrick,0.596824204546169,8810
2010,31,79,Hall,0.7608065087764022,12729
2010,31,81,Hamilton,0.5671521732178479,12870
2010,31,93,Howard,0.6598604322921083,6627
2010,31,1,Adams,0.5265742287472688,11619
2010,31,99,Kearney,0.4668940470032894,10621
2010,31,19,Buffalo,0.6260752945166063,13135
2010,31,73,Gosper,0.5097419336644641,5529
2010,31,47,Dawson,0.6927166416535064,13351
2010,37,37,Chatham,0.2473487070716187,179
2010,37,115,Madison,0.0,16
2010,37,87,Haywood,0.46875,64
2010,37,21,Buncombe,0.2704850644012058,115
2010,37,89,Henderson,0.4659194697424388,308
2010,37,175,Transylvania,0.3017692499377024,64
2010,37,167,Stanly,0.1144625962766403,908
2010,37,109,Lincoln,0.1229196265475948,156
2010,37,159,Rowan,0.1021588732077698,851
2010,37,25,Cabarrus,0.0821581699670376,327
2010,37,97,Iredell,0.132209664513426,1159
2010,37,71,Gaston,0.1361348383160463,53
2010,37,179,Union,0.050190063544341,2494
2010,37,119,Mecklenburg,0.0,94
2010,37,45,Cleveland,0.0452272001702671,111
2010,37,5,Alleghany,0.3602923264311814,82
2010,37,173,Swain,0.0,3
2010,37,11,Avery,,0
2010,37,33,Caswell,0.0640542577241899,79
2010,37,75,Graham,0.0,5
2010,37,7,Anson,0.1761098590072854,546
2010,37,149,Polk,1.0,1
2010,37,39,Cherokee,0.3013471992436776,52
2010,37,113,Macon,0.2222222222222222,9
2010,37,9,Ashe,,0
2010,37,123,Montgomery,0.0192285889208861,178
2010,37,43,Clay,0.0709121245828698,31
2010,37,121,Mitchell,0.0,7
2010,37,199,Yancey,0.1666666666666666,6
2010,37,189,Watauga,0.0,1
2010,37,99,Jackson,0.0,3
2010,37,161,Rutherford,0.0,8
2010,37,193,Wilkes,0.4274201388213792,407
2010,37,125,Moore,0.0860535034973616,130
2010,37,153,Richmond,0.1256544502617801,201
2010,37,93,Hoke,0.0520505161471904,436
2010,37,165,Scotland,0.2656939911691303,398
2010,37,155,Robeson,0.1046805936937585,4556
2010,37,1,Alamance,0.2724006133705628,351
2010,37,151,Randolph,0.2253706888932702,581
2010,37,81,Guilford,0.1686790915135007,378
2010,37,157,Rockingham,0.2453666674284147,175
2010,37,171,Surry,0.178347277264054,681
2010,37,57,Davidson,0.116609967904711,467
2010,37,169,Stokes,0.2363895597520878,138
2010,37,67,Forsyth,0.0662678630774343,136
2010,37,197,Yadkin,0.1666079635389923,954
2010,37,59,Davie,0.091863325887799,507
2010,37,27,Caldwell,0.4213881019830028,67
2010,37,3,Alexander,0.1650250371430143,146
2010,37,35,Catawba,0.0802019533189869,237
2010,37,23,Burke,0.346216509775525,88
2010,37,111,McDowell,0.0,10
2010,37,29,Camden,0.0432157976619406,1169
2010,37,139,Pasquotank,0.039079848622275,1260
2010,37,143,Perquimans,0.0585145625722623,1083
2010,37,177,Tyrrell,0.1067359203187588,1862
2010,37,55,Dare,0.0714285714285714,84
2010,37,73,Gates,0.0934388764560285,506
2010,37,53,Currituck,0.0430214263574407,1010
2010,37,19,Brunswick,0.1876158822550185,685
2010,37,31,Carteret,0.1440922190201729,1388
2010,37,137,Pamlico,0.0865758754863813,1028
2010,37,49,Craven,0.1130092851785733,1505
2010,37,103,Jones,0.2399143648234784,1087
2010,37,85,Harnett,0.0315772093727211,290
2010,37,63,Durham,0.1048705572619569,27
2010,37,145,Person,0.0758796835866788,159
2010,37,135,Orange,0.2084184715978749,205
2010,37,181,Vance,0.0,13
2010,37,77,Granville,0.3116856202885786,154
2010,37,69,Franklin,0.328061147268049,104
2010,37,101,Johnston,0.1107759680050048,893
2010,37,183,Wake,0.0859260923284286,71
2010,37,105,Lee,0.1313878870204693,84
2010,37,131,Northampton,0.0877180794247653,456
2010,37,83,Halifax,0.2245086445754534,456
2010,37,127,Nash,0.0521448695810233,347
2010,37,65,Edgecombe,0.1609429679730971,1040
2010,37,195,Wilson,0.1119650418956662,887
2010,37,163,Sampson,0.2210523131899412,3670
2010,37,185,Warren,0.0,21
2010,37,187,Washington,0.1121724987628716,2349
2010,37,61,Duplin,0.1976482193388052,3951
2010,37,91,Hertford,0.1647388838544795,790
2010,37,17,Bladen,0.2871344889420201,2482
2010,37,95,Hyde,0.2237655524938601,2524
2010,37,15,Bertie,0.226592263236947,1189
2010,37,79,Greene,0.1428044493946451,1109
2010,37,41,Chowan,0.0969940380193322,392
2010,37,117,Martin,0.1317486843455443,541
2010,37,47,Columbus,0.1892321441265778,3120
2010,37,191,Wayne,0.1722176189844889,2409
2010,37,133,Onslow,0.0887645546650536,1020
2010,37,107,Lenoir,0.2970360209812065,2135
2010,37,129,New Hanover,0.2512067776573737,80
2010,37,141,Pender,0.2186455106321359,1350
2010,37,51,Cumberland,0.2500680554295269,913
2010,37,147,Pitt,0.0640497782996276,2045
2010,37,13,Beaufort,0.1024572545865516,3425
2011,17,121,Marion,0.1070755192959679,5018
2011,17,5,Bond,0.1715507562219028,4516
2011,17,83,Jersey,0.3790352770662253,5160
2011,17,163,St. Clair,0.2132266195176573,6491
2011,17,27,Clinton,0.259059279705014,6536
2011,17,13,Calhoun,0.4223558125513108,1774
2011,17,119,Madison,0.2376238334566604,7728
2011,17,133,Monroe,0.2935342857690526,3932
2011,17,117,Macoupin,0.4691054808347318,15112
2011,17,171,Scott,0.3680582385109651,4183
2011,17,137,Morgan,0.3873771601149676,11112
2011,17,107,Logan,0.4325152150565128,15525
2011,17,129,Menard,0.3056221512446668,6170
2011,17,167,Sangamon,0.4692369018309705,19020
2011,17,21,Christian,0.3962440016914305,15849
2011,17,127,Massac,0.1577479657327566,1696
2011,17,57,Fulton,0.3490226712334383,11088
2011,17,175,Stark,0.419614154131587,7226
2011,17,203,Woodford,0.3626636612820191,10558
2011,17,179,Tazewell,0.3652050610464683,12171
2011,17,123,Marshall,0.4287347639271717,8329
2011,17,143,Peoria,0.3464962474739448,8423
2011,17,1,Adams,0.3080883551547429,11301
2011,17,177,Stephenson,0.5742442136645727,13918
2011,17,141,Ogle,0.6475656672546999,19501
2011,17,201,Winnebago,0.5784830608916122,7988
2011,17,7,Boone,0.5298078740157479,6340
2011,17,25,Clay,0.1106219107166768,5395
2011,17,185,Wabash,0.1807465730274633,3503
2011,17,9,Brown,0.3533253138527147,3031
2011,17,151,Pope,0.1036175482044931,449
2011,17,33,Crawford,0.148350807778311,5677
2011,17,135,Montgomery,0.3300096848106448,12563
2011,17,55,Franklin,0.1129987939058108,2811
2011,17,23,Clark,0.1466684290160644,5990
2011,17,59,Gallatin,0.3730135672855498,4248
2011,17,75,Iroquois,0.3513208561901688,25761
2011,17,41,Douglas,0.2098052525064134,8882
2011,17,189,Washington,0.1894208590486876,7103
2011,17,159,Richland,0.1598007371352649,4985
2011,17,65,Hamilton,0.130838419069445,4444
2011,17,193,White,0.1952932395820148,6037
2011,17,169,Schuyler,0.3264694583173261,4642
2011,17,181,Union,0.0977848101265822,1060
2011,17,85,Jo Daviess,0.4826117931237776,8190
2011,17,125,Mason,0.4940467157234704,10139
2011,17,191,Wayne,0.1641444781722711,7491
2011,17,69,Hardin,0.2040519404939439,217
2011,17,61,Greene,0.3652381406566153,9335
2011,17,157,Randolph,0.1315693839908095,4337
2011,17,149,Pike,0.4505841024001812,12518
2011,17,145,Perry,0.0963161579921514,3675
2011,17,87,Johnson,0.0738348188174906,461
2011,17,173,Shelby,0.2671023553114612,13034
2011,17,51,Fayette,0.1841601678938719,7563
2011,17,139,Moultrie,0.3016140595304924,7083
2011,17,17,Cass,0.4962604737797698,6848
2011,17,15,Carroll,0.7130650797710659,10949
2011,17,47,Edwards,0.1717960998050577,2978
2011,17,79,Jasper,0.1087830150255443,7189
2011,17,187,Warren,0.40059764862215,12271
2011,17,153,Pulaski,0.0937261173085692,1235
2011,17,165,Saline,0.1341323028568971,3319
2011,17,101,Lawrence,0.2506295641502328,5228
2011,17,45,Edgar,0.2117024837651468,11569
2011,17,71,Henderson,0.5027042500872472,7407
2011,17,199,Williamson,0.062059278387083,1122
2011,17,77,Jackson,0.1085100295469245,2930
2011,17,147,Piatt,0.32362915149339,10082
2011,17,53,Ford,0.2970418574558842,11062
2011,17,19,Champaign,0.2579309620626062,21125
2011,17,29,Coles,0.1773810508932138,8961
2011,17,35,Cumberland,0.1229499742986161,4864
2011,17,183,Vermilion,0.2185918305219804,16515
2011,17,115,Macon,0.4194628551046663,12556
2011,17,49,Effingham,0.125882449205237,5794
2011,17,67,Hancock,0.2609199874229467,12148
2011,17,95,Knox,0.3960463711176852,12911
2011,17,109,McDonough,0.3314078253151097,11082
2011,17,81,Jefferson,0.079414553198791,3682
2011,17,113,McLean,0.302796603374124,25492
2011,17,39,De Witt,0.2494710166381628,8287
2011,17,105,Livingston,0.2386699823719557,22632
2011,17,3,Alexander,0.0930993745656706,571
2011,17,93,Kendall,0.4778253588138498,6568
2011,17,31,Cook,0.1865542049119325,308
2011,17,37,DeKalb,0.6108549510359856,17459
2011,17,89,Kane,0.5156650034213135,6739
2011,17,63,Grundy,0.3230436715093732,8235
2011,17,111,McHenry,0.5274148778399923,7802
2011,17,197,Will,0.2599504559368062,7809
2011,17,43,DuPage,0.3217509356424745,218
2011,17,97,Lake,0.1761312437455001,876
2011,17,91,Kankakee,0.502335732231827,14919
2011,17,11,Bureau,0.6284398395647394,22745
2011,17,155,Putnam,0.5112367105481331,3075
2011,17,99,LaSalle,0.4216919303573747,24274
2011,17,131,Mercer,0.3437441374970898,11212
2011,17,161,Rock Island,0.396896084247775,5828
2011,17,73,Henry,0.4295216186557903,18931
2011,17,103,Lee,0.6923817339705666,20647
2011,17,195,Whiteside,0.691582806939908,19062
2011,19,149,Plymouth,0.1902478686884069,15702
2011,19,193,Woodbury,0.2640748098832534,14773
2011,19,27,Carroll,0.4027118811311285,13021
2011,19,61,Dubuque,0.6384899592925666,9770
2011,19,101,Jefferson,0.2292186059026772,5295
2011,19,187,Webster,0.3335915809968149,14326
2011,19,111,Lee,0.2771933716008514,5429
2011,19,127,Marshall,0.2335372278647629,10616
2011,19,195,Worth,0.3221744016048211,8035
2011,19,33,Cerro Gordo,0.4460051626668324,12230
2011,19,51,Davis,0.1069185612029994,3567
2011,19,179,Wapello,0.2080523743265901,4250
2011,19,41,Clay,0.219390376741915,10562
2011,19,59,Dickinson,0.1666131642904233,6490
2011,19,21,Buena Vista,0.1979873576938514,11361
2011,19,13,Black Hawk,0.3494176310544959,10643
2011,19,75,Grundy,0.2370901488493983,10798
2011,19,17,Bremer,0.428088801768741,8719
2011,19,85,Harrison,0.3566297806857436,12746
2011,19,129,Mills,0.1755825594245371,7238
2011,19,155,Pottawattamie,0.2045998191888358,16935
2011,19,123,Mahaska,0.3030762034763812,8922
2011,19,125,Marion,0.1703977038045288,5662
2011,19,53,Decatur,0.0707570399183694,3035
2011,19,31,Cedar,0.3860258812152422,11806
2011,19,151,Pocahontas,0.2220461866312916,12078
2011,19,109,Kossuth,0.2928814157679772,20919
2011,19,89,Howard,0.3114031837083854,8867
2011,19,147,Palo Alto,0.3530398024144019,12060
2011,19,159,Ringgold,0.0749255758259744,4664
2011,19,25,Calhoun,0.3114912834369647,12195
2011,19,39,Clarke,0.1091206021407017,3199
2011,19,65,Fayette,0.4038917849338539,13440
2011,19,1,Adair,0.1026528830555144,8545
2011,19,37,Chickasaw,0.3824800828980991,9902
2011,19,81,Hancock,0.4096006475594856,13163
2011,19,157,Poweshiek,0.2609064043645522,9953
2011,19,165,Shelby,0.2219000366890357,12216
2011,19,185,Wayne,0.0653149507820431,4575
2011,19,97,Jackson,0.4380698878590861,7218
2011,19,43,Clayton,0.5556638525269935,10556
2011,19,7,Appanoose,0.0854932125949121,2883
2011,19,177,Van Buren,0.2491095354512388,3599
2011,19,197,Wright,0.2552082975255202,12121
2011,19,137,Montgomery,0.1236863632772011,6857
2011,19,175,Union,0.088384868184326,4642
2011,19,107,Keokuk,0.2744085026278949,7888
2011,19,131,Mitchell,0.4389830194775892,10293
2011,19,191,Winneshiek,0.4656238123752129,10704
2011,19,161,Sac,0.2645370685331908,11808
2011,19,55,Delaware,0.7120107361008305,14320
2011,19,67,Floyd,0.3483485250849067,9916
2011,19,9,Audubon,0.1812715130260428,8701
2011,19,79,Hamilton,0.4566723731513896,13717
2011,19,69,Franklin,0.4444332948237642,13707
2011,19,141,O'Brien,0.1716044803694016,11310
2011,19,167,Sioux,0.3794363639730712,16841
2011,19,5,Allamakee,0.4054083812462931,5112
2011,19,189,Winnebago,0.3304552348075849,8504
2011,19,93,Ida,0.2202276756647119,8856
2011,19,29,Cass,0.2297596576038718,10104
2011,19,83,Hardin,0.454928800571283,12691
2011,19,173,Taylor,0.0915217550550699,6714
2011,19,145,Page,0.0980396987057403,7719
2011,19,35,Cherokee,0.1291463401169989,10042
2011,19,71,Fremont,0.1608832981988424,7881
2011,19,95,Iowa,0.2930309034910998,8378
2011,19,23,Butler,0.3709558474872445,11974
2011,19,63,Emmet,0.253907236192077,7660
2011,19,47,Crawford,0.281069412035736,14271
2011,19,19,Buchanan,0.5317269670294547,13985
2011,19,143,Osceola,0.2032160832951577,7986
2011,19,73,Greene,0.3362992319578475,12210
2011,19,87,Henry,0.2739574598366506,5872
2011,19,119,Lyon,0.2941371680300125,11793
2011,19,3,Adams,0.133904883844326,5518
2011,19,133,Monona,0.2779801577126785,12584
2011,19,91,Humboldt,0.2703162201571302,9106
2011,19,115,Louisa,0.3151981901433255,5886
2011,19,171,Tama,0.2328058060641747,12252
2011,19,135,Monroe,0.1910564190381572,2429
2011,19,117,Lucas,0.1283418173702996,2530
2011,19,57,Des Moines,0.2614005940619038,5339
2011,19,11,Benton,0.2784432518258491,13823
2011,19,113,Linn,0.3852359434188304,11326
2011,19,105,Jones,0.5646090502905704,11203
2011,19,103,Johnson,0.3128757166168673,8284
2011,19,183,Washington,0.3417425674353639,8464
2011,19,45,Clinton,0.4653291742685988,14110
2011,19,163,Scott,0.4542611573914962,7969
2011,19,139,Muscatine,0.3333955013751652,6572
2011,19,169,Story,0.3420357130697674,11557
2011,19,15,Boone,0.3946438635936651,11141
2011,19,121,Madison,0.0857790352613596,5737
2011,19,181,Warren,0.1728909528233732,5046
2011,19,49,Dallas,0.2568218854959027,9616
2011,19,153,Polk,0.2717792798290729,6187
2011,19,77,Guthrie,0.2564034701561513,9003
2011,19,99,Jasper,0.2491666614076825,12557
2011,31,43,Dakota,0.2839915346254619,4870
2011,31,51,Dixon,0.2926035390157344,8409
2011,31,53,Dodge,0.2376295620373691,10136
2011,31,25,Cass,0.1694078452186078,9217
2011,31,55,Douglas,0.2236662561687056,2213
2011,31,153,Sarpy,0.1931138587881129,2737
2011,31,155,Saunders,0.1605802152894254,12208
2011,31,177,Washington,0.1781068998887815,6596
2011,31,67,Gage,0.242340306422632,12457
2011,31,109,Lancaster,0.1342382154979829,8547
2011,31,159,Seward,0.2555356584277777,9304
2011,31,139,Pierce,0.2839848999525926,9918
2011,31,119,Madison,0.2251333860874255,9715
2011,31,167,Stanton,0.2697547396118178,6776
2011,31,117,McPherson,0.6575249134728064,441
2011,31,111,Lincoln,0.6652527927169566,15218
2011,31,113,Logan,0.6598188895569894,1766
2011,31,7,Banner,0.2900491839547984,925
2011,31,157,Scotts Bluff,0.4956999703560871,7123
2011,31,165,Sioux,0.5547984184541495,1344
2011,31,39,Cuming,0.2794977743873852,11398
2011,31,129,Nuckolls,0.3870620087939483,7255
2011,31,101,Keith,0.6281362918876232,8501
2011,31,137,Phelps,0.4634996972476113,11818
2011,31,181,Webster,0.2411561529733031,5420
2011,31,15,Boyd,0.2463268380808895,2371
2011,31,171,Thomas,0.6249410877556791,43
2011,31,89,Holt,0.5154065730887691,13574
2011,31,17,Brown,0.614075708835191,3152
2011,31,103,Keya Paha,0.5764765758565198,1106
2011,31,77,Greeley,0.4652585568008228,5229
2011,31,95,Jefferson,0.2174013478306065,7208
2011,31,151,Saline,0.3070357517024621,9696
2011,31,57,Dundy,0.7105011696795622,8495
2011,31,131,Otoe,0.1707198084773035,9024
2011,31,87,Hitchcock,0.3014232547013837,5068
2011,31,105,Kimball,0.3990881300133253,1514
2011,31,127,Nemaha,0.1835746940694194,7038
2011,31,41,Custer,0.6284826379446378,17005
2011,31,143,Polk,0.4087865727051026,8965
2011,31,45,Dawes,0.2241422100887261,380
2011,31,179,Wayne,0.2462133071446983,8924
2011,31,71,Garfield,0.5753381853842382,827
2011,31,13,Box Butte,0.3196570003840908,4745
2011,31,173,Thurston,0.1958775679423581,6973
2011,31,11,Boone,0.3467383160559255,11215
2011,31,145,Red Willow,0.3747077104223781,6442
2011,31,149,Rock,0.4481357957090945,1979
2011,31,5,Arthur,0.8284854356923458,193
2011,31,85,Hayes,0.6158995010431787,6094
2011,31,97,Johnson,0.2645608641601987,3787
2011,31,3,Antelope,0.3847656806644984,14980
2011,31,163,Sherman,0.5797878621800606,5248
2011,31,161,Sheridan,0.4309338984036061,2973
2011,31,133,Pawnee,0.2763963058719924,4221
2011,31,75,Grant,,0
2011,31,21,Burt,0.2488343486946971,9949
2011,31,9,Blaine,0.6816088995653169,278
2011,31,27,Cedar,0.3291233223770898,12745
2011,31,169,Thayer,0.3707332988609634,9320
2011,31,49,Deuel,0.4928078277004497,2196
2011,31,123,Morrill,0.5844605074433422,5134
2011,31,115,Loup,0.4834200383167875,524
2011,31,63,Frontier,0.3946640360695043,6856
2011,31,125,Nance,0.3984413297647556,5636
2011,31,107,Knox,0.3666969653465899,9804
2011,31,135,Perkins,0.6405994537746993,16176
2011,31,37,Colfax,0.3315492491269176,8068
2011,31,23,Butler,0.2995988595727349,10393
2011,31,31,Cherry,0.5705610256795072,1464
2011,31,183,Wheeler,0.6182345887795254,2935
2011,31,61,Franklin,0.2798043707681467,5618
2011,31,29,Chase,0.7608427822191154,13679
2011,31,59,Fillmore,0.4266719514275747,12955
2011,31,185,York,0.5352001733153514,14077
2011,31,35,Clay,0.4928828319760676,11949
2011,31,33,Cheyenne,0.3849063606093331,3416
2011,31,69,Garden,0.5261441392222052,2366
2011,31,83,Harlan,0.3303313727840935,6644
2011,31,91,Hooker,0.0,2
2011,31,147,Richardson,0.2139963189345333,9381
2011,31,65,Furnas,0.3396850676048824,7179
2011,31,175,Valley,0.5289062328205547,5040
2011,31,141,Platte,0.3690167593339291,13693
2011,31,121,Merrick,0.5414777610621561,8903
2011,31,79,Hall,0.7995182166580104,13110
2011,31,81,Hamilton,0.5611487487098624,13130
2011,31,93,Howard,0.5855076563304675,7344
2011,31,1,Adams,0.495284801022488,12147
2011,31,99,Kearney,0.4357391768853313,11325
2011,31,19,Buffalo,0.5806464854061658,13944
2011,31,73,Gosper,0.5204870679340317,6015
2011,31,47,Dawson,0.6250632887801029,13958
2011,37,37,Chatham,0.3014919366429988,140
2011,37,115,Madison,0.0,22
2011,37,87,Haywood,0.5079365079365079,63
2011,37,21,Buncombe,0.2828917486752459,156
2011,37,89,Henderson,0.4424875722836563,393
2011,37,175,Transylvania,0.3057880259846667,136
2011,37,167,Stanly,0.1107367167451949,845
2011,37,109,Lincoln,0.2994231462564594,134
2011,37,159,Rowan,0.1322588092090075,759
2011,37,25,Cabarrus,0.1199175227897554,331
2011,37,97,Iredell,0.2270318496325285,1259
2011,37,71,Gaston,0.2487359723763719,33
2011,37,179,Union,0.0464536775184917,2304
2011,37,119,Mecklenburg,0.0,63
2011,37,45,Cleveland,0.0568879755260269,170
2011,37,5,Alleghany,0.3819588915702754,95
2011,37,173,Swain,0.2,10
2011,37,11,Avery,0.0,1
2011,37,33,Caswell,0.1862254929498342,70
2011,37,75,Graham,0.0,1
2011,37,7,Anson,0.1187360456462416,663
2011,37,149,Polk,0.0013054830287206,7
2011,37,39,Cherokee,0.3645135352452425,45
2011,37,113,Macon,0.0952380952380952,42
2011,37,9,Ashe,0.0,9
2011,37,123,Montgomery,0.0605314322747893,124
2011,37,43,Clay,0.2470930232558139,11
2011,37,121,Mitchell,,0
2011,37,199,Yancey,0.75,4
2011,37,189,Watauga,,0
2011,37,99,Jackson,0.2857142857142857,7
2011,37,161,Rutherford,0.0,8
2011,37,193,Wilkes,0.5891164391669779,434
2011,37,125,Moore,0.2396002391731443,140
2011,37,153,Richmond,0.1270750332005312,243
2011,37,93,Hoke,0.0608567783998299,446
2011,37,165,Scotland,0.1698254588324624,402
2011,37,155,Robeson,0.1273274553155217,5035
2011,37,1,Alamance,0.2942784256559766,264
2011,37,151,Randolph,0.2362572851242007,562
2011,37,81,Guilford,0.2533344966355119,370
2011,37,157,Rockingham,0.2304757593882862,247
2011,37,171,Surry,0.2220101651323712,785
2011,37,57,Davidson,0.1483898425308554,484
2011,37,169,Stokes,0.3321417080756443,111
2011,37,67,Forsyth,0.1042256618920628,161
2011,37,197,Yadkin,0.2651784331304066,864
2011,37,59,Davie,0.1913959458263256,469
2011,37,27,Caldwell,0.4375,64
2011,37,3,Alexander,0.3440182603086389,159
2011,37,35,Catawba,0.1159117252664833,175
2011,37,23,Burke,0.7777777777777778,54
2011,37,111,McDowell,0.0333333333333333,30
2011,37,29,Camden,0.0638162562896183,1340
2011,37,139,Pasquotank,0.0501056467417932,1541
2011,37,143,Perquimans,0.0455148713809644,959
2011,37,177,Tyrrell,0.103886297740929,1869
2011,37,55,Dare,0.4,70
2011,37,73,Gates,0.0355497898187815,401
2011,37,53,Currituck,0.0918367346938775,1053
2011,37,19,Brunswick,0.1263903498939454,912
2011,37,31,Carteret,0.2625382451907354,1619
2011,37,137,Pamlico,0.1212269774593588,1058
2011,37,49,Craven,0.1276391147564166,1395
2011,37,103,Jones,0.2775383246017579,828
2011,37,85,Harnett,0.035495096488453,317
2011,37,63,Durham,0.40625,32
2011,37,145,Person,0.1030156127468453,168
2011,37,135,Orange,0.1975475331459306,180
2011,37,181,Vance,0.0,5
2011,37,77,Granville,0.3355687713526509,156
2011,37,69,Franklin,0.2886597938144329,97
2011,37,101,Johnston,0.0955130947288369,840
2011,37,183,Wake,0.0657691117301145,78
2011,37,105,Lee,0.2989629824100814,62
2011,37,131,Northampton,0.098925027218461,319
2011,37,83,Halifax,0.1885016109460646,282
2011,37,127,Nash,0.0821763299943604,148
2011,37,65,Edgecombe,0.1364335126825519,655
2011,37,195,Wilson,0.1331332533013205,668
2011,37,163,Sampson,0.208862606558636,3352
2011,37,185,Warren,0.0,23
2011,37,187,Washington,0.1252594394211323,2088
2011,37,61,Duplin,0.2054237314562976,4072
2011,37,91,Hertford,0.131488589573592,567
2011,37,17,Bladen,0.3048658969705738,2835
2011,37,95,Hyde,0.2363085959776451,2494
2011,37,15,Bertie,0.2169558536950982,844
2011,37,79,Greene,0.1619182498907688,799
2011,37,41,Chowan,0.0640276340528486,275
2011,37,117,Martin,0.1762430238457635,248
2011,37,47,Columbus,0.2072932976535652,3249
2011,37,191,Wayne,0.1661739202246263,2186
2011,37,133,Onslow,0.0944049794315084,808
2011,37,107,Lenoir,0.3053300627137282,1655
2011,37,129,New Hanover,0.420375865479723,50
2011,37,141,Pender,0.2503269205351092,1405
2011,37,51,Cumberland,0.2052846979322816,1000
2011,37,147,Pitt,0.1022731875936753,1180
2011,37,13,Beaufort,0.1183675283970924,3013
2012,17,121,Marion,0.0912419580662331,5492
2012,17,5,Bond,0.1385022304820083,4692
2012,17,83,Jersey,0.4358318990871658,4587
2012,17,163,St. Clair,0.1952071156167378,6582
2012,17,27,Clinton,0.224710399559945,6595
2012,17,13,Calhoun,0.5524503307989764,1605
2012,17,119,Madison,0.2333151305949067,7120
2012,17,133,Monroe,0.2743086349377405,3429
2012,17,117,Macoupin,0.4549541225982444,13967
2012,17,171,Scott,0.3702940110585701,4088
2012,17,137,Morgan,0.4138564561869031,10516
2012,17,107,Logan,0.4870392760733578,14722
2012,17,129,Menard,0.338956053540015,5931
2012,17,167,Sangamon,0.5246254014877043,16951
2012,17,21,Christian,0.3854669787637274,14588
2012,17,127,Massac,0.1217758479893241,1603
2012,17,57,Fulton,0.3734855552350381,10288
2012,17,175,Stark,0.4424326236374955,6492
2012,17,203,Woodford,0.3768226101609072,9968
2012,17,179,Tazewell,0.3886924506448909,10868
2012,17,123,Marshall,0.4637142273867115,7844
2012,17,143,Peoria,0.337419605313266,7484
2012,17,1,Adams,0.3368591635323483,10368
2012,17,177,Stephenson,0.6749694790826842,12252
2012,17,141,Ogle,0.7134311417484608,18131
2012,17,201,Winnebago,0.6137514337838845,7564
2012,17,7,Boone,0.5983481980108543,6204
2012,17,25,Clay,0.1431677026680381,6126
2012,17,185,Wabash,0.1646673259781571,3713
2012,17,9,Brown,0.3763582105538762,2668
2012,17,151,Pope,0.0481053353190081,507
2012,17,33,Crawford,0.1376772690535767,6141
2012,17,135,Montgomery,0.2958645184516144,11800
2012,17,55,Franklin,0.0765415266589169,3133
2012,17,23,Clark,0.1063960614936044,6919
2012,17,59,Gallatin,0.3049898583192054,5229
2012,17,75,Iroquois,0.3812598334998919,25275
2012,17,41,Douglas,0.2434961229522443,8513
2012,17,189,Washington,0.1552478322183567,7049
2012,17,159,Richland,0.1405927373173543,5351
2012,17,65,Hamilton,0.1124136841532781,4623
2012,17,193,White,0.145669472610679,6882
2012,17,169,Schuyler,0.3470460039840601,4357
2012,17,181,Union,0.1369295192158229,840
2012,17,85,Jo Daviess,0.6934171332367036,5890
2012,17,125,Mason,0.4963387210425137,10938
2012,17,191,Wayne,0.1239254082041829,9000
2012,17,69,Hardin,0.3191470598610181,236
2012,17,61,Greene,0.4025620892711791,8280
2012,17,157,Randolph,0.1313463086048106,4008
2012,17,149,Pike,0.5008717714896249,11831
2012,17,145,Perry,0.092565535420403,3442
2012,17,87,Johnson,0.0444631444881621,529
2012,17,173,Shelby,0.2599613095266351,12554
2012,17,51,Fayette,0.1384521470272345,8117
2012,17,139,Moultrie,0.3194805805552781,6804
2012,17,17,Cass,0.5312833922163246,6302
2012,17,15,Carroll,0.7839662089353429,10109
2012,17,47,Edwards,0.1242878348669457,2914
2012,17,79,Jasper,0.1269104108393738,7182
2012,17,187,Warren,0.4424368556460969,11507
2012,17,153,Pulaski,0.0621809434718695,1494
2012,17,165,Saline,0.1520496239826339,3474
2012,17,101,Lawrence,0.1922934157272992,5324
2012,17,45,Edgar,0.1945347226216627,11934
2012,17,71,Henderson,0.5027815605627672,6688
2012,17,199,Williamson,0.0373337437730168,1068
2012,17,77,Jackson,0.1267964579201857,2369
2012,17,147,Piatt,0.3187998746251462,9413
2012,17,53,Ford,0.2868052593554134,10824
2012,17,19,Champaign,0.2739541577141389,19784
2012,17,29,Coles,0.1744250129906194,8356
2012,17,35,Cumberland,0.123456391106426,4808
2012,17,183,Vermilion,0.225676018622451,16043
2012,17,115,Macon,0.4150933141127968,11500
2012,17,49,Effingham,0.1249256086978179,6084
2012,17,67,Hancock,0.2648450592753461,11591
2012,17,95,Knox,0.3900222551265954,11101
2012,17,109,McDonough,0.3939743226456622,10539
2012,17,81,Jefferson,0.0608819377915842,3509
2012,17,113,McLean,0.279722179832523,22939
2012,17,39,De Witt,0.2589081357330709,7497
2012,17,105,Livingston,0.2431874686641407,21864
2012,17,3,Alexander,0.0595318257486485,868
2012,17,93,Kendall,0.5331666924747819,6505
2012,17,31,Cook,0.1852891477090228,285
2012,17,37,DeKalb,0.6625756359029804,16285
2012,17,89,Kane,0.5603644833272369,6809
2012,17,63,Grundy,0.3539885204386057,7821
2012,17,111,McHenry,0.5652794287709415,7875
2012,17,197,Will,0.2510967571616526,7408
2012,17,43,DuPage,0.4062157152044793,211
2012,17,97,Lake,0.2616326795126588,741
2012,17,91,Kankakee,0.4940424154207918,14639
2012,17,11,Bureau,0.6656778262514383,21333
2012,17,155,Putnam,0.5543601118391419,2811
2012,17,99,LaSalle,0.422536810327494,22428
2012,17,131,Mercer,0.387179601819126,10108
2012,17,161,Rock Island,0.4453802656292447,5173
2012,17,73,Henry,0.464318501043524,17468
2012,17,103,Lee,0.7208863370205718,19824
2012,17,195,Whiteside,0.7619239614818959,18097
2012,19,149,Plymouth,0.2374361977604102,15453
2012,19,193,Woodbury,0.3173384068278037,14781
2012,19,27,Carroll,0.4730765961811814,13526
2012,19,61,Dubuque,0.7360504966301061,8728
2012,19,101,Jefferson,0.2300251455306009,4723
2012,19,187,Webster,0.4012014715773251,14780
2012,19,111,Lee,0.2162933613220905,5239
2012,19,127,Marshall,0.2855420076099946,9920
2012,19,195,Worth,0.3855380932810218,8152
2012,19,33,Cerro Gordo,0.4873049062424929,11735
2012,19,51,Davis,0.1470372623725838,3183
2012,19,179,Wapello,0.2009150557126772,3991
2012,19,41,Clay,0.2580340988234768,10606
2012,19,59,Dickinson,0.2169175850940753,6275
2012,19,21,Buena Vista,0.2695322905183614,11616
2012,19,13,Black Hawk,0.4197259877277567,10148
2012,19,75,Grundy,0.3000800876325677,10268
2012,19,17,Bremer,0.4993628456898576,8576
2012,19,85,Harrison,0.4192775074741496,13025
2012,19,129,Mills,0.1859589126849843,6644
2012,19,155,Pottawattamie,0.2808107123847944,16936
2012,19,123,Mahaska,0.317602641502753,8957
2012,19,125,Marion,0.17379544027224,5445
2012,19,53,Decatur,0.0993836211453339,2605
2012,19,31,Cedar,0.4296667702619099,10798
2012,19,151,Pocahontas,0.2727859147430103,12484
2012,19,109,Kossuth,0.343577845007081,20760
2012,19,89,Howard,0.3633478499779705,8805
2012,19,147,Palo Alto,0.3788719340147714,11774
2012,19,159,Ringgold,0.0836604447369297,3927
2012,19,25,Calhoun,0.3554101718477322,12864
2012,19,39,Clarke,0.1256885651456845,2884
2012,19,65,Fayette,0.4773858801713877,12607
2012,19,1,Adair,0.1230318063549191,8480
2012,19,37,Chickasaw,0.4458306179443674,9813
2012,19,81,Hancock,0.489198590251245,13625
2012,19,157,Poweshiek,0.3245878412932775,9959
2012,19,165,Shelby,0.3078535503659408,12987
2012,19,185,Wayne,0.0523038130170155,4137
2012,19,97,Jackson,0.5415459686717596,6527
2012,19,43,Clayton,0.667676563804556,9033
2012,19,7,Appanoose,0.10689100292389,2564
2012,19,177,Van Buren,0.1532665063030644,3496
2012,19,197,Wright,0.3314718161504905,12410
2012,19,137,Montgomery,0.1655209207260752,6590
2012,19,175,Union,0.1339410533630025,4335
2012,19,107,Keokuk,0.2714746265429243,7656
2012,19,131,Mitchell,0.4775549548614539,10095
2012,19,191,Winneshiek,0.60411527916191,9022
2012,19,161,Sac,0.3340545397852037,12061
2012,19,55,Delaware,0.7688318600077914,13663
2012,19,67,Floyd,0.3916315658183263,9702
2012,19,9,Audubon,0.2614009929369134,8983
2012,19,79,Hamilton,0.5326306725355419,14324
2012,19,69,Franklin,0.5142716590614973,13753
2012,19,141,O'Brien,0.2141872084445008,11419
2012,19,167,Sioux,0.4232738017301629,17127
2012,19,5,Allamakee,0.5725550731065825,4077
2012,19,189,Winnebago,0.4012443216840617,8688
2012,19,93,Ida,0.3099386821529374,9173
2012,19,29,Cass,0.2606604586618778,10138
2012,19,83,Hardin,0.5221834193172803,12664
2012,19,173,Taylor,0.1380925922858027,6221
2012,19,145,Page,0.1007383576363557,7396
2012,19,35,Cherokee,0.17278929213715,10072
2012,19,71,Fremont,0.2068327337462645,7571
2012,19,95,Iowa,0.3292730340660794,8140
2012,19,23,Butler,0.4584325059503564,11689
2012,19,63,Emmet,0.287319081046245,7454
2012,19,47,Crawford,0.3500189247471331,14503
2012,19,19,Buchanan,0.6081863406208594,13412
2012,19,143,Osceola,0.2515786963269172,8035
2012,19,73,Greene,0.402780229163097,12180
2012,19,87,Henry,0.2545272831552495,5360
2012,19,119,Lyon,0.3518709873745961,12007
2012,19,3,Adams,0.1427033463078276,5455
2012,19,133,Monona,0.355364785063205,11986
2012,19,91,Humboldt,0.3515817849871395,9378
2012,19,115,Louisa,0.2582300266911631,5288
2012,19,171,Tama,0.2859125253754092,10827
2012,19,135,Monroe,0.192470180809627,2110
2012,19,117,Lucas,0.1026734954270985,2009
2012,19,57,Des Moines,0.243866258226496,5136
2012,19,11,Benton,0.3300802426997613,13029
2012,19,113,Linn,0.4648704221790848,10464
2012,19,105,Jones,0.6168719530507729,10508
2012,19,103,Johnson,0.3299406399547392,7129
2012,19,183,Washington,0.3407500240137636,7868
2012,19,45,Clinton,0.4945183200763098,13021
2012,19,163,Scott,0.4869424461007015,7395
2012,19,139,Muscatine,0.3203938234008116,6220
2012,19,169,Story,0.4130819151749669,11458
2012,19,15,Boone,0.447736349113517,11480
2012,19,121,Madison,0.1329803924894415,5619
2012,19,181,Warren,0.1849812813004348,4906
2012,19,49,Dallas,0.3321246959812196,10302
2012,19,153,Polk,0.327349868402354,6209
2012,19,77,Guthrie,0.3223890229324488,8667
2012,19,99,Jasper,0.3041923934937091,12129
2012,31,43,Dakota,0.3635908665900093,4864
2012,31,51,Dixon,0.3615577431634512,8048
2012,31,53,Dodge,0.2949857578022234,10757
2012,31,25,Cass,0.2203886084462623,8190
2012,31,55,Douglas,0.3003388639791722,2295
2012,31,153,Sarpy,0.2627653972960055,2422
2012,31,155,Saunders,0.2017066613323671,12548
2012,31,177,Washington,0.2439710057425455,5830
2012,31,67,Gage,0.3279232294985209,11180
2012,31,109,Lancaster,0.1310355189060318,9024
2012,31,159,Seward,0.3041747975978305,9651
2012,31,139,Pierce,0.3604700996209878,10406
2012,31,119,Madison,0.3014860692924067,9550
2012,31,167,Stanton,0.3460151252799768,6698
2012,31,117,McPherson,0.7969383119832835,439
2012,31,111,Lincoln,0.7169002887005812,16061
2012,31,113,Logan,0.7496119779700888,1888
2012,31,7,Banner,0.3144162938857122,771
2012,31,157,Scotts Bluff,0.5954488489751574,6887
2012,31,165,Sioux,0.6859710618235844,1304
2012,31,39,Cuming,0.3569097008270531,12399
2012,31,129,Nuckolls,0.4172348124831923,7957
2012,31,101,Keith,0.7117887247754099,8958
2012,31,137,Phelps,0.4882613202242718,12179
2012,31,181,Webster,0.3357014093248651,5951
2012,31,15,Boyd,0.3935009103123386,2117
2012,31,171,Thomas,0.7418078055964654,44
2012,31,89,Holt,0.6063653997928456,13878
2012,31,17,Brown,0.7904673587164965,3052
2012,31,103,Keya Paha,0.6166938551798171,1217
2012,31,77,Greeley,0.5275663962479591,5285
2012,31,95,Jefferson,0.2521042646314428,6875
2012,31,151,Saline,0.3352015360031954,9850
2012,31,57,Dundy,0.7730503882662347,8378
2012,31,131,Otoe,0.1958064530314826,9001
2012,31,87,Hitchcock,0.4287216871922347,4999
2012,31,105,Kimball,0.5436571575064446,1384
2012,31,127,Nemaha,0.2894285208775656,5825
2012,31,41,Custer,0.6778515329426406,17719
2012,31,143,Polk,0.4536609702239708,9235
2012,31,45,Dawes,0.3648530270585945,406
2012,31,179,Wayne,0.3356814739681973,9202
2012,31,71,Garfield,0.6681083015475391,911
2012,31,13,Box Butte,0.4072370038035275,4844
2012,31,173,Thurston,0.3043574847684234,7350
2012,31,11,Boone,0.401999655473283,11307
2012,31,145,Red Willow,0.4352035211537026,6517
2012,31,149,Rock,0.5075667115836686,2003
2012,31,5,Arthur,0.6516553851821154,257
2012,31,85,Hayes,0.6796453676034064,6338
2012,31,97,Johnson,0.3759388037395239,3573
2012,31,3,Antelope,0.4556658210796223,14432
2012,31,163,Sherman,0.5891894114028705,5217
2012,31,161,Sheridan,0.4819405514156518,3215
2012,31,133,Pawnee,0.4265803085956942,3165
2012,31,75,Grant,0.0,3
2012,31,21,Burt,0.2903249215207678,9285
2012,31,9,Blaine,0.7808386483919121,263
2012,31,27,Cedar,0.4029061033332017,13495
2012,31,169,Thayer,0.3941840955205239,10180
2012,31,49,Deuel,0.5145593637217141,2228
2012,31,123,Morrill,0.6687146490112686,5034
2012,31,115,Loup,0.5824360088082587,588
2012,31,63,Frontier,0.4490049055424547,7000
2012,31,125,Nance,0.4158049270782777,5766
2012,31,107,Knox,0.4618440513831891,10075
2012,31,135,Perkins,0.6829817382296497,18589
2012,31,37,Colfax,0.3805373566774946,7823
2012,31,23,Butler,0.3356035612306584,10359
2012,31,31,Cherry,0.6604739821901049,1379
2012,31,183,Wheeler,0.649357699298187,2958
2012,31,61,Franklin,0.344081434565935,6150
2012,31,29,Chase,0.8181619183034317,14099
2012,31,59,Fillmore,0.4658179226207728,13765
2012,31,185,York,0.5722692130293857,14604
2012,31,35,Clay,0.5259970482638242,12569
2012,31,33,Cheyenne,0.4135684030780832,4438
2012,31,69,Garden,0.5968012114063262,2428
2012,31,83,Harlan,0.3914367584379684,7173
2012,31,91,Hooker,0.0,7
2012,31,147,Richardson,0.3147845768413821,7552
2012,31,65,Furnas,0.413958841552146,7503
2012,31,175,Valley,0.5794149612274793,5059
2012,31,141,Platte,0.4173161424809062,13589
2012,31,121,Merrick,0.544898110886981,9382
2012,31,79,Hall,0.8151656301919266,13475
2012,31,81,Hamilton,0.5865170763974583,14078
2012,31,93,Howard,0.6343156168611943,7385
2012,31,1,Adams,0.5257486483681568,12811
2012,31,99,Kearney,0.4728434075787495,11210
2012,31,19,Buffalo,0.6031648874030445,13697
2012,31,73,Gosper,0.5715614864511848,5963
2012,31,47,Dawson,0.6467366337289767,14985
2012,37,37,Chatham,0.2298198045529006,148
2012,37,115,Madison,0.0526315789473684,19
2012,37,87,Haywood,0.44,100
2012,37,21,Buncombe,0.5685282962742619,107
2012,37,89,Henderson,0.5579801370821095,399
2012,37,175,Transylvania,0.6118821587039521,154
2012,37,167,Stanly,0.1102242477686481,972
2012,37,109,Lincoln,0.1597385144523153,176
2012,37,159,Rowan,0.0677024231471493,856
2012,37,25,Cabarrus,0.1093713194728555,327
2012,37,97,Iredell,0.1969005903784026,1290
2012,37,71,Gaston,0.2611135857461025,46
2012,37,179,Union,0.0289683312688756,2653
2012,37,119,Mecklenburg,0.0122696434585959,86
2012,37,45,Cleveland,0.1186463759234671,232
2012,37,5,Alleghany,0.4341085271317829,129
2012,37,173,Swain,0.4444444444444444,9
2012,37,11,Avery,,0
2012,37,33,Caswell,0.2390731729095049,88
2012,37,75,Graham,0.0,2
2012,37,7,Anson,0.1480452894680623,651
2012,37,149,Polk,0.0,7
2012,37,39,Cherokee,0.1971928096527949,85
2012,37,113,Macon,0.5416666666666666,24
2012,37,9,Ashe,0.0,6
2012,37,123,Montgomery,0.0591601154343715,166
2012,37,43,Clay,0.0455237304552373,34
2012,37,121,Mitchell,,0
2012,37,199,Yancey,0.5,6
2012,37,189,Watauga,0.0,1
2012,37,99,Jackson,0.5,4
2012,37,161,Rutherford,0.0,30
2012,37,193,Wilkes,0.5265407251222853,559
2012,37,125,Moore,0.2637060461279345,117
2012,37,153,Richmond,0.257225212843126,216
2012,37,93,Hoke,0.0806616181745715,501
2012,37,165,Scotland,0.2529237526173331,465
2012,37,155,Robeson,0.1556972119148071,4969
2012,37,1,Alamance,0.2009582952431989,255
2012,37,151,Randolph,0.1559490666788371,432
2012,37,81,Guilford,0.2233020218178319,332
2012,37,157,Rockingham,0.3269686345115133,253
2012,37,171,Surry,0.2366215023413306,807
2012,37,57,Davidson,0.1303457739983352,535
2012,37,169,Stokes,0.2529761904761904,143
2012,37,67,Forsyth,0.2784638144983545,145
2012,37,197,Yadkin,0.2270313287317342,1011
2012,37,59,Davie,0.157614224019784,671
2012,37,27,Caldwell,0.2928163733999797,117
2012,37,3,Alexander,0.2747909199522103,170
2012,37,35,Catawba,0.1044671662427666,230
2012,37,23,Burke,0.3838383838383838,99
2012,37,111,McDowell,0.180327868852459,61
2012,37,29,Camden,0.0668134402000983,1215
2012,37,139,Pasquotank,0.137112420113772,1796
2012,37,143,Perquimans,0.0651399438644226,1162
2012,37,177,Tyrrell,0.137042895498158,1894
2012,37,55,Dare,0.0461538461538461,65
2012,37,73,Gates,0.0678534961154273,444
2012,37,53,Currituck,0.0545843443875258,1102
2012,37,19,Brunswick,0.2191903620348927,579
2012,37,31,Carteret,0.1331316187594553,1322
2012,37,137,Pamlico,0.1885766092475068,1103
2012,37,49,Craven,0.1152159553510892,1365
2012,37,103,Jones,0.2037521209728195,755
2012,37,85,Harnett,0.0564909171466548,287
2012,37,63,Durham,0.2837699024139702,46
2012,37,145,Person,0.0794563888689149,164
2012,37,135,Orange,0.2195971244570914,212
2012,37,181,Vance,0.0,7
2012,37,77,Granville,0.4476392251815981,131
2012,37,69,Franklin,0.2751869266939027,102
2012,37,101,Johnston,0.1094598075033624,836
2012,37,183,Wake,0.0770027177429791,94
2012,37,105,Lee,0.1419997525058779,68
2012,37,131,Northampton,0.0609643159740694,406
2012,37,83,Halifax,0.1815954499052063,270
2012,37,127,Nash,0.0547663608750345,130
2012,37,65,Edgecombe,0.0990952265041147,765
2012,37,195,Wilson,0.0723426212590299,771
2012,37,163,Sampson,0.1986717956061096,2854
2012,37,185,Warren,0.0,25
2012,37,187,Washington,0.1385080937895083,2240
2012,37,61,Duplin,0.2171525312791077,3160
2012,37,91,Hertford,0.1094743890190826,630
2012,37,17,Bladen,0.3464211162381894,2014
2012,37,95,Hyde,0.2141957160856782,2493
2012,37,15,Bertie,0.1392460944731632,836
2012,37,79,Greene,0.1331893762134713,650
2012,37,41,Chowan,0.0552084953032534,446
2012,37,117,Martin,0.1581885856079405,274
2012,37,47,Columbus,0.1769751735359516,2951
2012,37,191,Wayne,0.2036778896497988,1776
2012,37,133,Onslow,0.0794922923537081,622
2012,37,107,Lenoir,0.2787051669823861,1529
2012,37,129,New Hanover,0.2558139534883721,86
2012,37,141,Pender,0.2250625418989845,1210
2012,37,51,Cumberland,0.2448702302899747,800
2012,37,147,Pitt,0.056214814179267,1196
2012,37,13,Beaufort,0.1370976554836823,3001
2013,17,121,Marion,0.1565002206263725,4620
2013,17,5,Bond,0.1576704516048897,3857
2013,17,83,Jersey,0.387631330745103,4002
2013,17,163,St. Clair,0.2184425370768769,5183
2013,17,27,Clinton,0.2268626288738033,4998
2013,17,13,Calhoun,0.4798279161870897,1190
2013,17,119,Madison,0.2266408163584715,6089
2013,17,133,Monroe,0.2703303491240404,2931
2013,17,117,Macoupin,0.4042138311291082,11613
2013,17,171,Scott,0.3754043046214592,3129
2013,17,137,Morgan,0.3866187320754515,9073
2013,17,107,Logan,0.4532298860580729,13139
2013,17,129,Menard,0.3532724935595535,5247
2013,17,167,Sangamon,0.4760754183545918,15195
2013,17,21,Christian,0.327951955275681,13345
2013,17,127,Massac,0.1112242813611396,1413
2013,17,57,Fulton,0.3193216018492585,8448
2013,17,175,Stark,0.3501723256703804,5729
2013,17,203,Woodford,0.3209589408295745,8514
2013,17,179,Tazewell,0.3463880941344137,9997
2013,17,123,Marshall,0.4038711655356607,6745
2013,17,143,Peoria,0.2874491490256926,6845
2013,17,1,Adams,0.3051685822517811,8801
2013,17,177,Stephenson,0.6339600701264037,10698
2013,17,141,Ogle,0.6791537414816654,16639
2013,17,201,Winnebago,0.5903748090028397,6355
2013,17,7,Boone,0.5793516389072054,5199
2013,17,25,Clay,0.2100188144799163,4765
2013,17,185,Wabash,0.1813389949382642,2921
2013,17,9,Brown,0.3616282305296578,2368
2013,17,151,Pope,0.059930441522943,399
2013,17,33,Crawford,0.2016028738884466,4753
2013,17,135,Montgomery,0.2690557196888383,10321
2013,17,55,Franklin,0.1168960257463249,2392
2013,17,23,Clark,0.1806672930948984,5950
2013,17,59,Gallatin,0.4322076183626661,4597
2013,17,75,Iroquois,0.388426193720854,24216
2013,17,41,Douglas,0.2157684767406384,7900
2013,17,189,Washington,0.1450656795093303,5625
2013,17,159,Richland,0.2281398593576313,3988
2013,17,65,Hamilton,0.110237787995851,3892
2013,17,193,White,0.2137108499940837,5900
2013,17,169,Schuyler,0.3200934735585223,3552
2013,17,181,Union,0.1460811873009952,892
2013,17,85,Jo Daviess,0.5529969694463909,5500
2013,17,125,Mason,0.5771458521401154,9926
2013,17,191,Wayne,0.1609066939659299,6446
2013,17,69,Hardin,0.1863187588152327,122
2013,17,61,Greene,0.3460615595404895,6913
2013,17,157,Randolph,0.1460817609074388,3285
2013,17,149,Pike,0.4862742625080401,9375
2013,17,145,Perry,0.0812846986819358,2767
2013,17,87,Johnson,0.058542230762512,366
2013,17,173,Shelby,0.2442149643785734,11175
2013,17,51,Fayette,0.1690971124220494,6578
2013,17,139,Moultrie,0.2798432933486574,6121
2013,17,17,Cass,0.4904958711515475,5827
2013,17,15,Carroll,0.7458571390414184,9199
2013,17,47,Edwards,0.1610216942517288,2577
2013,17,79,Jasper,0.1636040710953524,6146
2013,17,187,Warren,0.3830370677486064,9759
2013,17,153,Pulaski,0.1001231964892065,1293
2013,17,165,Saline,0.2063152176659339,3141
2013,17,101,Lawrence,0.1970859280109507,4122
2013,17,45,Edgar,0.2260262914334247,10937
2013,17,71,Henderson,0.4489237587048926,5980
2013,17,199,Williamson,0.092677501361903,1060
2013,17,77,Jackson,0.1440347104665172,2081
2013,17,147,Piatt,0.2746439800258921,8814
2013,17,53,Ford,0.2547383089410551,9801
2013,17,19,Champaign,0.2293265584646651,18642
2013,17,29,Coles,0.1579429248765484,7806
2013,17,35,Cumberland,0.1549471781134185,4486
2013,17,183,Vermilion,0.2388786536468438,16038
2013,17,115,Macon,0.3295515658727411,10288
2013,17,49,Effingham,0.172777048396545,5213
2013,17,67,Hancock,0.2569211588142217,10223
2013,17,95,Knox,0.2926495593247294,10087
2013,17,109,McDonough,0.3504866684824242,9007
2013,17,81,Jefferson,0.0829130102319484,2748
2013,17,113,McLean,0.2115781510899546,21455
2013,17,39,De Witt,0.2190522762915527,7198
2013,17,105,Livingston,0.2250125216813361,19886
2013,17,3,Alexander,0.1107931948108429,696
2013,17,93,Kendall,0.513262146699386,5706
2013,17,31,Cook,0.1669813299769246,252
2013,17,37,DeKalb,0.6152821937216294,15316
2013,17,89,Kane,0.5600173038078597,5859
2013,17,63,Grundy,0.3310151409433057,7330
2013,17,111,McHenry,0.5759382878442322,6774
2013,17,197,Will,0.25012546476513,7276
2013,17,43,DuPage,0.3467318005628418,151
2013,17,97,Lake,0.2013854469069366,674
2013,17,91,Kankakee,0.4877642653973412,13677
2013,17,11,Bureau,0.6058708284572006,18799
2013,17,155,Putnam,0.4978686600358312,2343
2013,17,99,LaSalle,0.3694376266796333,20582
2013,17,131,Mercer,0.3454496585611895,9319
2013,17,161,Rock Island,0.3968419908242918,4579
2013,17,73,Henry,0.4106204407195735,15645
2013,17,103,Lee,0.702563514052603,18124
2013,17,195,Whiteside,0.7421728942376228,16423
2013,19,149,Plymouth,0.2564991644395888,14628
2013,19,193,Woodbury,0.3367464808696997,14063
2013,19,27,Carroll,0.5234519800860342,12875
2013,19,61,Dubuque,0.6472556344973038,8248
2013,19,101,Jefferson,0.2039638039193915,4285
2013,19,187,Webster,0.4167174404995071,13347
2013,19,111,Lee,0.2197036238068212,4765
2013,19,127,Marshall,0.2954815518688166,9993
2013,19,195,Worth,0.4309359421549935,6966
2013,19,33,Cerro Gordo,0.476623911585226,9750
2013,19,51,Davis,0.1676068890064267,2739
2013,19,179,Wapello,0.2071761257834631,3412
2013,19,41,Clay,0.2955988322622519,10506
2013,19,59,Dickinson,0.2564776949579337,6551
2013,19,21,Buena Vista,0.3011153259405434,11015
2013,19,13,Black Hawk,0.4182133142715483,9372
2013,19,75,Grundy,0.309109119226687,10365
2013,19,17,Bremer,0.5012392463854891,7910
2013,19,85,Harrison,0.4442608876239721,11841
2013,19,129,Mills,0.1563480102905579,6157
2013,19,155,Pottawattamie,0.2967289684190729,15636
2013,19,123,Mahaska,0.3084554747397422,7409
2013,19,125,Marion,0.2111489403432771,5589
2013,19,53,Decatur,0.1435437401106066,3094
2013,19,31,Cedar,0.3695699230270916,10082
2013,19,151,Pocahontas,0.3187431516880746,11706
2013,19,109,Kossuth,0.364192624875488,20325
2013,19,89,Howard,0.3741138990627041,5810
2013,19,147,Palo Alto,0.3927215388670186,11281
2013,19,159,Ringgold,0.1359250208504226,4625
2013,19,25,Calhoun,0.3944693010879849,11875
2013,19,39,Clarke,0.1852560315150256,2830
2013,19,65,Fayette,0.4412637111978365,11172
2013,19,1,Adair,0.1705423602106128,8587
2013,19,37,Chickasaw,0.4697760109911144,8803
2013,19,81,Hancock,0.5182621625960379,12130
2013,19,157,Poweshiek,0.3373812012686979,9078
2013,19,165,Shelby,0.3703635236567164,11865
2013,19,185,Wayne,0.1435209501999426,4532
2013,19,97,Jackson,0.4597085715616136,5982
2013,19,43,Clayton,0.5663183014790301,8344
2013,19,7,Appanoose,0.1387367884884758,2247
2013,19,177,Van Buren,0.1594773567164797,2976
2013,19,197,Wright,0.3586991949219044,11552
2013,19,137,Montgomery,0.1764432153847653,6135
2013,19,175,Union,0.1663034890771125,4330
2013,19,107,Keokuk,0.2518591602352565,6736
2013,19,131,Mitchell,0.4905505929763457,7297
2013,19,191,Winneshiek,0.5034015625928161,7612
2013,19,161,Sac,0.3564855920574702,11714
2013,19,55,Delaware,0.7319948189393741,12528
2013,19,67,Floyd,0.3938431330021092,8283
2013,19,9,Audubon,0.3134145360432958,8614
2013,19,79,Hamilton,0.5614125454392774,13040
2013,19,69,Franklin,0.5239834414579858,12693
2013,19,141,O'Brien,0.252654056390931,11316
2013,19,167,Sioux,0.4439557647802555,16033
2013,19,5,Allamakee,0.413924298090347,3727
2013,19,189,Winnebago,0.4528839443655966,7935
2013,19,93,Ida,0.3418598728724191,8540
2013,19,29,Cass,0.2781184456265321,9466
2013,19,83,Hardin,0.5287128011894179,12101
2013,19,173,Taylor,0.1548089707320787,6780
2013,19,145,Page,0.1242741815947705,7380
2013,19,35,Cherokee,0.1957098998681408,9571
2013,19,71,Fremont,0.1614776060834007,7043
2013,19,95,Iowa,0.3207638123721079,7250
2013,19,23,Butler,0.4688062550815367,11093
2013,19,63,Emmet,0.3126920712172752,7676
2013,19,47,Crawford,0.3817674157339078,13686
2013,19,19,Buchanan,0.5916592930113312,12209
2013,19,143,Osceola,0.2665666765141817,7849
2013,19,73,Greene,0.429315408218427,12151
2013,19,87,Henry,0.2200648757175484,4858
2013,19,119,Lyon,0.380446594653208,11875
2013,19,3,Adams,0.1687990809259685,5509
2013,19,133,Monona,0.3492439237082466,12120
2013,19,91,Humboldt,0.3558548647192341,8119
2013,19,115,Louisa,0.2496084519426279,5225
2013,19,171,Tama,0.2472197002407299,10754
2013,19,135,Monroe,0.1847203930999206,1724
2013,19,117,Lucas,0.1532916827840423,2451
2013,19,57,Des Moines,0.2268669283224066,4521
2013,19,11,Benton,0.2951313514976453,11971
2013,19,113,Linn,0.4204467165076365,9876
2013,19,105,Jones,0.5621224840157282,9437
2013,19,103,Johnson,0.2719191684389455,7110
2013,19,183,Washington,0.3130963335549203,7255
2013,19,45,Clinton,0.4477665998689302,12298
2013,19,163,Scott,0.4350264694028712,6936
2013,19,139,Muscatine,0.2908714430772209,5786
2013,19,169,Story,0.4007033762205718,10806
2013,19,15,Boone,0.4666093131865396,10758
2013,19,121,Madison,0.1777809720787476,5333
2013,19,181,Warren,0.2004887063100609,4984
2013,19,49,Dallas,0.4047534026786429,9769
2013,19,153,Polk,0.3477736490015644,5869
2013,19,77,Guthrie,0.3253190241798543,8353
2013,19,99,Jasper,0.3049435843074261,11241
2013,31,43,Dakota,0.3549859179500421,4718
2013,31,51,Dixon,0.3514202942391253,8169
2013,31,53,Dodge,0.3526910452111465,10398
2013,31,25,Cass,0.1079205218118339,8304
2013,31,55,Douglas,0.3192232488304104,2091
2013,31,153,Sarpy,0.1778965030024726,2223
2013,31,155,Saunders,0.2268031306599705,12016
2013,31,177,Washington,0.1985909303289475,5711
2013,31,67,Gage,0.1832728447416115,10949
2013,31,109,Lancaster,0.1511233438160088,9071
2013,31,159,Seward,0.3475304299894274,9632
2013,31,139,Pierce,0.3993308244782825,10165
2013,31,119,Madison,0.321050983966318,9849
2013,31,167,Stanton,0.3543304117506244,6946
2013,31,117,McPherson,0.728372177136786,349
2013,31,111,Lincoln,0.7307921921221842,15060
2013,31,113,Logan,0.7396278853230316,1698
2013,31,7,Banner,0.2065643060467523,915
2013,31,157,Scotts Bluff,0.5533465505923827,6507
2013,31,165,Sioux,0.5947565543071163,1041
2013,31,39,Cuming,0.3834888838873566,10569
2013,31,129,Nuckolls,0.4610102108697717,7537
2013,31,101,Keith,0.6862859577113147,8084
2013,31,137,Phelps,0.5092324892127302,11846
2013,31,181,Webster,0.3853604166836721,5354
2013,31,15,Boyd,0.3829786237518032,2533
2013,31,171,Thomas,0.6686467421570448,43
2013,31,89,Holt,0.5874874927680742,13647
2013,31,17,Brown,0.700316522246973,2931
2013,31,103,Keya Paha,0.6192068516365775,1125
2013,31,77,Greeley,0.520908271661416,5158
2013,31,95,Jefferson,0.2306390860327728,7006
2013,31,151,Saline,0.3459850001468926,9449
2013,31,57,Dundy,0.7266955107983774,6965
2013,31,131,Otoe,0.1329764332816492,8270
2013,31,87,Hitchcock,0.3163744960982285,4274
2013,31,105,Kimball,0.4667242818676731,1344
2013,31,127,Nemaha,0.1475589417813672,5736
2013,31,41,Custer,0.6884880456803314,17006
2013,31,143,Polk,0.4704398381091839,8791
2013,31,45,Dawes,0.2519124521886953,480
2013,31,179,Wayne,0.3337878257654287,8421
2013,31,71,Garfield,0.6851107732406604,882
2013,31,13,Box Butte,0.3563245422476063,3979
2013,31,173,Thurston,0.3198504605172758,6488
2013,31,11,Boone,0.4224413884430453,11412
2013,31,145,Red Willow,0.3659227210773523,5252
2013,31,149,Rock,0.4721812520485088,2023
2013,31,5,Arthur,0.777940220922677,170
2013,31,85,Hayes,0.6529661939134533,5240
2013,31,97,Johnson,0.2128184907816128,3689
2013,31,3,Antelope,0.4432877620092564,14258
2013,31,163,Sherman,0.5778945142630971,5277
2013,31,161,Sheridan,0.4386005538502816,2461
2013,31,133,Pawnee,0.0961212636830108,3292
2013,31,75,Grant,0.0,1
2013,31,21,Burt,0.2270149807431405,8846
2013,31,9,Blaine,0.5918931502065996,271
2013,31,27,Cedar,0.4502892127179542,13256
2013,31,169,Thayer,0.4509703346291081,9548
2013,31,49,Deuel,0.4710602557724389,2039
2013,31,123,Morrill,0.653951241884906,4439
2013,31,115,Loup,0.604147758213832,523
2013,31,63,Frontier,0.3899179111207517,6505
2013,31,125,Nance,0.4179523112084403,5639
2013,31,107,Knox,0.4827165573752865,10307
2013,31,135,Perkins,0.7242225991841172,15863
2013,31,37,Colfax,0.3827982361439663,7994
2013,31,23,Butler,0.3450450383913754,10143
2013,31,31,Cherry,0.5906699715873508,1190
2013,31,183,Wheeler,0.6276822336081325,2631
2013,31,61,Franklin,0.39134712345996,5351
2013,31,29,Chase,0.8167617329562777,12303
2013,31,59,Fillmore,0.511710756484951,13081
2013,31,185,York,0.6145600273084143,14506
2013,31,35,Clay,0.5767977463594693,12599
2013,31,33,Cheyenne,0.4501883180227129,3021
2013,31,69,Garden,0.5388506648086859,2177
2013,31,83,Harlan,0.3773945480405385,6048
2013,31,91,Hooker,0.0,3
2013,31,147,Richardson,0.1982580992526343,7108
2013,31,65,Furnas,0.352739002418431,6065
2013,31,175,Valley,0.5745996548951025,5067
2013,31,141,Platte,0.4320693971884413,13616
2013,31,121,Merrick,0.5739261579743945,8920
2013,31,79,Hall,0.823989089733489,12610
2013,31,81,Hamilton,0.655182254896229,13737
2013,31,93,Howard,0.6232364082801003,7242
2013,31,1,Adams,0.5780962159352204,12537
2013,31,99,Kearney,0.4823779308298478,11105
2013,31,19,Buffalo,0.5758715971310437,13459
2013,31,73,Gosper,0.5177455566984084,5413
2013,31,47,Dawson,0.6957901774604046,13853
2013,37,37,Chatham,0.1562305061412377,188
2013,37,115,Madison,0.0469008644473055,65
2013,37,87,Haywood,0.2528735632183908,174
2013,37,21,Buncombe,0.2277400419287211,237
2013,37,89,Henderson,0.4053333917334618,546
2013,37,175,Transylvania,0.4684377838328792,192
2013,37,167,Stanly,0.100401443125194,1083
2013,37,109,Lincoln,0.1236083312484363,258
2013,37,159,Rowan,0.0838997073544293,1159
2013,37,25,Cabarrus,0.0747735578556571,484
2013,37,97,Iredell,0.1566447026231687,1427
2013,37,71,Gaston,0.1141194898187514,89
2013,37,179,Union,0.0505330057134023,3168
2013,37,119,Mecklenburg,0.0090789333143447,112
2013,37,45,Cleveland,0.0958319098052613,347
2013,37,5,Alleghany,0.2595785233155011,183
2013,37,173,Swain,0.1714862138533961,18
2013,37,11,Avery,0.0,10
2013,37,33,Caswell,0.1141607548729251,115
2013,37,75,Graham,0.0,16
2013,37,7,Anson,0.0833490111884552,728
2013,37,149,Polk,0.0,16
2013,37,39,Cherokee,0.1419860229297035,179
2013,37,113,Macon,0.1414701803051317,86
2013,37,9,Ashe,0.0,75
2013,37,123,Montgomery,0.1181740943847995,158
2013,37,43,Clay,0.0962379440484035,140
2013,37,121,Mitchell,0.0,8
2013,37,199,Yancey,0.0,16
2013,37,189,Watauga,0.0,17
2013,37,99,Jackson,0.0,25
2013,37,161,Rutherford,0.0394512918364189,78
2013,37,193,Wilkes,0.3432246309153977,700
2013,37,125,Moore,0.0709318497913769,144
2013,37,153,Richmond,0.1410368227360718,194
2013,37,93,Hoke,0.086854890121566,543
2013,37,165,Scotland,0.2481552259138726,424
2013,37,155,Robeson,0.1715968112871134,4881
2013,37,1,Alamance,0.0970322223062001,318
2013,37,151,Randolph,0.0923586206896551,577
2013,37,81,Guilford,0.1253193907706296,441
2013,37,157,Rockingham,0.1753141383040692,382
2013,37,171,Surry,0.1759878781092089,1141
2013,37,57,Davidson,0.1102773733527457,652
2013,37,169,Stokes,0.1347087912894184,269
2013,37,67,Forsyth,0.1576669268431136,256
2013,37,197,Yadkin,0.1929225058758983,1200
2013,37,59,Davie,0.1368373812349791,697
2013,37,27,Caldwell,0.2073209752767763,188
2013,37,3,Alexander,0.1648802477744085,245
2013,37,35,Catawba,0.0750476773479622,337
2013,37,23,Burke,0.2387096774193548,155
2013,37,111,McDowell,0.2197802197802197,91
2013,37,29,Camden,0.0902921459902342,1336
2013,37,139,Pasquotank,0.2895188635624133,1838
2013,37,143,Perquimans,0.1413301331249477,1139
2013,37,177,Tyrrell,0.1282246341170169,1814
2013,37,55,Dare,0.0588235294117647,68
2013,37,73,Gates,0.0597864099967637,380
2013,37,53,Currituck,0.0743551235581941,901
2013,37,19,Brunswick,0.1019351625523437,599
2013,37,31,Carteret,0.065858362411887,1397
2013,37,137,Pamlico,0.2136395551168683,1159
2013,37,49,Craven,0.1700334374222787,1435
2013,37,103,Jones,0.1302997500442834,1013
2013,37,85,Harnett,0.0367483697414403,331
2013,37,63,Durham,0.3283261802575107,46
2013,37,145,Person,0.0614056861359861,208
2013,37,135,Orange,0.1050859639499914,214
2013,37,181,Vance,0.0,29
2013,37,77,Granville,0.164779812299009,242
2013,37,69,Franklin,0.1325080238422741,130
2013,37,101,Johnston,0.0687464572589899,574
2013,37,183,Wake,0.108018154311649,66
2013,37,105,Lee,0.2361423468712792,89
2013,37,131,Northampton,0.0271399820151586,464
2013,37,83,Halifax,0.0549951157198677,420
2013,37,127,Nash,0.0167098063628321,244
2013,37,65,Edgecombe,0.0864679493569933,994
2013,37,195,Wilson,0.0455250504110439,622
2013,37,163,Sampson,0.1701110303016282,2739
2013,37,185,Warren,0.0277838308999782,36
2013,37,187,Washington,0.2281936272883912,2329
2013,37,61,Duplin,0.1528152363898337,3238
2013,37,91,Hertford,0.1245343199795866,622
2013,37,17,Bladen,0.2540886173807841,2244
2013,37,95,Hyde,0.18376077510527,2585
2013,37,15,Bertie,0.1461075752350325,882
2013,37,79,Greene,0.0898547825548554,846
2013,37,41,Chowan,0.0891044003984217,521
2013,37,117,Martin,0.0798418238957243,339
2013,37,47,Columbus,0.1397101087269677,2787
2013,37,191,Wayne,0.1561288914379656,1734
2013,37,133,Onslow,0.0626798717725499,771
2013,37,107,Lenoir,0.2237992389180294,1562
2013,37,129,New Hanover,0.391304347826087,46
2013,37,141,Pender,0.1639534277575226,1287
2013,37,51,Cumberland,0.1816373148625746,970
2013,37,147,Pitt,0.0470916723400854,1436
2013,37,13,Beaufort,0.1594551763504176,3158
2014,17,121,Marion,0.115111525271636,5065
2014,17,5,Bond,0.124956127687017,4602
2014,17,83,Jersey,0.3085085110560108,4404
2014,17,163,St. Clair,0.1400786575905329,6303
2014,17,27,Clinton,0.1530373759544935,6432
2014,17,13,Calhoun,0.3159944825931812,1322
2014,17,119,Madison,0.1810268596855465,6993
2014,17,133,Monroe,0.2207321592632886,3327
2014,17,117,Macoupin,0.2749876617401848,12754
2014,17,171,Scott,0.2489478987028106,4032
2014,17,137,Morgan,0.2842360126531008,9773
2014,17,107,Logan,0.3590529314387226,13651
2014,17,129,Menard,0.2977820102742358,5685
2014,17,167,Sangamon,0.3696475799086042,15406
2014,17,21,Christian,0.2715503308368144,14163
2014,17,127,Massac,0.096853257432005,1559
2014,17,57,Fulton,0.2073939975517276,9539
2014,17,175,Stark,0.2947958925578028,6449
2014,17,203,Woodford,0.2085686806058417,8913
2014,17,179,Tazewell,0.2815585004672842,10130
2014,17,123,Marshall,0.284266518754123,6867
2014,17,143,Peoria,0.2486425814988457,7556
2014,17,1,Adams,0.2346744513223427,10022
2014,17,177,Stephenson,0.5378285644987946,11400
2014,17,141,Ogle,0.6045766992330335,16866
2014,17,201,Winnebago,0.465685550619872,6698
2014,17,7,Boone,0.4350259314045692,5548
2014,17,25,Clay,0.1480056285055824,5473
2014,17,185,Wabash,0.1406922012609149,3608
2014,17,9,Brown,0.3124107536492258,2639
2014,17,151,Pope,0.0613483428715175,382
2014,17,33,Crawford,0.1281153730011162,5931
2014,17,135,Montgomery,0.2107435134260083,11463
2014,17,55,Franklin,0.0615101870642983,2598
2014,17,23,Clark,0.1250073520896003,6542
2014,17,59,Gallatin,0.3282147320237576,4496
2014,17,75,Iroquois,0.333994144199097,23610
2014,17,41,Douglas,0.1720064946323453,8087
2014,17,189,Washington,0.1076483011687134,6528
2014,17,159,Richland,0.1045682023152889,4949
2014,17,65,Hamilton,0.0735469759807729,4360
2014,17,193,White,0.1702868121554928,6268
2014,17,169,Schuyler,0.216842202801203,4191
2014,17,181,Union,0.188498707117408,666
2014,17,85,Jo Daviess,0.4984998137315192,5355
2014,17,125,Mason,0.5320046471409458,9856
2014,17,191,Wayne,0.1040487705360679,8245
2014,17,69,Hardin,0.1150294366668635,200
2014,17,61,Greene,0.2316630486944461,7934
2014,17,157,Randolph,0.0960588930112352,3865
2014,17,149,Pike,0.344732341060446,10830
2014,17,145,Perry,0.046060025724151,2937
2014,17,87,Johnson,0.0590413646234382,389
2014,17,173,Shelby,0.1917690164910083,12201
2014,17,51,Fayette,0.1128056089312124,7534
2014,17,139,Moultrie,0.1955287467511586,6231
2014,17,17,Cass,0.4400773933045063,6294
2014,17,15,Carroll,0.6804008413663774,9543
2014,17,47,Edwards,0.1321014231928844,2926
2014,17,79,Jasper,0.1044546255278817,6765
2014,17,187,Warren,0.2485693349084598,10268
2014,17,153,Pulaski,0.0670505950778178,1193
2014,17,165,Saline,0.1436193807905959,3150
2014,17,101,Lawrence,0.1497292895857843,5397
2014,17,45,Edgar,0.1746814084322267,11393
2014,17,71,Henderson,0.3711018872061815,6667
2014,17,199,Williamson,0.0809394895375826,911
2014,17,77,Jackson,0.0853294037770773,2097
2014,17,147,Piatt,0.2033548371597948,8642
2014,17,53,Ford,0.1953497815463634,10330
2014,17,19,Champaign,0.1777100710289567,18633
2014,17,29,Coles,0.1391517901475047,8353
2014,17,35,Cumberland,0.1199444001159645,4554
2014,17,183,Vermilion,0.2066665845576556,15476
2014,17,115,Macon,0.2618636793355643,10975
2014,17,49,Effingham,0.1196632422500414,5666
2014,17,67,Hancock,0.1963732606824275,11375
2014,17,95,Knox,0.2337728999951994,10756
2014,17,109,McDonough,0.2476154425687251,9738
2014,17,81,Jefferson,0.0567426886879725,3233
2014,17,113,McLean,0.1654461279310884,22166
2014,17,39,De Witt,0.1828614895785147,7232
2014,17,105,Livingston,0.1691124123683769,20852
2014,17,3,Alexander,0.0972924147714678,735
2014,17,93,Kendall,0.3627842182677737,5376
2014,17,31,Cook,0.1389727598211486,244
2014,17,37,DeKalb,0.5539531919677825,15426
2014,17,89,Kane,0.4467705315900731,6095
2014,17,63,Grundy,0.2753148606329426,7246
2014,17,111,McHenry,0.4658956464784605,6893
2014,17,197,Will,0.1960465114950702,6959
2014,17,43,DuPage,0.1971160206376504,151
2014,17,97,Lake,0.1641523205338572,726
2014,17,91,Kankakee,0.4333602945439786,13700
2014,17,11,Bureau,0.5016800701563753,19550
2014,17,155,Putnam,0.3539219273038473,2483
2014,17,99,LaSalle,0.2811248578181008,20645
2014,17,131,Mercer,0.2845397170584588,9534
2014,17,161,Rock Island,0.323816598014721,5011
2014,17,73,Henry,0.3272882709635394,16346
2014,17,103,Lee,0.6311462719973515,18585
2014,17,195,Whiteside,0.6580722630568135,17008
2014,19,149,Plymouth,0.2079977434390946,14678
2014,19,193,Woodbury,0.2861939437417808,14033
2014,19,27,Carroll,0.4556095438663757,12723
2014,19,61,Dubuque,0.592026222085209,8773
2014,19,101,Jefferson,0.1364953554892689,4675
2014,19,187,Webster,0.3261279407949836,14160
2014,19,111,Lee,0.1798077904898051,5195
2014,19,127,Marshall,0.2569230097916285,9616
2014,19,195,Worth,0.3388247847738768,8435
2014,19,33,Cerro Gordo,0.3636581911360189,12091
2014,19,51,Davis,0.1261417732475162,3449
2014,19,179,Wapello,0.1547430112238895,4031
2014,19,41,Clay,0.2746788243392186,10375
2014,19,59,Dickinson,0.262114533267673,6296
2014,19,21,Buena Vista,0.2475808897840304,11038
2014,19,13,Black Hawk,0.352405091823803,9951
2014,19,75,Grundy,0.2763913248805679,10092
2014,19,17,Bremer,0.4239097027287813,8168
2014,19,85,Harrison,0.3706013047818739,11994
2014,19,129,Mills,0.1313458812639213,6567
2014,19,155,Pottawattamie,0.244809430012544,15602
2014,19,123,Mahaska,0.2267761817146723,8650
2014,19,125,Marion,0.196884009365131,5615
2014,19,53,Decatur,0.1775747624643016,2562
2014,19,31,Cedar,0.2966187744127203,10078
2014,19,151,Pocahontas,0.2735751032310384,12362
2014,19,109,Kossuth,0.3498656255516176,21314
2014,19,89,Howard,0.2290429907476265,9199
2014,19,147,Palo Alto,0.3773870735640892,12422
2014,19,159,Ringgold,0.1716777663220666,4552
2014,19,25,Calhoun,0.3091451645869603,12255
2014,19,39,Clarke,0.1735983304850796,2904
2014,19,65,Fayette,0.3517978273932988,12361
2014,19,1,Adair,0.1668974899187616,8552
2014,19,37,Chickasaw,0.3921947459009398,9951
2014,19,81,Hancock,0.4329851782268203,13527
2014,19,157,Poweshiek,0.2369330736413191,9011
2014,19,165,Shelby,0.2977304569134361,12066
2014,19,185,Wayne,0.1574887862380104,4254
2014,19,97,Jackson,0.3935600791816222,6319
2014,19,43,Clayton,0.4993644120566894,8890
2014,19,7,Appanoose,0.1082228359806874,2868
2014,19,177,Van Buren,0.1373378547104398,3888
2014,19,197,Wright,0.3056511263908115,12123
2014,19,137,Montgomery,0.128621343778703,6314
2014,19,175,Union,0.1574575229485122,4615
2014,19,107,Keokuk,0.1712746536711442,7166
2014,19,131,Mitchell,0.3209560094861796,10367
2014,19,191,Winneshiek,0.3885763267580282,9253
2014,19,161,Sac,0.3046163403294549,11257
2014,19,55,Delaware,0.6556899485309952,13060
2014,19,67,Floyd,0.3069958753643044,9718
2014,19,9,Audubon,0.2500497242136841,8412
2014,19,79,Hamilton,0.4632392229824165,12993
2014,19,69,Franklin,0.452222857059142,13494
2014,19,141,O'Brien,0.2415909569499599,11262
2014,19,167,Sioux,0.4038640766108278,16589
2014,19,5,Allamakee,0.3632567829762544,4163
2014,19,189,Winnebago,0.4002155511508312,8920
2014,19,93,Ida,0.2665574991814785,8445
2014,19,29,Cass,0.198575851786861,9388
2014,19,83,Hardin,0.4748579695143229,12324
2014,19,173,Taylor,0.1562596061591198,6804
2014,19,145,Page,0.1182451694978203,7571
2014,19,35,Cherokee,0.1660417285417285,9817
2014,19,71,Fremont,0.1401820244130979,7469
2014,19,95,Iowa,0.2341223307154707,7466
2014,19,23,Butler,0.4045050093220148,11201
2014,19,63,Emmet,0.3158076917025483,7587
2014,19,47,Crawford,0.3250834010720636,13796
2014,19,19,Buchanan,0.5156449779527897,13022
2014,19,143,Osceola,0.2529844027701322,7996
2014,19,73,Greene,0.385024795417875,11700
2014,19,87,Henry,0.1695564984091149,5519
2014,19,119,Lyon,0.3676157374224728,11695
2014,19,3,Adams,0.1618774108292548,5655
2014,19,133,Monona,0.3076109635067934,11096
2014,19,91,Humboldt,0.2758883254008348,9553
2014,19,115,Louisa,0.2206362923088682,5115
2014,19,171,Tama,0.212211602261611,10678
2014,19,135,Monroe,0.1375727002107673,2209
2014,19,117,Lucas,0.170531142627502,2483
2014,19,57,Des Moines,0.1530432396491857,4884
2014,19,11,Benton,0.2172912921366284,12385
2014,19,113,Linn,0.3644881506193972,10222
2014,19,105,Jones,0.4853598943394545,10011
2014,19,103,Johnson,0.2303624479434682,7148
2014,19,183,Washington,0.2385377713998293,7393
2014,19,45,Clinton,0.4018135830037799,12639
2014,19,163,Scott,0.3681250777310053,7033
2014,19,139,Muscatine,0.2469055669902621,6048
2014,19,169,Story,0.3391796114722185,10823
2014,19,15,Boone,0.3983716090269102,10979
2014,19,121,Madison,0.1648158951422791,5819
2014,19,181,Warren,0.1956555721270931,5240
2014,19,49,Dallas,0.3501104630988974,9752
2014,19,153,Polk,0.2805088455348066,5936
2014,19,77,Guthrie,0.2734655853377222,8315
2014,19,99,Jasper,0.237262929466736,11639
2014,31,43,Dakota,0.3000422956907534,4516
2014,31,51,Dixon,0.3291977636120372,7953
2014,31,53,Dodge,0.3398268398268396,10220
2014,31,25,Cass,0.1111992613457066,8471
2014,31,55,Douglas,0.3002164584613397,2383
2014,31,153,Sarpy,0.1543100634284653,2453
2014,31,155,Saunders,0.1952443759232203,12224
2014,31,177,Washington,0.1646414964917268,5105
2014,31,67,Gage,0.1489528030849226,11589
2014,31,109,Lancaster,0.1461757135657825,9385
2014,31,159,Seward,0.3231854000372443,9316
2014,31,139,Pierce,0.3185269358960512,9421
2014,31,119,Madison,0.2925410040750354,9402
2014,31,167,Stanton,0.3380033458240893,6622
2014,31,117,McPherson,0.7100130890052356,245
2014,31,111,Lincoln,0.6965436784179329,14385
2014,31,113,Logan,0.6913045748903281,1535
2014,31,7,Banner,0.196335015497236,1144
2014,31,157,Scotts Bluff,0.5123379024834112,5937
2014,31,165,Sioux,0.5239761811841426,954
2014,31,39,Cuming,0.279929567399767,10423
2014,31,129,Nuckolls,0.4297686808468025,7759
2014,31,101,Keith,0.6402738178747249,7549
2014,31,137,Phelps,0.4781199710496707,11081
2014,31,181,Webster,0.3286106302216698,5330
2014,31,15,Boyd,0.4181583631094134,2049
2014,31,171,Thomas,0.7778996435426379,30
2014,31,89,Holt,0.574999676486273,11552
2014,31,17,Brown,0.6513774207076664,2799
2014,31,103,Keya Paha,0.5263092413376346,890
2014,31,77,Greeley,0.4866650555298649,4722
2014,31,95,Jefferson,0.2251257934246878,7167
2014,31,151,Saline,0.3060000000000001,9352
2014,31,57,Dundy,0.6382978954443825,7276
2014,31,131,Otoe,0.1081733503532475,9397
2014,31,87,Hitchcock,0.3356515897572218,3844
2014,31,105,Kimball,0.3746296491061557,1536
2014,31,127,Nemaha,0.110925474571327,5727
2014,31,41,Custer,0.6549184296176283,15136
2014,31,143,Polk,0.4301996193511257,9119
2014,31,45,Dawes,0.2027466570292736,381
2014,31,179,Wayne,0.2617201880064103,8550
2014,31,71,Garfield,0.6921471192219769,821
2014,31,13,Box Butte,0.2720915721529208,3744
2014,31,173,Thurston,0.2434958393331527,6683
2014,31,11,Boone,0.3886279360020098,10529
2014,31,145,Red Willow,0.3147596119743324,4583
2014,31,149,Rock,0.476168611815196,1682
2014,31,5,Arthur,0.7453639369399587,82
2014,31,85,Hayes,0.5950938749230341,5066
2014,31,97,Johnson,0.1792053821413852,3749
2014,31,3,Antelope,0.3965858198013635,12746
2014,31,163,Sherman,0.5773255215401464,5094
2014,31,161,Sheridan,0.3126396711176386,2476
2014,31,133,Pawnee,0.0909464498446592,3540
2014,31,75,Grant,,0
2014,31,21,Burt,0.1995176458340559,8668
2014,31,9,Blaine,0.5949608604174018,303
2014,31,27,Cedar,0.3953434698314801,12641
2014,31,169,Thayer,0.4112495065583605,9895
2014,31,49,Deuel,0.4988803427124916,2212
2014,31,123,Morrill,0.58534435261708,4544
2014,31,115,Loup,0.5923632405453121,598
2014,31,63,Frontier,0.4450174296528336,5823
2014,31,125,Nance,0.4035478565317935,5807
2014,31,107,Knox,0.4370444182091907,9495
2014,31,135,Perkins,0.6737110362235271,14788
2014,31,37,Colfax,0.376206365010343,7636
2014,31,23,Butler,0.3319410315562301,10104
2014,31,31,Cherry,0.4764277268547059,777
2014,31,183,Wheeler,0.5371499236196985,2456
2014,31,61,Franklin,0.3124055898075373,5487
2014,31,29,Chase,0.7558582040613535,11639
2014,31,59,Fillmore,0.4624937685482442,12552
2014,31,185,York,0.597362992042622,13848
2014,31,35,Clay,0.5776035327086926,12066
2014,31,33,Cheyenne,0.365558970511137,3273
2014,31,69,Garden,0.5201468735457363,2089
2014,31,83,Harlan,0.3262242086307522,5661
2014,31,91,Hooker,,0
2014,31,147,Richardson,0.1428581319854812,7435
2014,31,65,Furnas,0.3008244073838992,5407
2014,31,175,Valley,0.5642880049925028,4558
2014,31,141,Platte,0.4160641584283801,13265
2014,31,121,Merrick,0.5429043769296606,8998
2014,31,79,Hall,0.7672295642418964,12490
2014,31,81,Hamilton,0.6286130972186772,12771
2014,31,93,Howard,0.5915375870316302,6786
2014,31,1,Adams,0.5504549331492536,12153
2014,31,99,Kearney,0.4702613283142854,10720
2014,31,19,Buffalo,0.5514584360099296,13055
2014,31,73,Gosper,0.4869569853259327,5167
2014,31,47,Dawson,0.6440060467020962,12942
2014,37,37,Chatham,0.1398061906105936,133
2014,37,115,Madison,0.2107438016528925,19
2014,37,87,Haywood,0.4936708860759494,79
2014,37,21,Buncombe,0.4187024201795249,106
2014,37,89,Henderson,0.5261128322191424,491
2014,37,175,Transylvania,0.5423646362098139,188
2014,37,167,Stanly,0.1043016962929688,935
2014,37,109,Lincoln,0.1525547308792461,212
2014,37,159,Rowan,0.1365205762036292,917
2014,37,25,Cabarrus,0.1668067273969994,360
2014,37,97,Iredell,0.1970370469100917,1781
2014,37,71,Gaston,0.1436080345410174,64
2014,37,179,Union,0.0671550711448695,2416
2014,37,119,Mecklenburg,0.1250525430853299,114
2014,37,45,Cleveland,0.0605445774290678,366
2014,37,5,Alleghany,0.328907435508346,156
2014,37,173,Swain,0.5555555555555556,9
2014,37,11,Avery,0.0,1
2014,37,33,Caswell,0.081081081081081,74
2014,37,75,Graham,0.0,1
2014,37,7,Anson,0.1136055309157317,619
2014,37,149,Polk,0.099536526153167,19
2014,37,39,Cherokee,0.3005337141998045,110
2014,37,113,Macon,0.4615384615384615,39
2014,37,9,Ashe,0.143387314439946,35
2014,37,123,Montgomery,0.0747873692443053,166
2014,37,43,Clay,0.4172377985462098,60
2014,37,121,Mitchell,0.0,4
2014,37,199,Yancey,0.1538461538461538,13
2014,37,189,Watauga,0.0,5
2014,37,99,Jackson,0.0,4
2014,37,161,Rutherford,0.1487400839944004,70
2014,37,193,Wilkes,0.4772604951560819,562
2014,37,125,Moore,0.072928583101814,100
2014,37,153,Richmond,0.1534100463641386,174
2014,37,93,Hoke,0.1665323777617573,465
2014,37,165,Scotland,0.1875227269134084,504
2014,37,155,Robeson,0.1761641401103914,4301
2014,37,1,Alamance,0.1695962873218612,198
2014,37,151,Randolph,0.2018673599647113,590
2014,37,81,Guilford,0.1953380851473705,272
2014,37,157,Rockingham,0.1937883425057986,288
2014,37,171,Surry,0.2614018977655341,713
2014,37,57,Davidson,0.1380556028281016,523
2014,37,169,Stokes,0.2703283479456764,137
2014,37,67,Forsyth,0.2295374177040508,154
2014,37,197,Yadkin,0.2400385276243883,993
2014,37,59,Davie,0.1515797240651099,645
2014,37,27,Caldwell,0.2034447155997747,168
2014,37,3,Alexander,0.2304746610666749,256
2014,37,35,Catawba,0.0802358864010068,389
2014,37,23,Burke,0.3103700097370983,129
2014,37,111,McDowell,0.25,56
2014,37,29,Camden,0.1033129776575127,1086
2014,37,139,Pasquotank,0.3267445273695086,1712
2014,37,143,Perquimans,0.1320851977052445,1147
2014,37,177,Tyrrell,0.1409541544549426,1860
2014,37,55,Dare,0.0909090909090909,22
2014,37,73,Gates,0.0364132777697945,279
2014,37,53,Currituck,0.1594770072240224,1017
2014,37,19,Brunswick,0.1152629199939731,573
2014,37,31,Carteret,0.0252525252525252,1188
2014,37,137,Pamlico,0.2665776868986058,1193
2014,37,49,Craven,0.153519104643195,1216
2014,37,103,Jones,0.184780375394309,986
2014,37,85,Harnett,0.1072044961720582,179
2014,37,63,Durham,0.3728751599341985,43
2014,37,145,Person,0.0963222416812609,115
2014,37,135,Orange,0.1032817422900903,174
2014,37,181,Vance,0.0,3
2014,37,77,Granville,0.353603679778131,116
2014,37,69,Franklin,0.2786885245901639,61
2014,37,101,Johnston,0.0546770388318561,500
2014,37,183,Wake,0.0828433431331373,39
2014,37,105,Lee,0.0547151593176697,42
2014,37,131,Northampton,0.0723055547679133,422
2014,37,83,Halifax,0.2062012625324916,319
2014,37,127,Nash,0.0357894736842105,113
2014,37,65,Edgecombe,0.1498490601636753,675
2014,37,195,Wilson,0.0736439416764816,440
2014,37,163,Sampson,0.1918343716207809,2493
2014,37,185,Warren,0.0,22
2014,37,187,Washington,0.1966589942808897,1967
2014,37,61,Duplin,0.1583668821235534,3277
2014,37,91,Hertford,0.1226015791676099,584
2014,37,17,Bladen,0.2845502026309517,2001
2014,37,95,Hyde,0.2135342110414383,2956
2014,37,15,Bertie,0.153572851640324,717
2014,37,79,Greene,0.1154402412878374,555
2014,37,41,Chowan,0.1719115350135396,447
2014,37,117,Martin,0.0898070399822054,213
2014,37,47,Columbus,0.1453506689172183,2250
2014,37,191,Wayne,0.1702792200217586,1678
2014,37,133,Onslow,0.0653440080390847,598
2014,37,107,Lenoir,0.2010209551034993,1563
2014,37,129,New Hanover,0.1868131868131868,91
2014,37,141,Pender,0.1793368528622398,1116
2014,37,51,Cumberland,0.2542960341493669,647
2014,37,147,Pitt,0.0544121200330112,1258
2014,37,13,Beaufort,0.1209947948446904,2753
2015,17,121,Marion,0.0546674652284182,5075
2015,17,5,Bond,0.1079516609356927,4575
2015,17,83,Jersey,0.2960080247479633,4272
2015,17,163,St. Clair,0.16082071383688,5841
2015,17,27,Clinton,0.2004156166852979,5879
2015,17,13,Calhoun,0.3902778887486217,1235
2015,17,119,Madison,0.190908104039318,7187
2015,17,133,Monroe,0.2019579850072609,3243
2015,17,117,Macoupin,0.2672832712979892,12478
2015,17,171,Scott,0.3084475739535586,3783
2015,17,137,Morgan,0.2842045420831872,9916
2015,17,107,Logan,0.3306426631188969,13306
2015,17,129,Menard,0.2773957958947678,5643
2015,17,167,Sangamon,0.3365339342549291,15766
2015,17,21,Christian,0.2398049774329531,13651
2015,17,127,Massac,0.0766516269838089,1484
2015,17,57,Fulton,0.2382300570378616,9731
2015,17,175,Stark,0.3092915824915824,5936
2015,17,203,Woodford,0.1635292226875739,8728
2015,17,179,Tazewell,0.2492418733551409,10564
2015,17,123,Marshall,0.2503331424213174,6952
2015,17,143,Peoria,0.2499955472918088,7344
2015,17,1,Adams,0.2688402695500742,10334
2015,17,177,Stephenson,0.5551503100602752,11702
2015,17,141,Ogle,0.5876887578811351,17217
2015,17,201,Winnebago,0.4701742371255922,6841
2015,17,7,Boone,0.4300846354844418,5380
2015,17,25,Clay,0.1294939627281246,5438
2015,17,185,Wabash,0.1475448286127317,3523
2015,17,9,Brown,0.3269146033645079,2719
2015,17,151,Pope,0.0625334713841979,450
2015,17,33,Crawford,0.1251851667089311,5722
2015,17,135,Montgomery,0.192105162162534,11002
2015,17,55,Franklin,0.050310452303237,2599
2015,17,23,Clark,0.096990276686125,6301
2015,17,59,Gallatin,0.3000222543674196,4254
2015,17,75,Iroquois,0.2614969475626291,23974
2015,17,41,Douglas,0.1290228953147605,8062
2015,17,189,Washington,0.0944827907252314,6538
2015,17,159,Richland,0.0823800399987732,4943
2015,17,65,Hamilton,0.0414042271023433,4663
2015,17,193,White,0.0941270206625471,5586
2015,17,169,Schuyler,0.2546598000444176,4155
2015,17,181,Union,0.112057720307654,731
2015,17,85,Jo Daviess,0.5153698925015463,5727
2015,17,125,Mason,0.5126961807987139,10084
2015,17,191,Wayne,0.0924091753070383,7174
2015,17,69,Hardin,0.0327405903896218,96
2015,17,61,Greene,0.2533456361580084,8003
2015,17,157,Randolph,0.099760767570809,3773
2015,17,149,Pike,0.4212053583945001,11247
2015,17,145,Perry,0.042332088993582,3179
2015,17,87,Johnson,0.0495278438046262,431
2015,17,173,Shelby,0.1487971489967783,11831
2015,17,51,Fayette,0.0808196000927941,7138
2015,17,139,Moultrie,0.1524304724545192,6324
2015,17,17,Cass,0.460484653498465,6479
2015,17,15,Carroll,0.6974559933148984,9641
2015,17,47,Edwards,0.1078357585457839,2895
2015,17,79,Jasper,0.0718564776214217,7014
2015,17,187,Warren,0.2549738648085659,10550
2015,17,153,Pulaski,0.0293984779511415,1250
2015,17,165,Saline,0.0929315685722331,3316
2015,17,101,Lawrence,0.1670354605489656,5063
2015,17,45,Edgar,0.1410832875248319,11123
2015,17,71,Henderson,0.4024545626226625,6647
2015,17,199,Williamson,0.0389500491287172,994
2015,17,77,Jackson,0.0733293942420049,2103
2015,17,147,Piatt,0.1424623953847799,8989
2015,17,53,Ford,0.1524714061322495,9979
2015,17,19,Champaign,0.1354197521848546,19318
2015,17,29,Coles,0.1163957016153319,8229
2015,17,35,Cumberland,0.0773792010677414,4885
2015,17,183,Vermilion,0.1302492536463096,15141
2015,17,115,Macon,0.2486858634701625,10810
2015,17,49,Effingham,0.1061572237159989,5778
2015,17,67,Hancock,0.1780833243763899,10969
2015,17,95,Knox,0.2376332731620249,10930
2015,17,109,McDonough,0.2686712038113923,9965
2015,17,81,Jefferson,0.0222920496413147,3078
2015,17,113,McLean,0.1295720379153758,21962
2015,17,39,De Witt,0.1351818651592968,7602
2015,17,105,Livingston,0.1441574687947405,21106
2015,17,3,Alexander,0.1113968964190546,559
2015,17,93,Kendall,0.2783113838246654,5613
2015,17,31,Cook,0.1549322019321732,283
2015,17,37,DeKalb,0.5291328494763761,15282
2015,17,89,Kane,0.4178606343226387,5859
2015,17,63,Grundy,0.2157472003764271,7524
2015,17,111,McHenry,0.4313830142104213,7092
2015,17,197,Will,0.124264896518539,7339
2015,17,43,DuPage,0.2360930827548583,214
2015,17,97,Lake,0.2038390563375185,874
2015,17,91,Kankakee,0.3883278543892725,13935
2015,17,11,Bureau,0.4817764517065706,18537
2015,17,155,Putnam,0.3612502603069245,2440
2015,17,99,LaSalle,0.2301358912718714,20989
2015,17,131,Mercer,0.2437605030862559,9633
2015,17,161,Rock Island,0.3429551181430062,5085
2015,17,73,Henry,0.3043682833413265,16156
2015,17,103,Lee,0.617763362557871,18180
2015,17,195,Whiteside,0.6638718483298585,16635
2015,19,149,Plymouth,0.1623306137160455,15101
2015,19,193,Woodbury,0.2537494200492253,14224
2015,19,27,Carroll,0.3984809539861786,12430
2015,19,61,Dubuque,0.6694919602489178,9251
2015,19,101,Jefferson,0.1378017852908432,4939
2015,19,187,Webster,0.3051741136762884,13786
2015,19,111,Lee,0.1818601861518982,5343
2015,19,127,Marshall,0.1796604935796151,9909
2015,19,195,Worth,0.3368985502190262,7301
2015,19,33,Cerro Gordo,0.422150804558552,10898
2015,19,51,Davis,0.1383009178025058,3223
2015,19,179,Wapello,0.1837267192514171,3989
2015,19,41,Clay,0.2135241292103969,10211
2015,19,59,Dickinson,0.1847121004593354,6363
2015,19,21,Buena Vista,0.1863383364997221,10683
2015,19,13,Black Hawk,0.3408418304604119,9894
2015,19,75,Grundy,0.220953814749623,10527
2015,19,17,Bremer,0.3918580023065566,8117
2015,19,85,Harrison,0.3049676356389448,11525
2015,19,129,Mills,0.0912669567072797,6567
2015,19,155,Pottawattamie,0.2043847422382347,16562
2015,19,123,Mahaska,0.2600435473343493,8608
2015,19,125,Marion,0.1220850470029855,5409
2015,19,53,Decatur,0.1185834484564672,2714
2015,19,31,Cedar,0.266548540090183,10683
2015,19,151,Pocahontas,0.2597901637767733,12546
2015,19,109,Kossuth,0.3367113072460045,21040
2015,19,89,Howard,0.3558205596775844,8353
2015,19,147,Palo Alto,0.3990475511240451,11995
2015,19,159,Ringgold,0.0871339816937401,3611
2015,19,25,Calhoun,0.2731422611020432,11774
2015,19,39,Clarke,0.1458023507187967,2700
2015,19,65,Fayette,0.376147529226135,11947
2015,19,1,Adair,0.1006736415038727,8343
2015,19,37,Chickasaw,0.4210486749838759,9659
2015,19,81,Hancock,0.4637073166464527,12673
2015,19,157,Poweshiek,0.1847352642652128,9431
2015,19,165,Shelby,0.2305733084363589,11729
2015,19,185,Wayne,0.0881064845462501,4413
2015,19,97,Jackson,0.4607196731540211,6655
2015,19,43,Clayton,0.5683079604529602,9294
2015,19,7,Appanoose,0.1037044228221758,2541
2015,19,177,Van Buren,0.13196179039811,3413
2015,19,197,Wright,0.2937625245497816,11912
2015,19,137,Montgomery,0.0694786113995705,6398
2015,19,175,Union,0.1183123068272304,4210
2015,19,107,Keokuk,0.1572349274480907,7386
2015,19,131,Mitchell,0.4598334585595403,9836
2015,19,191,Winneshiek,0.5177410317125155,9654
2015,19,161,Sac,0.2408059100255553,11318
2015,19,55,Delaware,0.6858324654854338,13213
2015,19,67,Floyd,0.3248516797535141,9198
2015,19,9,Audubon,0.1537537718828585,8045
2015,19,79,Hamilton,0.4236782952567347,12839
2015,19,69,Franklin,0.459660907217302,12960
2015,19,141,O'Brien,0.2081376749728231,11399
2015,19,167,Sioux,0.4096261695736882,16953
2015,19,5,Allamakee,0.5212756290111894,4182
2015,19,189,Winnebago,0.4037193357019071,8452
2015,19,93,Ida,0.2171378425597196,8436
2015,19,29,Cass,0.1343628137186281,9522
2015,19,83,Hardin,0.467612974552346,12245
2015,19,173,Taylor,0.0977605934713252,5820
2015,19,145,Page,0.0661148082021317,7243
2015,19,35,Cherokee,0.1296847654415844,9642
2015,19,71,Fremont,0.1114184809422769,7192
2015,19,95,Iowa,0.2178443864026477,7743
2015,19,23,Butler,0.3582700672053562,11069
2015,19,63,Emmet,0.2764347747082764,7755
2015,19,47,Crawford,0.2968635834708947,14029
2015,19,19,Buchanan,0.5379403855239276,13168
2015,19,143,Osceola,0.2207875526538849,7980
2015,19,73,Greene,0.3184675900677836,11635
2015,19,87,Henry,0.1703709228883328,5274
2015,19,119,Lyon,0.3341414144106528,11900
2015,19,3,Adams,0.1252405402224446,5413
2015,19,133,Monona,0.2249857324199818,11645
2015,19,91,Humboldt,0.3176860903473426,9068
2015,19,115,Louisa,0.1810554899981518,5612
2015,19,171,Tama,0.1600642072304648,11226
2015,19,135,Monroe,0.1652993062642961,2114
2015,19,117,Lucas,0.0960972121932916,2249
2015,19,57,Des Moines,0.1386874175528496,5001
2015,19,11,Benton,0.1867314763899931,12438
2015,19,113,Linn,0.352046492648623,10266
2015,19,105,Jones,0.5126741218952422,10213
2015,19,103,Johnson,0.2049066156059514,7646
2015,19,183,Washington,0.2004918799581866,7671
2015,19,45,Clinton,0.3971869630086326,13117
2015,19,163,Scott,0.3493081168717662,7229
2015,19,139,Muscatine,0.2272442936836353,6055
2015,19,169,Story,0.309632109417168,10768
2015,19,15,Boone,0.3895996507221213,10972
2015,19,121,Madison,0.095260506172458,5004
2015,19,181,Warren,0.1527094028729903,4495
2015,19,49,Dallas,0.2958527895783074,9480
2015,19,153,Polk,0.2264416324808625,5720
2015,19,77,Guthrie,0.2288504565089685,8404
2015,19,99,Jasper,0.2088542854482468,11753
2015,31,43,Dakota,0.1798892583466608,4410
2015,31,51,Dixon,0.2666122275360534,8117
2015,31,53,Dodge,0.2604374448666002,9820
2015,31,25,Cass,0.0562560651938589,8630
2015,31,55,Douglas,0.2953175802237656,2119
2015,31,153,Sarpy,0.1331921874116154,2432
2015,31,155,Saunders,0.1370906373974877,11977
2015,31,177,Washington,0.109400718399955,6034
2015,31,67,Gage,0.1015756350232496,11416
2015,31,109,Lancaster,0.0967893485989816,9480
2015,31,159,Seward,0.2562567762058836,9353
2015,31,139,Pierce,0.2578129415312353,10037
2015,31,119,Madison,0.2337440126094525,9806
2015,31,167,Stanton,0.2736256269140541,7188
2015,31,117,McPherson,0.5122792464362899,364
2015,31,111,Lincoln,0.6869644651013274,14761
2015,31,113,Logan,0.6105049907715198,1724
2015,31,7,Banner,0.2185756881199164,781
2015,31,157,Scotts Bluff,0.4977012298680052,5690
2015,31,165,Sioux,0.5213844719622881,907
2015,31,39,Cuming,0.2369646205973868,11024
2015,31,129,Nuckolls,0.4217347690753197,7616
2015,31,101,Keith,0.606480400168814,7817
2015,31,137,Phelps,0.4336651402234763,12025
2015,31,181,Webster,0.3075512004208202,5933
2015,31,15,Boyd,0.3169611992945325,2241
2015,31,171,Thomas,0.8692977960020503,32
2015,31,89,Holt,0.4770168214767671,12058
2015,31,17,Brown,0.6655960246442327,2961
2015,31,103,Keya Paha,0.4831540879386977,999
2015,31,77,Greeley,0.433304526312776,5109
2015,31,95,Jefferson,0.1775050715425603,7324
2015,31,151,Saline,0.2493275776805532,9649
2015,31,57,Dundy,0.6856805414702227,7466
2015,31,131,Otoe,0.0657690413289751,8839
2015,31,87,Hitchcock,0.2967879035409542,4488
2015,31,105,Kimball,0.456821239816513,1017
2015,31,127,Nemaha,0.0678693784054414,5921
2015,31,41,Custer,0.588952195248151,16446
2015,31,143,Polk,0.4205041218577195,8739
2015,31,45,Dawes,0.4372610035143127,254
2015,31,179,Wayne,0.2315176140213903,8674
2015,31,71,Garfield,0.6848376874662305,814
2015,31,13,Box Butte,0.2876204670088643,3537
2015,31,173,Thurston,0.2105417248202744,6556
2015,31,11,Boone,0.3125471172150487,11169
2015,31,145,Red Willow,0.263738558943461,5333
2015,31,149,Rock,0.3921005118351526,1901
2015,31,5,Arthur,0.6654488517745303,61
2015,31,85,Hayes,0.5969005635152167,5770
2015,31,97,Johnson,0.1160540511647746,3782
2015,31,3,Antelope,0.3226966025877877,14071
2015,31,163,Sherman,0.5576692142631076,5248
2015,31,161,Sheridan,0.3922304261894356,2032
2015,31,133,Pawnee,0.054037556403944,3356
2015,31,75,Grant,,0
2015,31,21,Burt,0.1455759413749918,9128
2015,31,9,Blaine,0.7384721266345493,191
2015,31,27,Cedar,0.3218637877922396,12840
2015,31,169,Thayer,0.381439070825077,9818
2015,31,49,Deuel,0.5872677928033317,1707
2015,31,123,Morrill,0.6627797114072942,4374
2015,31,115,Loup,0.694494270580539,562
2015,31,63,Frontier,0.3967594674400433,6545
2015,31,125,Nance,0.4213043758423859,5914
2015,31,107,Knox,0.366002923929889,9899
2015,31,135,Perkins,0.6155415148011063,15140
2015,31,37,Colfax,0.3244331511719844,7954
2015,31,23,Butler,0.2649714565073551,9771
2015,31,31,Cherry,0.387005869622756,1260
2015,31,183,Wheeler,0.4862958639223396,2531
2015,31,61,Franklin,0.2712354422749874,5542
2015,31,29,Chase,0.7547363928805337,11884
2015,31,59,Fillmore,0.3855685084246611,12319
2015,31,185,York,0.5340592784416944,14005
2015,31,35,Clay,0.5166766976165292,12227
2015,31,33,Cheyenne,0.512807599574444,1876
2015,31,69,Garden,0.6378923488728179,1746
2015,31,83,Harlan,0.3045459495031271,6690
2015,31,91,Hooker,0.0,3
2015,31,147,Richardson,0.1095682163803333,7466
2015,31,65,Furnas,0.2675559854302303,7108
2015,31,175,Valley,0.5169595501309993,4949
2015,31,141,Platte,0.3682896321555537,13642
2015,31,121,Merrick,0.5695383317111744,8949
2015,31,79,Hall,0.7653104399543121,12452
2015,31,81,Hamilton,0.541535812992341,13182
2015,31,93,Howard,0.5699061855380344,7191
2015,31,1,Adams,0.4957959697749369,12195
2015,31,99,Kearney,0.4217456821097711,10832
2015,31,19,Buffalo,0.5495461059858893,13809
2015,31,73,Gosper,0.4717127523994391,5628
2015,31,47,Dawson,0.598946676720028,13837
2015,37,37,Chatham,0.1940792614992838,125
2015,37,115,Madison,0.6666666666666666,6
2015,37,87,Haywood,0.6145833333333334,96
2015,37,21,Buncombe,0.4065900383141762,78
2015,37,89,Henderson,0.6495699062780844,371
2015,37,175,Transylvania,0.8024560296100767,137
2015,37,167,Stanly,0.1042082679322739,863
2015,37,109,Lincoln,0.233563672260612,201
2015,37,159,Rowan,0.1576747623537806,628
2015,37,25,Cabarrus,0.1293727090393526,297
2015,37,97,Iredell,0.2800524989171445,1517
2015,37,71,Gaston,0.144723092998955,53
2015,37,179,Union,0.0578653672970539,2461
2015,37,119,Mecklenburg,0.09824694160676,64
2015,37,45,Cleveland,0.1039441153146429,340
2015,37,5,Alleghany,0.6141304347826086,114
2015,37,173,Swain,0.5,4
2015,37,11,Avery,,0
2015,37,33,Caswell,0.2383582596872875,48
2015,37,75,Graham,0.0,1
2015,37,7,Anson,0.1431235489583789,656
2015,37,149,Polk,0.0,9
2015,37,39,Cherokee,0.4681133746678477,97
2015,37,113,Macon,0.6153846153846154,13
2015,37,9,Ashe,0.4963791968400263,18
2015,37,123,Montgomery,0.1324653048495244,105
2015,37,43,Clay,0.5660054453520031,58
2015,37,121,Mitchell,,0
2015,37,199,Yancey,0.6,5
2015,37,189,Watauga,0.0,1
2015,37,99,Jackson,0.6666666666666666,3
2015,37,161,Rutherford,0.1876174566715389,40
2015,37,193,Wilkes,0.5951642660624695,613
2015,37,125,Moore,0.0509420337425326,122
2015,37,153,Richmond,0.2531766262575159,208
2015,37,93,Hoke,0.1016009852216748,428
2015,37,165,Scotland,0.1348954942168833,543
2015,37,155,Robeson,0.1689637959483631,4550
2015,37,1,Alamance,0.1868029306080545,178
2015,37,151,Randolph,0.3485708360043742,424
2015,37,81,Guilford,0.2507544777585314,227
2015,37,157,Rockingham,0.3769780500255232,156
2015,37,171,Surry,0.2496554020925649,870
2015,37,57,Davidson,0.1656296696524301,483
2015,37,169,Stokes,0.4268589016685566,75
2015,37,67,Forsyth,0.2916701339768661,161
2015,37,197,Yadkin,0.2516391953491445,983
2015,37,59,Davie,0.1907622150945644,488
2015,37,27,Caldwell,0.4985419842269202,119
2015,37,3,Alexander,0.2815131427401396,158
2015,37,35,Catawba,0.1436349981224183,212
2015,37,23,Burke,0.5762501822423094,109
2015,37,111,McDowell,0.4450261780104712,32
2015,37,29,Camden,0.0532231196532981,1190
2015,37,139,Pasquotank,0.0434828354364247,1084
2015,37,143,Perquimans,0.07496642704795,909
2015,37,177,Tyrrell,0.1196710966909,1641
2015,37,55,Dare,0.0151515151515151,66
2015,37,73,Gates,0.0273354217039675,331
2015,37,53,Currituck,0.1007840956709538,979
2015,37,19,Brunswick,0.0807079904562497,645
2015,37,31,Carteret,0.0209911653880776,1477
2015,37,137,Pamlico,0.2543756234696653,1039
2015,37,49,Craven,0.1121072236975778,1333
2015,37,103,Jones,0.2277805854151585,1170
2015,37,85,Harnett,0.0173060282665128,235
2015,37,63,Durham,0.6428571428571429,14
2015,37,145,Person,0.060902794363506,115
2015,37,135,Orange,0.1653217339133043,135
2015,37,181,Vance,0.0,5
2015,37,77,Granville,0.4015748031496063,127
2015,37,69,Franklin,0.3053892215568862,41
2015,37,101,Johnston,0.0503637727212982,513
2015,37,183,Wake,0.0726288806607804,56
2015,37,105,Lee,0.0283869531336969,38
2015,37,131,Northampton,0.0633976149237156,477
2015,37,83,Halifax,0.1380713704322495,460
2015,37,127,Nash,0.0731617345684072,96
2015,37,65,Edgecombe,0.1122396035234409,663
2015,37,195,Wilson,0.037856345229196,434
2015,37,163,Sampson,0.1739016599465885,2277
2015,37,185,Warren,0.064516129032258,31
2015,37,187,Washington,0.0929959258890522,2028
2015,37,61,Duplin,0.155384863858329,3341
2015,37,91,Hertford,0.1254198656429942,660
2015,37,17,Bladen,0.2445923999197676,1835
2015,37,95,Hyde,0.2620399968298417,2833
2015,37,15,Bertie,0.1738741330264966,739
2015,37,79,Greene,0.1021344962129906,618
2015,37,41,Chowan,0.1182978622158246,344
2015,37,117,Martin,0.1034384022524994,331
2015,37,47,Columbus,0.1304316520230341,2247
2015,37,191,Wayne,0.1836618116700586,1516
2015,37,133,Onslow,0.0493956102216095,747
2015,37,107,Lenoir,0.2459286107794283,1606
2015,37,129,New Hanover,0.4042553191489361,47
2015,37,141,Pender,0.2107509581505147,1127
2015,37,51,Cumberland,0.1032794501292482,664
2015,37,147,Pitt,0.0599254708429851,1414
2015,37,13,Beaufort,0.0586355515986958,2679
2016,17,121,Marion,0.0659217046034725,4319
2016,17,5,Bond,0.11293791263377,4503
2016,17,83,Jersey,0.281507563335469,4423
2016,17,163,St. Clair,0.135516501578073,6731
2016,17,27,Clinton,0.1751697036584935,6640
2016,17,13,Calhoun,0.3153111291136145,1301
2016,17,119,Madison,0.1822991044232207,7221
2016,17,133,Monroe,0.1860588460231638,3350
2016,17,117,Macoupin,0.2505713608436813,12339
2016,17,171,Scott,0.2678170337407211,4049
2016,17,137,Morgan,0.3037005157750624,10109
2016,17,107,Logan,0.3192756330697684,13439
2016,17,129,Menard,0.2810397054163372,5792
2016,17,167,Sangamon,0.372303671656748,15907
2016,17,21,Christian,0.2198135056988475,13955
2016,17,127,Massac,0.0735748341625207,1532
2016,17,57,Fulton,0.2390445497533827,9302
2016,17,175,Stark,0.2753246576089923,6450
2016,17,203,Woodford,0.165157969978556,9012
2016,17,179,Tazewell,0.2522870642911861,10072
2016,17,123,Marshall,0.2537573847994218,6956
2016,17,143,Peoria,0.234626167064099,7345
2016,17,1,Adams,0.2734848627038796,10517
2016,17,177,Stephenson,0.5578214054450148,11879
2016,17,141,Ogle,0.5931322684994247,16793
2016,17,201,Winnebago,0.4651263067303784,6781
2016,17,7,Boone,0.4028549814394537,5654
2016,17,25,Clay,0.1406566418003583,4352
2016,17,185,Wabash,0.1341906200968767,3435
2016,17,9,Brown,0.3467995386150078,2752
2016,17,151,Pope,0.0331819620117847,466
2016,17,33,Crawford,0.1094245342308712,5138
2016,17,135,Montgomery,0.1776203407115025,11459
2016,17,55,Franklin,0.0481440793369447,1994
2016,17,23,Clark,0.0950849936787636,6489
2016,17,59,Gallatin,0.2958746327859847,4245
2016,17,75,Iroquois,0.2343666142646904,22084
2016,17,41,Douglas,0.1070274027165341,7928
2016,17,189,Washington,0.0945127962168985,6721
2016,17,159,Richland,0.1027929728684129,4578
2016,17,65,Hamilton,0.0681403826103877,3599
2016,17,193,White,0.0999272932661073,5832
2016,17,169,Schuyler,0.2483374770631291,4338
2016,17,181,Union,0.1575480753318108,719
2016,17,85,Jo Daviess,0.551861502980202,5845
2016,17,125,Mason,0.4935350655548149,9726
2016,17,191,Wayne,0.0871455162663584,6519
2016,17,69,Hardin,0.0676248282180485,141
2016,17,61,Greene,0.2576577547218068,8193
2016,17,157,Randolph,0.0905859338908168,3998
2016,17,149,Pike,0.4357802762859077,11719
2016,17,145,Perry,0.054108482682908,2845
2016,17,87,Johnson,0.1304264905714353,340
2016,17,173,Shelby,0.1369790140299185,12109
2016,17,51,Fayette,0.0904654885700507,7410
2016,17,139,Moultrie,0.1631211363496335,6229
2016,17,17,Cass,0.4903550506328514,6661
2016,17,15,Carroll,0.7029710414713686,9819
2016,17,47,Edwards,0.095065926400936,2849
2016,17,79,Jasper,0.0772439514825453,6212
2016,17,187,Warren,0.28956082360191,10559
2016,17,153,Pulaski,0.0351747183436156,1154
2016,17,165,Saline,0.1148891472663372,2997
2016,17,101,Lawrence,0.1396281367265703,4746
2016,17,45,Edgar,0.139373144430063,11381
2016,17,71,Henderson,0.4215665469895275,6925
2016,17,199,Williamson,0.0523060120140991,805
2016,17,77,Jackson,0.1024443297962826,1710
2016,17,147,Piatt,0.1699092386991046,8830
2016,17,53,Ford,0.1335900975217335,9974
2016,17,19,Champaign,0.1629664264832628,19149
2016,17,29,Coles,0.0965829695573108,8015
2016,17,35,Cumberland,0.0861627337136028,4376
2016,17,183,Vermilion,0.1255231935654931,15329
2016,17,115,Macon,0.2260004216959987,10690
2016,17,49,Effingham,0.1029515869746688,5472
2016,17,67,Hancock,0.1888402499358225,11748
2016,17,95,Knox,0.2416800292258654,10764
2016,17,109,McDonough,0.274112440528002,9836
2016,17,81,Jefferson,0.0320503014774306,2505
2016,17,113,McLean,0.1232341981034972,22022
2016,17,39,De Witt,0.1525480243678691,7270
2016,17,105,Livingston,0.1448839740052433,20805
2016,17,3,Alexander,0.1102033988094408,585
2016,17,93,Kendall,0.3016590662888895,5508
2016,17,31,Cook,0.1264608215458565,218
2016,17,37,DeKalb,0.5122223611217956,14875
2016,17,89,Kane,0.3368904257008274,5649
2016,17,63,Grundy,0.2108996872811874,7116
2016,17,111,McHenry,0.4296657571357949,7139
2016,17,197,Will,0.1275693937116181,6776
2016,17,43,DuPage,0.3381928477080377,162
2016,17,97,Lake,0.3080707508492445,780
2016,17,91,Kankakee,0.3715019893077805,12827
2016,17,11,Bureau,0.4535589262007942,19328
2016,17,155,Putnam,0.3571792014334367,2565
2016,17,99,LaSalle,0.2205978099449398,20234
2016,17,131,Mercer,0.2688568203582732,10044
2016,17,161,Rock Island,0.3408485348585255,5052
2016,17,73,Henry,0.3029428952026978,16651
2016,17,103,Lee,0.5928459889856481,18282
2016,17,195,Whiteside,0.6544290999396472,17396
2016,19,149,Plymouth,0.1862147308703199,15432
2016,19,193,Woodbury,0.2819031633512989,14735
2016,19,27,Carroll,0.4169289330517978,13220
2016,19,61,Dubuque,0.7160888840152878,9098
2016,19,101,Jefferson,0.1696072977327283,4672
2016,19,187,Webster,0.3145795365365375,14575
2016,19,111,Lee,0.2059690934530342,5332
2016,19,127,Marshall,0.2278717701544863,10296
2016,19,195,Worth,0.2611606000473165,8230
2016,19,33,Cerro Gordo,0.3712877696092438,12070
2016,19,51,Davis,0.1252147938117317,2884
2016,19,179,Wapello,0.1864775135941165,4067
2016,19,41,Clay,0.2197423987035603,10679
2016,19,59,Dickinson,0.189340962329773,6460
2016,19,21,Buena Vista,0.1819969919495425,11187
2016,19,13,Black Hawk,0.3623086933976684,10570
2016,19,75,Grundy,0.2770306663160304,10997
2016,19,17,Bremer,0.4144950050763165,8764
2016,19,85,Harrison,0.3022261478380259,12764
2016,19,129,Mills,0.1280573625994268,7001
2016,19,155,Pottawattamie,0.2559300543897854,17358
2016,19,123,Mahaska,0.2571901619632775,8790
2016,19,125,Marion,0.152520231254602,5655
2016,19,53,Decatur,0.1467585406542395,2747
2016,19,31,Cedar,0.287506191831864,10444
2016,19,151,Pocahontas,0.2768751747182872,12754
2016,19,109,Kossuth,0.3519718323874941,22250
2016,19,89,Howard,0.2999984298482359,9089
2016,19,147,Palo Alto,0.3959671742159077,12873
2016,19,159,Ringgold,0.1016467073372466,3953
2016,19,25,Calhoun,0.2760083888449304,12409
2016,19,39,Clarke,0.1448980740180725,2755
2016,19,65,Fayette,0.3720334727247982,12675
2016,19,1,Adair,0.121661813559368,8776
2016,19,37,Chickasaw,0.4192053842516117,10412
2016,19,81,Hancock,0.4420575098109163,13897
2016,19,157,Poweshiek,0.2267508137535001,9760
2016,19,165,Shelby,0.2446912544730302,12360
2016,19,185,Wayne,0.0987191565084168,4151
2016,19,97,Jackson,0.5062429044852557,6912
2016,19,43,Clayton,0.5966455119625899,9069
2016,19,7,Appanoose,0.0861466948123301,2211
2016,19,177,Van Buren,0.1311763844964397,3757
2016,19,197,Wright,0.3183374902739886,12891
2016,19,137,Montgomery,0.1106182168159081,6675
2016,19,175,Union,0.159882878103645,4432
2016,19,107,Keokuk,0.1830504694970847,7599
2016,19,131,Mitchell,0.4289736703148085,10443
2016,19,191,Winneshiek,0.5577795493992379,9915
2016,19,161,Sac,0.2461801293300915,11518
2016,19,55,Delaware,0.6876866350809975,13169
2016,19,67,Floyd,0.3137686728166621,10063
2016,19,9,Audubon,0.1880836696591277,8892
2016,19,79,Hamilton,0.449232777665621,13831
2016,19,69,Franklin,0.4656447132810606,14510
2016,19,141,O'Brien,0.2202627352349244,11471
2016,19,167,Sioux,0.4264020217443296,17177
2016,19,5,Allamakee,0.5305295355332429,4249
2016,19,189,Winnebago,0.3676416539533946,8818
2016,19,93,Ida,0.2626112401684714,9205
2016,19,29,Cass,0.1707217789580011,9743
2016,19,83,Hardin,0.4969729966212444,13118
2016,19,173,Taylor,0.1188777970679012,6576
2016,19,145,Page,0.0840929785714858,7893
2016,19,35,Cherokee,0.1417674902834456,10202
2016,19,71,Fremont,0.136600397683304,7978
2016,19,95,Iowa,0.2593611528678383,8347
2016,19,23,Butler,0.3773752295417604,12016
2016,19,63,Emmet,0.3037650725613986,7884
2016,19,47,Crawford,0.3479717232831683,14884
2016,19,19,Buchanan,0.5610138584130782,13712
2016,19,143,Osceola,0.2214386659959324,8104
2016,19,73,Greene,0.3321033064271126,12030
2016,19,87,Henry,0.166800327722459,5513
2016,19,119,Lyon,0.3439166025740289,12106
2016,19,3,Adams,0.1556264947343393,5694
2016,19,133,Monona,0.2662564930600223,11591
2016,19,91,Humboldt,0.3149043623669429,9903
2016,19,115,Louisa,0.2042351538850105,5476
2016,19,171,Tama,0.1886886645534467,11425
2016,19,135,Monroe,0.1903967893938836,1945
2016,19,117,Lucas,0.1155881260640468,2162
2016,19,57,Des Moines,0.1519857374088062,5077
2016,19,11,Benton,0.2079225190545097,13037
2016,19,113,Linn,0.3386506103532494,10276
2016,19,105,Jones,0.5233058517688346,10297
2016,19,103,Johnson,0.2114329333534867,7337
2016,19,183,Washington,0.2118343934679049,7802
2016,19,45,Clinton,0.4165710341401286,12990
2016,19,163,Scott,0.3633966991725784,7214
2016,19,139,Muscatine,0.2152294649019567,6272
2016,19,169,Story,0.3647285683837158,11848
2016,19,15,Boone,0.4156970335094208,11393
2016,19,121,Madison,0.0986825487374662,5593
2016,19,181,Warren,0.124506873640735,4959
2016,19,49,Dallas,0.3067068918590283,9848
2016,19,153,Polk,0.2368494609300038,6081
2016,19,77,Guthrie,0.2572839267288888,8479
2016,19,99,Jasper,0.2516030839496262,12249
2016,31,43,Dakota,0.1975418925579102,4628
2016,31,51,Dixon,0.2742879004966415,8240
2016,31,53,Dodge,0.2485801520759012,10579
2016,31,25,Cass,0.0697315571372133,8832
2016,31,55,Douglas,0.2625588101381089,2475
2016,31,153,Sarpy,0.1489307012914323,2580
2016,31,155,Saunders,0.1572346450613963,12841
2016,31,177,Washington,0.1709508484886867,6188
2016,31,67,Gage,0.1305255571198287,13290
2016,31,109,Lancaster,0.1041471505560025,10088
2016,31,159,Seward,0.2610522188744907,9678
2016,31,139,Pierce,0.3125183045016654,10151
2016,31,119,Madison,0.2630390462614178,9952
2016,31,167,Stanton,0.3046526181611589,6901
2016,31,117,McPherson,0.7225228430197723,425
2016,31,111,Lincoln,0.6917321515141888,15429
2016,31,113,Logan,0.6928816508426878,1796
2016,31,7,Banner,0.1683594397420278,1356
2016,31,157,Scotts Bluff,0.4895063766081001,6782
2016,31,165,Sioux,0.5546081143043089,1077
2016,31,39,Cuming,0.2793648945062768,11532
2016,31,129,Nuckolls,0.4163807395643531,8365
2016,31,101,Keith,0.645397243132213,7945
2016,31,137,Phelps,0.5078549047558533,12478
2016,31,181,Webster,0.4015162407854327,6165
2016,31,15,Boyd,0.3577289005957771,2373
2016,31,171,Thomas,0.7464128427333427,29
2016,31,89,Holt,0.505638122168061,12144
2016,31,17,Brown,0.7144954253274493,3000
2016,31,103,Keya Paha,0.5395909619915411,1117
2016,31,77,Greeley,0.4711726246072854,5068
2016,31,95,Jefferson,0.1964438708752309,7752
2016,31,151,Saline,0.2739229836714889,10048
2016,31,57,Dundy,0.7031368389149871,7179
2016,31,131,Otoe,0.0680842088112013,9810
2016,31,87,Hitchcock,0.351477569248899,4981
2016,31,105,Kimball,0.2324635295950762,1618
2016,31,127,Nemaha,0.1215306072741553,6597
2016,31,41,Custer,0.6517383727860663,16292
2016,31,143,Polk,0.3893433008280952,9053
2016,31,45,Dawes,0.2002660308341057,555
2016,31,179,Wayne,0.2583838595938648,9084
2016,31,71,Garfield,0.6983818736528629,766
2016,31,13,Box Butte,0.2523362208760093,4676
2016,31,173,Thurston,0.2198221722182808,6980
2016,31,11,Boone,0.3528571121909953,11250
2016,31,145,Red Willow,0.3493539918702198,6313
2016,31,149,Rock,0.525906931957112,1821
2016,31,5,Arthur,0.225750710390907,207
2016,31,85,Hayes,0.6770466676370157,5804
2016,31,97,Johnson,0.1624338662764305,4378
2016,31,3,Antelope,0.388643669107329,14016
2016,31,163,Sherman,0.5882409083066894,5402
2016,31,161,Sheridan,0.3144895231742635,3277
2016,31,133,Pawnee,0.0845477619848461,4232
2016,31,75,Grant,,0
2016,31,21,Burt,0.1829042126005576,9361
2016,31,9,Blaine,0.5443716497915426,240
2016,31,27,Cedar,0.3551033304573846,13115
2016,31,169,Thayer,0.3648282904025484,10266
2016,31,49,Deuel,0.4731406451134923,2154
2016,31,123,Morrill,0.6379777982381724,4896
2016,31,115,Loup,0.6531402978856368,572
2016,31,63,Frontier,0.4674185457123019,7600
2016,31,125,Nance,0.4246773026512477,5904
2016,31,107,Knox,0.4010340095470096,10027
2016,31,135,Perkins,0.6334296187089117,15827
2016,31,37,Colfax,0.3448254546441397,7902
2016,31,23,Butler,0.2721460707858428,10546
2016,31,31,Cherry,0.5312160183876524,1397
2016,31,183,Wheeler,0.4896332510447421,2464
2016,31,61,Franklin,0.3634897087463782,6521
2016,31,29,Chase,0.750733806150686,11813
2016,31,59,Fillmore,0.40954011168795,13651
2016,31,185,York,0.5469144652601926,14907
2016,31,35,Clay,0.5360073490865934,12764
2016,31,33,Cheyenne,0.2958391831989835,3249
2016,31,69,Garden,0.5242830018066531,2141
2016,31,83,Harlan,0.447944189383766,7360
2016,31,91,Hooker,0.6,5
2016,31,147,Richardson,0.1696547685635207,8753
2016,31,65,Furnas,0.4267479966044378,8537
2016,31,175,Valley,0.5563106019746528,4649
2016,31,141,Platte,0.3932118444824756,13972
2016,31,121,Merrick,0.5667879685207182,9007
2016,31,79,Hall,0.7611864882797119,12926
2016,31,81,Hamilton,0.5960603291767688,14255
2016,31,93,Howard,0.6034540911689469,7192
2016,31,1,Adams,0.519396141601875,12761
2016,31,99,Kearney,0.4565907381677733,11496
2016,31,19,Buffalo,0.5885241815868754,13960
2016,31,73,Gosper,0.5241331784084451,6165
2016,31,47,Dawson,0.6609526223813645,14181
2016,37,37,Chatham,0.2544780050926332,190
2016,37,115,Madison,0.2503067484662576,16
2016,37,87,Haywood,0.7605633802816901,71
2016,37,21,Buncombe,0.4447741935483871,93
2016,37,89,Henderson,0.5638301114373077,391
2016,37,175,Transylvania,0.6568156225109176,143
2016,37,167,Stanly,0.1136868283151256,992
2016,37,109,Lincoln,0.2051502673468132,197
2016,37,159,Rowan,0.1058282302792808,651
2016,37,25,Cabarrus,0.1502274675281862,369
2016,37,97,Iredell,0.253062970864917,1372
2016,37,71,Gaston,0.2009497086121303,79
2016,37,179,Union,0.075274513017419,2707
2016,37,119,Mecklenburg,0.0244028806797575,77
2016,37,45,Cleveland,0.0800134476382585,352
2016,37,5,Alleghany,0.5153622421998942,151
2016,37,173,Swain,0.1818181818181818,11
2016,37,11,Avery,0.0,2
2016,37,33,Caswell,0.2463060600143201,61
2016,37,75,Graham,0.0,1
2016,37,7,Anson,0.1429674321465865,909
2016,37,149,Polk,0.1140429338103756,10
2016,37,39,Cherokee,0.4014084507042253,66
2016,37,113,Macon,0.1492537313432835,67
2016,37,9,Ashe,0.4375,16
2016,37,123,Montgomery,0.1511150636201942,120
2016,37,43,Clay,0.5902716914986854,27
2016,37,121,Mitchell,0.0,1
2016,37,199,Yancey,0.2,5
2016,37,189,Watauga,0.0,3
2016,37,99,Jackson,0.15,20
2016,37,161,Rutherford,0.0913732867508734,44
2016,37,193,Wilkes,0.6201770210506629,659
2016,37,125,Moore,0.1627645722164066,155
2016,37,153,Richmond,0.2974770030662578,243
2016,37,93,Hoke,0.0845847501356161,604
2016,37,165,Scotland,0.2142322712067308,821
2016,37,155,Robeson,0.195653644974725,5481
2016,37,1,Alamance,0.1247326384188439,296
2016,37,151,Randolph,0.2693978166451461,503
2016,37,81,Guilford,0.280617660149964,238
2016,37,157,Rockingham,0.3332963915240713,180
2016,37,171,Surry,0.332660540153467,1136
2016,37,57,Davidson,0.2297910501300331,455
2016,37,169,Stokes,0.1880181099349572,124
2016,37,67,Forsyth,0.3496138339728954,180
2016,37,197,Yadkin,0.2558923337960821,1050
2016,37,59,Davie,0.1179572085355541,581
2016,37,27,Caldwell,0.4118225581034214,153
2016,37,3,Alexander,0.2177015005840597,221
2016,37,35,Catawba,0.1192077898385478,346
2016,37,23,Burke,0.4549322061810397,143
2016,37,111,McDowell,0.3157894736842105,38
2016,37,29,Camden,0.0650456135323779,1274
2016,37,139,Pasquotank,0.0387388898205601,2000
2016,37,143,Perquimans,0.0573531396302409,1154
2016,37,177,Tyrrell,0.1011747140683982,1954
2016,37,55,Dare,0.0526315789473684,76
2016,37,73,Gates,0.0550545147646198,403
2016,37,53,Currituck,0.1331302062393466,1195
2016,37,19,Brunswick,0.1335868921721871,922
2016,37,31,Carteret,0.0508083140877598,1299
2016,37,137,Pamlico,0.1425742574257425,1010
2016,37,49,Craven,0.1280573409823859,1765
2016,37,103,Jones,0.2672539703755908,1641
2016,37,85,Harnett,0.1164079202158023,354
2016,37,63,Durham,0.0304005722460658,33
2016,37,145,Person,0.117115737905695,155
2016,37,135,Orange,0.160834338907085,162
2016,37,181,Vance,0.0,19
2016,37,77,Granville,0.3506221260481471,174
2016,37,69,Franklin,0.1136363636363636,88
2016,37,101,Johnston,0.0809629712960479,924
2016,37,183,Wake,0.0602908145170823,68
2016,37,105,Lee,0.0942595108695652,78
2016,37,131,Northampton,0.0789276579469486,997
2016,37,83,Halifax,0.2040543457090367,747
2016,37,127,Nash,0.0683186505222789,297
2016,37,65,Edgecombe,0.0788824998933411,1670
2016,37,195,Wilson,0.0343024375216604,1042
2016,37,163,Sampson,0.1593302337709505,3406
2016,37,185,Warren,0.0,58
2016,37,187,Washington,0.1048151351196815,2220
2016,37,61,Duplin,0.1861507675489387,4273
2016,37,91,Hertford,0.1108152862105912,733
2016,37,17,Bladen,0.2621866618766529,2550
2016,37,95,Hyde,0.2061564797946845,2900
2016,37,15,Bertie,0.1728384670249102,890
2016,37,79,Greene,0.064708700552509,1158
2016,37,41,Chowan,0.0458523135938623,404
2016,37,117,Martin,0.0731626916056723,648
2016,37,47,Columbus,0.1034120649444211,2922
2016,37,191,Wayne,0.1408705676196281,2410
2016,37,133,Onslow,0.1141467345566086,1215
2016,37,107,Lenoir,0.2167163862950345,2264
2016,37,129,New Hanover,0.208955223880597,67
2016,37,141,Pender,0.1782599602126531,1624
2016,37,51,Cumberland,0.1491692604229666,806
2016,37,147,Pitt,0.0488873875917793,2347
2016,37,13,Beaufort,0.0996514248549404,4013
2017,17,121,Marion,0.0421403787534859,4915
2017,17,5,Bond,0.0654515112613155,4467
2017,17,83,Jersey,0.2727457551406489,4188
2017,17,163,St. Clair,0.1377369384180293,6085
2017,17,27,Clinton,0.1944379774819278,6095
2017,17,13,Calhoun,0.3151403338550556,1111
2017,17,119,Madison,0.1766690009011447,7104
2017,17,133,Monroe,0.200102505496623,2966
2017,17,117,Macoupin,0.2114166098143082,12092
2017,17,171,Scott,0.2200912640346193,3438
2017,17,137,Morgan,0.2510927242404643,9116
2017,17,107,Logan,0.2679176361825419,12310
2017,17,129,Menard,0.2533805954457461,5359
2017,17,167,Sangamon,0.327594462142305,14492
2017,17,21,Christian,0.1852806476193678,12762
2017,17,127,Massac,0.0570818384768496,1303
2017,17,57,Fulton,0.1721899589407525,8852
2017,17,175,Stark,0.3134753498895086,6068
2017,17,203,Woodford,0.1493335643618433,8434
2017,17,179,Tazewell,0.2197566503415185,10174
2017,17,123,Marshall,0.2347211165530536,6789
2017,17,143,Peoria,0.2367478187869157,7402
2017,17,1,Adams,0.259347859943567,10330
2017,17,177,Stephenson,0.549765822981807,11593
2017,17,141,Ogle,0.56118155661264,16452
2017,17,201,Winnebago,0.4351366935057364,6174
2017,17,7,Boone,0.4305255590928121,5057
2017,17,25,Clay,0.1136877571258457,4994
2017,17,185,Wabash,0.1352395981820563,3668
2017,17,9,Brown,0.3109715994020928,2322
2017,17,151,Pope,0.0809190056307397,371
2017,17,33,Crawford,0.1057396302650355,5941
2017,17,135,Montgomery,0.1720682580948743,10855
2017,17,55,Franklin,0.0336617769439478,2431
2017,17,23,Clark,0.1051153807030078,6480
2017,17,59,Gallatin,0.2675108735048931,3997
2017,17,75,Iroquois,0.1968802469616871,22849
2017,17,41,Douglas,0.096838843980314,7850
2017,17,189,Washington,0.1003847920805985,6757
2017,17,159,Richland,0.1064385825325907,5209
2017,17,65,Hamilton,0.0549253891889359,4593
2017,17,193,White,0.1216815378420194,5606
2017,17,169,Schuyler,0.2115618811728172,3839
2017,17,181,Union,0.1053533755274261,450
2017,17,85,Jo Daviess,0.5384071600881029,5704
2017,17,125,Mason,0.4061708394763113,8996
2017,17,191,Wayne,0.0786042746925638,8076
2017,17,69,Hardin,0.2871076992549108,87
2017,17,61,Greene,0.2355055881294529,7721
2017,17,157,Randolph,0.0952447448087664,3723
2017,17,149,Pike,0.4034980960727016,10107
2017,17,145,Perry,0.0499232172191047,2898
2017,17,87,Johnson,0.0905526910129117,282
2017,17,173,Shelby,0.1128243283720503,11188
2017,17,51,Fayette,0.0650678785786704,6963
2017,17,139,Moultrie,0.1224554404238316,5991
2017,17,17,Cass,0.4710494623288549,6038
2017,17,15,Carroll,0.7105665318374322,9705
2017,17,47,Edwards,0.1071662780069224,3158
2017,17,79,Jasper,0.0638371642547183,6954
2017,17,187,Warren,0.2761456912190574,10430
2017,17,153,Pulaski,0.0162953714263242,804
2017,17,165,Saline,0.0589281007854093,3006
2017,17,101,Lawrence,0.1329012866097284,5407
2017,17,45,Edgar,0.1203755577599582,10815
2017,17,71,Henderson,0.4455009876629404,6599
2017,17,199,Williamson,0.0505241543283259,883
2017,17,77,Jackson,0.0886263269804428,1530
2017,17,147,Piatt,0.1306668216037959,8519
2017,17,53,Ford,0.1344148310498171,9979
2017,17,19,Champaign,0.1583948509673625,19305
2017,17,29,Coles,0.0711012911410922,7901
2017,17,35,Cumberland,0.0845131121698775,4554
2017,17,183,Vermilion,0.132841328413284,15411
2017,17,115,Macon,0.1655895160879097,9791
2017,17,49,Effingham,0.0693962617081315,5461
2017,17,67,Hancock,0.1880943930449978,10869
2017,17,95,Knox,0.2111509929716729,10671
2017,17,109,McDonough,0.2327542571014597,9444
2017,17,81,Jefferson,0.0238030864633264,3010
2017,17,113,McLean,0.1044541833054722,21300
2017,17,39,De Witt,0.1080661673764716,7072
2017,17,105,Livingston,0.1233266972078215,20131
2017,17,3,Alexander,0.154000386510774,329
2017,17,93,Kendall,0.2710248626547547,5169
2017,17,31,Cook,0.1055950924474006,232
2017,17,37,DeKalb,0.4850379101700623,14674
2017,17,89,Kane,0.328105288085482,5555
2017,17,63,Grundy,0.1679916368990084,7026
2017,17,111,McHenry,0.4327518086871549,6412
2017,17,197,Will,0.1052746362971203,6465
2017,17,43,DuPage,0.1289121742727147,174
2017,17,97,Lake,0.2348461879329244,680
2017,17,91,Kankakee,0.3178714097715988,13074
2017,17,11,Bureau,0.4796676941750573,18884
2017,17,155,Putnam,0.348999953926723,2350
2017,17,99,LaSalle,0.19710534934981,20173
2017,17,131,Mercer,0.2919328328372796,9824
2017,17,161,Rock Island,0.3457523808922099,5044
2017,17,73,Henry,0.3175284720765178,16208
2017,17,103,Lee,0.5720791098545679,17259
2017,17,195,Whiteside,0.678898789178807,16463
2017,19,149,Plymouth,0.1760528325818723,15124
2017,19,193,Woodbury,0.2616810795488476,14113
2017,19,27,Carroll,0.4305464383883016,12214
2017,19,61,Dubuque,0.6883703037089437,9209
2017,19,101,Jefferson,0.1537482462191974,5130
2017,19,187,Webster,0.326485656962374,13608
2017,19,111,Lee,0.2087408763890585,5608
2017,19,127,Marshall,0.2308384774708326,9770
2017,19,195,Worth,0.2833861296495641,7226
2017,19,33,Cerro Gordo,0.4113231787709955,10942
2017,19,51,Davis,0.1131829755045755,3058
2017,19,179,Wapello,0.1993659192402037,4066
2017,19,41,Clay,0.2470378672107038,10328
2017,19,59,Dickinson,0.1906207209761588,6415
2017,19,21,Buena Vista,0.2034067038778992,10970
2017,19,13,Black Hawk,0.4030520243693657,10469
2017,19,75,Grundy,0.2818027501280642,10292
2017,19,17,Bremer,0.4544813987796265,8312
2017,19,85,Harrison,0.3501895883224992,12258
2017,19,129,Mills,0.1068482191650481,6326
2017,19,155,Pottawattamie,0.2614051440200173,16451
2017,19,123,Mahaska,0.2711272635869465,8774
2017,19,125,Marion,0.1754128193818444,5438
2017,19,53,Decatur,0.1534714007040837,2799
2017,19,31,Cedar,0.2675877387280959,10334
2017,19,151,Pocahontas,0.2714831220015897,12415
2017,19,109,Kossuth,0.374653156228792,20962
2017,19,89,Howard,0.3551881421685264,8720
2017,19,147,Palo Alto,0.4335438985732785,12120
2017,19,159,Ringgold,0.1495194108101361,4443
2017,19,25,Calhoun,0.2963058086436758,12071
2017,19,39,Clarke,0.1762354786381447,2869
2017,19,65,Fayette,0.4084876023660408,12444
2017,19,1,Adair,0.1319455297175782,8563
2017,19,37,Chickasaw,0.4622450996607373,9846
2017,19,81,Hancock,0.4877505940575342,12788
2017,19,157,Poweshiek,0.265899997213076,9932
2017,19,165,Shelby,0.2529331903674373,11809
2017,19,185,Wayne,0.0810060138632832,4418
2017,19,97,Jackson,0.5131060007104147,6947
2017,19,43,Clayton,0.563173384965029,9256
2017,19,7,Appanoose,0.0755502474561103,2341
2017,19,177,Van Buren,0.1644291366111344,3535
2017,19,197,Wright,0.3502359275363314,12092
2017,19,137,Montgomery,0.120272147304977,6679
2017,19,175,Union,0.1837313812449164,4581
2017,19,107,Keokuk,0.1952025858551827,7577
2017,19,131,Mitchell,0.4520050482866239,9692
2017,19,191,Winneshiek,0.5667250338771471,9975
2017,19,161,Sac,0.2366328351629096,11234
2017,19,55,Delaware,0.6858078305493839,13267
2017,19,67,Floyd,0.3573359080039725,9188
2017,19,9,Audubon,0.2334178588621114,8461
2017,19,79,Hamilton,0.4871982129435569,13227
2017,19,69,Franklin,0.5340834927623548,13269
2017,19,141,O'Brien,0.2173908350727415,11373
2017,19,167,Sioux,0.4264395715736191,16651
2017,19,5,Allamakee,0.5336759394578422,4201
2017,19,189,Winnebago,0.3731519068721426,8198
2017,19,93,Ida,0.288805909333504,8430
2017,19,29,Cass,0.1665994583990454,9607
2017,19,83,Hardin,0.5275261869142067,12518
2017,19,173,Taylor,0.168990235462071,7064
2017,19,145,Page,0.0939940211881432,7614
2017,19,35,Cherokee,0.1564812556737035,9705
2017,19,71,Fremont,0.1520755911273346,7605
2017,19,95,Iowa,0.2722124784817525,7828
2017,19,23,Butler,0.4335713229171223,11582
2017,19,63,Emmet,0.299743201532426,7619
2017,19,47,Crawford,0.3582022252686009,13944
2017,19,19,Buchanan,0.5808949549069851,13337
2017,19,143,Osceola,0.2291339737296665,7975
2017,19,73,Greene,0.3342554330119973,11495
2017,19,87,Henry,0.1930261655344387,5458
2017,19,119,Lyon,0.3479358902679433,11864
2017,19,3,Adams,0.1635994304861453,5577
2017,19,133,Monona,0.2582070200074176,11860
2017,19,91,Humboldt,0.3372148047171271,8931
2017,19,115,Louisa,0.186597194458447,5515
2017,19,171,Tama,0.1943782662498533,11201
2017,19,135,Monroe,0.1728419821743001,2340
2017,19,117,Lucas,0.1107834697281985,2234
2017,19,57,Des Moines,0.1749962676269799,5261
2017,19,11,Benton,0.2244269183633227,12684
2017,19,113,Linn,0.3350495438817235,10122
2017,19,105,Jones,0.5223748615104014,10059
2017,19,103,Johnson,0.1859096400352114,7521
2017,19,183,Washington,0.2346376536530418,8028
2017,19,45,Clinton,0.4156831768539447,13373
2017,19,163,Scott,0.3642165428022837,7358
2017,19,139,Muscatine,0.2096650715203013,6095
2017,19,169,Story,0.4197270178226128,11214
2017,19,15,Boone,0.41964794413189,10721
2017,19,121,Madison,0.1252222270775501,5177
2017,19,181,Warren,0.1359965453956601,4572
2017,19,49,Dallas,0.3219108681316702,9440
2017,19,153,Polk,0.2546437388750007,5625
2017,19,77,Guthrie,0.2372602280151383,8119
2017,19,99,Jasper,0.2517598027058581,11720
2017,31,43,Dakota,0.1975685098183334,4392
2017,31,51,Dixon,0.2564980675701865,7909
2017,31,53,Dodge,0.2590902352342524,9908
2017,31,25,Cass,0.0632842846473329,8668
2017,31,55,Douglas,0.3086844750270604,2051
2017,31,153,Sarpy,0.1497880851786092,2363
2017,31,155,Saunders,0.1582745181176382,12038
2017,31,177,Washington,0.1440157554311416,5863
2017,31,67,Gage,0.1453831738550212,11707
2017,31,109,Lancaster,0.1059698043476727,9554
2017,31,159,Seward,0.2591390437362944,9382
2017,31,139,Pierce,0.2920619290029851,9679
2017,31,119,Madison,0.253183920420421,9184
2017,31,167,Stanton,0.2504295567673104,6824
2017,31,117,McPherson,0.7799637638347315,407
2017,31,111,Lincoln,0.7082537582568019,14622
2017,31,113,Logan,0.6710569369684407,1596
2017,31,7,Banner,0.1479561197218287,1723
2017,31,157,Scotts Bluff,0.5478466941678759,5683
2017,31,165,Sioux,0.5716841578803984,983
2017,31,39,Cuming,0.2826731823686109,10712
2017,31,129,Nuckolls,0.4262198625864967,8102
2017,31,101,Keith,0.6338429622313365,8168
2017,31,137,Phelps,0.5275459864672118,12073
2017,31,181,Webster,0.3996066667418497,6326
2017,31,15,Boyd,0.3760540391930314,2273
2017,31,171,Thomas,0.6,30
2017,31,89,Holt,0.5017608910488808,12008
2017,31,17,Brown,0.706949378800828,2780
2017,31,103,Keya Paha,0.5812405037647296,1175
2017,31,77,Greeley,0.4599898090038825,4879
2017,31,95,Jefferson,0.2013544724572613,7345
2017,31,151,Saline,0.264728710429343,9518
2017,31,57,Dundy,0.648399994917023,7157
2017,31,131,Otoe,0.0717326258545339,8998
2017,31,87,Hitchcock,0.3788351055243708,5231
2017,31,105,Kimball,0.2486826386567792,2468
2017,31,127,Nemaha,0.1084863763642438,5860
2017,31,41,Custer,0.6189118416500105,15825
2017,31,143,Polk,0.3960277599174431,8638
2017,31,45,Dawes,0.2396740137062419,554
2017,31,179,Wayne,0.2389433184700163,8173
2017,31,71,Garfield,0.6790653042170237,763
2017,31,13,Box Butte,0.2477953392633978,5339
2017,31,173,Thurston,0.2145212874458623,6401
2017,31,11,Boone,0.33546008950412,10873
2017,31,145,Red Willow,0.4140448208299918,7219
2017,31,149,Rock,0.4398448542221346,1797
2017,31,5,Arthur,0.8598066569733173,202
2017,31,85,Hayes,0.619549780156864,5707
2017,31,97,Johnson,0.1490216628107594,3833
2017,31,3,Antelope,0.3654002664222831,13339
2017,31,163,Sherman,0.5733741158659941,5013
2017,31,161,Sheridan,0.4280872766008675,3233
2017,31,133,Pawnee,0.1016425010489557,3760
2017,31,75,Grant,,0
2017,31,21,Burt,0.1773911609570618,9084
2017,31,9,Blaine,0.6991232369438545,219
2017,31,27,Cedar,0.3422593979272736,12387
2017,31,169,Thayer,0.3747508982951504,10121
2017,31,49,Deuel,0.4298760842981878,2794
2017,31,123,Morrill,0.6599434853294106,5085
2017,31,115,Loup,0.6553602600373201,526
2017,31,63,Frontier,0.4977862677643523,7752
2017,31,125,Nance,0.4002786469174266,5911
2017,31,107,Knox,0.3881899169444456,9176
2017,31,135,Perkins,0.6359596098854993,16651
2017,31,37,Colfax,0.3207005847035679,7766
2017,31,23,Butler,0.2821622304923744,9938
2017,31,31,Cherry,0.626718638053973,1380
2017,31,183,Wheeler,0.449938687352727,2350
2017,31,61,Franklin,0.4401839262024185,6295
2017,31,29,Chase,0.7215976297577968,11779
2017,31,59,Fillmore,0.4597063094232578,12589
2017,31,185,York,0.5783348303299689,13740
2017,31,35,Clay,0.547493770136619,12006
2017,31,33,Cheyenne,0.2877543285558505,4237
2017,31,69,Garden,0.468023260577123,2419
2017,31,83,Harlan,0.4493708406847656,7291
2017,31,91,Hooker,,0
2017,31,147,Richardson,0.1615222633599333,7437
2017,31,65,Furnas,0.4871671096480769,8874
2017,31,175,Valley,0.5089162088571011,4859
2017,31,141,Platte,0.3870034890570483,13102
2017,31,121,Merrick,0.5478855478154147,8827
2017,31,79,Hall,0.7838402688950212,12578
2017,31,81,Hamilton,0.6424465086131911,13286
2017,31,93,Howard,0.589131262363842,6994
2017,31,1,Adams,0.5465291041292493,12503
2017,31,99,Kearney,0.4816193815609231,10958
2017,31,19,Buffalo,0.5695801728462497,13199
2017,31,73,Gosper,0.5488164538287389,5786
2017,31,47,Dawson,0.6512716392831623,13404
2017,37,37,Chatham,0.2889422944117566,146
2017,37,115,Madison,0.4285714285714285,7
2017,37,87,Haywood,0.5555555555555556,81
2017,37,21,Buncombe,0.4390022675736961,105
2017,37,89,Henderson,0.5752888252734895,388
2017,37,175,Transylvania,0.6549929403947842,142
2017,37,167,Stanly,0.1600642692543497,949
2017,37,109,Lincoln,0.1637006794240478,256
2017,37,159,Rowan,0.120655262338471,817
2017,37,25,Cabarrus,0.2206753317889787,354
2017,37,97,Iredell,0.2138892835476894,1757
2017,37,71,Gaston,0.1942274165429069,62
2017,37,179,Union,0.0557216985299122,2728
2017,37,119,Mecklenburg,0.05,60
2017,37,45,Cleveland,0.1067430534544851,405
2017,37,5,Alleghany,0.6241058278981696,153
2017,37,173,Swain,,0
2017,37,11,Avery,,0
2017,37,33,Caswell,0.1555352241537053,103
2017,37,75,Graham,,0
2017,37,7,Anson,0.1346957417448933,845
2017,37,149,Polk,0.2547263681592039,9
2017,37,39,Cherokee,0.4643745758878081,56
2017,37,113,Macon,0.7586206896551724,29
2017,37,9,Ashe,0.4149232914923291,17
2017,37,123,Montgomery,0.1091819874636103,157
2017,37,43,Clay,0.2029375258585022,25
2017,37,121,Mitchell,,0
2017,37,199,Yancey,0.25,4
2017,37,189,Watauga,,0
2017,37,99,Jackson,0.6666666666666666,3
2017,37,161,Rutherford,0.2070285316631872,39
2017,37,193,Wilkes,0.6894306103098957,638
2017,37,125,Moore,0.2648053643484452,134
2017,37,153,Richmond,0.2850691025162144,241
2017,37,93,Hoke,0.1785133863655803,789
2017,37,165,Scotland,0.2490945000502125,602
2017,37,155,Robeson,0.2409206335493814,5203
2017,37,1,Alamance,0.2089515367289108,281
2017,37,151,Randolph,0.2718935971893597,555
2017,37,81,Guilford,0.2504330321614156,347
2017,37,157,Rockingham,0.2285940372844276,174
2017,37,171,Surry,0.4439922514289685,925
2017,37,57,Davidson,0.1791239685919616,485
2017,37,169,Stokes,0.4254835039817975,106
2017,37,67,Forsyth,0.3726354968643245,168
2017,37,197,Yadkin,0.2655799197209514,1151
2017,37,59,Davie,0.1699734691898848,466
2017,37,27,Caldwell,0.5728365325533955,162
2017,37,3,Alexander,0.3263943041193423,234
2017,37,35,Catawba,0.1254081509251421,490
2017,37,23,Burke,0.4961395923409512,128
2017,37,111,McDowell,0.5281229561805101,36
2017,37,29,Camden,0.0614129514328444,1374
2017,37,139,Pasquotank,0.0540102839490885,1207
2017,37,143,Perquimans,0.0683284828546121,1068
2017,37,177,Tyrrell,0.1399929512094632,1599
2017,37,55,Dare,0.1621621621621621,37
2017,37,73,Gates,0.0615613081777987,356
2017,37,53,Currituck,0.093027027027027,807
2017,37,19,Brunswick,0.2252348358599692,682
2017,37,31,Carteret,0.0491334293468144,1201
2017,37,137,Pamlico,0.1902396913534195,1106
2017,37,49,Craven,0.222340904703687,1544
2017,37,103,Jones,0.3771308841503574,1304
2017,37,85,Harnett,0.0742637172379496,431
2017,37,63,Durham,0.0571428571428571,35
2017,37,145,Person,0.2090775423626678,164
2017,37,135,Orange,0.2569790813667833,162
2017,37,181,Vance,0.0,48
2017,37,77,Granville,0.2685328517371861,183
2017,37,69,Franklin,0.1026983487716471,168
2017,37,101,Johnston,0.115283809378049,830
2017,37,183,Wake,0.1097560975609756,82
2017,37,105,Lee,0.1135855802174884,54
2017,37,131,Northampton,0.069559138375497,815
2017,37,83,Halifax,0.2017771195853387,543
2017,37,127,Nash,0.0784464874791697,348
2017,37,65,Edgecombe,0.1879971795117543,1153
2017,37,195,Wilson,0.0819014331223164,978
2017,37,163,Sampson,0.2379870967083074,3110
2017,37,185,Warren,0.0178571428571428,56
2017,37,187,Washington,0.1101877632612265,2221
2017,37,61,Duplin,0.2600973142586195,4452
2017,37,91,Hertford,0.0995724475218733,781
2017,37,17,Bladen,0.3554323407879892,2433
2017,37,95,Hyde,0.2066433391374006,2833
2017,37,15,Bertie,0.1698730971661831,835
2017,37,79,Greene,0.157183377898424,983
2017,37,41,Chowan,0.116809796437659,405
2017,37,117,Martin,0.1322870771583585,544
2017,37,47,Columbus,0.1378636593570062,2900
2017,37,191,Wayne,0.2261907934054806,2112
2017,37,133,Onslow,0.2027804765750896,1015
2017,37,107,Lenoir,0.290469799659909,2137
2017,37,129,New Hanover,0.28125,64
2017,37,141,Pender,0.2906884910995677,1584
2017,37,51,Cumberland,0.1256054424271974,861
2017,37,147,Pitt,0.1021377190410598,2138
2017,37,13,Beaufort,0.1317570847451045,3249
2018,17,121,Marion,0.040352695087272,3903
2018,17,5,Bond,0.0583465952407869,4120
2018,17,83,Jersey,0.2119177877491045,3864
2018,17,163,St. Clair,0.1034689350449466,6145
2018,17,27,Clinton,0.15565199903989,6130
2018,17,13,Calhoun,0.2534223885541359,889
2018,17,119,Madison,0.1567977214255545,6690
2018,17,133,Monroe,0.1946707851804513,3132
2018,17,117,Macoupin,0.161800453612214,11261
2018,17,171,Scott,0.1323618090452261,3469
2018,17,137,Morgan,0.1441875179229008,8725
2018,17,107,Logan,0.1926249914863817,12027
2018,17,129,Menard,0.1492910514552017,5043
2018,17,167,Sangamon,0.1588774534092778,12841
2018,17,21,Christian,0.0966044636085208,12102
2018,17,127,Massac,0.0540391624989404,1314
2018,17,57,Fulton,0.1329939792782556,8931
2018,17,175,Stark,0.2596305808314735,5926
2018,17,203,Woodford,0.1206176612452561,8300
2018,17,179,Tazewell,0.1838947503660777,9461
2018,17,123,Marshall,0.2244439645340852,6581
2018,17,143,Peoria,0.2154070875283606,7152
2018,17,1,Adams,0.1917760905422456,9165
2018,17,177,Stephenson,0.5138943486410956,11176
2018,17,141,Ogle,0.5175416892838655,15733
2018,17,201,Winnebago,0.3615126334130049,6690
2018,17,7,Boone,0.3231234336191684,5322
2018,17,25,Clay,0.111061944524564,4436
2018,17,185,Wabash,0.1440207752576265,3418
2018,17,9,Brown,0.1866319809403686,2269
2018,17,151,Pope,0.0782708786289806,315
2018,17,33,Crawford,0.1059753575095609,5326
2018,17,135,Montgomery,0.1342202867418216,10608
2018,17,55,Franklin,0.0768658932429526,1949
2018,17,23,Clark,0.0924751311898195,6381
2018,17,59,Gallatin,0.2660405438630464,3633
2018,17,75,Iroquois,0.1750982087294644,21497
2018,17,41,Douglas,0.0745557772335634,7592
2018,17,189,Washington,0.0931858649911571,5927
2018,17,159,Richland,0.1033048656031552,4682
2018,17,65,Hamilton,0.0561615430646979,4287
2018,17,193,White,0.0845893781406991,5621
2018,17,169,Schuyler,0.1237671579284503,3916
2018,17,181,Union,0.076294006183305,402
2018,17,85,Jo Daviess,0.4939379312708495,5585
2018,17,125,Mason,0.2697755244559628,8087
2018,17,191,Wayne,0.0809361695645882,7282
2018,17,69,Hardin,0.0217298679164891,93
2018,17,61,Greene,0.1715425610428339,7394
2018,17,157,Randolph,0.0859120347864268,3552
2018,17,149,Pike,0.297691539282271,9959
2018,17,145,Perry,0.027657406261012,2503
2018,17,87,Johnson,0.0282313866592859,298
2018,17,173,Shelby,0.0818933817387325,11297
2018,17,51,Fayette,0.0427751726227533,6701
2018,17,139,Moultrie,0.0989849074637757,6043
2018,17,17,Cass,0.3530163845295609,5620
2018,17,15,Carroll,0.6970592344787101,9447
2018,17,47,Edwards,0.1111924058775633,2759
2018,17,79,Jasper,0.0620252968747582,6167
2018,17,187,Warren,0.2187512797720136,9899
2018,17,153,Pulaski,0.0194733601569323,833
2018,17,165,Saline,0.0571171260237829,2564
2018,17,101,Lawrence,0.1202278219454627,4520
2018,17,45,Edgar,0.0865017117125156,10694
2018,17,71,Henderson,0.3981339582974657,6553
2018,17,199,Williamson,0.0435773937210777,887
2018,17,77,Jackson,0.0861359830186662,1552
2018,17,147,Piatt,0.0808226828232529,8226
2018,17,53,Ford,0.1168005290226085,9745
2018,17,19,Champaign,0.1421838610694845,18322
2018,17,29,Coles,0.0658036981631036,7923
2018,17,35,Cumberland,0.0859400774779409,4167
2018,17,183,Vermilion,0.1140911173173725,14821
2018,17,115,Macon,0.1261233602905603,10067
2018,17,49,Effingham,0.0708349966609087,5345
2018,17,67,Hancock,0.1298473961297666,11093
2018,17,95,Knox,0.1999694446679647,10715
2018,17,109,McDonough,0.1605996820148216,9011
2018,17,81,Jefferson,0.0281070025626972,2603
2018,17,113,McLean,0.0819914923246219,20863
2018,17,39,De Witt,0.065457029919061,6712
2018,17,105,Livingston,0.1001299912474917,20151
2018,17,3,Alexander,0.0347313428479701,412
2018,17,93,Kendall,0.2204172029984099,5271
2018,17,31,Cook,0.0850972540045766,250
2018,17,37,DeKalb,0.450115474018832,14284
2018,17,89,Kane,0.2916491000957122,5494
2018,17,63,Grundy,0.1423112638747347,6855
2018,17,111,McHenry,0.3372608953160951,6716
2018,17,197,Will,0.0861560111344162,6828
2018,17,43,DuPage,0.1599208730635015,180
2018,17,97,Lake,0.1566124828395774,798
2018,17,91,Kankakee,0.3145482401533537,12602
2018,17,11,Bureau,0.4419702438194078,18253
2018,17,155,Putnam,0.2782910311218252,2315
2018,17,99,LaSalle,0.1703912234311773,19616
2018,17,131,Mercer,0.2696672525981434,9759
2018,17,161,Rock Island,0.3143388421289759,4861
2018,17,73,Henry,0.2824580126553825,15941
2018,17,103,Lee,0.4933841602412168,16277
2018,17,195,Whiteside,0.6238804087603758,16273
2018,19,149,Plymouth,0.1347893158157964,15021
2018,19,193,Woodbury,0.202797808834333,13973
2018,19,27,Carroll,0.3575609434132517,12432
2018,19,61,Dubuque,0.6920362624770316,8887
2018,19,101,Jefferson,0.1447461584587894,4610
2018,19,187,Webster,0.2479869016985024,13527
2018,19,111,Lee,0.1770261601800772,5097
2018,19,127,Marshall,0.1974751634795359,10150
2018,19,195,Worth,0.1995318712156567,7562
2018,19,33,Cerro Gordo,0.3173301920114774,10898
2018,19,51,Davis,0.1120761560135945,2878
2018,19,179,Wapello,0.1536720072153142,3919
2018,19,41,Clay,0.2070106114773568,10325
2018,19,59,Dickinson,0.147620702305538,6180
2018,19,21,Buena Vista,0.1590835449150841,10814
2018,19,13,Black Hawk,0.3889463482680623,10324
2018,19,75,Grundy,0.2144554095287658,10564
2018,19,17,Bremer,0.4181750899865081,8739
2018,19,85,Harrison,0.2653405253942331,11807
2018,19,129,Mills,0.0628850530385268,6657
2018,19,155,Pottawattamie,0.1945122560183957,16229
2018,19,123,Mahaska,0.2474310706675851,8658
2018,19,125,Marion,0.1254102470087325,5318
2018,19,53,Decatur,0.1353525063962854,2689
2018,19,31,Cedar,0.2352005908560189,10153
2018,19,151,Pocahontas,0.2221863198365123,12100
2018,19,109,Kossuth,0.3105956665809827,20871
2018,19,89,Howard,0.3303009963788724,9045
2018,19,147,Palo Alto,0.3489638185633844,11802
2018,19,159,Ringgold,0.1535601721951032,4128
2018,19,25,Calhoun,0.2358707028351059,11643
2018,19,39,Clarke,0.1621203792771748,2429
2018,19,65,Fayette,0.3930853302665447,12682
2018,19,1,Adair,0.098829411641818,8545
2018,19,37,Chickasaw,0.4117679455702377,9936
2018,19,81,Hancock,0.394123010010887,12469
2018,19,157,Poweshiek,0.2408160069559626,9617
2018,19,165,Shelby,0.199346866456487,11982
2018,19,185,Wayne,0.0651178243191345,3883
2018,19,97,Jackson,0.5118010589941894,6966
2018,19,43,Clayton,0.5692688796836695,9046
2018,19,7,Appanoose,0.0679151995356464,2284
2018,19,177,Van Buren,0.1301773796368003,3663
2018,19,197,Wright,0.2833543420489988,12099
2018,19,137,Montgomery,0.0906236997676252,6480
2018,19,175,Union,0.1534452766586452,4423
2018,19,107,Keokuk,0.1659412823235899,7557
2018,19,131,Mitchell,0.3855167639763702,9847
2018,19,191,Winneshiek,0.5650756505563562,9910
2018,19,161,Sac,0.1772978756558177,10878
2018,19,55,Delaware,0.6835417644640371,12771
2018,19,67,Floyd,0.2956090816710557,9566
2018,19,9,Audubon,0.1986401632463241,8684
2018,19,79,Hamilton,0.424888088913893,12884
2018,19,69,Franklin,0.4453428008567623,13434
2018,19,141,O'Brien,0.1880015141397077,11088
2018,19,167,Sioux,0.3846918922859056,16480
2018,19,5,Allamakee,0.5189915188059029,4236
2018,19,189,Winnebago,0.3064306661080849,8349
2018,19,93,Ida,0.2057280239914094,8465
2018,19,29,Cass,0.1324239469866224,9441
2018,19,83,Hardin,0.4735733500234982,12347
2018,19,173,Taylor,0.1157847234177974,6079
2018,19,145,Page,0.0680228474147899,7846
2018,19,35,Cherokee,0.1247680351100322,10043
2018,19,71,Fremont,0.0836587490284415,7593
2018,19,95,Iowa,0.2329936043666803,8238
2018,19,23,Butler,0.3850771701019099,11502
2018,19,63,Emmet,0.2504412926044247,7329
2018,19,47,Crawford,0.2793673765499497,13829
2018,19,19,Buchanan,0.5531584824383956,13338
2018,19,143,Osceola,0.1793085793860538,7605
2018,19,73,Greene,0.2635738741223739,11169
2018,19,87,Henry,0.178757736776211,5416
2018,19,119,Lyon,0.3404610082764084,11932
2018,19,3,Adams,0.1147471679943845,5491
2018,19,133,Monona,0.2152757780020633,11316
2018,19,91,Humboldt,0.252396726925426,9235
2018,19,115,Louisa,0.1683823381544931,5342
2018,19,171,Tama,0.1679166817904224,11259
2018,19,135,Monroe,0.1884401928590361,1967
2018,19,117,Lucas,0.0729720990751634,2039
2018,19,57,Des Moines,0.1585411465265161,4902
2018,19,11,Benton,0.2048487009939953,12839
2018,19,113,Linn,0.3113192635953314,10069
2018,19,105,Jones,0.4987428297417722,10127
2018,19,103,Johnson,0.1713405345140846,7256
2018,19,183,Washington,0.2419965131981331,7878
2018,19,45,Clinton,0.4148335575204746,12872
2018,19,163,Scott,0.379709194167903,7505
2018,19,139,Muscatine,0.202487155949344,6270
2018,19,169,Story,0.3338744612486595,10862
2018,19,15,Boone,0.3293473438367292,10346
2018,19,121,Madison,0.100265873326099,5534
2018,19,181,Warren,0.0940913123024893,4572
2018,19,49,Dallas,0.252117869437143,9205
2018,19,153,Polk,0.1869378974502263,5711
2018,19,77,Guthrie,0.1803853229737433,7986
2018,19,99,Jasper,0.1961993860351535,11867
2018,31,43,Dakota,0.1383554217354911,4400
2018,31,51,Dixon,0.195905163213522,7611
2018,31,53,Dodge,0.2046812727385378,10051
2018,31,25,Cass,0.036978612568326,8315
2018,31,55,Douglas,0.1730692890653193,2194
2018,31,153,Sarpy,0.0965849636934394,2229
2018,31,155,Saunders,0.1078950855671664,12509
2018,31,177,Washington,0.0868359459775297,5928
2018,31,67,Gage,0.0720323808174106,12393
2018,31,109,Lancaster,0.0637021393735953,9654
2018,31,159,Seward,0.2101693371585441,9136
2018,31,139,Pierce,0.2487645972266499,9652
2018,31,119,Madison,0.2038773604060911,9751
2018,31,167,Stanton,0.2311571211332347,6747
2018,31,117,McPherson,0.8196972456424158,373
2018,31,111,Lincoln,0.6752777970324396,13803
2018,31,113,Logan,0.5554939142361713,1431
2018,31,7,Banner,0.2459313436477118,1554
2018,31,157,Scotts Bluff,0.4464794578113153,6093
2018,31,165,Sioux,0.5180940161244263,1023
2018,31,39,Cuming,0.2260799866423117,10628
2018,31,129,Nuckolls,0.3955293917706818,8411
2018,31,101,Keith,0.6427366865967028,7976
2018,31,137,Phelps,0.4854923706228776,11958
2018,31,181,Webster,0.384926375882,6309
2018,31,15,Boyd,0.3241496017294388,2099
2018,31,171,Thomas,0.9629629629629628,27
2018,31,89,Holt,0.4689727102844895,12150
2018,31,17,Brown,0.6180057378145764,2641
2018,31,103,Keya Paha,0.6418050443664585,1114
2018,31,77,Greeley,0.3940606823650262,4972
2018,31,95,Jefferson,0.1536923357277103,7307
2018,31,151,Saline,0.1971616623159688,9464
2018,31,57,Dundy,0.6577237251284186,6846
2018,31,131,Otoe,0.042263722069382,9419
2018,31,87,Hitchcock,0.3986435692106552,4861
2018,31,105,Kimball,0.2964541814992167,2310
2018,31,127,Nemaha,0.048314472678213,5949
2018,31,41,Custer,0.5891382800992494,15175
2018,31,143,Polk,0.3505337204799212,8713
2018,31,45,Dawes,0.3260690499164529,501
2018,31,179,Wayne,0.1727275524532901,8527
2018,31,71,Garfield,0.7013797071024132,789
2018,31,13,Box Butte,0.3167314166173149,6237
2018,31,173,Thurston,0.1424411348697895,6686
2018,31,11,Boone,0.2894624964540918,10584
2018,31,145,Red Willow,0.4763718240341463,7224
2018,31,149,Rock,0.4222367090030347,1751
2018,31,5,Arthur,0.9269251238383756,194
2018,31,85,Hayes,0.6223860328681574,5606
2018,31,97,Johnson,0.0924021596498081,3961
2018,31,3,Antelope,0.3524941456435169,14376
2018,31,163,Sherman,0.4853225136463058,4893
2018,31,161,Sheridan,0.3939939970339477,3108
2018,31,133,Pawnee,0.05681500459929,3831
2018,31,75,Grant,0.0,1
2018,31,21,Burt,0.1510816374399734,9354
2018,31,9,Blaine,0.6837728416675785,218
2018,31,27,Cedar,0.2819564815200849,12159
2018,31,169,Thayer,0.3426062827986118,9670
2018,31,49,Deuel,0.5046226585556824,2914
2018,31,123,Morrill,0.6819389727419843,4953
2018,31,115,Loup,0.5742959831219405,476
2018,31,63,Frontier,0.509590116533379,6984
2018,31,125,Nance,0.3702649819858123,5661
2018,31,107,Knox,0.3069513064710539,9198
2018,31,135,Perkins,0.6448989757105524,17135
2018,31,37,Colfax,0.2915487751053985,7758
2018,31,23,Butler,0.2213698015726132,10195
2018,31,31,Cherry,0.5824168826454912,1234
2018,31,183,Wheeler,0.4690648977913735,2524
2018,31,61,Franklin,0.4024249253949373,6669
2018,31,29,Chase,0.7292148776044276,11435
2018,31,59,Fillmore,0.3745950088687932,12381
2018,31,185,York,0.5038546887940459,13740
2018,31,35,Clay,0.4746206997503407,11736
2018,31,33,Cheyenne,0.2962975450950258,4446
2018,31,69,Garden,0.5334959552348142,2536
2018,31,83,Harlan,0.42810497609777,7366
2018,31,91,Hooker,0.0,1
2018,31,147,Richardson,0.0974355686942629,8019
2018,31,65,Furnas,0.4865027813537705,8527
2018,31,175,Valley,0.5313400763596181,4641
2018,31,141,Platte,0.3305112635198852,13261
2018,31,121,Merrick,0.5051129341450256,8293
2018,31,79,Hall,0.7533371152766598,12051
2018,31,81,Hamilton,0.5685111493946082,13052
2018,31,93,Howard,0.5362366065100439,6739
2018,31,1,Adams,0.5085428557611748,12126
2018,31,99,Kearney,0.4371712903449334,11213
2018,31,19,Buffalo,0.5040891785655431,13032
2018,31,73,Gosper,0.5147670515466143,5958
2018,31,47,Dawson,0.5982279203530108,13469
2018,37,37,Chatham,0.1970797931709984,178
2018,37,115,Madison,0.2857142857142857,14
2018,37,87,Haywood,0.7156862745098039,102
2018,37,21,Buncombe,0.4486456331742391,128
2018,37,89,Henderson,0.5666487086557612,484
2018,37,175,Transylvania,0.5275882096703935,109
2018,37,167,Stanly,0.1703336455110763,903
2018,37,109,Lincoln,0.1595466053604167,277
2018,37,159,Rowan,0.1222439733201481,796
2018,37,25,Cabarrus,0.1863464191097584,368
2018,37,97,Iredell,0.3234716038937925,1536
2018,37,71,Gaston,0.1190873307091867,122
2018,37,179,Union,0.0461647762071584,2420
2018,37,119,Mecklenburg,0.0745925616381111,95
2018,37,45,Cleveland,0.1490136302940213,628
2018,37,5,Alleghany,0.7081447963800905,149
2018,37,173,Swain,0.0,7
2018,37,11,Avery,,0
2018,37,33,Caswell,0.1979237411467934,81
2018,37,75,Graham,,0
2018,37,7,Anson,0.1469016757011205,837
2018,37,149,Polk,0.5641025641025641,8
2018,37,39,Cherokee,0.3995429046332848,58
2018,37,113,Macon,0.4594594594594595,37
2018,37,9,Ashe,0.4444444444444444,9
2018,37,123,Montgomery,0.1620973063771071,136
2018,37,43,Clay,0.1438533057851239,33
2018,37,121,Mitchell,,0
2018,37,199,Yancey,0.2857142857142857,7
2018,37,189,Watauga,0.0,2
2018,37,99,Jackson,0.2857142857142857,7
2018,37,161,Rutherford,0.0926312472923476,101
2018,37,193,Wilkes,0.7281837185761091,665
2018,37,125,Moore,0.1189572358227455,205
2018,37,153,Richmond,0.2418473966107647,233
2018,37,93,Hoke,0.1364632606057604,643
2018,37,165,Scotland,0.1819493814872742,565
2018,37,155,Robeson,0.2305033103406049,4898
2018,37,1,Alamance,0.2939466969095549,283
2018,37,151,Randolph,0.2715334193236934,525
2018,37,81,Guilford,0.3815131387440789,305
2018,37,157,Rockingham,0.2472403606965174,209
2018,37,171,Surry,0.4189498865809379,1038
2018,37,57,Davidson,0.1897872851614453,472
2018,37,169,Stokes,0.39704610701809,116
2018,37,67,Forsyth,0.4549243330031086,134
2018,37,197,Yadkin,0.2729767426037852,1070
2018,37,59,Davie,0.1123861865310475,508
2018,37,27,Caldwell,0.555283987712178,177
2018,37,3,Alexander,0.3886950582414946,216
2018,37,35,Catawba,0.183267781831967,500
2018,37,23,Burke,0.5004538666510497,136
2018,37,111,McDowell,0.4746909947027663,40
2018,37,29,Camden,0.0467609108792051,1185
2018,37,139,Pasquotank,0.0466281146633665,1203
2018,37,143,Perquimans,0.0530219018574993,916
2018,37,177,Tyrrell,0.0828713409766752,1795
2018,37,55,Dare,0.0,4
2018,37,73,Gates,0.0344475735684257,485
2018,37,53,Currituck,0.0606333914112944,965
2018,37,19,Brunswick,0.128729513133967,684
2018,37,31,Carteret,0.0310663308144416,1191
2018,37,137,Pamlico,0.1575408261287224,1041
2018,37,49,Craven,0.1918444640828178,1564
2018,37,103,Jones,0.3304179655037119,1289
2018,37,85,Harnett,0.089315249751902,406
2018,37,63,Durham,0.1431665062560154,49
2018,37,145,Person,0.1685123621232469,180
2018,37,135,Orange,0.2248502375542243,195
2018,37,181,Vance,0.0521646900009642,43
2018,37,77,Granville,0.2422306245829711,194
2018,37,69,Franklin,0.2426266481609993,182
2018,37,101,Johnston,0.1117380088562718,874
2018,37,183,Wake,0.134259446761978,99
2018,37,105,Lee,0.2955014178912091,69
2018,37,131,Northampton,0.0711943389713496,781
2018,37,83,Halifax,0.1391014470793241,518
2018,37,127,Nash,0.0968350599878956,337
2018,37,65,Edgecombe,0.1308939077623837,1039
2018,37,195,Wilson,0.0774609779290851,759
2018,37,163,Sampson,0.2097063346892716,3054
2018,37,185,Warren,0.0077834076063732,129
2018,37,187,Washington,0.0659501449892255,2235
2018,37,61,Duplin,0.273690592868555,4223
2018,37,91,Hertford,0.0836227585076095,797
2018,37,17,Bladen,0.3515351270851199,2378
2018,37,95,Hyde,0.1816820310000872,2706
2018,37,15,Bertie,0.0973882899027586,809
2018,37,79,Greene,0.1256409478442914,794
2018,37,41,Chowan,0.0781038321533332,346
2018,37,117,Martin,0.1516142822624114,426
2018,37,47,Columbus,0.1371454963384974,2962
2018,37,191,Wayne,0.1937472213640371,2123
2018,37,133,Onslow,0.1697382924711069,945
2018,37,107,Lenoir,0.2586415610319068,1913
2018,37,129,New Hanover,0.3012048192771084,83
2018,37,141,Pender,0.2710090204037352,1491
2018,37,51,Cumberland,0.1756826334669761,935
2018,37,147,Pitt,0.0850230897247969,1792
2018,37,13,Beaufort,0.09322380313282,3416
2019,17,121,Marion,0.0217793007111015,4232
2019,17,5,Bond,0.0831156980736998,4156
2019,17,83,Jersey,0.1741213071197675,4008
2019,17,163,St. Clair,0.1257099713092063,5923
2019,17,27,Clinton,0.1833113694525252,5812
2019,17,13,Calhoun,0.1740066555325672,1263
2019,17,119,Madison,0.1508779448913851,6907
2019,17,133,Monroe,0.199396409244006,2347
2019,17,117,Macoupin,0.1627792085834767,12473
2019,17,171,Scott,0.123246162592382,3501
2019,17,137,Morgan,0.1315278856593321,9146
2019,17,107,Logan,0.1791016405865382,12542
2019,17,129,Menard,0.1505426000299113,5501
2019,17,167,Sangamon,0.1624742165984032,14973
2019,17,21,Christian,0.0986215446352311,13182
2019,17,127,Massac,0.0509015120019255,1445
2019,17,57,Fulton,0.1359363986514009,8746
2019,17,175,Stark,0.2824540024016445,6271
2019,17,203,Woodford,0.1213795745325589,8340
2019,17,179,Tazewell,0.1773191187766707,10166
2019,17,123,Marshall,0.2119302505502167,6755
2019,17,143,Peoria,0.2130407615198489,7156
2019,17,1,Adams,0.1591526089083669,8813
2019,17,177,Stephenson,0.482467910152001,12197
2019,17,141,Ogle,0.5045661891257502,15587
2019,17,201,Winnebago,0.4095421651242344,6376
2019,17,7,Boone,0.3590582922655009,4641
2019,17,25,Clay,0.0931343075150607,4097
2019,17,185,Wabash,0.11095296010877,2984
2019,17,9,Brown,0.1510985977696808,2225
2019,17,151,Pope,0.0615805679096818,397
2019,17,33,Crawford,0.0946617244604566,5148
2019,17,135,Montgomery,0.1373955212261374,10487
2019,17,55,Franklin,0.0312683955696408,1836
2019,17,23,Clark,0.0561060623975362,5749
2019,17,59,Gallatin,0.2569444874614138,3818
2019,17,75,Iroquois,0.1709376028572364,21370
2019,17,41,Douglas,0.0815575574429616,8077
2019,17,189,Washington,0.0787121288296032,5581
2019,17,159,Richland,0.0691709026747255,4301
2019,17,65,Hamilton,0.0682270781095833,3514
2019,17,193,White,0.0924613536639531,4636
2019,17,169,Schuyler,0.1316333555407506,3568
2019,17,181,Union,0.0363939105613701,417
2019,17,85,Jo Daviess,0.4715045289463247,6531
2019,17,125,Mason,0.2921688978210213,9854
2019,17,191,Wayne,0.0511441861619652,4467
2019,17,69,Hardin,0.0322124251534827,156
2019,17,61,Greene,0.1471508843982882,7509
2019,17,157,Randolph,0.0716540785670781,3469
2019,17,149,Pike,0.2614096859176756,9301
2019,17,145,Perry,0.0182724746973605,2411
2019,17,87,Johnson,0.0271917558365758,264
2019,17,173,Shelby,0.0856967574499594,11116
2019,17,51,Fayette,0.0733765739401378,6438
2019,17,139,Moultrie,0.113314637142536,6151
2019,17,17,Cass,0.3240439470451753,5821
2019,17,15,Carroll,0.6608847117928303,9649
2019,17,47,Edwards,0.0779226786528897,2502
2019,17,79,Jasper,0.0557993532358955,6428
2019,17,187,Warren,0.2244535245152572,10647
2019,17,153,Pulaski,0.0200609207895549,881
2019,17,165,Saline,0.0721839235530993,3293
2019,17,101,Lawrence,0.117188669203651,4946
2019,17,45,Edgar,0.0759974289633212,11109
2019,17,71,Henderson,0.4099058929027047,6416
2019,17,199,Williamson,0.0546043519463478,877
2019,17,77,Jackson,0.0875095407305605,1725
2019,17,147,Piatt,0.121012750144723,9073
2019,17,53,Ford,0.1183189759305014,9794
2019,17,19,Champaign,0.1166094557930826,18914
2019,17,29,Coles,0.0735808980790527,8123
2019,17,35,Cumberland,0.0881963141164822,4624
2019,17,183,Vermilion,0.0977355305661801,14864
2019,17,115,Macon,0.1584496143420365,10212
2019,17,49,Effingham,0.073158698154804,5496
2019,17,67,Hancock,0.1289688239712478,10536
2019,17,95,Knox,0.2085330746731094,10821
2019,17,109,McDonough,0.1456642718677952,9109
2019,17,81,Jefferson,0.0351336022814495,1999
2019,17,113,McLean,0.0928496421921518,22199
2019,17,39,De Witt,0.0749027237354085,7170
2019,17,105,Livingston,0.0966512670916564,18237
2019,17,3,Alexander,0.028736949590514,191
2019,17,93,Kendall,0.2806609253624252,4291
2019,17,31,Cook,0.1087527446506221,95
2019,17,37,DeKalb,0.4262062444188639,11352
2019,17,89,Kane,0.299080387687959,4274
2019,17,63,Grundy,0.1525603092239052,5949
2019,17,111,McHenry,0.4070348909804505,5882
2019,17,197,Will,0.0880956493644229,4445
2019,17,43,DuPage,0.1374754558204768,141
2019,17,97,Lake,0.2652361883131113,397
2019,17,91,Kankakee,0.3462808267022431,10211
2019,17,11,Bureau,0.3916164013595561,15189
2019,17,155,Putnam,0.2667113655006604,2201
2019,17,99,LaSalle,0.1579480700736227,17409
2019,17,131,Mercer,0.2670804761189993,9875
2019,17,161,Rock Island,0.2803548389533795,4742
2019,17,73,Henry,0.2446319542743482,14002
2019,17,103,Lee,0.4619207963709159,14801
2019,17,195,Whiteside,0.6301507523958497,14476
2019,19,149,Plymouth,0.1584208419439752,15940
2019,19,193,Woodbury,0.2201008397228223,15618
2019,19,27,Carroll,0.3779581844871911,13088
2019,19,61,Dubuque,0.619074557546389,10072
2019,19,101,Jefferson,0.0994677220796109,4929
2019,19,187,Webster,0.2641424617560313,14506
2019,19,111,Lee,0.1260686112355509,5097
2019,19,127,Marshall,0.2362739584413975,10912
2019,19,195,Worth,0.2311144606876725,7961
2019,19,33,Cerro Gordo,0.329476398071163,12168
2019,19,51,Davis,0.0820475948348004,2996
2019,19,179,Wapello,0.1356441592787878,3834
2019,19,41,Clay,0.2147252580367806,10334
2019,19,59,Dickinson,0.1776108569768141,6492
2019,19,21,Buena Vista,0.1735074312996611,11548
2019,19,13,Black Hawk,0.3828543367440868,10929
2019,19,75,Grundy,0.2673017142086525,11565
2019,19,17,Bremer,0.4554926698295982,9379
2019,19,85,Harrison,0.2664186031442609,12246
2019,19,129,Mills,0.0677693773905924,6193
2019,19,155,Pottawattamie,0.1934185507751221,16667
2019,19,123,Mahaska,0.2252350064987861,8930
2019,19,125,Marion,0.1082886848274283,5482
2019,19,53,Decatur,0.0603350925723495,2213
2019,19,31,Cedar,0.2589293099097048,11244
2019,19,151,Pocahontas,0.2334528032586779,12760
2019,19,109,Kossuth,0.3157142037210411,21667
2019,19,89,Howard,0.3467383195869112,9788
2019,19,147,Palo Alto,0.3255192052457433,11442
2019,19,159,Ringgold,0.0485141788756695,3302
2019,19,25,Calhoun,0.2324461923599155,12429
2019,19,39,Clarke,0.0712859828254172,2178
2019,19,65,Fayette,0.4042304011724732,14337
2019,19,1,Adair,0.0828807683643942,8213
2019,19,37,Chickasaw,0.3962931651261749,10927
2019,19,81,Hancock,0.3850442429067396,13728
2019,19,157,Poweshiek,0.2373908864873133,10974
2019,19,165,Shelby,0.2142167228172927,12385
2019,19,185,Wayne,0.0214593997388947,3942
2019,19,97,Jackson,0.4605994166182003,8026
2019,19,43,Clayton,0.51453187792272,10315
2019,19,7,Appanoose,0.0665672735880392,2093
2019,19,177,Van Buren,0.0915837609787612,3147
2019,19,197,Wright,0.2936203069261935,12725
2019,19,137,Montgomery,0.0846621169666725,6942
2019,19,175,Union,0.0743188285880115,3952
2019,19,107,Keokuk,0.1839148227623972,8480
2019,19,131,Mitchell,0.4095997393995632,11059
2019,19,191,Winneshiek,0.5078701883736433,11764
2019,19,161,Sac,0.1933969887899283,12024
2019,19,55,Delaware,0.6297288934139864,14280
2019,19,67,Floyd,0.3323506815077916,10425
2019,19,9,Audubon,0.1868788539986718,8382
2019,19,79,Hamilton,0.4072489213002475,13465
2019,19,69,Franklin,0.4606543723778057,14480
2019,19,141,O'Brien,0.20696636176879,12070
2019,19,167,Sioux,0.4003974710264374,18134
2019,19,5,Allamakee,0.4765578218274084,5133
2019,19,189,Winnebago,0.3269143374959515,8767
2019,19,93,Ida,0.2376666640545476,9140
2019,19,29,Cass,0.1283256380291082,9882
2019,19,83,Hardin,0.4774801017453663,13594
2019,19,173,Taylor,0.0531360330939196,6373
2019,19,145,Page,0.0767665800451543,8191
2019,19,35,Cherokee,0.1384350813547162,10302
2019,19,71,Fremont,0.105269076521214,6493
2019,19,95,Iowa,0.2458479881648692,8401
2019,19,23,Butler,0.3931655666648301,12613
2019,19,63,Emmet,0.267523452616641,7798
2019,19,47,Crawford,0.2791564497989733,14576
2019,19,19,Buchanan,0.5526930411075164,14655
2019,19,143,Osceola,0.2227257973326089,8227
2019,19,73,Greene,0.2699546446882421,12094
2019,19,87,Henry,0.1489506269450947,5278
2019,19,119,Lyon,0.3664160567099382,13037
2019,19,3,Adams,0.0638897475290387,5181
2019,19,133,Monona,0.21723731686571,12316
2019,19,91,Humboldt,0.2655048740579888,9411
2019,19,115,Louisa,0.1576215526024654,5488
2019,19,171,Tama,0.1991676030067303,12421
2019,19,135,Monroe,0.1267196275462104,1787
2019,19,117,Lucas,0.0290555210771839,2105
2019,19,57,Des Moines,0.1336077942098663,4852
2019,19,11,Benton,0.2240568703990636,13688
2019,19,113,Linn,0.318978963286699,11052
2019,19,105,Jones,0.4872750936432327,10939
2019,19,103,Johnson,0.1672284173250241,7791
2019,19,183,Washington,0.2223233018073157,8308
2019,19,45,Clinton,0.3840902468589008,13555
2019,19,163,Scott,0.3803116870001021,7498
2019,19,139,Muscatine,0.2231764528324859,6281
2019,19,169,Story,0.3261867207111021,11855
2019,19,15,Boone,0.3235878580804286,11398
2019,19,121,Madison,0.0721628348720617,4820
2019,19,181,Warren,0.0856630297180896,4778
2019,19,49,Dallas,0.2231873937307184,9312
2019,19,153,Polk,0.2008011266485975,5800
2019,19,77,Guthrie,0.1752021787143591,8171
2019,19,99,Jasper,0.2231080350476974,12898
2019,31,43,Dakota,0.1931562905429381,4834
2019,31,51,Dixon,0.1925563834304176,8399
2019,31,53,Dodge,0.2145861365388765,9895
2019,31,25,Cass,0.0436262211071371,9197
2019,31,55,Douglas,0.1920309211591387,1958
2019,31,153,Sarpy,0.100907035040299,2399
2019,31,155,Saunders,0.1425902433605862,13155
2019,31,177,Washington,0.0948417240200564,5722
2019,31,67,Gage,0.0825812278535603,12859
2019,31,109,Lancaster,0.0741286876951647,10492
2019,31,159,Seward,0.2391030447258333,10241
2019,31,139,Pierce,0.3040973150216439,10456
2019,31,119,Madison,0.2624834195151484,10260
2019,31,167,Stanton,0.2406040216957595,7250
2019,31,117,McPherson,0.812010785000772,338
2019,31,111,Lincoln,0.6539080814891397,15384
2019,31,113,Logan,0.5281944313727213,1820
2019,31,7,Banner,0.227917408312838,1597
2019,31,157,Scotts Bluff,0.5319488197400168,5989
2019,31,165,Sioux,0.592588339983351,1110
2019,31,39,Cuming,0.2431422435054043,11575
2019,31,129,Nuckolls,0.4164548788320362,9213
2019,31,101,Keith,0.6442648935235964,9214
2019,31,137,Phelps,0.5262864247402741,13606
2019,31,181,Webster,0.3931401257308818,7156
2019,31,15,Boyd,0.2638387209153082,2156
2019,31,171,Thomas,0.7147407313033507,31
2019,31,89,Holt,0.5173417950950684,12428
2019,31,17,Brown,0.596144359486064,2804
2019,31,103,Keya Paha,0.5533323525084597,1212
2019,31,77,Greeley,0.4489138790753164,5646
2019,31,95,Jefferson,0.1821091029520356,8243
2019,31,151,Saline,0.2301808809146643,10588
2019,31,57,Dundy,0.626479606994313,7457
2019,31,131,Otoe,0.0504298298297488,9786
2019,31,87,Hitchcock,0.3922171102187684,5843
2019,31,105,Kimball,0.3282206421895924,2508
2019,31,127,Nemaha,0.0609217676456181,6246
2019,31,41,Custer,0.5743553110308761,17041
2019,31,143,Polk,0.3817180468860277,9195
2019,31,45,Dawes,0.2198232673805183,652
2019,31,179,Wayne,0.201484279139355,8731
2019,31,71,Garfield,0.695194691052013,803
2019,31,13,Box Butte,0.3787260724484931,7185
2019,31,173,Thurston,0.190262047248606,7237
2019,31,11,Boone,0.3061725241047092,12022
2019,31,145,Red Willow,0.514013454555031,8113
2019,31,149,Rock,0.3984592608591961,1752
2019,31,5,Arthur,0.7999964865434614,226
2019,31,85,Hayes,0.6199033802961422,6254
2019,31,97,Johnson,0.1198069186615032,4584
2019,31,3,Antelope,0.4427792874824643,15871
2019,31,163,Sherman,0.5057797789490465,5772
2019,31,161,Sheridan,0.396466201614619,3866
2019,31,133,Pawnee,0.0459023675534671,4338
2019,31,75,Grant,,0
2019,31,21,Burt,0.1592255172085186,9054
2019,31,9,Blaine,0.6759668707238027,276
2019,31,27,Cedar,0.2940588512736192,13567
2019,31,169,Thayer,0.3410952094859871,11257
2019,31,49,Deuel,0.4812089065257472,4019
2019,31,123,Morrill,0.65512860512984,5272
2019,31,115,Loup,0.5446563292561559,495
2019,31,63,Frontier,0.4768235349761143,8386
2019,31,125,Nance,0.3611722696570222,5888
2019,31,107,Knox,0.3330068808502202,10305
2019,31,135,Perkins,0.6782403395974093,18890
2019,31,37,Colfax,0.3055898923791326,8026
2019,31,23,Butler,0.2637393016059692,11024
2019,31,31,Cherry,0.4990255430126255,1250
2019,31,183,Wheeler,0.4556525789189745,2377
2019,31,61,Franklin,0.4660356810636252,7336
2019,31,29,Chase,0.7283127667080553,12590
2019,31,59,Fillmore,0.3985310693441759,13770
2019,31,185,York,0.528521566435872,15192
2019,31,35,Clay,0.4751556678929642,12960
2019,31,33,Cheyenne,0.279246434038822,5463
2019,31,69,Garden,0.5322688609358304,3347
2019,31,83,Harlan,0.4672084875270061,8380
2019,31,91,Hooker,0.0,1
2019,31,147,Richardson,0.1302335379362947,8199
2019,31,65,Furnas,0.4807651858741552,9923
2019,31,175,Valley,0.5045036473200132,5231
2019,31,141,Platte,0.3608014028330201,14220
2019,31,121,Merrick,0.4780782233709864,8570
2019,31,79,Hall,0.7172681806411735,13432
2019,31,81,Hamilton,0.5773833351621714,14242
2019,31,93,Howard,0.5248975125095959,7791
2019,31,1,Adams,0.5137055433696234,13643
2019,31,99,Kearney,0.4882667181525434,12389
2019,31,19,Buffalo,0.5276769402392453,14980
2019,31,73,Gosper,0.5584927511842767,6827
2019,31,47,Dawson,0.6168690600953504,14297
2019,37,37,Chatham,0.2368594823032224,185
2019,37,115,Madison,0.375,16
2019,37,87,Haywood,0.7551020408163265,98
2019,37,21,Buncombe,0.5561338629411496,88
2019,37,89,Henderson,0.6814621738692455,317
2019,37,175,Transylvania,0.2871726054971125,164
2019,37,167,Stanly,0.1550979358870637,1087
2019,37,109,Lincoln,0.2106935335893166,235
2019,37,159,Rowan,0.114947307156665,953
2019,37,25,Cabarrus,0.2203085571261513,398
2019,37,97,Iredell,0.3298207271998261,1408
2019,37,71,Gaston,0.4078625331429737,78
2019,37,179,Union,0.0651150207436968,2881
2019,37,119,Mecklenburg,0.1041666666666666,48
2019,37,45,Cleveland,0.2081098181618112,432
2019,37,5,Alleghany,0.5828264992479236,124
2019,37,173,Swain,0.0,1
2019,37,11,Avery,0.0,1
2019,37,33,Caswell,0.0638297872340425,47
2019,37,75,Graham,,0
2019,37,7,Anson,0.1747604455469624,841
2019,37,149,Polk,0.25146771037182,5
2019,37,39,Cherokee,0.2544378698224852,56
2019,37,113,Macon,0.5087476979742173,26
2019,37,9,Ashe,0.1921145153189352,16
2019,37,123,Montgomery,0.1608482400461627,196
2019,37,43,Clay,0.2627529210601311,45
2019,37,121,Mitchell,0.0,2
2019,37,199,Yancey,0.5,10
2019,37,189,Watauga,0.5,2
2019,37,99,Jackson,0.5,4
2019,37,161,Rutherford,0.0905004140541819,69
2019,37,193,Wilkes,0.6673068416602741,713
2019,37,125,Moore,0.1957876202085873,178
2019,37,153,Richmond,0.293461905609397,254
2019,37,93,Hoke,0.1549265134573047,910
2019,37,165,Scotland,0.2277633607882959,643
2019,37,155,Robeson,0.2236880916574036,5438
2019,37,1,Alamance,0.2613446329104374,320
2019,37,151,Randolph,0.2747684961565532,576
2019,37,81,Guilford,0.3160096610023289,280
2019,37,157,Rockingham,0.4127600160920085,169
2019,37,171,Surry,0.3420146419624124,901
2019,37,57,Davidson,0.2358998560972967,524
2019,37,169,Stokes,0.3865673379117681,103
2019,37,67,Forsyth,0.3614594039054472,129
2019,37,197,Yadkin,0.2733328127440262,1034
2019,37,59,Davie,0.0996670675544864,566
2019,37,27,Caldwell,0.6143848028494657,127
2019,37,3,Alexander,0.3883594451651532,161
2019,37,35,Catawba,0.1682393555811277,258
2019,37,23,Burke,0.4513769363166953,83
2019,37,111,McDowell,0.5711402623612513,35
2019,37,29,Camden,0.0442943953000796,1409
2019,37,139,Pasquotank,0.0588834466957278,1534
2019,37,143,Perquimans,0.0600288833456205,1179
2019,37,177,Tyrrell,0.0724197856284771,1698
2019,37,55,Dare,0.0,86
2019,37,73,Gates,0.0847850624294551,453
2019,37,53,Currituck,0.0554257465250836,894
2019,37,19,Brunswick,0.1771813672876817,695
2019,37,31,Carteret,0.023990065290609,1459
2019,37,137,Pamlico,0.1364958490718484,1167
2019,37,49,Craven,0.1848511227889466,1742
2019,37,103,Jones,0.3234594117707404,1560
2019,37,85,Harnett,0.1058559324917486,580
2019,37,63,Durham,0.2555217060167555,31
2019,37,145,Person,0.1364344328986214,170
2019,37,135,Orange,0.3467698536760372,157
2019,37,181,Vance,0.0577223088923556,39
2019,37,77,Granville,0.2274434368416232,174
2019,37,69,Franklin,0.1782410262735907,196
2019,37,101,Johnston,0.0727297654691722,896
2019,37,183,Wake,0.1471696631859935,102
2019,37,105,Lee,0.2247086679975857,88
2019,37,131,Northampton,0.0957987919692856,975
2019,37,83,Halifax,0.1500780159316744,576
2019,37,127,Nash,0.0937666105100045,444
2019,37,65,Edgecombe,0.155137869307451,967
2019,37,195,Wilson,0.0648262080778052,805
2019,37,163,Sampson,0.2036276195581814,3573
2019,37,185,Warren,0.0601080015428791,184
2019,37,187,Washington,0.098393265324575,2504
2019,37,61,Duplin,0.2352487272323719,4568
2019,37,91,Hertford,0.100350951010299,835
2019,37,17,Bladen,0.3801779499586067,2462
2019,37,95,Hyde,0.1504876041128953,2824
2019,37,15,Bertie,0.1151576385221245,1035
2019,37,79,Greene,0.1398731151605506,993
2019,37,41,Chowan,0.1018832445368813,423
2019,37,117,Martin,0.0830962609128035,485
2019,37,47,Columbus,0.1240598935529347,3184
2019,37,191,Wayne,0.2200255857025566,2107
2019,37,133,Onslow,0.1959546367491022,977
2019,37,107,Lenoir,0.2598373455119571,2308
2019,37,129,New Hanover,0.3880597014925373,67
2019,37,141,Pender,0.2518465590214469,1439
2019,37,51,Cumberland,0.2473069804963698,999
2019,37,147,Pitt,0.0924906507105459,2110
2019,37,13,Beaufort,0.0960092708557617,3510
2020,17,121,Marion,0.0439285579618154,5372
2020,17,5,Bond,0.0660963236197388,4801
2020,17,83,Jersey,0.178781612546805,4165
2020,17,163,St. Clair,0.1123879287989113,6801
2020,17,27,Clinton,0.1549413470858162,6542
2020,17,13,Calhoun,0.2943813319309894,1251
2020,17,119,Madison,0.1413524553252134,7475
2020,17,133,Monroe,0.1331712435275823,3364
2020,17,117,Macoupin,0.16886776110305,12203
2020,17,171,Scott,0.1449873243872593,3840
2020,17,137,Morgan,0.1518839136844858,9399
2020,17,107,Logan,0.2207939287298462,12966
2020,17,129,Menard,0.2093495262207167,5672
2020,17,167,Sangamon,0.2683645598734964,15104
2020,17,21,Christian,0.1344577104285445,13006
2020,17,127,Massac,0.0569905850351611,1503
2020,17,57,Fulton,0.1393353078468692,9526
2020,17,175,Stark,0.3071413646751551,6124
2020,17,203,Woodford,0.1146575494356559,8661
2020,17,179,Tazewell,0.1996960035026031,9900
2020,17,123,Marshall,0.2048490139184098,6600
2020,17,143,Peoria,0.2088570575885306,7606
2020,17,1,Adams,0.1577911229006164,10572
2020,17,177,Stephenson,0.5282080393058821,12178
2020,17,141,Ogle,0.5113475104656184,16663
2020,17,201,Winnebago,0.4138795415752254,6949
2020,17,7,Boone,0.3370974941346082,5432
2020,17,25,Clay,0.0662628004974917,5160
2020,17,185,Wabash,0.0789403135002793,3696
2020,17,9,Brown,0.1155044603793673,2495
2020,17,151,Pope,0.0640554495976182,429
2020,17,33,Crawford,0.0725268987507005,5689
2020,17,135,Montgomery,0.1247630606766657,11231
2020,17,55,Franklin,0.0185419864728939,2503
2020,17,23,Clark,0.0467354840737117,6579
2020,17,59,Gallatin,0.2935246002744499,4098
2020,17,75,Iroquois,0.1717808605065719,22056
2020,17,41,Douglas,0.0777103317372348,7594
2020,17,189,Washington,0.0516669303778785,6710
2020,17,159,Richland,0.0627696661128024,5231
2020,17,65,Hamilton,0.0324504800004087,4683
2020,17,193,White,0.0691221306401526,6169
2020,17,169,Schuyler,0.1059205268342501,4048
2020,17,181,Union,0.0667068185136516,648
2020,17,85,Jo Daviess,0.5574654896933422,7004
2020,17,125,Mason,0.4208341752763539,9055
2020,17,191,Wayne,0.024031002484638,8732
2020,17,69,Hardin,0.0838492326297906,138
2020,17,61,Greene,0.1528326071781045,7902
2020,17,157,Randolph,0.0562887005295798,4114
2020,17,149,Pike,0.2372410303703397,10979
2020,17,145,Perry,0.0280592522343287,3090
2020,17,87,Johnson,0.0263358818545983,383
2020,17,173,Shelby,0.0754843559003173,11938
2020,17,51,Fayette,0.0419942572662108,7690
2020,17,139,Moultrie,0.1096613098505362,6090
2020,17,17,Cass,0.3229615154198974,5825
2020,17,15,Carroll,0.6843051214551017,9781
2020,17,47,Edwards,0.0604550472506909,3073
2020,17,79,Jasper,0.0493332384906362,6862
2020,17,187,Warren,0.2512447853586324,10437
2020,17,153,Pulaski,0.0182286182286182,1016
2020,17,165,Saline,0.1191576207235638,3307
2020,17,101,Lawrence,0.1270849486954434,5053
2020,17,45,Edgar,0.0771790770284805,10951
2020,17,71,Henderson,0.4171143615029229,7156
2020,17,199,Williamson,0.0406797814739726,1147
2020,17,77,Jackson,0.089698112452065,2180
2020,17,147,Piatt,0.1245392065653508,8326
2020,17,53,Ford,0.1047060655448401,9633
2020,17,19,Champaign,0.1171710633820158,18640
2020,17,29,Coles,0.068485670579266,8046
2020,17,35,Cumberland,0.082298440914082,4321
2020,17,183,Vermilion,0.1036291937153658,15309
2020,17,115,Macon,0.1450621726401163,10120
2020,17,49,Effingham,0.0654483357555322,5863
2020,17,67,Hancock,0.1150344331457431,11580
2020,17,95,Knox,0.2001749589860899,11010
2020,17,109,McDonough,0.1535022440691573,9621
2020,17,81,Jefferson,0.0154512195268281,3311
2020,17,113,McLean,0.0985239994640067,21561
2020,17,39,De Witt,0.0742979393218985,6897
2020,17,105,Livingston,0.0760344631374188,20253
2020,17,3,Alexander,0.0347987133248854,406
2020,17,93,Kendall,0.2020787744385316,4883
2020,17,31,Cook,0.0581407508104151,152
2020,17,37,DeKalb,0.3280924125769083,14619
2020,17,89,Kane,0.223628096020103,5667
2020,17,63,Grundy,0.1280340992949299,6687
2020,17,111,McHenry,0.3498091294487623,6613
2020,17,197,Will,0.0442553645957083,6613
2020,17,43,DuPage,0.087366523367078,173
2020,17,97,Lake,0.1069269379529609,634
2020,17,91,Kankakee,0.2652297692856734,12786
2020,17,11,Bureau,0.3159681966459489,18856
2020,17,155,Putnam,0.2719942441171492,2358
2020,17,99,LaSalle,0.134118048008095,20313
2020,17,131,Mercer,0.2910952877797735,10520
2020,17,161,Rock Island,0.2845795543697014,5250
2020,17,73,Henry,0.2261799364461842,16806
2020,17,103,Lee,0.4428429459202647,17639
2020,17,195,Whiteside,0.5649647075482995,17439
2020,19,149,Plymouth,0.2023322226586373,16344
2020,19,193,Woodbury,0.259653447105953,14999
2020,19,27,Carroll,0.4254105097700423,13215
2020,19,61,Dubuque,0.7087930171050276,10285
2020,19,101,Jefferson,0.1224331327724695,4954
2020,19,187,Webster,0.3218807144723086,14563
2020,19,111,Lee,0.1270875910707964,5275
2020,19,127,Marshall,0.2655238513105275,11018
2020,19,195,Worth,0.2839141669130271,8287
2020,19,33,Cerro Gordo,0.4206174536316752,12521
2020,19,51,Davis,0.0851467445206531,2849
2020,19,179,Wapello,0.1468125059827249,3909
2020,19,41,Clay,0.2415673231138386,10448
2020,19,59,Dickinson,0.2030881304837762,6624
2020,19,21,Buena Vista,0.2037784693748039,11346
2020,19,13,Black Hawk,0.4288805031272063,11471
2020,19,75,Grundy,0.3335367093756357,11661
2020,19,17,Bremer,0.5156046469498683,9698
2020,19,85,Harrison,0.3160271877665194,13280
2020,19,129,Mills,0.07582518742735,7109
2020,19,155,Pottawattamie,0.2249577400217026,17565
2020,19,123,Mahaska,0.248000030475726,9370
2020,19,125,Marion,0.1242283127574422,5452
2020,19,53,Decatur,0.0365019138640347,2144
2020,19,31,Cedar,0.3125538880773018,11079
2020,19,151,Pocahontas,0.2499155615656262,12700
2020,19,109,Kossuth,0.3411374287315458,21191
2020,19,89,Howard,0.4018297870833974,10073
2020,19,147,Palo Alto,0.3122084448075346,12214
2020,19,159,Ringgold,0.0432855722894239,3581
2020,19,25,Calhoun,0.2931753323752752,12627
2020,19,39,Clarke,0.0553877177938391,2109
2020,19,65,Fayette,0.4855197480821414,14240
2020,19,1,Adair,0.0857273422928861,8101
2020,19,37,Chickasaw,0.4614938539999876,11231
2020,19,81,Hancock,0.4666960502014519,13769
2020,19,157,Poweshiek,0.3050781089745469,10821
2020,19,165,Shelby,0.243674303720378,12502
2020,19,185,Wayne,0.0432129684895856,3951
2020,19,97,Jackson,0.5251725361720148,8319
2020,19,43,Clayton,0.60777522317118,10226
2020,19,7,Appanoose,0.0559979426008324,2110
2020,19,177,Van Buren,0.0858637787716402,3621
2020,19,197,Wright,0.3296565031777487,12803
2020,19,137,Montgomery,0.100251757164633,6821
2020,19,175,Union,0.0892042313519041,3956
2020,19,107,Keokuk,0.2177149437360871,8583
2020,19,131,Mitchell,0.4985436605927565,11057
2020,19,191,Winneshiek,0.6117711217585196,11594
2020,19,161,Sac,0.2413128583822775,11524
2020,19,55,Delaware,0.7238762624216487,13935
2020,19,67,Floyd,0.3890167763952815,10501
2020,19,9,Audubon,0.1686136927329583,8264
2020,19,79,Hamilton,0.4379452292531225,13543
2020,19,69,Franklin,0.5210740317482658,14846
2020,19,141,O'Brien,0.2602432800534422,12066
2020,19,167,Sioux,0.4684945581670399,17867
2020,19,5,Allamakee,0.5831741629114694,5191
2020,19,189,Winnebago,0.3577110046095593,8694
2020,19,93,Ida,0.2789937163679025,8810
2020,19,29,Cass,0.1532694953245353,9554
2020,19,83,Hardin,0.5465822201312558,13365
2020,19,173,Taylor,0.0675480630059928,5894
2020,19,145,Page,0.0948897745977406,8545
2020,19,35,Cherokee,0.1542435321201076,10477
2020,19,71,Fremont,0.0876224684254717,8003
2020,19,95,Iowa,0.2687762323329847,9460
2020,19,23,Butler,0.4686202689917212,13041
2020,19,63,Emmet,0.2870771484916163,7826
2020,19,47,Crawford,0.3292304225424483,14795
2020,19,19,Buchanan,0.6352404337552674,15015
2020,19,143,Osceola,0.2715944243424132,8458
2020,19,73,Greene,0.3104093878927443,11568
2020,19,87,Henry,0.1381365302661996,5479
2020,19,119,Lyon,0.4242289737931578,12860
2020,19,3,Adams,0.058282177855362,5174
2020,19,133,Monona,0.2843679367325725,12201
2020,19,91,Humboldt,0.2992792651606975,9940
2020,19,115,Louisa,0.1543560573098935,5719
2020,19,171,Tama,0.2419471080514938,12490
2020,19,135,Monroe,0.0781869548589264,1612
2020,19,117,Lucas,0.0451098329003366,1968
2020,19,57,Des Moines,0.1331526517381366,5192
2020,19,11,Benton,0.2544181869953943,13964
2020,19,113,Linn,0.3773513893549592,11188
2020,19,105,Jones,0.5411389865591127,11027
2020,19,103,Johnson,0.1788400396781837,7932
2020,19,183,Washington,0.2398243122989759,8522
2020,19,45,Clinton,0.4132466711330942,14039
2020,19,163,Scott,0.394280012848427,8092
2020,19,139,Muscatine,0.2197428026334035,6795
2020,19,169,Story,0.3925947042857937,11774
2020,19,15,Boone,0.3921629284616558,11188
2020,19,121,Madison,0.0718376351134325,5146
2020,19,181,Warren,0.0945575947511406,4464
2020,19,49,Dallas,0.2501943017262278,9567
2020,19,153,Polk,0.2271031654312761,5959
2020,19,77,Guthrie,0.2006669638451588,8013
2020,19,99,Jasper,0.2736872335387849,13201
2020,31,43,Dakota,0.2148075364685454,4537
2020,31,51,Dixon,0.2400396206426086,8114
2020,31,53,Dodge,0.2154503886672881,10336
2020,31,25,Cass,0.0470782030955907,8639
2020,31,55,Douglas,0.1826275149807005,2237
2020,31,153,Sarpy,0.0996606176504271,2160
2020,31,155,Saunders,0.180223028167818,13473
2020,31,177,Washington,0.1037267961799426,6167
2020,31,67,Gage,0.0906182176313917,13189
2020,31,109,Lancaster,0.0890747368150033,10488
2020,31,159,Seward,0.3123948451314378,10278
2020,31,139,Pierce,0.348828535195588,10352
2020,31,119,Madison,0.303981379077798,10415
2020,31,167,Stanton,0.2908320565301177,7213
2020,31,117,McPherson,0.6735519988516472,276
2020,31,111,Lincoln,0.7166501690637017,15271
2020,31,113,Logan,0.728654611142072,1663
2020,31,7,Banner,0.2147721271743216,1715
2020,31,157,Scotts Bluff,0.5211634922605036,5314
2020,31,165,Sioux,0.582899284336253,1060
2020,31,39,Cuming,0.2839119541250094,11384
2020,31,129,Nuckolls,0.4669821222367531,9279
2020,31,101,Keith,0.7173850439546567,9667
2020,31,137,Phelps,0.6294801682099076,13007
2020,31,181,Webster,0.4994955745937197,7398
2020,31,15,Boyd,0.3253597524385507,2347
2020,31,171,Thomas,0.8602586584831214,36
2020,31,89,Holt,0.5453980898135142,12496
2020,31,17,Brown,0.6664658407507276,2535
2020,31,103,Keya Paha,0.5645601589008243,1185
2020,31,77,Greeley,0.5459151387843234,5728
2020,31,95,Jefferson,0.2378255413994676,8116
2020,31,151,Saline,0.2997977241137717,10528
2020,31,57,Dundy,0.6460040602069821,7800
2020,31,131,Otoe,0.070006668212226,9924
2020,31,87,Hitchcock,0.4315118573164503,6098
2020,31,105,Kimball,0.2306376616406737,2711
2020,31,127,Nemaha,0.1005784208445492,6067
2020,31,41,Custer,0.6484035297839865,16490
2020,31,143,Polk,0.4361137707451447,9437
2020,31,45,Dawes,0.3509793541556379,669
2020,31,179,Wayne,0.2329848473046788,9029
2020,31,71,Garfield,0.7484714368493616,794
2020,31,13,Box Butte,0.4017525777936979,7686
2020,31,173,Thurston,0.238252660628471,7167
2020,31,11,Boone,0.3909497097979431,11722
2020,31,145,Red Willow,0.5354679265468973,8210
2020,31,149,Rock,0.4681520308463001,1700
2020,31,5,Arthur,0.7726715549711382,178
2020,31,85,Hayes,0.664967561152942,6541
2020,31,97,Johnson,0.154950287507226,4504
2020,31,3,Antelope,0.5357379519033721,15488
2020,31,163,Sherman,0.6099795093233324,5344
2020,31,161,Sheridan,0.4904480515260854,3691
2020,31,133,Pawnee,0.0556183653224596,4541
2020,31,75,Grant,,0
2020,31,21,Burt,0.1655908662929133,9668
2020,31,9,Blaine,0.8776995549734323,268
2020,31,27,Cedar,0.3544404188031563,12889
2020,31,169,Thayer,0.4394457226730494,11125
2020,31,49,Deuel,0.5227009827561485,4881
2020,31,123,Morrill,0.6915362953322827,5010
2020,31,115,Loup,0.5963555719829976,538
2020,31,63,Frontier,0.5712486841969061,8787
2020,31,125,Nance,0.4058758831152276,6188
2020,31,107,Knox,0.4077773983109219,10253
2020,31,135,Perkins,0.712814559766256,19796
2020,31,37,Colfax,0.3285354830540501,8060
2020,31,23,Butler,0.3136190790220642,10908
2020,31,31,Cherry,0.5482680320972688,1302
2020,31,183,Wheeler,0.4563328316908587,2611
2020,31,61,Franklin,0.5401842364737331,7251
2020,31,29,Chase,0.7523042855629869,13028
2020,31,59,Fillmore,0.4852561633170567,13704
2020,31,185,York,0.624845999530119,15233
2020,31,35,Clay,0.5689047515557412,12968
2020,31,33,Cheyenne,0.2686410439327634,6209
2020,31,69,Garden,0.5622938925918777,3797
2020,31,83,Harlan,0.5376441164143063,8371
2020,31,91,Hooker,0.0,14
2020,31,147,Richardson,0.1551432520004181,8519
2020,31,65,Furnas,0.5471047028300237,9885
2020,31,175,Valley,0.5789348179780452,5061
2020,31,141,Platte,0.4230816720942842,14565
2020,31,121,Merrick,0.53503701298729,9301
2020,31,79,Hall,0.8203185882134061,13196
2020,31,81,Hamilton,0.654472839222177,14511
2020,31,93,Howard,0.6442661140771734,7805
2020,31,1,Adams,0.6088329000258733,13372
2020,31,99,Kearney,0.5740196471583541,12239
2020,31,19,Buffalo,0.6412394058628105,14814
2020,31,73,Gosper,0.6314870455725275,6582
2020,31,47,Dawson,0.6757564781607014,14607
2020,37,37,Chatham,0.2740826900708469,270
2020,37,115,Madison,0.7333333333333333,15
2020,37,87,Haywood,1.0,8
2020,37,21,Buncombe,0.690954043048284,83
2020,37,89,Henderson,0.7687524290711232,278
2020,37,175,Transylvania,0.8607736616526985,144
2020,37,167,Stanly,0.1989835287134589,1081
2020,37,109,Lincoln,0.2892305765195879,255
2020,37,159,Rowan,0.1280298702358606,784
2020,37,25,Cabarrus,0.2189548093915677,402
2020,37,97,Iredell,0.3678376121716778,1393
2020,37,71,Gaston,0.1545991561181434,96
2020,37,179,Union,0.0543095688979362,2451
2020,37,119,Mecklenburg,0.0787488419287951,92
2020,37,45,Cleveland,0.1242186888070807,506
2020,37,5,Alleghany,0.6298065680018708,123
2020,37,173,Swain,0.3333333333333333,3
2020,37,11,Avery,,0
2020,37,33,Caswell,0.0596927578639356,135
2020,37,75,Graham,,0
2020,37,7,Anson,0.1594944130091837,1046
2020,37,149,Polk,0.2909298345693097,7
2020,37,39,Cherokee,0.2615767634854771,78
2020,37,113,Macon,0.4,35
2020,37,9,Ashe,0.5210625167695196,15
2020,37,123,Montgomery,0.1465887210893821,182
2020,37,43,Clay,0.3154712507409602,41
2020,37,121,Mitchell,0.5,2
2020,37,199,Yancey,0.75,8
2020,37,189,Watauga,0.0,2
2020,37,99,Jackson,0.2857142857142857,7
2020,37,161,Rutherford,0.0855130784708249,47
2020,37,193,Wilkes,0.7832854117525526,694
2020,37,125,Moore,0.2125194243632187,353
2020,37,153,Richmond,0.3904247202441506,323
2020,37,93,Hoke,0.2759668522003366,806
2020,37,165,Scotland,0.1836421725239616,560
2020,37,155,Robeson,0.2623945664424784,5359
2020,37,1,Alamance,0.2802815421788003,381
2020,37,151,Randolph,0.315519944449568,728
2020,37,81,Guilford,0.2757080091048647,382
2020,37,157,Rockingham,0.3397689532980565,254
2020,37,171,Surry,0.3111089657169849,1156
2020,37,57,Davidson,0.2981686871292236,517
2020,37,169,Stokes,0.3325247112495021,111
2020,37,67,Forsyth,0.3717797548861972,129
2020,37,197,Yadkin,0.2514465434860662,1169
2020,37,59,Davie,0.1093875241642698,528
2020,37,27,Caldwell,0.5581477449913212,136
2020,37,3,Alexander,0.3445742686489078,181
2020,37,35,Catawba,0.1357268390660306,394
2020,37,23,Burke,0.4920214048112616,84
2020,37,111,McDowell,0.5480440562096468,31
2020,37,29,Camden,0.0460863158224772,1263
2020,37,139,Pasquotank,0.0383087691344676,1733
2020,37,143,Perquimans,0.0716310958919624,1054
2020,37,177,Tyrrell,0.0886411530272424,1805
2020,37,55,Dare,0.6190476190476191,42
2020,37,73,Gates,0.0970735666205184,419
2020,37,53,Currituck,0.0493564971655232,935
2020,37,19,Brunswick,0.1787093215664644,606
2020,37,31,Carteret,0.0477634571645185,1319
2020,37,137,Pamlico,0.2235084594835262,1123
2020,37,49,Craven,0.1915894088448513,1450
2020,37,103,Jones,0.3454349685077175,1397
2020,37,85,Harnett,0.1393517511420491,644
2020,37,63,Durham,0.1023005717397223,58
2020,37,145,Person,0.1265865761295377,303
2020,37,135,Orange,0.2078775387975831,231
2020,37,181,Vance,0.0,43
2020,37,77,Granville,0.2647835990888382,217
2020,37,69,Franklin,0.0906711800765193,276
2020,37,101,Johnston,0.0898451122715162,855
2020,37,183,Wake,0.1831537708129285,122
2020,37,105,Lee,0.1536765659447542,224
2020,37,131,Northampton,0.1065399943068602,1114
2020,37,83,Halifax,0.2298972454275972,672
2020,37,127,Nash,0.1135708921345543,352
2020,37,65,Edgecombe,0.1889884547524397,1079
2020,37,195,Wilson,0.0629913648666065,742
2020,37,163,Sampson,0.2394067462603306,3270
2020,37,185,Warren,0.0258804425048208,78
2020,37,187,Washington,0.1024654180685232,2354
2020,37,61,Duplin,0.2701550671774473,4338
2020,37,91,Hertford,0.1271658549666525,920
2020,37,17,Bladen,0.3903803623722598,2343
2020,37,95,Hyde,0.131148800832353,2664
2020,37,15,Bertie,0.1542895622895623,1173
2020,37,79,Greene,0.1852474673397687,1176
2020,37,41,Chowan,0.1192628414077627,414
2020,37,117,Martin,0.1582514912333554,654
2020,37,47,Columbus,0.1439896410495204,3445
2020,37,191,Wayne,0.2389243533084457,2035
2020,37,133,Onslow,0.1746883084586347,1062
2020,37,107,Lenoir,0.3105575956264137,2185
2020,37,129,New Hanover,0.4534883720930232,86
2020,37,141,Pender,0.2798354467452733,1457
2020,37,51,Cumberland,0.1914615583445819,827
2020,37,147,Pitt,0.1222041447449849,2201
2020,37,13,Beaufort,0.0750430041977313,3633
2021,17,121,Marion,0.0822721967828628,5568
2021,17,5,Bond,0.079712420776959,4797
2021,17,83,Jersey,0.1392993070357109,3975
2021,17,163,St. Clair,0.1200227611249276,6497
2021,17,27,Clinton,0.189070854992268,6609
2021,17,13,Calhoun,0.2490965508107392,1255
2021,17,119,Madison,0.1480070558153836,7344
2021,17,133,Monroe,0.1915370874696184,3398
2021,17,117,Macoupin,0.1189714976481862,11819
2021,17,171,Scott,0.1024249104436483,3464
2021,17,137,Morgan,0.1237595194004738,8983
2021,17,107,Logan,0.1552201726213257,11472
2021,17,129,Menard,0.1917750413548966,5351
2021,17,167,Sangamon,0.1981533416347109,13685
2021,17,21,Christian,0.1083221717688236,12847
2021,17,127,Massac,0.0589565180385773,1495
2021,17,57,Fulton,0.1261283158511212,8896
2021,17,175,Stark,0.2367886930050785,5887
2021,17,203,Woodford,0.0934572829224519,8094
2021,17,179,Tazewell,0.1654767062459125,10128
2021,17,123,Marshall,0.1565615663270331,6543
2021,17,143,Peoria,0.1929289182719833,7238
2021,17,1,Adams,0.1714901786637915,10034
2021,17,177,Stephenson,0.5189145004296649,11834
2021,17,141,Ogle,0.5200510468939257,15782
2021,17,201,Winnebago,0.4325234343248141,6449
2021,17,7,Boone,0.4279518548039164,5464
2021,17,25,Clay,0.0948480682140251,5278
2021,17,185,Wabash,0.0924714144028089,3488
2021,17,9,Brown,0.1225552441331246,2575
2021,17,151,Pope,0.0364918239233719,423
2021,17,33,Crawford,0.0603701502144285,5721
2021,17,135,Montgomery,0.1148661854689628,10501
2021,17,55,Franklin,0.0227215465310703,2620
2021,17,23,Clark,0.0511295031799398,6105
2021,17,59,Gallatin,0.2152179532594854,4124
2021,17,75,Iroquois,0.1524398481249361,21872
2021,17,41,Douglas,0.0428567193292018,7799
2021,17,189,Washington,0.0848798816868408,6932
2021,17,159,Richland,0.0739548265474179,4890
2021,17,65,Hamilton,0.0538652712111753,5021
2021,17,193,White,0.0689214617016431,6605
2021,17,169,Schuyler,0.0949146971295406,4029
2021,17,181,Union,0.1285662812407874,604
2021,17,85,Jo Daviess,0.5826092668911803,6191
2021,17,125,Mason,0.3041609289597176,9094
2021,17,191,Wayne,0.097350580306318,8271
2021,17,69,Hardin,0.1077597591252443,78
2021,17,61,Greene,0.1199258843622029,7143
2021,17,157,Randolph,0.0719086665098449,4272
2021,17,149,Pike,0.2450097016591849,9994
2021,17,145,Perry,0.0350194407058471,3201
2021,17,87,Johnson,0.0223753273709262,372
2021,17,173,Shelby,0.0632565140831666,10971
2021,17,51,Fayette,0.0492984506701405,7729
2021,17,139,Moultrie,0.0613815720825545,5699
2021,17,17,Cass,0.295800653894587,5846
2021,17,15,Carroll,0.672316850792105,9125
2021,17,47,Edwards,0.0613016448409428,3053
2021,17,79,Jasper,0.0593730313416101,7005
2021,17,187,Warren,0.2142310300071673,10251
2021,17,153,Pulaski,0.0443537903928795,1034
2021,17,165,Saline,0.0881123930468062,3330
2021,17,101,Lawrence,0.0980626244371037,5281
2021,17,45,Edgar,0.0492835996170681,10940
2021,17,71,Henderson,0.4438645695139783,6557
2021,17,199,Williamson,0.0500800807240787,1173
2021,17,77,Jackson,0.0741399314439476,2101
2021,17,147,Piatt,0.0639277347257038,8454
2021,17,53,Ford,0.0694744742061719,9440
2021,17,19,Champaign,0.072792311881828,17936
2021,17,29,Coles,0.0512164196206026,7900
2021,17,35,Cumberland,0.0606957487224763,4794
2021,17,183,Vermilion,0.0905175964647442,14712
2021,17,115,Macon,0.0872693815821847,9294
2021,17,49,Effingham,0.0824771030225175,5808
2021,17,67,Hancock,0.1121453384207852,11179
2021,17,95,Knox,0.1890555705526204,10792
2021,17,109,McDonough,0.1209146297541033,8967
2021,17,81,Jefferson,0.033567282205797,3459
2021,17,113,McLean,0.0629935266005759,21402
2021,17,39,De Witt,0.026848716509489,6749
2021,17,105,Livingston,0.0746382356428441,19844
2021,17,3,Alexander,0.074430409632865,609
2021,17,93,Kendall,0.1674147900182592,5039
2021,17,31,Cook,0.033725841546141,188
2021,17,37,DeKalb,0.4351153430808877,13629
2021,17,89,Kane,0.2744579667982556,5240
2021,17,63,Grundy,0.1270192319278263,7282
2021,17,111,McHenry,0.3371448975131668,6458
2021,17,197,Will,0.0905168669293465,6697
2021,17,43,DuPage,0.0602283164938984,151
2021,17,97,Lake,0.1355594379782967,483
2021,17,91,Kankakee,0.2930206738670498,12690
2021,17,11,Bureau,0.4065607979678786,17721
2021,17,155,Putnam,0.2731672122524967,2316
2021,17,99,LaSalle,0.1358564501770115,19287
2021,17,131,Mercer,0.2946910160460127,9831
2021,17,161,Rock Island,0.3089714673270139,5052
2021,17,73,Henry,0.2880663572882277,16322
2021,17,103,Lee,0.492969093051046,15956
2021,17,195,Whiteside,0.6509001796010028,16040
2021,19,149,Plymouth,0.1822949786970205,15932
2021,19,193,Woodbury,0.2084612494236595,14478
2021,19,27,Carroll,0.384032270190934,12131
2021,19,61,Dubuque,0.6941170672750647,9799
2021,19,101,Jefferson,0.1007540081939312,4861
2021,19,187,Webster,0.2783640583517851,13699
2021,19,111,Lee,0.1193496383263066,5168
2021,19,127,Marshall,0.1693538928355354,9436
2021,19,195,Worth,0.2586137708344999,7669
2021,19,33,Cerro Gordo,0.3839265112094283,11264
2021,19,51,Davis,0.0725034268539594,3154
2021,19,179,Wapello,0.1010454354853427,3896
2021,19,41,Clay,0.1992318449244559,10058
2021,19,59,Dickinson,0.155045325375273,6326
2021,19,21,Buena Vista,0.1466032883468961,11075
2021,19,13,Black Hawk,0.4235172784007944,10162
2021,19,75,Grundy,0.2755333933846993,10610
2021,19,17,Bremer,0.4987145397189557,8668
2021,19,85,Harrison,0.326065840600564,12661
2021,19,129,Mills,0.0781073241693746,6701
2021,19,155,Pottawattamie,0.199222696243301,16635
2021,19,123,Mahaska,0.2437298597458511,9030
2021,19,125,Marion,0.0966239885916235,5121
2021,19,53,Decatur,0.0517740430295834,2365
2021,19,31,Cedar,0.2499928528975856,10571
2021,19,151,Pocahontas,0.2013421220935823,12170
2021,19,109,Kossuth,0.2797580402649371,20544
2021,19,89,Howard,0.364778823153645,9070
2021,19,147,Palo Alto,0.281397021533988,10949
2021,19,159,Ringgold,0.0244604813698822,3332
2021,19,25,Calhoun,0.2241854848685218,11333
2021,19,39,Clarke,0.0529178545098172,2227
2021,19,65,Fayette,0.4325763760478212,13270
2021,19,1,Adair,0.0438120620004252,7531
2021,19,37,Chickasaw,0.4431869065734251,10311
2021,19,81,Hancock,0.4205087969713872,12858
2021,19,157,Poweshiek,0.2086517415157703,9753
2021,19,165,Shelby,0.211828977497934,11923
2021,19,185,Wayne,0.0211403634987493,4019
2021,19,97,Jackson,0.518464071174805,7808
2021,19,43,Clayton,0.5569843078015232,9593
2021,19,7,Appanoose,0.0425005136980533,2365
2021,19,177,Van Buren,0.0826648372089503,3157
2021,19,197,Wright,0.2826020635312288,11839
2021,19,137,Montgomery,0.0792851031466869,6711
2021,19,175,Union,0.0508552455585453,3781
2021,19,107,Keokuk,0.1820018164613241,8375
2021,19,131,Mitchell,0.4707662049411258,10643
2021,19,191,Winneshiek,0.557080048054181,11123
2021,19,161,Sac,0.1805347210561482,11390
2021,19,55,Delaware,0.6727179582171411,12964
2021,19,67,Floyd,0.3742107516245713,10201
2021,19,9,Audubon,0.1400048649123528,7846
2021,19,79,Hamilton,0.392510232524673,12519
2021,19,69,Franklin,0.4909022077953454,13299
2021,19,141,O'Brien,0.2223085002651059,11801
2021,19,167,Sioux,0.4155571624920033,17052
2021,19,5,Allamakee,0.5083287815871081,5416
2021,19,189,Winnebago,0.3233658081278525,8430
2021,19,93,Ida,0.2307685677006301,8776
2021,19,29,Cass,0.1188423575188,9400
2021,19,83,Hardin,0.488165592278121,12403
2021,19,173,Taylor,0.0350250011682788,5937
2021,19,145,Page,0.062172188555623,7701
2021,19,35,Cherokee,0.1389002639046791,10212
2021,19,71,Fremont,0.1054459837575924,8136
2021,19,95,Iowa,0.2737305637255479,8423
2021,19,23,Butler,0.4408968698165282,11369
2021,19,63,Emmet,0.2399433433721949,7560
2021,19,47,Crawford,0.2993070606812406,13858
2021,19,19,Buchanan,0.6188965453863634,13381
2021,19,143,Osceola,0.2244773855027843,8201
2021,19,73,Greene,0.231673769969399,10927
2021,19,87,Henry,0.1188253594893286,5276
2021,19,119,Lyon,0.3835114055814552,12686
2021,19,3,Adams,0.0572640359370161,5080
2021,19,133,Monona,0.2448977360054957,11929
2021,19,91,Humboldt,0.2700378389320564,8933
2021,19,115,Louisa,0.1333962459002966,5609
2021,19,171,Tama,0.1588510356879355,11210
2021,19,135,Monroe,0.0687273575127503,2035
2021,19,117,Lucas,0.0344570467208477,2124
2021,19,57,Des Moines,0.1305620822212593,5110
2021,19,11,Benton,0.2084998731076522,12817
2021,19,113,Linn,0.335610509071126,10354
2021,19,105,Jones,0.495994442000098,10165
2021,19,103,Johnson,0.1514521747825418,7917
2021,19,183,Washington,0.2070401027687755,8242
2021,19,45,Clinton,0.4004331344603751,13331
2021,19,163,Scott,0.4047496427954593,7537
2021,19,139,Muscatine,0.2144548213008794,6274
2021,19,169,Story,0.2781622030509873,9934
2021,19,15,Boone,0.2969108598820395,9918
2021,19,121,Madison,0.0619431517621143,4565
2021,19,181,Warren,0.064587943028692,4373
2021,19,49,Dallas,0.1967701823746971,8449
2021,19,153,Polk,0.1691021480451244,5141
2021,19,77,Guthrie,0.1518989031787415,7479
2021,19,99,Jasper,0.2152085036794765,11585
2021,31,43,Dakota,0.1319230821351617,4384
2021,31,51,Dixon,0.176583018956828,7902
2021,31,53,Dodge,0.2080198518784217,10131
2021,31,25,Cass,0.0448992409824841,9245
2021,31,55,Douglas,0.2130374241788425,2082
2021,31,153,Sarpy,0.0592715840872226,2348
2021,31,155,Saunders,0.1539371524101082,12988
2021,31,177,Washington,0.0899398912907577,5893
2021,31,67,Gage,0.0875327427421828,13105
2021,31,109,Lancaster,0.0839720359406272,10330
2021,31,159,Seward,0.2801889633289051,9701
2021,31,139,Pierce,0.3113642345786439,10620
2021,31,119,Madison,0.2901970741810534,10352
2021,31,167,Stanton,0.2611435428547622,7260
2021,31,117,McPherson,0.4916126688063949,396
2021,31,111,Lincoln,0.6912759818473581,15220
2021,31,113,Logan,0.6341445925142466,1780
2021,31,7,Banner,0.2753941433674949,1433
2021,31,157,Scotts Bluff,0.4721094382038108,6239
2021,31,165,Sioux,0.5395567880788832,1124
2021,31,39,Cuming,0.2600546724345333,11349
2021,31,129,Nuckolls,0.4580180730410259,9274
2021,31,101,Keith,0.7210268058540974,9564
2021,31,137,Phelps,0.5509489137462544,12173
2021,31,181,Webster,0.4607784150311471,6931
2021,31,15,Boyd,0.3262517137528845,2781
2021,31,171,Thomas,0.4706428944770311,68
2021,31,89,Holt,0.4959889754588896,12854
2021,31,17,Brown,0.5375444094722196,2909
2021,31,103,Keya Paha,0.5058416118651182,1469
2021,31,77,Greeley,0.5111395844609148,5371
2021,31,95,Jefferson,0.1740578799561113,7731
2021,31,151,Saline,0.2491471404560993,10076
2021,31,57,Dundy,0.6891450333268901,7275
2021,31,131,Otoe,0.0620372517885497,9778
2021,31,87,Hitchcock,0.4657366990792177,5398
2021,31,105,Kimball,0.26434744451948,2535
2021,31,127,Nemaha,0.0835961927685138,6631
2021,31,41,Custer,0.6003637705935609,17200
2021,31,143,Polk,0.4203230424293227,9100
2021,31,45,Dawes,0.3920635501702236,536
2021,31,179,Wayne,0.208028719319062,8540
2021,31,71,Garfield,0.6697225793002815,920
2021,31,13,Box Butte,0.4394144574466135,7501
2021,31,173,Thurston,0.2165877258844852,7066
2021,31,11,Boone,0.34858023657139,11812
2021,31,145,Red Willow,0.5264447387707083,7795
2021,31,149,Rock,0.4263592898366697,1720
2021,31,5,Arthur,0.5400050015445945,269
2021,31,85,Hayes,0.6822449315735575,6087
2021,31,97,Johnson,0.0917214089669565,4485
2021,31,3,Antelope,0.490912390983625,15611
2021,31,163,Sherman,0.5044030287895788,5338
2021,31,161,Sheridan,0.4366460370288094,3910
2021,31,133,Pawnee,0.0325257302583655,4560
2021,31,75,Grant,0.0,3
2021,31,21,Burt,0.1507698856673559,9206
2021,31,9,Blaine,0.7401251681260465,291
2021,31,27,Cedar,0.2964176063546554,12917
2021,31,169,Thayer,0.3801278681360315,10525
2021,31,49,Deuel,0.5961269198083685,4583
2021,31,123,Morrill,0.6311128591184938,5551
2021,31,115,Loup,0.5692576225636196,572
2021,31,63,Frontier,0.5710950421439982,8464
2021,31,125,Nance,0.425210679061565,6529
2021,31,107,Knox,0.3835512665754018,10551
2021,31,135,Perkins,0.7413779134582973,19539
2021,31,37,Colfax,0.3116775252594506,8085
2021,31,23,Butler,0.2794567785858144,10693
2021,31,31,Cherry,0.505819537826996,1389
2021,31,183,Wheeler,0.4751538529489706,2698
2021,31,61,Franklin,0.4756122522556054,6839
2021,31,29,Chase,0.7761294765884367,12333
2021,31,59,Fillmore,0.4329122753479448,12755
2021,31,185,York,0.5867297559770677,14322
2021,31,35,Clay,0.5417442813199238,12255
2021,31,33,Cheyenne,0.2938838959274376,6093
2021,31,69,Garden,0.6278601493395314,3797
2021,31,83,Harlan,0.503921636061654,7836
2021,31,91,Hooker,0.4,10
2021,31,147,Richardson,0.099496714679172,7934
2021,31,65,Furnas,0.539661721690343,9539
2021,31,175,Valley,0.5230101386784765,5443
2021,31,141,Platte,0.4089496513572015,14080
2021,31,121,Merrick,0.562249012802886,9476
2021,31,79,Hall,0.7812352500521845,13160
2021,31,81,Hamilton,0.648307084490709,14099
2021,31,93,Howard,0.5999202885327662,7666
2021,31,1,Adams,0.5603503101511226,12812
2021,31,99,Kearney,0.5299426692039315,11780
2021,31,19,Buffalo,0.6055772790489479,14345
2021,31,73,Gosper,0.5715205355993308,6178
2021,31,47,Dawson,0.6593364419951958,13971
2021,37,37,Chatham,0.4071524297332525,219
2021,37,115,Madison,0.6,10
2021,37,87,Haywood,0.1016949152542373,59
2021,37,21,Buncombe,0.6538319141058867,64
2021,37,89,Henderson,0.7986444693031519,183
2021,37,175,Transylvania,0.7868157047312361,127
2021,37,167,Stanly,0.1723607077312332,1132
2021,37,109,Lincoln,0.2340961226430929,286
2021,37,159,Rowan,0.1373232681719645,830
2021,37,25,Cabarrus,0.2512573904357018,353
2021,37,97,Iredell,0.3824527861384014,1257
2021,37,71,Gaston,0.1502968073158992,127
2021,37,179,Union,0.0558948222983943,2630
2021,37,119,Mecklenburg,0.0625,48
2021,37,45,Cleveland,0.151105096977898,447
2021,37,5,Alleghany,0.5674321797721099,113
2021,37,173,Swain,1.0,2
2021,37,11,Avery,0.0,4
2021,37,33,Caswell,0.1448384685657337,48
2021,37,75,Graham,,0
2021,37,7,Anson,0.1941750113851098,782
2021,37,149,Polk,0.0,1
2021,37,39,Cherokee,0.3779620853080568,59
2021,37,113,Macon,0.5142857142857142,35
2021,37,9,Ashe,0.3566433566433566,3
2021,37,123,Montgomery,0.273534478950391,272
2021,37,43,Clay,0.1450125733445096,22
2021,37,121,Mitchell,0.5,2
2021,37,199,Yancey,0.6,5
2021,37,189,Watauga,0.5,2
2021,37,99,Jackson,0.5714285714285714,7
2021,37,161,Rutherford,0.1449412656309208,64
2021,37,193,Wilkes,0.7277785628488659,673
2021,37,125,Moore,0.3544511098848283,224
2021,37,153,Richmond,0.2873589118544769,202
2021,37,93,Hoke,0.1577549542187471,851
2021,37,165,Scotland,0.1701568167271175,750
2021,37,155,Robeson,0.2433742937055619,5726
2021,37,1,Alamance,0.2906652822447895,318
2021,37,151,Randolph,0.3363588852852114,518
2021,37,81,Guilford,0.3686634787956373,320
2021,37,157,Rockingham,0.5370664672338038,174
2021,37,171,Surry,0.3753500168594507,1092
2021,37,57,Davidson,0.2464448054911553,449
2021,37,169,Stokes,0.3967958137701157,111
2021,37,67,Forsyth,0.3061420345489443,147
2021,37,197,Yadkin,0.2547957844742504,1072
2021,37,59,Davie,0.1294767412819945,575
2021,37,27,Caldwell,0.5148514851485149,101
2021,37,3,Alexander,0.3536754507628294,160
2021,37,35,Catawba,0.1357456798886189,289
2021,37,23,Burke,0.3376947956483387,81
2021,37,111,McDowell,0.615036231884058,26
2021,37,29,Camden,0.0271994511101757,1368
2021,37,139,Pasquotank,0.0394127888156916,1350
2021,37,143,Perquimans,0.0562204869085898,1081
2021,37,177,Tyrrell,0.0945282194537486,1495
2021,37,55,Dare,0.358974358974359,78
2021,37,73,Gates,0.0866295724988981,430
2021,37,53,Currituck,0.02529068241087,676
2021,37,19,Brunswick,0.0831769086377204,639
2021,37,31,Carteret,0.0282044880687905,1241
2021,37,137,Pamlico,0.177182901575721,860
2021,37,49,Craven,0.1837817812819624,1478
2021,37,103,Jones,0.2512617642367204,1251
2021,37,85,Harnett,0.0947241786910815,565
2021,37,63,Durham,0.1601815823605706,37
2021,37,145,Person,0.2196642118775758,234
2021,37,135,Orange,0.3226371496720334,216
2021,37,181,Vance,0.0,44
2021,37,77,Granville,0.2608642933359201,165
2021,37,69,Franklin,0.2593067468388009,181
2021,37,101,Johnston,0.0841103710751665,939
2021,37,183,Wake,0.1844730429485226,103
2021,37,105,Lee,0.3087420205649631,109
2021,37,131,Northampton,0.0913998883012831,1145
2021,37,83,Halifax,0.1624057674272091,550
2021,37,127,Nash,0.0453310768530633,561
2021,37,65,Edgecombe,0.1282750738165539,1039
2021,37,195,Wilson,0.0539460583472108,906
2021,37,163,Sampson,0.1969917731868243,3123
2021,37,185,Warren,0.0,113
2021,37,187,Washington,0.0457426453001674,2318
2021,37,61,Duplin,0.2765735738418703,4346
2021,37,91,Hertford,0.1012195243159432,798
2021,37,17,Bladen,0.3800026019359074,2339
2021,37,95,Hyde,0.1021344554857027,2332
2021,37,15,Bertie,0.1201538520417926,1035
2021,37,79,Greene,0.2340444494859059,992
2021,37,41,Chowan,0.1066340093790137,405
2021,37,117,Martin,0.1434555531059229,520
2021,37,47,Columbus,0.1770981429973524,3266
2021,37,191,Wayne,0.2168053281905232,2146
2021,37,133,Onslow,0.1873823660083202,982
2021,37,107,Lenoir,0.3021796437273589,2159
2021,37,129,New Hanover,0.5666666666666667,60
2021,37,141,Pender,0.2832058660971875,1361
2021,37,51,Cumberland,0.2066995309531085,892
2021,37,147,Pitt,0.0967579094598321,1604
2021,37,13,Beaufort,0.0645101670854617,3016
2022,17,121,Marion,0.073269752266727,5320
2022,17,5,Bond,0.066664492106346,4767
2022,17,83,Jersey,0.1282352816085232,3762
2022,17,163,St. Clair,0.1130311928081572,6314
2022,17,27,Clinton,0.1881159668784311,6733
2022,17,13,Calhoun,0.2637171403711054,928
2022,17,119,Madison,0.1328324147780565,6882
2022,17,133,Monroe,0.1657886062811736,2918
2022,17,117,Macoupin,0.0827204508218988,10895
2022,17,171,Scott,0.0749162582419519,3380
2022,17,137,Morgan,0.0913209781181778,8767
2022,17,107,Logan,0.1152920221706913,12211
2022,17,129,Menard,0.1278335975501181,5084
2022,17,167,Sangamon,0.1119915498831913,13146
2022,17,21,Christian,0.071849223196402,12530
2022,17,127,Massac,0.066041391344513,1541
2022,17,57,Fulton,0.0912090615719522,9078
2022,17,175,Stark,0.2223313165564453,6055
2022,17,203,Woodford,0.0793814600721924,8536
2022,17,179,Tazewell,0.1601141932705413,9601
2022,17,123,Marshall,0.1245806946079333,6318
2022,17,143,Peoria,0.1736615358161072,7196
2022,17,1,Adams,0.1406799376325102,9571
2022,17,177,Stephenson,0.4832725986072956,10884
2022,17,141,Ogle,0.4407008351663737,14530
2022,17,201,Winnebago,0.3629244267021055,6199
2022,17,7,Boone,0.3859458049991176,5007
2022,17,25,Clay,0.0644275021159543,4797
2022,17,185,Wabash,0.0720259023569777,3381
2022,17,9,Brown,0.097441544072884,2257
2022,17,151,Pope,0.0483971487555018,410
2022,17,33,Crawford,0.0344113004956148,5309
2022,17,135,Montgomery,0.0806837390700943,10586
2022,17,55,Franklin,0.0270308967849959,2374
2022,17,23,Clark,0.0342755763833005,6151
2022,17,59,Gallatin,0.2206392853011501,3722
2022,17,75,Iroquois,0.1209885783801483,21232
2022,17,41,Douglas,0.0424064153512923,7500
2022,17,189,Washington,0.0824107172147304,6877
2022,17,159,Richland,0.0607019069728341,4927
2022,17,65,Hamilton,0.0382695104217159,4438
2022,17,193,White,0.0448464726853561,5739
2022,17,169,Schuyler,0.0865172274718277,3796
2022,17,181,Union,0.1493721562662558,601
2022,17,85,Jo Daviess,0.4614218894086015,5381
2022,17,125,Mason,0.253982100664519,8500
2022,17,191,Wayne,0.0665603369652856,8082
2022,17,69,Hardin,0.0389610389610389,77
2022,17,61,Greene,0.0980502375586545,6879
2022,17,157,Randolph,0.0803898936286054,3825
2022,17,149,Pike,0.1943087363749305,9541
2022,17,145,Perry,0.0190959681767775,2736
2022,17,87,Johnson,0.0665752031318376,338
2022,17,173,Shelby,0.0524187470053352,11804
2022,17,51,Fayette,0.0450371938782794,7514
2022,17,139,Moultrie,0.0645424277932502,6022
2022,17,17,Cass,0.2700896475285235,5437
2022,17,15,Carroll,0.609445314810072,8813
2022,17,47,Edwards,0.0582001348287407,2861
2022,17,79,Jasper,0.0465654924684581,6252
2022,17,187,Warren,0.1897346958998235,9913
2022,17,153,Pulaski,0.0549917544082202,938
2022,17,165,Saline,0.0714395339593906,3019
2022,17,101,Lawrence,0.0686971977907109,4591
2022,17,45,Edgar,0.0334785871974731,10476
2022,17,71,Henderson,0.3624911099932351,6419
2022,17,199,Williamson,0.0779833753371357,1090
2022,17,77,Jackson,0.0670233143940161,1957
2022,17,147,Piatt,0.05533108087075,8325
2022,17,53,Ford,0.0597206918365705,9650
2022,17,19,Champaign,0.0481604775560941,18082
2022,17,29,Coles,0.0373438356171213,7996
2022,17,35,Cumberland,0.0483351571939903,4210
2022,17,183,Vermilion,0.0742323378516923,14817
2022,17,115,Macon,0.0437612151229657,9682
2022,17,49,Effingham,0.0634479255762723,5599
2022,17,67,Hancock,0.0971666208063357,10991
2022,17,95,Knox,0.1553580543876489,10360
2022,17,109,McDonough,0.095376409976108,9289
2022,17,81,Jefferson,0.0434423343514961,3055
2022,17,113,McLean,0.0528487664834283,21117
2022,17,39,De Witt,0.0318094310622378,6925
2022,17,105,Livingston,0.0618448368360896,20372
2022,17,3,Alexander,0.1015752032520325,317
2022,17,93,Kendall,0.1689713303335366,5019
2022,17,31,Cook,0.0491250602022796,150
2022,17,37,DeKalb,0.3599802393457594,13071
2022,17,89,Kane,0.208730134958532,5069
2022,17,63,Grundy,0.1108424059465815,6515
2022,17,111,McHenry,0.3159620116142675,6318
2022,17,197,Will,0.0700746535568127,6619
2022,17,43,DuPage,0.0312394719916694,133
2022,17,97,Lake,0.1202855005768328,627
2022,17,91,Kankakee,0.2479638833896991,12475
2022,17,11,Bureau,0.3344994990855707,17284
2022,17,155,Putnam,0.2181804922379587,2141
2022,17,99,LaSalle,0.0990742075766629,19436
2022,17,131,Mercer,0.2311262688518082,9590
2022,17,161,Rock Island,0.2883332939442073,4889
2022,17,73,Henry,0.2252782568167138,15265
2022,17,103,Lee,0.405853186028989,15949
2022,17,195,Whiteside,0.5689735996346147,15121
2022,19,149,Plymouth,0.1574551138021091,16257
2022,19,193,Woodbury,0.1670772482294722,14083
2022,19,27,Carroll,0.3009752562944722,12434
2022,19,61,Dubuque,0.6754947573026656,9398
2022,19,101,Jefferson,0.0755831747709502,4612
2022,19,187,Webster,0.2001926336373548,13331
2022,19,111,Lee,0.1087284909271191,4863
2022,19,127,Marshall,0.1303430326439494,10326
2022,19,195,Worth,0.2012940600764179,8056
2022,19,33,Cerro Gordo,0.3019639877858491,11452
2022,19,51,Davis,0.0803609120999467,2596
2022,19,179,Wapello,0.0731302808953846,3650
2022,19,41,Clay,0.1705593753172936,10350
2022,19,59,Dickinson,0.1340737165974909,6537
2022,19,21,Buena Vista,0.1134438673020475,11113
2022,19,13,Black Hawk,0.3195452966639032,9708
2022,19,75,Grundy,0.2020711270572085,10779
2022,19,17,Bremer,0.403814073716196,8125
2022,19,85,Harrison,0.2598692281740243,12404
2022,19,129,Mills,0.0579777158199802,6916
2022,19,155,Pottawattamie,0.1515504416379285,16657
2022,19,123,Mahaska,0.1939175371830308,8629
2022,19,125,Marion,0.0736942242214198,5102
2022,19,53,Decatur,0.0474476572200132,1864
2022,19,31,Cedar,0.1994645105263036,10431
2022,19,151,Pocahontas,0.1581462320773431,12337
2022,19,109,Kossuth,0.2375771605394158,20105
2022,19,89,Howard,0.3388633304819284,9623
2022,19,147,Palo Alto,0.2166523224154631,11718
2022,19,159,Ringgold,0.0243131721892501,3391
2022,19,25,Calhoun,0.161354287460239,12109
2022,19,39,Clarke,0.0345915663697685,1781
2022,19,65,Fayette,0.3676444116557486,12558
2022,19,1,Adair,0.0324468112448147,7712
2022,19,37,Chickasaw,0.3846011079575094,10314
2022,19,81,Hancock,0.3041450839957848,11810
2022,19,157,Poweshiek,0.1129583991129035,9567
2022,19,165,Shelby,0.1622493194245577,11842
2022,19,185,Wayne,0.0221837916439458,3801
2022,19,97,Jackson,0.4706799865690922,7192
2022,19,43,Clayton,0.4969948934565402,8792
2022,19,7,Appanoose,0.0307939579372223,1782
2022,19,177,Van Buren,0.0802661637047363,3407
2022,19,197,Wright,0.1975390611874598,11792
2022,19,137,Montgomery,0.0638282447049935,6524
2022,19,175,Union,0.0331418268153921,3574
2022,19,107,Keokuk,0.1377098675085633,7791
2022,19,131,Mitchell,0.4311957651402571,10390
2022,19,191,Winneshiek,0.5199317992272279,10301
2022,19,161,Sac,0.1616589322516603,11445
2022,19,55,Delaware,0.6046566749097336,12534
2022,19,67,Floyd,0.3498503574838163,9869
2022,19,9,Audubon,0.110722748254732,7982
2022,19,79,Hamilton,0.310736218616101,12349
2022,19,69,Franklin,0.380455416576205,13099
2022,19,141,O'Brien,0.1739249527243863,11569
2022,19,167,Sioux,0.3594919418819307,16929
2022,19,5,Allamakee,0.5261329165282469,4374
2022,19,189,Winnebago,0.2809368099619135,8096
2022,19,93,Ida,0.1906221074021998,8504
2022,19,29,Cass,0.0845385889346788,8979
2022,19,83,Hardin,0.4063360529622544,11979
2022,19,173,Taylor,0.0396334176833817,5483
2022,19,145,Page,0.0420945995870066,8135
2022,19,35,Cherokee,0.1136191150458875,10258
2022,19,71,Fremont,0.0847338295356302,7949
2022,19,95,Iowa,0.2089715985480274,8686
2022,19,23,Butler,0.3514586474194241,11293
2022,19,63,Emmet,0.1844941480710308,7520
2022,19,47,Crawford,0.2533022842617508,14114
2022,19,19,Buchanan,0.4984416039443235,12590
2022,19,143,Osceola,0.1631706685368898,8174
2022,19,73,Greene,0.1915305869700181,11095
2022,19,87,Henry,0.1059557268503314,5318
2022,19,119,Lyon,0.3408469374755065,12300
2022,19,3,Adams,0.042229744241789,4631
2022,19,133,Monona,0.2048254060411786,11612
2022,19,91,Humboldt,0.1683195874778426,8951
2022,19,115,Louisa,0.1309328601434055,5494
2022,19,171,Tama,0.1131485975059689,11838
2022,19,135,Monroe,0.0966334617901548,1535
2022,19,117,Lucas,0.0388195261895113,1852
2022,19,57,Des Moines,0.1045813301691864,4844
2022,19,11,Benton,0.1663840276244057,13173
2022,19,113,Linn,0.2738286090626272,10078
2022,19,105,Jones,0.4274608238371086,10240
2022,19,103,Johnson,0.1383961920452838,7361
2022,19,183,Washington,0.1741556647451386,7937
2022,19,45,Clinton,0.3563124251510762,12881
2022,19,163,Scott,0.3493340882202914,7392
2022,19,139,Muscatine,0.1607440769864603,6252
2022,19,169,Story,0.2033689483510996,10963
2022,19,15,Boone,0.2190593241416142,10393
2022,19,121,Madison,0.0325582208924691,4757
2022,19,181,Warren,0.0744120714037435,4160
2022,19,49,Dallas,0.1615685239204006,9166
2022,19,153,Polk,0.1282740994004113,5343
2022,19,77,Guthrie,0.1195047942064229,7455
2022,19,99,Jasper,0.1498286218704417,12078
2022,31,43,Dakota,0.1053009072175047,4534
2022,31,51,Dixon,0.1375182093238713,7961
2022,31,53,Dodge,0.1805681533537974,10204
2022,31,25,Cass,0.0443312642628117,8818
2022,31,55,Douglas,0.1698258810971817,2192
2022,31,153,Sarpy,0.0709614000467566,2134
2022,31,155,Saunders,0.1214142616551132,13215
2022,31,177,Washington,0.0754401267875628,6221
2022,31,67,Gage,0.0666085922416808,12932
2022,31,109,Lancaster,0.0685096282766556,10364
2022,31,159,Seward,0.2287391137460643,9974
2022,31,139,Pierce,0.3192960750529421,10463
2022,31,119,Madison,0.2678220419618053,10308
2022,31,167,Stanton,0.2389592668194589,7139
2022,31,117,McPherson,0.6835382847481806,304
2022,31,111,Lincoln,0.6917471077461652,15280
2022,31,113,Logan,0.6747360783086248,1693
2022,31,7,Banner,0.2659427026113412,1398
2022,31,157,Scotts Bluff,0.5912882036040785,6272
2022,31,165,Sioux,0.6690132590282967,1196
2022,31,39,Cuming,0.2485362758258217,11638
2022,31,129,Nuckolls,0.4312678233639941,9011
2022,31,101,Keith,0.7209331197934128,8950
2022,31,137,Phelps,0.4947187851304715,12481
2022,31,181,Webster,0.3838486865754868,6795
2022,31,15,Boyd,0.3880293339298731,2596
2022,31,171,Thomas,0.8055555555555556,36
2022,31,89,Holt,0.4725355598693944,12868
2022,31,17,Brown,0.5967245720572989,2783
2022,31,103,Keya Paha,0.6714626484824482,1307
2022,31,77,Greeley,0.4486397551745014,5319
2022,31,95,Jefferson,0.1316830476071895,7639
2022,31,151,Saline,0.1840799246396679,9669
2022,31,57,Dundy,0.660444743317388,6467
2022,31,131,Otoe,0.0509248817491907,9956
2022,31,87,Hitchcock,0.3651883331190646,4410
2022,31,105,Kimball,0.3033772217443514,1852
2022,31,127,Nemaha,0.0646681023404796,6052
2022,31,41,Custer,0.6060496772016476,16296
2022,31,143,Polk,0.3623504796266048,8903
2022,31,45,Dawes,0.3771336501263628,481
2022,31,179,Wayne,0.1722359477645074,9084
2022,31,71,Garfield,0.7161266515548698,830
2022,31,13,Box Butte,0.440677265303591,6839
2022,31,173,Thurston,0.1785996926328905,7005
2022,31,11,Boone,0.3162277152595666,11459
2022,31,145,Red Willow,0.4307935338076942,7299
2022,31,149,Rock,0.3354589707927677,1702
2022,31,5,Arthur,0.8586187140771406,213
2022,31,85,Hayes,0.6545815293197262,5456
2022,31,97,Johnson,0.0788866702133085,4360
2022,31,3,Antelope,0.4529168458878243,14914
2022,31,163,Sherman,0.5107717128796336,5580
2022,31,161,Sheridan,0.5295745918857941,3029
2022,31,133,Pawnee,0.027393953397345,4623
2022,31,75,Grant,0.0,2
2022,31,21,Burt,0.1053159418457538,9275
2022,31,9,Blaine,0.7761587078651687,204
2022,31,27,Cedar,0.2922562880023771,13109
2022,31,169,Thayer,0.344185111765431,10592
2022,31,49,Deuel,0.5301370074128866,4387
2022,31,123,Morrill,0.7259336442486652,5482
2022,31,115,Loup,0.5928782132321957,566
2022,31,63,Frontier,0.5585887730182002,7969
2022,31,125,Nance,0.4168069670174666,6054
2022,31,107,Knox,0.3509576091587303,9451
2022,31,135,Perkins,0.7209679561922073,18205
2022,31,37,Colfax,0.2842472792205727,7869
2022,31,23,Butler,0.2450548675457352,10651
2022,31,31,Cherry,0.4843353090601185,1181
2022,31,183,Wheeler,0.4926163408205812,2525
2022,31,61,Franklin,0.4097660088113934,6892
2022,31,29,Chase,0.7477762549097163,12035
2022,31,59,Fillmore,0.355575886546855,12750
2022,31,185,York,0.5003609541601901,13022
2022,31,35,Clay,0.464008585979929,12041
2022,31,33,Cheyenne,0.3333789931625043,5146
2022,31,69,Garden,0.5848127592006787,3531
2022,31,83,Harlan,0.4382209754792843,7365
2022,31,91,Hooker,0.3,10
2022,31,147,Richardson,0.0495916959582896,8163
2022,31,65,Furnas,0.4470059254597819,8281
2022,31,175,Valley,0.5646952061729481,5237
2022,31,141,Platte,0.3712510421674946,14092
2022,31,121,Merrick,0.5728155840317289,9222
2022,31,79,Hall,0.7623118411074349,12601
2022,31,81,Hamilton,0.6076522924886221,13382
2022,31,93,Howard,0.5442096294910962,7267
2022,31,1,Adams,0.5030423526518092,12568
2022,31,99,Kearney,0.4723341814044011,11287
2022,31,19,Buffalo,0.5666688656685428,14189
2022,31,73,Gosper,0.4954673120800016,5765
2022,31,47,Dawson,0.609841358120211,13832
2022,37,37,Chatham,0.3004387542257067,170
2022,37,115,Madison,0.7272727272727273,11
2022,37,87,Haywood,0.6153846153846154,91
2022,37,21,Buncombe,0.722049205854874,76
2022,37,89,Henderson,0.6831784788245462,222
2022,37,175,Transylvania,0.7722110206477629,154
2022,37,167,Stanly,0.2009053114682575,958
2022,37,109,Lincoln,0.1979122201094338,207
2022,37,159,Rowan,0.128154884066198,734
2022,37,25,Cabarrus,0.3013696908771049,323
2022,37,97,Iredell,0.3573966632951183,1055
2022,37,71,Gaston,0.1701890989988876,36
2022,37,179,Union,0.0531760064022631,2128
2022,37,119,Mecklenburg,0.0963855421686747,83
2022,37,45,Cleveland,0.1247595910517258,470
2022,37,5,Alleghany,0.6249270626677559,68
2022,37,173,Swain,1.0,1
2022,37,11,Avery,1.0,2
2022,37,33,Caswell,0.0459404275762671,66
2022,37,75,Graham,,0
2022,37,7,Anson,0.1172183588317107,800
2022,37,149,Polk,0.0019569471624266,5
2022,37,39,Cherokee,0.4623329858807921,89
2022,37,113,Macon,0.9166666666666666,24
2022,37,9,Ashe,0.2280858676207513,5
2022,37,123,Montgomery,0.4739344399032446,154
2022,37,43,Clay,0.3320441988950277,22
2022,37,121,Mitchell,1.0,1
2022,37,199,Yancey,0.8,5
2022,37,189,Watauga,0.0,1
2022,37,99,Jackson,0.5555555555555556,9
2022,37,161,Rutherford,0.1949541284403669,63
2022,37,193,Wilkes,0.7669357401639864,626
2022,37,125,Moore,0.255834216755493,275
2022,37,153,Richmond,0.1710598951145459,242
2022,37,93,Hoke,0.1864256975133566,606
2022,37,165,Scotland,0.3223609445659244,515
2022,37,155,Robeson,0.2576174409126621,4835
2022,37,1,Alamance,0.3118075894562587,254
2022,37,151,Randolph,0.2462943799647119,530
2022,37,81,Guilford,0.4036157543582753,280
2022,37,157,Rockingham,0.4990185759394646,144
2022,37,171,Surry,0.3012141098389164,748
2022,37,57,Davidson,0.2114294094642158,419
2022,37,169,Stokes,0.547945205479452,73
2022,37,67,Forsyth,0.4189686516206269,102
2022,37,197,Yadkin,0.298182008746939,841
2022,37,59,Davie,0.2260415631801884,460
2022,37,27,Caldwell,0.6034953577280174,88
2022,37,3,Alexander,0.2629911280101394,156
2022,37,35,Catawba,0.1174816018234502,328
2022,37,23,Burke,0.433099406184931,55
2022,37,111,McDowell,0.5451302176239743,33
2022,37,29,Camden,0.0132728063620241,1064
2022,37,139,Pasquotank,0.0208332117576344,1351
2022,37,143,Perquimans,0.0723412007805121,833
2022,37,177,Tyrrell,0.0565502863578634,1649
2022,37,55,Dare,0.0,8
2022,37,73,Gates,0.0706917376685274,242
2022,37,53,Currituck,0.0232346241457858,699
2022,37,19,Brunswick,0.1148254149971379,515
2022,37,31,Carteret,0.0138728323699421,865
2022,37,137,Pamlico,0.1469298245614035,912
2022,37,49,Craven,0.1864038286080594,1164
2022,37,103,Jones,0.2856791187149978,906
2022,37,85,Harnett,0.0913907758312477,557
2022,37,63,Durham,0.2105263157894736,19
2022,37,145,Person,0.1897497907171426,170
2022,37,135,Orange,0.3156154895581907,152
2022,37,181,Vance,0.0,7
2022,37,77,Granville,0.2938138185863562,99
2022,37,69,Franklin,0.2379323214730032,127
2022,37,101,Johnston,0.1009797668402962,455
2022,37,183,Wake,0.2163652754945113,75
2022,37,105,Lee,0.2178266782049697,133
2022,37,131,Northampton,0.0923914471437054,753
2022,37,83,Halifax,0.1302509293680297,422
2022,37,127,Nash,0.1813563627127254,235
2022,37,65,Edgecombe,0.1328724228801736,636
2022,37,195,Wilson,0.1140571444146887,586
2022,37,163,Sampson,0.2304435918556888,2871
2022,37,185,Warren,0.0384615384615384,52
2022,37,187,Washington,0.044186797660967,2002
2022,37,61,Duplin,0.3088583889652768,3821
2022,37,91,Hertford,0.0861435111401776,626
2022,37,17,Bladen,0.3697282029218653,2112
2022,37,95,Hyde,0.083440028056657,2346
2022,37,15,Bertie,0.1430829901177239,677
2022,37,79,Greene,0.2403099602718454,793
2022,37,41,Chowan,0.0941542126519141,220
2022,37,117,Martin,0.1237486662430614,330
2022,37,47,Columbus,0.1538039426488892,2469
2022,37,191,Wayne,0.2365308435260244,1578
2022,37,133,Onslow,0.2349013206707227,612
2022,37,107,Lenoir,0.3637311260080464,1557
2022,37,129,New Hanover,0.6756756756756757,37
2022,37,141,Pender,0.2857700085197236,1155
2022,37,51,Cumberland,0.2349902693657808,654
2022,37,147,Pitt,0.0981308411214953,1069
2022,37,13,Beaufort,0.073670963141265,2800
2023,17,121,Marion,0.0874178384540789,6037
2023,17,5,Bond,0.0858360645150874,4939
2023,17,83,Jersey,0.1327002030801301,4084
2023,17,163,St. Clair,0.1248892926558774,6618
2023,17,27,Clinton,0.2017694421067979,6930
2023,17,13,Calhoun,0.2112063444003214,1360
2023,17,119,Madison,0.133245091202817,7541
2023,17,133,Monroe,0.1275517857226563,3385
2023,17,117,Macoupin,0.0715972795594197,11908
2023,17,171,Scott,0.072970573911762,3457
2023,17,137,Morgan,0.0926898063682716,9033
2023,17,107,Logan,0.1540907966458254,12174
2023,17,129,Menard,0.1202908737428497,5376
2023,17,167,Sangamon,0.1195090668919211,14126
2023,17,21,Christian,0.0926773378106213,13523
2023,17,127,Massac,0.0400192130268126,1672
2023,17,57,Fulton,0.1053319320262089,8872
2023,17,175,Stark,0.2428863192113202,6012
2023,17,203,Woodford,0.0987026409163432,8350
2023,17,179,Tazewell,0.1423056304510809,10023
2023,17,123,Marshall,0.1283071370599725,6689
2023,17,143,Peoria,0.166331506508568,7348
2023,17,1,Adams,0.1428307741389066,10375
2023,17,177,Stephenson,0.4488169330831511,11613
2023,17,141,Ogle,0.4057026225108822,15750
2023,17,201,Winnebago,0.3550353071463491,6643
2023,17,7,Boone,0.2936220864428075,5197
2023,17,25,Clay,0.0758596857582705,5373
2023,17,185,Wabash,0.0743937552977941,3595
2023,17,9,Brown,0.0971132935493725,2619
2023,17,151,Pope,0.0232576568009826,503
2023,17,33,Crawford,0.0352086670905441,5721
2023,17,135,Montgomery,0.0863230420699855,10630
2023,17,55,Franklin,0.0235723560037437,2826
2023,17,23,Clark,0.0474766383348246,6323
2023,17,59,Gallatin,0.2005030279351435,4048
2023,17,75,Iroquois,0.1181345542436648,22060
2023,17,41,Douglas,0.0411313752925048,7890
2023,17,189,Washington,0.1001505093731397,7043
2023,17,159,Richland,0.0831119951682597,5122
2023,17,65,Hamilton,0.0309277521275397,4953
2023,17,193,White,0.0424031206269411,6521
2023,17,169,Schuyler,0.0914399815861367,4085
2023,17,181,Union,0.1139261289007654,697
2023,17,85,Jo Daviess,0.408417973477391,5775
2023,17,125,Mason,0.2737675177917928,9510
2023,17,191,Wayne,0.0769150328946316,8688
2023,17,69,Hardin,0.0784404198869535,102
2023,17,61,Greene,0.1013526030005258,7442
2023,17,157,Randolph,0.064714568748198,4307
2023,17,149,Pike,0.2043786616860058,10349
2023,17,145,Perry,0.0315602971061751,3582
2023,17,87,Johnson,0.0123717342260388,501
2023,17,173,Shelby,0.0679085734275411,11332
2023,17,51,Fayette,0.0606660231200322,8344
2023,17,139,Moultrie,0.061166876414458,5964
2023,17,17,Cass,0.2504498982929692,5692
2023,17,15,Carroll,0.5892902294450881,9060
2023,17,47,Edwards,0.0647060316171432,3160
2023,17,79,Jasper,0.0479840145895765,7159
2023,17,187,Warren,0.18233912528646,10183
2023,17,153,Pulaski,0.056196982657189,1061
2023,17,165,Saline,0.0499577735889571,3581
2023,17,101,Lawrence,0.0600998941480654,5482
2023,17,45,Edgar,0.037526080206281,10927
2023,17,71,Henderson,0.3609243171824989,6503
2023,17,199,Williamson,0.0449264359642126,1244
2023,17,77,Jackson,0.0466144716568893,2352
2023,17,147,Piatt,0.0557444478078921,8625
2023,17,53,Ford,0.0739486849979111,9735
2023,17,19,Champaign,0.0484367594933835,18155
2023,17,29,Coles,0.03831167158934,8052
2023,17,35,Cumberland,0.0368635826122918,4962
2023,17,183,Vermilion,0.0850851161117389,15004
2023,17,115,Macon,0.0470749688299255,9686
2023,17,49,Effingham,0.0678168006641733,5888
2023,17,67,Hancock,0.0860119637012803,10945
2023,17,95,Knox,0.1395409014838031,10624
2023,17,109,McDonough,0.1045278088938437,8938
2023,17,81,Jefferson,0.0225870364518227,3714
2023,17,113,McLean,0.0563303891764948,21914
2023,17,39,De Witt,0.0495905098794255,7090
2023,17,105,Livingston,0.066986972386724,20367
2023,17,3,Alexander,0.0229052311878134,510
2023,17,93,Kendall,0.1864893154722541,5276
2023,17,31,Cook,0.0544059433802975,218
2023,17,37,DeKalb,0.3495470554070717,13816
2023,17,89,Kane,0.2218508476969776,5527
2023,17,63,Grundy,0.0969328435815895,7398
2023,17,111,McHenry,0.3230359339651764,6896
2023,17,197,Will,0.0710039822560762,7029
2023,17,43,DuPage,0.0761283306144643,197
2023,17,97,Lake,0.1387192332609652,798
2023,17,91,Kankakee,0.2523636289437227,12829
2023,17,11,Bureau,0.328063164638249,18029
2023,17,155,Putnam,0.2065537548792191,2300
2023,17,99,LaSalle,0.1044684418753262,19650
2023,17,131,Mercer,0.2271421108163203,9673
2023,17,161,Rock Island,0.2788840060382347,4869
2023,17,73,Henry,0.2119241431874473,16381
2023,17,103,Lee,0.4134842253217287,16654
2023,17,195,Whiteside,0.5336081570815978,15602
2023,19,149,Plymouth,0.1627064429390963,16071
2023,19,193,Woodbury,0.1825034512947461,14809
2023,19,27,Carroll,0.3170804302902086,12138
2023,19,61,Dubuque,0.6594446707898625,9477
2023,19,101,Jefferson,0.082184495772707,4748
2023,19,187,Webster,0.188710791370327,13348
2023,19,111,Lee,0.1034760537416052,5175
2023,19,127,Marshall,0.2060639923222019,10178
2023,19,195,Worth,0.2361925406687228,7779
2023,19,33,Cerro Gordo,0.3340742648675324,11574
2023,19,51,Davis,0.0607464648099107,3016
2023,19,179,Wapello,0.0527603270201047,3789
2023,19,41,Clay,0.1676715498230576,9875
2023,19,59,Dickinson,0.1434802192307073,6423
2023,19,21,Buena Vista,0.1200586200915408,11199
2023,19,13,Black Hawk,0.3041197660684573,9996
2023,19,75,Grundy,0.2284415107482768,10930
2023,19,17,Bremer,0.3765510748675685,8490
2023,19,85,Harrison,0.2541608003625256,12458
2023,19,129,Mills,0.0790332746492072,6875
2023,19,155,Pottawattamie,0.1654964391815948,16955
2023,19,123,Mahaska,0.1597223355805488,8748
2023,19,125,Marion,0.0681989155429113,5030
2023,19,53,Decatur,0.0318151596285115,2467
2023,19,31,Cedar,0.2213511457046987,10837
2023,19,151,Pocahontas,0.1781364001334264,12366
2023,19,109,Kossuth,0.2381633907565328,20378
2023,19,89,Howard,0.3750696998338225,9340
2023,19,147,Palo Alto,0.2408084672461918,10964
2023,19,159,Ringgold,0.0299135272824775,3314
2023,19,25,Calhoun,0.1976135320869156,11597
2023,19,39,Clarke,0.0377390128927939,2325
2023,19,65,Fayette,0.3517960072112031,13036
2023,19,1,Adair,0.0436396100660139,7477
2023,19,37,Chickasaw,0.3961078201560408,10300
2023,19,81,Hancock,0.2697847409465839,12718
2023,19,157,Poweshiek,0.1184288805802559,9744
2023,19,165,Shelby,0.1726887269355075,12110
2023,19,185,Wayne,0.0371811903483233,4189
2023,19,97,Jackson,0.4422305239102889,7525
2023,19,43,Clayton,0.4632803892486778,9130
2023,19,7,Appanoose,0.0171549043092511,2361
2023,19,177,Van Buren,0.1013987611854578,3224
2023,19,197,Wright,0.1993640018229678,11666
2023,19,137,Montgomery,0.0866985510376353,6878
2023,19,175,Union,0.0644816083507698,3889
2023,19,107,Keokuk,0.1276223767635817,8110
2023,19,131,Mitchell,0.4328783343306397,10626
2023,19,191,Winneshiek,0.495334029430744,10805
2023,19,161,Sac,0.168932204451933,11398
2023,19,55,Delaware,0.5972302348644493,13293
2023,19,67,Floyd,0.3273833324044031,9831
2023,19,9,Audubon,0.115755917207283,7817
2023,19,79,Hamilton,0.3096209888092488,12313
2023,19,69,Franklin,0.3719963039795628,13157
2023,19,141,O'Brien,0.1647484342372904,11737
2023,19,167,Sioux,0.3399871406290276,16803
2023,19,5,Allamakee,0.4821443443424541,4618
2023,19,189,Winnebago,0.2822276977626861,8476
2023,19,93,Ida,0.1960661752731907,8914
2023,19,29,Cass,0.0878694647726008,9329
2023,19,83,Hardin,0.3992090856708418,12393
2023,19,173,Taylor,0.0351840774748589,5785
2023,19,145,Page,0.0622829341166664,7879
2023,19,35,Cherokee,0.1069853697456128,10154
2023,19,71,Fremont,0.0934916815145444,8454
2023,19,95,Iowa,0.2357392857462896,8411
2023,19,23,Butler,0.3473769033129524,11102
2023,19,63,Emmet,0.2145787325777982,7872
2023,19,47,Crawford,0.2476685847351654,13632
2023,19,19,Buchanan,0.4808372234122355,13524
2023,19,143,Osceola,0.1498884490010076,8063
2023,19,73,Greene,0.2084071926978957,11032
2023,19,87,Henry,0.1102407372792018,5249
2023,19,119,Lyon,0.32893581926337,12576
2023,19,3,Adams,0.0492927140433764,5119
2023,19,133,Monona,0.1888363944697271,11708
2023,19,91,Humboldt,0.1654980867457046,8742
2023,19,115,Louisa,0.1214996799728067,5530
2023,19,171,Tama,0.1472485054384149,11572
2023,19,135,Monroe,0.0774525993691776,1907
2023,19,117,Lucas,0.0392782484321707,2167
2023,19,57,Des Moines,0.1056987351475661,5171
2023,19,11,Benton,0.208695639255466,13315
2023,19,113,Linn,0.2907389675286512,10421
2023,19,105,Jones,0.4483091264866487,10284
2023,19,103,Johnson,0.133247248885946,7832
2023,19,183,Washington,0.1651350830230351,7903
2023,19,45,Clinton,0.3384251115173934,13246
2023,19,163,Scott,0.3379366784035371,7405
2023,19,139,Muscatine,0.1527465838789359,6191
2023,19,169,Story,0.2796421804194266,10481
2023,19,15,Boone,0.2670534971961858,10291
2023,19,121,Madison,0.0322160314687219,4377
2023,19,181,Warren,0.0603679625044885,4191
2023,19,49,Dallas,0.1961252291837601,8482
2023,19,153,Polk,0.1723924512214618,5222
2023,19,77,Guthrie,0.1304474068643799,7493
2023,19,99,Jasper,0.1755209411551049,11692
2023,31,43,Dakota,0.1524075128348927,4670
2023,31,51,Dixon,0.159548889917163,8306
2023,31,53,Dodge,0.1922109793766734,10376
2023,31,25,Cass,0.0476362043187179,9471
2023,31,55,Douglas,0.2059574514518083,2185
2023,31,153,Sarpy,0.0830502461522012,2424
2023,31,155,Saunders,0.1513189134126416,13714
2023,31,177,Washington,0.0910249133094513,6075
2023,31,67,Gage,0.0850744055796742,13826
2023,31,109,Lancaster,0.0817941692779682,10892
2023,31,159,Seward,0.2495353608308398,10200
2023,31,139,Pierce,0.3140024077073062,10775
2023,31,119,Madison,0.2805673864580431,10847
2023,31,167,Stanton,0.2474455212089206,7519
2023,31,117,McPherson,0.5846883102852204,293
2023,31,111,Lincoln,0.6942033677535361,14709
2023,31,113,Logan,0.5997008121510297,1640
2023,31,7,Banner,0.3544621649134713,1510
2023,31,157,Scotts Bluff,0.6088972144746857,6269
2023,31,165,Sioux,0.735614356464997,1280
2023,31,39,Cuming,0.264312619566159,11642
2023,31,129,Nuckolls,0.4238269725653139,9630
2023,31,101,Keith,0.6460523809523806,9166
2023,31,137,Phelps,0.5425583773981577,13388
2023,31,181,Webster,0.3530848421357412,6967
2023,31,15,Boyd,0.3553491109336247,2816
2023,31,171,Thomas,0.666276241102802,44
2023,31,89,Holt,0.4804241487245124,12417
2023,31,17,Brown,0.573911520904961,2893
2023,31,103,Keya Paha,0.5959788431336995,1285
2023,31,77,Greeley,0.4481103857352115,5465
2023,31,95,Jefferson,0.1363632372653502,8152
2023,31,151,Saline,0.2083798866157988,10733
2023,31,57,Dundy,0.5935518963556344,6792
2023,31,131,Otoe,0.0660774579111178,10211
2023,31,87,Hitchcock,0.3224610780071478,4807
2023,31,105,Kimball,0.2456960230070715,2401
2023,31,127,Nemaha,0.0691961864559983,7021
2023,31,41,Custer,0.5871636611312181,17188
2023,31,143,Polk,0.3803975479663944,9681
2023,31,45,Dawes,0.3430861647495783,415
2023,31,179,Wayne,0.2195765048229298,8950
2023,31,71,Garfield,0.6564924445607379,917
2023,31,13,Box Butte,0.4085762016615662,7147
2023,31,173,Thurston,0.1762847484904896,7038
2023,31,11,Boone,0.3196306608771297,12131
2023,31,145,Red Willow,0.4172644867594817,6542
2023,31,149,Rock,0.3457810078994858,1915
2023,31,5,Arthur,0.6662856630583385,177
2023,31,85,Hayes,0.6257440097401548,5523
2023,31,97,Johnson,0.1220401093846734,4739
2023,31,3,Antelope,0.4395398845742463,15529
2023,31,163,Sherman,0.5551892388929487,5389
2023,31,161,Sheridan,0.4447891877657708,3225
2023,31,133,Pawnee,0.0524087704572029,4909
2023,31,75,Grant,0.0,1
2023,31,21,Burt,0.1155091796389443,9304
2023,31,9,Blaine,0.4914797531235887,265
2023,31,27,Cedar,0.3062154427741171,13429
2023,31,169,Thayer,0.3821680207551029,11642
2023,31,49,Deuel,0.508561628352086,3970
2023,31,123,Morrill,0.7301948287525404,5380
2023,31,115,Loup,0.5824157186917003,632
2023,31,63,Frontier,0.5336879703775634,8296
2023,31,125,Nance,0.3893047121118683,6529
2023,31,107,Knox,0.3288275621676325,10795
2023,31,135,Perkins,0.6679310716039754,17129
2023,31,37,Colfax,0.2800398428158127,8333
2023,31,23,Butler,0.2605494123276133,11204
2023,31,31,Cherry,0.446247756524076,1226
2023,31,183,Wheeler,0.4600685275863667,2815
2023,31,61,Franklin,0.4252499001847073,7134
2023,31,29,Chase,0.7236286798651912,11004
2023,31,59,Fillmore,0.3832535174919803,13410
2023,31,185,York,0.4792984606079952,15017
2023,31,35,Clay,0.4688755155646753,12642
2023,31,33,Cheyenne,0.335471316335965,4890
2023,31,69,Garden,0.5309417623117865,3356
2023,31,83,Harlan,0.4020360718793861,7926
2023,31,91,Hooker,0.3888888888888889,18
2023,31,147,Richardson,0.0939952895086632,8513
2023,31,65,Furnas,0.4373519486117382,9430
2023,31,175,Valley,0.5491342630431094,5552
2023,31,141,Platte,0.3671906414941353,14377
2023,31,121,Merrick,0.5741125841083264,9507
2023,31,79,Hall,0.7405130537019325,13439
2023,31,81,Hamilton,0.5839687744987379,14536
2023,31,93,Howard,0.5234423623237509,7607
2023,31,1,Adams,0.5123204302895552,13152
2023,31,99,Kearney,0.455855010157429,12028
2023,31,19,Buffalo,0.576908500911912,14994
2023,31,73,Gosper,0.5020473823684327,6288
2023,31,47,Dawson,0.6209334593272872,14170
2023,37,37,Chatham,0.3348839668023471,228
2023,37,115,Madison,0.9090909090909092,11
2023,37,87,Haywood,0.9239130434782608,92
2023,37,21,Buncombe,0.837527820578668,70
2023,37,89,Henderson,0.6833900439194761,266
2023,37,175,Transylvania,0.8951857370395109,153
2023,37,167,Stanly,0.1756666424748947,1056
2023,37,109,Lincoln,0.1597832334346005,194
2023,37,159,Rowan,0.1120128569712019,796
2023,37,25,Cabarrus,0.2883592418530186,319
2023,37,97,Iredell,0.2813053606297844,1094
2023,37,71,Gaston,0.1150906123851241,49
2023,37,179,Union,0.0419140457636564,2461
2023,37,119,Mecklenburg,0.3480529907667603,50
2023,37,45,Cleveland,0.0803645335240651,496
2023,37,5,Alleghany,0.4867708425819053,91
2023,37,173,Swain,1.0,1
2023,37,11,Avery,,0
2023,37,33,Caswell,0.1218679593090735,59
2023,37,75,Graham,,0
2023,37,7,Anson,0.1729923969425355,813
2023,37,149,Polk,0.3350717079530639,4
2023,37,39,Cherokee,0.6717863894139887,90
2023,37,113,Macon,0.5263157894736842,38
2023,37,9,Ashe,0.391705069124424,3
2023,37,123,Montgomery,0.2349004936747918,213
2023,37,43,Clay,0.3099964340900987,38
2023,37,121,Mitchell,0.5,2
2023,37,199,Yancey,1.0,3
2023,37,189,Watauga,0.4086538461538461,3
2023,37,99,Jackson,0.6,5
2023,37,161,Rutherford,0.266110096530133,47
2023,37,193,Wilkes,0.7653725981303681,629
2023,37,125,Moore,0.2168262096182384,244
2023,37,153,Richmond,0.2786313657407407,285
2023,37,93,Hoke,0.1088475963177633,834
2023,37,165,Scotland,0.2189200549219604,718
2023,37,155,Robeson,0.2200318573714419,5460
2023,37,1,Alamance,0.282571775171856,247
2023,37,151,Randolph,0.2073890818815781,461
2023,37,81,Guilford,0.3285493752713589,332
2023,37,157,Rockingham,0.3777470562997568,171
2023,37,171,Surry,0.2143805691405921,997
2023,37,57,Davidson,0.1661330022435688,378
2023,37,169,Stokes,0.3384735506539137,102
2023,37,67,Forsyth,0.257991156032849,147
2023,37,197,Yadkin,0.2065184916249711,1072
2023,37,59,Davie,0.1985784203239205,510
2023,37,27,Caldwell,0.5153626860943934,100
2023,37,3,Alexander,0.3045508123974391,170
2023,37,35,Catawba,0.1578292793762407,329
2023,37,23,Burke,0.2749244712990936,90
2023,37,111,McDowell,0.5858708891595615,29
2023,37,29,Camden,0.0088667693158922,1408
2023,37,139,Pasquotank,0.0218124273810117,1659
2023,37,143,Perquimans,0.0290004442470013,1122
2023,37,177,Tyrrell,0.0424893435635123,1854
2023,37,55,Dare,0.0238095238095238,168
2023,37,73,Gates,0.0760868155105535,306
2023,37,53,Currituck,0.0332717372073364,806
2023,37,19,Brunswick,0.0956656676073258,628
2023,37,31,Carteret,0.009451700295176,1164
2023,37,137,Pamlico,0.1980246478528568,1204
2023,37,49,Craven,0.1406215889841632,1439
2023,37,103,Jones,0.220997254360845,1418
2023,37,85,Harnett,0.0920245398773006,636
2023,37,63,Durham,0.0,59
2023,37,145,Person,0.1189491762610521,186
2023,37,135,Orange,0.3446958293773012,174
2023,37,181,Vance,0.0,22
2023,37,77,Granville,0.2093841642228738,136
2023,37,69,Franklin,0.1694222267651342,155
2023,37,101,Johnston,0.054072839295286,677
2023,37,183,Wake,0.1666666666666666,84
2023,37,105,Lee,0.362579121112087,135
2023,37,131,Northampton,0.0557876357992757,1222
2023,37,83,Halifax,0.0990583425488422,587
2023,37,127,Nash,0.0404737195531408,324
2023,37,65,Edgecombe,0.0910223642172524,746
2023,37,195,Wilson,0.0182297665477826,499
2023,37,163,Sampson,0.2051534229813952,3256
2023,37,185,Warren,0.0673076923076923,104
2023,37,187,Washington,0.027034974515055,2383
2023,37,61,Duplin,0.2280318059386138,4916
2023,37,91,Hertford,0.0484228570255483,777
2023,37,17,Bladen,0.3682162773972197,2346
2023,37,95,Hyde,0.1176509612760523,2617
2023,37,15,Bertie,0.0750447247972863,1021
2023,37,79,Greene,0.1677382761984708,888
2023,37,41,Chowan,0.0229861744921069,360
2023,37,117,Martin,0.0717593709296155,494
2023,37,47,Columbus,0.1030381581813183,3333
2023,37,191,Wayne,0.1916176161073444,1698
2023,37,133,Onslow,0.1077540096550704,1020
2023,37,107,Lenoir,0.2395626780864146,1922
2023,37,129,New Hanover,0.2921348314606741,89
2023,37,141,Pender,0.1795022224277349,1365
2023,37,51,Cumberland,0.1730368640323191,749
2023,37,147,Pitt,0.0862011168382418,1376
2023,37,13,Beaufort,0.0350968619276394,3361
2024,17,121,Marion,0.1715812232059568,4715
2024,17,005,Bond,0.13754570462855384,4387
2024,17,083,Jersey,0.20648950282930972,4020
2024,17,163,St. Clair,0.1654246752131637,6116
2024,17,027,Clinton,0.2509541086462598,6260
2024,17,013,Calhoun,0.276764766545492,1225
2024,17,119,Madison,0.21730203541744814,7232
2024,17,133,Monroe,0.2032123339405519,3578
2024,17,117,Macoupin,0.165435340090365,11567
2024,17,171,Scott,0.1595157224416228,3734
2024,17,137,Morgan,0.153973004447239,8763
2024,17,107,Logan,0.21586332946645395,11910
2024,17,129,Menard,0.18884598181843004,4962
2024,17,167,Sangamon,0.18444771404060134,13294
2024,17,021,Christian,0.17740541928385942,12148
2024,17,127,Massac,0.10010165429921519,1348
2024,17,057,Fulton,0.14738557707450267,9474
2024,17,175,Stark,0.287090816626964,5979
2024,17,203,Woodford,0.15966093746642868,8509
2024,17,179,Tazewell,0.2330460586062964,9855
2024,17,123,Marshall,0.2193995537640373,6472
2024,17,143,Peoria,0.23058564706404733,7507
2024,17,001,Adams,0.19587111151068445,10499
2024,17,177,Stephenson,0.4815941940535797,11530
2024,17,141,Ogle,0.4876769948850607,15489
2024,17,201,Winnebago,0.39632724061200714,6226
2024,17,007,Boone,0.3410952848102598,4732
2024,17,025,Clay,0.14120828797416238,3965
2024,17,185,Wabash,0.16464940853763063,3360
2024,17,009,Brown,0.16279775033083377,2453
2024,17,151,Pope,0.08744436100863014,371
2024,17,033,Crawford,0.10720410083837525,5165
2024,17,135,Montgomery,0.18242227098445687,11083
2024,17,055,Franklin,0.08231928153757058,2212
2024,17,023,Clark,0.1130918260523221,5906
2024,17,059,Gallatin,0.251950248626921,3652
2024,17,075,Iroquois,0.21514170648958128,21327
2024,17,041,Douglas,0.14642620329608058,7611
2024,17,189,Washington,0.1460342069412985,6731
2024,17,159,Richland,0.13341348163866734,4297
2024,17,065,Hamilton,0.12996659154781207,4236
2024,17,193,White,0.11356911838766025,5606
2024,17,169,Schuyler,0.16233264074101977,4143
2024,17,181,Union,0.11908963003967156,690
2024,17,085,Jo Daviess,0.40029809146762796,6806
2024,17,125,Mason,0.34411985046890603,8428
2024,17,191,Wayne,0.12029689055883007,7575
2024,17,069,Hardin,0.012921860747947704,84
2024,17,061,Greene,0.1602472782752575,7399
2024,17,157,Randolph,0.12318838598055276,4362
2024,17,149,Pike,0.2603897730337945,10629
2024,17,145,Perry,0.10016671126021365,2903
2024,17,087,Johnson,0.06380490862625969,332
2024,17,173,Shelby,0.1509881200554599,11731
2024,17,051,Fayette,0.1520319495355393,7884
2024,17,139,Moultrie,0.1427062572963355,5862
2024,17,017,Cass,0.3231759704462446,5710
2024,17,015,Carroll,0.5980289673973266,8919
2024,17,047,Edwards,0.14823889104089424,2903
2024,17,079,Jasper,0.15385750175457985,6331
2024,17,187,Warren,0.22840090312441552,9904
2024,17,153,Pulaski,0.08112500760492625,918
2024,17,165,Saline,0.12353660644770516,3052
2024,17,101,Lawrence,0.17075783976559178,4678
2024,17,045,Edgar,0.12463389029228292,10392
2024,17,071,Henderson,0.3656616285244333,6138
2024,17,199,Williamson,0.04602699283002952,951
2024,17,077,Jackson,0.07380725962910904,2186
2024,17,147,Piatt,0.15803699560329393,8373
2024,17,053,Ford,0.16612171503182577,9515
2024,17,019,Champaign,0.15285759969856627,17995
2024,17,029,Coles,0.12504725965345295,7834
2024,17,035,Cumberland,0.15671867443448415,4448
2024,17,183,Vermilion,0.17789707813003058,15072
2024,17,115,Macon,0.13984887277560074,9748
2024,17,049,Effingham,0.16840651173005988,5958
2024,17,067,Hancock,0.1525860250871877,11294
2024,17,095,Knox,0.1959582937878004,10621
2024,17,109,McDonough,0.16195221420985634,9252
2024,17,081,Jefferson,0.0797282097396951,2686
2024,17,113,McLean,0.15050259010826728,21216
2024,17,039,De Witt,0.14315543897864882,6819
2024,17,105,Livingston,0.1631185333848395,19941
2024,17,003,Alexander,0.05261839586352495,449
2024,17,093,Kendall,0.24987822338996538,4871
2024,17,031,Cook,0.12810332533869193,246
2024,17,037,DeKalb,0.39830239685939395,12886
2024,17,089,Kane,0.31380824179003586,5233
2024,17,063,Grundy,0.1865992113534339,6411
2024,17,111,McHenry,0.36186736367190864,6127
2024,17,197,Will,0.1325990801676799,6646
2024,17,043,DuPage,0.18830947511929108,142
2024,17,097,Lake,0.15747318307371003,533
2024,17,091,Kankakee,0.3030447884134462,12313
2024,17,011,Bureau,0.38583132837666584,17237
2024,17,155,Putnam,0.28766252720949426,2401
2024,17,099,LaSalle,0.1849222378036905,19092
2024,17,131,Mercer,0.2790547421136952,9653
2024,17,161,Rock Island,0.30201965818138865,4844
2024,17,073,Henry,0.290304638687596,15176
2024,17,103,Lee,0.46689476186472495,15686
2024,17,195,Whiteside,0.5551185539950595,15162
2024,19,149,Plymouth,0.23749026016749755,16064
2024,19,193,Woodbury,0.26894818737030973,14532
2024,19,027,Carroll,0.34937281391250574,12005
2024,19,061,Dubuque,0.5875602395901417,10419
2024,19,101,Jefferson,0.14804603341841155,4790
2024,19,187,Webster,0.2584966804368376,13430
2024,19,111,Lee,0.15820165597697247,4991
2024,19,127,Marshall,0.2536925802818866,10469
2024,19,195,Worth,0.24934339424945406,7430
2024,19,033,Cerro Gordo,0.36910515301650887,11093
2024,19,051,Davis,0.1024112612053096,2837
2024,19,179,Wapello,0.14080155339644002,3815
2024,19,041,Clay,0.21866212269702986,9669
2024,19,059,Dickinson,0.18198022555895157,6106
2024,19,021,Buena Vista,0.20207325016576072,10865
2024,19,013,Black Hawk,0.36557092010066505,9659
2024,19,075,Grundy,0.2963995590988706,10534
2024,19,017,Bremer,0.4174755747998772,8069
2024,19,085,Harrison,0.3043137509898181,12669
2024,19,129,Mills,0.13904143453858647,6890
2024,19,155,Pottawattamie,0.24370673044382904,16706
2024,19,123,Mahaska,0.22755312523424331,8564
2024,19,125,Marion,0.11550137867827827,5057
2024,19,053,Decatur,0.09124529594905152,2026
2024,19,031,Cedar,0.27505206890926504,10442
2024,19,151,Pocahontas,0.24913760568007035,12002
2024,19,109,Kossuth,0.30166918543750626,19796
2024,19,089,Howard,0.380801074638322,9287
2024,19,147,Palo Alto,0.27871921375780956,11097
2024,19,159,Ringgold,0.06556299629113028,3602
2024,19,025,Calhoun,0.2431544355585746,11862
2024,19,039,Clarke,0.08971544079652037,2010
2024,19,065,Fayette,0.3922479096246759,13095
2024,19,001,Adair,0.09571909115493919,7522
2024,19,037,Chickasaw,0.41288250942408156,10218
2024,19,081,Hancock,0.3771291623916961,12222
2024,19,157,Poweshiek,0.1842336422840868,9681
2024,19,165,Shelby,0.26305828286331767,11905
2024,19,185,Wayne,0.06704600114486009,3813
2024,19,097,Jackson,0.3945649793444501,8481
2024,19,043,Clayton,0.43276387084317175,9834
2024,19,007,Appanoose,0.06732869031458419,2161
2024,19,177,Van Buren,0.10824709037954573,3449
2024,19,197,Wright,0.2445216515949447,11742
2024,19,137,Montgomery,0.167793614376293,6622
2024,19,175,Union,0.11027818479924613,3671
2024,19,107,Keokuk,0.19316149851745482,8060
2024,19,131,Mitchell,0.4736590038314165,10397
2024,19,191,Winneshiek,0.4819503086374796,11445
2024,19,161,Sac,0.24110007275817152,11339
2024,19,055,Delaware,0.6261397234687127,13047
2024,19,067,Floyd,0.36916703874986523,9814
2024,19,009,Audubon,0.17921414329494526,8083
2024,19,079,Hamilton,0.34317773579496647,12306
2024,19,069,Franklin,0.4148140518951972,13125
2024,19,141,O'Brien,0.24261226039739547,11227
2024,19,167,Sioux,0.38514096395135344,16765
2024,19,005,Allamakee,0.3479057497733659,6411
2024,19,189,Winnebago,0.32174764626173363,7899
2024,19,093,Ida,0.26298933303892097,8462
2024,19,029,Cass,0.1604530877703671,9118
2024,19,083,Hardin,0.4464367816091951,12179
2024,19,173,Taylor,0.08539932315688767,5561
2024,19,145,Page,0.12432076593926314,8207
2024,19,035,Cherokee,0.1810980386013283,10111
2024,19,071,Fremont,0.17524300409831778,8368
2024,19,095,Iowa,0.2487826463919201,8800
2024,19,023,Butler,0.3566746680454722,10683
2024,19,063,Emmet,0.29270733052818326,7348
2024,19,047,Crawford,0.295682474008327,14264
2024,19,019,Buchanan,0.5499960294632014,13087
2024,19,143,Osceola,0.22934573768834043,7858
2024,19,073,Greene,0.23815612776465878,10561
2024,19,087,Henry,0.166937854999985,5315
2024,19,119,Lyon,0.3778641655957891,12168
2024,19,003,Adams,0.11954948355247437,4741
2024,19,133,Monona,0.2420977980661837,11877
2024,19,091,Humboldt,0.22430629906347,8217
2024,19,115,Louisa,0.18244824286708425,5496
2024,19,171,Tama,0.20928767746978988,11884
2024,19,135,Monroe,0.14244664646785282,1689
2024,19,117,Lucas,0.0635090471122066,2138
2024,19,057,Des Moines,0.19538427782426232,4833
2024,19,011,Benton,0.2663868810360815,12979
2024,19,113,Linn,0.3310285306773138,9944
2024,19,105,Jones,0.4499225810769286,10432
2024,19,103,Johnson,0.21523511445504243,7838
2024,19,183,Washington,0.21561508272382518,8143
2024,19,045,Clinton,0.375930750999784,12983
2024,19,163,Scott,0.37977165594631346,7426
2024,19,139,Muscatine,0.20230328426312397,6236
2024,19,169,Story,0.3008116504942199,10536
2024,19,015,Boone,0.3162448737864891,10408
2024,19,121,Madison,0.07610503889573661,4855
2024,19,181,Warren,0.09721276800307664,4108
2024,19,049,Dallas,0.21704866361756642,8763
2024,19,153,Polk,0.2286327977918639,5133
2024,19,077,Guthrie,0.18367298303044516,7827
2024,19,099,Jasper,0.20581055978551033,11756
2024,31,043,Dakota,0.20151296683282016,4282
2024,31,051,Dixon,0.20801900621015412,7673
2024,31,053,Dodge,0.2867165055440515,9872
2024,31,025,Cass,0.13703214591566218,8678
2024,31,055,Douglas,0.2596960655352006,1852
2024,31,153,Sarpy,0.16548929186934963,2003
2024,31,155,Saunders,0.2558009661728133,12742
2024,31,177,Washington,0.1740320601754197,5728
2024,31,067,Gage,0.17817901065848185,12881
2024,31,109,Lancaster,0.16108317101294428,9739
2024,31,159,Seward,0.33140274990158136,9832
2024,31,139,Pierce,0.35227780509652135,9718
2024,31,119,Madison,0.31466421787696724,9559
2024,31,167,Stanton,0.3092367755690296,6849
2024,31,117,McPherson,0.4980325768667642,176
2024,31,111,Lincoln,0.6392058849109888,13858
2024,31,113,Logan,0.5612747530444345,1654
2024,31,007,Banner,0.2680909564619666,1427
2024,31,157,Scotts Bluff,0.5794237860245655,5285
2024,31,165,Sioux,0.6377596540395295,1138
2024,31,039,Cuming,0.3079199470850021,10895
2024,31,129,Nuckolls,0.4723924161428233,9324
2024,31,101,Keith,0.6346864993021863,9313
2024,31,137,Phelps,0.5964607656296546,12643
2024,31,181,Webster,0.38909269296437554,6821
2024,31,015,Boyd,0.32843041201155626,2524
2024,31,171,Thomas,0.4866553094832481,49
2024,31,089,Holt,0.4426119552498394,12195
2024,31,017,Brown,0.5778848981338784,2552
2024,31,103,Keya Paha,0.5090327620002063,1342
2024,31,077,Greeley,0.46039307956886,5503
2024,31,095,Jefferson,0.214921313386439,7459
2024,31,151,Saline,0.3099792023935492,9784
2024,31,057,Dundy,0.5672042947595943,6736
2024,31,131,Otoe,0.1524151618882628,9942
2024,31,087,Hitchcock,0.3262873632057494,5459
2024,31,105,Kimball,0.20532899796536244,2030
2024,31,127,Nemaha,0.18611575911738742,6342
2024,31,041,Custer,0.5941887206483646,16045
2024,31,143,Polk,0.47968507542309424,9279
2024,31,045,Dawes,0.25212600712952715,352
2024,31,179,Wayne,0.25984431363383503,8772
2024,31,071,Garfield,0.689970730242914,792
2024,31,013,Box Butte,0.391325935255247,5939
2024,31,173,Thurston,0.23083200387317676,6818
2024,31,011,Boone,0.37773434140307904,11612
2024,31,145,Red Willow,0.3733467038101946,7069
2024,31,149,Rock,0.44643509963914535,1583
2024,31,005,Arthur,0.5660377358490566,106
2024,31,085,Hayes,0.5401936625280384,5529
2024,31,097,Johnson,0.18048505358149997,4569
2024,31,003,Antelope,0.4637197946916811,14244
2024,31,163,Sherman,0.5119651602801438,5062
2024,31,161,Sheridan,0.41692684770353317,2508
2024,31,133,Pawnee,0.11638382646826785,4794
2024,31,075,Grant,0.0,1
2024,31,021,Burt,0.18142827431687303,8733
2024,31,009,Blaine,0.5972833510396114,263
2024,31,027,Cedar,0.3337577823918832,12648
2024,31,169,Thayer,0.4552664296448599,11009
2024,31,049,Deuel,0.41821871496114,4663
2024,31,123,Morrill,0.6376127957368841,4933
2024,31,115,Loup,0.5769006752043949,551
2024,31,063,Frontier,0.5016023507970796,8111
2024,31,125,Nance,0.4413609226237441,6023
2024,31,107,Knox,0.37877608327400925,9618
2024,31,135,Perkins,0.5984698674917328,18865
2024,31,037,Colfax,0.35482961468418783,7580
2024,31,023,Butler,0.34307655546803717,10609
2024,31,031,Cherry,0.42353864885470116,1034
2024,31,183,Wheeler,0.4497665580423547,2318
2024,31,061,Franklin,0.436041091343132,6744
2024,31,029,Chase,0.6631187214383314,11073
2024,31,059,Fillmore,0.438252245737035,12821
2024,31,185,York,0.6015235445700572,14965
2024,31,035,Clay,0.5231749343201463,12466
2024,31,033,Cheyenne,0.23776555400496793,5538
2024,31,069,Garden,0.4587198364199113,3386
2024,31,083,Harlan,0.4384603604063509,8230
2024,31,091,Hooker,0.0,8
2024,31,147,Richardson,0.16799492693764656,7813
2024,31,065,Furnas,0.45371472193869244,9289
2024,31,175,Valley,0.5502150041842254,5057
2024,31,141,Platte,0.4158676920892092,13560
2024,31,121,Merrick,0.5942922708031345,9183
2024,31,079,Hall,0.7853308436279183,12484
2024,31,081,Hamilton,0.6506158966845591,13918
2024,31,093,Howard,0.5317719089243534,6803
2024,31,001,Adams,0.5525164790330594,12431
2024,31,099,Kearney,0.5308319140923131,11877
2024,31,019,Buffalo,0.6074649695064833,14120
2024,31,073,Gosper,0.5361438660296718,6580
2024,31,047,Dawson,0.6326475135396068,13787
2024,37,037,Chatham,0.26761436817249434,83
2024,37,115,Madison,0.0,1
2024,37,087,Haywood,0.43478260869565216,23
2024,37,021,Buncombe,0.2,10
2024,37,089,Henderson,0.5925925925925926,108
2024,37,175,Transylvania,0.7717391304347826,92
2024,37,167,Stanly,0.13900502406633167,690
2024,37,109,Lincoln,0.07766812865497076,129
2024,37,159,Rowan,0.0774408581780293,675
2024,37,025,Cabarrus,0.18961255737810168,258
2024,37,097,Iredell,0.21033915047744486,783
2024,37,071,Gaston,0.13050153531218014,16
2024,37,179,Union,0.045019502115951966,1788
2024,37,119,Mecklenburg,0.20833333333333334,48
2024,37,045,Cleveland,0.10459535182803599,344
2024,37,005,Alleghany,0.3915137134482518,57
2024,37,173,Swain,,0
2024,37,011,Avery,0.0,1
2024,37,033,Caswell,0.0,7
2024,37,075,Graham,,0
2024,37,007,Anson,0.14445363509969902,686
2024,37,149,Polk,0.0013054830287206266,7
2024,37,039,Cherokee,0.36732174091984776,39
2024,37,113,Macon,0.4666666666666667,15
2024,37,009,Ashe,0.0,1
2024,37,123,Montgomery,0.2012009700142423,103
2024,37,043,Clay,0.0,4
2024,37,121,Mitchell,1.0,1
2024,37,199,Yancey,,0
2024,37,189,Watauga,0.0,2
2024,37,099,Jackson,1.0,1
2024,37,161,Rutherford,0.1727318463860473,25
2024,37,193,Wilkes,0.5298168344519016,229
2024,37,125,Moore,0.13821138211382114,123
2024,37,153,Richmond,0.2898256570387719,231
2024,37,093,Hoke,0.14351224596143825,571
2024,37,165,Scotland,0.21279772788220092,664
2024,37,155,Robeson,0.2268782373942819,4317
2024,37,001,Alamance,0.16616586538461536,124
2024,37,151,Randolph,0.13335198112519153,324
2024,37,081,Guilford,0.2904705534181711,164
2024,37,157,Rockingham,0.3739038933707471,48
2024,37,171,Surry,0.16068858758644294,508
2024,37,057,Davidson,0.09025541961794376,348
2024,37,169,Stokes,0.35714285714285715,14
2024,37,067,Forsyth,0.41305837998400563,79
2024,37,197,Yadkin,0.19434562107334794,421
2024,37,059,Davie,0.18398494310890584,475
2024,37,027,Caldwell,0.2857142857142857,21
2024,37,003,Alexander,0.1774193548387097,62
2024,37,035,Catawba,0.1681044225118662,211
2024,37,023,Burke,0.1108695652173913,19
2024,37,111,McDowell,0.125,8
2024,37,029,Camden,0.08646665661591035,1185
2024,37,139,Pasquotank,0.1279565968790703,1558
2024,37,143,Perquimans,0.1253673769287289,1126
2024,37,177,Tyrrell,0.08183154901508065,1625
2024,37,055,Dare,0.15384615384615385,52
2024,37,073,Gates,0.06836461126005362,238
2024,37,053,Currituck,0.07368456591097082,706
2024,37,019,Brunswick,0.10422059344432033,433
2024,37,031,Carteret,0.017045454545454544,1056
2024,37,137,Pamlico,0.26611418047882135,1086
2024,37,049,Craven,0.1800981862222094,1100
2024,37,103,Jones,0.3081178570771298,1092
2024,37,085,Harnett,0.09703038361690773,440
2024,37,063,Durham,0.0,7
2024,37,145,Person,0.0510800253730845,120
2024,37,135,Orange,0.2449205762837089,109
2024,37,181,Vance,0.0,5
2024,37,077,Granville,0.16734723640075835,54
2024,37,069,Franklin,0.03706826375159902,136
2024,37,101,Johnston,0.07130004986017473,554
2024,37,183,Wake,0.12046160075583749,59
2024,37,105,Lee,0.18311580116634268,73
2024,37,131,Northampton,0.0704946399500343,772
2024,37,083,Halifax,0.08315597967870383,458
2024,37,127,Nash,0.060207775853927274,251
2024,37,065,Edgecombe,0.0644440171145618,496
2024,37,195,Wilson,0.0437568168740714,469
2024,37,163,Sampson,0.21489452208025453,2784
2024,37,185,Warren,0.14285714285714285,42
2024,37,187,Washington,0.08190974518203337,2066
2024,37,061,Duplin,0.2844416766218459,3984
2024,37,091,Hertford,0.10637185519554215,626
2024,37,017,Bladen,0.35745230727377836,1740
2024,37,095,Hyde,0.1744087716920516,2063
2024,37,015,Bertie,0.10395142981046403,623
2024,37,079,Greene,0.1520713324063652,906
2024,37,041,Chowan,0.09079314467915504,303
2024,37,117,Martin,0.069730939851798,480
2024,37,047,Columbus,0.13352195834303732,2515
2024,37,191,Wayne,0.1878541721794788,1608
2024,37,133,Onslow,0.17836925216009533,758
2024,37,107,Lenoir,0.2493628403441923,1896
2024,37,129,New Hanover,0.5503597122302158,22
2024,37,141,Pender,0.18988013693187417,1241
2024,37,051,Cumberland,0.1053307803134726,635
2024,37,147,Pitt,0.0627253634173086,1143
2024,37,013,Beaufort,0.11211600138849986,2941
2025,17,121,Marion,0.12200859686213099,5553
2025,17,005,Bond,0.11749819756513316,5235
2025,17,083,Jersey,0.16535456407206567,4044
2025,17,163,St. Clair,0.12601720697595686,6620
2025,17,027,Clinton,0.1905034520977861,6724
2025,17,013,Calhoun,0.23522183558068727,1458
2025,17,119,Madison,0.1911293229471706,7720
2025,17,133,Monroe,0.1668491632346139,3554
2025,17,117,Macoupin,0.1445349090821987,12571
2025,17,171,Scott,0.12007325804034737,3583
2025,17,137,Morgan,0.11449657163160709,9022
2025,17,107,Logan,0.16086836252880315,11980
2025,17,129,Menard,0.14343741430089654,5282
2025,17,167,Sangamon,0.1794342913475392,14685
2025,17,021,Christian,0.11864309097783683,13636
2025,17,127,Massac,0.126217371752277,1190
2025,17,057,Fulton,0.1452181445491735,9666
2025,17,175,Stark,0.2507217590442399,5978
2025,17,203,Woodford,0.11840269297085278,8202
2025,17,179,Tazewell,0.19866165082310214,10020
2025,17,123,Marshall,0.18433430554374075,6687
2025,17,143,Peoria,0.21911398499666068,7646
2025,17,001,Adams,0.1605611455705445,10982
2025,17,177,Stephenson,0.47446819158448206,11895
2025,17,141,Ogle,0.4724332097942284,15855
2025,17,201,Winnebago,0.37875621031775825,6390
2025,17,007,Boone,0.3228729645034126,5295
2025,17,025,Clay,0.09033215690228899,4919
2025,17,185,Wabash,0.12591018232111417,3556
2025,17,009,Brown,0.10644000764150266,2722
2025,17,151,Pope,0.04173175630439634,269
2025,17,033,Crawford,0.06222185769442248,5219
2025,17,135,Montgomery,0.15617869388388975,11185
2025,17,055,Franklin,0.06697505356882422,2137
2025,17,023,Clark,0.09398849033076373,6485
2025,17,059,Gallatin,0.24166016270780283,3805
2025,17,075,Iroquois,0.1634332035596921,21820
2025,17,041,Douglas,0.10269766053136574,8044
2025,17,189,Washington,0.1316512023474595,7357
2025,17,159,Richland,0.0805232830217334,4505
2025,17,065,Hamilton,0.09829963294898894,4293
2025,17,193,White,0.06759497846290932,5543
2025,17,169,Schuyler,0.10178063865069593,4312
2025,17,181,Union,0.11794305966531253,712
2025,17,085,Jo Daviess,0.46871938835117244,7080
2025,17,125,Mason,0.2937472203491956,8859
2025,17,191,Wayne,0.13664070919688603,7379
2025,17,069,Hardin,0.13304448426831206,175
2025,17,061,Greene,0.15230788789437208,7886
2025,17,157,Randolph,0.09482490879879663,4723
2025,17,149,Pike,0.27181336777616216,11357
2025,17,145,Perry,0.06980311582486473,3404
2025,17,087,Johnson,0.0528306304197095,448
2025,17,173,Shelby,0.11492247823944582,11650
2025,17,051,Fayette,0.09906792028087665,8397
2025,17,139,Moultrie,0.10998825817892656,6109
2025,17,017,Cass,0.27237677209463484,5353
2025,17,015,Carroll,0.6059278055290234,9113
2025,17,047,Edwards,0.0927094004394848,2561
2025,17,079,Jasper,0.09434729321018004,6639
2025,17,187,Warren,0.19634306762382564,10405
2025,17,153,Pulaski,0.023681919318951344,1026
2025,17,165,Saline,0.11657881176823941,2879
2025,17,101,Lawrence,0.1233088099968382,5041
2025,17,045,Edgar,0.08694867525069455,11324
2025,17,071,Henderson,0.34224358970533925,6654
2025,17,199,Williamson,0.02848110486291192,816
2025,17,077,Jackson,0.06517939037845455,2387
2025,17,147,Piatt,0.11783971201246994,8779
2025,17,053,Ford,0.10848639932844233,9597
2025,17,019,Champaign,0.10484692566840557,18441
2025,17,029,Coles,0.07505506645381757,8205
2025,17,035,Cumberland,0.1098882273410535,4775
2025,17,183,Vermilion,0.13819213250473864,15064
2025,17,115,Macon,0.10874967139569781,9736
2025,17,049,Effingham,0.12276872145591812,6218
2025,17,067,Hancock,0.11936272258104025,11484
2025,17,095,Knox,0.16282089460730645,10880
2025,17,109,McDonough,0.14008720837709657,9328
2025,17,081,Jefferson,0.05691377219951364,3404
2025,17,113,McLean,0.1003549883525147,21700
2025,17,039,De Witt,0.08016991780288533,7073
2025,17,105,Livingston,0.09859968839395175,19875
2025,17,003,Alexander,0.06591543438447205,503
2025,17,093,Kendall,0.21756693581344674,5157
2025,17,031,Cook,0.17629932013627284,267
2025,17,037,DeKalb,0.363956802807478,13346
2025,17,089,Kane,0.31594042981491494,5333
2025,17,063,Grundy,0.11915728648251442,7147
2025,17,111,McHenry,0.3278087831412357,6713
2025,17,197,Will,0.11233711060565803,6804
2025,17,043,DuPage,0.029974433571365602,134
2025,17,097,Lake,0.13592680187756495,762
2025,17,091,Kankakee,0.28216204174735743,12705
2025,17,011,Bureau,0.35244685269500137,17737
2025,17,155,Putnam,0.30930183534275824,2360
2025,17,099,LaSalle,0.14408115675722086,19508
2025,17,131,Mercer,0.26945153518235715,9958
2025,17,161,Rock Island,0.3015215053679537,5111
2025,17,073,Henry,0.23124017551906725,15854
2025,17,103,Lee,0.44095762640875474,16907
2025,17,195,Whiteside,0.553541238459984,15284
2025,19,149,Plymouth,0.22199204515706134,16579
2025,19,193,Woodbury,0.2659042238863039,15027
2025,19,027,Carroll,0.3388733454367081,12502
2025,19,061,Dubuque,0.6422038895326526,10757
2025,19,101,Jefferson,0.14745169900490232,5295
2025,19,187,Webster,0.2561045415670961,13526
2025,19,111,Lee,0.10900419070586281,5082
2025,19,127,Marshall,0.24966037603257327,10410
2025,19,195,Worth,0.2248160153798105,7868
2025,19,033,Cerro Gordo,0.3672153195698222,11720
2025,19,051,Davis,0.09567427847956836,3616
2025,19,179,Wapello,0.14510398285797999,4161
2025,19,041,Clay,0.21128470746731903,10077
2025,19,059,Dickinson,0.160624552224089,6385
2025,19,021,Buena Vista,0.16510634664541576,11138
2025,19,013,Black Hawk,0.3361550417688146,10006
2025,19,075,Grundy,0.2628134675628364,10692
2025,19,017,Bremer,0.3860934818772904,8647
2025,19,085,Harrison,0.3135144672380474,13004
2025,19,129,Mills,0.1335376997649417,7132
2025,19,155,Pottawattamie,0.22440250269272097,17065
2025,19,123,Mahaska,0.20609246108833543,9166
2025,19,125,Marion,0.10822653017559615,5287
2025,19,053,Decatur,0.05450106038620384,2866
2025,19,031,Cedar,0.24520448415246449,10998
2025,19,151,Pocahontas,0.21704667013942705,12217
2025,19,109,Kossuth,0.2732950927123557,20422
2025,19,089,Howard,0.387738424830326,9731
2025,19,147,Palo Alto,0.2611906391994975,10818
2025,19,159,Ringgold,0.05344210455840016,3844
2025,19,025,Calhoun,0.22611631580780595,11628
2025,19,039,Clarke,0.07441480342624358,2536
2025,19,065,Fayette,0.4087765945456102,14065
2025,19,001,Adair,0.07566497277769686,7759
2025,19,037,Chickasaw,0.42665772708130156,10882
2025,19,081,Hancock,0.35626838626399143,12805
2025,19,157,Poweshiek,0.18178508208123714,10321
2025,19,165,Shelby,0.2270482195308571,12176
2025,19,185,Wayne,0.039429860502385235,4562
2025,19,097,Jackson,0.4542458548516723,8544
2025,19,043,Clayton,0.49265898401429553,10451
2025,19,007,Appanoose,0.05089166966706592,2708
2025,19,177,Van Buren,0.09013171360450516,3600
2025,19,197,Wright,0.25176508344030774,12120
2025,19,137,Montgomery,0.13123172430171393,6810
2025,19,175,Union,0.08564220001586167,3990
2025,19,107,Keokuk,0.16601393215176288,8666
2025,19,131,Mitchell,0.4510334517496792,10675
2025,19,191,Winneshiek,0.531618737689254,12297
2025,19,161,Sac,0.22710516881997048,11582
2025,19,055,Delaware,0.6263199950535775,13387
2025,19,067,Floyd,0.3722770071617912,10239
2025,19,009,Audubon,0.1779122686633434,7892
2025,19,079,Hamilton,0.3503244311468966,12667
2025,19,069,Franklin,0.4277819983532522,13714
2025,19,141,O'Brien,0.2060903283131429,11760
2025,19,167,Sioux,0.38384879835290664,17226
2025,19,005,Allamakee,0.5136337445425198,6810
2025,19,189,Winnebago,0.28923813553596095,8299
2025,19,093,Ida,0.24948196387615773,8996
2025,19,029,Cass,0.139757874988632,9653
2025,19,083,Hardin,0.4318855288028251,12553
2025,19,173,Taylor,0.06195854129946214,6140
2025,19,145,Page,0.1031860574192449,8327
2025,19,035,Cherokee,0.15424791663542028,10031
2025,19,071,Fremont,0.1679532586963751,8660
2025,19,095,Iowa,0.2541484219403386,8860
2025,19,023,Butler,0.35477057415287094,11515
2025,19,063,Emmet,0.23083790637731766,7654
2025,19,047,Crawford,0.32899553216701016,14848
2025,19,019,Buchanan,0.5384031816557512,13703
2025,19,143,Osceola,0.18197204931713543,8090
2025,19,073,Greene,0.2221710438687206,11401
2025,19,087,Henry,0.13713780414921706,5394
2025,19,119,Lyon,0.34234769099237883,12810
2025,19,003,Adams,0.09098523636910041,5347
2025,19,133,Monona,0.2839460600140265,12642
2025,19,091,Humboldt,0.18258546040832568,8764
2025,19,115,Louisa,0.1669879678255667,5646
2025,19,171,Tama,0.21800892799412042,12387
2025,19,135,Monroe,0.1285754003558718,2154
2025,19,117,Lucas,0.04580399683109982,2493
2025,19,057,Des Moines,0.1418990397348488,5244
2025,19,011,Benton,0.23790870047809506,13605
2025,19,113,Linn,0.3075404279242653,10656
2025,19,105,Jones,0.44976478224253374,10368
2025,19,103,Johnson,0.19393971935500706,8070
2025,19,183,Washington,0.20604865914711837,8319
2025,19,045,Clinton,0.3557086918286827,13292
2025,19,163,Scott,0.38115016179430183,7379
2025,19,139,Muscatine,0.1938174733002349,6395
2025,19,169,Story,0.3172748793420374,11090
2025,19,015,Boone,0.3048202633217275,10335
2025,19,121,Madison,0.06710354317729665,4830
2025,19,181,Warren,0.09119087620114316,4449
2025,19,049,Dallas,0.22827397578499647,8596
2025,19,153,Polk,0.22688430434556187,5345
2025,19,077,Guthrie,0.1914415174863425,7684
2025,19,099,Jasper,0.18856822092718278,12380
2025,31,043,Dakota,0.2272742063808425,4880
2025,31,051,Dixon,0.2075669057031798,8377
2025,31,053,Dodge,0.25399767707428444,10178
2025,31,025,Cass,0.0951590181264119,9151
2025,31,055,Douglas,0.22764773599386032,1775
2025,31,153,Sarpy,0.12874508374713378,2068
2025,31,155,Saunders,0.22913258837750972,13365
2025,31,177,Washington,0.14032926464767248,5880
2025,31,067,Gage,0.15383143903326246,13872
2025,31,109,Lancaster,0.12909684873395105,10090
2025,31,159,Seward,0.32390988310752367,9860
2025,31,139,Pierce,0.3415913598811082,10828
2025,31,119,Madison,0.2838765106126771,10450
2025,31,167,Stanton,0.2813057722162939,7218
2025,31,117,McPherson,0.4546794265337311,221
2025,31,111,Lincoln,0.6757378685573957,14710
2025,31,113,Logan,0.6377799759768253,1583
2025,31,007,Banner,0.17797825869681524,1342
2025,31,157,Scotts Bluff,0.5098149889818127,5758
2025,31,165,Sioux,0.6493171582158944,1097
2025,31,039,Cuming,0.2739119709673591,11273
2025,31,129,Nuckolls,0.47668287389894254,9987
2025,31,101,Keith,0.6933004420822246,9186
2025,31,137,Phelps,0.5751427996387929,13320
2025,31,181,Webster,0.4218728369211602,7328
2025,31,015,Boyd,0.31346227555503126,2686
2025,31,171,Thomas,0.8857142857142857,35
2025,31,089,Holt,0.5061611897151368,12272
2025,31,017,Brown,0.5998341010383355,2948
2025,31,103,Keya Paha,0.5474836503928611,1265
2025,31,077,Greeley,0.5168901325800941,5844
2025,31,095,Jefferson,0.17902433207922452,7835
2025,31,151,Saline,0.2698075054097961,10558
2025,31,057,Dundy,0.644623526366987,6214
2025,31,131,Otoe,0.13318066081443944,10009
2025,31,087,Hitchcock,0.38881314852684984,5754
2025,31,105,Kimball,0.1545547485959345,2964
2025,31,127,Nemaha,0.15102889455227755,6914
2025,31,041,Custer,0.6112787542828496,17671
2025,31,143,Polk,0.4646620184896618,9461
2025,31,045,Dawes,0.24988185145716538,424
2025,31,179,Wayne,0.23741242819806466,9014
2025,31,071,Garfield,0.6959898818451528,845
2025,31,013,Box Butte,0.30461067873202863,5668
2025,31,173,Thurston,0.24596347803373753,7560
2025,31,011,Boone,0.37062274849361065,12230
2025,31,145,Red Willow,0.42732547324781595,7573
2025,31,149,Rock,0.4581441943140135,1920
2025,31,005,Arthur,0.3561206896551724,229
2025,31,085,Hayes,0.608566759634717,5291
2025,31,097,Johnson,0.17885451986437198,4949
2025,31,003,Antelope,0.4583577186388637,15302
2025,31,163,Sherman,0.527751668709985,5815
2025,31,161,Sheridan,0.3769587180567215,2599
2025,31,133,Pawnee,0.0736244644174184,4833
2025,31,075,Grant,0.0,1
2025,31,021,Burt,0.15348905880822128,9039
2025,31,009,Blaine,0.7115200043875285,290
2025,31,027,Cedar,0.3287092192082109,13476
2025,31,169,Thayer,0.4380420296859384,11508
2025,31,049,Deuel,0.5015205854883956,4427
2025,31,123,Morrill,0.6601658282762308,5059
2025,31,115,Loup,0.576990891251501,677
2025,31,063,Frontier,0.5439991410415828,9065
2025,31,125,Nance,0.440679666772823,6368
2025,31,107,Knox,0.35903426027879143,10894
2025,31,135,Perkins,0.680331630691751,18468
2025,31,037,Colfax,0.31964762649302264,8137
2025,31,023,Butler,0.319672989724416,10976
2025,31,031,Cherry,0.3640168180354896,1206
2025,31,183,Wheeler,0.4774320040664924,2671
2025,31,061,Franklin,0.45802376600904043,7432
2025,31,029,Chase,0.7024017033283705,10728
2025,31,059,Fillmore,0.4274020209316055,13397
2025,31,185,York,0.6250082012304365,15707
2025,31,035,Clay,0.5363810423027318,12841
2025,31,033,Cheyenne,0.2691274233121296,5776
2025,31,069,Garden,0.4464565184766993,3322
2025,31,083,Harlan,0.524245762374175,9271
2025,31,091,Hooker,,0
2025,31,147,Richardson,0.12249033202846185,8201
2025,31,065,Furnas,0.4939965733402255,10554
2025,31,175,Valley,0.5591210316876942,5508
2025,31,141,Platte,0.3926701422498453,13993
2025,31,121,Merrick,0.6148522416209701,8916
2025,31,079,Hall,0.7661506758788985,13030
2025,31,081,Hamilton,0.6510548722888905,14796
2025,31,093,Howard,0.5209345699069657,7614
2025,31,001,Adams,0.543614564214819,13305
2025,31,099,Kearney,0.5522616133983292,12369
2025,31,019,Buffalo,0.612837330020133,15136
2025,31,073,Gosper,0.6016228656202601,6710
2025,31,047,Dawson,0.6550219117780657,14859
2025,37,037,Chatham,0.1737686066568709,187
2025,37,115,Madison,0.058823529411764705,17
2025,37,087,Haywood,0.1794871794871795,78
2025,37,021,Buncombe,0.09199797965221156,56
2025,37,089,Henderson,0.40817186183656273,140
2025,37,175,Transylvania,0.5588235294117647,68
2025,37,167,Stanly,0.09797134890875876,916
2025,37,109,Lincoln,0.14019934733257663,230
2025,37,159,Rowan,0.07792975890917694,738
2025,37,025,Cabarrus,0.12997822810249543,239
2025,37,097,Iredell,0.20132998067371835,953
2025,37,071,Gaston,0.029742812153729512,73
2025,37,179,Union,0.0509705163816472,2361
2025,37,119,Mecklenburg,0.1513353115727003,27
2025,37,045,Cleveland,0.14728476209179017,343
2025,37,005,Alleghany,0.2428648528524715,127
2025,37,173,Swain,0.0,10
2025,37,011,Avery,,0
2025,37,033,Caswell,0.021116263663464724,49
2025,37,075,Graham,,0
2025,37,007,Anson,0.07571312372030402,731
2025,37,149,Polk,1.0,2
2025,37,039,Cherokee,0.36933223413025557,58
2025,37,113,Macon,0.30952380952380953,42
2025,37,009,Ashe,0.0,19
2025,37,123,Montgomery,0.20727432077125324,141
2025,37,043,Clay,0.07669519420671495,12
2025,37,121,Mitchell,1.0,1
2025,37,199,Yancey,,0
2025,37,189,Watauga,0.5,2
2025,37,099,Jackson,0.1,10
2025,37,161,Rutherford,0.08087535680304471,25
2025,37,193,Wilkes,0.2371616380190259,485
2025,37,125,Moore,0.1540925159380004,134
2025,37,153,Richmond,0.5074399699178113,227
2025,37,093,Hoke,0.10148715585089936,681
2025,37,165,Scotland,0.2098866890798156,644
2025,37,155,Robeson,0.2160899945081553,4618
2025,37,001,Alamance,0.16578845524098715,270
2025,37,151,Randolph,0.08635357473239065,482
2025,37,081,Guilford,0.19222276560114998,269
2025,37,157,Rockingham,0.15229219143576828,160
2025,37,171,Surry,0.10541170864471315,862
2025,37,057,Davidson,0.06191213366785884,390
2025,37,169,Stokes,0.0761904761904762,105
2025,37,067,Forsyth,0.3301044275386287,100
2025,37,197,Yadkin,0.11635444644658256,711
2025,37,059,Davie,0.18493140042573689,529
2025,37,027,Caldwell,0.05555555555555555,90
2025,37,003,Alexander,0.14904895541004054,102
2025,37,035,Catawba,0.12216601614789556,284
2025,37,023,Burke,0.09459772779967542,87
2025,37,111,McDowell,0.042570951585976624,24
2025,37,029,Camden,0.036886882462498896,1291
2025,37,139,Pasquotank,0.06139869409650845,1522
2025,37,143,Perquimans,0.127894299250149,1014
2025,37,177,Tyrrell,0.03771198649610003,1548
2025,37,055,Dare,0.0,70
2025,37,073,Gates,0.07110987172336866,299
2025,37,053,Currituck,0.05002198164532615,580
2025,37,019,Brunswick,0.09194573398837158,524
2025,37,031,Carteret,0.021435228331780055,1073
2025,37,137,Pamlico,0.308765606355531,1116
2025,37,049,Craven,0.18731306992813615,1252
2025,37,103,Jones,0.2567268667927475,1345
2025,37,085,Harnett,0.04019183614596855,548
2025,37,063,Durham,0.0,65
2025,37,145,Person,0.027471224530745516,217
2025,37,135,Orange,0.19788976204868935,147
2025,37,181,Vance,0.0,19
2025,37,077,Granville,0.10170167508641319,118
2025,37,069,Franklin,0.09072150277501068,167
2025,37,101,Johnston,0.05960303297751035,623
2025,37,183,Wake,0.08572389063200357,71
2025,37,105,Lee,0.12351611079706049,45
2025,37,131,Northampton,0.051998041105590025,1269
2025,37,083,Halifax,0.08059327486370256,697
2025,37,127,Nash,0.031511956006837885,383
2025,37,065,Edgecombe,0.08097143826954346,722
2025,37,195,Wilson,0.019185190922469213,513
2025,37,163,Sampson,0.21530255151163713,2922
2025,37,185,Warren,0.03771631415471085,80
2025,37,187,Washington,0.06677647084319857,2197
2025,37,061,Duplin,0.2519322665850241,4054
2025,37,091,Hertford,0.08102652043435556,731
2025,37,017,Bladen,0.31193850937814016,2121
2025,37,095,Hyde,0.10885218706990056,2590
2025,37,015,Bertie,0.08634997386304233,726
2025,37,079,Greene,0.20433830845771142,811
2025,37,041,Chowan,0.11804327433220048,266
2025,37,117,Martin,0.07605491797797315,774
2025,37,047,Columbus,0.11499230374551055,3096
2025,37,191,Wayne,0.19563850072219308,1621
2025,37,133,Onslow,0.10498834077111728,789
2025,37,107,Lenoir,0.25984834236667975,1871
2025,37,129,New Hanover,0.47619047619047616,21
2025,37,141,Pender,0.2319383452477824,1174
2025,37,051,Cumberland,0.1597622890846231,705
2025,37,147,Pitt,0.07538471948058822,1342
2025,37,013,Beaufort,0.10897144690407443,3090
