year,state_fips,county_fips,county_name,pct_continuous,rotation_pixel_count
2010,17,121,Marion,0.0,7
2010,17,005,Bond,0.0,2
2010,17,083,Jersey,0.0,2
2010,17,163,St. Clair,0.0,12
2010,17,027,Clinton,0.0,16
2010,17,013,Calhoun,1.0,1
2010,17,119,Madison,0.25,4
2010,17,133,Monroe,0.0,19
2010,17,117,Macoupin,0.12605042016806722,9
2010,17,171,Scott,0.0,3
2010,17,137,Morgan,0.0,11
2010,17,107,Logan,0.0,9
2010,17,129,Menard,0.0,25
2010,17,167,Sangamon,0.0,13
2010,17,021,Christian,0.0,24
2010,17,127,Massac,,0
2010,17,057,Fulton,0.0,12
2010,17,175,Stark,0.0,2
2010,17,203,Woodford,0.14285714285714285,28
2010,17,179,Tazewell,0.03012404016538689,34
2010,17,123,Marshall,0.06666666666666667,15
2010,17,143,Peoria,0.0,13
2010,17,001,Adams,0.0,26
2010,17,177,Stephenson,0.06558641975308642,46
2010,17,141,Ogle,0.03547414792487827,86
2010,17,201,Winnebago,0.075,120
2010,17,007,Boone,0.0,57
2010,17,025,Clay,0.0,1
2010,17,185,Wabash,0.0,2
2010,17,009,Brown,0.0,14
2010,17,151,Pope,,0
2010,17,033,Crawford,0.0,2
2010,17,135,Montgomery,0.0,12
2010,17,055,Franklin,0.0,4
2010,17,023,Clark,0.0,14
2010,17,059,Gallatin,0.0,1
2010,17,075,Iroquois,0.0,117
2010,17,041,Douglas,0.0,2
2010,17,189,Washington,0.0,24
2010,17,159,Richland,0.0,1
2010,17,065,Hamilton,,0
2010,17,193,White,0.0,3
2010,17,169,Schuyler,0.07142857142857142,14
2010,17,181,Union,,0
2010,17,085,Jo Daviess,0.0,5
2010,17,125,Mason,0.07041767345529859,57
2010,17,191,Wayne,,0
2010,17,069,Hardin,,0
2010,17,061,Greene,0.0,10
2010,17,157,Randolph,0.0,5
2010,17,149,Pike,0.075,40
2010,17,145,Perry,0.0,12
2010,17,087,Johnson,,0
2010,17,173,Shelby,0.0,44
2010,17,051,Fayette,0.0,20
2010,17,139,Moultrie,0.0,9
2010,17,017,Cass,0.0,16
2010,17,015,Carroll,0.0,48
2010,17,047,Edwards,0.0,3
2010,17,079,Jasper,0.0,2
2010,17,187,Warren,0.0,1
2010,17,153,Pulaski,,0
2010,17,165,Saline,1.0,1
2010,17,101,Lawrence,0.0,2
2010,17,045,Edgar,0.14285714285714285,14
2010,17,071,Henderson,0.0,8
2010,17,199,Williamson,,0
2010,17,077,Jackson,0.3333333333333333,3
2010,17,147,Piatt,0.0,19
2010,17,053,Ford,0.0,46
2010,17,019,Champaign,0.0,30
2010,17,029,Coles,0.030303030303030304,33
2010,17,035,Cumberland,0.0,24
2010,17,183,Vermilion,0.0,40
2010,17,115,Macon,0.0,14
2010,17,049,Effingham,0.04084574723690534,25
2010,17,067,Hancock,0.07142857142857142,14
2010,17,095,Knox,0.0,5
2010,17,109,McDonough,0.2,5
2010,17,081,Jefferson,0.0,3
2010,17,113,McLean,0.0,13
2010,17,039,De Witt,,0
2010,17,105,Livingston,0.015503875968992248,129
2010,17,003,Alexander,,0
2010,17,093,Kendall,0.0,60
2010,17,031,Cook,0.0,4
2010,17,037,DeKalb,0.024240311796951745,125
2010,17,089,Kane,0.01039077462206104,98
2010,17,063,Grundy,0.13157894736842105,8
2010,17,111,McHenry,0.08314806580702533,135
2010,17,197,Will,0.006038647342995171,167
2010,17,043,DuPage,,0
2010,17,097,Lake,0.014267072640278383,47
2010,17,091,Kankakee,0.033783037823754115,179
2010,17,011,Bureau,0.0,9
2010,17,155,Putnam,0.0,5
2010,17,099,LaSalle,0.04405666897028334,46
2010,17,131,Mercer,0.0,4
2010,17,161,Rock Island,0.0,9
2010,17,073,Henry,0.0,13
2010,17,103,Lee,0.0,42
2010,17,195,Whiteside,0.0494713357260646,41
2010,31,043,Dakota,0.0,1
2010,31,051,Dixon,,0
2010,31,053,Dodge,0.08333333333333333,12
2010,31,025,Cass,0.14,50
2010,31,055,Douglas,0.0,16
2010,31,153,Sarpy,0.0,9
2010,31,155,Saunders,0.1261598481653311,75
2010,31,177,Washington,0.0,2
2010,31,067,Gage,0.1729011239130921,1067
2010,31,109,Lancaster,0.07851411805190807,217
2010,31,159,Seward,0.08928571428571429,56
2010,31,139,Pierce,0.38095238095238093,21
2010,31,119,Madison,0.10256410256410256,39
2010,31,167,Stanton,0.0,16
2010,31,117,McPherson,,0
2010,31,111,Lincoln,0.12858787729254048,1160
2010,31,113,Logan,0.0,20
2010,31,007,Banner,0.14247864491890072,1749
2010,31,157,Scotts Bluff,0.07162771889498999,378
2010,31,165,Sioux,0.05829607803292014,156
2010,31,039,Cuming,0.4117647058823529,17
2010,31,129,Nuckolls,0.1542935911623663,2037
2010,31,101,Keith,0.07284688415381528,2873
2010,31,137,Phelps,0.05510385997136761,148
2010,31,181,Webster,0.16962902951471262,1777
2010,31,015,Boyd,0.09015857301960507,222
2010,31,171,Thomas,,0
2010,31,089,Holt,0.25190839694656486,131
2010,31,017,Brown,,0
2010,31,103,Keya Paha,0.0,9
2010,31,077,Greeley,0.2727272727272727,11
2010,31,095,Jefferson,0.135404186244251,724
2010,31,151,Saline,0.1832062959873816,475
2010,31,057,Dundy,0.08373531400957872,2308
2010,31,131,Otoe,0.1293415777015603,164
2010,31,087,Hitchcock,0.10419931262427409,4513
2010,31,105,Kimball,0.10656926097092147,3878
2010,31,127,Nemaha,0.09457677408720021,98
2010,31,041,Custer,0.012958414499872957,232
2010,31,143,Polk,0.2375407545412203,34
2010,31,045,Dawes,0.07986250939946758,2211
2010,31,179,Wayne,0.0,1
2010,31,071,Garfield,0.0,7
2010,31,013,Box Butte,0.10587283114128698,6723
2010,31,173,Thurston,0.0,40
2010,31,011,Boone,0.043478260869565216,23
2010,31,145,Red Willow,0.10168360688283752,3665
2010,31,149,Rock,0.0,5
2010,31,005,Arthur,,0
2010,31,085,Hayes,0.10059974922504818,2234
2010,31,097,Johnson,0.1649639789979242,98
2010,31,003,Antelope,0.1459812228074193,35
2010,31,163,Sherman,0.125,32
2010,31,161,Sheridan,0.04443647819745888,3370
2010,31,133,Pawnee,0.10479081605599447,301
2010,31,075,Grant,,0
2010,31,021,Burt,0.0,15
2010,31,009,Blaine,0.0,2
2010,31,027,Cedar,0.14814814814814814,27
2010,31,169,Thayer,0.18965288063499303,1256
2010,31,049,Deuel,0.09610256008012695,5257
2010,31,123,Morrill,0.0795591601314372,1485
2010,31,115,Loup,0.6808510638297872,47
2010,31,063,Frontier,0.11076768774050413,2759
2010,31,125,Nance,0.21778030826792466,97
2010,31,107,Knox,0.22857339860718473,114
2010,31,135,Perkins,0.0983893426694128,6466
2010,31,037,Colfax,0.05555555555555555,36
2010,31,023,Butler,0.09276792908944399,41
2010,31,031,Cherry,0.258123291831157,40
2010,31,183,Wheeler,0.0,6
2010,31,061,Franklin,0.14082547801518933,927
2010,31,029,Chase,0.10061127442122848,2720
2010,31,059,Fillmore,0.14172665678594112,149
2010,31,185,York,0.025,40
2010,31,035,Clay,0.07560952649910573,210
2010,31,033,Cheyenne,0.07942561838882459,11737
2010,31,069,Garden,0.08335097949787162,2925
2010,31,083,Harlan,0.09477147493624842,1783
2010,31,091,Hooker,,0
2010,31,147,Richardson,0.021784631156294053,98
2010,31,065,Furnas,0.13536641760738785,3381
2010,31,175,Valley,0.06666666666666667,30
2010,31,141,Platte,0.1588785046728972,107
2010,31,121,Merrick,0.2070195195195195,23
2010,31,079,Hall,0.058823529411764705,34
2010,31,081,Hamilton,0.011764705882352941,85
2010,31,093,Howard,0.20807453416149072,42
2010,31,001,Adams,0.09918772087135401,308
2010,31,099,Kearney,0.1198773633111906,392
2010,31,019,Buffalo,0.07575918341361969,185
2010,31,073,Gosper,0.04656296496686054,742
2010,31,047,Dawson,0.12076062802812283,217
2010,37,037,Chatham,0.0,5
2010,37,115,Madison,,0
2010,37,087,Haywood,0.0,1
2010,37,021,Buncombe,,0
2010,37,089,Henderson,,0
2010,37,175,Transylvania,,0
2010,37,167,Stanly,0.0,26
2010,37,109,Lincoln,0.0,17
2010,37,159,Rowan,0.0,2
2010,37,025,Cabarrus,0.3333333333333333,3
2010,37,097,Iredell,0.0,10
2010,37,071,Gaston,0.0,9
2010,37,179,Union,0.0,14
2010,37,119,Mecklenburg,0.0,1
2010,37,045,Cleveland,0.1111111111111111,9
2010,37,005,Alleghany,,0
2010,37,173,Swain,,0
2010,37,011,Avery,,0
2010,37,033,Caswell,0.0,15
2010,37,075,Graham,,0
2010,37,007,Anson,0.0,2
2010,37,149,Polk,0.0,1
2010,37,039,Cherokee,,0
2010,37,113,Macon,0.0,1
2010,37,009,Ashe,,0
2010,37,123,Montgomery,,0
2010,37,043,Clay,,0
2010,37,121,Mitchell,,0
2010,37,199,Yancey,,0
2010,37,189,Watauga,,0
2010,37,099,Jackson,0.0,2
2010,37,161,Rutherford,0.0,1
2010,37,193,Wilkes,,0
2010,37,125,Moore,0.0,8
2010,37,153,Richmond,0.0,2
2010,37,093,Hoke,0.0,5
2010,37,165,Scotland,0.0,2
2010,37,155,Robeson,0.0,4
2010,37,001,Alamance,0.0,39
2010,37,151,Randolph,0.08333333333333333,12
2010,37,081,Guilford,0.0,16
2010,37,157,Rockingham,0.0,47
2010,37,171,Surry,,0
2010,37,057,Davidson,0.0,2
2010,37,169,Stokes,0.0,17
2010,37,067,Forsyth,0.0,3
2010,37,197,Yadkin,,0
2010,37,059,Davie,0.0,3
2010,37,027,Caldwell,0.0,1
2010,37,003,Alexander,0.0,11
2010,37,035,Catawba,0.0,6
2010,37,023,Burke,,0
2010,37,111,McDowell,,0
2010,37,029,Camden,0.0,1
2010,37,139,Pasquotank,0.0,26
2010,37,143,Perquimans,0.0,11
2010,37,177,Tyrrell,,0
2010,37,055,Dare,,0
2010,37,073,Gates,,0
2010,37,053,Currituck,,0
2010,37,019,Brunswick,,0
2010,37,031,Carteret,,0
2010,37,137,Pamlico,,0
2010,37,049,Craven,,0
2010,37,103,Jones,0.0,5
2010,37,085,Harnett,0.0,1
2010,37,063,Durham,0.0,3
2010,37,145,Person,0.0,14
2010,37,135,Orange,0.0,23
2010,37,181,Vance,0.0,3
2010,37,077,Granville,0.10909090909090909,55
2010,37,069,Franklin,0.0,10
2010,37,101,Johnston,0.0,3
2010,37,183,Wake,0.0,10
2010,37,105,Lee,,0
2010,37,131,Northampton,0.0,1
2010,37,083,Halifax,0.09090909090909091,22
2010,37,127,Nash,0.0,1
2010,37,065,Edgecombe,0.0,13
2010,37,195,Wilson,0.0,4
2010,37,163,Sampson,0.0,6
2010,37,185,Warren,,0
2010,37,187,Washington,0.0,2
2010,37,061,Duplin,,0
2010,37,091,Hertford,0.0,7
2010,37,017,Bladen,0.0,6
2010,37,095,Hyde,0.0,41
2010,37,015,Bertie,0.0,36
2010,37,079,Greene,,0
2010,37,041,Chowan,0.0,53
2010,37,117,Martin,0.0,21
2010,37,047,Columbus,0.0,2
2010,37,191,Wayne,0.0,2
2010,37,133,Onslow,,0
2010,37,107,Lenoir,0.0,5
2010,37,129,New Hanover,,0
2010,37,141,Pender,,0
2010,37,051,Cumberland,0.0,7
2010,37,147,Pitt,0.0,1
2010,37,013,Beaufort,0.0,1
2011,17,121,Marion,0.013418227741528099,150
2011,17,005,Bond,0.0,123
2011,17,083,Jersey,0.0,48
2011,17,163,St. Clair,0.0,155
2011,17,027,Clinton,0.0,142
2011,17,013,Calhoun,0.0,20
2011,17,119,Madison,0.0,118
2011,17,133,Monroe,0.0,159
2011,17,117,Macoupin,0.0,201
2011,17,171,Scott,0.0,38
2011,17,137,Morgan,0.0,129
2011,17,107,Logan,0.0,41
2011,17,129,Menard,0.0,104
2011,17,167,Sangamon,0.0,51
2011,17,021,Christian,0.0,71
2011,17,127,Massac,0.0,2
2011,17,057,Fulton,0.0,112
2011,17,175,Stark,0.0,24
2011,17,203,Woodford,0.0,148
2011,17,179,Tazewell,0.0,193
2011,17,123,Marshall,0.0,53
2011,17,143,Peoria,0.007936507936507936,126
2011,17,001,Adams,0.0,475
2011,17,177,Stephenson,0.0051263494361015625,200
2011,17,141,Ogle,0.0038412291933418697,266
2011,17,201,Winnebago,0.03404828666108299,327
2011,17,007,Boone,0.0035515814983495594,288
2011,17,025,Clay,0.004820871537952547,208
2011,17,185,Wabash,,0
2011,17,009,Brown,0.0,69
2011,17,151,Pope,,0
2011,17,033,Crawford,0.0,15
2011,17,135,Montgomery,0.0,103
2011,17,055,Franklin,0.0,21
2011,17,023,Clark,0.2279111338100102,32
2011,17,059,Gallatin,0.0,43
2011,17,075,Iroquois,0.01100062552576519,367
2011,17,041,Douglas,0.0,29
2011,17,189,Washington,0.0,473
2011,17,159,Richland,0.0,7
2011,17,065,Hamilton,0.0,96
2011,17,193,White,0.0,2
2011,17,169,Schuyler,0.006871278057718736,146
2011,17,181,Union,0.0,1
2011,17,085,Jo Daviess,0.01856705985146352,54
2011,17,125,Mason,0.0044289287203001255,229
2011,17,191,Wayne,0.0,166
2011,17,069,Hardin,,0
2011,17,061,Greene,0.0,151
2011,17,157,Randolph,0.0,145
2011,17,149,Pike,0.0,194
2011,17,145,Perry,0.0,160
2011,17,087,Johnson,0.0,2
2011,17,173,Shelby,0.0,171
2011,17,051,Fayette,0.04215688975835561,144
2011,17,139,Moultrie,0.0,28
2011,17,017,Cass,0.01639344262295082,61
2011,17,015,Carroll,0.0,80
2011,17,047,Edwards,0.0,10
2011,17,079,Jasper,0.0,29
2011,17,187,Warren,0.0,23
2011,17,153,Pulaski,,0
2011,17,165,Saline,0.0,7
2011,17,101,Lawrence,0.0,3
2011,17,045,Edgar,0.0,61
2011,17,071,Henderson,0.0,38
2011,17,199,Williamson,0.0,1
2011,17,077,Jackson,0.0,21
2011,17,147,Piatt,0.0,94
2011,17,053,Ford,0.03799114217219942,291
2011,17,019,Champaign,0.0,142
2011,17,029,Coles,0.0,45
2011,17,035,Cumberland,0.0,27
2011,17,183,Vermilion,0.0,113
2011,17,115,Macon,0.0,52
2011,17,049,Effingham,0.011105788075432254,93
2011,17,067,Hancock,0.004034682446758014,251
2011,17,095,Knox,0.0,101
2011,17,109,McDonough,0.0,63
2011,17,081,Jefferson,0.0,135
2011,17,113,McLean,0.0,165
2011,17,039,De Witt,0.0,21
2011,17,105,Livingston,0.0021788167743258488,461
2011,17,003,Alexander,,0
2011,17,093,Kendall,0.012195121951219513,82
2011,17,031,Cook,0.0,6
2011,17,037,DeKalb,0.005861529974255241,345
2011,17,089,Kane,0.004085621815618291,245
2011,17,063,Grundy,0.0,34
2011,17,111,McHenry,0.018475449388136587,551
2011,17,197,Will,0.004102313728759065,662
2011,17,043,DuPage,0.0,1
2011,17,097,Lake,0.012496324610408702,81
2011,17,091,Kankakee,0.011970901228988898,450
2011,17,011,Bureau,0.0,244
2011,17,155,Putnam,0.044083326130175474,48
2011,17,099,LaSalle,0.0,219
2011,17,131,Mercer,0.0,30
2011,17,161,Rock Island,0.0,21
2011,17,073,Henry,0.0,92
2011,17,103,Lee,0.0,195
2011,17,195,Whiteside,0.0,155
2011,31,043,Dakota,0.0,1
2011,31,051,Dixon,0.0,2
2011,31,053,Dodge,0.0,11
2011,31,025,Cass,0.04812001698353541,84
2011,31,055,Douglas,0.0,5
2011,31,153,Sarpy,0.0,12
2011,31,155,Saunders,0.03798411122144986,81
2011,31,177,Washington,0.0,5
2011,31,067,Gage,0.1374807041212107,1222
2011,31,109,Lancaster,0.016458408633242116,305
2011,31,159,Seward,0.05470048801415777,74
2011,31,139,Pierce,0.027004130043418405,39
2011,31,119,Madison,0.0,40
2011,31,167,Stanton,0.0,24
2011,31,117,McPherson,0.0,1
2011,31,111,Lincoln,0.0951697645994381,1260
2011,31,113,Logan,0.0,78
2011,31,007,Banner,0.10214176819647436,2821
2011,31,157,Scotts Bluff,0.06435651332479013,765
2011,31,165,Sioux,0.019579238329238333,311
2011,31,039,Cuming,0.0,10
2011,31,129,Nuckolls,0.0905816084775932,2246
2011,31,101,Keith,0.07730098320083269,2464
2011,31,137,Phelps,0.04653992395437262,134
2011,31,181,Webster,0.12767351317603143,1798
2011,31,015,Boyd,0.04087357243037468,197
2011,31,171,Thomas,,0
2011,31,089,Holt,0.13095238095238096,168
2011,31,017,Brown,,0
2011,31,103,Keya Paha,0.0,24
2011,31,077,Greeley,0.0,8
2011,31,095,Jefferson,0.11077778590766077,760
2011,31,151,Saline,0.14005653523932274,540
2011,31,057,Dundy,0.10629014222729734,2173
2011,31,131,Otoe,0.1347390582081942,241
2011,31,087,Hitchcock,0.13297904732078003,3636
2011,31,105,Kimball,0.13687106742565186,5479
2011,31,127,Nemaha,0.04200814761562425,164
2011,31,041,Custer,0.01322780729641404,531
2011,31,143,Polk,0.05555555555555555,36
2011,31,045,Dawes,0.11248614216727107,2096
2011,31,179,Wayne,0.0,3
2011,31,071,Garfield,0.0,7
2011,31,013,Box Butte,0.11792055283659486,7985
2011,31,173,Thurston,0.0,48
2011,31,011,Boone,0.0,33
2011,31,145,Red Willow,0.12831018455967796,3524
2011,31,149,Rock,0.17647058823529413,17
2011,31,005,Arthur,0.0,4
2011,31,085,Hayes,0.14937455111323916,1858
2011,31,097,Johnson,0.08859650447891962,261
2011,31,003,Antelope,0.15625,32
2011,31,163,Sherman,0.11214953271028036,75
2011,31,161,Sheridan,0.08618545878526347,3660
2011,31,133,Pawnee,0.035593087264130366,460
2011,31,075,Grant,,0
2011,31,021,Burt,0.09090909090909091,11
2011,31,009,Blaine,,0
2011,31,027,Cedar,0.026590198123044837,38
2011,31,169,Thayer,0.11571681654621133,1296
2011,31,049,Deuel,0.08117916780178344,5453
2011,31,123,Morrill,0.06757125984945969,1802
2011,31,115,Loup,0.0,8
2011,31,063,Frontier,0.10970560504108183,2711
2011,31,125,Nance,0.08521099866335688,83
2011,31,107,Knox,0.06717155087257161,63
2011,31,135,Perkins,0.08966514200696223,6376
2011,31,037,Colfax,0.0,27
2011,31,023,Butler,0.04998529844163481,41
2011,31,031,Cherry,0.05900046274872744,138
2011,31,183,Wheeler,0.0,3
2011,31,061,Franklin,0.10929535542280742,968
2011,31,029,Chase,0.09823346307510313,2326
2011,31,059,Fillmore,0.03806917143568051,159
2011,31,185,York,0.0,41
2011,31,035,Clay,0.059427928877644254,281
2011,31,033,Cheyenne,0.10766653415329792,12509
2011,31,069,Garden,0.05505811330700958,3148
2011,31,083,Harlan,0.10387684233794205,1675
2011,31,091,Hooker,,0
2011,31,147,Richardson,0.015164354845903396,266
2011,31,065,Furnas,0.13140809016894184,3168
2011,31,175,Valley,0.0,66
2011,31,141,Platte,0.4235098726702344,44
2011,31,121,Merrick,0.06493506493506493,77
2011,31,079,Hall,0.03771631415471084,54
2011,31,081,Hamilton,0.04040404040404041,99
2011,31,093,Howard,0.05,41
2011,31,001,Adams,0.08560472874762941,291
2011,31,099,Kearney,0.08664241482904499,393
2011,31,019,Buffalo,0.03659192825112108,219
2011,31,073,Gosper,0.05033309196234612,555
2011,31,047,Dawson,0.06218798416250647,277
2011,37,037,Chatham,0.0,12
2011,37,115,Madison,,0
2011,37,087,Haywood,,0
2011,37,021,Buncombe,,0
2011,37,089,Henderson,,0
2011,37,175,Transylvania,,0
2011,37,167,Stanly,0.42857142857142855,14
2011,37,109,Lincoln,0.047619047619047616,42
2011,37,159,Rowan,0.0,5
2011,37,025,Cabarrus,1.0,1
2011,37,097,Iredell,0.0,10
2011,37,071,Gaston,0.0,2
2011,37,179,Union,0.0,18
2011,37,119,Mecklenburg,0.0,3
2011,37,045,Cleveland,0.0,6
2011,37,005,Alleghany,,0
2011,37,173,Swain,,0
2011,37,011,Avery,,0
2011,37,033,Caswell,0.0,27
2011,37,075,Graham,,0
2011,37,007,Anson,0.0,10
2011,37,149,Polk,0.0,1
2011,37,039,Cherokee,,0
2011,37,113,Macon,,0
2011,37,009,Ashe,,0
2011,37,123,Montgomery,0.0,5
2011,37,043,Clay,,0
2011,37,121,Mitchell,,0
2011,37,199,Yancey,,0
2011,37,189,Watauga,,0
2011,37,099,Jackson,,0
2011,37,161,Rutherford,0.0,6
2011,37,193,Wilkes,0.0,4
2011,37,125,Moore,0.058823529411764705,17
2011,37,153,Richmond,0.0,15
2011,37,093,Hoke,0.0,3
2011,37,165,Scotland,0.0,1
2011,37,155,Robeson,0.0,3
2011,37,001,Alamance,0.04080163206528261,99
2011,37,151,Randolph,0.0,22
2011,37,081,Guilford,0.0,91
2011,37,157,Rockingham,0.0,59
2011,37,171,Surry,0.0,7
2011,37,057,Davidson,0.0,17
2011,37,169,Stokes,0.0,4
2011,37,067,Forsyth,0.0,9
2011,37,197,Yadkin,0.0,2
2011,37,059,Davie,0.0,13
2011,37,027,Caldwell,,0
2011,37,003,Alexander,1.0,3
2011,37,035,Catawba,0.0,16
2011,37,023,Burke,0.0,1
2011,37,111,McDowell,,0
2011,37,029,Camden,,0
2011,37,139,Pasquotank,0.0,8
2011,37,143,Perquimans,0.0,8
2011,37,177,Tyrrell,,0
2011,37,055,Dare,,0
2011,37,073,Gates,0.0,1
2011,37,053,Currituck,0.0,5
2011,37,019,Brunswick,,0
2011,37,031,Carteret,0.0,1
2011,37,137,Pamlico,,0
2011,37,049,Craven,,0
2011,37,103,Jones,0.0,8
2011,37,085,Harnett,0.0,2
2011,37,063,Durham,0.0,16
2011,37,145,Person,0.0,27
2011,37,135,Orange,0.021297920320721624,48
2011,37,181,Vance,0.0,15
2011,37,077,Granville,0.022900763358778626,131
2011,37,069,Franklin,0.0,22
2011,37,101,Johnston,0.0,4
2011,37,183,Wake,0.4471069549970777,7
2011,37,105,Lee,0.0,2
2011,37,131,Northampton,0.0,22
2011,37,083,Halifax,0.08571428571428572,35
2011,37,127,Nash,0.0,8
2011,37,065,Edgecombe,0.0,21
2011,37,195,Wilson,0.0,13
2011,37,163,Sampson,0.0,5
2011,37,185,Warren,0.0,3
2011,37,187,Washington,0.021739130434782608,46
2011,37,061,Duplin,0.0,6
2011,37,091,Hertford,0.0,35
2011,37,017,Bladen,,0
2011,37,095,Hyde,0.0,21
2011,37,015,Bertie,0.0,205
2011,37,079,Greene,,0
2011,37,041,Chowan,0.0,156
2011,37,117,Martin,0.0,6
2011,37,047,Columbus,,0
2011,37,191,Wayne,0.0,2
2011,37,133,Onslow,0.0,6
2011,37,107,Lenoir,0.0,3
2011,37,129,New Hanover,,0
2011,37,141,Pender,,0
2011,37,051,Cumberland,0.0,7
2011,37,147,Pitt,0.0,29
2011,37,013,Beaufort,,0
2012,17,121,Marion,0.0,16
2012,17,005,Bond,0.0,7
2012,17,083,Jersey,0.0,19
2012,17,163,St. Clair,0.0,7
2012,17,027,Clinton,0.0,1
2012,17,013,Calhoun,0.0,10
2012,17,119,Madison,0.05,20
2012,17,133,Monroe,0.0,6
2012,17,117,Macoupin,0.0,65
2012,17,171,Scott,0.0,13
2012,17,137,Morgan,0.022026431718061675,47
2012,17,107,Logan,0.02631578947368421,38
2012,17,129,Menard,0.0,48
2012,17,167,Sangamon,0.0,29
2012,17,021,Christian,0.03571428571428571,28
2012,17,127,Massac,0.0,1
2012,17,057,Fulton,0.0,96
2012,17,175,Stark,0.0,21
2012,17,203,Woodford,0.0,76
2012,17,179,Tazewell,0.03871261575831183,55
2012,17,123,Marshall,0.08823529411764706,34
2012,17,143,Peoria,0.0,36
2012,17,001,Adams,0.0,219
2012,17,177,Stephenson,0.013136204409643519,77
2012,17,141,Ogle,0.015594740597288758,198
2012,17,201,Winnebago,0.03825136612021858,183
2012,17,007,Boone,0.007518796992481203,135
2012,17,025,Clay,0.0,7
2012,17,185,Wabash,0.0,9
2012,17,009,Brown,0.0,43
2012,17,151,Pope,,0
2012,17,033,Crawford,0.0,14
2012,17,135,Montgomery,0.0,32
2012,17,055,Franklin,0.0,5
2012,17,023,Clark,0.0,24
2012,17,059,Gallatin,0.0,3
2012,17,075,Iroquois,0.01821103374397429,220
2012,17,041,Douglas,0.0,27
2012,17,189,Washington,0.08322454308093995,13
2012,17,159,Richland,0.0,13
2012,17,065,Hamilton,0.0,1
2012,17,193,White,0.0,23
2012,17,169,Schuyler,0.0,85
2012,17,181,Union,0.0,1
2012,17,085,Jo Daviess,0.0,11
2012,17,125,Mason,0.04235528610580517,95
2012,17,191,Wayne,0.0,6
2012,17,069,Hardin,,0
2012,17,061,Greene,0.0,55
2012,17,157,Randolph,0.06666666666666667,15
2012,17,149,Pike,0.01904761904761905,105
2012,17,145,Perry,0.0,17
2012,17,087,Johnson,,0
2012,17,173,Shelby,0.0,158
2012,17,051,Fayette,0.0,10
2012,17,139,Moultrie,0.0,23
2012,17,017,Cass,0.02702702702702703,74
2012,17,015,Carroll,0.06382978723404255,47
2012,17,047,Edwards,0.0,10
2012,17,079,Jasper,0.0,12
2012,17,187,Warren,0.0,7
2012,17,153,Pulaski,0.0,1
2012,17,165,Saline,0.0,1
2012,17,101,Lawrence,0.0,2
2012,17,045,Edgar,0.0,23
2012,17,071,Henderson,0.0,14
2012,17,199,Williamson,,0
2012,17,077,Jackson,0.0,10
2012,17,147,Piatt,0.030303030303030304,33
2012,17,053,Ford,0.07942688054820121,130
2012,17,019,Champaign,0.0,54
2012,17,029,Coles,0.0,73
2012,17,035,Cumberland,0.0,39
2012,17,183,Vermilion,0.0,74
2012,17,115,Macon,0.0,12
2012,17,049,Effingham,0.019697203769504096,51
2012,17,067,Hancock,0.017926816408309607,112
2012,17,095,Knox,0.0,29
2012,17,109,McDonough,0.0,36
2012,17,081,Jefferson,0.0,15
2012,17,113,McLean,0.014447592067988667,70
2012,17,039,De Witt,0.0,7
2012,17,105,Livingston,0.006475806724680865,464
2012,17,003,Alexander,,0
2012,17,093,Kendall,0.04951456310679612,41
2012,17,031,Cook,0.0,4
2012,17,037,DeKalb,0.010848909436423974,278
2012,17,089,Kane,0.05482102547565301,110
2012,17,063,Grundy,0.08571428571428572,35
2012,17,111,McHenry,0.08978540454393832,215
2012,17,197,Will,0.0216802642994225,450
2012,17,043,DuPage,0.0,2
2012,17,097,Lake,0.045663463260311586,67
2012,17,091,Kankakee,0.024811135657896766,261
2012,17,011,Bureau,0.022727272727272728,88
2012,17,155,Putnam,0.1,30
2012,17,099,LaSalle,0.009255394443133768,218
2012,17,131,Mercer,0.0,25
2012,17,161,Rock Island,0.0,7
2012,17,073,Henry,0.02154808179820855,47
2012,17,103,Lee,0.0,80
2012,17,195,Whiteside,0.051917203936206316,58
2012,31,043,Dakota,,0
2012,31,051,Dixon,0.0,8
2012,31,053,Dodge,0.0,1
2012,31,025,Cass,0.12422057677318785,41
2012,31,055,Douglas,0.0,12
2012,31,153,Sarpy,0.0,7
2012,31,155,Saunders,0.08108108108108109,37
2012,31,177,Washington,0.0,10
2012,31,067,Gage,0.1521838337742059,982
2012,31,109,Lancaster,0.0630407911001236,209
2012,31,159,Seward,0.1,50
2012,31,139,Pierce,0.0,10
2012,31,119,Madison,0.46875,32
2012,31,167,Stanton,0.0,1
2012,31,117,McPherson,,0
2012,31,111,Lincoln,0.09893332909420406,1013
2012,31,113,Logan,0.08414651393013718,86
2012,31,007,Banner,0.138643908843665,2109
2012,31,157,Scotts Bluff,0.1111915372339034,454
2012,31,165,Sioux,0.05229338984209447,234
2012,31,039,Cuming,0.04779686333084391,6
2012,31,129,Nuckolls,0.10449304322427198,1713
2012,31,101,Keith,0.08088016997026187,2394
2012,31,137,Phelps,0.062331948178929356,132
2012,31,181,Webster,0.1444373891008789,1336
2012,31,015,Boyd,0.07692307692307693,169
2012,31,171,Thomas,,0
2012,31,089,Holt,0.3894736842105263,190
2012,31,017,Brown,,0
2012,31,103,Keya Paha,0.0,11
2012,31,077,Greeley,0.0,2
2012,31,095,Jefferson,0.10988190409256911,630
2012,31,151,Saline,0.1813982011447261,484
2012,31,057,Dundy,0.1441352342406768,2089
2012,31,131,Otoe,0.10705589297209549,145
2012,31,087,Hitchcock,0.06470385095082208,4156
2012,31,105,Kimball,0.16499204134417575,4856
2012,31,127,Nemaha,0.0681317213279006,61
2012,31,041,Custer,0.03462791960890821,378
2012,31,143,Polk,0.15245117576723793,20
2012,31,045,Dawes,0.10775677274192387,2517
2012,31,179,Wayne,0.0,1
2012,31,071,Garfield,,0
2012,31,013,Box Butte,0.17900058762991722,7468
2012,31,173,Thurston,0.02908924763935425,26
2012,31,011,Boone,0.0,12
2012,31,145,Red Willow,0.09698252327733242,4104
2012,31,149,Rock,,0
2012,31,005,Arthur,0.0,23
2012,31,085,Hayes,0.09568988550562577,1610
2012,31,097,Johnson,0.20959426137637302,160
2012,31,003,Antelope,0.14893617021276595,47
2012,31,163,Sherman,0.16502718094745017,31
2012,31,161,Sheridan,0.10186866262433393,2934
2012,31,133,Pawnee,0.09895270823105876,246
2012,31,075,Grant,0.0,8
2012,31,021,Burt,0.0,22
2012,31,009,Blaine,,0
2012,31,027,Cedar,0.0,7
2012,31,169,Thayer,0.13251461804216605,1009
2012,31,049,Deuel,0.11230253006074038,5287
2012,31,123,Morrill,0.11354584447415329,1716
2012,31,115,Loup,0.0,4
2012,31,063,Frontier,0.0950069843373735,2783
2012,31,125,Nance,0.11363636363636363,44
2012,31,107,Knox,0.014084507042253521,71
2012,31,135,Perkins,0.08680391383776324,5045
2012,31,037,Colfax,0.0,17
2012,31,023,Butler,0.2475127396263043,34
2012,31,031,Cherry,0.2215877350878282,64
2012,31,183,Wheeler,0.0,3
2012,31,061,Franklin,0.16827869899245182,593
2012,31,029,Chase,0.06475124196516736,2082
2012,31,059,Fillmore,0.09916712577373042,123
2012,31,185,York,0.0,36
2012,31,035,Clay,0.04851821862348178,123
2012,31,033,Cheyenne,0.15337398113163417,13174
2012,31,069,Garden,0.10183805658416288,3018
2012,31,083,Harlan,0.0829369373047792,1555
2012,31,091,Hooker,,0
2012,31,147,Richardson,0.04320203303684879,95
2012,31,065,Furnas,0.10637662953094543,3545
2012,31,175,Valley,0.0,17
2012,31,141,Platte,0.40540540540540543,37
2012,31,121,Merrick,0.1223021582733813,34
2012,31,079,Hall,0.0,40
2012,31,081,Hamilton,0.061855670103092786,97
2012,31,093,Howard,0.14638346727898965,63
2012,31,001,Adams,0.11344213163501837,170
2012,31,099,Kearney,0.09683109374425812,324
2012,31,019,Buffalo,0.069600140370031,202
2012,31,073,Gosper,0.08135048425057032,673
2012,31,047,Dawson,0.10501544344756582,137
2012,37,037,Chatham,0.6,5
2012,37,115,Madison,,0
2012,37,087,Haywood,,0
2012,37,021,Buncombe,0.0,1
2012,37,089,Henderson,0.0,2
2012,37,175,Transylvania,,0
2012,37,167,Stanly,0.2857142857142857,21
2012,37,109,Lincoln,0.0,19
2012,37,159,Rowan,0.0,6
2012,37,025,Cabarrus,,0
2012,37,097,Iredell,0.0,30
2012,37,071,Gaston,0.0,2
2012,37,179,Union,0.13013523858127074,62
2012,37,119,Mecklenburg,0.0,4
2012,37,045,Cleveland,0.0,13
2012,37,005,Alleghany,,0
2012,37,173,Swain,,0
2012,37,011,Avery,,0
2012,37,033,Caswell,0.028215767634854776,71
2012,37,075,Graham,,0
2012,37,007,Anson,0.02631578947368421,38
2012,37,149,Polk,0.0,2
2012,37,039,Cherokee,,0
2012,37,113,Macon,,0
2012,37,009,Ashe,,0
2012,37,123,Montgomery,0.0,3
2012,37,043,Clay,,0
2012,37,121,Mitchell,,0
2012,37,199,Yancey,,0
2012,37,189,Watauga,,0
2012,37,099,Jackson,,0
2012,37,161,Rutherford,0.0,2
2012,37,193,Wilkes,0.0,3
2012,37,125,Moore,0.0,16
2012,37,153,Richmond,0.0,2
2012,37,093,Hoke,0.0,14
2012,37,165,Scotland,0.0,8
2012,37,155,Robeson,0.0,31
2012,37,001,Alamance,0.13369922341696536,106
2012,37,151,Randolph,0.0,14
2012,37,081,Guilford,0.04026527711984841,53
2012,37,157,Rockingham,0.010466261697586602,97
2012,37,171,Surry,0.0,2
2012,37,057,Davidson,0.0,5
2012,37,169,Stokes,0.0,7
2012,37,067,Forsyth,0.16666666666666666,6
2012,37,197,Yadkin,0.0,3
2012,37,059,Davie,0.2,5
2012,37,027,Caldwell,,0
2012,37,003,Alexander,0.0,3
2012,37,035,Catawba,0.0,13
2012,37,023,Burke,0.0,1
2012,37,111,McDowell,,0
2012,37,029,Camden,0.0,1
2012,37,139,Pasquotank,0.0,21
2012,37,143,Perquimans,0.0,18
2012,37,177,Tyrrell,0.0,1
2012,37,055,Dare,,0
2012,37,073,Gates,,0
2012,37,053,Currituck,0.0,14
2012,37,019,Brunswick,0.0,7
2012,37,031,Carteret,,0
2012,37,137,Pamlico,,0
2012,37,049,Craven,0.0,9
2012,37,103,Jones,0.0,6
2012,37,085,Harnett,0.0,3
2012,37,063,Durham,0.0,16
2012,37,145,Person,0.01995305164319249,51
2012,37,135,Orange,0.09915214319359397,51
2012,37,181,Vance,0.0,14
2012,37,077,Granville,0.023422430421603746,87
2012,37,069,Franklin,0.020670958996950185,35
2012,37,101,Johnston,0.0,10
2012,37,183,Wake,0.0,12
2012,37,105,Lee,,0
2012,37,131,Northampton,0.0,27
2012,37,083,Halifax,0.10810810810810811,37
2012,37,127,Nash,0.005971634735008708,48
2012,37,065,Edgecombe,0.023798413439104063,45
2012,37,195,Wilson,0.0,1
2012,37,163,Sampson,0.017857142857142856,56
2012,37,185,Warren,0.0,9
2012,37,187,Washington,0.06896551724137931,29
2012,37,061,Duplin,0.0,41
2012,37,091,Hertford,0.019835096453018047,51
2012,37,017,Bladen,0.0,8
2012,37,095,Hyde,0.0,76
2012,37,015,Bertie,0.016666666666666666,360
2012,37,079,Greene,0.0,2
2012,37,041,Chowan,0.01605389070763032,127
2012,37,117,Martin,0.0,38
2012,37,047,Columbus,0.0,11
2012,37,191,Wayne,0.0,13
2012,37,133,Onslow,0.0,3
2012,37,107,Lenoir,0.0,16
2012,37,129,New Hanover,0.0,1
2012,37,141,Pender,0.0,1
2012,37,051,Cumberland,0.0,2
2012,37,147,Pitt,0.0,37
2012,37,013,Beaufort,0.0,11
2013,17,121,Marion,0.0,70
2013,17,005,Bond,0.0,60
2013,17,083,Jersey,0.02127659574468085,47
2013,17,163,St. Clair,0.0,124
2013,17,027,Clinton,0.0,40
2013,17,013,Calhoun,0.0,36
2013,17,119,Madison,0.0,132
2013,17,133,Monroe,0.0,116
2013,17,117,Macoupin,0.010849678764413053,186
2013,17,171,Scott,0.014930616546636221,67
2013,17,137,Morgan,0.008833310239711793,114
2013,17,107,Logan,0.0,103
2013,17,129,Menard,0.0,87
2013,17,167,Sangamon,0.011632150351245324,87
2013,17,021,Christian,0.010178828037681623,100
2013,17,127,Massac,0.0,4
2013,17,057,Fulton,0.008695652173913044,115
2013,17,175,Stark,0.0,26
2013,17,203,Woodford,0.006826029927456702,147
2013,17,179,Tazewell,0.015930530392953085,190
2013,17,123,Marshall,0.0,56
2013,17,143,Peoria,0.034532568952286374,87
2013,17,001,Adams,0.010015710919088767,400
2013,17,177,Stephenson,0.015363913881748074,197
2013,17,141,Ogle,0.011880634565657978,338
2013,17,201,Winnebago,0.038172224093409673,320
2013,17,007,Boone,0.00463766841769787,182
2013,17,025,Clay,0.0,181
2013,17,185,Wabash,0.0,16
2013,17,009,Brown,0.06349206349206349,63
2013,17,151,Pope,0.0,3
2013,17,033,Crawford,0.0,138
2013,17,135,Montgomery,0.0062347188264058676,161
2013,17,055,Franklin,0.0,18
2013,17,023,Clark,0.0,102
2013,17,059,Gallatin,0.0,30
2013,17,075,Iroquois,0.003737605440780939,539
2013,17,041,Douglas,0.0,91
2013,17,189,Washington,0.0,123
2013,17,159,Richland,0.0,181
2013,17,065,Hamilton,0.0,33
2013,17,193,White,0.0,11
2013,17,169,Schuyler,0.0,113
2013,17,181,Union,0.0,2
2013,17,085,Jo Daviess,0.0,105
2013,17,125,Mason,0.03589324925398345,141
2013,17,191,Wayne,0.0,97
2013,17,069,Hardin,,0
2013,17,061,Greene,0.06128089077582409,99
2013,17,157,Randolph,0.019688079061148858,53
2013,17,149,Pike,0.005505300200781537,183
2013,17,145,Perry,0.0,74
2013,17,087,Johnson,0.0,7
2013,17,173,Shelby,0.0,229
2013,17,051,Fayette,0.007142857142857143,140
2013,17,139,Moultrie,0.0,74
2013,17,017,Cass,0.0075057396832872185,135
2013,17,015,Carroll,0.0,89
2013,17,047,Edwards,0.0,49
2013,17,079,Jasper,0.0,207
2013,17,187,Warren,0.0,48
2013,17,153,Pulaski,0.0,7
2013,17,165,Saline,0.0,17
2013,17,101,Lawrence,0.0,58
2013,17,045,Edgar,0.0,45
2013,17,071,Henderson,0.0,24
2013,17,199,Williamson,0.0,17
2013,17,077,Jackson,0.0,15
2013,17,147,Piatt,0.017391304347826087,115
2013,17,053,Ford,0.019941809567948915,310
2013,17,019,Champaign,0.0,206
2013,17,029,Coles,0.0,131
2013,17,035,Cumberland,0.0,114
2013,17,183,Vermilion,0.012215178756766252,252
2013,17,115,Macon,0.0,70
2013,17,049,Effingham,0.004571776897287412,220
2013,17,067,Hancock,0.01215037880592748,248
2013,17,095,Knox,0.0,62
2013,17,109,McDonough,0.015130837239660595,68
2013,17,081,Jefferson,0.0,53
2013,17,113,McLean,0.0,187
2013,17,039,De Witt,0.0,28
2013,17,105,Livingston,0.033178946818309504,605
2013,17,003,Alexander,0.0,12
2013,17,093,Kendall,0.009874917709019092,102
2013,17,031,Cook,0.0,13
2013,17,037,DeKalb,0.00746822344143546,410
2013,17,089,Kane,0.015159621901194935,200
2013,17,063,Grundy,0.00956130483689539,106
2013,17,111,McHenry,0.01668065806831438,367
2013,17,197,Will,0.00932365163056488,646
2013,17,043,DuPage,0.0,3
2013,17,097,Lake,0.04098360655737705,99
2013,17,091,Kankakee,0.00694637399277577,445
2013,17,011,Bureau,0.013311061230881662,227
2013,17,155,Putnam,0.031765805045157275,63
2013,17,099,LaSalle,0.016793625008232168,366
2013,17,131,Mercer,0.0,28
2013,17,161,Rock Island,0.0,26
2013,17,073,Henry,0.010240963855421687,99
2013,17,103,Lee,0.011173673947812367,182
2013,17,195,Whiteside,0.005085861305570514,198
2013,31,043,Dakota,0.0,1
2013,31,051,Dixon,0.0,7
2013,31,053,Dodge,0.0,15
2013,31,025,Cass,0.05481120584652862,55
2013,31,055,Douglas,0.0,14
2013,31,153,Sarpy,0.0,18
2013,31,155,Saunders,0.028201725282017254,107
2013,31,177,Washington,0.0,16
2013,31,067,Gage,0.10518196185948629,949
2013,31,109,Lancaster,0.02600095166881925,234
2013,31,159,Seward,0.03831129807692307,79
2013,31,139,Pierce,0.0,46
2013,31,119,Madison,0.03571428571428571,28
2013,31,167,Stanton,0.0,35
2013,31,117,McPherson,0.0,25
2013,31,111,Lincoln,0.06430194574634285,1224
2013,31,113,Logan,0.0,46
2013,31,007,Banner,0.1757764462701797,2269
2013,31,157,Scotts Bluff,0.07134626082810142,410
2013,31,165,Sioux,0.07105373148191149,260
2013,31,039,Cuming,0.0,5
2013,31,129,Nuckolls,0.06461786676268043,1740
2013,31,101,Keith,0.08371016354261722,1973
2013,31,137,Phelps,0.08330820265379976,157
2013,31,181,Webster,0.10629819304170432,1501
2013,31,015,Boyd,0.01282051282051282,156
2013,31,171,Thomas,,0
2013,31,089,Holt,0.054396307644572005,203
2013,31,017,Brown,0.0,6
2013,31,103,Keya Paha,0.0,4
2013,31,077,Greeley,0.0,24
2013,31,095,Jefferson,0.0843641054034157,660
2013,31,151,Saline,0.10628886412548806,462
2013,31,057,Dundy,0.07700126977825085,2311
2013,31,131,Otoe,0.08601949025487257,107
2013,31,087,Hitchcock,0.09106231034930701,3569
2013,31,105,Kimball,0.16460357551102744,3772
2013,31,127,Nemaha,0.0,98
2013,31,041,Custer,0.03913944386175846,154
2013,31,143,Polk,0.0,49
2013,31,045,Dawes,0.2028572501918608,1476
2013,31,179,Wayne,0.0,2
2013,31,071,Garfield,0.0,7
2013,31,013,Box Butte,0.17276078824484242,6832
2013,31,173,Thurston,0.0,56
2013,31,011,Boone,0.0,32
2013,31,145,Red Willow,0.08741566539216633,3573
2013,31,149,Rock,,0
2013,31,005,Arthur,0.4444444444444444,9
2013,31,085,Hayes,0.06916124717291632,1360
2013,31,097,Johnson,0.06981189572540654,143
2013,31,003,Antelope,0.018730718378140148,56
2013,31,163,Sherman,0.0,20
2013,31,161,Sheridan,0.13213129529338893,2479
2013,31,133,Pawnee,0.05318415958528822,242
2013,31,075,Grant,,0
2013,31,021,Burt,0.0,15
2013,31,009,Blaine,0.0,11
2013,31,027,Cedar,0.0,49
2013,31,169,Thayer,0.13649903048805645,972
2013,31,049,Deuel,0.15545592477828832,4671
2013,31,123,Morrill,0.1281058115599173,1806
2013,31,115,Loup,0.0,13
2013,31,063,Frontier,0.05764545446225095,2161
2013,31,125,Nance,0.0,62
2013,31,107,Knox,0.10702481506741514,150
2013,31,135,Perkins,0.06228829295191367,4920
2013,31,037,Colfax,0.10810810810810811,37
2013,31,023,Butler,0.04631872124000968,66
2013,31,031,Cherry,0.0,37
2013,31,183,Wheeler,0.0,129
2013,31,061,Franklin,0.06506632719252724,983
2013,31,029,Chase,0.055964129609916466,2289
2013,31,059,Fillmore,0.0783319894021426,105
2013,31,185,York,0.023809523809523808,42
2013,31,035,Clay,0.05511056511056511,166
2013,31,033,Cheyenne,0.16429232134695806,10118
2013,31,069,Garden,0.11156859841031393,2830
2013,31,083,Harlan,0.05754972067989152,1876
2013,31,091,Hooker,,0
2013,31,147,Richardson,0.026709375384994457,162
2013,31,065,Furnas,0.08167911512664226,3650
2013,31,175,Valley,0.0,50
2013,31,141,Platte,0.23903262092238473,65
2013,31,121,Merrick,0.018518518518518517,54
2013,31,079,Hall,0.0,30
2013,31,081,Hamilton,0.04872655802145606,145
2013,31,093,Howard,0.2698672310948624,41
2013,31,001,Adams,0.11816218605995679,241
2013,31,099,Kearney,0.04707489523528217,431
2013,31,019,Buffalo,0.013116271892600881,153
2013,31,073,Gosper,0.05420956995760144,802
2013,31,047,Dawson,0.052390083550198606,173
2013,37,037,Chatham,0.053470329209477876,22
2013,37,115,Madison,,0
2013,37,087,Haywood,,0
2013,37,021,Buncombe,,0
2013,37,089,Henderson,,0
2013,37,175,Transylvania,,0
2013,37,167,Stanly,0.0,4
2013,37,109,Lincoln,0.03144524827359421,96
2013,37,159,Rowan,0.0,32
2013,37,025,Cabarrus,0.0,5
2013,37,097,Iredell,0.015384615384615385,65
2013,37,071,Gaston,0.0,20
2013,37,179,Union,0.0,19
2013,37,119,Mecklenburg,0.0,1
2013,37,045,Cleveland,0.0,20
2013,37,005,Alleghany,,0
2013,37,173,Swain,,0
2013,37,011,Avery,,0
2013,37,033,Caswell,0.014882978930371,205
2013,37,075,Graham,,0
2013,37,007,Anson,0.0,19
2013,37,149,Polk,0.0,4
2013,37,039,Cherokee,,0
2013,37,113,Macon,,0
2013,37,009,Ashe,,0
2013,37,123,Montgomery,0.0,8
2013,37,043,Clay,,0
2013,37,121,Mitchell,,0
2013,37,199,Yancey,,0
2013,37,189,Watauga,,0
2013,37,099,Jackson,,0
2013,37,161,Rutherford,0.0,1
2013,37,193,Wilkes,0.0,13
2013,37,125,Moore,0.0,34
2013,37,153,Richmond,0.0,24
2013,37,093,Hoke,0.0,33
2013,37,165,Scotland,0.0,45
2013,37,155,Robeson,0.0,124
2013,37,001,Alamance,0.06168691538544242,296
2013,37,151,Randolph,0.0,142
2013,37,081,Guilford,0.014286994912709261,354
2013,37,157,Rockingham,0.04800451807228916,273
2013,37,171,Surry,0.0,24
2013,37,057,Davidson,0.0,51
2013,37,169,Stokes,0.0,52
2013,37,067,Forsyth,0.0,13
2013,37,197,Yadkin,0.0,18
2013,37,059,Davie,0.017163626573332435,59
2013,37,027,Caldwell,0.0,2
2013,37,003,Alexander,0.0,9
2013,37,035,Catawba,0.0,52
2013,37,023,Burke,0.0,3
2013,37,111,McDowell,,0
2013,37,029,Camden,0.0,3
2013,37,139,Pasquotank,0.09090909090909091,11
2013,37,143,Perquimans,0.0,23
2013,37,177,Tyrrell,0.0,2
2013,37,055,Dare,,0
2013,37,073,Gates,0.0,19
2013,37,053,Currituck,0.0,8
2013,37,019,Brunswick,0.0,25
2013,37,031,Carteret,0.0,4
2013,37,137,Pamlico,0.0,82
2013,37,049,Craven,0.0,2
2013,37,103,Jones,0.0,22
2013,37,085,Harnett,0.0,97
2013,37,063,Durham,0.0498046875,41
2013,37,145,Person,0.017017395559905682,178
2013,37,135,Orange,0.041605482134116495,148
2013,37,181,Vance,0.0,57
2013,37,077,Granville,0.02168314666796239,328
2013,37,069,Franklin,0.020738451528952505,100
2013,37,101,Johnston,0.0,208
2013,37,183,Wake,0.0,62
2013,37,105,Lee,0.0,26
2013,37,131,Northampton,0.0,39
2013,37,083,Halifax,0.012048192771084338,83
2013,37,127,Nash,0.04594594594594594,66
2013,37,065,Edgecombe,0.0,88
2013,37,195,Wilson,0.0,43
2013,37,163,Sampson,0.005130475021628474,196
2013,37,185,Warren,0.0,31
2013,37,187,Washington,0.0,28
2013,37,061,Duplin,0.013504567721435191,150
2013,37,091,Hertford,0.031653426017874874,65
2013,37,017,Bladen,0.0,46
2013,37,095,Hyde,0.0,1
2013,37,015,Bertie,0.03254515906712386,463
2013,37,079,Greene,0.0,45
2013,37,041,Chowan,0.016666666666666666,120
2013,37,117,Martin,0.01704317604598316,118
2013,37,047,Columbus,0.0,63
2013,37,191,Wayne,0.007304915778618081,138
2013,37,133,Onslow,0.0,28
2013,37,107,Lenoir,0.0,73
2013,37,129,New Hanover,0.0,1
2013,37,141,Pender,0.0,27
2013,37,051,Cumberland,0.0,59
2013,37,147,Pitt,0.025072924519025923,120
2013,37,013,Beaufort,0.0,5
2014,17,121,Marion,0.045092838196286476,23
2014,17,005,Bond,0.0,12
2014,17,083,Jersey,0.0,22
2014,17,163,St. Clair,0.0,29
2014,17,027,Clinton,0.0,37
2014,17,013,Calhoun,0.0,14
2014,17,119,Madison,0.01822079314040729,56
2014,17,133,Monroe,0.0,35
2014,17,117,Macoupin,0.00935402222955871,107
2014,17,171,Scott,0.043478260869565216,23
2014,17,137,Morgan,0.01433389544688027,71
2014,17,107,Logan,0.0,21
2014,17,129,Menard,0.0,81
2014,17,167,Sangamon,0.0,67
2014,17,021,Christian,0.014256960751425697,73
2014,17,127,Massac,,0
2014,17,057,Fulton,0.0,28
2014,17,175,Stark,0.0,4
2014,17,203,Woodford,0.0,68
2014,17,179,Tazewell,0.022199973882383667,92
2014,17,123,Marshall,0.34028356964136786,25
2014,17,143,Peoria,0.0,17
2014,17,001,Adams,0.03352880847818655,299
2014,17,177,Stephenson,0.05263157894736842,57
2014,17,141,Ogle,0.0,81
2014,17,201,Winnebago,0.09172915686654307,143
2014,17,007,Boone,0.0,73
2014,17,025,Clay,0.045454545454545456,22
2014,17,185,Wabash,0.0,1
2014,17,009,Brown,0.022923408845738943,44
2014,17,151,Pope,,0
2014,17,033,Crawford,0.0,9
2014,17,135,Montgomery,0.015242535640634805,132
2014,17,055,Franklin,0.0,2
2014,17,023,Clark,0.0,59
2014,17,059,Gallatin,,0
2014,17,075,Iroquois,0.0173178792955132,176
2014,17,041,Douglas,0.0,31
2014,17,189,Washington,0.0,53
2014,17,159,Richland,0.0,16
2014,17,065,Hamilton,0.06666666666666667,15
2014,17,193,White,0.0,16
2014,17,169,Schuyler,0.0,41
2014,17,181,Union,,0
2014,17,085,Jo Daviess,0.0,29
2014,17,125,Mason,0.0,99
2014,17,191,Wayne,0.0,37
2014,17,069,Hardin,,0
2014,17,061,Greene,0.014492753623188406,69
2014,17,157,Randolph,0.031158357771260997,33
2014,17,149,Pike,0.0,125
2014,17,145,Perry,0.0,37
2014,17,087,Johnson,,0
2014,17,173,Shelby,0.0,82
2014,17,051,Fayette,0.01913839687781447,53
2014,17,139,Moultrie,0.0,13
2014,17,017,Cass,0.06958657388456815,59
2014,17,015,Carroll,0.125,48
2014,17,047,Edwards,0.0,27
2014,17,079,Jasper,0.07692307692307693,26
2014,17,187,Warren,,0
2014,17,153,Pulaski,,0
2014,17,165,Saline,,0
2014,17,101,Lawrence,0.0,13
2014,17,045,Edgar,0.0,28
2014,17,071,Henderson,0.0,7
2014,17,199,Williamson,,0
2014,17,077,Jackson,0.0,12
2014,17,147,Piatt,0.029411764705882353,68
2014,17,053,Ford,0.010222489476849067,102
2014,17,019,Champaign,0.025350432448553534,120
2014,17,029,Coles,0.0429726996966633,48
2014,17,035,Cumberland,0.036449399656946824,28
2014,17,183,Vermilion,0.007265992306596382,141
2014,17,115,Macon,0.0,15
2014,17,049,Effingham,0.04863627694068281,42
2014,17,067,Hancock,0.0,91
2014,17,095,Knox,0.047619047619047616,21
2014,17,109,McDonough,0.0,10
2014,17,081,Jefferson,0.0,20
2014,17,113,McLean,0.04056311142925316,50
2014,17,039,De Witt,0.0,2
2014,17,105,Livingston,0.02111696313226672,240
2014,17,003,Alexander,,0
2014,17,093,Kendall,0.10810810810810811,37
2014,17,031,Cook,0.0,8
2014,17,037,DeKalb,0.0,41
2014,17,089,Kane,0.16981132075471697,53
2014,17,063,Grundy,0.025,40
2014,17,111,McHenry,0.04837332827468463,125
2014,17,197,Will,0.011792589167003873,340
2014,17,043,DuPage,0.5,4
2014,17,097,Lake,0.013956543155820698,72
2014,17,091,Kankakee,0.04948381588139408,205
2014,17,011,Bureau,0.0,43
2014,17,155,Putnam,0.035734304932735425,28
2014,17,099,LaSalle,0.009659090909090909,105
2014,17,131,Mercer,0.0,5
2014,17,161,Rock Island,0.0,11
2014,17,073,Henry,0.0,10
2014,17,103,Lee,0.0,22
2014,17,195,Whiteside,0.125,40
2014,31,043,Dakota,0.0,1
2014,31,051,Dixon,0.0,1
2014,31,053,Dodge,0.0,17
2014,31,025,Cass,0.3,30
2014,31,055,Douglas,0.1,10
2014,31,153,Sarpy,0.2,10
2014,31,155,Saunders,0.0743006993006993,97
2014,31,177,Washington,0.0,9
2014,31,067,Gage,0.15390709965700003,805
2014,31,109,Lancaster,0.09411996066863323,203
2014,31,159,Seward,0.15463917525773196,97
2014,31,139,Pierce,0.0,6
2014,31,119,Madison,0.0,6
2014,31,167,Stanton,0.0,6
2014,31,117,McPherson,0.0,1
2014,31,111,Lincoln,0.15647166448391014,1435
2014,31,113,Logan,0.2922822210901681,31
2014,31,007,Banner,0.22655868768087511,1994
2014,31,157,Scotts Bluff,0.10990318003505553,384
2014,31,165,Sioux,0.10156300147634638,246
2014,31,039,Cuming,,0
2014,31,129,Nuckolls,0.08271461660604942,1628
2014,31,101,Keith,0.07596774384890974,2676
2014,31,137,Phelps,0.07544356642314001,218
2014,31,181,Webster,0.07496602677970975,1705
2014,31,015,Boyd,0.09248624795986218,130
2014,31,171,Thomas,,0
2014,31,089,Holt,0.19801980198019803,101
2014,31,017,Brown,0.0,8
2014,31,103,Keya Paha,,0
2014,31,077,Greeley,0.0,4
2014,31,095,Jefferson,0.12167900492277631,531
2014,31,151,Saline,0.20781200563752986,410
2014,31,057,Dundy,0.12584761953282217,2339
2014,31,131,Otoe,0.04349812367433513,122
2014,31,087,Hitchcock,0.11324314779325692,4419
2014,31,105,Kimball,0.1533517091449516,3867
2014,31,127,Nemaha,0.0,37
2014,31,041,Custer,0.023413627202392557,487
2014,31,143,Polk,0.3125,16
2014,31,045,Dawes,0.10211517091378805,2073
2014,31,179,Wayne,0.0,7
2014,31,071,Garfield,0.0,4
2014,31,013,Box Butte,0.12257322950228673,7284
2014,31,173,Thurston,0.0,24
2014,31,011,Boone,0.0,11
2014,31,145,Red Willow,0.1300160652117234,4137
2014,31,149,Rock,0.0,7
2014,31,005,Arthur,,0
2014,31,085,Hayes,0.10792687985693081,2151
2014,31,097,Johnson,0.14325842696629212,113
2014,31,003,Antelope,0.13503428801936262,40
2014,31,163,Sherman,0.0425531914893617,47
2014,31,161,Sheridan,0.10691492173645588,3275
2014,31,133,Pawnee,0.06228292599774136,189
2014,31,075,Grant,,0
2014,31,021,Burt,0.13676588897827835,15
2014,31,009,Blaine,0.0,15
2014,31,027,Cedar,,0
2014,31,169,Thayer,0.10351382064635334,974
2014,31,049,Deuel,0.13983812949640292,5314
2014,31,123,Morrill,0.11812861964907553,1710
2014,31,115,Loup,0.0,9
2014,31,063,Frontier,0.13767490492082451,3066
2014,31,125,Nance,0.10204081632653061,49
2014,31,107,Knox,0.39084960585295475,77
2014,31,135,Perkins,0.08104703971814708,7210
2014,31,037,Colfax,0.11627906976744186,43
2014,31,023,Butler,0.11587397758255075,53
2014,31,031,Cherry,0.0,83
2014,31,183,Wheeler,0.16666666666666666,6
2014,31,061,Franklin,0.07625324737804291,917
2014,31,029,Chase,0.08338339728294447,2828
2014,31,059,Fillmore,0.13793103448275862,116
2014,31,185,York,0.030303030303030304,33
2014,31,035,Clay,0.047929341814159296,228
2014,31,033,Cheyenne,0.1351052250635726,11470
2014,31,069,Garden,0.10467873178107209,2933
2014,31,083,Harlan,0.13902478977831162,2179
2014,31,091,Hooker,,0
2014,31,147,Richardson,0.010389504563233377,97
2014,31,065,Furnas,0.16973889878849555,4204
2014,31,175,Valley,0.04988262910798122,61
2014,31,141,Platte,0.3170731707317073,41
2014,31,121,Merrick,0.0,28
2014,31,079,Hall,0.03222952477249747,32
2014,31,081,Hamilton,0.04672897196261682,107
2014,31,093,Howard,0.05714285714285714,35
2014,31,001,Adams,0.08621352061594259,261
2014,31,099,Kearney,0.06086748959967265,469
2014,31,019,Buffalo,0.027829313543599257,216
2014,31,073,Gosper,0.14585147473813145,1111
2014,31,047,Dawson,0.09728338068181817,227
2014,37,037,Chatham,0.0,1
2014,37,115,Madison,,0
2014,37,087,Haywood,,0
2014,37,021,Buncombe,,0
2014,37,089,Henderson,,0
2014,37,175,Transylvania,0.0,1
2014,37,167,Stanly,0.0,3
2014,37,109,Lincoln,0.0,3
2014,37,159,Rowan,0.0,6
2014,37,025,Cabarrus,0.0,3
2014,37,097,Iredell,0.0,11
2014,37,071,Gaston,0.0,4
2014,37,179,Union,0.0,11
2014,37,119,Mecklenburg,,0
2014,37,045,Cleveland,0.0,24
2014,37,005,Alleghany,0.0,1
2014,37,173,Swain,,0
2014,37,011,Avery,,0
2014,37,033,Caswell,0.06718187406691842,91
2014,37,075,Graham,,0
2014,37,007,Anson,0.25,4
2014,37,149,Polk,0.5,2
2014,37,039,Cherokee,,0
2014,37,113,Macon,,0
2014,37,009,Ashe,,0
2014,37,123,Montgomery,0.0,2
2014,37,043,Clay,,0
2014,37,121,Mitchell,,0
2014,37,199,Yancey,,0
2014,37,189,Watauga,,0
2014,37,099,Jackson,,0
2014,37,161,Rutherford,0.0,7
2014,37,193,Wilkes,0.0,4
2014,37,125,Moore,0.0,10
2014,37,153,Richmond,0.0,26
2014,37,093,Hoke,0.0,8
2014,37,165,Scotland,0.0,28
2014,37,155,Robeson,0.020833333333333332,48
2014,37,001,Alamance,0.0897714907508161,125
2014,37,151,Randolph,0.05,20
2014,37,081,Guilford,0.10210721257320186,80
2014,37,157,Rockingham,0.1099888573379821,221
2014,37,171,Surry,0.0,2
2014,37,057,Davidson,0.0,57
2014,37,169,Stokes,0.038461538461538464,26
2014,37,067,Forsyth,0.08333333333333333,12
2014,37,197,Yadkin,0.0,5
2014,37,059,Davie,0.0,58
2014,37,027,Caldwell,0.0,2
2014,37,003,Alexander,0.0,3
2014,37,035,Catawba,0.0,4
2014,37,023,Burke,,0
2014,37,111,McDowell,,0
2014,37,029,Camden,,0
2014,37,139,Pasquotank,0.045454545454545456,22
2014,37,143,Perquimans,0.0,8
2014,37,177,Tyrrell,,0
2014,37,055,Dare,,0
2014,37,073,Gates,,0
2014,37,053,Currituck,0.0,17
2014,37,019,Brunswick,0.0,12
2014,37,031,Carteret,,0
2014,37,137,Pamlico,,0
2014,37,049,Craven,,0
2014,37,103,Jones,0.0,2
2014,37,085,Harnett,0.0,7
2014,37,063,Durham,0.1693227091633466,12
2014,37,145,Person,0.0,31
2014,37,135,Orange,0.06289308176100629,32
2014,37,181,Vance,0.02473227944926058,16
2014,37,077,Granville,0.10720243916470114,138
2014,37,069,Franklin,0.0,12
2014,37,101,Johnston,0.3672456575682382,12
2014,37,183,Wake,0.24369747899159663,8
2014,37,105,Lee,0.0,2
2014,37,131,Northampton,0.0,15
2014,37,083,Halifax,0.03149314560948499,32
2014,37,127,Nash,0.0,6
2014,37,065,Edgecombe,0.0,179
2014,37,195,Wilson,0.0,1
2014,37,163,Sampson,0.0,31
2014,37,185,Warren,0.0,5
2014,37,187,Washington,0.0,14
2014,37,061,Duplin,0.0,20
2014,37,091,Hertford,0.0,73
2014,37,017,Bladen,,0
2014,37,095,Hyde,,0
2014,37,015,Bertie,0.037482210982755504,589
2014,37,079,Greene,0.0,2
2014,37,041,Chowan,0.026563422341053508,113
2014,37,117,Martin,0.007171180291909222,140
2014,37,047,Columbus,0.0,14
2014,37,191,Wayne,0.0,6
2014,37,133,Onslow,,0
2014,37,107,Lenoir,0.0,9
2014,37,129,New Hanover,,0
2014,37,141,Pender,,0
2014,37,051,Cumberland,0.0,9
2014,37,147,Pitt,0.09076348104644955,46
2014,37,013,Beaufort,,0
2015,17,121,Marion,0.0,228
2015,17,005,Bond,0.0,65
2015,17,083,Jersey,0.0,26
2015,17,163,St. Clair,0.02023350714123781,351
2015,17,027,Clinton,0.0,487
2015,17,013,Calhoun,0.0,27
2015,17,119,Madison,0.018357209704124973,111
2015,17,133,Monroe,0.0,271
2015,17,117,Macoupin,0.012017531457655876,85
2015,17,171,Scott,0.0,36
2015,17,137,Morgan,0.0,35
2015,17,107,Logan,0.0,67
2015,17,129,Menard,0.0,46
2015,17,167,Sangamon,0.018394286950876432,55
2015,17,021,Christian,0.11091779034362767,37
2015,17,127,Massac,,0
2015,17,057,Fulton,0.0,63
2015,17,175,Stark,0.0,17
2015,17,203,Woodford,0.0,138
2015,17,179,Tazewell,0.04284353197897778,131
2015,17,123,Marshall,0.0,39
2015,17,143,Peoria,0.0,105
2015,17,001,Adams,0.047619047619047616,210
2015,17,177,Stephenson,0.007045950650714265,143
2015,17,141,Ogle,0.005253615723762825,194
2015,17,201,Winnebago,0.021289029888128235,237
2015,17,007,Boone,0.024080078063521044,126
2015,17,025,Clay,0.0,271
2015,17,185,Wabash,0.0,40
2015,17,009,Brown,0.0,20
2015,17,151,Pope,0.0,1
2015,17,033,Crawford,0.0,25
2015,17,135,Montgomery,0.007139457401237506,141
2015,17,055,Franklin,0.0,158
2015,17,023,Clark,0.022222222222222223,45
2015,17,059,Gallatin,0.0,16
2015,17,075,Iroquois,0.004787293958622761,212
2015,17,041,Douglas,0.0,43
2015,17,189,Washington,0.0015387586140310648,651
2015,17,159,Richland,0.00980392156862745,102
2015,17,065,Hamilton,0.0,88
2015,17,193,White,0.0,30
2015,17,169,Schuyler,0.0,37
2015,17,181,Union,0.0,13
2015,17,085,Jo Daviess,0.016851704996034892,61
2015,17,125,Mason,0.05290844992839044,143
2015,17,191,Wayne,0.0,224
2015,17,069,Hardin,,0
2015,17,061,Greene,0.01327779224160375,76
2015,17,157,Randolph,0.0060812744443384525,331
2015,17,149,Pike,0.0,106
2015,17,145,Perry,0.005962471502893552,340
2015,17,087,Johnson,0.0,1
2015,17,173,Shelby,0.0234375,128
2015,17,051,Fayette,0.03557974047718711,115
2015,17,139,Moultrie,0.0,31
2015,17,017,Cass,0.019403439354740527,53
2015,17,015,Carroll,0.03879507074395253,104
2015,17,047,Edwards,0.020841847159787496,98
2015,17,079,Jasper,0.0,52
2015,17,187,Warren,0.0,19
2015,17,153,Pulaski,0.0,1
2015,17,165,Saline,0.0,29
2015,17,101,Lawrence,0.0,59
2015,17,045,Edgar,0.0,38
2015,17,071,Henderson,0.0,12
2015,17,199,Williamson,0.0,15
2015,17,077,Jackson,0.0,125
2015,17,147,Piatt,0.11831848552338528,44
2015,17,053,Ford,0.02008506616257089,102
2015,17,019,Champaign,0.01816951084826677,112
2015,17,029,Coles,0.0,48
2015,17,035,Cumberland,0.0,27
2015,17,183,Vermilion,0.031411677753141166,128
2015,17,115,Macon,0.0,42
2015,17,049,Effingham,0.011910878602456909,85
2015,17,067,Hancock,0.03418803418803419,117
2015,17,095,Knox,0.0,39
2015,17,109,McDonough,0.0,20
2015,17,081,Jefferson,0.0106951871657754,187
2015,17,113,McLean,0.011439594455161278,88
2015,17,039,De Witt,0.16666666666666666,12
2015,17,105,Livingston,0.0033194912716905975,302
2015,17,003,Alexander,0.0,15
2015,17,093,Kendall,0.04153432689958466,49
2015,17,031,Cook,,0
2015,17,037,DeKalb,0.0,266
2015,17,089,Kane,0.016058945777441904,192
2015,17,063,Grundy,0.0,35
2015,17,111,McHenry,0.029914529914529916,234
2015,17,197,Will,0.009768617836346919,411
2015,17,043,DuPage,0.0,1
2015,17,097,Lake,0.017953953390128844,57
2015,17,091,Kankakee,0.0288562731274542,349
2015,17,011,Bureau,0.006125684635341597,164
2015,17,155,Putnam,0.028985507246376812,69
2015,17,099,LaSalle,0.01191366099794431,171
2015,17,131,Mercer,0.0,19
2015,17,161,Rock Island,0.0,15
2015,17,073,Henry,0.0,50
2015,17,103,Lee,0.0,92
2015,17,195,Whiteside,0.02432683822652579,165
2015,31,043,Dakota,0.0,1
2015,31,051,Dixon,0.0,4
2015,31,053,Dodge,0.0,16
2015,31,025,Cass,0.08627981728979868,48
2015,31,055,Douglas,0.0,45
2015,31,153,Sarpy,0.0625,16
2015,31,155,Saunders,0.07806653513844479,116
2015,31,177,Washington,0.0,11
2015,31,067,Gage,0.13160928829265664,734
2015,31,109,Lancaster,0.07975604034717333,205
2015,31,159,Seward,0.15533896092594204,91
2015,31,139,Pierce,,0
2015,31,119,Madison,,0
2015,31,167,Stanton,0.0,24
2015,31,117,McPherson,0.0,27
2015,31,111,Lincoln,0.1807939529177787,1165
2015,31,113,Logan,0.0,38
2015,31,007,Banner,0.16498172870903968,2443
2015,31,157,Scotts Bluff,0.06798912174052152,743
2015,31,165,Sioux,0.08364145992366412,270
2015,31,039,Cuming,0.0,11
2015,31,129,Nuckolls,0.05695521531558099,1495
2015,31,101,Keith,0.07950590556575594,2336
2015,31,137,Phelps,0.050002801277382485,143
2015,31,181,Webster,0.12421619018706753,1131
2015,31,015,Boyd,0.03968253968253968,126
2015,31,171,Thomas,,0
2015,31,089,Holt,0.09375,96
2015,31,017,Brown,0.0,2
2015,31,103,Keya Paha,0.0,4
2015,31,077,Greeley,0.0,3
2015,31,095,Jefferson,0.1716420781319125,420
2015,31,151,Saline,0.14260905398245718,402
2015,31,057,Dundy,0.11215249310576135,2132
2015,31,131,Otoe,0.1010483086566519,115
2015,31,087,Hitchcock,0.09669307939338571,3799
2015,31,105,Kimball,0.12857583910377982,4935
2015,31,127,Nemaha,0.0,55
2015,31,041,Custer,0.07407407407407407,216
2015,31,143,Polk,0.0,10
2015,31,045,Dawes,0.1314816543361187,1942
2015,31,179,Wayne,,0
2015,31,071,Garfield,0.0,17
2015,31,013,Box Butte,0.09310138524552439,7681
2015,31,173,Thurston,0.0,26
2015,31,011,Boone,0.0,3
2015,31,145,Red Willow,0.12474482303280103,3262
2015,31,149,Rock,0.0,8
2015,31,005,Arthur,0.0,24
2015,31,085,Hayes,0.12090452500284019,1510
2015,31,097,Johnson,0.16349297941911906,123
2015,31,003,Antelope,0.0,45
2015,31,163,Sherman,0.04,25
2015,31,161,Sheridan,0.0970545008946822,3026
2015,31,133,Pawnee,0.10560156550302267,229
2015,31,075,Grant,,0
2015,31,021,Burt,0.2,5
2015,31,009,Blaine,0.0,6
2015,31,027,Cedar,0.0,10
2015,31,169,Thayer,0.11080048050671616,734
2015,31,049,Deuel,0.11061439068475928,4864
2015,31,123,Morrill,0.13860280926499313,1793
2015,31,115,Loup,0.14285714285714285,7
2015,31,063,Frontier,0.08484688228197465,2394
2015,31,125,Nance,0.0,13
2015,31,107,Knox,0.05357142857142857,56
2015,31,135,Perkins,0.09791177330747154,6044
2015,31,037,Colfax,0.21052631578947367,57
2015,31,023,Butler,0.0847457627118644,59
2015,31,031,Cherry,0.025210084033613446,119
2015,31,183,Wheeler,0.0,3
2015,31,061,Franklin,0.11577155239127071,442
2015,31,029,Chase,0.06776695734790135,2930
2015,31,059,Fillmore,0.07611514280917113,214
2015,31,185,York,0.0,21
2015,31,035,Clay,0.02476289126986696,123
2015,31,033,Cheyenne,0.11298240783066586,12259
2015,31,069,Garden,0.07915262410037809,3103
2015,31,083,Harlan,0.057057429373807055,1376
2015,31,091,Hooker,,0
2015,31,147,Richardson,0.0,101
2015,31,065,Furnas,0.12130512591077591,3095
2015,31,175,Valley,0.045454545454545456,22
2015,31,141,Platte,0.2857142857142857,7
2015,31,121,Merrick,0.0,39
2015,31,079,Hall,0.03339882121807466,61
2015,31,081,Hamilton,0.0,49
2015,31,093,Howard,0.0,21
2015,31,001,Adams,0.11247307886175135,174
2015,31,099,Kearney,0.06547975691175212,324
2015,31,019,Buffalo,0.060840312075012525,165
2015,31,073,Gosper,0.14904792214291615,823
2015,31,047,Dawson,0.08237498384804237,123
2015,37,037,Chatham,0.0,14
2015,37,115,Madison,,0
2015,37,087,Haywood,,0
2015,37,021,Buncombe,,0
2015,37,089,Henderson,,0
2015,37,175,Transylvania,,0
2015,37,167,Stanly,0.0,2
2015,37,109,Lincoln,0.0,16
2015,37,159,Rowan,0.0,2
2015,37,025,Cabarrus,,0
2015,37,097,Iredell,0.0,1
2015,37,071,Gaston,0.0,11
2015,37,179,Union,0.1111111111111111,9
2015,37,119,Mecklenburg,,0
2015,37,045,Cleveland,0.0,8
2015,37,005,Alleghany,0.0,1
2015,37,173,Swain,,0
2015,37,011,Avery,,0
2015,37,033,Caswell,0.0,33
2015,37,075,Graham,,0
2015,37,007,Anson,0.0,7
2015,37,149,Polk,,0
2015,37,039,Cherokee,,0
2015,37,113,Macon,,0
2015,37,009,Ashe,,0
2015,37,123,Montgomery,0.0,9
2015,37,043,Clay,,0
2015,37,121,Mitchell,,0
2015,37,199,Yancey,,0
2015,37,189,Watauga,,0
2015,37,099,Jackson,,0
2015,37,161,Rutherford,0.0,9
2015,37,193,Wilkes,,0
2015,37,125,Moore,0.125,16
2015,37,153,Richmond,0.0,17
2015,37,093,Hoke,0.0,2
2015,37,165,Scotland,,0
2015,37,155,Robeson,0.0,15
2015,37,001,Alamance,0.06818181818181818,44
2015,37,151,Randolph,0.0,6
2015,37,081,Guilford,0.031746031746031744,63
2015,37,157,Rockingham,0.07058823529411765,85
2015,37,171,Surry,,0
2015,37,057,Davidson,0.0,6
2015,37,169,Stokes,0.14285714285714285,7
2015,37,067,Forsyth,0.0,1
2015,37,197,Yadkin,0.0,7
2015,37,059,Davie,0.0,11
2015,37,027,Caldwell,0.0,1
2015,37,003,Alexander,0.0,3
2015,37,035,Catawba,0.0,9
2015,37,023,Burke,0.0,2
2015,37,111,McDowell,,0
2015,37,029,Camden,,0
2015,37,139,Pasquotank,0.0,35
2015,37,143,Perquimans,0.0,5
2015,37,177,Tyrrell,,0
2015,37,055,Dare,0.0,1
2015,37,073,Gates,0.0,19
2015,37,053,Currituck,0.0,48
2015,37,019,Brunswick,,0
2015,37,031,Carteret,,0
2015,37,137,Pamlico,,0
2015,37,049,Craven,,0
2015,37,103,Jones,0.0,2
2015,37,085,Harnett,0.0,6
2015,37,063,Durham,0.0,11
2015,37,145,Person,0.043478260869565216,23
2015,37,135,Orange,0.1388888888888889,36
2015,37,181,Vance,0.0,23
2015,37,077,Granville,0.034474211937540834,175
2015,37,069,Franklin,0.0,28
2015,37,101,Johnston,0.0,21
2015,37,183,Wake,0.07407407407407407,27
2015,37,105,Lee,0.0,1
2015,37,131,Northampton,0.0,12
2015,37,083,Halifax,0.0,40
2015,37,127,Nash,0.041510662542731565,25
2015,37,065,Edgecombe,0.0,148
2015,37,195,Wilson,0.0,3
2015,37,163,Sampson,0.02778383089997821,73
2015,37,185,Warren,0.0,18
2015,37,187,Washington,0.0,15
2015,37,061,Duplin,0.0,12
2015,37,091,Hertford,0.0,93
2015,37,017,Bladen,0.0,2
2015,37,095,Hyde,0.0,62
2015,37,015,Bertie,0.02506676278322984,722
2015,37,079,Greene,0.0,1
2015,37,041,Chowan,0.0,161
2015,37,117,Martin,0.02962962962962963,135
2015,37,047,Columbus,0.0,4
2015,37,191,Wayne,0.0,13
2015,37,133,Onslow,,0
2015,37,107,Lenoir,0.0,8
2015,37,129,New Hanover,,0
2015,37,141,Pender,,0
2015,37,051,Cumberland,,0
2015,37,147,Pitt,0.0,70
2015,37,013,Beaufort,0.0,5
2016,17,121,Marion,0.0,28
2016,17,005,Bond,0.023637374860956618,44
2016,17,083,Jersey,0.0,27
2016,17,163,St. Clair,0.035629453681710214,30
2016,17,027,Clinton,0.0,19
2016,17,013,Calhoun,0.0,9
2016,17,119,Madison,0.032498566239724726,66
2016,17,133,Monroe,0.023298309730470534,44
2016,17,117,Macoupin,0.0,128
2016,17,171,Scott,0.0,6
2016,17,137,Morgan,0.0,49
2016,17,107,Logan,0.037749814951887485,55
2016,17,129,Menard,0.0,25
2016,17,167,Sangamon,0.0,45
2016,17,021,Christian,0.02159918685414196,47
2016,17,127,Massac,0.0,1
2016,17,057,Fulton,0.0,45
2016,17,175,Stark,0.0,24
2016,17,203,Woodford,0.023442527502834553,128
2016,17,179,Tazewell,0.040878486694453355,99
2016,17,123,Marshall,0.16666666666666666,18
2016,17,143,Peoria,0.05,40
2016,17,001,Adams,0.01980223648788569,153
2016,17,177,Stephenson,0.011446783678233156,88
2016,17,141,Ogle,0.011942675159235668,173
2016,17,201,Winnebago,0.0654993792542489,188
2016,17,007,Boone,0.042640357844571715,94
2016,17,025,Clay,0.0,24
2016,17,185,Wabash,,0
2016,17,009,Brown,0.044444444444444446,45
2016,17,151,Pope,0.0,2
2016,17,033,Crawford,,0
2016,17,135,Montgomery,0.0,87
2016,17,055,Franklin,0.14285714285714285,14
2016,17,023,Clark,0.0,18
2016,17,059,Gallatin,0.0,14
2016,17,075,Iroquois,0.0033717670703972075,297
2016,17,041,Douglas,0.028661346521299313,36
2016,17,189,Washington,0.014705882352941176,68
2016,17,159,Richland,,0
2016,17,065,Hamilton,0.0,17
2016,17,193,White,0.045454545454545456,22
2016,17,169,Schuyler,0.0,43
2016,17,181,Union,0.0,1
2016,17,085,Jo Daviess,0.0,32
2016,17,125,Mason,0.05366161616161616,56
2016,17,191,Wayne,0.0,41
2016,17,069,Hardin,,0
2016,17,061,Greene,0.025734181047532546,39
2016,17,157,Randolph,0.0,47
2016,17,149,Pike,0.013769641989308279,73
2016,17,145,Perry,0.05007855459544383,41
2016,17,087,Johnson,0.0,3
2016,17,173,Shelby,0.021182920750955306,95
2016,17,051,Fayette,0.04497751124437781,46
2016,17,139,Moultrie,0.0,16
2016,17,017,Cass,0.0,51
2016,17,015,Carroll,0.014705882352941176,68
2016,17,047,Edwards,0.0,4
2016,17,079,Jasper,0.0,9
2016,17,187,Warren,0.0,23
2016,17,153,Pulaski,0.0,1
2016,17,165,Saline,0.0,5
2016,17,101,Lawrence,0.0,1
2016,17,045,Edgar,0.0,36
2016,17,071,Henderson,0.0,46
2016,17,199,Williamson,0.0,13
2016,17,077,Jackson,0.0,6
2016,17,147,Piatt,0.0,44
2016,17,053,Ford,0.020571705165783744,148
2016,17,019,Champaign,0.033164260632071785,62
2016,17,029,Coles,0.0,57
2016,17,035,Cumberland,0.0,22
2016,17,183,Vermilion,0.040753052483538964,123
2016,17,115,Macon,0.0,31
2016,17,049,Effingham,0.01835192515293271,55
2016,17,067,Hancock,0.017278764060170756,58
2016,17,095,Knox,0.0,25
2016,17,109,McDonough,0.0,11
2016,17,081,Jefferson,0.0,33
2016,17,113,McLean,0.0317823016202742,97
2016,17,039,De Witt,0.11764705882352941,17
2016,17,105,Livingston,0.005138176652528285,392
2016,17,003,Alexander,,0
2016,17,093,Kendall,0.0,67
2016,17,031,Cook,0.0,11
2016,17,037,DeKalb,0.008685581933989578,231
2016,17,089,Kane,0.012658227848101266,79
2016,17,063,Grundy,0.022526501766784453,45
2016,17,111,McHenry,0.06052824651504036,185
2016,17,197,Will,0.019002119626415844,476
2016,17,043,DuPage,0.0,3
2016,17,097,Lake,0.0,86
2016,17,091,Kankakee,0.04523172186925533,245
2016,17,011,Bureau,0.011494252873563218,87
2016,17,155,Putnam,0.07142857142857142,28
2016,17,099,LaSalle,0.00821917808219178,124
2016,17,131,Mercer,0.0,7
2016,17,161,Rock Island,0.0,2
2016,17,073,Henry,0.0,39
2016,17,103,Lee,0.0,68
2016,17,195,Whiteside,0.06415094339622643,97
2016,31,043,Dakota,,0
2016,31,051,Dixon,0.0,7
2016,31,053,Dodge,0.0,17
2016,31,025,Cass,0.08379888268156424,24
2016,31,055,Douglas,0.16666666666666666,12
2016,31,153,Sarpy,0.0,3
2016,31,155,Saunders,0.22313371616078753,73
2016,31,177,Washington,0.0,3
2016,31,067,Gage,0.1655710983028456,373
2016,31,109,Lancaster,0.0963864529785304,105
2016,31,159,Seward,0.07352941176470588,68
2016,31,139,Pierce,0.0,33
2016,31,119,Madison,0.0,20
2016,31,167,Stanton,0.0,6
2016,31,117,McPherson,0.25,4
2016,31,111,Lincoln,0.10593739244579269,1003
2016,31,113,Logan,0.020872554636981254,51
2016,31,007,Banner,0.1713880184833327,2620
2016,31,157,Scotts Bluff,0.09931431705979157,730
2016,31,165,Sioux,0.09324068733316344,297
2016,31,039,Cuming,,0
2016,31,129,Nuckolls,0.06747348207445605,1174
2016,31,101,Keith,0.05722660131670165,2540
2016,31,137,Phelps,0.07608695652173914,92
2016,31,181,Webster,0.07551961804932332,1323
2016,31,015,Boyd,0.02631578947368421,76
2016,31,171,Thomas,,0
2016,31,089,Holt,0.1081707237486132,121
2016,31,017,Brown,0.0,2
2016,31,103,Keya Paha,0.0,3
2016,31,077,Greeley,0.0,19
2016,31,095,Jefferson,0.11195398008584821,363
2016,31,151,Saline,0.13100436681222707,229
2016,31,057,Dundy,0.06983326801809828,2222
2016,31,131,Otoe,0.051903114186851215,79
2016,31,087,Hitchcock,0.09564116358814673,3643
2016,31,105,Kimball,0.09844096052449977,5523
2016,31,127,Nemaha,0.0,53
2016,31,041,Custer,0.022722065225693113,310
2016,31,143,Polk,0.0,5
2016,31,045,Dawes,0.1309107229517947,2157
2016,31,179,Wayne,0.0,2
2016,31,071,Garfield,0.0,8
2016,31,013,Box Butte,0.08446370523751924,7162
2016,31,173,Thurston,0.0,35
2016,31,011,Boone,0.0,25
2016,31,145,Red Willow,0.0728677274494357,3481
2016,31,149,Rock,,0
2016,31,005,Arthur,0.0,5
2016,31,085,Hayes,0.10323860014771494,1579
2016,31,097,Johnson,0.10408816880180859,127
2016,31,003,Antelope,0.13953488372093023,86
2016,31,163,Sherman,0.05212059274399591,39
2016,31,161,Sheridan,0.07334381749404999,2891
2016,31,133,Pawnee,0.06643451631226692,162
2016,31,075,Grant,,0
2016,31,021,Burt,0.16666666666666666,6
2016,31,009,Blaine,,0
2016,31,027,Cedar,0.0,8
2016,31,169,Thayer,0.10560218621901228,590
2016,31,049,Deuel,0.06261668369939426,5558
2016,31,123,Morrill,0.09194271418473189,1808
2016,31,115,Loup,0.0,3
2016,31,063,Frontier,0.056203050194137946,2385
2016,31,125,Nance,0.0,20
2016,31,107,Knox,0.0,43
2016,31,135,Perkins,0.0705220604551988,6149
2016,31,037,Colfax,0.10714285714285714,28
2016,31,023,Butler,0.25454182471551207,41
2016,31,031,Cherry,0.08303484207098666,86
2016,31,183,Wheeler,0.0,25
2016,31,061,Franklin,0.05025818912846387,608
2016,31,029,Chase,0.06695499670896496,2768
2016,31,059,Fillmore,0.09574468085106383,94
2016,31,185,York,0.0,17
2016,31,035,Clay,0.09045717545432319,100
2016,31,033,Cheyenne,0.0967850822811475,12492
2016,31,069,Garden,0.0841927431029808,3112
2016,31,083,Harlan,0.08826575135260925,1364
2016,31,091,Hooker,,0
2016,31,147,Richardson,0.0694602079266355,89
2016,31,065,Furnas,0.07825642680434551,2954
2016,31,175,Valley,0.03031563930333472,66
2016,31,141,Platte,0.0,11
2016,31,121,Merrick,0.0,35
2016,31,079,Hall,0.07031767041694242,75
2016,31,081,Hamilton,0.009923723536737235,103
2016,31,093,Howard,0.03508771929824561,57
2016,31,001,Adams,0.05045286669011607,187
2016,31,099,Kearney,0.08229029804301224,343
2016,31,019,Buffalo,0.05873470850181707,154
2016,31,073,Gosper,0.08813291529859038,489
2016,31,047,Dawson,0.039443527686101945,173
2016,37,037,Chatham,0.310407790626902,7
2016,37,115,Madison,,0
2016,37,087,Haywood,,0
2016,37,021,Buncombe,,0
2016,37,089,Henderson,,0
2016,37,175,Transylvania,,0
2016,37,167,Stanly,0.0,22
2016,37,109,Lincoln,0.0,2
2016,37,159,Rowan,0.0,7
2016,37,025,Cabarrus,0.0,5
2016,37,097,Iredell,0.0,116
2016,37,071,Gaston,0.0,6
2016,37,179,Union,0.0,3
2016,37,119,Mecklenburg,0.0,5
2016,37,045,Cleveland,0.04,25
2016,37,005,Alleghany,,0
2016,37,173,Swain,,0
2016,37,011,Avery,,0
2016,37,033,Caswell,0.0,28
2016,37,075,Graham,,0
2016,37,007,Anson,0.0,11
2016,37,149,Polk,0.0,1
2016,37,039,Cherokee,,0
2016,37,113,Macon,,0
2016,37,009,Ashe,,0
2016,37,123,Montgomery,0.2,5
2016,37,043,Clay,,0
2016,37,121,Mitchell,,0
2016,37,199,Yancey,,0
2016,37,189,Watauga,,0
2016,37,099,Jackson,,0
2016,37,161,Rutherford,0.06666666666666667,15
2016,37,193,Wilkes,,0
2016,37,125,Moore,0.1601758793969849,7
2016,37,153,Richmond,0.0,7
2016,37,093,Hoke,0.0,4
2016,37,165,Scotland,0.0,45
2016,37,155,Robeson,0.029411764705882353,136
2016,37,001,Alamance,0.10526315789473684,38
2016,37,151,Randolph,0.0,16
2016,37,081,Guilford,0.0,28
2016,37,157,Rockingham,0.08333333333333333,24
2016,37,171,Surry,0.0,1
2016,37,057,Davidson,0.0,5
2016,37,169,Stokes,0.0,5
2016,37,067,Forsyth,0.0,1
2016,37,197,Yadkin,0.0,2
2016,37,059,Davie,,0
2016,37,027,Caldwell,,0
2016,37,003,Alexander,0.0,2
2016,37,035,Catawba,0.0,3
2016,37,023,Burke,,0
2016,37,111,McDowell,,0
2016,37,029,Camden,0.0,4
2016,37,139,Pasquotank,0.0,41
2016,37,143,Perquimans,0.0,15
2016,37,177,Tyrrell,0.0,2
2016,37,055,Dare,0.0,31
2016,37,073,Gates,0.3333333333333333,3
2016,37,053,Currituck,1.0,1
2016,37,019,Brunswick,0.0,1
2016,37,031,Carteret,0.0,2
2016,37,137,Pamlico,,0
2016,37,049,Craven,,0
2016,37,103,Jones,,0
2016,37,085,Harnett,0.0,4
2016,37,063,Durham,0.04804974561899378,21
2016,37,145,Person,0.0,39
2016,37,135,Orange,0.15932521087160265,15
2016,37,181,Vance,0.011585642889595639,90
2016,37,077,Granville,0.05037172718457063,221
2016,37,069,Franklin,0.0,30
2016,37,101,Johnston,0.0,5
2016,37,183,Wake,0.0,8
2016,37,105,Lee,0.0,3
2016,37,131,Northampton,0.0,7
2016,37,083,Halifax,0.058939096267190565,34
2016,37,127,Nash,0.012663417300596728,87
2016,37,065,Edgecombe,0.05004076416279224,179
2016,37,195,Wilson,0.0,10
2016,37,163,Sampson,0.3,20
2016,37,185,Warren,0.0,24
2016,37,187,Washington,0.0,15
2016,37,061,Duplin,0.0,23
2016,37,091,Hertford,0.0,101
2016,37,017,Bladen,,0
2016,37,095,Hyde,,0
2016,37,015,Bertie,0.011236450163038689,536
2016,37,079,Greene,0.0,1
2016,37,041,Chowan,0.03429447522728495,148
2016,37,117,Martin,0.00909090909090909,110
2016,37,047,Columbus,,0
2016,37,191,Wayne,0.0,7
2016,37,133,Onslow,,0
2016,37,107,Lenoir,,0
2016,37,129,New Hanover,,0
2016,37,141,Pender,0.0,2
2016,37,051,Cumberland,0.0,2
2016,37,147,Pitt,0.043478260869565216,23
2016,37,013,Beaufort,,0
2017,17,121,Marion,0.0,11
2017,17,005,Bond,0.0,11
2017,17,083,Jersey,0.0,12
2017,17,163,St. Clair,0.07692307692307693,13
2017,17,027,Clinton,0.0,25
2017,17,013,Calhoun,0.0,6
2017,17,119,Madison,0.0,25
2017,17,133,Monroe,0.0,22
2017,17,117,Macoupin,0.2279746423927178,49
2017,17,171,Scott,0.0,2
2017,17,137,Morgan,0.03225806451612903,31
2017,17,107,Logan,0.0,23
2017,17,129,Menard,0.0392156862745098,51
2017,17,167,Sangamon,0.0,65
2017,17,021,Christian,0.0,14
2017,17,127,Massac,,0
2017,17,057,Fulton,0.0,13
2017,17,175,Stark,0.0,14
2017,17,203,Woodford,0.0,95
2017,17,179,Tazewell,0.0,62
2017,17,123,Marshall,0.052827843380981974,20
2017,17,143,Peoria,0.0,33
2017,17,001,Adams,0.009987466708444305,101
2017,17,177,Stephenson,0.008621855558560994,122
2017,17,141,Ogle,0.023106895822635698,133
2017,17,201,Winnebago,0.0,93
2017,17,007,Boone,0.0,97
2017,17,025,Clay,0.0,5
2017,17,185,Wabash,0.0,1
2017,17,009,Brown,0.0,47
2017,17,151,Pope,,0
2017,17,033,Crawford,0.0,4
2017,17,135,Montgomery,0.0,28
2017,17,055,Franklin,0.0,3
2017,17,023,Clark,0.0,19
2017,17,059,Gallatin,,0
2017,17,075,Iroquois,0.0089179548156956,228
2017,17,041,Douglas,0.047619047619047616,21
2017,17,189,Washington,0.0,51
2017,17,159,Richland,0.0,11
2017,17,065,Hamilton,0.0,4
2017,17,193,White,0.07692307692307693,13
2017,17,169,Schuyler,0.034482758620689655,29
2017,17,181,Union,0.0,4
2017,17,085,Jo Daviess,0.0,27
2017,17,125,Mason,0.04878048780487805,41
2017,17,191,Wayne,0.0,22
2017,17,069,Hardin,,0
2017,17,061,Greene,0.02631578947368421,38
2017,17,157,Randolph,0.16371814092953524,27
2017,17,149,Pike,0.0,23
2017,17,145,Perry,0.01435670900055218,50
2017,17,087,Johnson,,0
2017,17,173,Shelby,0.017086571964620746,59
2017,17,051,Fayette,0.0,33
2017,17,139,Moultrie,0.0625,16
2017,17,017,Cass,0.0,60
2017,17,015,Carroll,0.0,72
2017,17,047,Edwards,0.0,25
2017,17,079,Jasper,0.0,12
2017,17,187,Warren,0.0,2
2017,17,153,Pulaski,0.0,2
2017,17,165,Saline,0.0,2
2017,17,101,Lawrence,0.0,2
2017,17,045,Edgar,0.0,19
2017,17,071,Henderson,0.0,17
2017,17,199,Williamson,0.0,4
2017,17,077,Jackson,0.0,8
2017,17,147,Piatt,0.02233707077785564,46
2017,17,053,Ford,0.0,67
2017,17,019,Champaign,0.01407207107775509,72
2017,17,029,Coles,0.0,46
2017,17,035,Cumberland,0.0,19
2017,17,183,Vermilion,0.0,88
2017,17,115,Macon,0.0,43
2017,17,049,Effingham,0.0,13
2017,17,067,Hancock,0.0,54
2017,17,095,Knox,0.0,23
2017,17,109,McDonough,0.0,12
2017,17,081,Jefferson,0.0,40
2017,17,113,McLean,0.048985080361144906,62
2017,17,039,De Witt,0.045454545454545456,22
2017,17,105,Livingston,0.02105002476473502,240
2017,17,003,Alexander,,0
2017,17,093,Kendall,0.04104297440849831,25
2017,17,031,Cook,0.0,3
2017,17,037,DeKalb,0.005027899915215806,203
2017,17,089,Kane,0.04225352112676056,71
2017,17,063,Grundy,0.35304177864646963,49
2017,17,111,McHenry,0.006115254562459531,165
2017,17,197,Will,0.05385427666314677,149
2017,17,043,DuPage,0.0,1
2017,17,097,Lake,0.01553930530164534,65
2017,17,091,Kankakee,0.008877593649909483,117
2017,17,011,Bureau,0.0,64
2017,17,155,Putnam,0.0,33
2017,17,099,LaSalle,0.009091557330290928,114
2017,17,131,Mercer,0.0,1
2017,17,161,Rock Island,0.0,3
2017,17,073,Henry,0.0,20
2017,17,103,Lee,0.02564102564102564,39
2017,17,195,Whiteside,0.0,67
2017,31,043,Dakota,0.0,3
2017,31,051,Dixon,0.25,4
2017,31,053,Dodge,0.0,5
2017,31,025,Cass,0.045454545454545456,22
2017,31,055,Douglas,0.23076923076923078,13
2017,31,153,Sarpy,,0
2017,31,155,Saunders,0.08,75
2017,31,177,Washington,0.3333333333333333,3
2017,31,067,Gage,0.18567077022417497,282
2017,31,109,Lancaster,0.04305977710233029,70
2017,31,159,Seward,0.0,32
2017,31,139,Pierce,0.0,36
2017,31,119,Madison,0.0,7
2017,31,167,Stanton,0.0,9
2017,31,117,McPherson,0.0,14
2017,31,111,Lincoln,0.05148845379836717,593
2017,31,113,Logan,0.038461538461538464,26
2017,31,007,Banner,0.13082926941744777,2061
2017,31,157,Scotts Bluff,0.15413091270122686,288
2017,31,165,Sioux,0.024864100626477825,164
2017,31,039,Cuming,0.0,2
2017,31,129,Nuckolls,0.04843912387003157,808
2017,31,101,Keith,0.03821830858437519,2033
2017,31,137,Phelps,0.010481749424531402,99
2017,31,181,Webster,0.07099636950383217,1130
2017,31,015,Boyd,0.0,57
2017,31,171,Thomas,,0
2017,31,089,Holt,0.09345794392523364,107
2017,31,017,Brown,0.0,4
2017,31,103,Keya Paha,,0
2017,31,077,Greeley,0.0,13
2017,31,095,Jefferson,0.0804052479333178,291
2017,31,151,Saline,0.20802256199888122,170
2017,31,057,Dundy,0.05939379064915941,1939
2017,31,131,Otoe,0.20635621275656588,54
2017,31,087,Hitchcock,0.03969871072769198,3365
2017,31,105,Kimball,0.1208883006129839,4394
2017,31,127,Nemaha,0.058823529411764705,34
2017,31,041,Custer,0.005123568414707655,196
2017,31,143,Polk,0.5,2
2017,31,045,Dawes,0.1483031976485259,1498
2017,31,179,Wayne,0.0,1
2017,31,071,Garfield,0.0,4
2017,31,013,Box Butte,0.07026724309888754,5727
2017,31,173,Thurston,0.0,23
2017,31,011,Boone,0.0,5
2017,31,145,Red Willow,0.04638984361295019,3045
2017,31,149,Rock,0.0,7
2017,31,005,Arthur,0.0,7
2017,31,085,Hayes,0.026766727578963798,1216
2017,31,097,Johnson,0.1,60
2017,31,003,Antelope,0.03225806451612903,31
2017,31,163,Sherman,0.0,3
2017,31,161,Sheridan,0.06045338436434777,1842
2017,31,133,Pawnee,0.05118866680049325,137
2017,31,075,Grant,,0
2017,31,021,Burt,0.0,16
2017,31,009,Blaine,,0
2017,31,027,Cedar,0.0,2
2017,31,169,Thayer,0.1304599922690375,352
2017,31,049,Deuel,0.04922942692268437,4406
2017,31,123,Morrill,0.10435579804123249,1246
2017,31,115,Loup,0.0,14
2017,31,063,Frontier,0.029619798926421317,1606
2017,31,125,Nance,0.0,5
2017,31,107,Knox,0.0,20
2017,31,135,Perkins,0.06457682071999804,5313
2017,31,037,Colfax,0.0,33
2017,31,023,Butler,0.0,31
2017,31,031,Cherry,0.0326295585412668,93
2017,31,183,Wheeler,0.0,17
2017,31,061,Franklin,0.05691329092735186,430
2017,31,029,Chase,0.04611141246885546,2167
2017,31,059,Fillmore,0.15203911280705937,66
2017,31,185,York,0.0,5
2017,31,035,Clay,0.05088727608339976,98
2017,31,033,Cheyenne,0.0762673165832248,10474
2017,31,069,Garden,0.0528198095713017,2555
2017,31,083,Harlan,0.023634088697344638,1111
2017,31,091,Hooker,,0
2017,31,147,Richardson,0.09090909090909091,11
2017,31,065,Furnas,0.034048069173256285,2134
2017,31,175,Valley,0.0,17
2017,31,141,Platte,0.15384615384615385,13
2017,31,121,Merrick,0.0,1
2017,31,079,Hall,0.1045976221565528,60
2017,31,081,Hamilton,0.1316845644863868,75
2017,31,093,Howard,0.0,5
2017,31,001,Adams,0.0266374410224022,221
2017,31,099,Kearney,0.054948370080504745,465
2017,31,019,Buffalo,0.03595473932813987,112
2017,31,073,Gosper,0.04106297932163202,394
2017,31,047,Dawson,0.02168643959688736,94
2017,37,037,Chatham,0.0,3
2017,37,115,Madison,,0
2017,37,087,Haywood,,0
2017,37,021,Buncombe,,0
2017,37,089,Henderson,,0
2017,37,175,Transylvania,,0
2017,37,167,Stanly,0.0,4
2017,37,109,Lincoln,0.0,39
2017,37,159,Rowan,0.0,17
2017,37,025,Cabarrus,0.0,1
2017,37,097,Iredell,0.0,23
2017,37,071,Gaston,0.0,3
2017,37,179,Union,0.0,5
2017,37,119,Mecklenburg,,0
2017,37,045,Cleveland,0.0,36
2017,37,005,Alleghany,,0
2017,37,173,Swain,,0
2017,37,011,Avery,,0
2017,37,033,Caswell,0.010952667296624002,93
2017,37,075,Graham,,0
2017,37,007,Anson,0.0,21
2017,37,149,Polk,,0
2017,37,039,Cherokee,0.0,26
2017,37,113,Macon,,0
2017,37,009,Ashe,,0
2017,37,123,Montgomery,0.0,3
2017,37,043,Clay,0.0,1
2017,37,121,Mitchell,,0
2017,37,199,Yancey,,0
2017,37,189,Watauga,,0
2017,37,099,Jackson,,0
2017,37,161,Rutherford,0.16666666666666666,6
2017,37,193,Wilkes,0.0,1
2017,37,125,Moore,0.0,19
2017,37,153,Richmond,0.03570928441394763,29
2017,37,093,Hoke,0.0,2
2017,37,165,Scotland,0.0,23
2017,37,155,Robeson,0.0,2
2017,37,001,Alamance,0.046946916231973,65
2017,37,151,Randolph,0.0,11
2017,37,081,Guilford,0.10810810810810811,37
2017,37,157,Rockingham,0.007751937984496124,129
2017,37,171,Surry,,0
2017,37,057,Davidson,0.0,2
2017,37,169,Stokes,0.0,17
2017,37,067,Forsyth,,0
2017,37,197,Yadkin,0.0,2
2017,37,059,Davie,0.0,24
2017,37,027,Caldwell,0.0,1
2017,37,003,Alexander,0.0,2
2017,37,035,Catawba,0.0,56
2017,37,023,Burke,,0
2017,37,111,McDowell,0.0,1
2017,37,029,Camden,0.0,1
2017,37,139,Pasquotank,0.0,43
2017,37,143,Perquimans,0.0,5
2017,37,177,Tyrrell,0.0,1
2017,37,055,Dare,,0
2017,37,073,Gates,0.0,2
2017,37,053,Currituck,0.0,2
2017,37,019,Brunswick,,0
2017,37,031,Carteret,0.0,7
2017,37,137,Pamlico,,0
2017,37,049,Craven,0.0,4
2017,37,103,Jones,0.0,21
2017,37,085,Harnett,0.0,44
2017,37,063,Durham,0.0,22
2017,37,145,Person,0.03043625295908015,199
2017,37,135,Orange,0.0,39
2017,37,181,Vance,0.03034991668650321,33
2017,37,077,Granville,0.059285780712359334,254
2017,37,069,Franklin,0.019230769230769232,52
2017,37,101,Johnston,0.0,15
2017,37,183,Wake,0.0,12
2017,37,105,Lee,,0
2017,37,131,Northampton,0.0,2
2017,37,083,Halifax,0.0,1
2017,37,127,Nash,0.0,26
2017,37,065,Edgecombe,0.0,80
2017,37,195,Wilson,0.0,23
2017,37,163,Sampson,0.0,5
2017,37,185,Warren,0.0,13
2017,37,187,Washington,0.0,54
2017,37,061,Duplin,0.0,10
2017,37,091,Hertford,0.0,52
2017,37,017,Bladen,0.0,2
2017,37,095,Hyde,,0
2017,37,015,Bertie,0.02100169866680393,382
2017,37,079,Greene,,0
2017,37,041,Chowan,0.017670905374034162,115
2017,37,117,Martin,0.015384615384615385,130
2017,37,047,Columbus,0.0,1
2017,37,191,Wayne,0.0,13
2017,37,133,Onslow,0.0,2
2017,37,107,Lenoir,0.0,2
2017,37,129,New Hanover,0.0,1
2017,37,141,Pender,0.0,19
2017,37,051,Cumberland,0.0,8
2017,37,147,Pitt,0.0,53
2017,37,013,Beaufort,,0
2018,17,121,Marion,0.0,4
2018,17,005,Bond,0.0,5
2018,17,083,Jersey,0.0,19
2018,17,163,St. Clair,0.0,13
2018,17,027,Clinton,0.0,9
2018,17,013,Calhoun,0.0,2
2018,17,119,Madison,0.0,16
2018,17,133,Monroe,0.0,14
2018,17,117,Macoupin,0.0,45
2018,17,171,Scott,0.0,5
2018,17,137,Morgan,0.0,45
2018,17,107,Logan,0.0,56
2018,17,129,Menard,0.0,56
2018,17,167,Sangamon,0.012355848434925864,81
2018,17,021,Christian,0.0,35
2018,17,127,Massac,,0
2018,17,057,Fulton,0.0,20
2018,17,175,Stark,0.0,5
2018,17,203,Woodford,0.0,162
2018,17,179,Tazewell,0.0,134
2018,17,123,Marshall,0.175,40
2018,17,143,Peoria,0.0,45
2018,17,001,Adams,0.0,96
2018,17,177,Stephenson,0.0,128
2018,17,141,Ogle,0.02577927548441449,117
2018,17,201,Winnebago,0.03154476573372507,130
2018,17,007,Boone,0.0,82
2018,17,025,Clay,0.0,3
2018,17,185,Wabash,,0
2018,17,009,Brown,0.0,47
2018,17,151,Pope,,0
2018,17,033,Crawford,,0
2018,17,135,Montgomery,0.0,34
2018,17,055,Franklin,0.0,2
2018,17,023,Clark,0.0,16
2018,17,059,Gallatin,,0
2018,17,075,Iroquois,0.004854646181963561,206
2018,17,041,Douglas,0.0,27
2018,17,189,Washington,0.0,12
2018,17,159,Richland,,0
2018,17,065,Hamilton,0.0,6
2018,17,193,White,0.0,1
2018,17,169,Schuyler,0.0,25
2018,17,181,Union,0.0,1
2018,17,085,Jo Daviess,0.09090909090909091,22
2018,17,125,Mason,0.0,96
2018,17,191,Wayne,,0
2018,17,069,Hardin,,0
2018,17,061,Greene,0.0,28
2018,17,157,Randolph,0.0,18
2018,17,149,Pike,0.049385107001065166,41
2018,17,145,Perry,0.0,58
2018,17,087,Johnson,0.0,1
2018,17,173,Shelby,0.0,52
2018,17,051,Fayette,0.0,5
2018,17,139,Moultrie,0.0,22
2018,17,017,Cass,0.0,59
2018,17,015,Carroll,0.014936738519212745,67
2018,17,047,Edwards,0.0,1
2018,17,079,Jasper,0.0,6
2018,17,187,Warren,0.0,12
2018,17,153,Pulaski,,0
2018,17,165,Saline,,0
2018,17,101,Lawrence,,0
2018,17,045,Edgar,0.0,5
2018,17,071,Henderson,0.0,4
2018,17,199,Williamson,,0
2018,17,077,Jackson,0.0,3
2018,17,147,Piatt,0.0,22
2018,17,053,Ford,0.012101941056428268,84
2018,17,019,Champaign,0.017239630869080213,117
2018,17,029,Coles,0.0,39
2018,17,035,Cumberland,0.0,22
2018,17,183,Vermilion,0.0,69
2018,17,115,Macon,0.0587467362924282,52
2018,17,049,Effingham,0.0,21
2018,17,067,Hancock,0.0,57
2018,17,095,Knox,0.0,18
2018,17,109,McDonough,0.0,13
2018,17,081,Jefferson,0.0,14
2018,17,113,McLean,0.0,58
2018,17,039,De Witt,0.0,16
2018,17,105,Livingston,0.021072348396160148,286
2018,17,003,Alexander,0.0,15
2018,17,093,Kendall,0.17382413087934562,35
2018,17,031,Cook,0.0,4
2018,17,037,DeKalb,0.007753234314902933,259
2018,17,089,Kane,0.015556368960468522,67
2018,17,063,Grundy,0.3090909090909091,55
2018,17,111,McHenry,0.019365127582017014,156
2018,17,197,Will,0.0037071497106969443,270
2018,17,043,DuPage,0.0,5
2018,17,097,Lake,0.0779431840343236,61
2018,17,091,Kankakee,0.004302708175145533,235
2018,17,011,Bureau,0.0,87
2018,17,155,Putnam,0.0625,32
2018,17,099,LaSalle,0.008920762637747071,115
2018,17,131,Mercer,0.0,21
2018,17,161,Rock Island,0.0,21
2018,17,073,Henry,0.0,59
2018,17,103,Lee,0.0,66
2018,17,195,Whiteside,0.0,47
2018,31,043,Dakota,0.0,1
2018,31,051,Dixon,0.0,8
2018,31,053,Dodge,0.0,6
2018,31,025,Cass,0.0,21
2018,31,055,Douglas,0.06666666666666667,15
2018,31,153,Sarpy,,0
2018,31,155,Saunders,0.029411764705882353,34
2018,31,177,Washington,0.0,5
2018,31,067,Gage,0.18875982234369662,208
2018,31,109,Lancaster,0.07184562097971302,83
2018,31,159,Seward,0.024921813917122754,41
2018,31,139,Pierce,0.0,35
2018,31,119,Madison,0.0,10
2018,31,167,Stanton,0.0,13
2018,31,117,McPherson,0.0,1
2018,31,111,Lincoln,0.026188764506521515,855
2018,31,113,Logan,0.0,46
2018,31,007,Banner,0.08627493539858279,2113
2018,31,157,Scotts Bluff,0.08161035555601802,385
2018,31,165,Sioux,0.036862290649228815,146
2018,31,039,Cuming,0.0,1
2018,31,129,Nuckolls,0.05602946780134638,780
2018,31,101,Keith,0.05450132832630886,1988
2018,31,137,Phelps,0.051950697769175914,79
2018,31,181,Webster,0.07360127576597274,1003
2018,31,015,Boyd,0.0,90
2018,31,171,Thomas,0.0,1
2018,31,089,Holt,0.3387096774193548,62
2018,31,017,Brown,0.0,14
2018,31,103,Keya Paha,0.0,20
2018,31,077,Greeley,0.0,7
2018,31,095,Jefferson,0.05482443732814321,350
2018,31,151,Saline,0.13753633176519942,131
2018,31,057,Dundy,0.03985142195657639,2041
2018,31,131,Otoe,0.15389032443296008,49
2018,31,087,Hitchcock,0.039465603864336084,3836
2018,31,105,Kimball,0.06189370931365012,4936
2018,31,127,Nemaha,0.0,37
2018,31,041,Custer,0.006688173735148321,300
2018,31,143,Polk,0.0,1
2018,31,045,Dawes,0.06827404562470152,1376
2018,31,179,Wayne,0.0,3
2018,31,071,Garfield,0.0,3
2018,31,013,Box Butte,0.0466232183071801,5662
2018,31,173,Thurston,0.0,35
2018,31,011,Boone,0.0,3
2018,31,145,Red Willow,0.03751854470551211,2900
2018,31,149,Rock,0.0,19
2018,31,005,Arthur,0.0,9
2018,31,085,Hayes,0.021457803918086348,1530
2018,31,097,Johnson,0.2153846153846154,65
2018,31,003,Antelope,0.0,3
2018,31,163,Sherman,0.0,13
2018,31,161,Sheridan,0.03951362674044784,2104
2018,31,133,Pawnee,0.13043478260869565,116
2018,31,075,Grant,,0
2018,31,021,Burt,0.0,1
2018,31,009,Blaine,0.0,9
2018,31,027,Cedar,0.0,5
2018,31,169,Thayer,0.060710002821670425,450
2018,31,049,Deuel,0.04763682136320697,4618
2018,31,123,Morrill,0.06417032248603864,1310
2018,31,115,Loup,0.0,3
2018,31,063,Frontier,0.0300402926557313,2188
2018,31,125,Nance,0.0,1
2018,31,107,Knox,0.0,29
2018,31,135,Perkins,0.06724144715550316,4937
2018,31,037,Colfax,0.0,14
2018,31,023,Butler,0.0,4
2018,31,031,Cherry,0.023724240591710473,85
2018,31,183,Wheeler,0.0,10
2018,31,061,Franklin,0.09385185282144586,311
2018,31,029,Chase,0.04373551722970987,2243
2018,31,059,Fillmore,0.1609940882741204,69
2018,31,185,York,0.0,12
2018,31,035,Clay,0.19958908130319933,41
2018,31,033,Cheyenne,0.0469831074809727,10635
2018,31,069,Garden,0.04342937790393429,2512
2018,31,083,Harlan,0.014957590830703535,1008
2018,31,091,Hooker,,0
2018,31,147,Richardson,0.02676041557351244,44
2018,31,065,Furnas,0.07810636584832659,2226
2018,31,175,Valley,0.0,15
2018,31,141,Platte,0.125,8
2018,31,121,Merrick,,0
2018,31,079,Hall,0.22857142857142856,35
2018,31,081,Hamilton,0.0,23
2018,31,093,Howard,0.0,4
2018,31,001,Adams,0.0410689101784759,170
2018,31,099,Kearney,0.09833062870547406,248
2018,31,019,Buffalo,0.047058823529411764,85
2018,31,073,Gosper,0.01824164818656556,555
2018,31,047,Dawson,0.06653909715577976,94
2018,37,037,Chatham,0.0,3
2018,37,115,Madison,,0
2018,37,087,Haywood,,0
2018,37,021,Buncombe,,0
2018,37,089,Henderson,,0
2018,37,175,Transylvania,,0
2018,37,167,Stanly,0.0,5
2018,37,109,Lincoln,0.0,27
2018,37,159,Rowan,0.5555555555555556,9
2018,37,025,Cabarrus,0.0,28
2018,37,097,Iredell,0.0,136
2018,37,071,Gaston,0.0,3
2018,37,179,Union,0.0,14
2018,37,119,Mecklenburg,,0
2018,37,045,Cleveland,0.2777777777777778,18
2018,37,005,Alleghany,,0
2018,37,173,Swain,,0
2018,37,011,Avery,,0
2018,37,033,Caswell,0.030214683275907765,17
2018,37,075,Graham,,0
2018,37,007,Anson,0.05263157894736842,19
2018,37,149,Polk,,0
2018,37,039,Cherokee,0.8333333333333334,12
2018,37,113,Macon,,0
2018,37,009,Ashe,,0
2018,37,123,Montgomery,0.0,1
2018,37,043,Clay,,0
2018,37,121,Mitchell,,0
2018,37,199,Yancey,,0
2018,37,189,Watauga,,0
2018,37,099,Jackson,,0
2018,37,161,Rutherford,0.3333333333333333,3
2018,37,193,Wilkes,0.0,3
2018,37,125,Moore,0.0,11
2018,37,153,Richmond,0.0,2
2018,37,093,Hoke,,0
2018,37,165,Scotland,0.0,1
2018,37,155,Robeson,0.0,18
2018,37,001,Alamance,0.06666666666666667,45
2018,37,151,Randolph,0.0,9
2018,37,081,Guilford,0.07802937576499389,65
2018,37,157,Rockingham,0.02924870961575225,103
2018,37,171,Surry,,0
2018,37,057,Davidson,,0
2018,37,169,Stokes,0.0,10
2018,37,067,Forsyth,,0
2018,37,197,Yadkin,0.0,1
2018,37,059,Davie,0.0,6
2018,37,027,Caldwell,,0
2018,37,003,Alexander,,0
2018,37,035,Catawba,0.0,9
2018,37,023,Burke,0.0,4
2018,37,111,McDowell,,0
2018,37,029,Camden,0.0,8
2018,37,139,Pasquotank,0.07142857142857142,28
2018,37,143,Perquimans,0.0,1
2018,37,177,Tyrrell,,0
2018,37,055,Dare,,0
2018,37,073,Gates,0.0,1
2018,37,053,Currituck,0.0,1
2018,37,019,Brunswick,0.0,1
2018,37,031,Carteret,0.0,1
2018,37,137,Pamlico,,0
2018,37,049,Craven,0.0,4
2018,37,103,Jones,0.0,7
2018,37,085,Harnett,0.0,10
2018,37,063,Durham,0.3333333333333333,6
2018,37,145,Person,0.345961887477314,36
2018,37,135,Orange,0.07692307692307693,13
2018,37,181,Vance,0.04632152588555858,23
2018,37,077,Granville,0.1627421329300785,167
2018,37,069,Franklin,0.2,30
2018,37,101,Johnston,0.0,13
2018,37,183,Wake,0.0,12
2018,37,105,Lee,0.0,6
2018,37,131,Northampton,0.0,10
2018,37,083,Halifax,0.0,11
2018,37,127,Nash,0.14285714285714285,14
2018,37,065,Edgecombe,0.0,51
2018,37,195,Wilson,0.0,8
2018,37,163,Sampson,0.0,14
2018,37,185,Warren,0.0,7
2018,37,187,Washington,0.18181818181818182,11
2018,37,061,Duplin,0.0,11
2018,37,091,Hertford,0.0,57
2018,37,017,Bladen,0.0,11
2018,37,095,Hyde,0.0,2
2018,37,015,Bertie,0.0,257
2018,37,079,Greene,0.0,3
2018,37,041,Chowan,0.0,88
2018,37,117,Martin,0.0,79
2018,37,047,Columbus,0.0,6
2018,37,191,Wayne,0.0,1
2018,37,133,Onslow,,0
2018,37,107,Lenoir,0.0,7
2018,37,129,New Hanover,,0
2018,37,141,Pender,0.0,1
2018,37,051,Cumberland,0.0,3
2018,37,147,Pitt,0.0,5
2018,37,013,Beaufort,0.0,4
2019,17,121,Marion,0.0,130
2019,17,005,Bond,0.0,53
2019,17,083,Jersey,0.0,15
2019,17,163,St. Clair,0.0,50
2019,17,027,Clinton,0.0,62
2019,17,013,Calhoun,0.0,6
2019,17,119,Madison,0.0,32
2019,17,133,Monroe,0.0,81
2019,17,117,Macoupin,0.0,56
2019,17,171,Scott,0.0,5
2019,17,137,Morgan,0.03226214574898786,31
2019,17,107,Logan,0.022222222222222223,45
2019,17,129,Menard,0.0,66
2019,17,167,Sangamon,0.0,66
2019,17,021,Christian,0.10526315789473684,19
2019,17,127,Massac,0.0,11
2019,17,057,Fulton,0.0,56
2019,17,175,Stark,0.0,19
2019,17,203,Woodford,0.01519485162674294,132
2019,17,179,Tazewell,0.0,82
2019,17,123,Marshall,0.0,27
2019,17,143,Peoria,0.0,33
2019,17,001,Adams,0.012241958713394143,164
2019,17,177,Stephenson,0.009399535552360942,107
2019,17,141,Ogle,0.008047972226605648,125
2019,17,201,Winnebago,0.0,85
2019,17,007,Boone,0.0,98
2019,17,025,Clay,0.0,257
2019,17,185,Wabash,0.0,11
2019,17,009,Brown,0.0,32
2019,17,151,Pope,,0
2019,17,033,Crawford,0.0,65
2019,17,135,Montgomery,0.0,50
2019,17,055,Franklin,0.0,41
2019,17,023,Clark,0.0,34
2019,17,059,Gallatin,0.0,1
2019,17,075,Iroquois,0.0,301
2019,17,041,Douglas,0.0,47
2019,17,189,Washington,0.0,105
2019,17,159,Richland,0.0,44
2019,17,065,Hamilton,0.0,127
2019,17,193,White,0.0,92
2019,17,169,Schuyler,0.047619047619047616,21
2019,17,181,Union,0.0,11
2019,17,085,Jo Daviess,0.05303660565723794,19
2019,17,125,Mason,0.01639344262295082,61
2019,17,191,Wayne,0.0,115
2019,17,069,Hardin,,0
2019,17,061,Greene,0.0,21
2019,17,157,Randolph,0.0,47
2019,17,149,Pike,0.0,62
2019,17,145,Perry,0.0,93
2019,17,087,Johnson,0.0,2
2019,17,173,Shelby,0.0,82
2019,17,051,Fayette,0.0,66
2019,17,139,Moultrie,0.0,10
2019,17,017,Cass,0.0,44
2019,17,015,Carroll,0.0,36
2019,17,047,Edwards,0.0,75
2019,17,079,Jasper,0.0,53
2019,17,187,Warren,0.0,10
2019,17,153,Pulaski,0.0,4
2019,17,165,Saline,0.0,2
2019,17,101,Lawrence,0.0,15
2019,17,045,Edgar,0.0,11
2019,17,071,Henderson,0.0,29
2019,17,199,Williamson,0.0,14
2019,17,077,Jackson,0.0,93
2019,17,147,Piatt,0.0,71
2019,17,053,Ford,0.011927034611786716,87
2019,17,019,Champaign,0.0,60
2019,17,029,Coles,0.0,36
2019,17,035,Cumberland,0.0,28
2019,17,183,Vermilion,0.0,106
2019,17,115,Macon,0.01946862116353642,54
2019,17,049,Effingham,0.0,49
2019,17,067,Hancock,0.0,52
2019,17,095,Knox,0.0,24
2019,17,109,McDonough,0.0,27
2019,17,081,Jefferson,0.0,108
2019,17,113,McLean,0.0,76
2019,17,039,De Witt,0.0,20
2019,17,105,Livingston,0.013898161899960482,289
2019,17,003,Alexander,0.0,16
2019,17,093,Kendall,0.0,32
2019,17,031,Cook,,0
2019,17,037,DeKalb,0.0,208
2019,17,089,Kane,0.010309278350515464,97
2019,17,063,Grundy,0.0,19
2019,17,111,McHenry,0.055928718300205627,144
2019,17,197,Will,0.041653905053598776,193
2019,17,043,DuPage,1.0,1
2019,17,097,Lake,0.03333333333333333,30
2019,17,091,Kankakee,0.0,224
2019,17,011,Bureau,0.0,83
2019,17,155,Putnam,0.0,22
2019,17,099,LaSalle,0.00950995748489595,106
2019,17,131,Mercer,0.0,19
2019,17,161,Rock Island,0.0,5
2019,17,073,Henry,0.01818181818181818,55
2019,17,103,Lee,0.0,53
2019,17,195,Whiteside,0.05263157894736842,38
2019,31,043,Dakota,,0
2019,31,051,Dixon,0.0,2
2019,31,053,Dodge,0.0,4
2019,31,025,Cass,0.4024439918533606,12
2019,31,055,Douglas,0.14285714285714285,7
2019,31,153,Sarpy,0.0,4
2019,31,155,Saunders,0.07805325987144168,52
2019,31,177,Washington,0.0,3
2019,31,067,Gage,0.17614369051274179,131
2019,31,109,Lancaster,0.2115359174493981,61
2019,31,159,Seward,0.0,33
2019,31,139,Pierce,0.0,21
2019,31,119,Madison,0.0,11
2019,31,167,Stanton,0.0,15
2019,31,117,McPherson,0.0,19
2019,31,111,Lincoln,0.07299135783832744,851
2019,31,113,Logan,0.01600686008289267,30
2019,31,007,Banner,0.05348189498596922,2635
2019,31,157,Scotts Bluff,0.07846489166203685,465
2019,31,165,Sioux,0.036405585913782644,163
2019,31,039,Cuming,0.0,8
2019,31,129,Nuckolls,0.05833523971371613,604
2019,31,101,Keith,0.052959623757920106,1925
2019,31,137,Phelps,0.0,113
2019,31,181,Webster,0.056016924465499204,825
2019,31,015,Boyd,0.0,16
2019,31,171,Thomas,0.0,1
2019,31,089,Holt,0.025,40
2019,31,017,Brown,0.0,6
2019,31,103,Keya Paha,0.16634050880626222,14
2019,31,077,Greeley,0.0,4
2019,31,095,Jefferson,0.10754264812537447,257
2019,31,151,Saline,0.12745098039215685,102
2019,31,057,Dundy,0.05508363970994874,1790
2019,31,131,Otoe,0.03633077270673294,47
2019,31,087,Hitchcock,0.0671766751616969,3433
2019,31,105,Kimball,0.06764065225980734,5032
2019,31,127,Nemaha,0.0,27
2019,31,041,Custer,0.02789323999124918,251
2019,31,143,Polk,0.0,17
2019,31,045,Dawes,0.022308163369965578,1306
2019,31,179,Wayne,0.0,5
2019,31,071,Garfield,,0
2019,31,013,Box Butte,0.038741380511248855,5640
2019,31,173,Thurston,0.0,5
2019,31,011,Boone,0.0,7
2019,31,145,Red Willow,0.050263920364898594,2769
2019,31,149,Rock,,0
2019,31,005,Arthur,0.5,4
2019,31,085,Hayes,0.04365108764411213,1397
2019,31,097,Johnson,0.12815143646871596,49
2019,31,003,Antelope,0.0,8
2019,31,163,Sherman,0.0,31
2019,31,161,Sheridan,0.05067368946660545,1957
2019,31,133,Pawnee,0.0,95
2019,31,075,Grant,,0
2019,31,021,Burt,0.0,1
2019,31,009,Blaine,0.0,2
2019,31,027,Cedar,0.0,3
2019,31,169,Thayer,0.10300933932895194,399
2019,31,049,Deuel,0.06576180232692619,4312
2019,31,123,Morrill,0.02595392171813811,1385
2019,31,115,Loup,0.0,2
2019,31,063,Frontier,0.06617419494607184,2043
2019,31,125,Nance,0.0,12
2019,31,107,Knox,0.0,56
2019,31,135,Perkins,0.10193607507888996,4980
2019,31,037,Colfax,0.0,36
2019,31,023,Butler,0.0,11
2019,31,031,Cherry,0.03396074546467711,128
2019,31,183,Wheeler,0.07142857142857142,14
2019,31,061,Franklin,0.0752469444396559,239
2019,31,029,Chase,0.08046208500709423,2203
2019,31,059,Fillmore,0.0,41
2019,31,185,York,0.022222222222222223,45
2019,31,035,Clay,0.040287542459909946,51
2019,31,033,Cheyenne,0.04097009114642972,10514
2019,31,069,Garden,0.04528175533276874,2632
2019,31,083,Harlan,0.035964210011075484,951
2019,31,091,Hooker,0.0,2
2019,31,147,Richardson,0.03782260456837734,28
2019,31,065,Furnas,0.09705063931117261,2045
2019,31,175,Valley,0.0,43
2019,31,141,Platte,0.03653295128939828,29
2019,31,121,Merrick,0.0,16
2019,31,079,Hall,0.09014582412726468,45
2019,31,081,Hamilton,0.0,29
2019,31,093,Howard,0.0,16
2019,31,001,Adams,0.044326241134751775,118
2019,31,099,Kearney,0.04664563040197557,260
2019,31,019,Buffalo,0.02097902097902098,143
2019,31,073,Gosper,0.05944544328006476,557
2019,31,047,Dawson,0.0751231008795926,95
2019,37,037,Chatham,0.0,1
2019,37,115,Madison,,0
2019,37,087,Haywood,,0
2019,37,021,Buncombe,,0
2019,37,089,Henderson,,0
2019,37,175,Transylvania,,0
2019,37,167,Stanly,0.0,2
2019,37,109,Lincoln,0.0,20
2019,37,159,Rowan,0.3125,16
2019,37,025,Cabarrus,0.0,5
2019,37,097,Iredell,0.0,3
2019,37,071,Gaston,0.0,2
2019,37,179,Union,0.0,18
2019,37,119,Mecklenburg,,0
2019,37,045,Cleveland,0.0,2
2019,37,005,Alleghany,,0
2019,37,173,Swain,,0
2019,37,011,Avery,,0
2019,37,033,Caswell,,0
2019,37,075,Graham,,0
2019,37,007,Anson,,0
2019,37,149,Polk,0.0,1
2019,37,039,Cherokee,0.6666666666666666,9
2019,37,113,Macon,,0
2019,37,009,Ashe,,0
2019,37,123,Montgomery,,0
2019,37,043,Clay,,0
2019,37,121,Mitchell,,0
2019,37,199,Yancey,,0
2019,37,189,Watauga,,0
2019,37,099,Jackson,,0
2019,37,161,Rutherford,,0
2019,37,193,Wilkes,,0
2019,37,125,Moore,0.0,7
2019,37,153,Richmond,0.0,7
2019,37,093,Hoke,,0
2019,37,165,Scotland,0.0,46
2019,37,155,Robeson,0.20878820960698688,15
2019,37,001,Alamance,0.25,8
2019,37,151,Randolph,0.0,3
2019,37,081,Guilford,0.45454545454545453,11
2019,37,157,Rockingham,0.0,18
2019,37,171,Surry,0.0,3
2019,37,057,Davidson,0.0,1
2019,37,169,Stokes,,0
2019,37,067,Forsyth,,0
2019,37,197,Yadkin,,0
2019,37,059,Davie,0.0,4
2019,37,027,Caldwell,,0
2019,37,003,Alexander,0.0,6
2019,37,035,Catawba,0.0,16
2019,37,023,Burke,,0
2019,37,111,McDowell,,0
2019,37,029,Camden,0.0,1
2019,37,139,Pasquotank,0.0,7
2019,37,143,Perquimans,,0
2019,37,177,Tyrrell,,0
2019,37,055,Dare,,0
2019,37,073,Gates,0.0,2
2019,37,053,Currituck,0.0,11
2019,37,019,Brunswick,,0
2019,37,031,Carteret,,0
2019,37,137,Pamlico,,0
2019,37,049,Craven,0.0,1
2019,37,103,Jones,0.0,1
2019,37,085,Harnett,0.0,7
2019,37,063,Durham,,0
2019,37,145,Person,0.25,4
2019,37,135,Orange,0.0,3
2019,37,181,Vance,0.0,10
2019,37,077,Granville,0.017543859649122806,57
2019,37,069,Franklin,0.2,50
2019,37,101,Johnston,0.08333333333333333,12
2019,37,183,Wake,0.0,7
2019,37,105,Lee,,0
2019,37,131,Northampton,0.0,2
2019,37,083,Halifax,0.0,10
2019,37,127,Nash,0.0,12
2019,37,065,Edgecombe,0.0,66
2019,37,195,Wilson,0.0,5
2019,37,163,Sampson,0.0,29
2019,37,185,Warren,0.0,3
2019,37,187,Washington,0.0,3
2019,37,061,Duplin,0.0,2
2019,37,091,Hertford,0.03832665330661323,80
2019,37,017,Bladen,0.0,5
2019,37,095,Hyde,,0
2019,37,015,Bertie,0.018040963599702853,223
2019,37,079,Greene,,0
2019,37,041,Chowan,0.0,73
2019,37,117,Martin,0.01639344262295082,61
2019,37,047,Columbus,0.0,2
2019,37,191,Wayne,0.0,4
2019,37,133,Onslow,0.0,1
2019,37,107,Lenoir,,0
2019,37,129,New Hanover,,0
2019,37,141,Pender,,0
2019,37,051,Cumberland,0.0,2
2019,37,147,Pitt,0.0,19
2019,37,013,Beaufort,,0
2020,17,121,Marion,0.0,14
2020,17,005,Bond,0.0,23
2020,17,083,Jersey,0.0,25
2020,17,163,St. Clair,0.0,20
2020,17,027,Clinton,0.0,34
2020,17,013,Calhoun,0.0,13
2020,17,119,Madison,0.0,42
2020,17,133,Monroe,0.0,17
2020,17,117,Macoupin,0.012685304944781612,80
2020,17,171,Scott,0.0,6
2020,17,137,Morgan,0.0,45
2020,17,107,Logan,0.0,45
2020,17,129,Menard,0.0,50
2020,17,167,Sangamon,0.0,83
2020,17,021,Christian,0.0,15
2020,17,127,Massac,0.0,1
2020,17,057,Fulton,0.0,42
2020,17,175,Stark,0.0,49
2020,17,203,Woodford,0.007057846664821478,142
2020,17,179,Tazewell,0.013157894736842105,76
2020,17,123,Marshall,0.023255813953488372,43
2020,17,143,Peoria,0.02040816326530612,49
2020,17,001,Adams,0.0,93
2020,17,177,Stephenson,0.0,87
2020,17,141,Ogle,0.07402031930333818,109
2020,17,201,Winnebago,0.009553066346982355,107
2020,17,007,Boone,0.0,54
2020,17,025,Clay,0.0,3
2020,17,185,Wabash,0.0,1
2020,17,009,Brown,0.0,40
2020,17,151,Pope,,0
2020,17,033,Crawford,0.0,3
2020,17,135,Montgomery,0.02025095298602287,51
2020,17,055,Franklin,0.0,13
2020,17,023,Clark,0.0,20
2020,17,059,Gallatin,,0
2020,17,075,Iroquois,0.010193883669798122,198
2020,17,041,Douglas,0.0,4
2020,17,189,Washington,0.07692307692307693,13
2020,17,159,Richland,0.0,1
2020,17,065,Hamilton,0.0,1
2020,17,193,White,0.0,2
2020,17,169,Schuyler,0.0,19
2020,17,181,Union,,0
2020,17,085,Jo Daviess,0.0,18
2020,17,125,Mason,0.06666666666666667,45
2020,17,191,Wayne,0.0,4
2020,17,069,Hardin,,0
2020,17,061,Greene,0.0,38
2020,17,157,Randolph,0.0,13
2020,17,149,Pike,0.0,81
2020,17,145,Perry,0.0,41
2020,17,087,Johnson,0.0,1
2020,17,173,Shelby,0.0,64
2020,17,051,Fayette,0.0,14
2020,17,139,Moultrie,0.0,18
2020,17,017,Cass,0.0,75
2020,17,015,Carroll,0.0,54
2020,17,047,Edwards,0.0,3
2020,17,079,Jasper,0.0,7
2020,17,187,Warren,0.0,1
2020,17,153,Pulaski,,0
2020,17,165,Saline,,0
2020,17,101,Lawrence,0.0,4
2020,17,045,Edgar,0.0,10
2020,17,071,Henderson,0.0,5
2020,17,199,Williamson,,0
2020,17,077,Jackson,0.0,16
2020,17,147,Piatt,0.05617358739949333,37
2020,17,053,Ford,0.00874395638308816,115
2020,17,019,Champaign,0.0,86
2020,17,029,Coles,0.0,45
2020,17,035,Cumberland,0.0,25
2020,17,183,Vermilion,0.0,105
2020,17,115,Macon,0.0,61
2020,17,049,Effingham,0.0,19
2020,17,067,Hancock,0.0,61
2020,17,095,Knox,0.0,13
2020,17,109,McDonough,0.0,8
2020,17,081,Jefferson,0.0,6
2020,17,113,McLean,0.0,78
2020,17,039,De Witt,0.0,17
2020,17,105,Livingston,0.009012511486534246,224
2020,17,003,Alexander,,0
2020,17,093,Kendall,0.12051039697542534,43
2020,17,031,Cook,0.0,3
2020,17,037,DeKalb,0.004179437169127891,240
2020,17,089,Kane,0.046621325142606404,108
2020,17,063,Grundy,0.0,11
2020,17,111,McHenry,0.0545421211843432,130
2020,17,197,Will,0.014388083281611466,140
2020,17,043,DuPage,1.0,1
2020,17,097,Lake,0.0,12
2020,17,091,Kankakee,0.0,131
2020,17,011,Bureau,0.0,132
2020,17,155,Putnam,0.03125,32
2020,17,099,LaSalle,0.016317911307352658,126
2020,17,131,Mercer,0.0,15
2020,17,161,Rock Island,0.0,15
2020,17,073,Henry,0.0,25
2020,17,103,Lee,0.019230769230769232,52
2020,17,195,Whiteside,0.02846935357820699,71
2020,31,043,Dakota,0.0,1
2020,31,051,Dixon,0.0,9
2020,31,053,Dodge,,0
2020,31,025,Cass,0.0,24
2020,31,055,Douglas,0.14285714285714285,14
2020,31,153,Sarpy,0.0,2
2020,31,155,Saunders,0.04054376341521584,51
2020,31,177,Washington,,0
2020,31,067,Gage,0.024753758424053914,96
2020,31,109,Lancaster,0.16227567773959525,62
2020,31,159,Seward,0.15789473684210525,19
2020,31,139,Pierce,0.0,33
2020,31,119,Madison,0.0,6
2020,31,167,Stanton,0.0,16
2020,31,117,McPherson,0.0,3
2020,31,111,Lincoln,0.061897301233532674,543
2020,31,113,Logan,0.020657809462086844,49
2020,31,007,Banner,0.07580501019094314,2130
2020,31,157,Scotts Bluff,0.06265680366241626,313
2020,31,165,Sioux,0.04943963118988952,102
2020,31,039,Cuming,0.0,13
2020,31,129,Nuckolls,0.0501716657976803,401
2020,31,101,Keith,0.07965123920259277,1415
2020,31,137,Phelps,0.015680728077727215,133
2020,31,181,Webster,0.05229999000804616,749
2020,31,015,Boyd,0.0,15
2020,31,171,Thomas,,0
2020,31,089,Holt,0.02127659574468085,47
2020,31,017,Brown,0.0,3
2020,31,103,Keya Paha,0.0,7
2020,31,077,Greeley,0.0,4
2020,31,095,Jefferson,0.05148927159796724,228
2020,31,151,Saline,0.125,96
2020,31,057,Dundy,0.03837911266079162,1622
2020,31,131,Otoe,0.16129032258064516,31
2020,31,087,Hitchcock,0.04532290018671343,2791
2020,31,105,Kimball,0.06446272550858394,4260
2020,31,127,Nemaha,0.022222222222222223,45
2020,31,041,Custer,0.0,142
2020,31,143,Polk,0.0,9
2020,31,045,Dawes,0.05764114691102571,1129
2020,31,179,Wayne,0.0,7
2020,31,071,Garfield,,0
2020,31,013,Box Butte,0.036969101521194314,4718
2020,31,173,Thurston,0.0,17
2020,31,011,Boone,0.0,2
2020,31,145,Red Willow,0.04571931374530317,2225
2020,31,149,Rock,0.0,1
2020,31,005,Arthur,0.0,2
2020,31,085,Hayes,0.04539049283337361,1065
2020,31,097,Johnson,0.11973939073780596,68
2020,31,003,Antelope,0.0,21
2020,31,163,Sherman,0.06035502958579881,17
2020,31,161,Sheridan,0.043804615729330046,1579
2020,31,133,Pawnee,0.1908144574007059,89
2020,31,075,Grant,,0
2020,31,021,Burt,0.0,2
2020,31,009,Blaine,0.0,2
2020,31,027,Cedar,0.0,7
2020,31,169,Thayer,0.08990782559057102,237
2020,31,049,Deuel,0.05335526940234761,3765
2020,31,123,Morrill,0.036058032221269055,1273
2020,31,115,Loup,0.0,3
2020,31,063,Frontier,0.03544702068298168,1370
2020,31,125,Nance,0.0,18
2020,31,107,Knox,0.0,27
2020,31,135,Perkins,0.05320034089125121,3537
2020,31,037,Colfax,0.0,30
2020,31,023,Butler,0.0,21
2020,31,031,Cherry,0.0,85
2020,31,183,Wheeler,0.0,4
2020,31,061,Franklin,0.05536996826457324,245
2020,31,029,Chase,0.02432706801611961,1297
2020,31,059,Fillmore,0.10526315789473684,38
2020,31,185,York,0.5,2
2020,31,035,Clay,0.15426869006610183,44
2020,31,033,Cheyenne,0.03460500937656389,9471
2020,31,069,Garden,0.06720849948683419,1963
2020,31,083,Harlan,0.007753446482975862,651
2020,31,091,Hooker,,0
2020,31,147,Richardson,0.0,25
2020,31,065,Furnas,0.05878513498500167,1431
2020,31,175,Valley,0.0,14
2020,31,141,Platte,0.15384615384615385,13
2020,31,121,Merrick,0.0,9
2020,31,079,Hall,0.0,19
2020,31,081,Hamilton,0.00828386928445633,61
2020,31,093,Howard,0.0,13
2020,31,001,Adams,0.010075865339023231,102
2020,31,099,Kearney,0.08626230506410472,239
2020,31,019,Buffalo,0.06985153125513614,73
2020,31,073,Gosper,7.527173094872489e-05,270
2020,31,047,Dawson,0.01552227903579255,66
2020,37,037,Chatham,0.0,8
2020,37,115,Madison,,0
2020,37,087,Haywood,,0
2020,37,021,Buncombe,,0
2020,37,089,Henderson,0.0,1
2020,37,175,Transylvania,,0
2020,37,167,Stanly,0.0,1
2020,37,109,Lincoln,0.0,44
2020,37,159,Rowan,0.0,21
2020,37,025,Cabarrus,0.0,1
2020,37,097,Iredell,0.0,20
2020,37,071,Gaston,0.0,8
2020,37,179,Union,0.0,18
2020,37,119,Mecklenburg,0.0,1
2020,37,045,Cleveland,0.0,12
2020,37,005,Alleghany,0.0,5
2020,37,173,Swain,,0
2020,37,011,Avery,,0
2020,37,033,Caswell,0.0,7
2020,37,075,Graham,,0
2020,37,007,Anson,0.0,7
2020,37,149,Polk,,0
2020,37,039,Cherokee,,0
2020,37,113,Macon,,0
2020,37,009,Ashe,0.0,1
2020,37,123,Montgomery,0.0,2
2020,37,043,Clay,,0
2020,37,121,Mitchell,,0
2020,37,199,Yancey,,0
2020,37,189,Watauga,,0
2020,37,099,Jackson,,0
2020,37,161,Rutherford,0.0,2
2020,37,193,Wilkes,0.0,3
2020,37,125,Moore,0.0,31
2020,37,153,Richmond,0.0,24
2020,37,093,Hoke,,0
2020,37,165,Scotland,0.0,14
2020,37,155,Robeson,0.0,34
2020,37,001,Alamance,0.0,18
2020,37,151,Randolph,0.07692307692307693,13
2020,37,081,Guilford,0.058823529411764705,17
2020,37,157,Rockingham,0.0,42
2020,37,171,Surry,0.0,3
2020,37,057,Davidson,0.0,10
2020,37,169,Stokes,0.0,4
2020,37,067,Forsyth,,0
2020,37,197,Yadkin,0.0,2
2020,37,059,Davie,0.0,1
2020,37,027,Caldwell,0.0,1
2020,37,003,Alexander,0.4,5
2020,37,035,Catawba,0.0,9
2020,37,023,Burke,0.0,3
2020,37,111,McDowell,,0
2020,37,029,Camden,,0
2020,37,139,Pasquotank,0.0,7
2020,37,143,Perquimans,0.0,1
2020,37,177,Tyrrell,0.0,7
2020,37,055,Dare,,0
2020,37,073,Gates,,0
2020,37,053,Currituck,0.0,12
2020,37,019,Brunswick,0.0,2
2020,37,031,Carteret,,0
2020,37,137,Pamlico,,0
2020,37,049,Craven,,0
2020,37,103,Jones,0.0,14
2020,37,085,Harnett,0.0,7
2020,37,063,Durham,0.0,4
2020,37,145,Person,0.0,15
2020,37,135,Orange,0.0,8
2020,37,181,Vance,0.0,16
2020,37,077,Granville,0.03296703296703297,91
2020,37,069,Franklin,0.2641509433962264,53
2020,37,101,Johnston,0.0,16
2020,37,183,Wake,0.0,14
2020,37,105,Lee,0.0,41
2020,37,131,Northampton,0.0,1
2020,37,083,Halifax,0.0,7
2020,37,127,Nash,0.0,34
2020,37,065,Edgecombe,0.0,14
2020,37,195,Wilson,0.0,6
2020,37,163,Sampson,0.24489795918367346,49
2020,37,185,Warren,0.0,5
2020,37,187,Washington,0.0,2
2020,37,061,Duplin,0.15315315315315314,14
2020,37,091,Hertford,0.0,3
2020,37,017,Bladen,0.0,2
2020,37,095,Hyde,0.0,1
2020,37,015,Bertie,0.0,15
2020,37,079,Greene,0.0,5
2020,37,041,Chowan,0.0,4
2020,37,117,Martin,0.0,7
2020,37,047,Columbus,0.0,6
2020,37,191,Wayne,0.0,2
2020,37,133,Onslow,,0
2020,37,107,Lenoir,0.0,3
2020,37,129,New Hanover,,0
2020,37,141,Pender,0.0,1
2020,37,051,Cumberland,0.0,5
2020,37,147,Pitt,0.0,16
2020,37,013,Beaufort,,0
2021,17,121,Marion,0.0,6
2021,17,005,Bond,0.0,12
2021,17,083,Jersey,0.0,12
2021,17,163,St. Clair,0.0,4
2021,17,027,Clinton,0.0,8
2021,17,013,Calhoun,0.0,18
2021,17,119,Madison,0.0,19
2021,17,133,Monroe,0.0,9
2021,17,117,Macoupin,0.0,92
2021,17,171,Scott,0.0,9
2021,17,137,Morgan,0.0,71
2021,17,107,Logan,0.04289078268670106,71
2021,17,129,Menard,0.0,55
2021,17,167,Sangamon,0.00914962325080732,110
2021,17,021,Christian,0.0,49
2021,17,127,Massac,0.0,1
2021,17,057,Fulton,0.0,79
2021,17,175,Stark,0.0,30
2021,17,203,Woodford,0.0,262
2021,17,179,Tazewell,0.0076395338386410615,136
2021,17,123,Marshall,0.0,44
2021,17,143,Peoria,0.015384615384615385,65
2021,17,001,Adams,0.0,173
2021,17,177,Stephenson,0.014927557441826429,136
2021,17,141,Ogle,0.011839172960257521,256
2021,17,201,Winnebago,0.0,185
2021,17,007,Boone,0.0,251
2021,17,025,Clay,0.07692307692307693,13
2021,17,185,Wabash,0.0,2
2021,17,009,Brown,0.0,30
2021,17,151,Pope,,0
2021,17,033,Crawford,0.0,6
2021,17,135,Montgomery,0.0,36
2021,17,055,Franklin,0.0,11
2021,17,023,Clark,0.0,20
2021,17,059,Gallatin,,0
2021,17,075,Iroquois,0.005951339051286539,342
2021,17,041,Douglas,0.0,84
2021,17,189,Washington,0.0,8
2021,17,159,Richland,0.0,1
2021,17,065,Hamilton,0.0,7
2021,17,193,White,0.0,6
2021,17,169,Schuyler,0.0,57
2021,17,181,Union,,0
2021,17,085,Jo Daviess,0.0,48
2021,17,125,Mason,0.16178149980966883,31
2021,17,191,Wayne,0.0,9
2021,17,069,Hardin,,0
2021,17,061,Greene,0.0,50
2021,17,157,Randolph,0.0,6
2021,17,149,Pike,0.0,61
2021,17,145,Perry,0.0,1
2021,17,087,Johnson,0.0,2
2021,17,173,Shelby,0.0,78
2021,17,051,Fayette,0.1,20
2021,17,139,Moultrie,0.033416328135237844,60
2021,17,017,Cass,0.030927835051546393,97
2021,17,015,Carroll,0.0,59
2021,17,047,Edwards,0.0,12
2021,17,079,Jasper,0.0,20
2021,17,187,Warren,0.0,5
2021,17,153,Pulaski,0.0,2
2021,17,165,Saline,0.0,4
2021,17,101,Lawrence,0.0,9
2021,17,045,Edgar,0.0,31
2021,17,071,Henderson,0.0,6
2021,17,199,Williamson,0.0,9
2021,17,077,Jackson,0.0,9
2021,17,147,Piatt,0.0,65
2021,17,053,Ford,0.0,214
2021,17,019,Champaign,0.0,230
2021,17,029,Coles,0.0,73
2021,17,035,Cumberland,0.0,22
2021,17,183,Vermilion,0.0073355963408319414,279
2021,17,115,Macon,0.05675675675675676,126
2021,17,049,Effingham,0.030303030303030304,33
2021,17,067,Hancock,0.0,122
2021,17,095,Knox,0.0,40
2021,17,109,McDonough,0.0,11
2021,17,081,Jefferson,0.0,10
2021,17,113,McLean,0.06755637977282511,119
2021,17,039,De Witt,0.06896551724137931,29
2021,17,105,Livingston,0.0,420
2021,17,003,Alexander,,0
2021,17,093,Kendall,0.0,88
2021,17,031,Cook,0.0,29
2021,17,037,DeKalb,0.0026361766134951566,383
2021,17,089,Kane,0.051068943073148756,161
2021,17,063,Grundy,0.0,26
2021,17,111,McHenry,0.05504175867966195,239
2021,17,197,Will,0.0,241
2021,17,043,DuPage,,0
2021,17,097,Lake,0.0,45
2021,17,091,Kankakee,0.0,316
2021,17,011,Bureau,0.0,173
2021,17,155,Putnam,0.0,38
2021,17,099,LaSalle,0.0,270
2021,17,131,Mercer,0.0,16
2021,17,161,Rock Island,0.0,9
2021,17,073,Henry,0.0,45
2021,17,103,Lee,0.00959584556333258,107
2021,17,195,Whiteside,0.0,71
2021,31,043,Dakota,,0
2021,31,051,Dixon,0.0,25
2021,31,053,Dodge,0.0,17
2021,31,025,Cass,0.03076923076923077,65
2021,31,055,Douglas,0.03225806451612903,31
2021,31,153,Sarpy,0.0,17
2021,31,155,Saunders,0.0,81
2021,31,177,Washington,0.0,8
2021,31,067,Gage,0.0,226
2021,31,109,Lancaster,0.062362435803374916,97
2021,31,159,Seward,0.0,23
2021,31,139,Pierce,0.0,33
2021,31,119,Madison,0.10669456066945608,30
2021,31,167,Stanton,0.0,2
2021,31,117,McPherson,0.0,1
2021,31,111,Lincoln,0.05000939719064857,489
2021,31,113,Logan,0.029992942836979532,36
2021,31,007,Banner,0.07626498943505586,2635
2021,31,157,Scotts Bluff,0.04298151563237123,461
2021,31,165,Sioux,0.018892154199491272,161
2021,31,039,Cuming,0.0,11
2021,31,129,Nuckolls,0.07101277421441277,442
2021,31,101,Keith,0.05877021686116589,1271
2021,31,137,Phelps,0.0,103
2021,31,181,Webster,0.05737815579856894,705
2021,31,015,Boyd,0.010638297872340425,94
2021,31,171,Thomas,,0
2021,31,089,Holt,0.09302325581395349,43
2021,31,017,Brown,0.0,7
2021,31,103,Keya Paha,0.08333333333333333,12
2021,31,077,Greeley,0.0,2
2021,31,095,Jefferson,0.07908810232660711,288
2021,31,151,Saline,0.0736259121213712,151
2021,31,057,Dundy,0.03260626138250717,1881
2021,31,131,Otoe,0.03773584905660377,53
2021,31,087,Hitchcock,0.0268908156275003,3029
2021,31,105,Kimball,0.05221605651171015,5050
2021,31,127,Nemaha,0.0,72
2021,31,041,Custer,0.045454545454545456,176
2021,31,143,Polk,0.0,10
2021,31,045,Dawes,0.05348630267590415,1235
2021,31,179,Wayne,0.0,4
2021,31,071,Garfield,,0
2021,31,013,Box Butte,0.02695948088988941,4942
2021,31,173,Thurston,0.0,3
2021,31,011,Boone,,0
2021,31,145,Red Willow,0.04381424431904833,2588
2021,31,149,Rock,,0
2021,31,005,Arthur,0.0,10
2021,31,085,Hayes,0.00297305380693309,1117
2021,31,097,Johnson,0.15789473684210525,57
2021,31,003,Antelope,0.0,11
2021,31,163,Sherman,0.0,8
2021,31,161,Sheridan,0.04438749607136812,1628
2021,31,133,Pawnee,0.0,53
2021,31,075,Grant,,0
2021,31,021,Burt,0.0,6
2021,31,009,Blaine,,0
2021,31,027,Cedar,0.0,6
2021,31,169,Thayer,0.10431285716611582,249
2021,31,049,Deuel,0.054691068510696404,3370
2021,31,123,Morrill,0.02370911414100151,1296
2021,31,115,Loup,0.0,6
2021,31,063,Frontier,0.01902778531502687,1174
2021,31,125,Nance,0.0,6
2021,31,107,Knox,0.41482686497792237,34
2021,31,135,Perkins,0.023294731496919314,3854
2021,31,037,Colfax,0.01363417633534727,75
2021,31,023,Butler,0.0,37
2021,31,031,Cherry,0.03873908089631599,52
2021,31,183,Wheeler,0.0625,16
2021,31,061,Franklin,0.09818873814054735,292
2021,31,029,Chase,0.017559618672307382,1792
2021,31,059,Fillmore,0.03392762107503991,61
2021,31,185,York,0.0,27
2021,31,035,Clay,0.024359137865068232,62
2021,31,033,Cheyenne,0.03478857710186088,9338
2021,31,069,Garden,0.037327530155943305,1934
2021,31,083,Harlan,0.018444068062227634,658
2021,31,091,Hooker,0.0,3
2021,31,147,Richardson,0.0,38
2021,31,065,Furnas,0.023812203245355486,1661
2021,31,175,Valley,0.0,6
2021,31,141,Platte,0.12601927353595255,17
2021,31,121,Merrick,0.0,20
2021,31,079,Hall,0.03333333333333333,30
2021,31,081,Hamilton,0.007968877454978979,63
2021,31,093,Howard,0.0,6
2021,31,001,Adams,0.007005109609362123,148
2021,31,099,Kearney,0.09148727984344422,244
2021,31,019,Buffalo,0.030303030303030304,132
2021,31,073,Gosper,0.0,257
2021,31,047,Dawson,0.0474771923291752,65
2021,37,037,Chatham,0.0,8
2021,37,115,Madison,,0
2021,37,087,Haywood,,0
2021,37,021,Buncombe,,0
2021,37,089,Henderson,,0
2021,37,175,Transylvania,,0
2021,37,167,Stanly,0.0,4
2021,37,109,Lincoln,0.0,13
2021,37,159,Rowan,0.0,12
2021,37,025,Cabarrus,0.0,8
2021,37,097,Iredell,0.0,6
2021,37,071,Gaston,0.0,1
2021,37,179,Union,0.0,32
2021,37,119,Mecklenburg,0.0,1
2021,37,045,Cleveland,0.0,3
2021,37,005,Alleghany,,0
2021,37,173,Swain,,0
2021,37,011,Avery,,0
2021,37,033,Caswell,0.0,15
2021,37,075,Graham,,0
2021,37,007,Anson,0.0,13
2021,37,149,Polk,,0
2021,37,039,Cherokee,,0
2021,37,113,Macon,0.0,2
2021,37,009,Ashe,,0
2021,37,123,Montgomery,0.0,1
2021,37,043,Clay,,0
2021,37,121,Mitchell,,0
2021,37,199,Yancey,,0
2021,37,189,Watauga,,0
2021,37,099,Jackson,,0
2021,37,161,Rutherford,,0
2021,37,193,Wilkes,,0
2021,37,125,Moore,0.4432410750100281,30
2021,37,153,Richmond,0.0,18
2021,37,093,Hoke,0.0,6
2021,37,165,Scotland,0.0,38
2021,37,155,Robeson,0.0,60
2021,37,001,Alamance,0.0,22
2021,37,151,Randolph,0.0,14
2021,37,081,Guilford,0.0,16
2021,37,157,Rockingham,0.13043478260869565,23
2021,37,171,Surry,0.0,1
2021,37,057,Davidson,0.0,9
2021,37,169,Stokes,0.0,1
2021,37,067,Forsyth,0.0,4
2021,37,197,Yadkin,0.0,5
2021,37,059,Davie,0.0,8
2021,37,027,Caldwell,0.0,4
2021,37,003,Alexander,0.0,3
2021,37,035,Catawba,0.0,3
2021,37,023,Burke,0.0,1
2021,37,111,McDowell,,0
2021,37,029,Camden,,0
2021,37,139,Pasquotank,0.0,5
2021,37,143,Perquimans,,0
2021,37,177,Tyrrell,0.0,1
2021,37,055,Dare,,0
2021,37,073,Gates,0.0,1
2021,37,053,Currituck,0.0,16
2021,37,019,Brunswick,0.0,4
2021,37,031,Carteret,,0
2021,37,137,Pamlico,,0
2021,37,049,Craven,0.0,1
2021,37,103,Jones,,0
2021,37,085,Harnett,0.0,8
2021,37,063,Durham,0.0,3
2021,37,145,Person,0.0,27
2021,37,135,Orange,0.0,12
2021,37,181,Vance,0.0,3
2021,37,077,Granville,0.03225806451612903,31
2021,37,069,Franklin,0.36363636363636365,33
2021,37,101,Johnston,0.0,8
2021,37,183,Wake,0.0,1
2021,37,105,Lee,0.0,21
2021,37,131,Northampton,0.0,9
2021,37,083,Halifax,0.0,12
2021,37,127,Nash,0.2,5
2021,37,065,Edgecombe,0.0,1
2021,37,195,Wilson,0.0,14
2021,37,163,Sampson,0.0,14
2021,37,185,Warren,0.0,1
2021,37,187,Washington,,0
2021,37,061,Duplin,,0
2021,37,091,Hertford,,0
2021,37,017,Bladen,0.0,1
2021,37,095,Hyde,,0
2021,37,015,Bertie,0.0,3
2021,37,079,Greene,,0
2021,37,041,Chowan,,0
2021,37,117,Martin,0.0,9
2021,37,047,Columbus,0.0,8
2021,37,191,Wayne,0.0,37
2021,37,133,Onslow,,0
2021,37,107,Lenoir,,0
2021,37,129,New Hanover,,0
2021,37,141,Pender,0.0,40
2021,37,051,Cumberland,0.0,2
2021,37,147,Pitt,0.0,5
2021,37,013,Beaufort,0.0,1
2022,17,121,Marion,,0
2022,17,005,Bond,,0
2022,17,083,Jersey,0.0,4
2022,17,163,St. Clair,0.0,5
2022,17,027,Clinton,0.0,4
2022,17,013,Calhoun,0.0,2
2022,17,119,Madison,0.08333333333333333,12
2022,17,133,Monroe,0.0,10
2022,17,117,Macoupin,0.011627906976744186,86
2022,17,171,Scott,,0
2022,17,137,Morgan,0.0,42
2022,17,107,Logan,0.0,46
2022,17,129,Menard,0.0,76
2022,17,167,Sangamon,0.0,72
2022,17,021,Christian,0.0,80
2022,17,127,Massac,0.0,3
2022,17,057,Fulton,0.0,71
2022,17,175,Stark,0.0,44
2022,17,203,Woodford,0.0,224
2022,17,179,Tazewell,0.014388489208633094,139
2022,17,123,Marshall,0.06478658536585366,31
2022,17,143,Peoria,0.0,71
2022,17,001,Adams,0.0,111
2022,17,177,Stephenson,0.0,137
2022,17,141,Ogle,0.0036309786555411587,277
2022,17,201,Winnebago,0.04831146686875385,167
2022,17,007,Boone,0.006756756756756757,150
2022,17,025,Clay,0.0,2
2022,17,185,Wabash,,0
2022,17,009,Brown,0.0,37
2022,17,151,Pope,,0
2022,17,033,Crawford,0.0,1
2022,17,135,Montgomery,0.0,24
2022,17,055,Franklin,0.0,3
2022,17,023,Clark,0.0,1
2022,17,059,Gallatin,,0
2022,17,075,Iroquois,0.0,255
2022,17,041,Douglas,0.0,24
2022,17,189,Washington,0.0,5
2022,17,159,Richland,0.0,4
2022,17,065,Hamilton,0.14285714285714285,7
2022,17,193,White,0.5,2
2022,17,169,Schuyler,0.0,33
2022,17,181,Union,,0
2022,17,085,Jo Daviess,0.0,48
2022,17,125,Mason,0.0,39
2022,17,191,Wayne,0.24677966101694918,7
2022,17,069,Hardin,,0
2022,17,061,Greene,0.0,6
2022,17,157,Randolph,0.0,3
2022,17,149,Pike,0.0,33
2022,17,145,Perry,0.0,1
2022,17,087,Johnson,0.0,2
2022,17,173,Shelby,0.0,24
2022,17,051,Fayette,,0
2022,17,139,Moultrie,0.0,20
2022,17,017,Cass,0.0,32
2022,17,015,Carroll,0.0,95
2022,17,047,Edwards,0.0,6
2022,17,079,Jasper,0.0,5
2022,17,187,Warren,0.0,9
2022,17,153,Pulaski,0.0,1
2022,17,165,Saline,0.0,7
2022,17,101,Lawrence,0.0,2
2022,17,045,Edgar,0.0,28
2022,17,071,Henderson,0.0,17
2022,17,199,Williamson,0.0,13
2022,17,077,Jackson,,0
2022,17,147,Piatt,0.0,45
2022,17,053,Ford,0.0,77
2022,17,019,Champaign,0.0,133
2022,17,029,Coles,0.0,23
2022,17,035,Cumberland,0.0,22
2022,17,183,Vermilion,0.0,67
2022,17,115,Macon,0.0,109
2022,17,049,Effingham,0.0,12
2022,17,067,Hancock,0.0,57
2022,17,095,Knox,0.0,23
2022,17,109,McDonough,0.0,9
2022,17,081,Jefferson,0.8472998137802606,5
2022,17,113,McLean,0.0,47
2022,17,039,De Witt,0.0,37
2022,17,105,Livingston,0.0,303
2022,17,003,Alexander,,0
2022,17,093,Kendall,0.0,69
2022,17,031,Cook,0.0,3
2022,17,037,DeKalb,0.002592701798623326,389
2022,17,089,Kane,0.039100434449271665,156
2022,17,063,Grundy,0.0,22
2022,17,111,McHenry,0.02143007213390294,282
2022,17,197,Will,0.0,165
2022,17,043,DuPage,0.0,4
2022,17,097,Lake,0.0,17
2022,17,091,Kankakee,0.0,186
2022,17,011,Bureau,0.009345794392523364,107
2022,17,155,Putnam,0.023809523809523808,42
2022,17,099,LaSalle,0.016137197823060372,252
2022,17,131,Mercer,0.0,15
2022,17,161,Rock Island,0.0,9
2022,17,073,Henry,0.0,35
2022,17,103,Lee,0.0,103
2022,17,195,Whiteside,0.08695652173913043,92
2022,31,043,Dakota,0.0,1
2022,31,051,Dixon,0.0,23
2022,31,053,Dodge,0.0,20
2022,31,025,Cass,0.08888888888888889,45
2022,31,055,Douglas,0.09523809523809523,21
2022,31,153,Sarpy,0.75,8
2022,31,155,Saunders,0.0,65
2022,31,177,Washington,0.0,6
2022,31,067,Gage,0.054883392008855135,256
2022,31,109,Lancaster,0.014829892410584472,70
2022,31,159,Seward,0.0,12
2022,31,139,Pierce,0.0,49
2022,31,119,Madison,0.0,13
2022,31,167,Stanton,0.0,6
2022,31,117,McPherson,0.0,6
2022,31,111,Lincoln,0.029105499754161688,462
2022,31,113,Logan,0.025975348884587957,39
2022,31,007,Banner,0.1315603730384416,2528
2022,31,157,Scotts Bluff,0.08489859126785892,479
2022,31,165,Sioux,0.015668523676880222,192
2022,31,039,Cuming,0.0,6
2022,31,129,Nuckolls,0.040408522236572084,501
2022,31,101,Keith,0.034372554135142196,1827
2022,31,137,Phelps,0.04119547657512116,122
2022,31,181,Webster,0.013372559507889807,758
2022,31,015,Boyd,0.027711367094109977,73
2022,31,171,Thomas,,0
2022,31,089,Holt,0.010416666666666666,96
2022,31,017,Brown,0.0,6
2022,31,103,Keya Paha,0.0,7
2022,31,077,Greeley,,0
2022,31,095,Jefferson,0.04855550031206694,377
2022,31,151,Saline,0.11945560787987869,161
2022,31,057,Dundy,0.012017402741510166,1853
2022,31,131,Otoe,0.024018084204577562,43
2022,31,087,Hitchcock,0.02391565264890885,3121
2022,31,105,Kimball,0.07046977567733938,5186
2022,31,127,Nemaha,0.022727272727272728,44
2022,31,041,Custer,0.004791341763589561,210
2022,31,143,Polk,0.0,27
2022,31,045,Dawes,0.06852818996862567,1216
2022,31,179,Wayne,0.0,6
2022,31,071,Garfield,,0
2022,31,013,Box Butte,0.03313347028549445,5413
2022,31,173,Thurston,0.0,15
2022,31,011,Boone,0.0,13
2022,31,145,Red Willow,0.047470168308061084,2352
2022,31,149,Rock,0.0,18
2022,31,005,Arthur,0.0,6
2022,31,085,Hayes,0.03359200977222102,1332
2022,31,097,Johnson,0.1433479075577764,63
2022,31,003,Antelope,0.0,21
2022,31,163,Sherman,0.0,23
2022,31,161,Sheridan,0.04207270464105058,1888
2022,31,133,Pawnee,0.06736385381320577,71
2022,31,075,Grant,,0
2022,31,021,Burt,0.0,1
2022,31,009,Blaine,,0
2022,31,027,Cedar,0.0,39
2022,31,169,Thayer,0.09150342564894336,327
2022,31,049,Deuel,0.028286912589886366,3670
2022,31,123,Morrill,0.03571985968934135,1558
2022,31,115,Loup,0.0,4
2022,31,063,Frontier,0.010243544931784868,1406
2022,31,125,Nance,0.28766697732214974,13
2022,31,107,Knox,0.0963864529785304,52
2022,31,135,Perkins,0.026460734817248917,4565
2022,31,037,Colfax,0.025974025974025976,77
2022,31,023,Butler,0.0,36
2022,31,031,Cherry,0.015873015873015872,63
2022,31,183,Wheeler,0.0,23
2022,31,061,Franklin,0.12267043518857328,323
2022,31,029,Chase,0.010184947666205414,2204
2022,31,059,Fillmore,0.11382113821138211,123
2022,31,185,York,0.0,14
2022,31,035,Clay,0.00962485790071997,53
2022,31,033,Cheyenne,0.04283882747567577,9359
2022,31,069,Garden,0.03054052696869325,2145
2022,31,083,Harlan,0.0234747421380627,991
2022,31,091,Hooker,,0
2022,31,147,Richardson,0.0,37
2022,31,065,Furnas,0.020118719381739408,1755
2022,31,175,Valley,0.0,28
2022,31,141,Platte,0.0,24
2022,31,121,Merrick,0.06387665198237885,24
2022,31,079,Hall,0.0,28
2022,31,081,Hamilton,0.03646876967996794,69
2022,31,093,Howard,0.0,20
2022,31,001,Adams,0.03636882264850603,112
2022,31,099,Kearney,0.021699049780173025,280
2022,31,019,Buffalo,0.0,106
2022,31,073,Gosper,0.0020757696628298846,484
2022,31,047,Dawson,0.044353611340609646,92
2022,37,037,Chatham,0.0,3
2022,37,115,Madison,,0
2022,37,087,Haywood,,0
2022,37,021,Buncombe,,0
2022,37,089,Henderson,,0
2022,37,175,Transylvania,,0
2022,37,167,Stanly,,0
2022,37,109,Lincoln,,0
2022,37,159,Rowan,0.0,24
2022,37,025,Cabarrus,0.0,8
2022,37,097,Iredell,0.029411764705882353,34
2022,37,071,Gaston,,0
2022,37,179,Union,0.0292748652621264,34
2022,37,119,Mecklenburg,0.0,2
2022,37,045,Cleveland,0.0,19
2022,37,005,Alleghany,0.0,2
2022,37,173,Swain,,0
2022,37,011,Avery,,0
2022,37,033,Caswell,0.0,4
2022,37,075,Graham,,0
2022,37,007,Anson,0.0,9
2022,37,149,Polk,,0
2022,37,039,Cherokee,,0
2022,37,113,Macon,,0
2022,37,009,Ashe,,0
2022,37,123,Montgomery,0.0,1
2022,37,043,Clay,,0
2022,37,121,Mitchell,,0
2022,37,199,Yancey,,0
2022,37,189,Watauga,,0
2022,37,099,Jackson,,0
2022,37,161,Rutherford,,0
2022,37,193,Wilkes,0.0,1
2022,37,125,Moore,0.24778761061946902,2
2022,37,153,Richmond,0.0,1
2022,37,093,Hoke,0.0,4
2022,37,165,Scotland,0.9375,16
2022,37,155,Robeson,0.0,1
2022,37,001,Alamance,0.35714285714285715,14
2022,37,151,Randolph,0.0,4
2022,37,081,Guilford,0.125,16
2022,37,157,Rockingham,0.05714285714285714,35
2022,37,171,Surry,0.0,5
2022,37,057,Davidson,0.0,1
2022,37,169,Stokes,0.0,1
2022,37,067,Forsyth,,0
2022,37,197,Yadkin,,0
2022,37,059,Davie,0.0,8
2022,37,027,Caldwell,,0
2022,37,003,Alexander,0.0,1
2022,37,035,Catawba,0.0,7
2022,37,023,Burke,,0
2022,37,111,McDowell,,0
2022,37,029,Camden,0.0,59
2022,37,139,Pasquotank,0.0,5
2022,37,143,Perquimans,0.0,1
2022,37,177,Tyrrell,,0
2022,37,055,Dare,,0
2022,37,073,Gates,,0
2022,37,053,Currituck,0.75,8
2022,37,019,Brunswick,,0
2022,37,031,Carteret,0.0,2
2022,37,137,Pamlico,,0
2022,37,049,Craven,,0
2022,37,103,Jones,0.0,4
2022,37,085,Harnett,0.0,9
2022,37,063,Durham,0.0,3
2022,37,145,Person,0.0,14
2022,37,135,Orange,0.2,5
2022,37,181,Vance,0.0,7
2022,37,077,Granville,0.043478260869565216,23
2022,37,069,Franklin,0.4203296703296703,29
2022,37,101,Johnston,0.0,24
2022,37,183,Wake,0.0,17
2022,37,105,Lee,0.30669546436285094,6
2022,37,131,Northampton,0.0,1
2022,37,083,Halifax,0.0,9
2022,37,127,Nash,,0
2022,37,065,Edgecombe,0.0,7
2022,37,195,Wilson,0.0,8
2022,37,163,Sampson,0.07692307692307693,26
2022,37,185,Warren,0.0,2
2022,37,187,Washington,,0
2022,37,061,Duplin,0.0,16
2022,37,091,Hertford,,0
2022,37,017,Bladen,0.0,14
2022,37,095,Hyde,,0
2022,37,015,Bertie,0.0,14
2022,37,079,Greene,,0
2022,37,041,Chowan,0.0,8
2022,37,117,Martin,0.0,20
2022,37,047,Columbus,0.0,3
2022,37,191,Wayne,0.0,4
2022,37,133,Onslow,,0
2022,37,107,Lenoir,,0
2022,37,129,New Hanover,,0
2022,37,141,Pender,,0
2022,37,051,Cumberland,0.0,2
2022,37,147,Pitt,0.0,6
2022,37,013,Beaufort,0.0,2
2023,17,121,Marion,0.0,8
2023,17,005,Bond,0.0,3
2023,17,083,Jersey,0.0,31
2023,17,163,St. Clair,0.0,10
2023,17,027,Clinton,0.0,4
2023,17,013,Calhoun,0.0,22
2023,17,119,Madison,0.0,17
2023,17,133,Monroe,0.0,12
2023,17,117,Macoupin,0.0,74
2023,17,171,Scott,0.0,31
2023,17,137,Morgan,0.0,86
2023,17,107,Logan,0.0,95
2023,17,129,Menard,0.0,93
2023,17,167,Sangamon,0.0,144
2023,17,021,Christian,0.0,66
2023,17,127,Massac,0.0,9
2023,17,057,Fulton,0.007336229465749878,137
2023,17,175,Stark,0.0,29
2023,17,203,Woodford,0.12502480650922804,340
2023,17,179,Tazewell,0.047287899860917935,215
2023,17,123,Marshall,0.0,66
2023,17,143,Peoria,0.0,60
2023,17,001,Adams,0.034114853339576576,118
2023,17,177,Stephenson,0.009241641750475671,217
2023,17,141,Ogle,0.0,325
2023,17,201,Winnebago,0.006366087477531456,159
2023,17,007,Boone,0.0,169
2023,17,025,Clay,0.0,8
2023,17,185,Wabash,,0
2023,17,009,Brown,0.0,48
2023,17,151,Pope,,0
2023,17,033,Crawford,0.0,15
2023,17,135,Montgomery,0.0,32
2023,17,055,Franklin,,0
2023,17,023,Clark,0.0,6
2023,17,059,Gallatin,0.0,7
2023,17,075,Iroquois,0.0061370364130827176,326
2023,17,041,Douglas,0.018257974438835783,111
2023,17,189,Washington,0.0,3
2023,17,159,Richland,,0
2023,17,065,Hamilton,0.0,2
2023,17,193,White,0.0,5
2023,17,169,Schuyler,0.0,52
2023,17,181,Union,0.0,1
2023,17,085,Jo Daviess,0.0,81
2023,17,125,Mason,0.023456903688713088,86
2023,17,191,Wayne,0.0,8
2023,17,069,Hardin,,0
2023,17,061,Greene,0.0,54
2023,17,157,Randolph,0.0,9
2023,17,149,Pike,0.0,88
2023,17,145,Perry,0.0,1
2023,17,087,Johnson,,0
2023,17,173,Shelby,0.0,59
2023,17,051,Fayette,0.0,5
2023,17,139,Moultrie,0.0,80
2023,17,017,Cass,0.0,128
2023,17,015,Carroll,0.11696174662874965,86
2023,17,047,Edwards,0.0,7
2023,17,079,Jasper,0.0,11
2023,17,187,Warren,0.0,19
2023,17,153,Pulaski,,0
2023,17,165,Saline,0.0,3
2023,17,101,Lawrence,0.0,8
2023,17,045,Edgar,0.0,45
2023,17,071,Henderson,0.0,18
2023,17,199,Williamson,,0
2023,17,077,Jackson,0.0,1
2023,17,147,Piatt,0.0,93
2023,17,053,Ford,0.005402084569104314,186
2023,17,019,Champaign,0.0046734110402463155,218
2023,17,029,Coles,0.0,52
2023,17,035,Cumberland,0.0,41
2023,17,183,Vermilion,0.0,135
2023,17,115,Macon,0.0,170
2023,17,049,Effingham,0.0,23
2023,17,067,Hancock,0.011049963166789445,91
2023,17,095,Knox,0.0,44
2023,17,109,McDonough,0.0,13
2023,17,081,Jefferson,0.0,13
2023,17,113,McLean,0.0,151
2023,17,039,De Witt,0.0,42
2023,17,105,Livingston,0.0,393
2023,17,003,Alexander,,0
2023,17,093,Kendall,0.0,71
2023,17,031,Cook,0.0,7
2023,17,037,DeKalb,0.0,450
2023,17,089,Kane,0.0,141
2023,17,063,Grundy,0.0,46
2023,17,111,McHenry,0.012176342083587005,330
2023,17,197,Will,0.004207226530275532,241
2023,17,043,DuPage,,0
2023,17,097,Lake,0.0,33
2023,17,091,Kankakee,0.016120535243915286,191
2023,17,011,Bureau,0.0,158
2023,17,155,Putnam,0.0,56
2023,17,099,LaSalle,0.0,328
2023,17,131,Mercer,0.0,26
2023,17,161,Rock Island,0.0,14
2023,17,073,Henry,0.0,75
2023,17,103,Lee,0.0,132
2023,17,195,Whiteside,0.07111347733495589,156
2023,31,043,Dakota,0.0,4
2023,31,051,Dixon,0.0,13
2023,31,053,Dodge,0.0,16
2023,31,025,Cass,0.05555555555555555,18
2023,31,055,Douglas,0.05263157894736842,19
2023,31,153,Sarpy,0.0,13
2023,31,155,Saunders,0.0,43
2023,31,177,Washington,0.0,5
2023,31,067,Gage,0.01848629839060461,219
2023,31,109,Lancaster,0.1532636134150739,33
2023,31,159,Seward,0.0,14
2023,31,139,Pierce,0.0,37
2023,31,119,Madison,0.0,6
2023,31,167,Stanton,0.0,1
2023,31,117,McPherson,0.06666666666666667,15
2023,31,111,Lincoln,0.035477185038742386,622
2023,31,113,Logan,0.3333333333333333,18
2023,31,007,Banner,0.08990640700859144,2617
2023,31,157,Scotts Bluff,0.02954500689383495,406
2023,31,165,Sioux,0.04191838244359511,96
2023,31,039,Cuming,0.0,7
2023,31,129,Nuckolls,0.07080956623355586,341
2023,31,101,Keith,0.05659323279116755,1554
2023,31,137,Phelps,0.007142857142857143,140
2023,31,181,Webster,0.04124267133903902,588
2023,31,015,Boyd,0.0,55
2023,31,171,Thomas,0.0,1
2023,31,089,Holt,0.12345679012345678,81
2023,31,017,Brown,0.0,3
2023,31,103,Keya Paha,0.0,3
2023,31,077,Greeley,,0
2023,31,095,Jefferson,0.11153846153846156,343
2023,31,151,Saline,0.08738862234407128,94
2023,31,057,Dundy,0.025390474596132917,2371
2023,31,131,Otoe,0.013651694416189304,75
2023,31,087,Hitchcock,0.03633598574783933,3723
2023,31,105,Kimball,0.07430925975150167,5099
2023,31,127,Nemaha,0.0404783321868882,76
2023,31,041,Custer,0.05906195715112912,102
2023,31,143,Polk,0.0,26
2023,31,045,Dawes,0.0763629650900439,957
2023,31,179,Wayne,0.0,4
2023,31,071,Garfield,0.0,1
2023,31,013,Box Butte,0.03959859024967704,5231
2023,31,173,Thurston,0.0,2
2023,31,011,Boone,,0
2023,31,145,Red Willow,0.029717831503718248,2959
2023,31,149,Rock,,0
2023,31,005,Arthur,0.0,16
2023,31,085,Hayes,0.04609544468546638,1716
2023,31,097,Johnson,0.12091920481488237,108
2023,31,003,Antelope,0.0,1
2023,31,163,Sherman,0.0,3
2023,31,161,Sheridan,0.05343039135450665,1595
2023,31,133,Pawnee,0.08571428571428572,70
2023,31,075,Grant,,0
2023,31,021,Burt,0.0,2
2023,31,009,Blaine,0.0,1
2023,31,027,Cedar,0.0,7
2023,31,169,Thayer,0.14617779626153518,353
2023,31,049,Deuel,0.05379340150620277,3809
2023,31,123,Morrill,0.05798312868699679,1239
2023,31,115,Loup,,0
2023,31,063,Frontier,0.005847741921138863,1424
2023,31,125,Nance,0.0,33
2023,31,107,Knox,0.0,35
2023,31,135,Perkins,0.06813704297574033,5780
2023,31,037,Colfax,0.0,37
2023,31,023,Butler,0.0,27
2023,31,031,Cherry,0.0,146
2023,31,183,Wheeler,0.0,14
2023,31,061,Franklin,0.07269719350073856,343
2023,31,029,Chase,0.05479205909538741,2615
2023,31,059,Fillmore,0.11747542997542998,53
2023,31,185,York,0.0,10
2023,31,035,Clay,0.014492753623188406,69
2023,31,033,Cheyenne,0.03807926660238765,9468
2023,31,069,Garden,0.027021929759041562,2116
2023,31,083,Harlan,0.041519327674959396,951
2023,31,091,Hooker,0.0,1
2023,31,147,Richardson,0.007540140157899405,135
2023,31,065,Furnas,0.04009129715847123,2701
2023,31,175,Valley,0.0,4
2023,31,141,Platte,0.0,12
2023,31,121,Merrick,0.0,11
2023,31,079,Hall,0.024390243902439025,41
2023,31,081,Hamilton,0.01639344262295082,61
2023,31,093,Howard,0.0,10
2023,31,001,Adams,0.013199213223368646,228
2023,31,099,Kearney,0.020161290322580645,248
2023,31,019,Buffalo,0.0,116
2023,31,073,Gosper,0.051829569277405785,685
2023,31,047,Dawson,0.02530703386676591,161
2023,37,037,Chatham,,0
2023,37,115,Madison,,0
2023,37,087,Haywood,,0
2023,37,021,Buncombe,,0
2023,37,089,Henderson,,0
2023,37,175,Transylvania,,0
2023,37,167,Stanly,0.0,8
2023,37,109,Lincoln,0.0,11
2023,37,159,Rowan,0.0,5
2023,37,025,Cabarrus,0.0,1
2023,37,097,Iredell,0.0,1
2023,37,071,Gaston,,0
2023,37,179,Union,0.0,8
2023,37,119,Mecklenburg,0.5,2
2023,37,045,Cleveland,0.0,25
2023,37,005,Alleghany,0.0,1
2023,37,173,Swain,,0
2023,37,011,Avery,,0
2023,37,033,Caswell,0.0,17
2023,37,075,Graham,,0
2023,37,007,Anson,0.2222222222222222,18
2023,37,149,Polk,,0
2023,37,039,Cherokee,,0
2023,37,113,Macon,,0
2023,37,009,Ashe,,0
2023,37,123,Montgomery,,0
2023,37,043,Clay,,0
2023,37,121,Mitchell,,0
2023,37,199,Yancey,,0
2023,37,189,Watauga,,0
2023,37,099,Jackson,,0
2023,37,161,Rutherford,,0
2023,37,193,Wilkes,,0
2023,37,125,Moore,0.0,5
2023,37,153,Richmond,,0
2023,37,093,Hoke,,0
2023,37,165,Scotland,0.0,9
2023,37,155,Robeson,0.0,5
2023,37,001,Alamance,0.18181818181818182,11
2023,37,151,Randolph,0.0,1
2023,37,081,Guilford,0.4,5
2023,37,157,Rockingham,0.07142857142857142,14
2023,37,171,Surry,,0
2023,37,057,Davidson,0.0,7
2023,37,169,Stokes,0.0,1
2023,37,067,Forsyth,,0
2023,37,197,Yadkin,,0
2023,37,059,Davie,,0
2023,37,027,Caldwell,0.0,1
2023,37,003,Alexander,0.0,2
2023,37,035,Catawba,0.0,9
2023,37,023,Burke,,0
2023,37,111,McDowell,,0
2023,37,029,Camden,0.0,54
2023,37,139,Pasquotank,0.0,4
2023,37,143,Perquimans,0.0,7
2023,37,177,Tyrrell,,0
2023,37,055,Dare,,0
2023,37,073,Gates,0.0,6
2023,37,053,Currituck,0.0,4
2023,37,019,Brunswick,,0
2023,37,031,Carteret,,0
2023,37,137,Pamlico,,0
2023,37,049,Craven,,0
2023,37,103,Jones,0.0,1
2023,37,085,Harnett,0.0,18
2023,37,063,Durham,0.0,2
2023,37,145,Person,0.09090909090909091,11
2023,37,135,Orange,0.0,4
2023,37,181,Vance,0.3333333333333333,3
2023,37,077,Granville,0.0,15
2023,37,069,Franklin,0.16326530612244897,49
2023,37,101,Johnston,0.0,20
2023,37,183,Wake,0.26666666666666666,15
2023,37,105,Lee,0.0,5
2023,37,131,Northampton,,0
2023,37,083,Halifax,0.0,9
2023,37,127,Nash,0.0,2
2023,37,065,Edgecombe,0.0,22
2023,37,195,Wilson,0.0,6
2023,37,163,Sampson,0.0,22
2023,37,185,Warren,,0
2023,37,187,Washington,,0
2023,37,061,Duplin,0.0,6
2023,37,091,Hertford,0.0,14
2023,37,017,Bladen,0.0,6
2023,37,095,Hyde,,0
2023,37,015,Bertie,0.0,20
2023,37,079,Greene,0.0,32
2023,37,041,Chowan,0.0,25
2023,37,117,Martin,0.0,63
2023,37,047,Columbus,0.0,3
2023,37,191,Wayne,0.0,6
2023,37,133,Onslow,0.0,2
2023,37,107,Lenoir,,0
2023,37,129,New Hanover,,0
2023,37,141,Pender,0.0,13
2023,37,051,Cumberland,0.0,2
2023,37,147,Pitt,0.0,48
2023,37,013,Beaufort,0.0,5
2024,17,121,Marion,0.0,36
2024,17,005,Bond,0.0,27
2024,17,083,Jersey,0.03571428571428571,28
2024,17,163,St. Clair,0.06969117245148948,15
2024,17,027,Clinton,0.0,35
2024,17,013,Calhoun,0.0,11
2024,17,119,Madison,0.0,38
2024,17,133,Monroe,0.0,17
2024,17,117,Macoupin,0.02332601536772777,43
2024,17,171,Scott,0.0,14
2024,17,137,Morgan,0.0,62
2024,17,107,Logan,0.0,69
2024,17,129,Menard,0.0,85
2024,17,167,Sangamon,0.016130052501739513,126
2024,17,021,Christian,0.0,55
2024,17,127,Massac,,0
2024,17,057,Fulton,0.010393315671489708,98
2024,17,175,Stark,0.0,30
2024,17,203,Woodford,0.014303744215397561,282
2024,17,179,Tazewell,0.0,76
2024,17,123,Marshall,0.0625,32
2024,17,143,Peoria,0.0,42
2024,17,001,Adams,0.0,99
2024,17,177,Stephenson,0.010598723996758036,191
2024,17,141,Ogle,0.007190998561800287,281
2024,17,201,Winnebago,0.016743636323841626,185
2024,17,007,Boone,0.013156876402755206,153
2024,17,025,Clay,0.0,31
2024,17,185,Wabash,,0
2024,17,009,Brown,0.0,30
2024,17,151,Pope,,0
2024,17,033,Crawford,0.0,6
2024,17,135,Montgomery,0.0,80
2024,17,055,Franklin,0.0,2
2024,17,023,Clark,0.0,42
2024,17,059,Gallatin,0.0,1
2024,17,075,Iroquois,0.0,128
2024,17,041,Douglas,0.0,54
2024,17,189,Washington,0.0,22
2024,17,159,Richland,0.0,2
2024,17,065,Hamilton,0.0,14
2024,17,193,White,0.0,8
2024,17,169,Schuyler,0.019046907678518077,54
2024,17,181,Union,,0
2024,17,085,Jo Daviess,0.0,99
2024,17,125,Mason,0.01793753517163759,112
2024,17,191,Wayne,0.0,12
2024,17,069,Hardin,,0
2024,17,061,Greene,0.02777475220564209,37
2024,17,157,Randolph,0.0,31
2024,17,149,Pike,0.0,70
2024,17,145,Perry,0.0,19
2024,17,087,Johnson,0.0,2
2024,17,173,Shelby,0.0,82
2024,17,051,Fayette,0.0,21
2024,17,139,Moultrie,0.0,37
2024,17,017,Cass,0.061224489795918366,49
2024,17,015,Carroll,0.04878048780487805,123
2024,17,047,Edwards,0.3333333333333333,6
2024,17,079,Jasper,0.0,28
2024,17,187,Warren,0.0,17
2024,17,153,Pulaski,,0
2024,17,165,Saline,0.0,10
2024,17,101,Lawrence,0.0,7
2024,17,045,Edgar,0.0,14
2024,17,071,Henderson,0.0,32
2024,17,199,Williamson,0.0,4
2024,17,077,Jackson,0.0,12
2024,17,147,Piatt,0.014308158455841095,71
2024,17,053,Ford,0.024390243902439025,82
2024,17,019,Champaign,0.0,69
2024,17,029,Coles,0.0,29
2024,17,035,Cumberland,0.0,16
2024,17,183,Vermilion,0.010622344413896525,95
2024,17,115,Macon,0.02484290515855619,82
2024,17,049,Effingham,0.0,39
2024,17,067,Hancock,0.0,62
2024,17,095,Knox,0.0,78
2024,17,109,McDonough,0.0,15
2024,17,081,Jefferson,0.0,26
2024,17,113,McLean,0.00906312197895934,113
2024,17,039,De Witt,0.015151515151515152,66
2024,17,105,Livingston,0.019462677453823844,207
2024,17,003,Alexander,0.0,2
2024,17,093,Kendall,0.060621909471281855,83
2024,17,031,Cook,0.0,33
2024,17,037,DeKalb,0.021556582506762848,418
2024,17,089,Kane,0.0,151
2024,17,063,Grundy,0.0,19
2024,17,111,McHenry,0.022236109698141177,274
2024,17,197,Will,0.031496062992125984,127
2024,17,043,DuPage,0.0,2
2024,17,097,Lake,0.0,32
2024,17,091,Kankakee,0.025297619047619048,119
2024,17,011,Bureau,0.03463356331830282,145
2024,17,155,Putnam,0.0,11
2024,17,099,LaSalle,0.02564102564102564,235
2024,17,131,Mercer,0.0,18
2024,17,161,Rock Island,0.0,19
2024,17,073,Henry,0.0,53
2024,17,103,Lee,0.023473097988677683,89
2024,17,195,Whiteside,0.11097678916827854,82
2024,31,043,Dakota,0.0,5
2024,31,051,Dixon,0.21212121212121213,33
2024,31,053,Dodge,0.0,24
2024,31,025,Cass,0.06710526315789474,45
2024,31,055,Douglas,0.0,18
2024,31,153,Sarpy,0.18181818181818182,11
2024,31,155,Saunders,0.010638297872340425,94
2024,31,177,Washington,0.0,24
2024,31,067,Gage,0.05429382540809084,222
2024,31,109,Lancaster,0.0,77
2024,31,159,Seward,0.07451782583284629,14
2024,31,139,Pierce,0.0,63
2024,31,119,Madison,0.0,35
2024,31,167,Stanton,0.012265978050355068,31
2024,31,117,McPherson,,0
2024,31,111,Lincoln,0.0820559326000468,410
2024,31,113,Logan,0.125,16
2024,31,007,Banner,0.18098308867553972,1693
2024,31,157,Scotts Bluff,0.06757353590672202,182
2024,31,165,Sioux,0.05315453029460812,117
2024,31,039,Cuming,0.0,16
2024,31,129,Nuckolls,0.0441738299904489,563
2024,31,101,Keith,0.10115928682586217,1365
2024,31,137,Phelps,0.00933929094638148,110
2024,31,181,Webster,0.025277000682864505,719
2024,31,015,Boyd,0.0,26
2024,31,171,Thomas,,0
2024,31,089,Holt,0.0,57
2024,31,017,Brown,0.0,5
2024,31,103,Keya Paha,0.0,16
2024,31,077,Greeley,0.0,4
2024,31,095,Jefferson,0.05804208827363586,383
2024,31,151,Saline,0.04280768020144791,187
2024,31,057,Dundy,0.08854415674827845,1894
2024,31,131,Otoe,0.08108476424093759,89
2024,31,087,Hitchcock,0.07562779271335052,3632
2024,31,105,Kimball,0.15486283890453897,3465
2024,31,127,Nemaha,0.06666666666666667,30
2024,31,041,Custer,0.01208473532060092,83
2024,31,143,Polk,0.2222222222222222,18
2024,31,045,Dawes,0.09880122118589474,841
2024,31,179,Wayne,0.03990963855421687,16
2024,31,071,Garfield,0.0,3
2024,31,013,Box Butte,0.10149889877011792,4288
2024,31,173,Thurston,0.0,17
2024,31,011,Boone,0.0,14
2024,31,145,Red Willow,0.06288210077625903,2949
2024,31,149,Rock,0.0,5
2024,31,005,Arthur,,0
2024,31,085,Hayes,0.04747718367144487,1280
2024,31,097,Johnson,0.11691118679591302,60
2024,31,003,Antelope,0.0,36
2024,31,163,Sherman,0.0,12
2024,31,161,Sheridan,0.0662244223999179,1229
2024,31,133,Pawnee,0.031746031746031744,64
2024,31,075,Grant,,0
2024,31,021,Burt,0.0,10
2024,31,009,Blaine,,0
2024,31,027,Cedar,0.0,8
2024,31,169,Thayer,0.09283046030504984,320
2024,31,049,Deuel,0.09656323058384915,3858
2024,31,123,Morrill,0.06574916459835406,938
2024,31,115,Loup,0.0,2
2024,31,063,Frontier,0.042018867228078335,1504
2024,31,125,Nance,0.11940997424490751,51
2024,31,107,Knox,0.0,40
2024,31,135,Perkins,0.12010471425253871,4127
2024,31,037,Colfax,0.03871261575831182,78
2024,31,023,Butler,0.0,42
2024,31,031,Cherry,0.0,69
2024,31,183,Wheeler,0.0,4
2024,31,061,Franklin,0.024885291868468,255
2024,31,029,Chase,0.05754426333305023,2060
2024,31,059,Fillmore,0.0,45
2024,31,185,York,,0
2024,31,035,Clay,0.012828252339269545,79
2024,31,033,Cheyenne,0.12247218287245452,7696
2024,31,069,Garden,0.10817084585060899,2037
2024,31,083,Harlan,0.020111103991166883,807
2024,31,091,Hooker,,0
2024,31,147,Richardson,0.003335070349140177,42
2024,31,065,Furnas,0.0773151402009118,2327
2024,31,175,Valley,0.0,30
2024,31,141,Platte,0.0,45
2024,31,121,Merrick,0.015151515151515152,66
2024,31,079,Hall,0.0,17
2024,31,081,Hamilton,0.1,40
2024,31,093,Howard,0.0625,32
2024,31,001,Adams,0.019130500018755388,213
2024,31,099,Kearney,0.039365520435336344,207
2024,31,019,Buffalo,0.0,132
2024,31,073,Gosper,0.06990850210753573,461
2024,31,047,Dawson,0.02673026022694515,152
2024,37,037,Chatham,0.0,4
2024,37,115,Madison,,0
2024,37,087,Haywood,0.0,2
2024,37,021,Buncombe,0.0,1
2024,37,089,Henderson,,0
2024,37,175,Transylvania,,0
2024,37,167,Stanly,0.0,1
2024,37,109,Lincoln,0.0,3
2024,37,159,Rowan,0.0,2
2024,37,025,Cabarrus,0.0,2
2024,37,097,Iredell,0.0,12
2024,37,071,Gaston,0.0,2
2024,37,179,Union,0.0,19
2024,37,119,Mecklenburg,,0
2024,37,045,Cleveland,0.0,12
2024,37,005,Alleghany,,0
2024,37,173,Swain,,0
2024,37,011,Avery,,0
2024,37,033,Caswell,,0
2024,37,075,Graham,,0
2024,37,007,Anson,0.0,27
2024,37,149,Polk,,0
2024,37,039,Cherokee,,0
2024,37,113,Macon,,0
2024,37,009,Ashe,,0
2024,37,123,Montgomery,0.0,1
2024,37,043,Clay,,0
2024,37,121,Mitchell,,0
2024,37,199,Yancey,,0
2024,37,189,Watauga,,0
2024,37,099,Jackson,,0
2024,37,161,Rutherford,0.0,1
2024,37,193,Wilkes,,0
2024,37,125,Moore,0.0,20
2024,37,153,Richmond,0.0,12
2024,37,093,Hoke,0.0,1
2024,37,165,Scotland,0.0,25
2024,37,155,Robeson,0.0,35
2024,37,001,Alamance,0.15384615384615385,13
2024,37,151,Randolph,0.0,14
2024,37,081,Guilford,0.0,24
2024,37,157,Rockingham,0.0,13
2024,37,171,Surry,0.0,6
2024,37,057,Davidson,0.0,1
2024,37,169,Stokes,0.0,1
2024,37,067,Forsyth,0.0,1
2024,37,197,Yadkin,0.0,1
2024,37,059,Davie,,0
2024,37,027,Caldwell,0.0,5
2024,37,003,Alexander,,0
2024,37,035,Catawba,0.0,9
2024,37,023,Burke,,0
2024,37,111,McDowell,,0
2024,37,029,Camden,0.0,1
2024,37,139,Pasquotank,0.0,20
2024,37,143,Perquimans,0.0,2
2024,37,177,Tyrrell,0.0,4
2024,37,055,Dare,0.0,1
2024,37,073,Gates,,0
2024,37,053,Currituck,0.0,39
2024,37,019,Brunswick,0.0,4
2024,37,031,Carteret,,0
2024,37,137,Pamlico,,0
2024,37,049,Craven,,0
2024,37,103,Jones,0.0,2
2024,37,085,Harnett,0.0625,16
2024,37,063,Durham,,0
2024,37,145,Person,,0
2024,37,135,Orange,0.0,3
2024,37,181,Vance,0.0,3
2024,37,077,Granville,0.0,6
2024,37,069,Franklin,0.4,5
2024,37,101,Johnston,0.0,6
2024,37,183,Wake,0.0,2
2024,37,105,Lee,0.0,3
2024,37,131,Northampton,0.0,43
2024,37,083,Halifax,0.019230769230769232,52
2024,37,127,Nash,0.0,5
2024,37,065,Edgecombe,0.0,19
2024,37,195,Wilson,0.0,9
2024,37,163,Sampson,0.0,13
2024,37,185,Warren,0.0,9
2024,37,187,Washington,0.0,1
2024,37,061,Duplin,0.0,25
2024,37,091,Hertford,0.0,2
2024,37,017,Bladen,0.0,4
2024,37,095,Hyde,0.0,2
2024,37,015,Bertie,0.0,19
2024,37,079,Greene,0.0,3
2024,37,041,Chowan,0.0,3
2024,37,117,Martin,0.0,4
2024,37,047,Columbus,0.0,12
2024,37,191,Wayne,0.0,3
2024,37,133,Onslow,0.0,2
2024,37,107,Lenoir,0.0,1
2024,37,129,New Hanover,,0
2024,37,141,Pender,,0
2024,37,051,Cumberland,0.0,1
2024,37,147,Pitt,0.0,12
2024,37,013,Beaufort,0.0,13
2025,17,121,Marion,0.0,33
2025,17,005,Bond,0.08,25
2025,17,083,Jersey,0.029411764705882353,34
2025,17,163,St. Clair,0.0,116
2025,17,027,Clinton,0.0,63
2025,17,013,Calhoun,0.025,40
2025,17,119,Madison,0.010932475884244373,93
2025,17,133,Monroe,0.0,48
2025,17,117,Macoupin,0.0,113
2025,17,171,Scott,0.0,6
2025,17,137,Morgan,0.0,107
2025,17,107,Logan,0.0,44
2025,17,129,Menard,0.0,101
2025,17,167,Sangamon,0.07547107764148772,120
2025,17,021,Christian,0.0,64
2025,17,127,Massac,0.0,2
2025,17,057,Fulton,0.0,168
2025,17,175,Stark,0.0,54
2025,17,203,Woodford,0.0036496872718945446,277
2025,17,179,Tazewell,0.0,130
2025,17,123,Marshall,0.0,32
2025,17,143,Peoria,0.0,75
2025,17,001,Adams,0.005220809532583994,194
2025,17,177,Stephenson,0.009086374002280502,224
2025,17,141,Ogle,0.0,279
2025,17,201,Winnebago,0.0,358
2025,17,007,Boone,0.0,287
2025,17,025,Clay,0.0,49
2025,17,185,Wabash,0.0,3
2025,17,009,Brown,0.0,54
2025,17,151,Pope,0.0,28
2025,17,033,Crawford,0.0,57
2025,17,135,Montgomery,0.027997364953886692,72
2025,17,055,Franklin,0.0,67
2025,17,023,Clark,0.0,22
2025,17,059,Gallatin,0.0,1
2025,17,075,Iroquois,0.00446514559876727,225
2025,17,041,Douglas,0.014023317201935767,73
2025,17,189,Washington,0.0,104
2025,17,159,Richland,0.0,22
2025,17,065,Hamilton,0.0,36
2025,17,193,White,0.0,13
2025,17,169,Schuyler,0.0,63
2025,17,181,Union,0.0,33
2025,17,085,Jo Daviess,0.0,110
2025,17,125,Mason,0.044408066594684964,114
2025,17,191,Wayne,0.0,68
2025,17,069,Hardin,,0
2025,17,061,Greene,0.0,47
2025,17,157,Randolph,0.0,61
2025,17,149,Pike,0.027749061428804612,73
2025,17,145,Perry,0.0,66
2025,17,087,Johnson,0.0,15
2025,17,173,Shelby,0.0,116
2025,17,051,Fayette,0.040914560770156434,49
2025,17,139,Moultrie,0.0,30
2025,17,017,Cass,0.010867249094395907,94
2025,17,015,Carroll,0.0,163
2025,17,047,Edwards,0.03207547169811321,32
2025,17,079,Jasper,0.0,25
2025,17,187,Warren,0.0,15
2025,17,153,Pulaski,0.0,33
2025,17,165,Saline,0.0,23
2025,17,101,Lawrence,0.0,23
2025,17,045,Edgar,0.0,47
2025,17,071,Henderson,0.0,61
2025,17,199,Williamson,0.0,56
2025,17,077,Jackson,0.0,236
2025,17,147,Piatt,0.0,56
2025,17,053,Ford,0.0,162
2025,17,019,Champaign,0.0,147
2025,17,029,Coles,0.019625952435927036,51
2025,17,035,Cumberland,0.0,40
2025,17,183,Vermilion,0.005518405505421022,183
2025,17,115,Macon,0.0,104
2025,17,049,Effingham,0.0,69
2025,17,067,Hancock,0.010271075844846335,99
2025,17,095,Knox,0.0,76
2025,17,109,McDonough,0.1364365971107544,39
2025,17,081,Jefferson,0.011961722488038277,85
2025,17,113,McLean,0.03115581982569032,98
2025,17,039,De Witt,0.09974853310980719,73
2025,17,105,Livingston,0.048856190366708824,309
2025,17,003,Alexander,0.0,6
2025,17,093,Kendall,0.039522474450574295,88
2025,17,031,Cook,0.0,12
2025,17,037,DeKalb,0.004255106127352823,707
2025,17,089,Kane,0.013947382814636547,144
2025,17,063,Grundy,0.0,18
2025,17,111,McHenry,0.02670374550574218,340
2025,17,197,Will,0.015957446808510637,188
2025,17,043,DuPage,0.0,4
2025,17,097,Lake,0.0,74
2025,17,091,Kankakee,0.0034139745357664036,295
2025,17,011,Bureau,0.0,204
2025,17,155,Putnam,0.0,35
2025,17,099,LaSalle,0.020383861025497337,228
2025,17,131,Mercer,0.0,16
2025,17,161,Rock Island,0.0,29
2025,17,073,Henry,0.0,32
2025,17,103,Lee,0.009531641311254814,107
2025,17,195,Whiteside,0.055086301872934264,183
2025,31,043,Dakota,0.0,11
2025,31,051,Dixon,0.0,27
2025,31,053,Dodge,0.0,31
2025,31,025,Cass,0.05194540639641475,21
2025,31,055,Douglas,0.2857142857142857,14
2025,31,153,Sarpy,0.0,5
2025,31,155,Saunders,0.125,72
2025,31,177,Washington,0.0,20
2025,31,067,Gage,0.009409246891258626,213
2025,31,109,Lancaster,0.03506439235649432,104
2025,31,159,Seward,0.01737106017191977,24
2025,31,139,Pierce,0.0,49
2025,31,119,Madison,0.0,18
2025,31,167,Stanton,0.03389830508474576,59
2025,31,117,McPherson,0.0,7
2025,31,111,Lincoln,0.011080886123254217,458
2025,31,113,Logan,0.03278899318503279,31
2025,31,007,Banner,0.10398346267014527,2381
2025,31,157,Scotts Bluff,0.02367810162496776,389
2025,31,165,Sioux,0.0,115
2025,31,039,Cuming,0.2222222222222222,9
2025,31,129,Nuckolls,0.07296833269744372,420
2025,31,101,Keith,0.04335797606101288,1125
2025,31,137,Phelps,0.0,192
2025,31,181,Webster,0.019356533925026276,679
2025,31,015,Boyd,0.0,40
2025,31,171,Thomas,,0
2025,31,089,Holt,0.22727272727272727,44
2025,31,017,Brown,,0
2025,31,103,Keya Paha,,0
2025,31,077,Greeley,,0
2025,31,095,Jefferson,0.020000784344484098,402
2025,31,151,Saline,0.18181818181818182,132
2025,31,057,Dundy,0.050378370524633447,1643
2025,31,131,Otoe,0.16707777692129808,102
2025,31,087,Hitchcock,0.045699990535656286,3089
2025,31,105,Kimball,0.06921482673284202,4632
2025,31,127,Nemaha,0.025,40
2025,31,041,Custer,0.03099079391122049,130
2025,31,143,Polk,0.07142857142857142,14
2025,31,045,Dawes,0.04669020249586597,687
2025,31,179,Wayne,0.058823529411764705,17
2025,31,071,Garfield,,0
2025,31,013,Box Butte,0.03931813063431382,4201
2025,31,173,Thurston,0.1111111111111111,9
2025,31,011,Boone,0.0,1
2025,31,145,Red Willow,0.02816075221549896,2764
2025,31,149,Rock,,0
2025,31,005,Arthur,0.0,4
2025,31,085,Hayes,0.046582132088719995,1440
2025,31,097,Johnson,0.1,90
2025,31,003,Antelope,0.0,57
2025,31,163,Sherman,0.0,8
2025,31,161,Sheridan,0.009743552061136012,1340
2025,31,133,Pawnee,0.0,51
2025,31,075,Grant,,0
2025,31,021,Burt,0.0,1
2025,31,009,Blaine,,0
2025,31,027,Cedar,0.0,11
2025,31,169,Thayer,0.12139223633742277,298
2025,31,049,Deuel,0.05393936900145046,3094
2025,31,123,Morrill,0.04456041271997235,1002
2025,31,115,Loup,,0
2025,31,063,Frontier,0.011027756366716787,1562
2025,31,125,Nance,0.038461538461538464,26
2025,31,107,Knox,0.021165338645418325,48
2025,31,135,Perkins,0.03925224957033787,3577
2025,31,037,Colfax,0.09899922353550168,94
2025,31,023,Butler,0.08533422571739312,47
2025,31,031,Cherry,0.0,29
2025,31,183,Wheeler,0.0,58
2025,31,061,Franklin,0.008858678030478484,344
2025,31,029,Chase,0.023230830239013667,2208
2025,31,059,Fillmore,0.0,75
2025,31,185,York,0.0,23
2025,31,035,Clay,0.014109445028495546,71
2025,31,033,Cheyenne,0.051900855694730595,7809
2025,31,069,Garden,0.04670880682203703,1472
2025,31,083,Harlan,0.02711596903910408,707
2025,31,091,Hooker,,0
2025,31,147,Richardson,0.0,35
2025,31,065,Furnas,0.029719781250080263,1539
2025,31,175,Valley,0.1,10
2025,31,141,Platte,0.0,24
2025,31,121,Merrick,0.05,20
2025,31,079,Hall,0.0,25
2025,31,081,Hamilton,0.0,43
2025,31,093,Howard,0.05454545454545454,55
2025,31,001,Adams,0.07473622508792496,71
2025,31,099,Kearney,0.03643052306373555,221
2025,31,019,Buffalo,0.014961276695611357,135
2025,31,073,Gosper,0.0709948780570537,360
2025,31,047,Dawson,0.01710204218503739,121
2025,37,037,Chatham,0.0,22
2025,37,115,Madison,,0
2025,37,087,Haywood,,0
2025,37,021,Buncombe,,0
2025,37,089,Henderson,,0
2025,37,175,Transylvania,,0
2025,37,167,Stanly,0.0,6
2025,37,109,Lincoln,0.0,34
2025,37,159,Rowan,0.0,26
2025,37,025,Cabarrus,0.0,10
2025,37,097,Iredell,0.0,14
2025,37,071,Gaston,0.0,2
2025,37,179,Union,0.0,97
2025,37,119,Mecklenburg,0.0,4
2025,37,045,Cleveland,0.0,39
2025,37,005,Alleghany,,0
2025,37,173,Swain,,0
2025,37,011,Avery,,0
2025,37,033,Caswell,0.0,54
2025,37,075,Graham,,0
2025,37,007,Anson,0.011069630144122242,91
2025,37,149,Polk,,0
2025,37,039,Cherokee,,0
2025,37,113,Macon,,0
2025,37,009,Ashe,,0
2025,37,123,Montgomery,0.0,2
2025,37,043,Clay,,0
2025,37,121,Mitchell,,0
2025,37,199,Yancey,,0
2025,37,189,Watauga,,0
2025,37,099,Jackson,,0
2025,37,161,Rutherford,0.0,1
2025,37,193,Wilkes,0.0,3
2025,37,125,Moore,0.0,39
2025,37,153,Richmond,0.1111111111111111,36
2025,37,093,Hoke,0.0,31
2025,37,165,Scotland,0.0,7
2025,37,155,Robeson,0.0,51
2025,37,001,Alamance,0.03822706376174295,80
2025,37,151,Randolph,0.0,23
2025,37,081,Guilford,0.01164011503172502,88
2025,37,157,Rockingham,0.0,70
2025,37,171,Surry,0.0,17
2025,37,057,Davidson,0.05,20
2025,37,169,Stokes,0.0,12
2025,37,067,Forsyth,0.0,3
2025,37,197,Yadkin,0.0,9
2025,37,059,Davie,0.0,7
2025,37,027,Caldwell,0.2857142857142857,7
2025,37,003,Alexander,0.0,3
2025,37,035,Catawba,0.0,23
2025,37,023,Burke,,0
2025,37,111,McDowell,0.0,5
2025,37,029,Camden,0.0,12
2025,37,139,Pasquotank,0.05263157894736842,19
2025,37,143,Perquimans,0.0,18
2025,37,177,Tyrrell,0.0,9
2025,37,055,Dare,,0
2025,37,073,Gates,0.0,7
2025,37,053,Currituck,0.0,7
2025,37,019,Brunswick,0.0,4
2025,37,031,Carteret,,0
2025,37,137,Pamlico,,0
2025,37,049,Craven,,0
2025,37,103,Jones,0.0,18
2025,37,085,Harnett,0.0224808251785242,45
2025,37,063,Durham,0.0,10
2025,37,145,Person,0.0,161
2025,37,135,Orange,0.008253495598135681,124
2025,37,181,Vance,0.0,21
2025,37,077,Granville,0.0,105
2025,37,069,Franklin,0.0,74
2025,37,101,Johnston,0.0,43
2025,37,183,Wake,0.02179859805094888,49
2025,37,105,Lee,0.0,33
2025,37,131,Northampton,0.0,67
2025,37,083,Halifax,0.03508771929824561,57
2025,37,127,Nash,0.0,12
2025,37,065,Edgecombe,0.013333333333333334,75
2025,37,195,Wilson,0.0,55
2025,37,163,Sampson,0.0,80
2025,37,185,Warren,0.0,10
2025,37,187,Washington,0.0,4
2025,37,061,Duplin,0.0,98
2025,37,091,Hertford,0.013157894736842105,26
2025,37,017,Bladen,0.0,40
2025,37,095,Hyde,0.0,2
2025,37,015,Bertie,0.01470206693764594,47
2025,37,079,Greene,0.0,1
2025,37,041,Chowan,0.0,42
2025,37,117,Martin,0.0,54
2025,37,047,Columbus,0.0,24
2025,37,191,Wayne,0.0,17
2025,37,133,Onslow,0.0,4
2025,37,107,Lenoir,,0
2025,37,129,New Hanover,,0
2025,37,141,Pender,0.0,26
2025,37,051,Cumberland,0.0,38
2025,37,147,Pitt,0.0,62
2025,37,013,Beaufort,0.0,10
